id,target
row_007104,0.5029461873646658
row_006043,0.21234257788405733
row_007861,0.037602317997537216
row_047137,0.27283064439288196
row_010138,0.4304395840431874
row_023073,0.13555674485070873
row_035683,0.5781985877681868
row_022781,0.5638233888024625
row_009191,0.05297852066022389
row_032489,0.5587880306272136
row_015546,0.3220634580911716
row_004831,0.07884411786519158
row_049662,0.5643826088046299
row_002801,0.17324328598308092
row_018161,0.6216202511833911
row_027564,0.43037989895991136
row_022650,0.9982182148474871
row_022115,0.8103431646333584
row_045437,0.4964121882350619
row_022832,0.14510105118895686
row_048862,0.15553632959594052
row_014485,0.07206183141791125
row_036301,0.42042404982958237
row_043639,0.5448403545994022
row_010817,0.600476578503447
row_022126,0.5202513134844182
row_010880,0.3893285845332063
row_012312,0.8729749231219301
row_005242,0.7966526929865646
row_027006,0.43385175488340105
row_045606,0.45778988164609125
row_008741,0.7125629079835837
row_020854,0.3308240615693225
row_030178,0.07307532875565564
row_046981,0.2615353799002303
row_025209,0.6469666387595435
row_024462,0.9609463919284749
row_017511,0.4405303333957937
row_041636,0.2042943562768451
row_013812,0.7099542185655471
row_005663,0.5732804681510476
row_005356,0.17638236712228056
row_029800,0.06047997621568223
row_049910,0.5108098464687185
row_018548,0.1433253885357212
row_000642,0.7449244038497422
row_030807,0.19443453293126298
row_024854,0.5099463771676872
row_002522,0.19421201844498592
row_002142,0.6115205829918711
row_012057,0.78722315053488
row_040457,0.20414861649992158
row_049293,0.7828410631976099
row_023111,0.9993483024128466
row_005843,0.3090667045595477
row_049938,0.6790857897489484
row_014835,0.7946302711209883
row_016185,0.5635914209195364
row_007562,0.829883420739621
row_036421,0.2166406757469302
row_026147,0.35490754247217254
row_045442,0.6424835241553911
row_004975,0.26068188512428037
row_029879,0.40963882770272264
row_006837,0.13689185551179728
row_000327,0.045957701418239426
row_016161,0.1373311745179718
row_013068,0.5570604273156978
row_044235,0.27483614223532477
row_044023,0.07717457937181485
row_044257,0.7136596759887359
row_042302,0.7493498351185292
row_008684,0.41158812642199405
row_030783,0.364007523838248
row_009255,0.061427900970737304
row_044451,0.279370404825496
row_039440,0.3562596359281848
row_024100,0.06096887001514814
row_033299,0.42117368048885023
row_038958,0.174602367587061
row_029612,0.7222222067178176
row_045755,0.8782553146426123
row_010657,0.4160596509108043
row_003539,0.820933636188051
row_009953,0.7060455580843786
row_000094,0.4540767175519518
row_000672,0.85113738043769
row_048074,0.9189430650980797
row_006680,0.8329015933924684
row_024446,0.2013189609642308
row_031985,0.434386549013235
row_012887,0.18934500423213427
row_012454,0.10106375489159464
row_021921,0.3803743834100333
row_009619,0.5633293047943808
row_023309,0.1921079148511103
row_031495,0.3733633137014857
row_003688,0.6875056443520435
row_009085,0.1222217725170718
row_020302,0.6279168688947215
row_000946,0.6824513359021793
row_045447,0.7174439139738419
row_038036,0.6102971454306779
row_014204,0.9981188710777072
row_049040,0.5954223885639969
row_019373,0.2599979085909996
row_018205,0.32126796556228765
row_003364,0.44626750333768006
row_037797,0.32548473187690224
row_037037,0.8075367061513757
row_027438,0.35419523739312064
row_031650,0.9989599106268824
row_028962,0.09242183797294005
row_035130,0.4200168550869308
row_007831,0.38988747752131253
row_027355,0.5253966355604031
row_022063,0.46489433920125595
row_031708,0.6292317716039098
row_042602,0.5985540686854015
row_038963,0.8476733523304522
row_021513,0.21909792939320896
row_002471,0.81652417436476
row_025835,0.5855759196454421
row_031662,0.34576880989574166
row_048592,0.34938639555566514
row_013935,0.5210154059545217
row_002281,0.6132420914402705
row_000862,0.16453557758595555
row_033695,0.1949796712688005
row_030694,0.2095711216574489
row_010034,0.4631414853695017
row_002009,0.05413028231253468
row_004645,0.3420071754400082
row_034313,0.6008792444782737
row_017791,0.1930508596138871
row_040624,0.644297586377504
row_013860,0.48208113128320246
row_036127,0.2203412767565764
row_038664,0.5637551643071173
row_018594,0.7180046375805532
row_008921,0.23976300269059983
row_015833,0.6180206104194079
row_020932,0.5207275483266768
row_034995,0.4902470787965877
row_005860,0.6778144224660292
row_010064,0.7023554474224256
row_046230,0.6748092465031708
row_021398,0.208852817391302
row_028710,0.530344321433053
row_011454,0.20136101698811992
row_036435,0.38055919461880444
row_028518,0.44754199924088833
row_030796,0.026988434651708828
row_032541,0.5590411870755767
row_039766,0.5658810428290596
row_020421,0.40257380536889215
row_039862,0.6274721099662419
row_035359,0.0001792930541975865
row_007202,0.560792857293057
row_034121,0.22569387454344816
row_002483,0.30015156099231016
row_031221,0.17678322278049005
row_023730,0.2262900432962669
row_018283,0.019534238563610147
row_047132,0.639168862260645
row_021594,0.4406570457734919
row_018809,0.5564906282360997
row_026910,0.4840076118662595
row_026041,0.8099242444543123
row_032340,0.5579442850131308
row_020980,0.5368041958510555
row_048279,0.9439214738031974
row_002913,0.2775397204760565
row_025818,0.9592287218946962
row_000333,0.3462064813335202
row_042882,0.5480876700398966
row_007509,0.5019901113426857
row_019691,0.6998251232467976
row_043901,0.5430564577274456
row_033900,0.43219004292363994
row_026186,0.10417077287907045
row_014454,0.23210458549345206
row_036765,0.44376071890484553
row_005322,0.31133404149649735
row_034332,0.9601329917770177
row_013289,0.28058003133129317
row_011493,0.09106523076681736
row_036925,0.05297225872085891
row_022186,0.39005228474016584
row_022961,0.7250280214108165
row_030951,0.4518582011125367
row_029339,0.4492785997040988
row_027191,0.7115268657652065
row_006484,0.8377295492075912
row_039211,0.19912650019286893
row_040580,0.1434876747441555
row_038856,0.41060843488903054
row_015352,0.07028812234781409
row_008338,0.6631965230891783
row_005673,0.34973450283436885
row_022474,0.5476900619780741
row_032677,0.6908407445626893
row_037470,0.03452403954551653
row_018228,0.3653724070919744
row_017346,0.49652189281459413
row_014844,0.2933390260935183
row_047809,0.2020199839007745
row_006851,0.8179843563110822
row_034791,0.5535538761221175
row_047794,0.3734572090448422
row_001489,0.5123735019456853
row_022739,0.5144242202759579
row_016475,0.5329178888616499
row_002137,0.2631997148897122
row_035031,0.3400313393523647
row_042932,0.03920759604690346
row_033060,0.09322069722895453
row_041599,0.9674462949278526
row_000077,0.520582905628847
row_048042,0.30463140435997793
row_005393,0.682154636435282
row_007965,0.44606052678624214
row_009803,0.18982805065244202
row_045740,0.08583374208196808
row_037117,0.6468107276976452
row_019829,0.5788227845167386
row_045303,0.5547043571873588
row_023525,0.7369675440172135
row_041621,0.009095914618783863
row_011494,0.29368922201092806
row_000858,0.7388755342817072
row_025819,0.4065258399353028
row_034889,0.5965972235393858
row_005263,0.2597405175937607
row_009489,0.405013219066667
row_013714,0.4918070601649037
row_001709,0.615393271429744
row_009382,0.1309846065329872
row_037165,0.725138488116947
row_021184,0.6959156277377608
row_036560,0.2619633672033977
row_034905,0.63721533086147
row_030859,0.49111523793127404
row_041797,0.0745839965562421
row_021506,0.4659193381582293
row_008113,0.3644449210690477
row_028511,0.4804771749420054
row_020515,0.3266445147795568
row_038246,0.43035359348571134
row_005027,0.07431319653533942
row_034760,0.26392975756874176
row_029069,0.28062693356699153
row_001910,0.5085139060435326
row_026625,0.031801348195744976
row_036095,0.027227469221035826
row_021845,0.2323971279437495
row_046668,0.23385055700585122
row_029761,0.21493495230959966
row_038584,0.5706803469581866
row_006579,0.46088636270745326
row_031629,0.7081347953518055
row_046809,0.29625422702466214
row_027851,0.1260652754358843
row_027069,0.2787020331052621
row_014929,0.15127579778781525
row_002531,0.3119764568574728
row_037886,0.6535032671314884
row_006061,0.8403607858260792
row_023649,0.36613435087556057
row_006760,0.6647578003806274
row_025931,0.1693275803454771
row_047446,0.4440244102031515
row_028176,0.19872134531422972
row_010155,0.5941010025220266
row_048699,0.5771841751003849
row_019808,0.9989393743433788
row_035427,0.46984762407300146
row_042393,0.48748991256787555
row_042780,0.98154148038419
row_012204,0.795818261177584
row_000988,5.6421658290640654e-05
row_014632,0.5162505740909009
row_031595,0.711228495236634
row_047286,0.3910240020921178
row_010945,0.02101139834875941
row_043547,0.7827357713873733
row_025575,0.11636954596743879
row_037025,0.8804286488562039
row_040523,0.21560368201992877
row_005466,0.16313048817770076
row_041746,0.49127999581880094
row_007675,0.4582984442580132
row_037622,0.028815564951878706
row_015117,0.7446335011178699
row_017507,0.025992365873954742
row_033412,0.5000973358712871
row_033997,0.44869198733450316
row_048144,0.11641593420237455
row_007359,0.2920720979194021
row_013232,0.3237904808028045
row_004587,0.4828456666586272
row_032920,0.5051156103637311
row_015444,0.6033335697386585
row_013624,0.16605277684184017
row_016353,0.08473018046981477
row_013627,0.28129320263749663
row_024071,0.220835714645609
row_025959,0.4076348460637468
row_003423,0.418168173951657
row_016473,0.9152883347517613
row_046377,0.6710738650106344
row_037692,0.5244517065760087
row_035108,0.37768968558574917
row_010998,0.7611756592375559
row_008695,0.6773117748996096
row_009473,0.7226818374586808
row_021650,0.2755718189282426
row_032908,0.5012509018082232
row_025402,0.6658430101828907
row_031534,0.30796272874240604
row_002781,0.35044632250461266
row_035233,0.25248386050092647
row_038710,0.3765058964358535
row_002313,0.19748234824973548
row_013960,0.7531680366163257
row_043341,0.8437372930943907
row_012280,0.17919030110042983
row_037592,0.3289032265447624
row_002534,0.05130026906980681
row_049860,0.2575108020182629
row_013037,0.7506693569508156
row_034537,0.12361631270538982
row_027665,0.41228616480251695
row_040718,0.026871342038593888
row_024664,0.18454740132510158
row_010574,0.1758882048352772
row_023215,0.3722632622820193
row_047807,0.3971248423384392
row_003716,0.0650523177706708
row_000474,0.690951317544725
row_032960,0.20795749983775894
row_037746,0.24093106543857376
row_000669,0.6326823782115331
row_039326,0.9864535389676378
row_047452,0.2317354718708227
row_007187,0.9043804006192943
row_007612,0.6879653147908964
row_044616,0.6983617754026041
row_009701,0.5968120757394337
row_014987,0.6620061253913825
row_022038,0.06371883097302569
row_037908,0.5629092622636696
row_020556,0.5521485397665097
row_028480,0.030966635414186598
row_042641,0.42468583808179367
row_043627,0.48753480587848613
row_016110,0.2723156259830533
row_027856,0.13117764257380946
row_028129,0.1561338031514577
row_031665,0.4281245012703682
row_013275,0.40200018946755456
row_015588,0.5371655804652803
row_046675,0.4420723741863817
row_027967,0.8094498590222491
row_032566,0.4971728530294322
row_015436,0.43017530161421946
row_017852,0.7647366938845005
row_022039,0.8867216217699613
row_035800,0.45647206293116444
row_005492,0.621927732900808
row_048068,0.7944165047094728
row_008984,0.5492621758341265
row_032357,0.7929172573757125
row_043984,0.2713923208842581
row_042859,0.5051483206429216
row_017821,0.7103802431020831
row_005020,0.1606945600307574
row_016139,0.7223582336940112
row_031095,0.3617675580007833
row_043822,0.6931749937540085
row_010863,0.6039069941777616
row_048551,0.16831687853720642
row_041957,0.6368250855744049
row_044517,0.5376577445268558
row_031172,0.28926216889355716
row_048947,0.5734629760365111
row_044487,0.2830227501612458
row_001153,0.08686429494548564
row_024832,0.46823058562319125
row_013249,0.6313277026999643
row_002799,0.5039927971019665
row_049522,0.48745594452749147
row_037750,0.3246809572350482
row_010778,0.6956638804297701
row_004000,0.4136156325457355
row_024026,0.36903306458652085
row_003469,0.7085261261227082
row_035930,0.7933164711562102
row_048079,0.024500576043551003
row_015535,0.6889596225315557
row_000295,0.3800879153188309
row_001257,0.20345677113098162
row_022893,0.7543658927634633
row_015771,0.1697742442698782
row_017583,0.22064289713219382
row_019471,0.7268059562183113
row_018249,0.4523192137804683
row_019836,0.24454562300657195
row_027671,0.20962314698455695
row_000475,0.17804712919045707
row_033135,0.7648483552112089
row_003580,0.6027372629242996
row_032567,0.3986724998554794
row_029939,0.3065447086852751
row_020811,0.3993395049231625
row_035494,0.3165609982869075
row_015568,0.8248562541809458
row_033898,0.9532528450498986
row_017395,0.3196048475545134
row_016215,0.44019756930646786
row_048969,0.34555539896644455
row_011892,0.5689737672724023
row_048036,0.4513447349125184
row_017525,0.5408575799589652
row_021798,0.5370203826040408
row_002944,0.22987318046559074
row_015651,0.6185417880761879
row_013395,0.6818017366870199
row_017697,0.46635514174988923
row_029186,0.26050453163273385
row_018595,0.9992809986636418
row_026902,0.5311453977592608
row_004838,0.779698968735384
row_003543,0.36354882571885405
row_045477,0.3085705469497281
row_021725,0.13684056029925973
row_048133,0.7200225614916472
row_005101,0.1838560445208418
row_009584,0.3332603309923615
row_019063,0.5624829856173196
row_022488,0.15305534858810646
row_038295,0.1049116456504726
row_024545,0.3368639658953338
row_027753,0.30603787150113965
row_001887,0.46052802182429864
row_008651,0.4645624139872041
row_045111,0.4088275632746747
row_046879,0.7803991151216174
row_033225,0.2637378304295669
row_045911,0.02899954548369174
row_013789,0.15860144599744058
row_010220,0.20783356751274806
row_025845,0.7041604674160328
row_030509,0.6355772943082054
row_020941,0.3598943967551628
row_049328,0.40763849159128096
row_034984,0.8082972280933964
row_029867,0.8564087712863077
row_016846,0.44382879738366576
row_005649,0.4965125457607043
row_000721,0.6320059631751767
row_021562,0.5132925010906296
row_044212,0.31042763360228226
row_026953,0.436359353449484
row_043284,0.21608758648784848
row_043697,0.5072604203862061
row_046797,0.3236076500674321
row_032413,0.18689886568280106
row_047848,0.4751745958327218
row_011079,0.21481736817546623
row_028663,0.4797783089109522
row_047053,0.28911167576763286
row_020582,0.10217191093536546
row_029342,0.5481143491555291
row_049048,0.814508311941491
row_022957,0.3856213199333718
row_008070,0.5849486331045857
row_001127,0.6271118598343303
row_005135,0.7873828952949461
row_001841,0.463845626862115
row_011515,0.4040741319314794
row_004327,0.17084309338601755
row_031316,0.3057732229323578
row_005129,0.7239485749133403
row_031721,0.11180310914513832
row_022143,0.851979301319818
row_007333,0.9949018684683965
row_032291,0.9419322988887808
row_019687,0.28250480066857475
row_038551,0.18205724041540536
row_015438,0.22304069761400652
row_009783,0.5689106046391004
row_031822,0.4622785948745828
row_006423,0.08499743794204377
row_009524,0.4581539631807051
row_038773,0.1764848746996473
row_019549,0.02008333604537473
row_044333,0.1857100765832684
row_034859,0.04805678756068458
row_035763,0.5048996763731345
row_029814,0.24082020917302277
row_037505,0.007286819185009018
row_049207,0.3110735979254449
row_002553,0.39113471130771843
row_034410,0.09955142863524027
row_016684,0.36821751544324055
row_029544,0.7176861485705771
row_033291,0.4922445160926378
row_015040,0.19312389600337568
row_012111,0.8809306882104306
row_017268,0.03741901060930458
row_021987,0.3070265995826728
row_014563,0.31641255946004443
row_029286,0.45438999546014036
row_012944,0.4585898328157582
row_046907,0.691559511079105
row_000269,0.3159081363326371
row_018685,0.20032419157735826
row_021735,0.7468204840286643
row_015054,0.38628727861133805
row_024323,0.4251616198913248
row_017465,0.6966515901453035
row_014900,0.09905761450182979
row_032068,0.052414556915075496
row_021234,0.6781524380599884
row_004732,0.9318707046474904
row_006547,0.45221456764211676
row_027257,0.3314139570367157
row_046836,0.6238074935065682
row_027944,0.5776327712547792
row_048711,0.30787241318856645
row_034283,0.5200825230107295
row_030899,0.5655270337479027
row_009675,0.3228487730969032
row_034924,0.7917511872145039
row_009369,0.16824935018776482
row_041126,0.9618872335429481
row_006028,0.3417029838469536
row_016317,0.6504934469063746
row_044944,0.02263937177383295
row_028148,0.4468885151205402
row_007860,0.3126374388193172
row_001863,0.46035627357414177
row_025123,0.8905448879860131
row_023242,0.5121562139757212
row_018305,0.6333746915613763
row_024609,0.6831597538513182
row_048543,0.11815780459670856
row_007182,0.4550036084951499
row_004550,0.3453578374408406
row_035782,0.5782106179006536
row_041396,0.3863792467441869
row_015705,0.6548997007253502
row_001604,0.8091917318944779
row_037520,0.12304935412908134
row_025276,0.1122676936598556
row_040697,0.12865966941178464
row_048035,0.6915395391834063
row_026574,0.349493407310609
row_016822,0.9009220893873595
row_013454,0.14723427760454122
row_018768,0.14385099457519357
row_049215,0.3236371689484643
row_038124,0.4350286877273454
row_021044,0.18844473231884012
row_001378,0.623883107286192
row_010016,0.04074750132339069
row_019101,0.7279985456973451
row_047253,0.09883546608606282
row_029463,0.34245615652159905
row_035521,0.5333728002549336
row_042078,0.15785159472350582
row_011400,0.35138442824338906
row_004262,0.008472319792717911
row_030971,0.7204889179023526
row_001633,0.4901175926903231
row_030758,0.11421922659866482
row_045233,0.041332926606094327
row_040313,0.5748299857398323
row_007463,0.03297126032187267
row_043056,0.616079049179992
row_035259,0.6508350667445042
row_026591,0.6152186348873375
row_034382,0.43216433113620706
row_044928,0.7163488647681705
row_007795,0.6301946942984272
row_026526,0.736854636214875
row_037842,0.3237907095496597
row_023839,0.21159424103428523
row_007588,0.03632761599391711
row_003613,0.21964642774433854
row_032694,0.030010417310479386
row_024397,0.41513087307833524
row_021606,0.44088405164947697
row_019234,0.5632373487420606
row_035868,0.4910517471788014
row_005640,0.7446924540562655
row_035016,0.49230069561101064
row_024378,0.2244974733523622
row_027817,0.190997305995739
row_022385,0.2844967708137344
row_038494,0.4993504216896119
row_020733,0.4634775252368225
row_015114,0.4451272922946588
row_036459,0.2741942120499543
row_001344,0.4641897012730644
row_009994,0.3227478047601898
row_023150,0.6989888297641768
row_026597,0.5890611644387039
row_011071,0.0172795898517735
row_019411,0.2700930672506561
row_033463,0.1999245468917192
row_015600,0.12471982325454
row_035343,0.1579759114561041
row_023522,0.3126889310961681
row_004051,0.5125980374493578
row_012590,0.07524589872682826
row_025161,0.22463460736205443
row_010360,0.8331526645829405
row_048046,0.489221186999854
row_012459,0.3798460576109485
row_018543,0.6579501524973757
row_030068,0.6073441785661483
row_027171,0.29626579020655874
row_028054,0.10146297596128244
row_036177,0.16284215612997127
row_047176,0.8947631905760055
row_042875,0.5144744469388866
row_027084,0.6631138325055784
row_029472,0.6944537025498945
row_007748,0.07795379247846318
row_041626,0.47200611171488965
row_016980,0.7066497801969899
row_021636,0.39195514943382814
row_040529,0.6511034873480579
row_020528,0.9498443723734242
row_023122,0.34195562330421103
row_014543,0.9978315408578033
row_032658,0.5428034491338593
row_032100,0.49224072182848155
row_026265,0.7491880446036252
row_008797,0.5074211744790234
row_016972,0.0818351774579647
row_017364,0.5590718771269584
row_043535,0.25570060699128583
row_022806,0.6533578121367256
row_019674,0.40829814573655765
row_019269,0.4500383264905231
row_047639,0.8308947606297397
row_009407,0.4497268051874544
row_030257,0.5856531494924525
row_028408,0.11835670064704695
row_031160,0.9485376346488951
row_003607,0.2777701268769594
row_017977,0.11948177596500538
row_004534,0.14331530790640032
row_023444,0.20030636240105804
row_012778,0.07395626370556492
row_048446,0.28717603035758393
row_032700,0.21250894524057634
row_014176,0.421096077783002
row_031753,0.5657848280972724
row_026692,0.3827827104970289
row_045750,0.5845151424908333
row_016075,0.6888616808212886
row_045155,0.668501705119875
row_016572,0.4507752962856626
row_029736,0.48886103968566397
row_000137,0.24419805692752342
row_018532,0.05304723545220096
row_000956,0.7820354662956881
row_004874,0.4328128821313917
row_018059,0.3096431134680242
row_012440,0.9373908588568257
row_028826,0.20061014996075602
row_037488,0.3335000494908958
row_035423,0.5706010917400475
row_013291,0.11597091781693049
row_037801,0.06560006105575648
row_046853,0.4039752499153042
row_032201,0.04128132509510583
row_043734,0.18934790032623525
row_030070,0.42921518485946014
row_014953,0.594445181155665
row_006520,0.8190198062303119
row_021894,0.47278098293254256
row_004720,0.27500824582522965
row_022465,0.18257661947995812
row_018209,0.8042107052223
row_017183,0.40970235667531035
row_027988,0.5820933411197109
row_022295,0.12608453210965884
row_037925,0.5595532259290789
row_010227,0.6252314777639199
row_048641,0.3808252056937762
row_042554,0.3951348937327875
row_025349,0.734111502714449
row_046768,0.5105086308251637
row_039670,0.01244461365733867
row_007384,0.059949662313678674
row_007424,0.3020518600654648
row_021717,0.03763506711458763
row_047331,0.11701300167609022
row_032212,0.6682408972598424
row_036456,0.18188292349535587
row_011845,0.6081885754417266
row_027192,0.5594881346397894
row_046993,0.06504589366990751
row_042829,0.4336777458600051
row_025204,0.19534619321066635
row_047985,0.06721983470869346
row_026206,0.2195038999864467
row_033218,0.17516580213363783
row_002942,0.4799404324830386
row_033622,0.6869651622676345
row_020662,0.3429240567973107
row_014786,0.3875943484243324
row_016133,0.5040111015654488
row_005369,0.7343853537471896
row_003980,0.6234292610614297
row_037766,0.6321654703033739
row_024124,0.4372027422234957
row_042102,0.2873292990533169
row_029016,0.2207221687788423
row_013410,0.23844209290928522
row_008936,0.7581311260380217
row_016649,0.17569434476387621
row_012478,0.4088149927218285
row_013189,0.19853724405660678
row_036661,0.06248632366432205
row_015129,0.27207157934874887
row_010082,0.4120683184950202
row_047041,0.4652793509123864
row_001248,0.25518202601059575
row_049173,0.5652419459887243
row_036810,0.8310043521961205
row_036920,0.21688208562678205
row_017902,0.2958415848282623
row_014511,0.40011406353640044
row_038631,0.5344185567260197
row_045107,0.17355005854271283
row_003566,0.9568232543407096
row_013314,0.7740397985136184
row_018355,0.8474401113788675
row_010426,0.728591958933746
row_011738,0.23390610956357535
row_013268,0.47245702150817726
row_004694,0.6863314214846383
row_041278,0.4106358106499326
row_037731,0.3676216244653245
row_030362,0.562680273507907
row_040426,0.6146834915669945
row_048034,0.5667920104410147
row_032376,0.03741396041680362
row_021042,0.29072081199845073
row_002445,0.6294199354326763
row_009370,0.416499361788219
row_046314,0.3391512166677942
row_049133,0.7118444179627383
row_038152,0.5035153329455695
row_025593,0.9702815088430283
row_046409,0.36905716774181807
row_039466,0.5352118388329679
row_037679,0.1008789516646516
row_032706,0.07733196605858718
row_049428,0.08848113598757981
row_028859,0.676288975245757
row_000579,0.26214449006203516
row_030402,0.01494604596798422
row_012802,0.5402372704032513
row_009201,0.15124551790892887
row_037773,0.22791702354947807
row_005015,0.6116279398766185
row_016074,0.6473020389131249
row_011807,0.6048133007561702
row_035425,0.9413117774991602
row_016328,0.2551874628326425
row_039215,0.859138079255415
row_004710,0.8893026867535339
row_033386,0.5028477999541685
row_012306,0.22579794140097076
row_016255,0.30638752127001084
row_007650,0.32604602147352296
row_015313,0.02508573083957454
row_021473,0.6235305881443606
row_018680,0.7569273176217044
row_028533,0.9259474892399567
row_019961,0.5003194467576806
row_029868,0.45728061460981895
row_046089,0.3664400718001791
row_013248,0.2477492411503803
row_023001,0.4478783799078899
row_004495,0.33992628158881794
row_024623,0.306231252948973
row_001515,0.49236131021262375
row_043129,0.49610396045310123
row_024414,0.3282733294532815
row_038522,0.2157749658048418
row_010620,0.4292612372420884
row_000890,0.05692758039624559
row_029263,0.5721295560810692
row_046635,0.22737963285049217
row_034581,0.5437171550042166
row_021901,0.581320178694479
row_016595,0.5990802098674797
row_012553,0.23172317884698132
row_009729,0.5874243668177067
row_006118,0.6171431583467888
row_028316,0.5225865351798294
row_003303,0.5594632731028406
row_039152,0.47375616635115225
row_030021,0.06818971956305193
row_049130,0.18849706829621757
row_001373,0.8914339985636225
row_019268,0.9004775999843024
row_025639,0.4507673895628634
row_002234,0.7077638180292863
row_022868,0.5531671607828266
row_048684,0.3162608241548018
row_005004,0.346052212019102
row_046440,0.44583774715805957
row_033843,0.4712342347877128
row_029149,0.9980415672746369
row_006544,0.24451280892750746
row_010704,0.20658735317723004
row_046410,0.05310871331883976
row_025837,0.4684567440734443
row_029027,0.7228563071989702
row_029664,0.8645276900492948
row_027262,0.7663498781127306
row_008768,0.8929133569329606
row_032372,0.6406501852904871
row_017990,0.894334664684466
row_010234,0.25615309495587335
row_026830,0.9946373590003029
row_046512,0.42556731505623885
row_049143,0.841256205131767
row_023153,0.3320579694698859
row_029262,0.7655090641935544
row_037189,0.7366720206159225
row_042966,0.19539185166403186
row_046453,0.6237734072948353
row_006397,0.10454353896635592
row_021103,0.7503882582701439
row_023784,0.39267851946981874
row_015251,0.13764678737431552
row_027188,0.3840938081080651
row_032657,0.0759534759588565
row_036639,0.7886490263090639
row_007093,0.8123799874413354
row_013620,0.25840205752222734
row_040234,0.6967351588143313
row_040292,0.08916476519986428
row_016476,0.5278701335154473
row_009744,0.7419801070420651
row_042286,0.5165227396891642
row_025995,0.5366937731104916
row_038220,0.3297114947781132
row_019860,0.7882519334419981
row_044295,0.5599367682182773
row_046024,0.6498841182348415
row_048344,0.7561205648056606
row_022697,0.5777649354223385
row_036520,0.4639406443848283
row_047914,0.06631369840930691
row_043148,0.08144112847554441
row_016124,0.1951735420575764
row_039699,0.5572719886843744
row_025210,0.06165604862758687
row_004373,0.40901840484698176
row_008030,0.09946969780931472
row_026307,0.4997214187631195
row_021733,0.07126943026329884
row_040172,0.27012716032870593
row_008778,0.9383652726878136
row_002806,0.36627022306826856
row_049764,0.5536941537505559
row_031396,0.36312720770667717
row_017849,0.6052650009799707
row_007163,0.013765745834410934
row_031782,0.4475294444175875
row_039471,0.14833174301627333
row_026766,0.5889370302934962
row_014133,0.20850369682613673
row_000654,0.7860388316870435
row_037718,0.49921732105093986
row_011598,0.23816054006796122
row_031444,0.4116444147614768
row_015142,0.35262493987388027
row_022930,0.6792810594358131
row_009387,0.3204069400391996
row_039745,0.20271496932816402
row_017495,0.3419807645224834
row_036298,0.32154206829012005
row_035777,0.11342056254039094
row_042344,0.7550416482104361
row_029390,0.3973675083309561
row_034554,0.5202248135340566
row_031996,0.8495140512783137
row_016457,0.3552052161195797
row_003215,0.5984607487129545
row_014971,0.353038791960171
row_021242,0.6636297358755392
row_004286,0.49670032034190803
row_044971,0.07932788794010752
row_043892,0.21848618987685303
row_027028,0.5383725040089574
row_038389,0.47702004220270755
row_000690,0.5632133276729283
row_027981,0.9919077298711725
row_013507,0.4780270781971857
row_033377,0.27624751385771085
row_029978,0.058294232235747444
row_000013,0.31055089278319986
row_032515,0.4209922034000968
row_026870,0.3341410933936923
row_027828,0.21553214511702695
row_046625,0.5746410951677438
row_016245,0.8956461005594808
row_020676,0.2627924192707877
row_020105,0.2598516684274139
row_006992,0.6560998834498408
row_010383,0.61690756025264
row_038731,0.2482138453717611
row_013628,0.28106043100137434
row_021100,0.36855803126480147
row_042487,0.5445372242228769
row_041700,0.6294205468357142
row_013965,0.13363066771611415
row_045519,0.57303301158186
row_035502,0.28103879721658537
row_048770,0.44041269653395043
row_013486,0.4771419080660814
row_042404,0.14031084013002043
row_015498,0.7900797700832388
row_018628,0.10911378161401138
row_017359,0.7381792120781567
row_011202,0.7887051222550825
row_019480,0.9972573389322003
row_048101,0.020098218263086977
row_027533,0.5455610268728777
row_045427,0.9132416371405436
row_023311,0.26068929634434007
row_031374,0.2232163167498422
row_010259,0.7486839688137422
row_024465,0.1248509164104427
row_001325,0.18273028667485153
row_008004,0.03120128809968403
row_025564,0.7933521502648198
row_044035,0.6176505477115756
row_044482,0.4362854113237684
row_010961,0.5201535567509614
row_005151,0.24248443014182586
row_002572,0.04251488777776325
row_010453,0.4492813678859637
row_015042,0.5962866404990926
row_021140,0.23986156013257434
row_017696,0.8429514659170263
row_024922,0.8535057266420913
row_034133,0.650587479809458
row_042946,0.17251512349601597
row_017930,0.7038975703423859
row_008745,0.9321747801905734
row_030832,0.6365112661152443
row_025318,0.23642416914089218
row_001613,0.293177872156035
row_041771,0.5839554000493041
row_037748,0.17213844867603975
row_025477,0.22939375534064402
row_029496,0.09694910271613584
row_010743,0.07068574296850173
row_005421,0.5095692978751566
row_018846,0.3571906860267034
row_030206,0.6166811768602674
row_036178,0.34867323027990627
row_043462,0.11455709278542238
row_025618,0.5538136982103016
row_023313,0.7436452740529168
row_018584,0.2762453902445475
row_032077,0.29751894694679876
row_012407,0.5871113300554279
row_038593,0.6319003677755405
row_046554,0.39171706379859644
row_010686,0.340482907991646
row_037057,0.10097015457917526
row_033642,0.4400998009270419
row_046109,0.3798307644392656
row_022413,0.30605121527225176
row_048726,0.3144899537186488
row_044968,0.698215686008614
row_033637,0.7337045052839183
row_045940,0.33133994646376536
row_035940,0.3255256462070765
row_033101,0.23928747315580498
row_026083,0.5777902382692409
row_019080,0.5292442774775535
row_018819,0.36578865470044786
row_036615,0.38706520477985806
row_007208,0.43666831718849813
row_048855,0.5467658063486779
row_029678,0.03294895873419413
row_048492,0.6551723952063382
row_019700,0.5990397886004806
row_000503,0.37909917150011474
row_042925,0.5291629468615897
row_047815,0.366912474918118
row_035803,0.5858794313895592
row_047744,0.2663349767572418
row_045844,0.21944412950922243
row_005091,0.7323082148352873
row_037604,0.8761031303504535
row_049450,0.8861769564766024
row_045531,0.902857324952114
row_048680,0.10981108970107417
row_014965,0.6375943379109956
row_035986,0.4465222184572962
row_020525,0.15417905044382493
row_027079,0.9705651745044367
row_037178,0.8438418773817041
row_005937,0.4529227199952921
row_036266,0.34286489685163385
row_012076,0.20388156687516293
row_035597,0.1492393129973794
row_008305,0.021631542896599767
row_018082,0.27449788664993363
row_006523,0.1303670784454522
row_030095,0.5011259660056637
row_019564,0.46263225739487995
row_037480,0.8621271243590121
row_027826,0.4070952366423016
row_041465,0.5378891677122754
row_038017,0.7156175826266488
row_016785,0.13482476724329343
row_035892,0.3983025773266807
row_030970,0.6574420438088604
row_018423,0.4806542002616925
row_046658,0.5433661362139143
row_033564,0.957132280225467
row_045088,0.9131942650243596
row_001112,0.6583421787643873
row_033899,0.2723851663249327
row_014854,0.3015073139211992
row_033089,0.3189158444444361
row_026502,0.5815385313719107
row_045612,0.6671935490533446
row_010400,0.3606400880145641
row_030871,0.7574505811735418
row_025206,0.4368573896712997
row_020678,0.42454005345700435
row_025471,0.6771123973319108
row_037059,0.3351854266209326
row_002200,0.5689797869711796
row_019505,0.30562730743368827
row_013616,0.4306280491293749
row_000371,0.5963523553843196
row_046220,0.38581910900344557
row_015293,0.04950759314500517
row_028473,0.31100771544605904
row_023653,0.18155987413591085
row_024010,0.07425612907294574
row_020788,0.28610670069545413
row_014780,0.5148248238248775
row_031027,0.5914615223666393
row_032949,0.5044854364605813
row_038804,0.22651940777884452
row_002744,0.22033015370772277
row_000388,0.7323178661245203
row_036154,0.8351566116129547
row_012455,0.2506287005246361
row_003459,0.7546246504039142
row_035207,0.06837163807585409
row_019088,0.5862368827465483
row_001888,0.8811369422241211
row_025342,0.24807860005686602
row_006237,0.011739884550123768
row_005081,0.8361675220422642
row_027874,0.25335527678201963
row_040096,0.247894974415472
row_039897,0.24833072283822363
row_039015,0.8465430511262156
row_014197,0.33656143142847916
row_030002,0.3994861632836767
row_027886,0.4072007130761386
row_035276,0.5234148053484251
row_016019,0.5082802428912222
row_011563,0.19278115562115292
row_021006,0.5945964128062395
row_026001,0.36680047268431654
row_024400,0.46847610759086483
row_008758,0.3148733229775464
row_020974,0.0021412343245122123
row_009048,0.2231453519717322
row_025891,0.64601334114366
row_045589,0.5985924902196748
row_012480,0.07405273977378515
row_035843,0.2010709177667502
row_015937,0.06027595158950341
row_026308,0.23453780600842541
row_043110,0.434012724957189
row_048786,0.3043599140034635
row_009649,0.375700716451326
row_027497,0.19609157242163128
row_009777,0.1640535153429586
row_000193,0.27282529133863376
row_041648,0.6452229293349869
row_027818,0.20497125536565228
row_007573,0.23977460523437066
row_025783,0.5045730024789972
row_009912,0.3106261430673117
row_040921,0.35027777237483326
row_018151,0.6677098406319223
row_040090,0.3258100429283262
row_024995,0.4943201051997225
row_000822,0.3762115230971862
row_001388,0.1405318250829593
row_023180,0.3057833970911868
row_003243,0.7946038457034892
row_031226,0.4175651828483867
row_047418,0.28434824302169953
row_016909,0.04254647935037922
row_049350,0.6008712759290247
row_030912,0.5800215636120226
row_001858,0.5851114457481761
row_031975,0.32469910029288107
row_025261,0.07984850314409857
row_008029,0.38704138723835413
row_017989,0.29098740106439347
row_026578,0.7269586772157384
row_014044,0.12463771201237185
row_028608,0.26446116201688336
row_035660,0.6476428034266063
row_033406,0.16770060663785763
row_044909,0.3006590458708866
row_043061,0.7482072075122171
row_015052,0.21144427910513136
row_035690,0.33177351744210987
row_011381,0.4046296550818505
row_011971,0.5258869443523235
row_004078,0.5343646738090915
row_042045,0.14067584249775952
row_021978,0.20449733752813426
row_039612,0.8383893773483748
row_015123,0.156778087914675
row_039260,0.2788437291580579
row_007313,0.27511161560810377
row_033153,0.655889271478492
row_027875,0.5392089181299178
row_030522,0.39072026909496327
row_028767,0.1100995586954734
row_014561,0.013401806233312618
row_044480,0.7335444521158323
row_040848,0.6679058804099587
row_013040,0.6081655419018884
row_001044,0.9709059648463715
row_003018,0.45475843932764404
row_000201,0.45043438734053487
row_026010,0.340357872997077
row_015564,0.009183586288391114
row_014935,0.07251980492159717
row_042237,0.10615851710456746
row_014816,0.5937429840784656
row_034457,0.11965169644842664
row_008511,0.052841532589445135
row_006928,0.42891210018688347
row_011110,0.45629412218870324
row_037853,0.4490162003757039
row_013559,0.5520239125375421
row_027333,0.040579841544669204
row_011123,0.3665011032087297
row_040979,0.7691811719136022
row_039373,0.04133125595642844
row_049680,0.5531608183802996
row_046059,0.592744529966186
row_006607,0.11844345259656532
row_012112,0.24141316321279777
row_008488,0.7950336929211158
row_032134,0.6976292793115277
row_017787,0.7531553943940588
row_041156,0.6486934540705274
row_023674,0.45492717974212465
row_033008,0.24972796796676994
row_032573,0.9232778153778978
row_029291,0.5986474976939613
row_043367,0.17904193513321964
row_037196,0.22441409817586225
row_009020,0.0015055220862134542
row_010351,0.5327600843137015
row_005078,0.3191994134480849
row_008562,0.6767406879855541
row_040353,0.3319009884843849
row_045164,0.36607804623871326
row_015053,0.1503842525275795
row_000733,0.7406312860018989
row_013943,0.45077817314255175
row_009240,0.5871102724875612
row_020767,0.7812714967656582
row_037896,0.11171246792500975
row_018671,0.3357403430174548
row_021461,0.010044220908938662
row_048270,0.8063705214249289
row_022742,0.2960767537100629
row_028359,0.8471516860104954
row_049110,0.2301579848402076
row_046831,0.30025778583825974
row_010904,0.11724612649876372
row_030157,0.7287097578728735
row_001676,0.5076511954867374
row_049986,0.492882998264907
row_026180,0.47331271147277126
row_016796,0.6439746837295237
row_006249,0.31062000659391864
row_030436,0.7461180752480575
row_013259,0.24740287022917007
row_047770,0.23379924690100984
row_031846,0.3040371125914357
row_045195,0.656759376348398
row_030164,0.21926302929597594
row_023968,0.1686015905640466
row_035231,0.5005100156111205
row_019064,0.6324353457093842
row_017770,0.8741287140494127
row_024330,0.6917456630967492
row_039608,0.31951004877170885
row_017610,0.7801588727446904
row_048128,0.4479477449218579
row_016456,0.20506721953606072
row_049456,0.6331266981533415
row_017669,0.620834380479785
row_040301,0.5191943551658034
row_043487,0.08468811056137213
row_009928,0.10129839755386266
row_015007,0.7052454495894096
row_042040,0.3946779536163746
row_018534,0.4950538311549051
row_049971,0.701746912250047
row_028124,0.8040093220092212
row_018206,0.005136247155845933
row_015113,0.5024757282993125
row_001899,0.9166731980002331
row_047434,0.7393309512700749
row_018538,0.4225002445414799
row_043851,0.44768376295451473
row_045724,0.45650349219723974
row_019601,0.7027998885657634
row_039173,0.8114615842388252
row_037951,0.7767092715089506
row_040636,0.5825237623842358
row_001673,0.28266355079925537
row_004869,0.15448800661472267
row_045850,0.7172009900946902
row_021810,0.5884586353493397
row_042709,0.7739395502476621
row_001545,0.5176383260400466
row_048562,0.4428855097903174
row_013680,0.7181421863241154
row_048585,0.6189402797165513
row_002477,0.32996128459914065
row_024513,0.44006279416066424
row_026542,0.7881463879452878
row_023703,0.9082188237228112
row_009241,0.3202289537561918
row_019416,0.6929474420118114
row_034371,0.25430325622877714
row_029210,0.2847054114907005
row_014345,0.9776786127919616
row_020926,0.33081562194656494
row_007957,0.007078434904436715
row_012327,0.5976359886437649
row_002276,0.29113804073723004
row_014314,0.4845194056433886
row_018442,0.11815269049440695
row_041539,0.7008753401403983
row_020856,0.5727705899832635
row_048360,0.24077300564767556
row_025768,0.4495008874649765
row_027632,0.6188896793749384
row_028648,0.13248586327758663
row_010279,0.6426040508015116
row_048269,0.7866636001196887
row_016900,0.492998761469406
row_017306,0.7305648468917292
row_027655,0.6800707947521087
row_005944,0.37026514578230696
row_003797,0.28436783451880865
row_043633,0.391815309616243
row_038481,0.6971448247936918
row_047127,0.34003271968836724
row_036697,0.42977030024230173
row_011965,0.647024336687486
row_034216,0.3814653801093856
row_049895,0.5452769473575836
row_028635,0.5595981196102002
row_048918,0.8614168399342085
row_022827,0.8829416082015574
row_048658,0.4881668944509451
row_004214,0.8504975016328734
row_039288,0.217760415281709
row_039621,0.5455558378570096
row_011709,0.16950017402084044
row_022080,0.06692205768598165
row_047604,0.5576664810096693
row_009189,0.7279830528157728
row_022672,0.4301225880880843
row_025787,0.5141108875397178
row_023095,0.7337098546189966
row_019060,0.3201951270292777
row_043360,0.7192769582346186
row_043907,0.20648714158830614
row_029392,0.5333530030538105
row_018785,0.06678376710823146
row_022263,0.698514105135052
row_013171,0.7036644254007698
row_025148,0.5078598907416865
row_048263,0.5242692231425102
row_004899,0.881936606306867
row_045165,0.45215797870787405
row_032259,0.3139969705162829
row_025346,0.5721287788523254
row_035292,0.4764409878829758
row_022625,0.12304590040487486
row_005067,0.4132823665876312
row_034728,0.44587096657375125
row_035781,0.31554721352863474
row_021164,0.38506940430306136
row_042738,0.42131033065675455
row_004388,0.6365157847884777
row_049922,0.7744884911851918
row_032306,0.38207461280693833
row_035977,0.19856703898562328
row_015688,0.41118956411699004
row_038097,0.47775467662234855
row_041711,0.9400378744793161
row_043366,0.3203769118503473
row_034561,0.7611612526581232
row_003589,0.6883777869366281
row_027446,0.4601319399496522
row_007723,0.312788195344622
row_042092,0.690463516763818
row_009270,0.14034622136990266
row_034774,0.2840898419401342
row_034018,0.26056841613161397
row_022467,0.4194692624693486
row_019654,0.646706778257335
row_048798,0.350728474172786
row_036768,0.7429893045148305
row_018633,0.3495385953336332
row_012771,0.7606590013172888
row_024245,0.6761395361277992
row_005656,0.6049968078511039
row_008847,0.38426357058573224
row_026396,0.4205003623309435
row_035753,0.6561873088468416
row_004200,0.4571293865108624
row_034577,0.3909588962490996
row_024642,0.5188034590340079
row_039293,0.603823257626434
row_035020,0.45802624408395537
row_021896,0.17661285666156526
row_036194,0.05757695655001034
row_014210,0.31617597910333595
row_019623,0.7041672723723829
row_042715,0.36715187153191786
row_012081,0.08322552482515365
row_017096,0.23811790125141757
row_048408,0.7681740994646488
row_025315,0.2986023117184395
row_002499,0.21943232088857073
row_025567,0.97705946089815
row_043313,0.37484777780388845
row_009765,0.5218560825629379
row_010232,0.270321054571902
row_027793,0.39765332765125
row_025096,0.21067189382126467
row_042614,0.8668800851994826
row_042569,0.5750991924542808
row_029993,0.11336083867568465
row_002643,0.4970200612353694
row_003438,0.8058366739800117
row_006025,0.3108627107285209
row_016550,0.30655334731897227
row_007167,0.455472670881976
row_009721,0.4241264540613121
row_024021,0.25440368682197523
row_043599,0.5994037923061653
row_034587,0.8199937141746289
row_014899,0.5232545525164155
row_042322,0.5608349232060426
row_045454,0.4949233291951224
row_013006,0.7380468874027533
row_048176,0.18377349415431518
row_000467,0.08363192010550324
row_004342,0.22417619340285538
row_048700,0.4415595208974596
row_048628,0.9953458011627068
row_013048,0.611770158405647
row_018388,0.21656112904024893
row_038536,0.7834577058967309
row_024816,0.049823048431025946
row_023030,0.6574468058329653
row_043425,0.6235566518702043
row_024723,0.05581572362927704
row_015739,0.51544227425332
row_028740,0.20822908678084215
row_019660,0.5389653444539044
row_029231,0.41823776625174874
row_047966,0.6108981889898092
row_047312,0.21719060380498176
row_036300,0.5418922761299931
row_002710,0.21152835823773325
row_012243,0.3828041748771834
row_023962,0.6665566747369648
row_008753,0.6811221506450463
row_036234,0.579916015605106
row_046826,0.6767418145733325
row_031489,0.5950843244634172
row_035925,0.5959673326831086
row_027458,0.6384844878055578
row_015343,0.32152666729238716
row_003586,0.8213603399704535
row_022173,0.009877258791300723
row_019371,0.41797573540126465
row_002186,0.43013250529370745
row_020931,0.5212458991747714
row_033870,0.48627537515270963
row_014674,0.7995685547707442
row_030019,0.8226748706952866
row_020359,0.745055870609846
row_046147,0.26588849444812535
row_036284,0.13959454308528163
row_038313,0.8329798938612923
row_010370,0.06690647703877566
row_005941,0.7177869003935741
row_001762,0.9195498796012246
row_009298,0.33993309911098246
row_039249,0.3498303556393821
row_003298,0.1551599942068448
row_044153,0.16787940207953747
row_037336,0.6928073564021071
row_031882,0.9673453854144604
row_004222,0.310237512294807
row_015203,0.6936217645737659
row_004229,0.09833675554715281
row_031518,0.4089830672329859
row_016701,0.42481562228180536
row_036469,0.31539425883760563
row_023805,0.03162615840962508
row_041940,0.28083966785439374
row_045627,0.8658492350848591
row_027702,0.30896838376593855
row_031340,0.5434949444280461
row_031828,0.38032536107862963
row_044466,0.09069903360527055
row_044905,0.36209645856107386
row_028382,0.3183387652323544
row_030623,0.49968827714837466
row_021190,0.20396842044734845
row_007053,0.16393143049465797
row_017574,0.9443989776759415
row_013425,0.6449482761349608
row_007459,0.5414768962471659
row_047756,0.45055908571388553
row_031257,0.24364294913657886
row_008358,0.6028891828586227
row_025300,0.6012639721110765
row_013582,0.574384162581108
row_047146,0.39327011398865674
row_039223,0.5952096781084613
row_013339,0.7954817245120437
row_034269,0.19433554132276432
row_022490,0.007279725881700504
row_025387,0.4527587633032856
row_034259,0.8490123459077018
row_025163,0.26532300490810445
row_016592,0.20735360244702095
row_013471,0.47706039004326173
row_024687,0.5052465683136509
row_014938,0.6737499524513655
row_042461,0.45292229436959963
row_047958,0.23250367466745236
row_006852,0.7288050544734979
row_031417,0.6501633013787058
row_018711,0.9919615636012222
row_029714,0.7617107307082026
row_048063,0.9897590788777718
row_044384,0.5784484163544518
row_004564,0.027600454405850006
row_011003,0.19718674379029522
row_006276,0.4775367148257201
row_014350,0.056330916730203705
row_018914,0.17933389999783178
row_008715,0.37792115194581544
row_034557,0.2582428400305535
row_011790,0.32578898824373326
row_026896,0.3116633595416157
row_046267,0.11287985060060038
row_030537,0.8430038243264791
row_013795,0.2256285617495723
row_008942,0.232817910304433
row_044587,0.4121075967181225
row_036935,0.32035412290845233
row_029416,0.9354029528367559
row_002218,0.9854942276668833
row_005714,0.6256269023750854
row_038508,0.29500687577184626
row_048536,0.06755148799364342
row_038976,0.4425300433543821
row_007879,0.6816008352748419
row_029765,0.5211376033138696
row_028271,0.4199373683989535
row_000992,0.6536598005674754
row_020027,0.70850334523623
row_014601,0.16433072322408254
row_036890,0.555982545719799
row_006995,0.6343141102662231
row_022462,0.4495915635534608
row_015191,0.9820896335513132
row_043725,0.30022086119307756
row_047825,0.7606480242143902
row_009320,0.18252094882796446
row_030585,0.14985863011134665
row_031872,0.13772886209566482
row_044501,0.4417414593792919
row_031540,0.3230894287293062
row_031878,0.3349634733215714
row_038659,0.28063047069050867
row_017097,0.40063131221885634
row_044009,0.4246095263530059
row_006325,0.2565253541347023
row_011890,0.9492776424296141
row_006284,0.2946591631198919
row_007911,0.742881828842372
row_035779,0.6531605648394749
row_001726,0.21536134180160255
row_044819,0.5896893892963424
row_047738,0.2221563583742831
row_024765,0.4785476056626999
row_036493,0.5720175567008668
row_038569,0.25006619751516207
row_036499,0.8465326359613209
row_016755,0.06717850391172993
row_015365,0.5674647813488845
row_018083,0.49055634432471606
row_004591,0.17428191968160095
row_009961,0.6836052575716112
row_032408,0.9995713206894702
row_014628,0.6089051270776425
row_012755,0.49602196457184244
row_012983,0.07347536576251097
row_008359,0.42320309794386884
row_000714,0.34209821310762284
row_031365,0.8014782402391478
row_038171,0.053586129516620895
row_046330,0.7731016441639014
row_012842,0.6008636854635888
row_007348,0.6258935755714131
row_036984,0.2092722283956787
row_044365,0.8569385236583692
row_006029,0.3237464239496877
row_037852,0.542317325625094
row_013328,0.8222499330324643
row_045172,0.424962401295885
row_000443,0.8534131127388856
row_047456,0.13189752242963784
row_032530,0.3830706415518988
row_032225,0.5016969336282147
row_006936,0.2881738281931872
row_007135,0.014227602089077753
row_007914,0.5792416197669502
row_020936,0.73824215857204
row_049863,0.0637324440984945
row_048922,0.9718093536728016
row_045022,0.7058142522724608
row_001021,0.09520668073169955
row_006027,0.5454777830972264
row_024511,0.20946086588011648
row_016386,0.10230179229797993
row_004614,0.4129957548055803
row_044695,0.40478796182089993
row_007572,0.4448368294244862
row_003707,0.38265526642937436
row_004642,0.5392816310287414
row_048840,0.8902204472573145
row_010126,0.3041930194752613
row_040174,0.6694145070759095
row_030735,0.811727537056298
row_029237,0.1687241221616431
row_029806,0.358884970966644
row_027537,0.11651172561565455
row_043595,0.5590291000215031
row_038454,0.4383109046661025
row_003362,0.5141252756907401
row_047471,0.7112379175575819
row_038300,0.29784077468745446
row_016031,0.26324576365920305
row_017838,0.6496388971272501
row_018748,0.38324427224756213
row_007070,0.3678354917217969
row_007775,0.06715742385021856
row_045819,0.10240318405579787
row_030956,0.9971282643145732
row_002453,0.6631999743759149
row_016101,0.13150261132738114
row_003234,0.33945795622096653
row_023004,0.8397715008961979
row_006487,0.3664034257673403
row_039206,0.6491684922607901
row_047774,0.9349817524798161
row_049925,0.5042852628126927
row_015703,0.32937565915268613
row_014843,0.5193704592784499
row_010890,0.08151370674474274
row_024717,0.743069569268787
row_002725,0.3401376494141432
row_003475,0.2462475833021181
row_010380,0.4172684904349737
row_045439,0.3116338167304828
row_011497,0.3760783298924874
row_004523,0.6113721977089731
row_014406,0.6590608024735429
row_019200,0.4832024050491803
row_044052,0.492847812164452
row_042289,0.5642444004956553
row_003409,0.8844587473309559
row_015130,0.5651273568556993
row_030999,0.42798982460078455
row_009947,0.21247305024102212
row_028893,0.9917323896148287
row_037987,0.3124307398529214
row_048115,0.18788961798515935
row_008981,0.2712840906854237
row_017463,0.5058559669928673
row_049448,0.5546543272676878
row_002651,0.2846319920266597
row_043999,0.35337687836456244
row_042081,0.3825783025162431
row_021163,0.4845445273271848
row_031111,0.35972808231997444
row_015247,0.5873579953905883
row_048622,0.7003931586286295
row_018921,0.3600939552904219
row_039377,0.7594295886196352
row_041263,0.38845309957937035
row_018694,0.6244203288634841
row_008384,0.4891920935071194
row_015188,0.21748896033201356
row_006369,0.320235937572531
row_045079,0.5633908453676921
row_013184,0.4435539158994644
row_020551,0.43652936277658533
row_015050,0.6154660198820889
row_048153,0.972411631776063
row_047587,0.4617392662007427
row_015039,0.9579337138107605
row_037194,0.07528469857419895
row_038767,0.23505835763911964
row_034202,0.5385504264061057
row_046737,0.9009936755124108
row_011124,0.641190401526248
row_041708,0.7872975558417707
row_040350,0.3867512881076965
row_004896,0.864686659230571
row_021721,0.9174913920158191
row_016129,0.6662796586605548
row_028194,0.31170700797502404
row_025073,0.2969961932783379
row_009846,0.16526426619969958
row_025104,0.3359465178760924
row_049677,0.9777850994159384
row_034601,0.22377974968513153
row_045274,0.4436200800039011
row_005022,0.49600597739914454
row_047511,0.504605924837686
row_007413,0.7659747980820686
row_042093,0.05864225906514549
row_014459,0.16112474271359647
row_030188,0.13261275053813731
row_015167,0.24959325004038957
row_018959,0.33961003420506075
row_042893,0.5169369716230406
row_041412,0.4987175617664472
row_041175,0.3875762196458443
row_042708,0.02300841585530699
row_006168,0.5637998212367832
row_018831,0.2668018360573732
row_008194,0.020497691877566334
row_003730,0.6163647777519558
row_003861,0.42709056110288784
row_038805,0.7378341923771602
row_019323,0.28589294159677314
row_037657,0.41763948027352604
row_036910,0.05921301832498267
row_028790,0.7621365072869228
row_019319,0.4161608799937238
row_044994,0.06976044423567047
row_041592,0.8920100229507568
row_047551,0.4058944099805714
row_031241,0.09521264939524347
row_001499,0.5741533678878581
row_047928,0.4014707924563692
row_010088,0.6389421051416554
row_045501,0.43123835540839095
row_035042,0.7250237006721792
row_038741,0.9530974575460914
row_022646,0.32618749013911774
row_026851,0.22338760378877207
row_030697,0.5035451610790728
row_007780,0.9485904969824304
row_003146,0.954234158025529
row_023753,0.3439164700757268
row_028536,0.8141531836636468
row_042480,0.4130756862521894
row_039692,0.7948805717571177
row_018687,0.2445051633200461
row_031055,0.7811925019393674
row_031012,0.6922065585897309
row_042342,0.4209927402999648
row_021181,0.34262334058760324
row_048243,0.34589143631327707
row_027110,0.40500277635843296
row_017145,0.1287575054172958
row_013136,0.11563715525087487
row_044147,0.8599483941758608
row_000633,0.3000355680181602
row_017188,0.4007767609071906
row_028819,0.5106924641154532
row_023247,0.6190403484461524
row_047123,0.2978906041156556
row_038901,0.6199893976613027
row_007766,0.3456632921237184
row_014607,0.11856885490420882
row_006510,0.8173348378257173
row_021020,0.49520692994260135
row_018899,0.3675170433289047
row_003437,0.20370672504529685
row_020855,0.2613276885209594
row_007696,0.6113120430843
row_020561,0.4795564255473869
row_042655,0.8904936320880992
row_036939,0.27978282231987456
row_002322,0.8585651944562116
row_048851,0.9685949437661475
row_034891,0.5410746430743878
row_025972,0.639799083252851
row_038865,0.3142844988891442
row_005609,0.4823687093281089
row_029432,0.2075669358513381
row_019500,0.6002861806124815
row_034747,0.928073039082047
row_043770,0.44166894297448517
row_018260,0.4697769039780396
row_045099,0.6701214115408458
row_045974,0.38363291007094086
row_045835,0.3756494900399279
row_021413,0.7569024304656294
row_049701,0.13646111033668487
row_024469,0.363809780479903
row_017549,0.7632782785943876
row_029323,0.26534721051096677
row_034815,0.8262517204592419
row_004396,0.9166464704408364
row_008848,0.6531656076133759
row_033604,0.5381656513769741
row_042003,0.1742006016970433
row_049008,0.12645221989202396
row_038406,0.7241189926176519
row_036225,0.009696166396217773
row_008191,0.9257812290851178
row_006726,0.712104481882135
row_005308,0.25668554989456255
row_000821,0.3583135110231607
row_011366,0.36920825706299143
row_016052,0.3200173806379336
row_024695,0.19172609902215706
row_035972,0.513048079006725
row_024492,0.2849412703791196
row_002961,0.5151289183401919
row_033032,0.028734142083749442
row_044456,0.49502605076077283
row_003170,0.28035403034117434
row_006089,0.3883070797121432
row_017728,0.3147621780467144
row_039221,0.5460344908900743
row_034314,0.4403258840217628
row_005750,0.6910197947279675
row_002628,0.47961547758502815
row_039464,0.7025175706700632
row_025005,0.5985035991949466
row_023611,0.4802512739677013
row_047690,0.29065996726640436
row_026393,0.7751230787654254
row_025584,0.7423075936720164
row_034540,0.2672262218297702
row_001730,0.5501406054398035
row_011129,0.4589502167131172
row_009853,0.05561275240878673
row_015303,0.4415096485571352
row_032318,0.7484792707249597
row_003753,0.12938572047445418
row_021359,0.3399705026576
row_012497,0.27368085335636355
row_013096,0.2167416523529123
row_025308,0.5049728328748669
row_021930,0.25621715448488175
row_021815,0.6061648128922555
row_010692,0.6176376749037734
row_021937,0.9801875955477045
row_019150,0.5615191035370594
row_030005,0.24871364741714463
row_015559,0.6801321293620334
row_048254,0.015756469257522433
row_001249,0.6589043190086187
row_031864,0.06931300637951217
row_010645,0.11174061156731072
row_016809,0.12361897928784663
row_030536,0.11394715690103009
row_035534,0.48255720556907916
row_015086,0.14159286716660088
row_010435,0.36303925369088824
row_024560,0.6720237013977532
row_011364,0.13621367373936086
row_026043,0.10107987475181573
row_044427,0.3208890151279039
row_038988,0.42823762841872065
row_000248,0.9479242840153393
row_023632,0.35261266275654474
row_037760,0.4039098558994003
row_048557,0.4508766520379526
row_024732,0.047623614530614956
row_035435,0.22525760422288066
row_038955,0.5236522865714214
row_043716,0.5997978683060454
row_002544,0.5627345170386986
row_002086,0.45436791043229424
row_041155,0.5099567572552187
row_024294,0.3890817451515475
row_020038,0.3152789663118133
row_042969,0.562029620846794
row_010664,0.7793099292531428
row_008739,0.2939002481483381
row_013482,0.40844329280208513
row_026440,0.8172904167626374
row_013445,0.4568544211308618
row_022484,0.3207527890106449
row_019185,0.4531020003852558
row_013554,0.8723088379762974
row_024843,0.6751331272682237
row_023436,0.3573206153408941
row_013194,0.3297471109284548
row_045089,0.3065045270556077
row_024595,0.5120155812509493
row_048411,0.6206399453855781
row_003036,0.024407159582605614
row_047530,0.28459108716542936
row_032435,0.05875997887499463
row_016919,0.7225640973834847
row_041154,0.5358196360271696
row_000762,0.12269228132496483
row_021327,0.26691903689396473
row_047367,0.33761279005393047
row_037968,0.15157146295182958
row_013450,0.9974028943952841
row_022433,0.3254504155760278
row_012830,0.7920926216787001
row_011967,0.43138585032411236
row_001596,0.9964580915366731
row_019113,0.3337957468155
row_003782,0.5479812526883344
row_015335,0.23415786721664902
row_035382,0.21206116015980064
row_033133,0.44135870952095374
row_013678,0.2829581029987441
row_043850,0.772899406250043
row_034818,0.7310704020210856
row_007422,0.286614117327291
row_046058,0.25281406885764995
row_008922,0.10833724882250614
row_017152,0.6352196118146541
row_005541,0.573721971775841
row_029204,0.39903525080164615
row_036957,0.6813631832419476
row_002385,0.39829146058429904
row_028270,0.297419936940612
row_014580,0.6902732046971576
row_015028,0.4092017539240738
row_044476,0.6639847117062577
row_036261,0.26544194679181093
row_012403,0.8983916627688783
row_031336,0.40104979194459855
row_011604,0.5375764819200749
row_049319,0.6593527880815051
row_039720,0.2504249984115489
row_006508,0.14917091312447184
row_006298,0.8154714774198938
row_026468,0.9010618145583672
row_026573,0.027366940338520225
row_039696,0.7197698123414119
row_048997,0.14205090440767604
row_041879,0.9369571042089557
row_042892,0.6243733419147642
row_007894,0.28351471213171203
row_021627,0.24446205434502782
row_013574,0.11687702691104372
row_039876,0.21428718161550558
row_029314,0.02405994849538365
row_005812,0.5696173198497058
row_016192,0.5743275271159527
row_043438,0.7228266391339522
row_038697,0.3767191274373997
row_029770,0.5484936828114516
row_003988,0.4215310733598738
row_025117,0.03833562629747423
row_015931,0.3167156423315884
row_004144,0.15514150936099855
row_004095,0.0023669261245293184
row_048471,0.014565210950963189
row_046219,0.3377923647303963
row_041478,0.48506717716402686
row_020092,0.16291550395113996
row_018972,0.4534548949726022
row_007410,0.39649191540101575
row_038049,0.6573761291470998
row_046321,0.5130219455191783
row_027207,0.3821328539064233
row_016569,0.3608834139640351
row_000867,0.6706296279518503
row_038499,0.2109760114122539
row_034120,0.24909956768213307
row_041515,0.19724351723671574
row_035035,0.2425020483606193
row_010207,0.2881237023507264
row_004227,0.7004513802617038
row_018792,0.5720951274719808
row_045774,0.5116929629593494
row_036511,0.6019107063282647
row_037550,0.43289883049082484
row_042713,0.6352087752793886
row_022325,0.3693795012914112
row_002682,0.3208557596628088
row_026461,0.2977618660497973
row_017445,0.22164503778278208
row_036026,0.36563216953650335
row_043601,0.10902789653112935
row_041085,0.676405887129713
row_008949,0.46385649031069676
row_041839,0.44126085146468935
row_014807,0.9501594123064252
row_000827,0.09159837214577338
row_028634,0.20208645221736693
row_025983,0.4408747918037962
row_001306,0.6686615087216983
row_002465,0.4384889078663406
row_003599,0.3018036055389138
row_028779,0.1445117926211
row_026185,0.11304567604805087
row_047370,0.4160982600985755
row_012603,0.39473859609193057
row_004502,0.049281369968539844
row_033914,0.36030019290999366
row_036977,0.8951096175149235
row_008376,0.5388571749987763
row_043238,0.8358437668837831
row_043187,0.8328486093136883
row_033106,0.5265119828014432
row_027286,0.3019071616351311
row_034070,0.5733962811347622
row_024926,0.6387732836969493
row_048571,0.32101260442082874
row_015336,0.2022196407710771
row_016324,0.4161617701148136
row_002207,0.4495266160083929
row_026255,0.18166472201907266
row_032830,0.5409048558343736
row_034060,0.39388954813713917
row_000526,0.8205154804754351
row_019816,0.5326920159990559
row_048188,0.28439167862652376
row_022169,0.4228663272948611
row_001961,0.4210681601423306
row_020320,0.8718839440280438
row_007296,0.3252386563001145
row_036727,0.8004400587609987
row_021120,0.21286711019545143
row_019761,0.08549038792316997
row_021091,0.5979991614450467
row_042509,0.14162149332314888
row_006516,0.1527358390339002
row_015322,0.20395394523650126
row_011378,0.2851299142964644
row_000583,0.030815361904782054
row_043259,0.3272198016358478
row_040710,0.08116719154160403
row_002197,0.04677804432997368
row_026125,0.6732642175300625
row_012686,0.26465972562073664
row_000175,0.42739737733722283
row_027876,0.2045583734621143
row_016357,0.25542079323010264
row_045488,0.22461937305518806
row_042939,0.3393200015159605
row_025363,0.11675030615328616
row_045899,0.24611552722385047
row_037105,0.48326880592064303
row_031270,0.5107549561300097
row_014328,0.5070062632612276
row_030626,0.6067699825696009
row_031999,0.5760740106011033
row_034865,0.4833012903361508
row_035823,0.6270356611483738
row_035168,0.6922198159575782
row_024363,0.7659069657316828
row_008558,0.8324957040954523
row_046252,0.3036609614796645
row_015455,0.7225926634861894
row_013585,0.622699260168479
row_041333,0.5806605770637471
row_048630,0.014852900761899442
row_045651,0.21225613016472253
row_027905,0.3650035354029657
row_002530,0.9795729477325217
row_021968,0.9414972389651146
row_040412,0.3200883131801323
row_001379,0.363361066576791
row_016915,0.9274908152409299
row_020934,0.358661838846029
row_043622,0.028376225203171068
row_040856,0.06338260324662304
row_007522,0.1886748778648072
row_018208,0.4160495868473911
row_037721,0.24277779750057432
row_035861,0.549350067463957
row_016455,0.13505551401263083
row_038279,0.7467783958652245
row_011794,0.9485988432310403
row_011453,0.9307915014631889
row_047315,0.1293340930169079
row_000234,0.44223956585667756
row_023617,0.19638748522252572
row_044149,0.9967475539466193
row_015125,0.25644513990721035
row_032233,0.16046285059042145
row_046272,0.18647605119897223
row_014381,0.4596965224101011
row_024271,0.3341451535780429
row_030930,0.5530717460197351
row_011195,0.3851805434444911
row_039765,0.48789216115599054
row_009475,0.7705338662077844
row_014945,0.186433852100656
row_002163,0.10350470550411674
row_006636,0.3240167480132223
row_005667,0.20382568884984884
row_016488,0.9930545950759817
row_041662,0.1540027003130584
row_041549,0.28237848068845955
row_034934,0.5539803545903952
row_017853,0.024161393400927735
row_002723,0.4742791800128956
row_033708,0.09388183451438012
row_012036,0.054630413698731395
row_031868,0.8614419786523808
row_032033,0.6534505394239676
row_006087,0.28031950505871056
row_018241,0.27882191702742276
row_036414,0.24916615672083578
row_028878,0.5316680384735263
row_034322,0.12156080167551925
row_029046,0.5328138448335406
row_022980,0.6797322638871852
row_025495,0.6394756431730274
row_031510,0.3598267873671212
row_001712,0.042539779098964274
row_038676,0.5879027307927954
row_015242,0.8141196304543117
row_039241,0.17000938980326405
row_016716,0.9273751630950573
row_034311,0.4439588212960311
row_034281,0.36303680002930533
row_009268,0.41194772454583656
row_024336,0.24528299763803435
row_034663,0.8051251926178229
row_001537,0.2218205665199129
row_029111,0.3357260326974767
row_019364,0.45272144266926473
row_045132,0.47825817074974586
row_003863,0.585699874652564
row_026981,0.634005179566757
row_028897,0.5329603910647316
row_001995,0.38081673883490763
row_026248,0.6170434240796713
row_037606,0.46753626876308085
row_043322,0.2522286007637755
row_007069,0.7866271124780031
row_039812,0.6839678613839808
row_001775,0.6283141654749749
row_012351,0.5490405955953646
row_004235,0.33826909208069694
row_019690,0.5404053776133626
row_000661,0.23390805405341336
row_049912,0.33905735194945336
row_003271,0.42756172085791316
row_047487,0.5790424494799242
row_040552,0.5635046079920215
row_028659,0.6919251291685392
row_017202,0.5218241117275645
row_039873,0.2527210210200429
row_014007,0.7220794208432549
row_034431,0.029776491416383936
row_017184,0.27437785326959535
row_018911,0.6252054931310195
row_026957,0.7649091574935027
row_005328,0.7847006101364916
row_034350,0.3548835546189409
row_015469,0.16586068633114023
row_037131,0.5922802620797104
row_038827,0.1176020983594403
row_030152,0.13221952528811146
row_031458,0.10175590450843411
row_010470,0.8446856995920983
row_019940,0.9934696443383495
row_009193,0.21759199213940617
row_032794,0.2666010333738899
row_028142,0.43564363595736316
row_009847,0.7637164596656268
row_024704,0.18345991458683872
row_014872,0.28055948815985887
row_014972,0.6069992472178389
row_001651,0.2423456304231775
row_018721,0.2633515056803999
row_043510,0.314252875841088
row_033767,0.28787658409532846
row_045905,0.26101009892278293
row_034153,0.9593938259797786
row_033156,0.665841976577941
row_016651,0.6862116986444715
row_028224,0.8087846208166831
row_000413,0.6888272546840711
row_000591,0.2303320728213791
row_046828,0.24261241910622625
row_011050,0.623818437895151
row_044103,0.10201885535685035
row_015732,0.4116926444450966
row_039426,0.5382710272258936
row_016614,0.24176776147896428
row_043351,0.40934517611648263
row_003489,0.22957953691419872
row_022946,0.3358165117988199
row_022988,0.5417665165802918
row_023198,0.0179378007860472
row_003004,0.4555590766125122
row_047562,0.7168475309297088
row_006624,0.18645364236585033
row_015064,0.24985117441187574
row_002412,0.5408254490789657
row_025679,0.3142865219658163
row_026372,0.9826916539396632
row_037395,0.41775475158761877
row_002848,0.36313780265275697
row_016047,0.1847461481538913
row_006657,0.35439862054844934
row_036267,0.41391220006018126
row_025370,0.3213145802351185
row_014770,0.32134162553606016
row_007574,0.4875106833504527
row_038235,0.4532488793064531
row_025124,0.5978942547654343
row_034114,0.4705669309541643
row_036651,0.1961111944371441
row_012675,0.2610528521347875
row_038800,0.8189759855908839
row_003561,0.5543830353820133
row_044890,0.1714803385166348
row_041703,0.2449516752167348
row_014640,0.6690316740866726
row_013284,0.4624630495244332
row_000704,0.3773331983301004
row_010350,0.5159540802814913
row_034055,0.9119197523795384
row_021418,0.3386777773552309
row_008491,0.15383494098705053
row_042610,0.9430025258236835
row_029451,0.4657125289627302
row_028702,0.7855449966707456
row_028514,0.25547080308698555
row_031452,0.8667098214341693
row_007983,0.4245477004264427
row_019593,0.09519305136111128
row_021056,0.262784497758084
row_032205,0.7004287608260206
row_010050,0.3647167147735113
row_048327,0.24305223633644096
row_025614,0.21846883771416392
row_033413,0.794022095046416
row_008054,0.10617300838288002
row_007123,0.3542909040119906
row_043938,0.1304228646695168
row_029289,0.3123138457253197
row_035131,0.27516346804074476
row_039182,0.6250104735719729
row_004535,0.23909472218970462
row_021514,0.27062401204334974
row_014316,0.6651392316900662
row_039321,0.5930399276837508
row_047467,0.5457545209447207
row_035623,0.7896933127067526
row_024123,0.47169869562350575
row_026973,0.16014269311979645
row_026847,0.4961037980955007
row_011426,0.9399321051295202
row_000419,0.7635418274756526
row_012757,0.5522373868830046
row_001728,0.6126278407396538
row_017529,0.7150168550633682
row_013853,0.5220765002172272
row_043212,0.47681268804384414
row_014205,0.3535666164282762
row_002021,0.5025674482296999
row_040834,0.4158115800934518
row_007224,0.2515459643749278
row_039242,0.680612495125415
row_048666,0.7818225897668721
row_019655,0.39324024435010924
row_007249,0.3837594752377471
row_042138,0.18019564136588875
row_033420,0.5489436092545675
row_012839,0.9405491620919016
row_046868,0.33373434174396127
row_015640,0.6804616055113322
row_030744,0.12442821668369927
row_039179,0.03958001934426276
row_022555,0.45464655009645555
row_031163,0.10276996416040472
row_020428,0.5339546369677162
row_008594,0.35776923985409526
row_003553,0.5316043762915482
row_042995,0.3469924409947644
row_035529,0.6813184796399323
row_005810,0.7419174756240604
row_022719,0.6099196907497815
row_021761,0.3651582687168506
row_004412,0.6851897758526934
row_017985,0.5816427465292611
row_030602,0.3712848983781531
row_010181,0.2459706292128776
row_013101,0.34402746084123426
row_048816,0.8562167548762468
row_048566,0.4776325590047528
row_028628,0.931425213137413
row_041684,0.18453996823476262
row_012504,0.38691656195685437
row_044829,0.3085893009491304
row_038196,0.6438438296446304
row_041091,0.6290392071382338
row_010999,0.3351748875255134
row_043169,0.34230180303175917
row_031152,0.010266791108887776
row_026446,0.19251005649678377
row_009896,0.18901993065746567
row_008973,0.31692245304143574
row_000771,0.5078530046269296
row_045675,0.6084419778608217
row_026647,0.6821388489002016
row_024784,0.23517502069664398
row_013813,0.44990457162077124
row_007884,0.15348136715381222
row_009621,0.6611868654357306
row_016487,0.26553953510764566
row_045272,0.377143323306829
row_029388,0.462754538877868
row_001870,0.5313561925887338
row_022731,0.6372398189118934
row_032614,0.9928855128634647
row_035367,0.5405400444324135
row_027613,0.20849909183544346
row_039868,0.338491312266619
row_005117,0.3829249620534476
row_001780,0.10065077426608192
row_010546,0.19572624862217392
row_046852,0.2692912769079827
row_040364,0.5826284643705026
row_043270,0.19117764000291942
row_036982,0.2542543629041154
row_020771,0.18745155457996296
row_036383,0.6424299810179406
row_011150,0.13648956474498222
row_010094,0.4797383678009289
row_001626,0.6487188584858045
row_040790,0.23272281622035063
row_020740,0.31510100700816085
row_009681,0.23293876167867414
row_009024,0.23234784613994255
row_010987,0.21298017738735542
row_038357,0.41782619450195013
row_043723,0.1240700152933839
row_030788,0.40705280781312
row_049172,0.6766016518317992
row_028961,0.08970693699830859
row_031612,0.36889905798348444
row_027250,0.2989358754049645
row_009108,0.3912791657466546
row_028040,0.4822235308703434
row_010238,0.06578953910898548
row_046080,0.14215220407926588
row_049224,0.4680249677570633
row_020833,0.26055898911115805
row_040510,0.6011573608748774
row_024847,0.9935354289432107
row_000015,0.28645612091380324
row_033850,0.7612786568415252
row_001258,0.7215907712009313
row_024643,0.4974992693145348
row_044084,0.30922516955314383
row_026718,0.37337434719609736
row_005864,0.478222722948778
row_026048,0.1696919816187217
row_004524,0.023920735741900127
row_011001,0.4571096223455883
row_042903,0.01325900957435409
row_007396,0.42443330275216856
row_046498,0.2200556644898163
row_018849,0.28593192366313297
row_037637,0.2163624401934044
row_007371,0.33027482787904033
row_047761,0.39719242100341545
row_043564,0.7879005483292142
row_002107,0.07262346295757573
row_048521,0.5597886177226012
row_038302,0.9155633309920846
row_039604,0.16197548581568774
row_025574,0.6591288771744254
row_037463,0.08490802772791621
row_033069,0.09243846096630176
row_019908,0.10826322668961318
row_007658,0.17877163879490096
row_007456,0.07569140161949117
row_022106,0.09351828229824673
row_015633,0.03739390564152914
row_003615,0.3185781860085311
row_040833,0.10406568437197747
row_048602,0.529932610096707
row_040680,0.7001710921263086
row_003057,0.26783677963802505
row_028244,0.48076721720288385
row_048527,0.33289646944825724
row_017986,0.6430248514392458
row_002857,0.41556945909943505
row_020145,0.5440599813780211
row_046197,0.43917365557412885
row_032598,0.8850814017142986
row_010049,0.7898120404483544
row_023327,0.41412205229714594
row_014801,0.8078154864113595
row_046077,0.4563262657545144
row_005316,0.2952286963834711
row_000260,0.36716714099005315
row_026159,0.3273665033686182
row_009003,0.563564255546373
row_018144,0.734025256339091
row_043976,0.7491599031045222
row_027977,0.16691925887832737
row_026946,0.27452114016261153
row_042852,0.4324157631312472
row_009653,0.2624264912461151
row_032586,0.7299869801313076
row_000280,0.22871937266441011
row_020859,0.8390195148350471
row_043142,0.271358128516664
row_018113,0.1231743932294315
row_028068,0.38698165545234553
row_021497,0.04772796434647914
row_010770,0.709052926997012
row_021463,0.4752299519328939
row_024445,0.952913912952587
row_037439,0.09455869434635306
row_049065,0.178870807528379
row_040181,0.5356486112175416
row_018682,0.4493702528910871
row_029727,0.634705871227021
row_039598,0.9591272028497583
row_035893,0.8844294305990675
row_013727,0.3183162828954887
row_014285,0.2820049898829666
row_005910,0.18370424769633037
row_025789,0.9413519877282531
row_021785,0.23465952857719144
row_044245,0.6159758277162356
row_035949,0.47596041825861535
row_039166,0.20573009650353516
row_011897,0.6617418609577824
row_012833,0.44895375360935763
row_009785,0.28661482442356784
row_019966,0.4803495765014879
row_010462,0.4072692694800537
row_038645,0.5192639410534395
row_002054,0.33618031491284467
row_026362,0.2396088318368999
row_032845,0.39953438147556
row_019769,0.6303197021005943
row_009893,0.2823881607692374
row_029209,0.39621807377751217
row_006261,0.44751975081963336
row_005046,0.6329381716437772
row_021931,0.036148601122868315
row_019953,0.6543211368489444
row_023855,0.32866968396903
row_026132,0.27513476682449634
row_014171,0.48768147652202537
row_010078,0.6452501315952199
row_029189,0.5281289843978579
row_005198,0.012423057999037871
row_034904,0.0006803179820713608
row_036704,0.5677756544895123
row_014135,0.506681980479758
row_017345,0.19546541394377545
row_010031,0.23590803195050916
row_041491,0.5966420958514136
row_005929,0.2207263143574825
row_042176,0.47441336385846167
row_004942,0.5056355645937322
row_001867,0.47219842610632534
row_045809,0.1103144782816763
row_036711,0.39969439649459154
row_000559,0.17349323883754117
row_033025,0.05786909399788014
row_017502,0.8177273990747209
row_005873,0.6339876872266914
row_013996,0.4819543163663863
row_043930,0.9764677141058616
row_011827,0.6957522488687247
row_015590,0.890378458585958
row_038734,0.6279778852470076
row_024362,0.9748421277648631
row_043544,0.7388139321790349
row_012854,0.1881493495224547
row_010716,0.5328523350613819
row_020660,0.03781275915256953
row_027282,0.41630581054405935
row_024392,0.7560766326299614
row_024771,0.13771287717875894
row_038852,0.39098152190597596
row_045961,0.041084016156121964
row_016816,0.15624438851501135
row_004453,0.6967947931274853
row_014318,0.2627249220225777
row_039028,0.43345164306779366
row_010293,0.3377390121707883
row_045872,0.9449274989032329
row_028943,0.5179373680832992
row_030500,0.721588077833849
row_000513,0.6357367102389299
row_017012,0.7390820174062862
row_042407,0.5977199074602947
row_030802,0.5900809385504161
row_041837,0.2948128710820293
row_038228,0.6901728566404488
row_040266,0.2532257230766991
row_035243,0.045504393536596875
row_040414,0.5237376224872994
row_047267,0.7966567168075432
row_048099,0.47224578952276625
row_033231,0.24470024400121573
row_013971,0.27647879049270957
row_015414,0.6800813274649116
row_020558,0.36773911947579
row_021880,0.374368307704426
row_020412,0.7638605269792201
row_022589,0.011858134821722722
row_003531,0.15701071916710363
row_002140,0.5088659036346405
row_046295,0.45334804961644065
row_023524,0.6099940170404963
row_011448,0.33740764959042435
row_030853,0.41357136820894824
row_032852,0.47106997417648333
row_031494,0.053340145427872285
row_006242,0.7761072548003912
row_030366,0.4072720002987583
row_023413,0.4542591820613409
row_048436,0.4784383813073098
row_000572,0.17475363998820578
row_038184,0.1605343898508397
row_001695,0.37428953824824174
row_048180,0.6801511567504527
row_000886,0.7698586026451665
row_035510,0.23208323181467397
row_031968,0.4804486276052629
row_019158,0.28007340008747883
row_011226,0.4464763972668988
row_024207,0.22341405738762687
row_010913,0.392223048304696
row_007720,0.7347794963797007
row_029173,0.7333440883003394
row_036204,0.6438900614625801
row_024394,0.6601561778217984
row_040818,0.6283154876662809
row_007949,0.22728910744787742
row_005892,0.030468790129342414
row_048573,0.18528366922005762
row_000879,0.8922368169269551
row_029260,0.4504183584546437
row_032656,0.3753173982060424
row_038820,0.8863068530172714
row_016565,0.47248182082033574
row_034802,0.4730284693547118
row_019835,0.654698165537466
row_042343,0.47514973611216715
row_027979,0.5079955387279673
row_014163,0.22080558373407552
row_006005,0.20570537103897596
row_041606,0.5566994120283291
row_028729,0.9819566027054402
row_047108,0.09431674240576811
row_043445,0.44674766875099153
row_004303,0.860013772471823
row_017155,0.040579000748966546
row_027914,0.46467666881102987
row_035312,0.0042666063323666065
row_049772,0.1961253779812399
row_048952,0.8657772369598249
row_044221,0.6966122263275364
row_049570,0.753937435079344
row_019054,0.44226034750085064
row_034109,0.405075104166627
row_016633,0.14390009499720766
row_006156,0.3119439364357771
row_025102,0.6052681543787147
row_010909,0.46727869437202285
row_014492,0.7654912854289206
row_011058,0.5141602000335365
row_001916,0.20823151866327624
row_030053,0.5772344602331784
row_029180,0.032642236331304725
row_044596,0.4770964925996644
row_000875,0.4788432481367658
row_049323,0.7951150490992411
row_028350,0.12257488055517717
row_013316,0.39487946044609057
row_030417,0.7335520022979104
row_016566,0.9614401216944918
row_021057,0.2509952951665705
row_049943,0.6348704406367501
row_043140,0.5781365320163491
row_025286,0.5731523946705185
row_037941,0.6749928048191849
row_034029,0.6423946270984517
row_023996,0.1938269300189809
row_027094,0.6132013353602129
row_020074,0.3962264794786551
row_033904,0.17318902301996497
row_011758,0.40874813501879137
row_007376,0.01873914303647002
row_005315,0.1622170924614954
row_027505,0.3239215279785586
row_036478,0.4111279839797077
row_026453,0.23987186985646194
row_011234,0.08851616020929173
row_006183,0.4365860275674617
row_044589,0.45377012623145263
row_026328,0.077456788833297
row_036996,0.7452785762320729
row_016001,0.257002685923346
row_011851,0.2927710169127917
row_001133,0.11564834706818519
row_046301,0.28071576837145573
row_039362,0.22306453391381872
row_020554,0.3717529947322999
row_010366,0.8036155102925391
row_013315,0.3658301978632051
row_013933,0.6434179024607323
row_029742,0.6238085672390036
row_011839,0.19022009052818414
row_008894,0.9585626217744929
row_006091,0.884151281721353
row_031519,0.30608767658653163
row_042430,0.8676369865377352
row_009134,0.4269236711148628
row_033479,0.43680042506203615
row_006615,0.7248833317875341
row_042290,0.327307808091044
row_021397,0.6011821497628432
row_043475,0.1545867359934492
row_027897,0.3685558101127088
row_024791,0.15192833016290555
row_042151,0.6411093670660206
row_001063,0.3131531218121681
row_041679,0.7591171235831762
row_013353,0.5134536881752184
row_006266,0.3953486633488638
row_005038,0.7023110338386725
row_041748,0.9403778338009163
row_031151,0.6648417120443917
row_043513,0.4246206169310915
row_032797,0.33774154900238423
row_017453,0.6585026358061599
row_009561,0.5112874500081095
row_033445,0.06374002679974834
row_034622,0.2671989149969662
row_013367,0.5158122750183076
row_017237,0.006754967255418347
row_016940,0.94970694089256
row_005042,0.6254804256758757
row_042401,0.664541924405666
row_047747,0.29832142227003233
row_032344,0.16720211442380872
row_045575,0.4012497190725826
row_033132,0.5988648871299094
row_015655,0.40271669615482475
row_029628,0.44962615560708347
row_019689,0.2815828977721479
row_024144,0.5096560084838625
row_002603,0.15143281028230907
row_042211,0.29399636637596066
row_017540,0.3535786319872856
row_032790,0.6582390314358966
row_028200,0.15955888223530992
row_030969,0.43918509841195674
row_039533,0.5760328183249874
row_038314,0.20673796115977786
row_012809,0.948942208663023
row_019305,0.18593257255888257
row_006022,0.14406634228244306
row_007754,0.40810776340088784
row_021367,0.4772228629065206
row_018308,0.09191401013209188
row_041408,0.40067604080651664
row_028453,0.11706464887393647
row_046261,0.4616304362068838
row_037304,0.3232591758782742
row_003816,0.737045521175344
row_034400,0.7267365224816088
row_016346,0.782012358275205
row_013038,0.5735203025907103
row_026481,0.17684038998528878
row_023237,0.294542957177942
row_048740,0.6527449634727887
row_023210,0.9807059964842028
row_012599,0.619617812178061
row_035621,0.34793062970641375
row_042950,0.2648570697512693
row_030014,0.5475404274752514
row_044348,0.17024183078563673
row_042657,0.610924655127844
row_037399,0.32654587965642345
row_027955,0.5405332465213576
row_011682,0.8757130956038579
row_023895,0.47033595064309813
row_041654,0.9508355780778294
row_029849,0.4231068020437602
row_027090,0.5144403439287778
row_005260,0.6984733433399672
row_005066,0.3091436600005988
row_025165,0.6121680767635526
row_038782,0.22168361086929003
row_006279,0.14795190555831603
row_005759,0.20930781066594922
row_013702,0.8742043193888758
row_028425,0.22631047303524698
row_045882,0.4623368846658021
row_018047,0.15023450774730082
row_019144,0.044384004709866934
row_018180,0.3524007765766555
row_029326,0.33283033059104294
row_016832,0.4035661533705297
row_017388,0.5394086808875421
row_047696,0.49816912797069596
row_005157,0.22759411409409078
row_045416,0.4718911938964977
row_037242,0.6127273171906034
row_021909,0.5408274015823932
row_010469,0.326177439664102
row_013437,0.4606120735868865
row_009663,0.3040380599441649
row_030634,0.9206635869854112
row_022018,0.4691951602350368
row_037107,0.09603369720206213
row_042958,0.8424095909360003
row_047695,0.30401666721150794
row_021827,0.5079128658139197
row_049981,0.641792811880106
row_018469,0.4033483016999056
row_035633,0.7887097189072769
row_031740,0.4846955273480025
row_032821,0.7484530643383235
row_015479,0.7515182675537637
row_016247,0.20180491746596768
row_010152,0.6232325774999683
row_042632,0.2414505917617353
row_013134,0.32635996877177265
row_002251,0.5458218200064329
row_011930,0.7336691593806165
row_006499,0.27191513997398087
row_040792,0.5036680940716156
row_032075,0.5234213684112163
row_001347,0.9351245630879249
row_001735,0.2958135829232262
row_008085,0.8278280074650074
row_048863,0.046030743333926774
row_041731,0.6842170452103657
row_007955,0.9095333964445869
row_021924,0.2629710387118919
row_021071,0.5320538290276922
row_024600,0.17919010745271036
row_041118,0.6006807934428015
row_034719,0.453243047180295
row_032333,0.1939546196095289
row_027846,0.30622234969624973
row_025666,0.05394007414243893
row_046643,0.5328431893923751
row_038366,0.35394603781039585
row_043762,0.36148243556214465
row_046667,0.3462718706414234
row_011407,0.3940358167633969
row_015318,0.6210372230652055
row_033867,0.3116526277662235
row_033456,0.44631518712645796
row_030107,0.054380813922929795
row_023295,0.18127326626707635
row_000726,0.6716492301929096
row_030306,0.565661286323621
row_010841,0.08021547688438337
row_024217,0.7642087189570471
row_010964,0.3153468195464568
row_001745,0.2891647892382391
row_045070,0.18915796585491518
row_020511,0.9903194732379056
row_000199,0.5365895777125677
row_036692,0.16767372297427532
row_044156,0.5936777554037885
row_031429,0.3511038596957436
row_005778,0.7229594880751035
row_032707,0.19168742060787403
row_023085,0.6266397211001947
row_028727,0.6711144953832366
row_044965,0.736939893416821
row_021043,0.2758565865078575
row_001679,0.4030317224490967
row_045453,0.5465430293478275
row_006293,0.5196703200440017
row_046837,0.3985139770948387
row_017334,0.1476059056413358
row_013720,0.4595919452044498
row_022250,0.6254354222389719
row_008927,0.821989926750314
row_009869,0.18590430450823664
row_034658,0.3541335651596399
row_041069,0.34397175591352375
row_041084,0.04164340586044318
row_047387,0.6480653044628518
row_014077,0.23440165025672052
row_006081,0.16154985690603108
row_040196,0.33378865036673705
row_005603,0.5253884176559505
row_047433,0.8358466717096958
row_039735,0.6845527957967747
row_036231,0.40028019965044476
row_007260,0.5444196384263623
row_015447,0.5946266442813903
row_006960,0.012967239082239873
row_039803,0.4326459198994592
row_048483,0.2879523020219352
row_045733,0.04966686757571457
row_045530,0.31537605438193805
row_023144,0.5345698984769505
row_011597,0.37778103009953756
row_015503,0.31050517645632403
row_020004,0.7425092574273939
row_042036,0.28468612577049507
row_008851,0.21663713627470332
row_041137,0.3875362864065871
row_009942,0.09980980564062233
row_038730,0.26818942024424164
row_036652,0.6414412498531741
row_019250,0.271684621130549
row_028870,0.0022231682710486295
row_009360,0.35011418934034355
row_037872,0.0022533852431401965
row_000878,0.6636344308735063
row_023379,0.8754951554832061
row_033909,0.7002441141415571
row_034616,0.15560734744274668
row_025417,0.1405600257305739
row_041418,0.10787421682175487
row_023945,0.8164976681610073
row_000375,0.8149217198036116
row_011893,0.14216686164163245
row_033026,0.513693980444763
row_039762,0.10293065161316482
row_005007,0.638787782067336
row_024464,0.27199402526915895
row_012950,0.23743241791656272
row_030631,0.5579408267514007
row_037378,0.5403233837289751
row_011590,0.3997304440046926
row_047659,0.6822335612254213
row_032400,0.5488134252632966
row_020814,0.5212080796016987
row_001527,0.5388304760341602
row_012331,0.2517355332910904
row_040294,0.5230407413478781
row_009263,0.09878405999815926
row_035033,0.37810209767909675
row_046941,0.7255085602284146
row_015744,0.6071036121127968
row_047489,0.5392696004158984
row_042470,0.6618014138374834
row_032024,0.6396561853378008
row_012773,0.26494224833650143
row_002520,0.8666644230664933
row_007378,0.4144207285807499
row_029821,0.4795988620110513
row_028406,0.10792564889432142
row_017626,0.838894786324979
row_000525,0.23572833487717088
row_020051,0.5116880172748651
row_005574,0.6263559559257335
row_040265,0.5805572783994833
row_015461,0.4844968935283639
row_028078,0.6299340231215006
row_008912,0.3193555830322803
row_040640,0.01947975558719012
row_029145,0.188432980720422
row_000056,0.17756570158145438
row_030009,0.9394278443012939
row_009084,0.11412908449202576
row_004532,0.23562525062786407
row_032480,0.4291033606051285
row_019638,0.01738464838159625
row_027717,0.37651395718001285
row_031096,0.30922551054034353
row_036991,0.5508789123579891
row_009195,0.27254735406191527
row_007394,0.9730194789024658
row_041486,0.5606226530451349
row_017955,0.2731868123088604
row_008015,0.5740210428838141
row_022991,0.8534490290939315
row_037073,0.414554932164575
row_014304,0.06872011097257855
row_026990,0.48579225303655177
row_032816,0.4747987056039058
row_037646,0.6255486186071991
row_027938,0.1437714016878891
row_036667,0.05457316322432921
row_038272,0.32095005292364265
row_010654,0.5925600496820455
row_032991,0.22673265436962703
row_007699,0.15845432315513616
row_049897,0.6172410770037209
row_013773,0.05653488713955191
row_043332,0.4291412784719352
row_014748,0.3138196817685229
row_029925,0.4254864096553227
row_000428,0.2996195100692383
row_049171,0.3017373266218035
row_045186,0.2603195426276755
row_010286,0.3069191527627334
row_034643,0.19949264021754043
row_028349,0.3933077426372435
row_014146,0.7110932784570264
row_017447,0.1658495727495322
row_049919,0.6994710657651498
row_046248,0.33050452414591325
row_037659,0.3389629524817523
row_029649,0.3394675920069529
row_000849,0.7868040726971895
row_018039,0.47047939796122346
row_017969,0.03796513432451198
row_003513,0.06008870690419208
row_009415,0.5203037216216032
row_048582,0.5035082423881958
row_029995,0.6022962106489947
row_023182,0.3987868938109905
row_020017,0.3702604154810113
row_009125,0.6432294413997144
row_013924,0.7575746359586654
row_040284,0.25283344462447377
row_040672,0.3819518804345397
row_048779,0.3446772240306494
row_000535,0.8330455963780261
row_014128,0.6161746488167297
row_028442,0.334098758625629
row_014859,0.4422395260099958
row_007307,0.3910556636409014
row_035926,0.7416109901480432
row_037056,0.7777219615315081
row_010786,0.7447652377578728
row_041682,0.2333875457171315
row_025406,0.06153434942129574
row_017812,0.6094210200033395
row_024726,0.3988331808879527
row_042326,0.1637553280060899
row_025953,0.4386616767375695
row_029904,0.5870065876658082
row_020445,0.5558913717713393
row_016719,0.5998619030711744
row_033078,0.21330563647191658
row_040638,0.5591377508791391
row_004976,0.13607544508232333
row_038342,0.7534859381366548
row_035388,0.19372184845748674
row_034460,0.622061373700382
row_009852,0.2964545993993132
row_046062,0.4385705240067088
row_044788,0.7509451599211902
row_014704,0.21224708466673767
row_018597,0.2856365287944273
row_040671,0.1660406819374818
row_048624,0.6785940371140886
row_034700,0.20167536637643704
row_025444,0.5229908500615389
row_046488,0.39273367558190836
row_000785,0.1102280845864393
row_004268,0.7033097323012775
row_013018,0.07167881326445757
row_012298,0.399149612329548
row_033532,0.6990175654150659
row_002171,0.592031830684237
row_042981,0.06612847183204086
row_000446,0.38445011557951386
row_015492,0.5285480909612728
row_046628,0.2862091124371715
row_007433,0.3069938650427456
row_038821,0.3208194425473217
row_017884,0.5245856522381994
row_014949,0.6826780159612796
row_016211,0.625932972293435
row_042897,0.5047956572931566
row_021850,0.16859912183718925
row_007767,0.7322951427620614
row_022217,0.4528240256092985
row_022438,0.6157630562072551
row_019072,0.6707833999357053
row_047213,0.33260216024838446
row_006478,0.1905337791109546
row_042269,0.3409074895436425
row_008569,0.5898962144608363
row_042297,0.4400882635998915
row_025722,0.838730017709643
row_047116,0.045216585013750164
row_034193,0.18715143528705738
row_032670,0.22145865183356578
row_010316,0.6071643043040623
row_041025,0.5857519898063925
row_012086,0.05109607268442671
row_022070,0.7939178850578462
row_027676,0.3353217446915842
row_020755,0.584205537600299
row_014119,0.5579204736554487
row_015695,0.2469542056660706
row_039144,0.7996761969179219
row_031910,0.507434831185264
row_011975,0.4756534729135198
row_038966,0.4843440374682472
row_002113,0.3127878281135159
row_037442,0.48109366779548857
row_038787,0.7350877060744715
row_033786,0.5987265274561636
row_023571,0.8872023555374471
row_027993,0.002660169952390594
row_041289,0.5239832256215192
row_003140,0.4398313606596176
row_003930,0.22739470958125005
row_047920,0.3848942874471303
row_001382,0.18069996111316558
row_027822,0.0962489308802574
row_049524,0.6639645694708227
row_045326,0.4266058336693165
row_000102,0.5670791134843776
row_008760,0.49961823845728703
row_040022,0.44147338592612456
row_013911,0.3350438381375315
row_030577,0.7613305119723088
row_004776,0.6607746405454001
row_022420,0.20535631289401485
row_031958,0.5727481875475194
row_000860,0.23289144318674632
row_040187,0.20410916633912696
row_036163,0.8558067532001788
row_011985,0.16409779675449873
row_033139,0.5115992871210865
row_045895,0.12673112210604454
row_014824,0.43636342314412435
row_000629,0.4198755803526025
row_021388,0.623544576966496
row_006285,0.5640534648874543
row_048452,0.7480858348542124
row_032998,0.20924292480400614
row_039906,0.3785592259645653
row_041928,0.11095434160152562
row_044769,0.031582225502995324
row_019336,0.3517595279865164
row_012293,0.08615504044423435
row_023888,0.5506000852136078
row_005897,0.4900636382946141
row_032466,0.21838363300172048
row_039383,0.3095033524150535
row_049823,0.19204765819999436
row_043980,0.7488348028230695
row_037187,0.517557051481476
row_003520,0.24177000028105422
row_009973,0.569146135503177
row_021781,0.9839704275473163
row_044656,0.5601362384328691
row_021622,0.6065485963462796
row_018153,0.5128551207437835
row_006634,0.3239878850157664
row_039200,0.21883667710774923
row_048673,0.7431317531738765
row_034169,0.48233339459086844
row_014893,0.3081701076540865
row_035706,0.2758267855256715
row_028230,0.9981494244990208
row_035503,0.2703403468627666
row_016582,0.7096451909902879
row_010421,0.16744510171024735
row_048496,0.4786503594970337
row_026056,0.28012476884769244
row_005233,0.27641980094640517
row_003407,0.24431811373872067
row_005787,0.954415606544406
row_010992,0.306225543472385
row_047172,0.6875526884796157
row_009583,0.9346725727465431
row_035703,0.7194774365707512
row_020909,0.0806286758707694
row_012088,0.5861278718526989
row_004009,0.29785855801632444
row_040555,0.6291139962798972
row_034647,0.3176307430296485
row_027123,0.1243833359776267
row_028297,0.6916872342362824
row_021846,0.11064462779861586
row_033992,0.8676215174008293
row_013741,0.5407084363607216
row_030986,0.4559110083188723
row_006824,0.6925035411140079
row_000681,0.42405618066391787
row_003118,0.4907446632386283
row_016960,0.3656800245682515
row_009122,0.4768296511234116
row_016398,0.7713025784010412
row_005705,0.8737374278138106
row_007893,0.4448483270486032
row_008812,0.19202117120883508
row_023842,0.4842014015533052
row_000894,0.30795206557597726
row_040926,0.9084435185736434
row_016083,0.0029622558460035905
row_005938,0.09552140837998276
row_034480,0.7104272054628046
row_033713,0.7709231245032669
row_026448,0.43565953618139175
row_039540,0.3548787154396849
row_048872,0.9530781696345321
row_013569,0.561147647599322
row_021819,0.5840858398668732
row_010023,0.5110105346700287
row_018826,0.23196527509707227
row_024015,0.48882455607323416
row_018335,0.5323321435083888
row_013240,0.05127530224835235
row_000153,0.22949336632228395
row_006110,0.04544662676386624
row_004920,0.1826040892272811
row_023168,0.4511579005733106
row_037012,0.4723123750550513
row_031903,0.07793900730099497
row_017496,0.5457558503296557
row_026478,0.310257821195657
row_049543,0.25509837966343535
row_026252,0.17708267586768894
row_016689,0.21833453381831852
row_047056,0.6740906266130995
row_004506,0.4241568887054468
row_005340,0.9192401957145802
row_029395,0.1449130801790814
row_028392,0.8703861120912044
row_028833,0.14980993808554738
row_024690,0.6931751987933703
row_017590,0.2918819133924853
row_009446,0.12086875555232876
row_011639,0.34035849044235844
row_013779,0.3510748652424718
row_025199,0.32146074229595434
row_014813,0.708241840988649
row_047934,0.21106641717867056
row_006297,0.38255432187757
row_021053,0.1072694789876637
row_016753,0.06893506715351969
row_018152,0.8242845083267671
row_014472,0.37127062078020945
row_025566,0.7660748679422436
row_023627,0.5939851086171315
row_036160,0.09269451507095884
row_018230,0.5082835053912869
row_034358,0.25777013940775545
row_036700,0.46181402312541997
row_006174,0.44208906143969084
row_049667,0.2966720834549059
row_010724,0.15057606052175374
row_001860,0.2839791297793101
row_039998,0.6125008734518584
row_046283,0.11298820549834951
row_017104,0.6162692661326875
row_044931,0.22496048476179686
row_048768,0.14329999529610513
row_019138,0.750000229955514
row_028273,0.858957620483662
row_027941,0.6717294725453884
row_027607,0.029857197872294794
row_010883,0.24806076950585698
row_039472,0.9716486440753683
row_025908,0.2630885879841432
row_006331,0.7628960783860453
row_024122,0.8263250889140905
row_006391,0.34042771749659
row_033727,0.3895578936714804
row_031330,0.37843371054605734
row_044634,0.4977824843839342
row_015175,0.09415589389336933
row_039796,0.30479587192490615
row_027577,0.10326135000014584
row_045695,0.9026476762498146
row_029135,0.4007007858668394
row_002685,0.5294822912786749
row_046371,0.5856641267831253
row_040942,0.058022850639397265
row_045110,0.10973840841198759
row_029578,0.6383319421992492
row_020654,0.4119883973924938
row_043748,0.2881147272205003
row_016674,0.9206476866210893
row_043694,0.5485042775723974
row_000081,0.752045053698932
row_019727,0.1663799134685278
row_033363,0.24590398388220858
row_022007,0.34263671259674594
row_041637,0.21092103651097466
row_021667,0.13397346894481796
row_038403,0.731622631466534
row_014150,0.9309968896925888
row_046268,0.6197659094151324
row_013733,0.18554182073826006
row_045313,0.13346400366518194
row_038106,0.6379963185378498
row_025250,0.5908326931427559
row_043237,0.844652600482843
row_046319,0.5162703375673213
row_014797,0.8746597373549084
row_038141,0.2847344662395619
row_010581,0.3904965851768111
row_007826,0.3524674650748138
row_012775,0.385003938091422
row_021916,0.5305960961768402
row_045715,0.26502137731687164
row_048923,0.43158505493407956
row_015090,0.2599116493246688
row_038281,0.827294724168297
row_022767,0.08298663211915513
row_004482,0.4276203107477813
row_036221,0.5105578490421789
row_006857,0.4533677153185813
row_011858,0.5266236965534073
row_031040,0.6250130935214684
row_048825,0.19343671919047178
row_037118,0.6791637514710227
row_023151,0.16321689156589492
row_001046,0.07616829233683252
row_003327,0.2834848246189073
row_004119,0.14390500564733735
row_028363,0.11902676944545255
row_022440,0.2683849894584093
row_002872,0.6755121414425591
row_015724,0.32968709258067036
row_015545,0.6945331369311899
row_001150,0.32453054192730485
row_012250,0.23178914893745123
row_027158,0.4206743465489802
row_005474,0.46673088473405205
row_012694,0.5281606949673824
row_010781,0.25611249539629083
row_027969,0.35512348499477614
row_035160,0.7516801968638253
row_032947,0.7247528704994878
row_040711,0.4646111620490153
row_021227,0.028157067886756246
row_041087,0.828305193725645
row_047652,0.5132789568045757
row_019639,0.11431524293781704
row_047102,0.04208218288980477
row_023640,0.6231229993463893
row_026014,0.5313184312503859
row_045311,0.5832105984505699
row_042087,0.4294597589441441
row_019326,0.5434423668950449
row_025581,0.2628285372745898
row_046723,0.4705000427027986
row_007528,0.22249128421988676
row_038074,0.9188403028024491
row_043404,0.9143946856609525
row_011556,0.5524811861752866
row_027378,0.023471168825153103
row_001014,0.5067833638143336
row_024195,0.6568917208024403
row_033194,0.5181595114515137
row_024621,0.41098917098840654
row_027673,0.6125198240302123
row_028912,0.6399836015179247
row_044564,0.8981545891168687
row_049939,0.6986394490918908
row_030426,0.41345168746859856
row_006008,0.46067208194262793
row_036423,0.17436308821040897
row_013211,0.6077466088586124
row_019466,0.9284864835981022
row_009515,0.28078098943134894
row_019346,0.36870032854914636
row_045254,0.10406661514858284
row_003008,0.8731779537400806
row_020809,0.6413062325855354
row_002344,0.3184024512140031
row_035268,0.7473043602394386
row_049199,0.5350276881029906
row_044449,0.3865441947747581
row_018175,0.3843750582816495
row_024680,0.05943547529745686
row_001783,0.7949672328975854
row_000457,0.12584328685798546
row_027388,0.12217396328529471
row_049250,0.8065047596572207
row_032767,0.2844014313549991
row_049390,0.24871385215958727
row_022294,0.15437916792223425
row_047219,0.66502791307043
row_020670,0.12643907318925113
row_046390,0.5854777600595946
row_018949,0.43094166666004685
row_028703,0.8570171070516291
row_032948,0.29496617532127983
row_004450,0.5717445049085716
row_034868,0.3502797571136517
row_045970,0.40175157147184026
row_010874,0.3636088145983254
row_031705,0.7143036651683482
row_008287,0.14804291280568244
row_008782,0.46415531759143863
row_013966,0.705246188003451
row_002309,0.40077381669161377
row_007768,0.5031343042044315
row_034793,0.34794075199482594
row_049845,0.39301425476326335
row_048366,0.20344761053918045
row_030003,0.2996788030216211
row_021508,0.4840287545081309
row_008428,0.41120893183406937
row_004617,0.22958412704832765
row_014031,0.9256161608041642
row_025734,0.14244730360960708
row_005590,0.6941562504924093
row_019945,0.09330540097309124
row_010777,0.2282546277393609
row_003127,0.8864612071181142
row_000815,0.7486499096249924
row_028275,0.7703555561934643
row_049649,0.25493366277321694
row_037068,0.24910462332278052
row_025394,0.4821811616671624
row_022611,0.49380868598838357
row_017910,0.5590398202036868
row_027220,0.9739640489458448
row_022949,0.631224282509307
row_033082,0.7306316119031563
row_044088,0.32363014168680476
row_049027,0.640045888712074
row_045915,0.41653445638010517
row_031002,0.372988424664983
row_032037,0.4149628004413201
row_033331,0.23988601020809866
row_036046,0.39837043000720074
row_049054,0.7623937443027633
row_015302,0.4170864164214785
row_022291,0.7149658009578289
row_032565,0.5954544197728775
row_033658,0.7237437970920314
row_004624,0.2173307033274734
row_014259,0.5397867266508986
row_035006,0.0024765389520663484
row_024458,0.6827306135257027
row_021903,0.42703677603666984
row_018630,0.3502818679358499
row_021600,0.309542659272135
row_016709,0.48390236186073
row_022040,0.20909674458933564
row_038249,0.2914259019371245
row_033865,0.5851984333876024
row_047813,0.2958690880350368
row_015224,0.4220967354790297
row_004994,0.504962294501993
row_006135,0.31452790899462885
row_020142,0.6173972047487735
row_035963,0.22704285115925868
row_019736,0.543301528402877
row_036625,0.13348502672867252
row_025743,0.9754524811709058
row_036858,0.6433348438784285
row_025622,0.18044228189796555
row_003768,0.21014802775494326
row_001022,0.725325198138269
row_005061,0.6805335859650393
row_043485,0.23249990000882187
row_037905,0.7102988947616041
row_022071,0.752361522138711
row_036514,0.6860535983269394
row_034639,0.31218379683245645
row_047964,0.22026751130798766
row_003442,0.8916163115585167
row_013343,0.675165432144173
row_009361,0.031702330955818966
row_014383,0.3803296844898543
row_027925,0.33003964292145677
row_028670,0.6849181141193569
row_037264,0.025164285845364478
row_012559,0.851360812424538
row_011998,0.8038415220459109
row_007064,0.08204828150390707
row_022746,0.4619824035666755
row_043495,0.3803741067517828
row_039872,0.2239173736735316
row_024344,0.4496361069583425
row_009175,0.4302205401225103
row_023857,0.5159743687029519
row_039203,0.4983092408548174
row_042869,0.02898621701310944
row_010473,0.3910446098328861
row_027456,0.4397189067477039
row_039694,0.3292455991070646
row_006705,0.045879391551177644
row_036587,0.19996625711320234
row_046207,0.5357903206541694
row_018847,0.514680649829654
row_028883,0.5436486893037349
row_036392,0.46252627975120175
row_039643,0.4930517978025672
row_049991,0.07813312748524072
row_016840,0.48831632101847433
row_027644,0.96654010893918
row_012347,0.34064119610046706
row_013463,0.6331028097730012
row_026449,0.7531828482980468
row_012695,0.5045020547423648
row_031666,0.44332099143009174
row_038156,0.16784285063367557
row_014539,0.1191640657548128
row_043501,0.6138992362700293
row_039534,0.852468429729955
row_032659,0.6253273432639374
row_021228,0.10283854218388584
row_001146,0.37728336909417476
row_030284,0.6900716943096968
row_037301,0.12413608537617882
row_033490,0.5775306437573126
row_020299,0.6980261547014148
row_009082,0.3655251830255241
row_030043,0.40350192454126077
row_022857,0.524226121197653
row_003026,0.1094441161480956
row_004479,0.0742224047348072
row_036512,0.25867658400684185
row_039135,0.6918943868982022
row_034360,0.6319977512655338
row_044238,0.6807951054465731
row_024957,0.19540361006254975
row_028487,0.4824109703779831
row_033813,0.6874449788111677
row_039866,0.04861964772004995
row_032308,0.2917257186496521
row_030080,0.5545255120276447
row_032292,0.4482411779786258
row_009448,0.35314854969807474
row_014851,0.3555312934949405
row_018440,0.18956714969617466
row_029200,0.050729705498907804
row_013246,0.1248238013194405
row_040771,0.47970982207742147
row_041104,0.2347373619452264
row_024564,0.6210196795126304
row_034341,0.5480863484563817
row_000982,0.02459369703034416
row_017299,0.5056167390188776
row_038207,0.584059047321485
row_010089,0.6203582718840264
row_035794,0.5813598485143844
row_033316,0.3504878023879274
row_016126,0.11516447493986312
row_020157,0.1029291847386988
row_007316,0.3955508828219839
row_026833,0.8879010327111433
row_002564,0.320733203580122
row_038978,0.35053489382283587
row_015211,0.2900710714626969
row_034804,0.14054016985522885
row_015296,0.34668629094151326
row_001292,0.9686778881919337
row_015397,0.08479813751849949
row_048283,0.42240113295735243
row_040038,0.1977328879517792
row_047791,0.3069544139561734
row_045369,0.3667662396576441
row_037796,0.2171158759715214
row_039815,0.3776402240123587
row_031142,0.9981720111030089
row_036380,0.2793623249522815
row_004226,0.25880151211924357
row_023887,0.5378770452763821
row_023872,0.23197183511241737
row_018558,0.20429666768024868
row_005802,0.5983087098351662
row_045400,0.6792850448993816
row_041680,0.6402959559695324
row_045214,0.5631313169316827
row_038012,0.0467712157022859
row_009931,0.44480591732259783
row_042510,0.28506418395535876
row_043909,0.9999846521967761
row_004138,0.790115101556983
row_010862,0.506058441234012
row_036956,0.09212606044832476
row_035709,0.46373224305986116
row_000307,0.9501087637916993
row_019428,0.043847124366149404
row_022408,0.11911222366816202
row_006568,0.5500310693541871
row_014553,0.3358944457020677
row_024074,0.47980757431639276
row_021715,0.33872789866513625
row_017482,0.27797395740796377
row_015943,0.7309015856982892
row_005397,0.7325424341741192
row_045452,0.6933681148711536
row_020039,0.5277244684413822
row_006066,0.974316463358078
row_006813,0.2089295679744415
row_012167,0.20016583493143505
row_045771,0.0540875487593427
row_032443,0.5011235213716349
row_027526,0.6260395746532544
row_038705,0.5867406558124325
row_011100,0.3005604604193412
row_005781,0.5436855881088212
row_024311,0.6386403144732058
row_008565,0.8086548240172221
row_024427,0.5934520244356074
row_008617,0.05372744987592728
row_049026,0.4632850701962593
row_027698,0.34580654342228584
row_029878,0.1716694619795746
row_021072,0.6692468915229943
row_028799,0.22499814075484412
row_020056,0.10275296105825292
row_048912,0.04968522179714416
row_043947,0.32140101125285375
row_001454,0.5429792649323285
row_017659,0.6594299852021329
row_000961,0.8849487505338112
row_009311,0.6823958266403358
row_046166,0.3672158545381673
row_048410,0.18486882826582496
row_009636,0.45271632320016053
row_041983,0.6537052288175607
row_001812,0.16141384721524868
row_002811,0.2816790738431961
row_006493,0.3267667573883896
row_025109,0.2411981651302947
row_010411,0.7164256604886012
row_040001,0.39708604414507803
row_017665,0.45139555406550874
row_005310,0.49899205022796017
row_007988,0.1217388402070531
row_047708,0.5827854566120921
row_016661,0.3209982496964169
row_047228,0.33731314001654195
row_033297,0.8154706640648327
row_001711,0.40129587926579785
row_046322,0.35150328413549936
row_032385,0.42277421377859553
row_024022,0.38432515421685437
row_003003,0.44448903969485665
row_045133,0.0508748850356504
row_041909,0.8923013635864899
row_013615,0.21234036882215718
row_014791,0.04225993897484513
row_042231,0.69328858299268
row_045902,0.35007873487883917
row_023426,0.5903169172332088
row_045086,0.5958142092477644
row_048207,0.5604783155762858
row_020447,0.5359571155697659
row_001047,0.30791310301922814
row_040203,0.4794958470386352
row_003775,0.6450678689461804
row_039039,0.34140694250621234
row_012817,0.29210921975928644
row_006754,0.41498097520572136
row_008026,0.07650304909603926
row_005558,0.3498360560802057
row_006785,0.3998756781022397
row_024466,0.21569938682705878
row_013125,0.13068234852434016
row_031794,0.5316925390947427
row_008356,0.8639528758424262
row_026533,0.6715659883993161
row_027703,0.07547839856217053
row_011927,0.530351619792282
row_008529,0.16109514354558968
row_023305,0.3582087549717721
row_000266,0.4544507727415464
row_043188,0.1413700316310813
row_020861,0.3186989752575702
row_024506,0.840245751827561
row_019447,0.3160795741885348
row_025227,0.5657488180723786
row_038136,0.5325360277781425
row_025705,0.6238876701829836
row_031213,0.9009802602047225
row_001354,0.9286764139087004
row_041989,0.669211710330297
row_015280,0.7976504238611016
row_003045,0.636977336750168
row_008280,0.20649624814376386
row_036391,0.1996960581204856
row_009700,0.023941906138315084
row_031739,0.8444477736149859
row_029137,0.47457489600482083
row_044474,0.2650715794073817
row_003943,0.3172386396526588
row_040328,0.8499239411178493
row_046889,0.6608543565127671
row_049020,0.20634454966271526
row_031756,0.6524854210447142
row_032471,0.3756440188828734
row_030964,0.7343243862598164
row_012038,0.42695097862871234
row_014022,0.6286325235488023
row_035990,0.3012128411514843
row_028056,0.5311130052613163
row_029797,0.5736028520191091
row_017193,0.21212202216149584
row_032553,0.6685025747309242
row_026714,0.3884929415414061
row_019584,0.28596112694572107
row_026420,0.1650801802619413
row_040590,0.39454645374576713
row_016014,0.04457073723444159
row_019448,0.6512250709344194
row_020879,0.023010841660500866
row_013922,0.2733249259200045
row_048520,0.48147077128641697
row_013046,0.139860176550251
row_035647,0.4106997018736391
row_035241,0.5529327687167478
row_044130,0.5792295301856606
row_035838,0.3366414788862514
row_009823,0.6841128102929407
row_036485,0.43772158698586594
row_039819,0.46664907138887884
row_027756,0.23541673907138044
row_028247,0.8692053490319711
row_005297,0.6387553804224538
row_008556,0.4277704582668566
row_045988,0.6779966770261389
row_031220,0.6206458141981495
row_044196,0.32335468735412093
row_019990,0.62015297218017
row_017684,0.6021821670614249
row_039065,0.557220113104892
row_017177,0.012317018376461946
row_029194,0.6029623790953548
row_020496,0.5933765810256981
row_010600,0.6848263317166997
row_030347,0.3354938207759776
row_035775,0.5481693800658296
row_049833,0.20331286979698202
row_041905,0.6428898303739744
row_044185,0.7609647481490432
row_000998,0.4431670473529458
row_007797,0.31887771173385776
row_002160,0.27585671636939946
row_040171,0.8480152081985286
row_029781,0.3092835452298278
row_035499,0.8501802554039555
row_045192,0.19232324253601768
row_028060,0.08446036898839424
row_030354,0.002489676633293431
row_047686,0.5284169897974962
row_010530,0.685159647618439
row_020711,0.21491758993556692
row_039679,0.545099054252741
row_002668,0.022421216744531083
row_047601,0.29359802389513184
row_008566,0.160993273781889
row_036775,0.3227390683033266
row_036254,0.560616024531555
row_039190,0.3355960392286471
row_039270,0.9845891399203375
row_006528,0.08610470180102048
row_049546,0.2955020855403394
row_035881,0.2880653662828134
row_045280,0.38202044768974036
row_026045,0.23733344633540307
row_010741,0.5936817084711511
row_002764,0.7396533654845978
row_048959,0.31724255724874245
row_016277,0.4983992670319491
row_046605,0.017541199584542772
row_023693,0.36918023392815397
row_034572,0.6199777688659542
row_038511,0.8092039484645458
row_035450,0.013408324575360508
row_024688,0.5341145692256527
row_032764,0.46217374658179877
row_039072,0.41435773752114285
row_013262,0.5712651816837337
row_043203,0.0368710261315754
row_020117,0.44278617675912163
row_031613,0.11040150538496471
row_045000,0.4029048280286188
row_031788,0.11901935755256063
row_030309,0.41710921762377895
row_026212,0.49502259808335497
row_040762,0.7359811442960005
row_045851,0.11135970414703837
row_029461,0.4086910331356645
row_019589,0.21229471600729402
row_000751,0.8658024925737485
row_025979,0.9422072372795595
row_000799,0.35901537620002044
row_024938,0.10448926760227688
row_029651,0.9285900234229378
row_044263,0.40267114606103427
row_001461,0.6140160506746926
row_029525,0.439293345570474
row_006567,0.25711257846715807
row_005573,0.07547008245176122
row_044694,0.27894734181911907
row_002437,0.6291157460790273
row_009064,0.23433516520647532
row_031876,0.12464098337522624
row_008802,0.3728240541991071
row_037433,0.924957394479827
row_013730,0.15195188270070095
row_043463,0.477162926430885
row_005093,0.12138681118482574
row_035983,0.2697768818894012
row_034759,0.11574866785067357
row_040847,0.6274858540907466
row_003030,0.30548635357188086
row_029346,0.05924849866264883
row_039693,0.3554074546391587
row_047706,0.725187409745652
row_006920,0.19038590173698347
row_005213,0.7542950514506244
row_029709,0.4969726173071656
row_001211,0.041421496345842614
row_015202,0.3923106952368803
row_010756,0.6847319184112473
row_048354,0.7118740120158427
row_045246,0.8028421295818494
row_029359,0.9395630183983642
row_044562,0.8816073704404622
row_011855,0.28528296594146607
row_030916,0.5864864041819298
row_011701,0.24374065487520497
row_024250,0.5292440778824012
row_032894,0.2771572201941075
row_043033,0.31498818196205897
row_046954,0.19217163651596914
row_016811,0.5492088032600635
row_018738,0.6949382890362078
row_019636,0.5924611519491236
row_023081,0.8298660547733144
row_038044,0.30174220263875007
row_027160,0.483585359895905
row_039527,0.4525376072705294
row_025369,0.41369995867877446
row_023286,0.3313630025857356
row_017687,0.515887261926597
row_008219,0.2195694542952309
row_008821,0.17188228843505143
row_019824,0.4870973378539102
row_036022,0.34516446293273656
row_010877,0.29464222030891013
row_040534,0.12714700287395922
row_027653,0.5067120894691169
row_011873,0.319371378388364
row_048847,0.19449182025927506
row_042922,0.2823680822344504
row_001450,0.4431808515520742
row_039996,0.3450577264946555
row_044201,0.09751512103157957
row_000991,0.3102301415851314
row_040105,0.3753146414387726
row_045764,0.9933937909856463
row_037658,0.4172046981335052
row_024945,0.5857611604261876
row_011322,0.408699598773441
row_038386,0.47748203659994515
row_004542,0.413987704503986
row_027204,0.32280109195222156
row_042817,0.5537550144587862
row_037045,0.42187644864471485
row_038952,0.0801254485747346
row_033332,0.5020437878770602
row_019610,0.5860161207452246
row_037469,0.5888036709556752
row_005436,0.24449393565793892
row_018810,0.5955471847557791
row_007353,0.3327997832592034
row_015995,0.6405601180059146
row_049032,0.25562852336454417
row_004208,0.09529813841744991
row_014504,0.48230962416314976
row_020583,0.13868368562086725
row_028959,0.9580822237168469
row_023384,0.7689757111114786
row_011087,0.13424927718752813
row_016029,0.5426429857833586
row_010179,0.6316462250033631
row_011708,0.3076206348096188
row_027478,0.06321050074059927
row_043577,0.25932816822925653
row_013967,0.2726547702308559
row_049124,0.15588988831241754
row_023104,0.28456084835863044
row_032650,0.2863489598752727
row_006009,0.5530598973732663
row_006410,0.6948192394610458
row_032975,0.552465117279566
row_018954,0.48082081191019366
row_029866,0.5776151833654082
row_049364,0.22296461390765365
row_002285,0.5304201912889155
row_021522,0.9307383246067479
row_029492,0.7347357637878303
row_001395,0.6058292260754904
row_049085,0.22624116461734034
row_042935,0.7933733614314802
row_004175,0.25404189557368406
row_017114,0.8253811840874378
row_018925,0.3682941813466488
row_038433,0.6599604072557175
row_012431,0.2574518234664504
row_030662,0.5180464353341357
row_018337,0.39190634915095846
row_014271,0.23427422098048614
row_002521,0.053899813954458115
row_014037,0.4600672171961673
row_010431,0.2695597828613681
row_034025,0.4700172668530685
row_027098,0.35866616267354007
row_025670,0.4768256026533422
row_039395,0.7555004586518654
row_025610,0.0685606246341524
row_037221,0.31423238626900046
row_032253,0.5370732392198705
row_025293,0.09853290824055494
row_048007,0.7138022904019384
row_023440,0.7633566758055085
row_046481,0.3843613475755464
row_014086,0.4801288508259632
row_012664,0.42214195218274947
row_046996,0.2591782688896525
row_038122,0.5643001375764877
row_012039,0.6623843453883098
row_040185,0.6439016225518812
row_014876,0.2758376176341255
row_032099,0.016111714273293325
row_028863,0.2984295846838027
row_005605,0.08432238426893468
row_033964,0.15491964537479289
row_007513,0.0911701865013556
row_029802,0.4884411738741457
row_017449,0.04264194249874232
row_006376,0.1505037312074915
row_033307,0.164373184234592
row_029640,0.3824015104865388
row_025472,0.7674458816522979
row_008857,0.35123812578547714
row_003710,0.5272451252558203
row_014130,0.5463281032009246
row_029163,0.4439627815989365
row_018743,0.6524502167612786
row_000676,0.5949444077234113
row_025410,0.14166053595736824
row_000222,0.9043080031647966
row_024027,0.3877452468738347
row_043343,0.9702171608060741
row_007701,0.6714204413016359
row_025122,0.5159202204863185
row_014700,0.10638410276171582
row_042967,0.385571144648177
row_000463,0.6618140553594408
row_030756,0.4368048321198426
row_027663,0.574659267788394
row_016282,0.2209245695382271
row_025865,0.22631620514723513
row_019694,0.4533864968569398
row_008779,0.23281432637825228
row_018990,0.48744325697831914
row_044718,0.14334948603914224
row_049376,0.542367398203953
row_003336,0.44834972833218345
row_004433,0.2779149222624098
row_029357,0.906362743867522
row_003111,0.048343172938028804
row_041584,0.11075103703468378
row_044092,0.6462390629502685
row_039879,0.3078431424845336
row_021185,0.6122622843649078
row_030491,0.5174580053713699
row_031777,0.20815149406289712
row_048938,0.7044288701919448
row_048489,0.36997463691237
row_041076,0.8425514944022254
row_008067,0.38358359860804575
row_043959,0.34272057189443367
row_017965,0.6278131898397118
row_030132,0.6369946398750387
row_021542,0.015049853897596365
row_025403,0.30257232391690686
row_012978,0.19832940805390897
row_038101,0.2698762206568884
row_034318,0.26882376206936287
row_013132,0.5572089040571728
row_046529,0.7431580018143632
row_004065,0.6811964841186096
row_036733,0.38220924002572376
row_017274,0.4950321060346389
row_043198,0.3871316031052457
row_004233,0.727486703616371
row_046480,0.6008526815020077
row_003504,0.19792442966422322
row_032453,0.584923041540488
row_048321,0.4115219923315595
row_047122,0.31159620767236546
row_017725,0.5917234108496481
row_043350,0.08575472201374007
row_034223,0.6003018697483247
row_004192,0.3662141896464267
row_009562,0.3494182788109733
row_004475,0.8769973754991537
row_031899,0.8147988564663492
row_038399,0.3418653216897681
row_030336,0.3419040736541206
row_010535,0.39885740067003544
row_041765,0.3581821689726986
row_003117,0.24684373485874136
row_021331,0.26758982511564383
row_014229,0.6072105622558644
row_022797,0.5612217188757116
row_026375,0.5274660661462889
row_035586,0.8879067072174739
row_017522,0.49600625935790765
row_049160,0.3413205956753633
row_049480,0.6202505608666012
row_007892,0.3719275590439457
row_002925,0.5227759569650805
row_014101,0.03151655195650498
row_003233,0.35499094031494727
row_038370,0.36183824435531026
row_006039,0.9960854074805446
row_043179,0.5881241803792777
row_006784,0.5628204781138368
row_048749,0.5299312561851032
row_012891,0.08300532961720342
row_028467,0.25030434227568193
row_029454,0.20710177543960326
row_029990,0.6318711402363029
row_011169,0.4454365186181046
row_018824,0.37710596579326067
row_016805,0.9703540697143236
row_023989,0.6970166146361221
row_040823,0.2132049146889207
row_028302,0.379756432807953
row_005094,0.40949639638780394
row_014443,0.30286050449977275
row_043863,0.08015920880763494
row_035434,0.014344459128762144
row_033724,0.6710375994952057
row_036665,0.4602815533189946
row_003449,0.2502395410953879
row_016967,0.17700622825168638
row_000317,0.5669307752769098
row_026434,0.14165632412591908
row_019767,0.464872264258171
row_031125,0.5067883383100193
row_023785,0.6314594834648899
row_028338,0.9342819878241455
row_040689,0.2111715614442058
row_018698,0.4116495431095097
row_028875,0.4111382032271943
row_015337,0.02274672798782596
row_005118,0.8480635215750746
row_015719,0.3680276689377102
row_048390,0.32549208615654696
row_007029,0.21110768020137474
row_049399,0.038412685445155394
row_007495,0.6017865175380644
row_025266,0.4843891757334079
row_032472,0.8489316346704318
row_016116,0.6832581256830101
row_034483,0.7696176180181521
row_026873,0.4947329400677604
row_038022,0.15492715763192227
row_010660,0.2978868824900278
row_003424,0.24666258354373577
row_000290,0.6975648741026789
row_021061,0.5154532305017007
row_023847,0.1752346564358261
row_004986,0.5668367129269556
row_023584,0.0008637630766788722
row_000258,0.2855577785911592
row_048512,0.6669834421902641
row_040658,0.5016840214601703
row_038419,0.3861689025816481
row_008127,0.4489356128299706
row_035795,0.09268978647884053
row_038414,0.38472941839976504
row_036395,0.17158405346175465
row_048431,0.07071863463843472
row_038686,0.39226018043801264
row_037640,0.7412089707123678
row_029758,0.5934412624155385
row_028344,0.6554835584920392
row_001304,0.2860142491461633
row_019213,0.5916294416263251
row_012676,0.3661998179050687
row_018938,0.054643164853695324
row_019867,0.28077387005127297
row_034376,0.26262132797366106
row_003821,0.3970487442417357
row_017750,0.6026297094752302
row_047710,0.3162335349572753
row_027454,0.4899444410684379
row_003793,0.27427936325811436
row_028360,0.3505251806578837
row_035051,0.48262445781530156
row_019451,0.11099064542057874
row_010458,0.6810627317631914
row_006840,0.3214047642312043
row_015984,0.7293801425323901
row_035815,0.5367534853197744
row_030438,0.0966032904361274
row_029997,0.9802089207885112
row_032269,0.46141944515346145
row_028684,0.37101538036302345
row_014650,0.31325598770992896
row_014132,0.148931452644374
row_019391,0.33948468361537776
row_023450,0.17246143484354232
row_001556,0.08440900091744931
row_049644,0.5282744433147325
row_045465,0.37355744611088476
row_023969,0.2289710329394631
row_020683,0.714554997291015
row_010646,0.5828505049815951
row_022301,0.4312559238429966
row_026264,0.3300136529352821
row_029168,0.47651793164752587
row_037912,0.3422624073306189
row_028071,0.554479726883294
row_039033,0.8437198842932572
row_005049,0.3466166749102301
row_013153,0.506124348745079
row_017709,0.3613603408177097
row_028526,0.6201604201017676
row_042778,0.49776264857615393
row_014994,0.8552985280364376
row_039711,0.9552760728422195
row_021582,0.44083406074162507
row_036844,0.11426092436690033
row_012435,0.5168306606106067
row_036864,0.46423966144698153
row_029424,0.6434547597628982
row_028527,0.43794375060972646
row_027133,0.3351593555271589
row_004142,0.07310776997525902
row_021299,0.5849442115811639
row_034059,0.3191211412687526
row_002020,0.7834533529154959
row_049491,0.9237217598687754
row_024965,0.6388764224678113
row_043484,0.14763797601991938
row_004738,0.5149848231039846
row_026824,0.036700399241088325
row_034458,0.33329031872279274
row_029831,0.5265898394241687
row_023074,0.12286513358605583
row_022722,0.45238026380168733
row_034267,0.6113879922182911
row_025925,0.36202559327106787
row_025675,0.6056924457085724
row_009712,0.596893440888479
row_008404,0.5154502504354828
row_017206,0.0005755786917793101
row_035707,0.2605548110643045
row_009338,0.06693590258592164
row_041425,0.3214049092926247
row_045403,0.17170371024730482
row_037050,0.6596269642085396
row_046422,0.20650328322030534
row_022800,0.833423411066029
row_020417,0.08381075595679531
row_005999,0.5850536315551876
row_007841,0.31459587247211507
row_035716,0.7649845519722754
row_000816,0.5973906182926042
row_033061,0.17695440440288002
row_004038,0.280030347294004
row_031761,0.7059171821908123
row_036432,0.229006286678092
row_039058,0.547762156971262
row_021990,0.5362664432733981
row_017870,0.6340434138602717
row_003619,0.2629879647493441
row_019183,0.44571718927469955
row_047303,0.17601366529866827
row_008623,0.14551788558047718
row_040961,0.5951575668020427
row_018448,0.5831340304676863
row_019048,0.11059140412383468
row_038261,0.5546125735057201
row_009247,0.4183855844572093
row_041534,0.5871198183510908
row_025661,0.5174029266877856
row_011046,0.18788657350439356
row_037150,0.043018042150056744
row_032568,0.9911054795943648
row_006961,0.5369752047734223
row_029690,0.6592054832196272
row_020433,0.5779074556019194
row_002826,0.24317866100172003
row_002617,0.0005692321029701335
row_040949,0.681904454950028
row_004187,0.35932991786379836
row_030649,0.3107140547254798
row_026947,0.6517840433878996
row_017459,0.2479856800983594
row_008887,0.38491970538727915
row_034874,0.500193198611328
row_033096,0.01092595350855938
row_030997,0.3358176678630034
row_014852,0.18084824769059576
row_042222,0.8484040109687064
row_045814,0.36353556380328467
row_027335,0.19564116388626016
row_027193,0.5431201867362803
row_022459,0.6237179490406606
row_010899,0.13359058925168812
row_020124,0.4353680334366353
row_009340,0.12260956589558727
row_030806,0.2635295516881255
row_003028,0.15212338263478525
row_021001,0.33408790369125513
row_048636,0.7702872202110268
row_018943,0.5848803543174576
row_047075,0.3110679296826762
row_028868,0.2087661549681039
row_025688,0.6139494560180064
row_023110,0.17475730506417345
row_017556,0.836237648984175
row_023959,0.197252878850619
row_006388,0.9162641269655217
row_004215,0.027416769237193085
row_026081,0.7187489416200346
row_029322,0.38268922344555745
row_018613,0.8645717322508051
row_041292,0.17047156700176166
row_047778,0.519732930202695
row_010578,0.11396149053253535
row_038650,0.03711247401098105
row_018732,0.5057266280654704
row_027870,0.8234051747938025
row_013320,0.602997087736595
row_029274,0.061327727068527065
row_027095,0.24192301818380493
row_021391,0.28719633509152304
row_035370,0.1780648588018228
row_047691,0.2849922172769728
row_022411,0.6463882635162672
row_024572,0.02336177808648319
row_049597,0.2772819300139017
row_008331,0.19769349081186002
row_000362,0.2536885033387335
row_037625,0.9533681168881175
row_027276,0.3884092231122999
row_023995,0.666494124554651
row_040002,0.34571549142137736
row_043306,0.4713346047091268
row_030196,0.37649644608064525
row_026969,0.4820909600657789
row_013029,0.5537076504347773
row_013601,0.39201826080093016
row_015413,0.061402459115545635
row_018928,0.6894795192238365
row_046772,0.40266408559938643
row_035509,0.4564378517089235
row_014415,0.23009535774932524
row_044419,0.07168661775600427
row_039838,0.42599611723577674
row_011991,0.9519906537689355
row_039562,0.33777736604989705
row_021612,0.09706859376216662
row_049933,0.018919901569326637
row_046013,0.1889293525978179
row_032743,0.27011919686434466
row_041100,0.44707898820786385
row_000254,0.34983943613997304
row_038574,0.6038798986635815
row_049769,0.46210849819832034
row_032763,0.36582156191028764
row_044632,0.13268218369745238
row_032569,0.5195216964158184
row_001945,0.4798452850255595
row_034196,0.09916125217492977
row_019265,0.930666089946093
row_010682,0.5427523362459493
row_026686,0.42734389904028536
row_005026,0.11750723249541162
row_038822,0.17445736392226302
row_017493,0.14189341586010246
row_016337,0.46234948279269855
row_034938,0.7740041304010242
row_018800,0.5279994758404657
row_020052,0.5927069324463763
row_005886,0.24100206351601172
row_048215,0.6312145922516026
row_038895,0.660716027770409
row_026219,0.059702058181953205
row_029560,0.5297336562060903
row_005189,0.8102596420849203
row_019770,0.14325955821334763
row_009000,0.4468976215125803
row_016503,0.7421222762902445
row_025773,0.6054600055110113
row_006967,0.14554135391165954
row_032179,0.14964081563662301
row_041858,0.26570710285080623
row_030198,0.6914313371794207
row_025833,0.46969806205167214
row_031625,0.13541507847831258
row_020295,0.47097882116005213
row_032425,0.322475488593431
row_006219,0.36222337070008304
row_002648,0.4081610064567575
row_034810,0.6468543532475352
row_024104,0.2941909664812166
row_046545,0.7228855766459183
row_026768,0.8518709684012806
row_030271,0.31619813658340956
row_024093,0.2758311403155474
row_037289,0.6838526788131876
row_040786,0.21973085765112538
row_022345,0.15746228207814364
row_020597,0.23386564555093448
row_038225,0.8270810041182831
row_030444,0.10044809528739645
row_032288,0.7899324216096353
row_007800,0.38247721468523177
row_017841,0.5491749658080648
row_024910,0.7103239465556014
row_005977,0.4078801986190598
row_006021,0.4936373078238829
row_049205,0.28323382875927905
row_040898,0.09941269635736234
row_043002,0.720492937771708
row_003655,0.32979605148303237
row_047926,0.3521326599529207
row_012103,0.4792628402807148
row_022069,0.328654005147768
row_009679,0.7123719686303752
row_017437,0.1973095227254887
row_018428,0.43975714522913684
row_037684,0.8280020774777953
row_036980,0.2046575506905062
row_037906,0.5538720261931759
row_004848,0.5372185895269398
row_045564,0.7167105019013014
row_049237,0.0593574543673543
row_034761,0.6446168665807711
row_020548,0.690354013916339
row_024030,0.224337595854643
row_040077,0.34227055182292104
row_000768,0.22633424462715312
row_035931,0.5373228158348091
row_008685,0.3263623652474241
row_048803,0.6349902615533224
row_044961,0.47135767224736685
row_020590,0.08882263003037114
row_025132,0.6475799002879385
row_007080,0.20316915615920086
row_018257,0.49904581937364395
row_014662,0.701031393471597
row_044122,0.31622788840939303
row_007392,0.8594965863404835
row_039150,0.5770275561460498
row_029478,0.16064259692595592
row_042169,0.9617216099296192
row_049571,0.23570977348744063
row_023497,0.18929035528902047
row_004881,0.7032662989414575
row_027767,0.2010229841872677
row_007647,0.3819231277376213
row_012488,0.553415348681701
row_039674,0.16965451856719044
row_037055,0.7271815680035961
row_003453,0.3819073563961784
row_002046,0.966767108182959
row_036106,0.5610428148095781
row_014489,0.7374085628573995
row_023024,0.6652071518809876
row_046251,0.5837419835327141
row_007243,0.9045519562297766
row_030586,0.6363633814816416
row_026709,0.010164295609220199
row_049411,0.21659391654617582
row_019776,0.22059312947928472
row_041013,0.40039172766907605
row_029950,0.5191331814605985
row_016761,0.8490817271207667
row_017392,0.41490637322768237
row_016034,0.796328262653766
row_031070,0.43466206776925137
row_012826,0.8762080076271231
row_012751,0.23160425185846972
row_040768,0.3670242146946171
row_027266,0.3475384308050485
row_003752,0.4261740139603549
row_043966,0.36960127051528996
row_042142,0.5681505982617816
row_037329,0.07773226297202833
row_021193,0.7897290932365606
row_043358,0.34347222438113567
row_000996,0.5340383173481762
row_007200,0.5865463208337108
row_018569,0.7208881844572493
row_017552,0.41844370707875433
row_026688,0.1883932842506471
row_025321,0.3053623407993619
row_003128,0.7053882540827601
row_002426,0.38212334824921
row_017925,0.14795497279393338
row_006441,0.23765183781653076
row_036540,0.03627023354049474
row_012010,0.28563865831986895
row_020802,0.699058242899302
row_028466,0.7607651216567891
row_020858,0.17917016392401602
row_038790,0.9970137843471303
row_040533,0.9963363285461456
row_020277,0.5962172209140221
row_022870,0.0444129141608702
row_004633,0.26721967661131857
row_008934,0.8930052005050871
row_011782,0.3999208392373789
row_002080,0.9542701455336784
row_033014,0.4826553817139218
row_013100,0.5720419008813248
row_026521,0.4680149269763748
row_047103,0.0679805471873561
row_027399,0.6336835663596725
row_039940,0.44352465741456065
row_029965,0.3195599853301023
row_046076,0.49978384930497766
row_021442,0.07620832261015215
row_000331,0.8358850399404401
row_046470,0.563650408062491
row_016497,0.2654416164742024
row_007502,0.28468148518254
row_006581,0.7509699551231003
row_024671,0.47232158335200997
row_041876,0.8963203044550757
row_042841,0.5033035963388551
row_038429,0.20265729357750406
row_048638,0.5171013755055712
row_029608,0.027440826154995525
row_036436,0.10147792210121713
row_012571,0.2951056124060486
row_009333,0.9782414757058954
row_027643,0.5846705079972464
row_039633,0.1847796008821705
row_008743,0.5061233118866563
row_014773,0.4064762812429737
row_044075,0.05487157455060046
row_000138,0.6327739553362927
row_031422,0.5698535863598697
row_016434,0.28615350927696265
row_021379,0.48422453663498644
row_003662,0.26194615494779133
row_030873,0.6156490518052765
row_021609,0.23097150645838402
row_034386,0.5464435188637324
row_041417,0.14645619746840371
row_036541,0.13457940368407012
row_037140,0.3246299319793879
row_004734,0.8857667061593778
row_000184,0.12972798600565522
row_025636,0.3897814433442826
row_034187,0.4713417998309322
row_046308,0.18093683150228082
row_019985,0.6964149604353851
row_008044,0.19136115445424018
row_001241,0.5109931384853028
row_010273,0.7462843977868198
row_018564,0.07598761655216525
row_049378,0.5406406276947822
row_014655,0.1842930864726564
row_037246,0.7020879080170345
row_038573,0.8898592930262017
row_044946,0.959883239978605
row_033019,0.5544906111871896
row_012193,0.14748354732673605
row_038107,0.9564136621025945
row_034517,0.597902248155226
row_033544,0.9966494067434517
row_019382,0.35306058823502806
row_041102,0.8475627351323527
row_006943,0.6643061299637005
row_032780,0.3319814580506994
row_046871,0.27627424786596716
row_049693,0.18631786423702523
row_011880,0.19051094783218298
row_003223,0.4782091260292816
row_044161,0.42314099691092943
row_029820,0.7670832507620374
row_009650,0.36374413499191677
row_002540,0.17015833645154832
row_015858,0.3109847863848368
row_026386,0.40774436284242643
row_035071,0.5785228748034624
row_005988,0.8336664277220114
row_025393,0.5171669012430204
row_047910,0.1469810479726917
row_022623,0.5111745522275218
row_043185,0.22445324181085277
row_026726,0.5009501538092185
row_005582,0.7303801031561411
row_022391,0.7235132580400601
row_026443,0.18638133191145997
row_030252,0.567446759655473
row_027520,0.004218478785867007
row_042818,0.7666404755840399
row_009462,0.4261340057029134
row_041387,0.3290616026108589
row_001800,0.6040938870891804
row_014530,0.3467734221015179
row_015733,0.11281858982308211
row_013978,0.04876127050709299
row_017194,0.08556920547928448
row_015136,0.4446632722677399
row_005680,0.26662942693226754
row_008177,0.17466621873169044
row_012555,0.7074139637154775
row_049014,0.035754757104639635
row_032407,0.29836150995113003
row_000664,0.886512958298586
row_039936,0.2811940093611494
row_027465,0.5638111622933124
row_046360,0.366234294608955
row_033157,0.6431431700564346
row_034266,0.6928826238973801
row_038002,0.7372037331585622
row_013986,0.48256048601291535
row_026968,0.5148799121058929
row_023400,0.33251390239064377
row_013008,0.739567990370859
row_037603,0.4551753122242028
row_017018,0.5509432283319615
row_000393,0.6865521276634671
row_022100,0.26405327554016106
row_041487,0.3717782619460487
row_046636,0.41049383851564725
row_043989,0.7251150620310436
row_029512,0.42445020168130126
row_003869,0.6127395950361435
row_031880,0.22381704922480788
row_013676,0.20313149901704353
row_045358,0.7865750194404839
row_005797,0.33519802509601276
row_044862,0.732302588834316
row_038549,0.9689488422821974
row_010109,0.5460479031117064
row_012924,0.42135576438531214
row_002323,0.31243408093835034
row_028581,0.883606000861071
row_032540,0.6198379298087161
row_009431,0.27079708766022664
row_015539,0.2387488907666261
row_047365,0.32369246319046546
row_033179,0.7868303833545506
row_013703,0.34477968322825453
row_000097,0.6790369339653161
row_031605,0.43427947995761323
row_000656,0.6425136635390871
row_049166,0.014848106053736926
row_012474,0.9104932705394596
row_030232,0.3353371689194276
row_021440,0.4742469444878522
row_015618,0.04318195217364421
row_034676,0.3493349150748815
row_029232,0.5035872640672326
row_002552,0.8373665302529145
row_046020,0.23621564516242963
row_007937,0.3334989076508385
row_022974,0.5242221042914353
row_006205,0.7873750207518811
row_048338,0.4731156157272397
row_024321,0.019171603156503483
row_017473,0.8839145012958428
row_041362,0.06043501763542014
row_018825,0.31481204010335057
row_007369,0.6223631598540831
row_004110,0.08191512130295309
row_022012,0.47227840966436646
row_007407,0.6345377469447352
row_017917,0.039623341012530434
row_034592,0.31699511940711483
row_045766,0.8428534545976026
row_022452,0.7516808088620845
row_045377,0.7365251333187093
row_049914,0.5154046455391254
row_006866,0.5661815859477413
row_031117,0.2253512156395722
row_031170,0.40451873772161706
row_034939,0.6279747714254792
row_012228,0.49922282891829883
row_040982,0.24141288112724535
row_005075,0.09566563797298903
row_023026,0.047274090724543014
row_014966,0.06283469629016122
row_011324,0.27694429976988294
row_029819,0.13253397455431545
row_008282,0.8895045876311287
row_016463,0.5858986698237989
row_019366,0.5828354925291328
row_016175,0.42314757234265205
row_013116,0.7744038907471743
row_045528,0.10877648626172207
row_042890,0.7272818010824109
row_031929,0.2841812406318138
row_016975,0.3391523037138322
row_037047,0.25090848606913735
row_033729,0.32506068327194265
row_034324,0.4529299558784458
row_018769,0.9365758020946634
row_049208,0.34748792031535103
row_008365,0.36549749806038634
row_031263,0.3059783726352542
row_023503,0.7096749241036883
row_019402,0.31903593742057124
row_027050,0.35197237777614565
row_037171,0.5039974486241614
row_001162,0.4864325631634395
row_049429,0.5277898007505655
row_028817,0.536489995212424
row_016023,0.35944256095838883
row_039987,0.4827659522905591
row_041247,0.3735986288461446
row_031102,0.00903056001823419
row_017517,0.2912393590023657
row_003999,0.1919432177180477
row_025609,0.2536197430864261
row_019360,0.2972416539328204
row_006885,0.9104139034999632
row_020626,0.22637509118364138
row_012011,0.8233093368519878
row_000502,0.2620144859291138
row_043597,0.6228155751808897
row_038628,0.08755888843289382
row_015000,0.29527442271759785
row_038863,0.4032802404400808
row_020091,0.5138550774932096
row_007045,0.2662358736518318
row_026401,0.610428567166823
row_044114,0.3890210228763433
row_015445,0.4922496347585446
row_008396,0.39355881972562073
row_039115,0.34050504333545845
row_021039,0.5176420919375574
row_018654,0.34000851688840933
row_023590,0.26370219012794577
row_036839,0.9622088098636936
row_049218,0.5271538804395178
row_026223,0.9050888901746417
row_012152,0.2164337042339278
row_027960,0.2642099432427478
row_001318,0.27381415904206735
row_047932,0.6273301302341681
row_045336,0.4562568131974464
row_019206,0.28880694859162753
row_022880,0.5790918854191042
row_009615,0.16650223994101432
row_017287,0.39281890592355473
row_039462,0.46339111603623045
row_021823,0.5431746637900361
row_001322,0.19337888815714668
row_023631,0.6930070716467805
row_020304,0.2449402519577089
row_017300,0.41991322376250534
row_026437,0.21843279642398214
row_011857,0.5646310564068372
row_026380,0.5930616430342072
row_048190,0.34230071911611404
row_016243,0.2589524734942176
row_025691,0.6940583869581346
row_045395,0.4963194549353874
row_042183,0.20856971108466146
row_015267,0.26307794753276836
row_017370,0.41670726281798004
row_024225,0.6724057322714153
row_032832,0.9967423427718408
row_037919,0.18198744258810148
row_037215,0.5973103293843723
row_041006,0.5734706496207048
row_005113,0.16451352394238125
row_013359,0.03559268299389171
row_033700,0.9156544783160038
row_008929,0.6446964712979306
row_026211,0.012653687042988273
row_035413,0.8969511739889621
row_026084,0.2330874204164876
row_022592,0.4900804985569135
row_016532,0.6384508060186953
row_036371,0.4070873785691255
row_030262,0.34002852186762095
row_048799,0.7066486072917123
row_037319,0.5272420761777632
row_048511,0.5203263495564112
row_033664,0.026437155250048174
row_008095,0.3323281672572105
row_049942,0.6359891549494648
row_010480,0.855689071121593
row_011989,0.28922072008298977
row_025991,0.23642381057714634
row_028475,0.8594981999387721
row_026621,0.8372779425345674
row_031734,0.12582018117779173
row_042182,0.36840961313514736
row_023775,0.9086016660339828
row_041490,0.35587819260767695
row_030289,0.7923929695322133
row_049270,0.6467601356516808
row_038757,0.039656615033761625
row_008188,0.24638251133450942
row_021646,0.5567638657944874
row_039953,0.25763140980379023
row_021963,0.5582793394650412
row_010395,0.7724581629440611
row_044690,0.4432132844572294
row_003488,0.6021886424317932
row_027107,0.24326974314434266
row_032770,0.24965293824593723
row_016362,0.3156089633326996
row_003086,0.5703332636287316
row_005437,0.6328805693352101
row_045335,0.5423039202809249
row_040367,0.42653966502570767
row_030393,0.9496901222321217
row_044661,0.25080065173178245
row_046891,0.7502334845309355
row_022869,0.3085080192640424
row_033499,0.13423808547320365
row_008264,0.09822693609367589
row_005108,0.6764977904809268
row_004162,0.16390399695551677
row_042605,0.9770288253812879
row_034785,0.3710939122547114
row_040008,0.1828615391076925
row_009162,0.24204285980654303
row_025824,0.6455626010612797
row_021972,0.6575314145363267
row_013882,0.1348424573210483
row_024326,0.5087477267430219
row_036513,0.3448987469918076
row_049995,0.7660165218935144
row_009146,0.6611893033016133
row_000927,0.5252882588135809
row_001017,0.08947090107007404
row_002936,0.9915699310207916
row_049113,0.7502690868369393
row_010498,0.3206961377967662
row_012302,0.3497677822890992
row_015813,0.1253997267246029
row_020462,0.13678955952972152
row_031259,0.800952155700191
row_042068,0.534200107025222
row_001422,0.6048446357912863
row_035258,0.3414156937116169
row_038723,0.013408377013083575
row_006023,0.13405592272351133
row_020279,0.4157675177293949
row_031964,0.3827437578741796
row_037574,0.2811217302129887
row_017434,0.46304063762079145
row_019562,0.5882511494437596
row_022191,0.25958005383696076
row_001787,0.738119141588997
row_047469,0.7368556302866638
row_021408,0.5005913891780106
row_019983,0.6654299831959853
row_044766,0.10400194797958386
row_043012,0.3386666331740481
row_005754,0.3080029763771226
row_023581,0.11529678826192037
row_047464,0.31887773505849504
row_046741,0.042920267347162
row_001578,0.09284807889176228
row_024645,0.37839341612504207
row_011507,0.41740378353454055
row_044110,0.36363660789837
row_017490,0.2866827811232007
row_004282,0.37120875003660914
row_027898,0.07587696369145783
row_004004,0.6905012447646618
row_043396,0.48115641001518283
row_028395,0.800004247342749
row_032915,0.469679700440838
row_013633,0.08350937946591501
row_037976,0.3021642918320957
row_016115,0.7102974021194254
row_004541,0.3231658586351814
row_001667,0.2495144912326422
row_021330,0.6220414956218906
row_020484,0.4765111621883986
row_044319,0.44366055189556464
row_027862,0.3634580225467344
row_041024,0.19337502409817384
row_042227,0.3629274196491912
row_025071,0.347486767402687
row_007846,0.8568403125323508
row_048371,0.7386506758924704
row_013907,0.4488837086495829
row_001128,0.33434874459789243
row_004354,0.6169364392783652
row_026251,0.2043322401272313
row_045544,0.46723160640909805
row_002637,0.6496843103894361
row_029567,0.6917502513894264
row_008016,0.43126185406487993
row_021082,0.22763206046367956
row_042836,0.7153936417180624
row_025676,0.3516727678701419
row_011548,0.018988013975591713
row_037279,0.30045329964063494
row_011818,0.1090589584902956
row_049310,0.47777627448570065
row_000510,0.49056715374633547
row_004788,0.3218680344487734
row_002827,0.39795075867069307
row_013694,0.41285073261421334
row_024744,0.881492294326528
row_018736,0.46721847006761924
row_009796,0.1709310683734264
row_034247,0.5242418095298722
row_039254,0.08956921354596478
row_031874,0.5058056169670201
row_003432,0.12685006515008604
row_023023,0.17415802833197444
row_002183,0.9996687683985521
row_015753,0.128666274022838
row_048473,0.09755182315365353
row_009463,0.13471979282489446
row_009499,0.31570391669362635
row_016238,0.28451819603932343
row_035791,0.7371308730388553
row_017109,0.48210471909641084
row_010162,0.12734202392575436
row_006641,0.24656227199447783
row_032793,0.3341880711023165
row_039542,0.7655873588276383
row_042161,0.26425699465998986
row_010910,0.5304526263991947
row_002206,0.0656406401901244
row_042901,0.702691972443248
row_005831,0.3057849371976679
row_002918,0.2519861774225687
row_002917,0.7251948818551848
row_046079,0.45124381035834277
row_028037,0.4842932542423387
row_008899,0.9528581438948459
row_003990,0.5641939106401856
row_005354,0.5294828107901702
row_000422,0.40186549135330035
row_031773,0.15904824453008143
row_033334,0.22814560017620514
row_048615,0.5910038592947752
row_035048,0.2069708944009361
row_047832,0.5851533829514208
row_012110,0.34868487333580733
row_048964,0.08115055362480052
row_023735,0.6840322563498259
row_033392,0.6790208356357267
row_043401,0.6718738723136082
row_041456,0.5628005729355586
row_025212,0.06348381594225494
row_023828,0.3836571055740066
row_034135,0.6859588875421639
row_027334,0.5463044589659637
row_047406,0.06682631225775447
row_033534,0.5984277793568409
row_020876,0.7896914402385783
row_030096,0.7709323697091556
row_008505,0.17330606386648126
row_012441,0.6140683776536887
row_029743,0.6573734028780873
row_003456,0.3349651355319342
row_029707,0.431242674435993
row_033318,0.18504059745068885
row_038311,0.21625802240935935
row_001266,0.9407381460617404
row_043038,0.211362532882846
row_019681,0.5687468502303386
row_046890,0.10188971117161097
row_009900,0.6928455142608586
row_040431,0.5236835384969568
row_019797,0.2068854509458625
row_008979,0.0960101830005462
row_041859,0.23264271253372681
row_037000,0.2898382477739606
row_034439,0.8590533334821948
row_014730,0.6714493530441971
row_022330,0.5552105448569743
row_024574,0.4771763254911132
row_004408,0.25195428299149397
row_031632,0.6477797407653789
row_030052,0.8054103717080714
row_028482,0.10480697871368619
row_002272,0.7799602126875169
row_027652,0.8757483710260915
row_048335,0.6963463731999747
row_018941,0.500792008706953
row_017918,0.6662019093855
row_042304,0.15169997565737942
row_022175,0.6068970627335846
row_041581,0.6618758872622604
row_030733,0.26822762877133643
row_023860,0.5335108497228037
row_023054,0.2002911781844621
row_013765,0.11035477755419355
row_041036,0.29315108655188055
row_033512,0.47440596288262327
row_001933,0.2721373812200897
row_012849,0.6382822638658164
row_047707,0.5463705305040174
row_030208,0.41780888727019677
row_030660,0.7457678084738192
row_028851,0.46819683007760143
row_006240,0.5149719102032289
row_014798,0.43573183412372424
row_002518,0.6914061437613992
row_046503,0.7821507189986291
row_009286,0.45835669049497646
row_011854,0.34030212431745255
row_032114,0.9653589153896963
row_027849,0.42843860833882474
row_001401,0.2612246713361015
row_007136,0.1815403063691054
row_008090,0.35923616653398277
row_020847,0.4170950069724356
row_010577,0.8421337016213919
row_006050,0.6523964665339461
row_032018,0.18222159808809507
row_000306,0.7841806988457045
row_028610,0.0686232191860872
row_000637,0.16386277678014216
row_027923,0.20323252047865434
row_029556,0.051487942196586284
row_005844,0.6076214965944944
row_017896,0.5808184461087273
row_022527,0.4807474904052434
row_026148,0.31595060657903506
row_027738,0.6486845609869126
row_031335,0.6585877000466618
row_012500,0.6109270131851265
row_019819,0.3113024716974761
row_012034,0.7464805579201145
row_021380,0.7986306267813139
row_022481,0.36333563086264836
row_046232,0.15108849829399149
row_035805,0.25803198476680705
row_041656,0.4443579804203851
row_015068,0.1486749744214136
row_025550,0.7943270739284258
row_017033,0.6158052912092985
row_038583,0.9224291254935107
row_003196,0.11228029466195552
row_041452,0.39796697832327077
row_008827,0.3443986525003847
row_001333,0.7044286697541493
row_008846,0.7199046283823214
row_024039,0.0686241452536184
row_007303,0.0042682247875318385
row_016767,0.48850771713390173
row_038455,0.555512591505507
row_037672,0.20133193089546422
row_032654,0.87578249994879
row_036427,0.12083247859125308
row_040337,0.5074946926529625
row_031618,0.31456318837599945
row_042638,0.04963415630892742
row_036922,0.3916102670492224
row_024584,0.835134823112341
row_043525,0.2807192610756041
row_028167,0.3225867607418764
row_013407,0.32612826131278266
row_032003,0.671992532087317
row_008437,0.13672571516025037
row_038669,0.6515395360935688
row_002916,0.5594480306263229
row_020464,0.12179931115565186
row_028396,0.5628283335749573
row_041414,0.7227373686799612
row_007538,0.2522464681815171
row_003181,0.12713041145904969
row_030762,0.2059027477709847
row_012760,0.23705172794324664
row_035905,0.18107965650317945
row_031867,0.01136027367259917
row_004468,0.14694992728977094
row_038056,0.1049518306235022
row_047547,0.36083808074449214
row_047430,0.5171564864032177
row_049659,0.7794479298042737
row_027704,0.17956071205983
row_009987,0.6417360120359533
row_047700,0.14257285679174223
row_024076,0.38450600485582376
row_019748,0.23725577756107655
row_040252,0.3978391494760768
row_046804,0.6245714217162388
row_046633,0.2734430111375957
row_029508,0.3883167107569248
row_020549,0.39288399322998424
row_047703,0.09034412362922264
row_007382,0.23289664731257512
row_028463,0.4190528177415423
row_001350,0.13152104204590456
row_015684,0.618652975646079
row_041284,0.2274105177335374
row_039093,0.2615269699560863
row_008914,0.3133085433444456
row_001659,0.5865058563195017
row_037920,0.15128142754783003
row_021304,0.29129087500568207
row_034366,0.354880452344813
row_044274,0.34583357817437693
row_035456,0.43938042681944983
row_005553,0.4436361015490675
row_016801,0.9365852761060263
row_017282,0.12549429184538521
row_036342,0.26442200058192417
row_043134,0.6570425744241778
row_005164,0.7884474859400562
row_013140,0.9850848810060333
row_020095,0.1620074437608919
row_035008,0.6368816859795051
row_040586,0.6174678703395704
row_028021,0.6790971633660507
row_022226,0.1820277284052896
row_034502,0.5088139799282538
row_036038,0.049785098257846175
row_013385,0.3051688245011528
row_038439,0.24896234534412964
row_017518,0.3290816791566893
row_042357,0.42772758297576974
row_022842,0.40391486755793504
row_023734,0.6760696678747687
row_028164,0.11885484079347165
row_045030,0.5347172704167336
row_017649,0.8339063081423249
row_036578,0.34688648422007295
row_040972,0.34514187892596104
row_004779,0.36642327473389463
row_007606,0.39311011099199844
row_035938,0.9666172967718878
row_019118,0.44820187428131886
row_014448,0.5355410256819236
row_004415,0.5990676452291196
row_045682,0.4894322996933981
row_037355,0.34974036902656663
row_024959,0.9391267770382543
row_015629,0.8987846719663146
row_043027,0.5204473143170412
row_015005,0.7856777206662878
row_029498,0.2788430245255126
row_036220,0.36240468987653784
row_018754,0.7912188434561902
row_026355,0.43627189020442725
row_007485,0.5547543081146946
row_043325,0.5947015657694834
row_030440,0.2622329463678848
row_038538,0.8981421769951325
row_002533,0.5691370612764421
row_046107,0.7477630851963626
row_020265,0.24034758754513968
row_020072,0.3698067862949961
row_044918,0.16546531052641536
row_044991,0.5998170807328126
row_032774,0.6073701713640764
row_022496,0.5889170262390283
row_007904,0.5082642744432997
row_008477,0.3486830525613969
row_039889,0.1663647522650468
row_002454,0.6647412047668926
row_045515,0.19449217991696352
row_040864,0.5184835986135289
row_014115,0.5412980007872489
row_035077,0.6280103631598098
row_007587,0.6270050576405473
row_017647,0.5237032424638808
row_037881,0.37445322294813044
row_026962,0.3837788336644681
row_014009,0.22866019738568713
row_025457,0.6586826582232511
row_037671,0.2523292379047971
row_025067,0.8079019883100972
row_017019,0.5195092766668132
row_029465,0.04652262005475747
row_030199,0.7552701241286558
row_041407,0.1305393759436247
row_023804,0.15926896391498635
row_026227,0.320645397346123
row_041651,0.597007837780672
row_040610,0.8582299623829577
row_047419,0.264011322745229
row_023405,0.515342712827804
row_012961,0.46472623547842606
row_040501,0.4155722606608851
row_000391,0.8148339610906704
row_030688,0.04900918306585195
row_043670,0.5197774044155327
row_045587,0.854462842789114
row_047322,0.7236655152396576
row_030296,0.4316509047991653
row_030892,0.7565308827090564
row_029569,0.2295921267691937
row_028923,0.665646375438366
row_030978,0.2905671434420429
row_034877,0.04478821985878346
row_018713,0.5347377097954604
row_003913,0.6078095045404506
row_013550,0.8877976171153154
row_022764,0.46182583861266846
row_047821,0.5929282787513029
row_009775,0.48112006363166704
row_030540,0.1500403343170164
row_027360,0.3312049763971704
row_009907,0.45723358114572143
row_021546,0.35897098624554485
row_027588,0.34150041375978346
row_039044,0.9426839898404799
row_049821,0.23819422137100585
row_022926,0.41459384021681295
row_022421,0.5743830017322704
row_046404,0.5327752321824766
row_035123,0.14996211388963512
row_006409,0.3217446993382576
row_012964,0.3168009811036262
row_023973,0.8848441546720094
row_003719,0.48357763617431676
row_002134,0.3515100230835343
row_007534,0.3832307286224692
row_025532,0.2600207391520842
row_012837,0.81752455191085
row_025252,0.5272548108502461
row_014591,0.6062627636321918
row_026750,0.011675075077947114
row_012213,0.7812184478620623
row_016221,0.3368527816432128
row_013226,0.1672332635811689
row_024783,0.7144592531303893
row_022249,0.13149172793007097
row_005360,0.5491689048497671
row_036244,0.5716747507161379
row_046161,0.9133725123762452
row_006112,0.6380079510749683
row_023217,0.032768492336696244
row_039393,0.18330854969439705
row_036621,0.2382169494651652
row_044447,0.7045727491225838
row_048607,0.08129638086039917
row_014391,0.4706897456841245
row_002606,0.2933809648814246
row_043346,0.19268293334037667
row_020245,0.43925306785925616
row_036712,0.6153117011509593
row_021859,0.33493787139346576
row_045797,0.11375015568569243
row_034903,0.16430610437060236
row_006058,0.6917429064861255
row_015849,0.26456799957126087
row_044166,0.505801512361281
row_035491,0.41198681599347636
row_034992,0.1616678582355077
row_008601,0.24596281118902213
row_034911,0.3937535196396202
row_001741,0.4975252041868281
row_014584,0.12919874228851516
row_009275,0.12326577608110868
row_005786,0.5357895047938006
row_001376,0.025236259121484375
row_015003,0.48677057207110586
row_003517,0.37314878386661576
row_047930,0.3520123769182464
row_040451,0.6827707181832561
row_002249,0.6801341909531616
row_025089,0.8082158706028527
row_038834,0.7613352573667955
row_020939,0.5213445319453337
row_018430,0.3183147702348436
row_016953,0.2667038509488888
row_035993,0.05238415835767477
row_021574,0.37749333877664043
row_025000,0.36991627436538493
row_039972,0.1865119440472645
row_044856,0.8082841410230109
row_022919,0.4803312788840652
row_022510,0.3572429191232878
row_012540,0.32273778758098337
row_031402,0.3706908206336145
row_022568,0.07280720388549866
row_017382,0.10471779140061757
row_009711,0.9613970211509768
row_040576,0.13565412731754378
row_031131,0.4980577365385822
row_013296,0.2187027440006408
row_017279,0.5697710133015524
row_038162,0.5380476887537836
row_037391,0.39039182500073144
row_032890,0.2617711478137343
row_044123,0.8113124596548861
row_046641,0.9645159607722417
row_010044,0.5957095402391577
row_016873,0.7477476748610964
row_026975,0.14150441430360425
row_026888,0.4033143592218232
row_002724,0.5669004254404855
row_013197,0.032297450099828345
row_005276,0.571005980939453
row_031419,0.4222380912679191
row_006416,0.39246238903766384
row_012885,0.6047565608717502
row_030058,0.3848980624325676
row_021029,0.22893439404734353
row_025133,0.989191486818833
row_023267,0.6541586587721174
row_006809,0.8796944586614344
row_037660,0.39376509069997906
row_009813,0.08681185701019287
row_007471,0.2866932056268608
row_002339,0.21576688056798882
row_014403,0.6375451704036303
row_038516,0.46591526377171877
row_021031,0.1911514281776202
row_006422,0.559047016743754
row_035516,0.06536874464304496
row_016888,0.3424265650888892
row_016752,0.48085592071351674
row_024748,0.18751583617318243
row_033131,0.25163932774452424
row_001341,0.15983820696206644
row_034387,0.6818566065972683
row_026838,0.171690333371412
row_007888,0.7065641376289081
row_020438,0.48452283006424474
row_046259,0.2711781870821769
row_045657,0.3201528436731162
row_008224,0.17605583519956453
row_020128,0.18406583274366314
row_037297,0.056371275146263354
row_040733,0.005911793993795822
row_018015,0.7961091876594021
row_038501,0.41013980336610534
row_007682,0.587364499187982
row_028461,0.2546968503096142
row_032582,0.23852458383451222
row_042499,0.1537018202093216
row_023039,0.8289409198274139
row_048454,0.36084876823142875
row_015400,0.04728191645660031
row_012102,0.16267746390191043
row_039432,0.15801958238996391
row_045184,0.284150145622513
row_043077,0.41404421409263553
row_024251,0.4105222777619192
row_017641,0.6602173317555203
row_009421,0.5254969458319144
row_030026,0.20909204781222301
row_029282,0.3893200954570975
row_033428,0.79475438636581
row_045366,0.961700517833069
row_049025,0.9230590334650776
row_007109,0.20263939485682647
row_025856,0.14760517377917115
row_019052,0.2908618473101067
row_044735,0.17797224343245907
row_008675,0.3155187516352974
row_022876,0.7355095881222428
row_014360,0.4080324856795779
row_012442,0.661413079766911
row_012799,0.7034470871296005
row_031360,0.3712254577417453
row_017562,0.4841301528972268
row_024472,0.43588445766780376
row_015979,0.05663647385555026
row_004143,0.15371384307351588
row_044094,0.6911938645909633
row_017836,0.3498472340435079
row_043758,0.5909125028070856
row_020993,0.6156231410346495
row_007691,0.9575836297193231
row_038846,0.42448173895233865
row_018346,0.5924077346827608
row_038906,0.5188820553870409
row_011773,0.47469675627937624
row_011186,0.2683903032440645
row_022412,0.003232598167585854
row_034725,0.4573373611464281
row_009692,0.751759418703878
row_016951,0.6350814977326612
row_025912,0.01720061129770688
row_027844,0.1852217093076406
row_028543,0.2787672537496992
row_005875,0.40779339492690286
row_008694,0.257251103014311
row_044593,0.09824882611197308
row_004205,0.7211252897038501
row_035106,0.7041413939449119
row_018678,0.6511844430904908
row_017307,0.6776666151452273
row_021467,0.513921695558191
row_019386,0.3368020627928967
row_044981,0.6708985803873544
row_036379,0.5130472985013864
row_040939,0.33532739848323806
row_043630,0.7512898201232049
row_037898,0.45372933312311975
row_039496,0.731712688720432
row_010501,0.9971660979184204
row_016669,0.0583253499098754
row_021105,0.3236214151020084
row_034286,0.9505763907988267
row_027622,0.5107465887686903
row_017895,0.33119941427007815
row_026562,0.2613776041230531
row_039116,0.5396857861523302
row_038216,0.5303164944641082
row_010015,0.6562209479709484
row_044186,0.8712892546733793
row_027718,0.31137075731766695
row_042065,0.1494009946188522
row_041231,0.2680110552257374
row_014269,0.21928564578442186
row_009404,0.7934514249291792
row_040907,0.1281417879159734
row_009019,0.38570628592346895
row_001260,0.7533223041923984
row_018379,0.5286152929733647
row_031574,0.5496063652307206
row_003480,0.6839594141340335
row_018072,0.1537037272726606
row_028873,0.2849055362313604
row_030285,0.5442694908674217
row_037863,0.4358169979040254
row_003838,0.4532114013960591
row_034975,0.6620762427357458
row_012150,0.8540341311358011
row_013793,0.270383892183441
row_016022,0.6886541192970871
row_011460,0.14286381664816994
row_021282,0.4204395608347933
row_005272,0.34323811178605995
row_006045,0.18590579978160973
row_034749,0.42713810857289536
row_030237,0.5580480885384302
row_023605,0.22239663577353688
row_049859,0.9998965843801336
row_023879,0.2603299865199045
row_010002,0.6364994480161182
row_019117,0.4130626382611117
row_047206,0.5532433372016387
row_015073,0.7085453960267717
row_019948,0.3912572206410505
row_033094,0.021711138192730288
row_002244,0.5724475642014601
row_017333,0.5651852942968107
row_010096,0.6284023960904608
row_004758,0.5569497240463633
row_007292,0.46013463460892884
row_027801,0.3963552626997771
row_045697,0.6676183651647621
row_000933,0.30706887722040455
row_009917,0.4042779347565726
row_022241,0.33164793247914603
row_002088,0.4527308306650323
row_046192,0.15164150336629517
row_042518,0.3952135850089687
row_012094,0.4779200934602097
row_021357,0.16664254075696283
row_015415,0.18977027405018523
row_004685,0.6829208552886058
row_037761,0.8465950723990643
row_018100,0.13657830687608136
row_048253,0.2930379554854064
row_031042,0.6441384315314465
row_048550,0.5357615415179607
row_039451,0.0650224461987592
row_016149,0.3899938066648719
row_013725,0.2390608140147182
row_044701,0.3372172303065115
row_033776,0.2984837698314698
row_006189,0.3157778257779332
row_017597,0.5071682301833409
row_018731,0.36045480387063866
row_033111,0.44195665287793934
row_048913,0.15577060158793185
row_030722,0.08986193159363734
row_004230,0.3102758389829328
row_005358,0.37943784298027133
row_030937,0.45538527510273674
row_047319,0.5045320665732557
row_015998,0.5688732819357091
row_002977,0.6355513145034634
row_039677,0.11841873942048409
row_021479,0.14351214533142295
row_043650,0.3044254897190332
row_011313,0.699311118004399
row_044408,0.08139321621935476
row_024742,0.7589501040585317
row_006083,0.28610081261751774
row_003975,0.35641231903725645
row_022334,0.45938859954259714
row_047861,0.1556332645551336
row_033905,0.1730348223660448
row_011482,0.19839111471881854
row_004884,0.8723675073586978
row_032788,0.5521850943930127
row_044833,0.6442588603210442
row_049627,0.12572117449993794
row_004203,0.5349799443508483
row_024417,0.2924654349231222
row_004060,0.41516143032494973
row_034118,0.31225348269935105
row_025990,0.5053779577291229
row_011236,0.4895713486637424
row_005261,0.1687066731337791
row_034600,0.41343910768066705
row_029176,0.4809223535005992
row_010628,0.7376232438732373
row_005231,0.021794767732136185
row_039545,0.6379835505605129
row_018727,0.8765464490415275
row_018516,0.7044015001259419
row_001412,0.14681667371657287
row_044639,0.259330751985976
row_032103,0.43195575845003104
row_041664,0.806361931813561
row_023657,0.4168315216966602
row_020441,0.5115411923524664
row_016994,0.4391405704809338
row_004610,0.5127481414620249
row_029218,0.6963968677688979
row_009518,0.7830948799863818
row_027985,0.31638205509885864
row_017992,0.5871131562444043
row_049093,0.29990687536996835
row_048943,0.24430061627293317
row_010032,0.031771816854311574
row_017636,0.9789114547798496
row_022790,0.7324344329457443
row_022932,0.27572662782030355
row_044916,0.3599404586546613
row_038341,0.23329552920987537
row_003809,0.3802956161647401
row_016616,0.3174505787207288
row_031609,0.34427308276249396
row_002220,0.47791901107992324
row_016191,0.49016491646438387
row_043882,0.8270738931630164
row_038836,0.514537685553835
row_024179,0.5138937308539109
row_017792,0.6132748342797639
row_038347,0.6804312946562084
row_037324,0.49175457636843967
row_038291,0.5281153662079642
row_007138,0.26773098505975823
row_043611,0.24014253990184806
row_040323,0.5154439114169579
row_019522,0.4167903600392362
row_039188,0.4967314673310496
row_016617,0.05263636990103769
row_022502,0.5273697057535072
row_028778,0.0883381779792669
row_043089,0.23057821242138782
row_038970,0.27470549060850613
row_018939,0.18436172653328547
row_015710,0.7375486342438061
row_036518,0.8915653507276406
row_045023,0.5858842460877154
row_030330,0.5272340223321327
row_042716,0.043038473677470906
row_037177,0.29421909703054755
row_002489,0.0863490135708693
row_043522,0.6254210503444676
row_015603,0.6467370269041337
row_022303,0.6123672848081846
row_039157,0.15542178288632752
row_010783,0.3803334056250685
row_047814,0.4457849728318761
row_040406,0.767492461065452
row_035760,0.9989802364765686
row_004423,0.19811225158085918
row_035036,0.2568028337576717
row_037128,0.2440753319378285
row_038696,0.7053291833944502
row_009083,0.5749206292611304
row_014878,0.5982136522781298
row_040239,0.30755033705456253
row_035608,0.5798161244953871
row_017863,0.20727092723207985
row_038898,0.6022100248240407
row_016170,0.26187711153409
row_033731,0.08669697372262956
row_001268,0.5367358242662291
row_026923,0.16133688940747892
row_033221,0.3626862948897376
row_008195,0.5118413873220787
row_021183,0.08846873111200641
row_002984,0.7530020777468529
row_009363,0.20884943196134148
row_005196,0.3694404731677588
row_010924,0.006590011346545044
row_049213,0.1122214198528399
row_003246,0.12230087520343057
row_032674,0.3590755829759584
row_003325,0.3413443672714797
row_036495,0.0810422355401101
row_035019,0.1215802543200661
row_036509,0.7316005108342603
row_017627,0.5246834993790032
row_013806,0.2638596147664096
row_036739,0.3671707952773353
row_007599,0.05022141761973126
row_045117,0.44324966986358794
row_010416,0.31988247465088065
row_035488,0.2945907171640109
row_012366,0.28298486851112636
row_000541,0.08803753258486467
row_042389,0.0668235452925888
row_045486,0.6814274176211351
row_027908,0.2497250091479336
row_028295,0.5144345879320064
row_047484,0.3843345229130773
row_048126,0.4045920130020599
row_018245,0.5784462123069926
row_011024,0.8817638879961402
row_031325,0.1915055101871504
row_015759,0.24601247741298207
row_005290,0.6594375359248092
row_005712,0.004667843092970974
row_020960,0.3450613944514864
row_029309,0.4138680947243021
row_034955,0.3935356337571547
row_028439,0.9999956907753434
row_022508,0.19582619302553422
row_008937,0.34121813653962485
row_016794,0.05581957613653938
row_005372,0.19913443501719355
row_048167,0.35556528446910846
row_010218,0.550425143654817
row_017281,0.6693690397759221
row_032429,0.9541624300707509
row_026761,0.547734678638482
row_014053,0.013932861363317308
row_025064,0.5047643762706033
row_018455,0.13520594718407158
row_022285,0.6302355583692328
row_006762,0.22305498538915403
row_024475,0.585165421301515
row_026109,0.4094733517660405
row_002968,0.6409219216886713
row_022900,0.35792654598124574
row_036523,0.9270285409482828
row_002093,0.42231460871790105
row_010788,0.17671196581524232
row_038695,0.161925802914187
row_015663,0.5767985763661454
row_018692,0.26589274482700126
row_023355,0.5995571770844947
row_046287,0.7173779343594838
row_024739,0.07411144271849002
row_036350,0.16903749282069327
row_015925,0.465827351839329
row_049984,0.6103891502902885
row_022935,0.13208414135762966
row_009438,0.5167633922544962
row_040612,0.28625641374711686
row_042223,0.21169714464652323
row_047527,0.04363864824347957
row_027243,0.3456920217765982
row_038617,0.4888669408005844
row_023698,0.4287722456819633
row_013955,0.8182307087928992
row_016220,0.31909235611389636
row_045968,0.48121614074314234
row_006746,0.39499773438090746
row_013091,0.5546519001805573
row_044093,0.8627619036968099
row_042055,0.44055885621417323
row_002030,0.3327047713970041
row_004145,0.6602814823704148
row_008465,0.5783105693224455
row_028632,0.9276448602197792
row_021319,0.5527649204911709
row_029668,0.45060321987744234
row_023479,0.23089403025406735
row_034735,0.7768743875473106
row_022634,0.7101446661502521
row_012318,0.5738144868632914
row_047268,0.45433876392088635
row_029446,0.5229753743280063
row_029343,0.05192097002267223
row_013774,0.7185837225054978
row_020923,0.09592530298560069
row_012248,0.3968393501685863
row_018955,0.23703623794791004
row_027064,0.12449576675911281
row_043588,0.46150689348140717
row_013602,0.3517289616171779
row_026278,0.5884082267043802
row_018380,0.5292228143316886
row_027795,0.660118980710219
row_030504,0.6080657144067585
row_003693,0.6412146768293643
row_028992,0.052070266349460284
row_011061,0.5005941149217967
row_048708,0.022574912772675107
row_035468,0.7449854474216148
row_027541,0.3543045377982783
row_001942,0.5793919069887319
row_026360,0.47103029084782466
row_034910,0.519611458145944
row_021791,0.6028323003497637
row_021943,0.38445709553974655
row_023206,0.6329810807050753
row_038440,0.3920310122518634
row_018055,0.10504515570963698
row_008596,0.5433227948460755
row_024583,0.353960125644841
row_004320,0.19253341421056286
row_015848,0.17993443683706734
row_036112,0.3447335679521773
row_043302,0.620348233925471
row_026039,0.2517423580140242
row_005373,0.7802613239806765
row_018396,0.9202058716382763
row_042837,0.7847435978404185
row_039442,0.8781577392371273
row_005363,0.3168401638113161
row_035004,0.76666260868706
row_001313,0.7805501239503729
row_000658,0.3248938642339186
row_041503,0.40272341438008835
row_007377,0.32757884118934727
row_008449,0.22184641004924363
row_012746,0.3019729500137989
row_028353,0.9352916007705919
row_039354,0.017027996145502714
row_025213,0.21143851285850795
row_020588,0.017441917937686017
row_036913,0.6513051291632893
row_025140,0.8092247556967085
row_014261,0.5380667357242068
row_029683,0.2275326140385286
row_047062,0.34231085414658113
row_043464,0.20456629382300007
row_016183,0.3393720434122508
row_021174,0.10993535387033354
row_032218,0.40838552624765784
row_017369,0.6882883097117148
row_005599,0.5629879772284385
row_044509,0.7583229776614512
row_004249,0.009328443088524738
row_022959,0.7142506123823938
row_035409,0.16532328743828806
row_035962,0.422975093067708
row_030177,0.398310389922502
row_031343,0.1770349248089543
row_016556,0.16499157204203393
row_009512,0.8294830580439247
row_005442,0.4412094235052371
row_035265,0.43789504314396877
row_030111,0.3970208445070244
row_032478,0.5843067007622568
row_036199,0.3290485830997101
row_023395,0.12270244498363027
row_035333,0.22625349786498258
row_040385,0.5608261870272448
row_000543,0.6659349736695732
row_012362,0.1845133961431944
row_023749,0.5418817217737107
row_042446,0.28073071083778567
row_018373,0.5859698576894542
row_039126,0.010157495720336134
row_005517,0.6345615930317998
row_032590,0.24237767036034227
row_042054,0.8754491776039107
row_002773,0.581081126366822
row_038166,0.31522800453386474
row_023476,0.711853856667365
row_040777,0.7113804749425923
row_023628,0.22042709330859797
row_033237,0.12185708224955547
row_029141,0.0012441338066310327
row_024971,0.533841186667992
row_041019,0.2328510077934966
row_047566,0.8407785099922837
row_038639,0.714870253668274
row_008109,0.07540845321805995
row_025916,0.46270007143616515
row_031982,0.5108393172882697
row_048734,0.47474102336983764
row_018259,0.1428389392232301
row_002126,0.5407885279521846
row_020913,0.48190153026950294
row_024057,0.15270012429213817
row_037786,0.7954928981576511
row_044010,0.2860304051157828
row_008538,0.5281381962717482
row_035655,0.8276086491373256
row_010958,0.9993422047920405
row_024487,0.7441275702460933
row_023696,0.6311446242554165
row_036247,0.5321721941261269
row_015406,0.48253317143579894
row_027672,0.5216069802684348
row_023595,0.6291709325963041
row_039205,0.12987754863069376
row_046834,0.6859708390271294
row_002599,0.34807069755982767
row_004548,0.19150091578925926
row_003523,0.3412734095334681
row_014232,0.3403658279943196
row_018374,0.32184354717488156
row_004243,0.692909693376543
row_028210,0.2776099679623219
row_032940,0.7308485510254992
row_022469,0.34777166975340795
row_019934,0.32966418542853454
row_028383,0.6236753134073627
row_021805,0.597519935992729
row_042864,0.6086400381725237
row_029457,0.674068677982919
row_003820,0.8977486473718025
row_022977,0.013736197300190874
row_037525,0.07671054113892116
row_014456,0.6698887964782635
row_008486,0.39564383050095187
row_042576,0.0731560097643964
row_035315,0.8098707796034308
row_026635,0.5643150545623167
row_040376,0.6267984013937439
row_022348,0.7103567228023908
row_015115,0.3827598970467794
row_022057,0.8433375188779022
row_016070,0.8246313065381273
row_016276,0.5898373643966518
row_028624,0.6986754377639791
row_030319,0.5695924944389638
row_011844,0.6092971120715768
row_012305,0.4796837397917268
row_023716,0.2315857067875555
row_014739,0.670174239226152
row_034739,0.9223180116969347
row_036243,0.2211632133791371
row_003889,0.6750715925828241
row_027606,0.23032863173121065
row_033484,0.43790897467083606
row_004411,0.4669262543774503
row_048019,0.2776023201323458
row_021914,0.18561329935500223
row_030273,0.4576654758651399
row_015489,0.30020579100194184
row_012452,0.46059507089159984
row_040375,0.4125087568871539
row_036226,0.3576017256286827
row_003484,0.3099648328661121
row_003491,0.20327874744880645
row_006259,0.2930426231571261
row_036774,0.6079585884130706
row_026903,0.5832555445685194
row_003839,0.43445072807443824
row_044205,0.3161053802051889
row_033176,0.3738403579856177
row_000793,0.13463790293287117
row_032345,0.203509627378938
row_033707,0.20276661762489445
row_017921,0.20274144595948418
row_026430,0.6760977181159358
row_044955,0.5206569749838683
row_004092,0.6020310125227731
row_044879,0.20468636258092657
row_038893,0.5754170817447601
row_041803,0.3039486565324928
row_044847,0.3224872861393791
row_008123,0.8795654548315354
row_019124,0.3663899902561234
row_035973,0.824251713663517
row_035642,0.4177218485442026
row_015700,0.4890245305074295
row_047107,0.25892616044237043
row_040388,0.4302494524179758
row_049588,0.5799804015869756
row_008013,0.01612129378652603
row_009539,0.3610109615102167
row_013442,0.8032104385335725
row_031810,0.17320196019303744
row_023796,0.45603183955410737
row_041206,0.8940754494360135
row_049269,0.22033154148827888
row_023416,0.38157919721460276
row_040190,0.1094672933086646
row_014187,0.5386495900887444
row_044891,0.27802215756867366
row_035713,0.09383757120537144
row_023261,0.36304850851865883
row_003786,0.48453394079935314
row_022529,0.4333295597269494
row_030740,0.6311493397561316
row_046751,0.7926816525006165
row_031832,0.5401969249297476
row_005881,0.20160028561202653
row_005323,0.5671135937461114
row_033549,0.6263627321222776
row_042351,0.546581070153095
row_013080,0.16829697689540452
row_040602,0.3976123538689154
row_029971,0.0027576020672247822
row_021194,0.8047010793136249
row_034326,0.5438847586488048
row_034797,0.18481543281273755
row_022747,0.7924054426497313
row_045438,0.8969574416603424
row_009714,0.7249549536573986
row_040224,0.01098890818430085
row_028049,0.3580191517793494
row_046774,0.2223817273859889
row_003699,0.24215653029871537
row_039412,0.34403587890560716
row_000725,0.8897845985263294
row_042800,0.5603404429569392
row_025984,0.8396932200822562
row_045197,0.36968539411197915
row_034167,0.3094938635428746
row_043776,0.02604227051055103
row_024129,0.39216829806683967
row_030303,0.17973337489805843
row_043131,0.055096708341381376
row_043584,0.6487805743011504
row_033563,0.5958796825144272
row_016010,0.7618441691024823
row_020571,0.41319172767656853
row_028284,0.17630151701647603
row_026285,0.22731459856393194
row_002266,0.22627864910353962
row_032072,0.6212509089369488
row_009834,0.23438617259620384
row_028435,0.3926773034537403
row_027174,0.6685839461542953
row_039232,0.2860937709852766
row_012725,0.41285701686116794
row_031825,0.2220791507773921
row_024149,0.6725363292059732
row_013301,0.5130928245417917
row_011027,0.8004694544614872
row_031087,0.3210664966157978
row_030088,0.2932066941926019
row_022846,0.18912033995580016
row_006277,0.633871754656544
row_025544,0.5288861898918681
row_046124,0.8206256699511316
row_043136,0.6116798568554339
row_028165,0.22010923711188596
row_027562,0.17004946739911816
row_002568,0.5771011952744344
row_046982,0.7244833473807638
row_023199,0.21853274186437885
row_049091,0.8294813869212696
row_002690,0.41447346598913043
row_007719,0.28403093359833187
row_047098,0.029834778718507315
row_037245,0.6596506568715157
row_039708,0.4251427508756352
row_016798,0.19508183693189218
row_017297,0.5707516348759342
row_023765,0.014000814873086008
row_039944,0.4174870608879276
row_043394,0.18663229078268795
row_032679,0.6680069931520818
row_003963,0.592714651301468
row_012973,0.0696031695422106
row_008142,0.5156363326005048
row_030049,0.5292424575062233
row_026577,0.6810237578525744
row_032135,0.07092581410950437
row_011278,0.5377809759146777
row_005187,0.42085610739352736
row_009310,0.4075694539711471
row_030858,0.5641483503025247
row_038361,0.5901825228207755
row_021944,0.72998943148028
row_013851,0.6397765140374083
row_008472,0.5675411925600762
row_001135,0.24414804533540063
row_030977,0.32786693902161607
row_049088,0.18020090339669356
row_020681,0.6765263529149658
row_038189,0.31338227211698333
row_016938,0.1319267502499511
row_045993,0.015584812221909173
row_033749,0.40855870087299373
row_010943,0.850270263565297
row_003647,0.3497257598516001
row_025626,0.29594006379844184
row_008277,0.6048057544672875
row_025427,0.15195236334808174
row_036141,0.4651728799272662
row_045796,0.4804577147561652
row_046832,0.220289291066269
row_005670,0.19128599151531597
row_042691,0.3575110634663387
row_018631,0.5462627939227345
row_011229,0.1440386494358967
row_040316,0.4461659517366732
row_019714,0.26561932616361017
row_015594,0.36942621656404506
row_039724,0.5168501479322033
row_047763,0.32015768544501416
row_030946,0.3399876920578041
row_013265,0.2983634335920843
row_000979,0.5483190535808704
row_040110,0.458321658523806
row_039968,0.2767937652863637
row_001830,0.7182652646666278
row_044761,0.31671620182497
row_025508,0.24492094071180057
row_036787,0.733934540572905
row_007646,0.48721495623447003
row_012530,0.6046726637966218
row_017980,0.7431676751650333
row_039931,0.31796215913121806
row_024931,0.5741090230890812
row_038853,0.7653877178059242
row_000363,0.3966222038158481
row_007126,0.20132951227933812
row_031090,0.18421536073771627
row_005745,0.6311829462593779
row_000134,0.1273247901176304
row_034732,0.39031708700214973
row_040087,0.6352420617373417
row_025868,0.757217559202892
row_046759,0.7557313613886064
row_032108,0.3936566559133844
row_037572,0.393411008975233
row_027240,0.289320814902171
row_015037,0.6799492577202232
row_042532,0.7416680737877432
row_018133,0.32991457296441734
row_045243,0.4283359098573266
row_027765,0.37702179784909945
row_029448,0.41397860192476976
row_008342,0.38221289783783235
row_049084,0.24966837790485807
row_003918,0.18463209776854209
row_007580,0.3515741233767565
row_026741,0.05961402230082062
row_017011,0.9893295664707212
row_037563,0.2105180346908523
row_025762,0.13537711313527423
row_021661,0.24306562951618213
row_029844,0.2717375745687993
row_011314,0.4991537654958812
row_006057,0.682061347754111
row_021019,0.2527412823179572
row_043076,0.433978581794537
row_027187,0.12240739107793816
row_036197,0.26735754081835916
row_033818,0.2703310950437321
row_035978,0.34015369557226877
row_038656,0.8258469529435805
row_031477,0.24348170413621367
row_037216,0.08161026724396118
row_031583,0.42450738684182154
row_025382,0.13733458741453103
row_046148,0.3898303561492021
row_021441,0.10133392308305181
row_045987,0.7021757749496615
row_009704,0.6814214339961605
row_041519,0.15930824717786154
row_048372,0.07564295113954628
row_012932,0.4400960878169517
row_000149,0.4955540698079476
row_041594,0.46347319446753205
row_032320,0.6428894905375274
row_021312,0.5820746721810793
row_035043,0.07715796276164014
row_034243,0.020870877062189014
row_003180,0.7910985403026879
row_038521,0.9419301479734962
row_002238,0.6520173341607577
row_032394,0.673788921721175
row_046434,0.4956781759403018
row_018397,0.44277573048828844
row_027787,0.24335144491188188
row_044531,0.4660431954747262
row_013120,0.42644060231144154
row_043534,0.8056231936224773
row_041395,0.6614361517386768
row_027178,0.5177623086299679
row_001847,0.35056329541793296
row_027797,0.5110544189638686
row_013905,0.273598298625704
row_030343,0.1596338731579259
row_033663,0.31334924353866206
row_009949,0.3089835737293591
row_006055,0.02971524589387377
row_022194,0.8151329119237518
row_008809,0.2888293051113688
row_013280,0.03682426864375367
row_017001,0.2136461273524208
row_034991,0.5637389332070367
row_039896,0.6140653838654593
row_007592,0.5582248507078901
row_031645,0.6459142086269685
row_036543,0.024042779881877082
row_027791,0.11254954967297615
row_005543,0.11955673815272275
row_001297,0.4957522153960394
row_042728,0.7378384300992558
row_021490,0.1582014973491983
row_027888,0.8448341489524437
row_030482,0.3314133170173582
row_012708,0.6393499241353742
row_037034,0.4111876343778581
row_016102,0.9986633680804552
row_042924,0.8479389402910911
row_012578,0.4872098556568503
row_002776,0.13360854878757858
row_020935,0.7932301815245673
row_021022,0.20422144184737676
row_010182,0.3052359153050842
row_014569,0.18883735857462247
row_007508,0.4863531322573876
row_040873,0.4089310340318475
row_035159,0.17102948753487607
row_009231,0.8763448151893423
row_048334,0.4811703158665801
row_039714,0.589666921518615
row_004712,0.6826959549775604
row_011391,0.3741099856180552
row_022766,0.6186458304500522
row_015256,0.48730555497135236
row_002501,0.3829729375837637
row_007190,0.3407869037453879
row_029093,0.05569755949161508
row_041268,0.4345300843923821
row_029991,0.27831412034857533
row_012245,0.35511303015271406
row_039666,0.6696597578885836
row_047626,0.537070947833631
row_009205,0.6460380488884184
row_048824,0.6931468968619674
row_034638,0.6540378954197245
row_036568,0.7657854470753744
row_010282,0.5421906293832222
row_038288,0.3567833112511476
row_027159,0.5751211220537199
row_027684,0.41281174729221914
row_031064,0.09172109159061988
row_039746,0.7199599037337336
row_010984,0.09291391648295835
row_004567,0.532294980144469
row_046006,0.5868020231522797
row_004795,0.5719153890777762
row_005758,0.18478048654674573
row_032083,0.4479452153843232
row_012244,0.7867970853620503
row_028222,0.8661168413477035
row_045508,0.019060119282750976
row_034897,0.8050735936221542
row_022891,0.6017747813381911
row_002393,0.18524751862636696
row_009371,0.9815948070504554
row_029272,0.32752276393594015
row_011004,0.6634273413573131
row_004364,0.584441689547663
row_026619,0.6992722849468269
row_048721,0.5364365714063019
row_018000,0.41528039157751084
row_049681,0.2037692768196692
row_035832,0.7909901016945476
row_033353,0.3915684834133925
row_032064,0.24196133936306957
row_040473,0.4527881976742515
row_033954,0.21553415027382872
row_014184,0.5347611551277619
row_008261,0.6176140098520377
row_030972,0.6875707403233086
row_018258,0.4257565196893497
row_000122,0.4035621662442178
row_039841,0.5086162526241389
row_024140,0.18253830437235796
row_004059,0.37713029453530394
row_019871,0.3235778288596318
row_004343,0.4331787008723606
row_020795,0.44496260343977245
row_018324,0.5135411986157462
row_018744,0.3980588991717541
row_007099,0.6554912981689456
row_025769,0.1914307422913416
row_023278,0.42804144015615364
row_000865,0.22035384751240508
row_045134,0.2938794129622031
row_037062,0.9604162830454788
row_034251,0.1832144017101197
row_015554,0.6511410236400323
row_028574,0.0715854808013065
row_041127,0.11773016365654368
row_035536,0.534985447197579
row_015106,0.6244248739223872
row_000019,0.11534124866710797
row_034001,0.5544779721216426
row_009400,0.8865856906029674
row_042125,0.14677204250550815
row_014126,0.04569722161311333
row_022874,0.27524817514185285
row_003099,0.40175644508345215
row_042241,0.23332734142130132
row_003591,0.4570215399542921
row_038980,0.5502886468699365
row_047972,0.12855657495295963
row_009390,0.2011610036547261
row_011648,0.44154008933876954
row_004803,0.10372781424330571
row_031207,0.38509773585596
row_023003,0.7178053473735739
row_016096,0.5568529540633421
row_013846,0.5050828117548276
row_011596,0.6448918359924927
row_023806,0.6461030303382106
row_009157,0.558851847240966
row_032458,0.37282997017616054
row_038518,0.5610487359206442
row_031331,0.44629379090484866
row_017091,0.5286509879252868
row_009106,0.5025265564609095
row_041540,0.39669073944446076
row_022225,0.16855625180675224
row_036868,0.1284988088514552
row_008017,0.5265389546320157
row_003291,0.27493919536935185
row_037565,0.16341261737376728
row_032467,0.8561432970107511
row_002192,0.4879918410869098
row_007770,0.5389053252002477
row_031175,0.279705501331715
row_038897,0.20466882671408865
row_017553,0.0677262299272685
row_048675,0.2655743211320248
row_041969,0.5310398063568087
row_017541,0.6101296654569823
row_031386,0.2702517230583659
row_018128,0.5264833909686703
row_024348,0.6737877845282122
row_002634,0.5648794143585029
row_036503,0.21635925504711648
row_024699,0.3198861588185102
row_041498,0.5784347652969778
row_031266,0.5086172312008562
row_016800,0.8940544354047499
row_023306,0.31220975632426573
row_005776,0.0689241428190002
row_040738,0.3019630612227206
row_021038,0.14565043963977983
row_025499,0.5291236309314689
row_012581,0.20103940385802935
row_025929,0.7138089053706478
row_035172,0.7934398762841645
row_031457,0.6422542047199601
row_001224,0.3308852966586861
row_032756,0.39337113395494794
row_037218,0.2679979234846559
row_010479,0.908024293929983
row_028400,0.43658506485832876
row_042051,0.5039250730988415
row_029283,0.14989772561355708
row_015578,0.42509183368389397
row_007040,0.46557159920059793
row_002688,0.1023236891064441
row_012948,0.21709251883056702
row_033371,0.42149406680911194
row_045064,0.23913180349475777
row_026667,0.44473211703999926
row_039611,0.4061138051708601
row_021233,0.39622037827256834
row_008160,0.5925358324904981
row_048606,0.5578559388468298
row_042647,0.40691030901650316
row_011689,0.5626538280330899
row_033450,0.2904444296457605
row_048898,0.3309693045349861
row_042074,0.41443564347850537
row_014296,0.9533977513105877
row_001641,0.8884368017210639
row_018061,0.6824419916950124
row_043243,0.5536359636833861
row_043041,0.559034024440358
row_045066,0.5320234593935272
row_031961,0.3787531747139134
row_046190,0.598266458681974
row_010618,0.35435081459330436
row_014237,0.2406003191875375
row_019664,0.45049817531234865
row_033424,0.1952534557867597
row_035448,0.8400099961785309
row_006115,0.3429784230868153
row_043035,0.5657948603630751
row_038203,0.21117210406914572
row_039651,0.1688775451659753
row_027524,0.6829176463240111
row_034182,0.05769620563734979
row_045202,0.2713119300486783
row_001229,0.2260616285129674
row_006494,0.5596995328854493
row_049468,0.3355480575757225
row_017481,0.6226947765797584
row_004646,0.7767728118661792
row_013158,0.21668203166091793
row_010997,0.3700026857027398
row_033288,0.5380024484535875
row_020008,0.26152426377382615
row_010687,0.48063158726553207
row_006987,0.16380801400291234
row_038416,0.7008401387099861
row_009905,0.12320490611185665
row_038139,0.12581878941707877
row_029071,0.2906703664065944
row_012917,0.6785632076983512
row_017564,0.344117616457429
row_004817,0.9818499408512176
row_008247,0.5801230733196888
row_010248,0.1917907131608134
row_038858,0.9548028742081118
row_031582,0.4147203762753141
row_042392,0.16085783779644813
row_025766,0.40056326960803734
row_013207,0.403911785822153
row_026880,0.07505526621221492
row_005604,0.6718702699749727
row_039298,0.6535102337711761
row_016189,0.4446387445073904
row_002148,0.39171663301001713
row_002034,0.21415835170596248
row_032094,0.3391237509104742
row_049538,0.3405116049797705
row_012330,0.4910480415891394
row_017526,0.9628088361650462
row_009722,0.7088335697383584
row_042535,0.569282145299432
row_044049,0.9330906741343324
row_042154,0.6150903220504244
row_029746,0.27544972588128575
row_046766,0.4257028035680315
row_046359,0.10728290499494636
row_049739,0.4093002570015612
row_034636,0.17276429440268748
row_022178,0.2626393301770682
row_020835,0.09538728053283156
row_008069,0.2380345521189169
row_005100,0.46192120528875225
row_024402,0.9124815468482264
row_035361,0.5526509226215095
row_035818,0.5863771860082106
row_007059,0.29832430710846236
row_004790,0.4687695009631845
row_037687,0.7439407047040344
row_014480,0.22154380891121728
row_015067,0.5534319376163859
row_031529,0.13384407452631691
row_047827,0.28078506286396065
row_029213,0.38758922664313583
row_041167,0.4212476829921275
row_036445,0.30335459478742255
row_013583,0.5095631086193937
row_024275,0.525889037706056
row_031736,0.4406384573120132
row_040914,0.5694260689373304
row_028098,0.05793883040556576
row_034583,0.21737089380071542
row_005935,0.7988806832569426
row_031560,0.4007885496052869
row_037612,0.6768777605073422
row_021314,0.5110621998614742
row_031856,0.43730276804450646
row_030789,0.29613039525289997
row_028423,0.16993850095261406
row_021386,0.22002482720818983
row_043977,0.2021060715739787
row_025271,0.3753744015401742
row_002248,0.7627680496591889
row_022819,0.4935432321450028
row_003189,0.13758541685728223
row_026076,0.1054004868926125
row_025316,0.833277204982464
row_016265,0.9863609229535185
row_024125,0.7750863403465972
row_048416,0.2933290693159677
row_017754,0.029499621031532395
row_024176,0.24954683503088462
row_029655,0.8924394331364413
row_002328,0.1906754704549215
row_037966,0.11530466210715751
row_021743,0.4152031774687569
row_046781,0.427900178206459
row_005379,0.4130472329640705
row_024145,0.6158120441305707
row_017782,0.4746183307643194
row_029704,0.6319857352790358
row_018094,0.28658678675987415
row_040170,0.307082784964056
row_038967,0.267056506589752
row_009353,0.19775684794672976
row_007765,0.5100917505275548
row_045324,0.2135115775741512
row_026646,0.4172033323614899
row_033645,0.5990905119487839
row_031547,0.25540517131696056
row_026310,0.5196318582179883
row_001513,0.5201593573410821
row_049412,0.29065820471751286
row_029948,0.3100149136503605
row_003842,0.6420160045902338
row_024059,0.25629678285302804
row_040272,0.3069983048945604
row_049741,0.8188810838518474
row_032089,0.4642599401049317
row_018223,0.3822598152238368
row_030501,0.16210368487942567
row_034293,0.780848783632283
row_039617,0.7795277374786966
row_012765,0.39852524469428113
row_024868,0.8212278745138345
row_032441,0.4665315494803782
row_011022,0.6935997824913913
row_026832,0.673004206761325
row_035208,0.3617417822951901
row_047063,0.6081805415619168
row_033197,0.008756182116268505
row_030382,0.606878236488714
row_014085,0.05149172717455945
row_046494,0.504159900573098
row_015196,0.8409978513715635
row_025650,0.5156610155286945
row_010603,0.6033224471962686
row_008175,0.23353895517081652
row_002754,0.5807077086161264
row_024260,0.219981962862939
row_030145,0.6165515344379935
row_022907,0.12000252153865151
row_026231,0.6702200607184634
row_026262,0.3643109115259201
row_032924,0.19821581036296587
row_049582,0.3707727047347234
row_008737,0.14382848760979122
row_024638,0.4677250477361339
row_030137,0.004028868272131647
row_000548,0.4936940223582044
row_049120,0.6261202611299737
row_004856,0.210484348268969
row_048486,0.0776789666637827
row_044614,0.290252571457762
row_047068,0.44756895855174034
row_007928,0.2093814014234392
row_021841,0.9771568711078005
row_026886,0.6938722699110468
row_041341,0.4364417532523547
row_009436,0.31517070067645137
row_049553,0.23443564709263043
row_012777,0.3257586521486646
row_006187,0.03663281492895753
row_001137,0.9440434989809222
row_048030,0.642965511377925
row_028603,0.7011529441489536
row_009658,0.49201302406235237
row_041644,0.4875809808736535
row_041057,0.45649253780351934
row_042077,0.5575971785445255
row_044962,0.6493377579385349
row_003799,0.6304486516188262
row_040363,0.8661208494971298
row_013466,0.4857857946068425
row_047658,0.571042275258175
row_047812,0.0517813173292868
row_021799,0.5558776815011051
row_022473,0.28200803139322117
row_001994,0.5845803725609391
row_046331,0.43232631053503423
row_038485,0.33753370354310663
row_011190,0.29879555562204235
row_048041,0.25110471464872786
row_019506,0.18792307974788178
row_003175,0.6003974433697807
row_009863,0.11196751729157199
row_032148,0.9192593174219875
row_024527,0.6775686808310929
row_014419,0.8938833148038323
row_015501,0.7668610292697241
row_040422,0.6469441436214073
row_037015,0.49079635489058704
row_030012,0.6428066485105851
row_011355,0.0855871428088263
row_031407,0.626109378608006
row_025311,0.13239996803084442
row_039459,0.4653490933109694
row_010873,0.09135242997225418
row_049192,0.635880233308565
row_021210,0.29712022604159694
row_045143,0.26827679543668037
row_023502,0.34020039471621616
row_021801,0.4398175588872611
row_007716,0.3616996522483304
row_040075,0.049703693741348046
row_035911,0.30275434935285356
row_036365,0.7650020008796019
row_029916,0.29573962414178606
row_024835,0.5359328331403878
row_031224,0.47207435564180267
row_043195,0.050554470051349505
row_034206,0.46064861286115394
row_032162,0.8599663389190965
row_011135,0.4375637614999592
row_026976,0.5465999562121564
row_006565,0.26002587339775074
row_030302,0.42215524834632284
row_031043,0.1419139514996855
row_010490,0.7698421998190504
row_024229,0.36601730124070747
row_001478,0.43878180989179977
row_002355,0.24348143762422575
row_032065,0.3774527778418632
row_047083,0.2943468874836684
row_028324,0.565588772818281
row_000910,0.9583876930223157
row_016267,0.6666854515360499
row_045494,0.02123370515245901
row_040333,0.3999580652152198
row_037322,0.6708782351483006
row_035743,0.4297644171437652
row_017516,0.3586825756513348
row_016244,0.37096814422405816
row_047180,0.4713902350596789
row_033290,0.735422815538522
row_037040,0.41175655746864664
row_008941,0.6246561886051769
row_003936,0.32313775736501893
row_040502,0.3684468211478871
row_017432,0.721514185561569
row_007438,0.5946495671380205
row_032153,0.4990710294965007
row_039476,0.04500654889257997
row_029873,0.5400833076338153
row_043656,0.04237169074203183
row_028949,0.1745280647345903
row_037376,0.1215791027395843
row_005216,0.33248408680487324
row_049206,0.4296022911523827
row_004353,0.6324853309786002
row_029734,0.5242320852973165
row_037473,0.45947232891793827
row_031962,0.6380402725614239
row_011811,0.5610903864660948
row_020685,0.6812943648833701
row_033361,0.4362581279200629
row_014243,0.21367343463543897
row_048230,0.47216621036289724
row_014615,0.46042036310789797
row_018741,0.712049047731618
row_007973,0.6224834011120859
row_009166,0.3785089495462593
row_000168,0.3667063927097722
row_045699,0.17343968398437265
row_025822,0.2617567248226876
row_033398,0.30570397492918827
row_031346,0.8221958735623163
row_048820,0.569956361547158
row_020928,0.5404517871732425
row_045071,0.5710031419690118
row_047472,0.16247082366550228
row_042251,0.9296950394910586
row_040997,0.8437032171596066
row_005995,0.006769062266351525
row_027176,0.39539152938975786
row_008274,0.08748465905065557
row_032736,0.5361520916965697
row_023115,0.43268841834265487
row_035658,0.5695808046589113
row_006138,0.0992899502636931
row_019130,0.5908541385584883
row_002670,0.5970945718716946
row_006255,0.4237621498343876
row_005651,0.32886044093023814
row_043855,0.6802174262481948
row_007423,0.09685325250783837
row_015812,0.5507614033781627
row_020155,0.06933553725302549
row_033097,0.4092923990895917
row_015553,0.4936132660570411
row_022704,0.8598386969204846
row_003426,0.36266627994387657
row_040870,0.11905922841308
row_018277,0.24876035632403726
row_012800,0.20979321256931527
row_022376,0.8130010903129725
row_020749,0.30914133528708915
row_031281,0.4500343129638264
row_006067,0.723549373474346
row_021638,0.6330921517767705
row_018006,0.3682751705479475
row_004970,0.6747867834121845
row_030920,0.6108354347624336
row_005158,0.4629330495392763
row_018533,0.4618112772419618
row_031675,0.4019689060553164
row_045182,0.7496027979281356
row_016486,0.5194310578160826
row_027619,0.3957746805538695
row_011940,0.017045993738537164
row_042795,0.7320314831415945
row_002718,0.30887081479862577
row_001909,0.11051612894937865
row_023271,0.4799907627277616
row_000197,0.17884798007226876
row_029271,0.6156359929774293
row_003093,0.01128251134714695
row_008884,0.577970501273684
row_036034,0.8056055685044408
row_046581,0.664492198752388
row_049370,0.4046203523971708
row_002929,0.6742194525846883
row_024213,0.4408508675499563
row_026438,0.05241099330937967
row_037866,0.28861706385227404
row_043730,0.35172381820148085
row_017971,0.015341553993158572
row_029192,0.022686060049211424
row_031987,0.3289493332245692
row_044627,0.2805570300601436
row_001416,0.4209794164156954
row_033596,0.9815414686931783
row_043986,0.3228012821040075
row_023233,0.8809003517168169
row_025624,0.7307538009479465
row_038402,0.6749097375893195
row_039922,0.8275148144477579
row_016911,0.6582569855385743
row_006437,0.43992028649875137
row_017788,0.576185129530143
row_000518,0.6891854827718804
row_049258,0.6407602004183379
row_026702,0.10154927333582783
row_036532,0.5148881136630693
row_041475,0.32667398558264593
row_017901,0.15019936496194664
row_005041,0.21528941395507742
row_017480,0.537426098118039
row_010454,0.6661733419784323
row_031554,0.22560258788190163
row_011551,0.2966957508099713
row_023087,0.597618568787417
row_017085,0.14612461307322896
row_044985,0.2922179692967318
row_049408,0.6172627293507031
row_012875,0.3576665036996741
row_003885,0.16835471486036793
row_025956,0.46746227094067727
row_045329,0.3745679530489177
row_022840,0.8076088404856416
row_038293,0.6078357975768153
row_038364,0.4055241052637888
row_039924,0.3049817895993038
row_018092,0.6600614625998655
row_047486,0.005086110574073253
row_048318,0.34144023263359935
row_035464,0.5020161699270276
row_011393,0.020139356411495148
row_044376,0.952777679468838
row_006264,0.556915775741586
row_032892,0.18757315847852507
row_019527,0.7530913643239657
row_022161,0.341516510789693
row_017593,0.3173768564408671
row_013059,0.15348125304072707
row_047037,0.3839532585148776
row_033431,0.8013932317874963
row_010242,0.10978852595988983
row_031348,0.18976637416891215
row_043752,0.34088038969068124
row_037028,0.5459237971080937
row_046779,0.9997874022422011
row_047488,0.5654587945310724
row_038067,0.6620695880187641
row_025445,0.26752921921334355
row_043994,0.4444395101681316
row_034065,0.9395723190896371
row_037651,0.6056136014108086
row_016351,0.545647886312232
row_036263,0.44318406557888357
row_018233,0.6729934667893666
row_023403,0.5143767339296376
row_020605,0.5795098003388003
row_048717,0.31963942914611465
row_043740,0.5625362128981172
row_043320,0.3996178522819855
row_038274,0.3505791691009271
row_009194,0.6538861757539265
row_045462,0.9832586973876156
row_007738,0.4618042921456043
row_046763,0.34430819913938115
row_036390,0.3400420481569786
row_041286,0.45252653417087346
row_020952,0.5515945812407191
row_013245,0.3008031032260964
row_025075,0.47342628829596417
row_026675,0.6449729473520256
row_030484,0.1864392453842824
row_011347,0.37602554445018316
row_006986,0.47397366864869717
row_020134,0.6553496096796518
row_045693,0.01980518686556666
row_030525,0.31923783788252114
row_044383,0.43521503217797686
row_047840,0.3418647308684245
row_009196,0.24964548012896748
row_010005,0.5243624623523484
row_001020,0.39543020924429767
row_011535,0.6994723041153817
row_020547,0.14726655868076463
row_015806,0.5932656255476424
row_039973,0.9994288347608412
row_038932,0.9169283078576713
row_006020,0.102856104340316
row_003915,0.4611904476782426
row_021113,0.07852934067989888
row_001214,0.2246686069668414
row_032509,0.1181158512963232
row_041833,0.3710366991020402
row_031310,0.8987769224142456
row_016857,0.06043688305678197
row_044818,0.7619759766317745
row_027058,0.182812042618999
row_010782,0.35647921828598755
row_041732,0.6163959383916746
row_023867,0.1680446047483642
row_019249,0.675848821408709
row_036213,0.05972073213413055
row_017014,0.20545405390649696
row_033874,0.4522513016520532
row_014033,0.0019009767723412925
row_031934,0.17768762187934242
row_039397,0.34574798801853734
row_045829,0.0027792293252063244
row_032888,0.15924550642404128
row_025504,0.8172944562788262
row_041872,0.22520482550077167
row_014131,0.7330493435381841
row_017209,0.4303895405662029
row_000531,0.16946350237333865
row_008034,0.65076674255093
row_014236,0.4449587690612166
row_034858,0.13517096445588747
row_025233,0.11917485663558308
row_044302,0.12780890411157428
row_018998,0.9691203433582903
row_028258,0.640125406945046
row_008289,0.3702058771130199
row_016164,0.7454784128300332
row_003091,0.21138524036140474
row_014390,0.38088301386764456
row_020763,0.8556980770009336
row_025189,0.9278826137882155
row_011346,0.0930825885218702
row_009713,0.6842191584977427
row_023116,0.1801859662415733
row_032979,0.19325142367989612
row_026942,0.539125739479173
row_046474,0.6512072448417148
row_032613,0.3964620421698157
row_027128,0.6318259981186166
row_016502,0.7982199744983292
row_012065,0.644795253271918
row_021996,0.738851950633353
row_035290,0.513011493265735
row_037883,0.9664224941560984
row_038301,0.5971463060939516
row_016097,0.14773858481690175
row_026952,0.408054942524799
row_005095,0.5113719113163198
row_039530,0.534864272678762
row_036307,0.06136810687372096
row_022783,0.5928174859630468
row_018354,0.0722310920850477
row_023427,0.4243825688290019
row_001934,0.3064483544762685
row_036778,0.4966165458015984
row_018318,0.24013112290747524
row_001889,0.11562741429454065
row_046606,0.18820466291299826
row_020394,0.5614442078980474
row_001447,0.6232633308551425
row_027377,0.35708562083262385
row_031723,0.6770178601487024
row_035531,0.08688478291897957
row_048043,0.7945172474513815
row_013932,0.767977532509534
row_046962,0.15665883927224808
row_033893,0.15256975030952244
row_048302,0.5961140405775647
row_007948,0.6233170774002229
row_026905,0.8124559596848221
row_014263,0.8665066819764042
row_013431,0.07895200822910883
row_043264,0.31610029272938694
row_013293,0.4652711969786746
row_047398,0.7420144701376197
row_003983,0.2825223360171085
row_004130,0.20006644033516935
row_019853,0.6895174800762048
row_040436,0.7555946424309841
row_000284,0.35821474749200843
row_046748,0.3826225489356786
row_001362,0.3224069707919718
row_002037,0.7095799497027223
row_012031,0.17033278156570283
row_021394,0.07240274198076255
row_045524,0.34964260444701345
row_033847,0.5294750187203636
row_022501,0.2592890381951734
row_025338,0.45459500296052346
row_004753,0.2731182475016993
row_029667,0.7020035773784276
row_017637,0.5117178956665445
row_049674,0.35485057953267735
row_042850,0.6738329568950351
row_039886,0.3222830727320016
row_036139,0.1424639078695975
row_033201,0.301016943900171
row_031762,0.4465104703242793
row_044373,0.5306537614894099
row_002783,0.5213832813610706
row_030381,0.2727220778667681
row_005568,0.6674401963613201
row_039772,0.19730368541696025
row_031377,0.6421699029523985
row_024780,0.7021525183351325
row_045130,0.03336028733803936
row_025680,0.7100359111560803
row_028927,0.7769132384582028
row_044684,0.25974404913445254
row_026921,0.6653068163521537
row_020168,0.3262094183197792
row_008231,0.5509290734019134
row_044213,0.27896989908395214
row_042282,0.432203714278775
row_029946,0.9294365690279618
row_036505,0.4023766196305664
row_020160,0.29626674643074247
row_013864,0.5618356717080185
row_013899,0.7009864998070998
row_041537,0.274833075825477
row_007205,0.9283426166012143
row_035126,0.1809789236533988
row_004588,0.6227252196999966
row_045702,0.804659686747764
row_014957,0.482247987744483
row_005404,0.3993387780971335
row_024315,0.12159411912596453
row_002841,0.5716883583904772
row_018553,0.38310667974036816
row_026612,0.4407373245560234
row_033020,0.24269254546623564
row_042373,0.9193448543284323
row_046170,0.3569830571049315
row_011082,0.6305998530044563
row_042225,0.6862927360019299
row_029066,0.9682004511387484
row_042679,0.12022427383734866
row_006699,0.33300750384455374
row_031836,0.7558230460723802
row_028633,0.6095136382766143
row_001810,0.8396312398466752
row_017075,0.40503889155310985
row_036172,0.8226546812029899
row_016236,0.4648833774124577
row_046199,0.5169874523641843
row_031568,0.4447861740324471
row_009633,0.8034466974270906
row_033924,0.2180952579093146
row_020991,0.6970542964595886
row_029151,0.5699677540375785
row_029385,0.47801824558033773
row_031617,0.4133464105932199
row_039178,0.43930755639857016
row_016091,0.555537945748563
row_040423,0.2767902713631313
row_021712,0.8943954038181927
row_022341,0.8903496423337973
row_028132,0.5807114489428963
row_035107,0.42336604371775594
row_021961,0.6618010942812756
row_013357,0.3880042651922595
row_009367,0.6198625999414159
row_035393,0.36333899446100587
row_026569,0.544002658149999
row_041709,0.19080871405222222
row_024552,0.880472359618035
row_039162,0.33978861593491166
row_034538,0.4197882834684087
row_021130,0.5095550181033849
row_010442,0.5572654987632205
row_001411,0.6229112775115491
row_026305,0.5577743065264781
row_031362,0.2844208461506
row_002035,0.2510156503409985
row_031541,0.40381631333138157
row_044044,0.3883688956387165
row_049424,0.6868463740537888
row_026087,0.49910239801172807
row_016445,0.7014020270229797
row_024737,0.2370927744258831
row_032843,0.366175291432444
row_022933,0.4739149098465374
row_044927,0.17004798630425116
row_026040,0.7187016693302045
row_042249,0.0562277170371628
row_032741,0.048934104511969424
row_019525,0.8941066647001579
row_000608,0.722474238710073
row_012895,0.2250168743303875
row_049851,0.3205503743080851
row_007665,0.49959578994538134
row_031557,0.22516293445906949
row_008476,0.67571552805817
row_007519,0.10551944674623645
row_021865,0.29277437507149123
row_004049,0.2427083888488474
row_045732,0.7853167934340449
row_044448,0.10957190176412951
row_033993,0.6228586397900597
row_018052,0.21974183652315352
row_024721,0.3452793764050024
row_006001,0.47156517943505954
row_019590,0.12611999865530701
row_019370,0.5210663922811333
row_013535,0.6910647416972366
row_022123,0.39400540706041487
row_049841,0.47568492874967594
row_011546,0.19268632589097295
row_021720,0.4034443180534113
row_031134,0.5508343622485607
row_043761,0.4532939819258946
row_014827,0.47281332228731243
row_006131,0.03456961141176126
row_014776,0.5651874302121757
row_034402,0.539903647818699
row_000921,0.686721207231193
row_013369,0.39057791539172804
row_006864,0.42406206113865075
row_015722,0.46786838172472467
row_017241,0.1332527556711967
row_026169,0.6443932578575464
row_046822,0.6138705380095673
row_013563,0.0721843393585994
row_027134,0.49838374909121996
row_007643,0.20866095447206642
row_006201,0.4640161577712057
row_031320,0.8329691748251359
row_014865,0.4611960471923378
row_045623,0.9175026398900503
row_000730,0.31227392921645597
row_024489,0.518352364051682
row_043057,0.8363152401190138
row_038585,0.6451606582473766
row_044077,0.5787998704151343
row_021820,0.6319248633507509
row_048293,0.20581520214670304
row_012744,0.3524152867677895
row_012886,0.3077106038982538
row_005854,0.290310462566316
row_015056,0.4939139243950422
row_034367,0.12425581508244056
row_039061,0.012234975898611698
row_019492,0.6016668392031145
row_022838,0.23318829471370936
row_000716,0.5937547680632198
row_016339,0.2385947453082003
row_038894,0.36330436760198953
row_013072,0.397397061224267
row_033851,0.8046849016516605
row_048111,0.3393405574625072
row_003772,0.8662348300898303
row_000133,0.35047277631902324
row_018304,0.5783982811623279
row_028484,0.8269251745199565
row_015776,0.697277375614749
row_004322,0.14121727417893035
row_008523,0.50224134269001
row_020697,0.5262243452897634
row_002101,0.34963383990414115
row_011329,0.5937099112898804
row_041444,0.45548946837464194
row_001065,0.4413296193100343
row_027100,0.23865715464146836
row_010280,0.6422153249038345
row_029637,0.2926143611469205
row_037250,0.30801993020460355
row_030881,0.38170697016450494
row_000748,0.13701429908439136
row_013087,0.6549556199153257
row_032584,0.554440116118037
row_049561,0.8142782574668156
row_006596,0.347530897743367
row_029164,0.8665066371363079
row_043392,0.06625585743958314
row_040554,0.6001581737506545
row_001332,0.11032071105440348
row_042101,0.4301524767430899
row_019405,0.35829585599123415
row_021154,0.6574882083060759
row_045690,0.8573361861186223
row_016853,0.18238149977806617
row_036886,0.933600664788889
row_024236,0.35901567060692535
row_040522,0.1798102586525489
row_038571,0.05726145082289392
row_025389,0.7530312458679165
row_034095,0.5449951662144118
row_008484,0.4398533861589796
row_009029,0.7067930533203346
row_044827,0.1746004207579459
row_018210,0.19572441798083803
row_014508,0.22902183863340875
row_017946,0.9930587347624203
row_004455,0.607620374185055
row_046659,0.39888955282925276
row_047906,0.3613098284122004
row_030588,0.8457226683377654
row_027600,0.728824648144155
row_022196,0.7466438357973011
row_028144,0.7063623306073453
row_001594,0.459786731237403
row_011729,0.6829576469684576
row_029836,0.6254574518980833
row_017112,0.285870301551351
row_001140,0.10582793164174785
row_016350,0.725588490048967
row_002703,0.16540781921323594
row_038480,0.17663414277868114
row_033696,0.5345608000848557
row_007627,0.778326861777387
row_009745,0.7027039159630538
row_027821,0.35556929303449064
row_043026,0.5777103017210004
row_046588,0.6414631231445839
row_017947,0.2378648958585942
row_033559,0.5536253021365226
row_027602,0.15414064210667006
row_035591,0.023587897694938895
row_039683,0.5645890483841718
row_016042,0.5895035322790911
row_022343,0.5316348045937394
row_038744,0.5912583259165464
row_033998,0.08370102898992235
row_036899,0.43711069879201886
row_048598,0.332126874523479
row_037777,0.13077090523179646
row_036216,0.30281625208812213
row_027585,0.4139622952502202
row_041468,0.13734824166970216
row_000906,0.478872145460845
row_015856,0.7303360717760687
row_033073,0.7614429052506875
row_021554,0.15063349970224948
row_039800,0.3995181764194592
row_048466,0.04829931455694255
row_038286,0.40334756901184876
row_024741,0.30036772425813146
row_021888,0.4273080241657302
row_043967,0.6297380171239294
row_025907,0.23514206105649346
row_030419,0.6640095467340232
row_008583,0.4676260480010794
row_046068,0.3427847189478772
row_038674,0.09758444902284522
row_038972,0.19717375215801353
row_012517,0.5124378091180469
row_003037,0.36646361764682567
row_048725,0.3503918867499292
row_029064,0.3861471047867122
row_045010,0.5463579233853326
row_026283,0.6603484231507731
row_031011,0.06666641809137677
row_042514,0.9122661475652831
row_001725,0.3222112988239773
row_018790,0.7754549583052481
row_037038,0.39172013057646204
row_025205,0.20779501373264075
row_012846,0.1514253366592289
row_036385,0.5521854522781382
row_025901,0.968214297224377
row_002032,0.6942578745711281
row_003552,0.11111156673507527
row_015540,0.6777150671352699
row_033017,0.4756632404827927
row_018036,0.8278714121094438
row_005508,0.7614566440629712
row_044261,0.3257579747312514
row_012705,0.17209259443052602
row_025969,0.6814440922006709
row_046452,0.23721204690211523
row_003991,0.3320434792669383
row_030456,0.6768669536267845
row_015901,0.48365850464906884
row_042685,0.08645384566658694
row_012164,0.11227903481548766
row_032127,0.31986264434168526
row_046380,0.7391691206117192
row_031813,0.13487393233923672
row_044496,0.23185162997217942
row_042671,0.12342300887897188
row_011372,0.571043155060012
row_035166,0.7335472849720882
row_040377,0.21313371646697324
row_017835,0.3589811314737858
row_046756,0.2318795781549523
row_001952,0.19438019003791
row_009627,0.7742382746775692
row_025806,0.28212781573985307
row_047510,0.3083011861413338
row_037337,0.5121723498079525
row_015176,0.5468593509782813
row_028112,0.4123522597539459
row_041580,0.4549946047641947
row_045712,0.03499658770503314
row_031178,0.35977917990343655
row_036609,0.851162215695756
row_041470,0.42411003436727046
row_015630,0.4901441846539697
row_017578,0.7123573852726134
row_005905,0.15449957998246663
row_043583,0.6425775119815419
row_022637,0.4768281336890474
row_022363,0.48995087098641743
row_034630,0.2883124347536147
row_023824,0.5406894220281171
row_025431,0.034824915680639446
row_015532,0.34829228990623956
row_018220,0.30937967173369674
row_038359,0.5227157283750781
row_024973,0.22024706870915156
row_011255,0.5873332651523637
row_043523,0.4029475967112644
row_034166,0.21873410551447448
row_041078,0.28249066284325847
row_005144,0.24367747202460063
row_041755,0.42121953178193433
row_029078,0.04854981096016474
row_018660,0.6760786488836055
row_048608,0.7449603222692806
row_019701,0.9899271432801312
row_027843,0.23191196638067757
row_022176,0.27423067426814884
row_018099,0.6706415004798816
row_013095,0.5182250829982477
row_024422,0.8014232811411193
row_006795,0.8107312076414983
row_013064,0.6252821562742152
row_042934,0.6755536597052126
row_014103,0.5929299329894351
row_046225,0.7472010610088442
row_027764,0.26496959248388224
row_037389,0.5276768186127758
row_035511,0.5442878938995589
row_032174,0.6776399472466484
row_022521,0.6371759546342838
row_042496,0.07084383883372387
row_027308,0.7491371896790601
row_027599,0.5522783678967927
row_032512,0.03247184461307853
row_048693,0.727540874784425
row_012723,0.5707374099666503
row_017365,0.03035240293480161
row_002998,0.5659548355324377
row_045646,0.9562827307420041
row_011055,0.5407178348270032
row_046091,0.2119261234250286
row_021245,0.19363130932383216
row_027061,0.7255717368353067
row_024390,0.2602096870121207
row_027855,0.628193476011009
row_032896,0.3809048910318267
row_010700,0.5284846783939141
row_005834,0.3269546411527826
row_024747,0.05387139585165444
row_040737,0.2768887107721733
row_037126,0.7101460325434785
row_021998,0.663458716274555
row_043708,0.45732584859288555
row_033054,0.5936868251405338
row_031569,0.6381112533017088
row_040960,0.7655374879678024
row_024724,0.3184252037950171
row_045567,0.2844057003948254
row_040242,0.14976277891314432
row_032271,0.031052617326348925
row_015948,0.16538896474627568
row_004372,0.09889566070697976
row_005412,0.3254954150850068
row_000472,0.47015579775029714
row_026634,0.21940288619019396
row_037175,0.16647715990918333
row_025016,0.11832965410677398
row_019680,0.47069300606173003
row_018431,0.7178349132797301
row_021015,0.2844591790704542
row_006489,0.08270991080484665
row_024261,0.0746378594797979
row_016335,0.9110128234108391
row_033772,0.6632549715788971
row_032969,0.21374627391576184
row_041142,0.4922901578687361
row_029050,0.1104744835087162
row_025646,0.9983745732741971
row_034393,0.5996464281810177
row_008065,0.5564483063338924
row_026668,0.30933664986804615
row_018454,0.7277350881415389
row_002057,0.6132104960530312
row_024147,0.8961897907972256
row_021656,0.09065393870100266
row_002188,0.5484221702948745
row_026172,0.48118173735881087
row_012444,0.6451898623849903
row_032535,0.2712953277072859
row_029375,0.22699747482743207
row_025059,0.026148962170554946
row_037697,0.35056939327433073
row_031121,0.612037961758325
row_013084,0.8691317146779075
row_016812,0.4840031639358685
row_000808,0.45077538220611746
row_025388,0.6755077716002983
row_030563,0.36208300371911073
row_015950,0.1282143906683839
row_035916,0.18851636733708324
row_048650,0.4342934034955583
row_036767,0.8450300732487102
row_003172,0.44222952603318344
row_012522,0.05685779958161345
row_032409,0.5375848124479335
row_043496,0.6146642494737463
row_023736,0.23846415346178718
row_018788,0.8110632176005198
row_007698,0.20591437352006245
row_011865,0.11706437780575529
row_018310,0.06086407009414408
row_034871,0.46362895532752696
row_016985,0.18486358863961203
row_015985,0.2996300717788818
row_001804,0.3399443506759564
row_036755,0.9203720178584449
row_023556,0.35140768267149675
row_020130,0.21580865588309092
row_025746,0.5191664049811384
row_002047,0.3671640571663531
row_009604,0.4242115470609614
row_009401,0.38233197634138033
row_043830,0.6097025651784531
row_007128,0.28977570053128937
row_026874,0.37414430020087175
row_033932,0.43300380903454394
row_030983,0.6738062023771342
row_020924,0.14440569303288928
row_039053,0.44797809963268825
row_003119,0.3767070839426098
row_033021,0.19560816996692287
row_026290,0.0790290065532935
row_040520,0.4621782608043336
row_044150,0.20329154006427286
row_045251,0.21497772565798381
row_044503,0.4495206735265602
row_049635,0.07422109903636953
row_040335,0.3052960790549039
row_012665,0.03537916092844561
row_023997,0.49088992600188197
row_006371,0.1636298070203157
row_013027,0.6315282393817349
row_025351,0.32089167856497636
row_008668,0.39925830894136083
row_032250,0.3547189953986254
row_042588,0.7520494497015727
row_009040,0.2060314351149174
row_010736,0.6816419732783259
row_028523,0.3819602875323908
row_024358,0.34321124044230134
row_022181,0.6104772728654783
row_020910,0.43423858043127284
row_000438,0.26285650808089234
row_022576,0.4465077602495197
row_006656,0.3771358630377326
row_030532,0.31553055762317145
row_018102,0.5845965277746239
row_043531,0.3369799260959007
row_020275,0.589419584682087
row_041927,0.14905780886208594
row_009922,0.9290336861907385
row_025347,0.22287170752910337
row_026557,0.6663921047724362
row_002614,0.5579616952240204
row_044544,0.37974221376519024
row_023146,0.40011752607854795
row_012940,0.27073528164471217
row_022544,0.24324804933614888
row_005302,0.48174092047223205
row_018755,0.5128487345991659
row_012013,0.1360226366506417
row_028587,0.31161104570585246
row_011771,0.6028333318796971
row_030097,0.5142424539404762
row_024060,0.5487074603402597
row_007079,0.19711222568428127
row_045001,0.15098137663458006
row_023690,0.4417082043095258
row_045565,0.580464148579309
row_001199,0.4462464032807071
row_039305,0.20635888643820785
row_017914,0.49208964871631194
row_033482,0.7301455645188826
row_009496,0.9585040478767519
row_031234,0.6697697268593428
row_007974,0.006620575429436779
row_020687,0.4244938687598285
row_047040,0.7211935255524832
row_005433,0.17844582071919432
row_032143,0.6701963614704164
row_039089,0.748598241457231
row_015788,0.39304826961329004
row_015298,0.21350270913380576
row_003349,0.5389902969806134
row_023786,0.13987254430324692
row_000917,0.6222360616310552
row_005467,0.2653434531828833
row_005936,0.6243880641334426
row_037623,0.365387180335094
row_007179,0.5002779780127843
row_019221,0.24364444190829326
row_028980,0.08035124642652082
row_028051,0.35434063934221854
row_023431,0.4885843597044823
row_001958,0.28752285720130244
row_001471,0.7366962978005775
row_030637,0.6604968353263616
row_036078,0.520672718759677
row_013300,0.10511886103483409
row_031741,0.4690396048490756
row_036835,0.11438658619393348
row_023454,0.1713890131877014
row_030158,0.5921869606762094
row_035135,0.278992349283879
row_000790,0.49049560220206384
row_017751,0.05118861160675529
row_036654,0.30938196825125425
row_012046,0.33789995252331195
row_030118,0.438704965764403
row_005724,0.45117630789653346
row_042287,0.3827397467456198
row_049483,0.3041586265201953
row_008495,0.1170091958085231
row_024946,0.15677064179870362
row_038688,0.23664141010665166
row_034227,0.29089757975638114
row_039105,0.7894159836328332
row_031700,0.5248263365877651
row_002038,0.0578689862975602
row_013669,0.16318690959051815
row_022504,0.37412130297657226
row_024234,0.4789649652423602
row_028642,0.5099187946063198
row_041110,0.593758939874063
row_020032,0.7998367298567369
row_035991,0.8300590290892461
row_031434,0.479990259886589
row_003485,0.4177779851925007
row_008771,0.30758142865389615
row_026390,0.5255390763704948
row_001868,0.19040389805978294
row_008664,0.9268007901459142
row_013330,0.6344824603162291
row_044438,0.21310061983058415
row_043995,0.35581079185417924
row_008312,0.5726019927691584
row_027081,0.37580908108315264
row_028553,0.6008365331831498
row_022476,0.5690535707694343
row_021281,0.020106617627030372
row_028261,0.7359737382240958
row_034788,0.7422236476417595
row_027292,0.6431230283586566
row_028235,0.36405545612710727
row_036138,0.2341368629641264
row_025021,0.994875286768124
row_004919,0.4293907632442969
row_045708,0.5285403961919711
row_048516,0.5187623490982038
row_013565,0.5215542729120632
row_009710,0.8253516897805413
row_028266,0.5566372024191976
row_034145,0.3173930558558318
row_019649,0.27462191210386694
row_031859,0.532419688344441
row_011587,0.948365237879488
row_045301,0.45012050193238734
row_027674,0.44212377437548595
row_027009,0.46482022926835787
row_000082,0.45458476835715605
row_016727,0.20912090379324974
row_049387,0.23146048626859062
row_048162,0.04674976755779684
row_025524,0.260816666504545
row_020712,0.42057074471020145
row_043687,0.2855237698833983
row_004913,0.5641181868981187
row_005076,0.4591620554469108
row_018447,0.22144692285673276
row_034782,0.5433758019612368
row_008100,0.27934254589611307
row_026993,0.38268532644000786
row_017505,0.7584592610575481
row_001086,0.4497007538678234
row_000127,0.4940160826559616
row_025914,0.3189934025265988
row_043364,0.6556894912452659
row_033777,0.0789784748483199
row_028909,0.5976327933714617
row_010871,0.7006600166268403
row_048924,0.6666534468721229
row_023429,0.13101542134380592
row_049490,0.5334426240604322
row_005597,0.17354182635902746
row_040931,0.5375571431289761
row_039294,0.4380016083154526
row_027668,0.3564230645081736
row_042162,0.5596378578987395
row_039420,0.35753953669860045
row_014657,0.6280906366953534
row_034444,0.2031655813198602
row_006157,0.45915124162054893
row_048706,0.8034501064250433
row_006394,0.2657168276497592
row_024241,0.6700030219518117
row_041559,0.6173253242914506
row_007207,0.3464201944386809
row_009234,0.13118871800980142
row_041111,0.196895547803751
row_016048,0.2375581951111636
row_025385,0.6407695482801118
row_022428,0.710071906970223
row_049873,0.20798870746028025
row_030488,0.08947927606233343
row_008749,0.18843175836803555
row_010084,0.4112518413748934
row_014016,0.6464484187682789
row_027739,0.23988785202263058
row_046849,0.2615342972736767
row_016269,0.7497882521538225
row_007151,0.41446375385774153
row_007061,0.8675962816761205
row_006251,0.39688194827969514
row_004955,0.17403344353594807
row_032462,0.19134868102402236
row_007381,0.5643558949651887
row_036528,0.40010168146448055
row_029014,0.39813373585365425
row_026682,0.20712905193376427
row_036907,0.085143182995192
row_029744,0.8426311881102435
row_039964,0.6213165445113878
row_049621,0.7752765151016667
row_041531,0.49613535495901684
row_022103,0.07857694286408029
row_004852,0.16355201886817244
row_019465,0.9999828332866265
row_021593,0.6757118457814087
row_028227,0.03972147148111693
row_010556,0.558292264221849
row_004438,0.881403722936412
row_011678,0.3799264256733724
row_038832,0.7957507907314031
row_045204,0.02248977581381396
row_036135,0.33693963276065325
row_011559,0.9320877312583092
row_029776,0.14142021367443908
row_005497,0.13334783665999714
row_047974,0.4679719920250747
row_009838,0.0007508753335835912
row_041150,0.5830083283028307
row_003764,0.5264477603130095
row_010587,0.2880429022353173
row_019909,0.2866530926241272
row_026351,0.46041111836445675
row_043417,0.21497846926328013
row_018066,0.6733146521118988
row_015878,0.3290662426934099
row_049690,0.27201477196221313
row_008284,0.5357175679452402
row_041530,0.8646571072257168
row_029096,0.12337917324120194
row_014923,0.23872748880067557
row_009103,0.3960957709576719
row_019273,0.31667655965845914
row_046864,0.5794732641671032
row_030554,0.38803721617854914
row_018640,0.17457619468887353
row_011120,0.6529709123365739
row_022954,0.6678831760467564
row_007589,0.9281360970528196
row_024431,0.14424821810219945
row_038262,0.4448454391598062
row_025197,0.40057576535600636
row_042524,0.4833532391045221
row_042239,0.32810558162677506
row_035653,0.1522057512549086
row_039890,0.317891230304841
row_014477,0.4113089554430199
row_032559,0.7908312565365783
row_005485,0.6623322192708451
row_047463,0.5448435763717494
row_035751,0.7668766005199815
row_022327,0.42610125801552046
row_010970,0.7463328960011815
row_017380,0.21467714804200017
row_028430,0.1204553021664194
row_038681,0.2632448256177533
row_045681,0.8870845412980153
row_011756,0.24474130248309897
row_028291,0.6877224727438865
row_023568,0.41393657201938244
row_010828,0.5968733989124844
row_045799,0.6186238595907763
row_036214,0.4628511691419733
row_036553,0.30614009095835665
row_049778,0.4450178447905073
row_033935,0.8674035595708942
row_037132,0.45000295641554244
row_027027,0.4497192706235906
row_045808,0.6317432621498343
row_044006,0.6889434725049365
row_047560,0.13231062714162603
row_028120,0.22881924600787765
row_012018,0.5902009528545792
row_000014,0.44680894628490225
row_001650,0.4596168042013249
row_007551,0.524193953018023
row_028267,0.17024995186747088
row_001524,0.281583458858055
row_017551,0.15484029634276797
row_032539,0.47062535892860796
row_012959,0.21682276028954792
row_004075,0.14909198955911623
row_012863,0.6741548662797624
row_009249,0.024792195998425384
row_011428,0.002339085982018011
row_043820,0.015066710014446653
row_016446,0.1486805562107706
row_040581,0.35417397081566704
row_007370,0.23495796872912705
row_031764,0.48709834091295867
row_020104,0.12105096519180174
row_002965,0.49118715149561587
row_024505,0.7848706378177189
row_043910,0.19045486064939943
row_033496,0.4943673643148231
row_020416,0.43520060209416955
row_048282,0.3094298358367858
row_010221,0.5582813669346965
row_010804,0.3822269653811644
row_022525,0.08539069290123236
row_045779,0.19293567319538915
row_008839,0.17007705179603752
row_013200,0.43878609165538124
row_013769,0.25876821284371804
row_024064,0.4950334442769619
row_045282,0.38617776155064226
row_030246,0.4044038715139773
row_041398,0.38152963100716464
row_015059,0.4789290708188386
row_024817,0.8563840995553483
row_008132,0.6605076298969664
row_049158,0.9994679792717647
row_035076,0.5917010419134996
row_039434,0.2851064120878947
row_040567,0.1751458759634642
row_010423,0.3293815211750216
row_034628,0.579079810259734
row_042368,0.7394765446086984
row_002926,0.898210973757261
row_013349,0.31500045350722927
row_041314,0.8089740831727574
row_029421,0.09431743476915636
row_009176,0.32237063324225795
row_021405,0.41215943556310697
row_011645,0.2618445382287538
row_040716,0.6044635960584028
row_035052,0.45505214842533703
row_024451,0.7720105215606435
row_039818,0.22769925336795166
row_020761,0.31593515638242126
row_015679,0.24722975773316053
row_021470,0.25542767563544355
row_044420,0.4377334486474223
row_001595,0.6739335976530497
row_025690,0.08596502137054082
row_019120,0.3290745768706929
row_039220,0.41043591434044246
row_022045,0.5644340048167873
row_011848,0.294808609168574
row_047882,0.34039259534441946
row_029133,0.7234823892070814
row_040657,0.3605406404355008
row_011792,0.1155160947491244
row_018991,0.2829814150656212
row_013435,0.5582137204112954
row_037135,0.4950626128644693
row_001861,0.7562716689924848
row_014262,0.6954803581456572
row_019661,0.4067203960875105
row_002380,0.28418423315636526
row_006247,0.4549526709842211
row_015873,0.3531485074033314
row_040766,0.1514749716326001
row_023795,0.18094389797339958
row_014651,0.14607607089447416
row_002602,0.3871267140065629
row_041541,0.3296860510087146
row_006740,0.9318500711133089
row_006120,0.6658643587204264
row_043756,0.32191727466679104
row_008464,0.12906757882965594
row_045539,0.2867503754559307
row_029979,0.41432963923148974
row_028502,0.010670991397086816
row_045649,0.5869448942569832
row_045151,0.3325307886495674
row_046424,0.7536238146653413
row_023216,0.3882845672981918
row_013415,0.2638170925398513
row_015297,0.3753277430212116
row_005874,0.2297290250906889
row_003737,0.5131420286899521
row_002666,0.4777580658439517
row_015221,0.6277359164960774
row_046510,0.7024540203928044
row_041259,0.7789334708810928
row_014670,0.8778183681027851
row_018983,0.612642181867793
row_016583,0.1626276903288654
row_032922,0.18130459766701568
row_024888,0.5611774925930271
row_046600,0.6765492614619631
row_034294,0.9303359989852485
row_040749,0.3978422505792893
row_000948,0.4436568305397259
row_004028,0.0004490024831310266
row_012129,0.30060218537005534
row_005058,0.21348545670364374
row_032141,0.33018410922564795
row_038812,0.2969791825195867
row_014305,0.801064864139821
row_029160,0.18892651203671582
row_037591,0.8223020472471193
row_013354,0.6964357122798596
row_036710,0.23835831949314615
row_015918,0.4671683771109842
row_009105,0.2197122699924815
row_011730,0.99309401605831
row_024697,0.6112736974036969
row_003135,0.5938467409783171
row_026603,0.46431691882439763
row_003528,0.5354931015631145
row_006068,0.6271894344094169
row_007946,0.03789254799068705
row_000643,0.41998852536023945
row_003441,0.7960127451391005
row_036250,0.5095522502422853
row_037162,0.5437599923989752
row_014829,0.345864387442131
row_048873,0.5117237984830265
row_028159,0.6680426005419904
row_004959,0.17114915199218939
row_012428,0.24611397423149356
row_000079,0.38183904064983903
row_003372,0.2214321437064146
row_043444,0.5647155152226178
row_000274,0.45465633731264626
row_012805,0.5537912874917295
row_005569,0.5085945755126351
row_022269,0.25539526252596007
row_043537,0.40244837592562405
row_007822,0.39274205622284947
row_013755,0.41011960615116533
row_025628,0.6065309363678442
row_000389,0.3488920593706171
row_006917,0.7352909595449901
row_042247,0.696149616960629
row_003288,0.03904131972201931
row_005278,0.493334113281076
row_020259,0.15555669276038392
row_013520,0.6671416733876911
row_000486,0.21319907452594994
row_014469,0.02340129543823685
row_006301,0.5247395193444769
row_039553,0.5584340832128631
row_046644,0.5140967111775187
row_025175,0.5050181039227389
row_028047,0.895759531116393
row_018733,0.08806736057630996
row_017643,0.609055378889628
row_043498,0.5359571690554377
row_008773,0.5104728264447755
row_006185,0.7240744075367819
row_010163,0.17661576787588942
row_036945,0.36292797745023736
row_007918,0.9494319946211773
row_011250,0.40536392410915706
row_040775,0.771516830446663
row_042879,0.1962341711839616
row_008170,0.4421372218619014
row_037737,0.06401113367768672
row_004129,0.4471054587882495
row_023810,0.1530818617743672
row_022218,0.5075543933355554
row_030041,0.5177591176631913
row_042320,0.1572204158854324
row_043328,0.373302559245323
row_017856,0.29124161560093403
row_033667,0.916556186332367
row_003646,0.13615208539056953
row_030914,0.21704192688746043
row_023597,0.597179227607218
row_010885,0.5005825991325034
row_042136,0.3504670936402714
row_028847,0.02248975111927766
row_046760,0.4456555009697972
row_046469,0.12676499782917694
row_040605,0.9868944156160905
row_009437,0.2102273682984631
row_027280,0.19716900285297087
row_039713,0.38240157630800414
row_034072,0.72641575017116
row_029087,0.308145216372416
row_035921,0.37482119287189514
row_041995,0.23998465746586758
row_024875,0.3611811309583282
row_022715,0.3219494563370945
row_031479,0.2781479139229747
row_024419,0.4552244729932278
row_020376,0.2841304177018559
row_042849,0.6728527151178383
row_006479,0.15637417563595438
row_038240,0.2692051500977536
row_014476,0.2709662472763131
row_008835,0.13914899405576714
row_021465,0.31020175860680516
row_031845,0.7708197028986761
row_039291,0.18625079691565039
row_008630,0.8529811025954633
row_023200,0.9660715311799177
row_032957,0.3528073217092059
row_028835,0.3580932242332207
row_040278,0.008281857731968649
row_047719,0.5744994298089572
row_003696,0.79345229887905
row_004281,0.08243826754601302
row_001993,0.06360623477382747
row_033852,0.27518541221670917
row_027662,0.46884985945040103
row_014484,0.192511096918942
row_013823,0.3493617837551852
row_048631,0.7067615115804399
row_032898,0.07675760248351485
row_034007,0.6575412399943806
row_008022,0.6182370115804833
row_043767,0.08889181252765775
row_035385,0.40955654974647837
row_031884,0.7014274732511367
row_002241,0.5023257301858702
row_035461,0.75023831045903
row_007144,0.6661339032793063
row_043088,0.43324243808040647
row_013417,0.37903859719446414
row_020090,0.10279728842495263
row_004287,0.5588530377269766
row_028860,0.5953686828738486
row_022886,0.631468981025401
row_031720,0.07189747437349898
row_003390,0.4140630283953077
row_029999,0.7431477176231261
row_033508,0.5913613112571232
row_021385,0.5230115733598123
row_043921,0.2791320943089995
row_006799,0.23144470056172003
row_043383,0.33050422889934794
row_037624,0.3274720960960568
row_022127,0.31096461517391394
row_041577,0.906090996840766
row_030367,0.2382012676340459
row_005939,0.027388549621998253
row_043166,0.6656514917415514
row_009934,0.169191419910925
row_031854,0.9565327223883477
row_001737,0.4261360387741011
row_004721,0.48299154487435425
row_016173,0.15008132247111228
row_043804,0.5953111725530867
row_036345,0.41192931113568027
row_021678,0.4573856648108132
row_014287,0.6533714250618277
row_009091,0.7902881664537025
row_024387,0.35830384494984874
row_001040,0.2281236397476605
row_030305,0.6103405013746733
row_025748,0.19276560624147554
row_006080,0.0681465711080144
row_035518,0.7319466711476231
row_045029,0.8563620966582358
row_015446,0.2287664437558955
row_015307,0.5729077534068076
row_009302,0.9313384750124992
row_037227,0.7879168329776777
row_034505,0.5606971916273312
row_031440,0.5433552601953522
row_018942,0.40637761325747246
row_049997,0.05676805462956485
row_020608,0.45638203454765935
row_037500,0.575119412884087
row_025592,0.8901405998296703
row_035013,0.18080361231321493
row_019875,0.607709496410444
row_041120,0.5194311277809549
row_028620,0.6779031108764169
row_002817,0.3023551620365186
row_021137,0.7789564480443663
row_040829,0.309327865308073
row_017968,0.33995242525585
row_028548,0.6344611987014105
row_010816,0.2193819594228836
row_002592,0.7002646656315368
row_013945,0.2341252261484562
row_024494,0.22912115148974255
row_007707,0.3261525218974965
row_044998,0.5388125547788579
row_036726,0.7631891348407005
row_002619,0.5253685707231913
row_013375,0.5986229283519684
row_011203,0.33867778331441817
row_009325,0.4020271087449656
row_041894,0.5669400648894987
row_033763,0.5911918357975144
row_047474,0.36058451938395186
row_024102,0.29662710972600737
row_030469,0.8520557455285825
row_044455,0.3638596652402076
row_027857,0.573382592481458
row_025381,0.18383160273931848
row_015527,0.6327654014623016
row_009551,0.9728050823795094
row_046348,0.7799374443107648
row_020793,0.11129709934642555
row_007994,0.5507987687500049
row_000794,0.4476312180389836
row_005215,0.22655827119319605
row_044317,0.4656291148722766
row_018149,0.7406680797320836
row_034506,0.07052406025319759
row_033976,0.4773185117670362
row_035555,0.3654873624493107
row_020610,0.06418835969125261
row_022913,0.44310723558564696
row_042861,0.3384188353068457
row_002832,0.16296238786128808
row_043527,0.7334698619464558
row_043329,0.6602812737149829
row_037006,0.4766286251171277
row_002145,0.4740803028339869
row_019783,0.8883770457428435
row_001275,0.16271128469816537
row_049805,0.05573121316932346
row_023833,0.8593961740023496
row_002039,0.8382645575745497
row_007259,0.40374434201049286
row_042001,0.34728960238317225
row_009495,0.8399578993663285
row_027459,0.13507294378689635
row_004928,0.7408115694626329
row_016107,0.305219164768755
row_040804,0.34101057727680173
row_002582,0.7436597367893812
row_002357,0.4263369642796001
row_040227,0.1390823523886173
row_019296,0.310791689064035
row_022073,0.3118100735603444
row_018712,0.018958591505021195
row_024084,0.18922543459945496
row_000400,0.3801474264382281
row_042690,0.9088932117296729
row_034014,0.6926564082877175
row_022666,0.20374011691021848
row_010602,0.3541026841896619
row_009128,0.6058629454518036
row_041923,0.9418884397751728
row_044640,0.48373699146198107
row_009690,0.47475103908677924
row_004293,0.27477492274642434
row_031254,0.3452947352534448
row_027615,0.8034173061275712
row_047414,0.9960239494423876
row_040433,0.5280293900066549
row_009359,0.08026979105312132
row_041670,0.25541109114339194
row_007804,0.011009173057907317
row_038902,0.39983828343361666
row_006026,0.6170972451253057
row_003304,0.027743184511399593
row_006161,0.8274232098416379
row_005389,0.9057976588210465
row_014266,0.49815738949231014
row_002842,0.30125252695489724
row_031750,0.6166045203334006
row_001935,0.7512984340484804
row_018281,0.8775705945980624
row_024786,0.3270153186964692
row_029665,0.19506665947735385
row_019248,0.24256359987738485
row_009595,0.48688613733709485
row_033628,0.5230677279753998
row_014759,0.4729590111525733
row_004625,0.16961459890103078
row_022399,0.854404290363414
row_046593,0.2733445238338335
row_017994,0.4028680042155016
row_015522,0.4797811641866671
row_030317,0.354943631262181
row_012977,0.7840073688892167
row_015868,0.05005153376761913
row_018093,0.11072768916659698
row_047590,0.028469281705452643
row_034415,0.03550240436015571
row_004213,0.3324810617666805
row_037195,0.7025987254408662
row_038306,0.8329488876117501
row_016037,0.9864577352363136
row_017311,0.38897644716448015
row_006770,0.6282794849152102
row_007614,0.2633614149216936
row_016108,0.5850373304091977
row_014703,0.6555050325089736
row_036917,0.5897678385679137
row_003578,0.4128251109294169
row_009724,0.5438905632712522
row_025294,0.2681111799424856
row_037323,0.2920280573795394
row_028313,0.16831564621179387
row_014357,0.8772265508984474
row_044740,0.564466895595709
row_030760,0.2413863728511934
row_039869,0.5078705181573416
row_004219,0.897105417232466
row_048419,0.7017475363964896
row_035304,0.2561193603996968
row_049311,0.8843004278199272
row_026501,0.8446913696112648
row_027768,0.015541970535583415
row_031997,0.055328266894962244
row_021642,0.7624369693746419
row_020284,0.5589444284262122
row_019924,0.2576614375794918
row_049807,0.3063438351304598
row_041707,0.5045628589912272
row_042266,0.39448668929461156
row_025172,0.5183915683029499
row_009738,0.1799586677974981
row_035607,0.3297065436663473
row_048709,0.3566380537181416
row_039620,0.7087452108158351
row_027943,0.5972142324764491
row_038165,0.47281029090305343
row_024161,0.32630192828104393
row_027242,0.5006582961463751
row_012861,0.4685509013280799
row_003516,0.40804746400158964
row_004361,0.49824653851649997
row_019077,0.36126751934430623
row_049911,0.5069537365813276
row_037583,0.5192658347247009
row_023807,0.4612430639338323
row_004949,0.47536904567443344
row_034869,0.46103188778329135
row_045319,0.13534403288787372
row_024468,0.013051902812696066
row_045445,0.2035997970565308
row_037547,0.720077972278956
row_027054,0.30586800020793586
row_013382,0.48865357260852144
row_023987,0.2117928906971049
row_003153,0.16863528472145803
row_026543,0.30515040512569375
row_008810,0.9825512892632661
row_034365,0.5145817007516953
row_038382,0.24706996852038754
row_015757,0.436756009775845
row_037581,0.6187902022715653
row_036210,0.7776543182632828
row_033344,0.2711281590330123
row_038498,0.5841810235523865
row_031901,0.6301084861015626
row_042694,0.7074994359215889
row_024078,0.38589005086558825
row_004402,0.6033659018813882
row_028995,0.7503954215874322
row_003043,0.149215860104143
row_037432,0.3624769749594557
row_015170,0.8883949573121506
row_018062,0.10329378884268489
row_014127,0.5469264841951959
row_012311,0.6055453390450096
row_032859,0.9908379692490618
row_006119,0.6235626973892421
row_008117,0.3832735232399134
row_011048,0.6457366286895619
row_012835,0.37364902880214296
row_006614,0.4579386538581822
row_019429,0.20404980746330778
row_034613,0.60465777224015
row_042943,0.3343331771479969
row_003017,0.1760952579621223
row_023622,0.3825083194764839
row_010048,0.3864760211085031
row_014113,0.5481322620922634
row_048430,0.6849518207922741
row_023360,0.4852617057795872
row_020933,0.15037597670783864
row_001165,0.532211040891358
row_048883,0.2519969817840919
row_023097,0.3910260515696952
row_038489,0.8339586496118848
row_047524,0.44946893273555333
row_019177,0.46149278940970334
row_027587,0.526293544637642
row_027714,0.1825804167761825
row_017661,0.2298129340558468
row_023849,0.9308178712238734
row_019327,0.2194701452906931
row_029656,0.3554150653277528
row_045249,0.564846067038076
row_039049,0.39812709437989413
row_017416,0.2299196124409795
row_014219,0.35762850701679066
row_033521,0.6518603274857176
row_045035,0.7260652656868212
row_011358,0.6942937316777666
row_033365,0.4760088614433772
row_037438,0.3373112366952418
row_006922,0.4220036605011344
row_037099,0.6060874299927369
row_028184,0.23433857168998662
row_001907,0.8865172569002618
row_029886,0.8624844912030147
row_049784,0.19935555453486947
row_049003,0.4067820721877313
row_004359,0.3915279869154758
row_016410,0.10686336776676546
row_006274,0.5228390332111839
row_045457,0.5076881580681107
row_002981,0.4452064309114415
row_026436,0.5599282033566453
row_029511,0.7395426576167973
row_037139,0.3887659531311013
row_036702,0.8317103993667682
row_032522,0.11161810582783704
row_049632,0.7482924223125691
row_008943,0.6717858203143733
row_031119,0.23557605942978527
row_038552,0.31130080140097843
row_007903,0.17433087062457678
row_021529,0.5329467296242161
row_023993,0.1943396449484626
row_030397,0.8098469505503483
row_004981,0.33731559344663403
row_042750,0.4191776206490887
row_017319,0.39342613128960124
row_036470,0.4304759566543506
row_017103,0.31823359402807655
row_032602,0.2280794671406545
row_017385,0.06409540122793923
row_019374,0.44911729363259306
row_029614,0.6033610259179609
row_009346,0.20683831373899403
row_025174,0.8818094219797783
row_008430,0.8117833140047329
row_008600,0.24590997594120015
row_004839,0.6126802985024205
row_023022,0.34451170656128144
row_026333,0.40367731647810173
row_037027,0.5592349504782194
row_049789,0.5089109578563455
row_044325,0.044724797854817276
row_009742,0.07191521733435823
row_033379,0.9837200773349979
row_011871,0.5971888314429125
row_043540,0.13246533943278507
row_023064,0.580846847211596
row_000405,0.9938505436284284
row_014465,0.7723006180244811
row_047275,0.9918926299480572
row_008407,0.4487737778240319
row_000723,0.4569568180944846
row_034783,0.6442213006358983
row_021064,0.5205287512402248
row_012557,0.9402860666926064
row_001100,0.6534012023090617
row_002780,0.2363881243641119
row_012649,0.4758175000312558
row_021261,0.3762268835812636
row_007654,0.6675224125817265
row_043988,0.5724720317863364
row_005230,0.9452308911067935
row_043267,0.2857509599894281
row_024966,0.12617808067857844
row_022810,0.0784200402560441
row_009811,0.1059714128733247
row_015936,0.37763143236424007
row_017607,0.17847135968683883
row_023107,0.24779036871641427
row_000068,0.052976066279811065
row_044703,0.2635110273182078
row_018813,0.6473441952266309
row_014727,0.4150404451883022
row_032020,0.5902352755195437
row_023161,0.575427437210871
row_047924,0.26387463369210573
row_040703,0.8476410786199459
row_014933,0.6910851165637805
row_035313,0.4228824475323066
row_024355,0.42914915299436546
row_027859,0.5882284550726985
row_014366,0.4137415573786969
row_035811,0.7104750037847617
row_028255,0.21759633441925755
row_025327,0.6119302273538686
row_034349,0.04373377579726064
row_028245,0.5879190293997747
row_022652,0.3156506002342664
row_014238,0.7448207350152805
row_043779,0.12061481255606626
row_012077,0.43187765725809274
row_007883,0.22373323575376936
row_042796,0.603772637610044
row_007718,0.7189702407118346
row_000873,0.41798829903490436
row_013551,0.4580851954677358
row_046017,0.5486642295924049
row_024028,0.4693304346948347
row_044650,0.5341265345082894
row_036695,0.26992581916944214
row_023187,0.5824244812794946
row_043744,0.2004868934723159
row_022922,0.9277858831590903
row_011789,0.69157264672878
row_002361,0.6094623027760226
row_021427,0.2481119470489898
row_031072,0.3405501534648822
row_036898,0.33095691640500613
row_004170,0.40526295740963253
row_046302,0.749882070005732
row_004001,0.11518657237717043
row_013982,0.3441494993153641
row_020962,0.8064549570512781
row_044737,0.592724200022886
row_002846,0.5059721598298299
row_001113,0.21124401347990612
row_012640,0.3278279745905428
row_014363,0.5030535146018422
row_038587,0.5238555430919885
row_029588,0.6167610050405147
row_029778,0.21455305209132838
row_026471,0.3724506066575328
row_039623,0.674640411121308
row_037001,0.30618850077024373
row_040800,0.29202386929084173
row_033624,0.618146927342371
row_048613,0.8774640920330955
row_029494,0.3045403723896046
row_016378,0.5910294498650476
row_042253,0.4587587091082521
row_024087,0.6435108178850528
row_029321,0.4448219115619132
row_004157,0.39585773401739616
row_044426,0.6316547539847126
row_047149,0.9236688735815751
row_039075,0.15040994851852144
row_036147,0.2037037066765992
row_037545,0.40290044308263384
row_042285,0.5586832502901479
row_014956,0.19253571722550367
row_003653,0.28552509634507794
row_000011,0.20465840710698652
row_033169,0.6662004707302832
row_014894,0.11211360750007374
row_043450,0.5483505318427103
row_013784,0.6967528192589639
row_015245,0.23704083987341407
row_039791,0.13973294734113
row_036473,0.20210456591838832
row_010144,0.3847431409386662
row_047431,0.39345948412005705
row_010275,0.5361079613791188
row_012135,0.3032390285548705
row_022552,0.3879824057893494
row_024778,0.43357226734392873
row_046712,0.8166207174207327
row_031349,0.6676110837559021
row_040416,0.32077473500265924
row_014609,0.2934560838976783
row_039661,0.17173283271714943
row_045588,0.9776997053034988
row_004393,0.21440981343992727
row_023139,0.6603260673352334
row_004749,0.7348692494856129
row_030541,0.3511511484870377
row_032611,0.368521622446148
row_016323,0.1538258407627871
row_012901,0.29323092550412416
row_031081,0.43554273266852966
row_007480,0.82615331761749
row_047072,0.13660594170900134
row_041697,0.27008115707104463
row_045692,0.45185432535324377
row_027353,0.5155747868038911
row_001034,0.7775374625615906
row_038230,0.685454037023115
row_039958,0.23503002146816118
row_034315,0.5280914408286141
row_034486,0.321494703748903
row_008037,0.34993617379156444
row_014774,0.3371844374097951
row_037571,0.2211370992629829
row_025834,0.5304175126318407
row_039016,0.8815737433792756
row_038738,0.25481069987258864
row_033104,0.8415780240467201
row_033894,0.17376369421964727
row_040270,0.32324206393855814
row_032194,0.21076902554092977
row_024023,0.2464572354720841
row_000135,0.3894684455974722
row_009087,0.5199670863281639
row_030695,0.49584411610883417
row_012349,0.7170144092084146
row_000680,0.9190272359506078
row_041979,0.45450709973114417
row_042880,0.043858687839825994
row_008832,0.08451226201425477
row_022010,0.1654401589916973
row_037492,0.20062836361870437
row_014242,0.6277208599930996
row_042462,0.3504160338583952
row_003312,0.7906882220976491
row_046444,0.7679209277411627
row_041895,0.29599146422222566
row_034876,0.400599671271711
row_035377,0.5221136424529518
row_032847,0.8004143637602481
row_001582,0.6418836803188392
row_021196,0.7084503959968715
row_012963,0.6016112703142118
row_028036,0.8832634576447587
row_042902,0.0718070885469904
row_036538,0.31161157831793374
row_023729,0.2511711656060192
row_002820,0.1142576737196985
row_007715,0.3941797399887043
row_009654,0.12648182748738
row_011592,0.4727510801568147
row_039282,0.6468149020413184
row_007706,0.5933053990923106
row_033396,0.3208843756305891
row_018674,0.8669526872196428
row_039848,0.23792007943581756
row_023725,0.5294062627018964
row_040130,0.08392642071310415
row_022335,0.10638687515887069
row_032295,0.07751880246565057
row_030752,0.5532411280175763
row_030315,0.5698876224643487
row_015378,0.7208257981249513
row_036198,0.42553217710270225
row_010452,0.4990518989987715
row_012075,0.15821171835600972
row_036030,0.21396118490640018
row_009525,0.680510526421674
row_018317,0.41962432243415215
row_029840,0.03876952704107443
row_020314,0.355715340414739
row_032836,0.4836877226607533
row_042143,0.8403753173804833
row_026744,0.5754300338289497
row_036120,0.7106061974395571
row_003905,0.3773370845014576
row_010608,0.09593777487689005
row_004385,0.4944827828040806
row_045947,0.6630797125653817
row_004882,0.44476135909913395
row_038132,0.44882190260984023
row_045626,0.15081156812881272
row_013929,0.3895038125599165
row_041959,0.22864526512603675
row_007088,0.20470396796056306
row_018453,0.9718922574701656
row_001406,0.28320637117765923
row_044653,0.7800465209503935
row_001479,0.20750855489349743
row_028723,0.8367000730229807
row_019004,0.9370011058802871
row_031420,0.5535262139874862
row_007902,0.5602396318305611
row_030617,0.7150819952480388
row_041358,0.4245000535027977
row_044859,0.3976906835286259
row_019740,0.33625044026229606
row_001171,0.5887561102310244
row_029020,0.3246484428438074
row_006877,0.6297908979483602
row_016784,0.263695184821408
row_004265,0.3128821531697904
row_003401,0.5475231559911554
row_048368,0.3066544998430002
row_019280,0.7921919551927339
row_032930,0.4562712842949982
row_033252,0.44325563395859185
row_029674,0.18087459539782352
row_009041,0.6584245391168315
row_043889,0.5237371917235033
row_003249,0.3965931803223932
row_003013,0.2999710307833905
row_041483,0.18840960997274953
row_043860,0.4189076595914897
row_026520,0.5504847819184548
row_035573,0.8824246651146415
row_041215,0.2530435833529688
row_046973,0.32861000606380175
row_029240,0.5915861892338213
row_042466,0.5852709834994325
row_031839,0.3926988251637811
row_047977,0.53438533962872
row_012012,0.5552828758311563
row_007787,0.4161560063555799
row_011955,0.22792590351723374
row_030279,0.961682370826915
row_007373,0.35577550547100684
row_015249,0.18466231536864924
row_014260,0.3432338058569138
row_019171,0.02600272733628166
row_036582,0.31229306890989705
row_000341,0.5096496912082122
row_000002,0.2133032013067482
row_002669,0.9106083307549557
row_024135,0.5507493420209013
row_025836,0.9553032279582707
row_005125,0.5209634018814265
row_040156,0.9815307359590525
row_005943,0.21247899072431317
row_017235,0.31792264371208906
row_010502,0.5522726067467154
row_003015,0.09746335146725275
row_044036,0.08833543270560441
row_009876,0.2823612994475852
row_009812,0.4746429188422796
row_040611,0.6373806543917927
row_045278,0.41438731956606367
row_018884,0.29821360579653483
row_003868,0.03416115658217843
row_006668,0.4881937370433288
row_005324,0.5812340382677581
row_038555,0.6871397129627307
row_009568,0.5016613401360843
row_044064,0.1547636587755377
row_031215,0.4544804461253201
row_011514,0.37374668235445596
row_025449,0.2053956538292837
row_016405,0.31201881311490437
row_013163,0.2290200437931931
row_014668,0.6054544106914915
row_030801,0.5410542474054748
row_016421,0.6462329967554102
row_025629,0.5194233964760968
row_037513,0.9249752409468377
row_005918,0.5705524053591573
row_003822,0.4520570785603805
row_016839,0.050561545311489695
row_029081,0.2824759661356106
row_016146,0.672733790050399
row_024258,0.3152753418109347
row_033930,0.49051600659025085
row_031692,0.7930553900451238
row_000276,0.17860154660934044
row_041689,0.7713858740839772
row_035474,0.5639378808464756
row_034775,0.5874863316857966
row_011408,0.3327712086991151
row_029958,0.5359552742444884
row_026476,0.1490327261136923
row_012982,0.4050657306488992
row_002940,0.11249220877406266
row_019372,0.23173127611103
row_020294,0.06278328534323728
row_021310,0.20755517456785513
row_009262,0.6054606186778484
row_024226,0.4680469481786212
row_043760,0.7790936934796334
row_003679,0.8532251644869594
row_041198,0.35033804409641156
row_028444,0.6672622743878747
row_011580,0.36979948436205806
row_004972,0.31664424388624884
row_041347,0.7593483412142258
row_045773,0.08566495297648495
row_011327,0.33914124967970044
row_022022,0.0825056085175929
row_025282,0.1867904367201257
row_030917,0.20808304289516277
row_010947,0.2523278566056505
row_008613,0.7861944659517672
row_017462,0.28115438237309903
row_021432,0.22238519486088743
row_043157,0.4812620552506702
row_017218,0.6797066855593963
row_015030,0.6527648153966156
row_042137,0.9212445538313496
row_004228,0.30008397635820444
row_013775,0.263398699493203
row_000958,0.26713513363726277
row_013617,0.31258607510632885
row_001432,0.8862395494319013
row_014848,0.7678128024667452
row_017015,0.9989600825960968
row_020688,0.5457710610886489
row_036671,0.23468424896260884
row_025330,0.7031857188533736
row_027827,0.2975308501075237
row_037530,0.24386017336744026
row_047749,0.7732575297140266
row_048985,0.42794725712946957
row_015359,0.41973013857828534
row_040831,0.07246042838958244
row_004413,0.22365858244929415
row_007697,0.24368378655249362
row_016158,0.3301079604024321
row_010851,0.393514046060192
row_048349,0.10133056652658323
row_006794,0.43718546166211714
row_036045,0.9949134715180333
row_037327,0.45464012054863157
row_013373,0.2688936268757911
row_029986,0.2990995540061883
row_037283,0.4212813857105324
row_031892,0.9090843041882327
row_028770,0.36823724417062376
row_016544,0.6121314498053685
row_031941,0.05244091009209003
row_027854,0.36387304289004896
row_015737,0.45960558199452395
row_019807,0.6150239084824946
row_045100,0.04096787130149601
row_022567,0.16004497289527975
row_025027,0.17215643919300463
row_009991,0.5174199454875386
row_036028,0.1298092905284021
row_009434,0.6480979452463199
row_025280,0.9609907357987948
row_033351,0.07573938158146032
row_013474,0.6476547200543274
row_048301,0.2788500424423117
row_041174,0.43784853575554944
row_032838,0.3776369178360088
row_003559,0.3174422620826924
row_003818,0.3056723450841602
row_014868,0.07826022260305536
row_033300,0.7770105105872687
row_042329,0.5697084265342928
row_011828,0.5450726308831841
row_004216,0.4794792967073836
row_048286,0.2332086067156443
row_049595,0.42517227865352225
row_036425,0.6352472361194477
row_049583,0.5252508363466964
row_005998,0.5322469096889945
row_042476,0.6515389929135352
row_006380,0.3648038176813669
row_011508,0.3825563860581736
row_024174,0.7533482987906694
row_042941,0.0137836899780809
row_043178,0.38571650805369295
row_012868,0.6666615086388342
row_025715,0.15958177202148532
row_039009,0.31255617464774754
row_024603,0.41825739907753945
row_015200,0.5075091928229617
row_007444,0.5498764399543962
row_046648,0.6806166643122223
row_042008,0.4490510939949902
row_037379,0.04175510438169713
row_037084,0.944013753603822
row_044934,0.675575732180354
row_012834,0.12403078626046979
row_040011,0.7745906542804664
row_042688,0.4987000860139348
row_011617,0.13347602486490734
row_015772,0.22947157914503696
row_024196,0.20649821827957335
row_025997,0.6512162603391696
row_001048,0.3023607313817363
row_040521,0.19150761162042837
row_012050,0.6736118469749584
row_033605,0.06204887220249332
row_006122,0.005473741974704219
row_006149,0.18443793319562
row_022547,0.6195716106925965
row_018065,0.18915908160103723
row_008917,0.5809990331744073
row_034036,0.28951456026102634
row_006420,0.6280085182808859
row_035487,0.4554469338287987
row_039657,0.10256824185263252
row_013664,0.4921579668731649
row_018376,0.6371627571988457
row_009880,0.6130466558460236
row_002469,0.054020330426730885
row_028389,0.04517511637621637
row_044526,0.14634718567910215
row_024001,0.20372717011675948
row_002209,0.18339700859434507
row_047359,0.1326559319012434
row_023707,0.12981190540963314
row_005878,0.34440367560638563
row_022500,0.8252556338014609
row_008722,0.686144390787416
row_000852,0.02961518992169319
row_013364,0.7501928812876953
row_009841,0.45738371125200844
row_013540,0.2706387108966297
row_044834,0.20122056432380134
row_008409,0.17009082210611093
row_005691,0.3001748431683974
row_017032,0.9993489495525766
row_024381,0.077784022048681
row_042175,0.28752585395378155
row_003875,0.8840022222840386
row_047585,0.6118261987929419
row_019946,0.47693436162620817
row_024334,0.18660712939097576
row_031727,0.5539499927184418
row_015408,0.6522466695530577
row_016493,0.992813499122286
row_004921,0.4205173666684984
row_019190,0.578260582902382
row_029534,0.08307595711802512
row_028658,0.5292788704375196
row_028756,0.1089911484765011
row_012727,0.34666426958417423
row_006435,0.6274036478945506
row_011518,0.3862130770026836
row_035351,0.4090357783382806
row_015725,0.056269204812387716
row_019021,0.3152128075720048
row_032417,0.06150690979242705
row_013705,0.58119053941919
row_017633,0.3111315538834142
row_011336,0.3427222426825916
row_009974,0.594997017693057
row_044518,0.6646880397643314
row_013662,0.33698685091928415
row_005515,0.7904047491641779
row_047591,0.648860007886634
row_048895,0.7111074185697469
row_022243,0.23351073172045445
row_032997,0.8758999490402525
row_040869,0.7643354359840574
row_048590,0.2985156898863359
row_037633,0.7043504893760602
row_010258,0.3760330660250086
row_030674,0.4041315428586277
row_048671,0.666167205901148
row_031432,0.6050072618471242
row_016079,0.7632009841491402
row_022640,0.17606822486867832
row_007401,0.5836298596813742
row_015708,0.08227391843709982
row_049599,0.2381708697246973
row_007083,0.5706859248926158
row_022556,0.2003761719455768
row_049103,0.11841624940042446
row_018138,0.4662915393950725
row_020339,0.5949600179767345
row_017174,0.5347763871278564
row_001938,0.4491296848836668
row_017741,0.9119586407913404
row_006707,0.8870126993922424
row_041950,0.3600242554009115
row_020552,0.4225779804229557
row_043281,0.2525770761253682
row_049273,0.42754851934300386
row_034278,0.4628921632123547
row_048364,0.27304132493478067
row_000454,0.3240051983719923
row_021709,0.5637554750877221
row_011625,0.6536866267076753
row_026339,0.5713323477556691
row_041415,0.8969859378335054
row_017452,0.0701093024761304
row_012448,0.23972662468728997
row_037437,0.483555578198853
row_011970,0.9917763029492577
row_043221,0.26466295627631076
row_031244,0.7180234814477193
row_031900,0.03488494920760952
row_001009,0.53877673473514
row_028761,0.9625435760229618
row_019301,0.03573440027700936
row_007842,0.3851788746371928
row_022174,0.39535990041712565
row_021218,0.05902237027358699
row_044233,0.38780012546175596
row_047417,0.647341866269718
row_017543,0.37067579697867
row_044452,0.23613334158904953
row_020288,0.3538624308505851
row_011019,0.1811882387693003
row_032925,0.735150897510734
row_018589,0.043157902902409825
row_041246,0.2072324273697849
row_038283,0.21406740600414073
row_039389,0.10026714865532162
row_010047,0.013680651511413934
row_016142,0.3193503382735983
row_004579,0.4940320379379335
row_014737,0.45847842138735106
row_024220,0.22522375429026723
row_005607,0.21460840246799115
row_030995,0.45710780124250167
row_040574,0.4215624371624012
row_029034,0.8099174125359024
row_032200,0.0392615415345923
row_041705,0.8211966288919121
row_019764,0.10063244056738031
row_001552,0.3854544701215378
row_049751,0.46753692146702014
row_033995,0.38782668211796695
row_018815,0.28180643229191116
row_000408,0.45979257661285816
row_030741,0.5006653770056484
row_047271,0.4090999470785343
row_025863,0.3331889331068429
row_031657,0.7355433461183543
row_017929,0.15006646402398674
row_001846,0.03091122991657186
row_017608,0.1030634821189402
row_041867,0.49242915021603123
row_034689,0.20576124832432527
row_046524,0.17876859295649022
row_023822,0.6190893658105919
row_024719,0.992649833508103
row_046900,0.5227251022788216
row_034845,0.46735143800821055
row_049105,0.9738255532746156
row_007357,0.1828635978992768
row_024162,0.23753075388708933
row_044796,0.2017708425009973
row_009092,0.3109633080006091
row_041556,0.5724414890133442
row_048050,0.425847562129263
row_001497,0.39318885149344474
row_006572,0.0701908983861287
row_010532,0.9705073704577099
row_006278,0.1592407148449367
row_029695,0.5115983156147257
row_024844,0.14094094751610123
row_044410,0.6508724031590771
row_007491,0.007004854995327476
row_030239,0.5487070725383328
row_001159,0.4461400215700205
row_038231,0.9697730856824435
row_004073,0.02701044041915968
row_010615,0.5042144268503213
row_048738,0.7955792264461529
row_024740,0.1710305204841656
row_044259,0.300283361487598
row_037228,0.5118871051973086
row_033370,0.3307154695624933
row_049352,0.3691803061028106
row_028220,0.2672621120912154
row_038619,0.08732211150574969
row_046801,0.3168291970482128
row_017360,0.5687731860408783
row_037544,0.30553136656040103
row_036044,0.19298454625065029
row_011446,0.3525259198007226
row_026042,0.25893535965245373
row_011208,0.563481976630807
row_035546,0.8800247306047096
row_033454,0.504898693844444
row_015421,0.818417419971822
row_047336,0.3406483762595023
row_009204,0.12349935693377116
row_020365,0.5297859825089688
row_045969,0.49895662195618495
row_042584,0.7168051316872306
row_044659,0.2565737911279648
row_003928,0.22635135081970495
row_016836,0.479758982035862
row_003614,0.17817611844809805
row_048533,0.5144695180418676
row_026754,0.9220973617461428
row_022994,0.611394025550599
row_006071,0.5189626624995044
row_019367,0.7345586632659284
row_000752,0.16989657279896886
row_004740,0.43608143605908634
row_035237,0.04840352816467115
row_012172,0.29758232347731134
row_016818,0.07686658486172505
row_020843,0.3216400695609906
row_036589,0.6990632843322405
row_022520,0.733752292623491
row_025070,0.3879439961986892
row_024227,0.33238478871427596
row_036932,0.8639458371781606
row_022872,0.1671232716497715
row_033285,0.9069496940182841
row_022828,0.3863846303854265
row_039161,0.5985496740249988
row_023523,0.25505530633789536
row_040023,0.7553267209115158
row_030090,0.2839476336621237
row_025948,0.43849416404035807
row_007744,0.16295639386306662
row_041296,0.5175240210338249
row_048574,0.29852121648981356
row_044533,0.5041939275319115
row_010815,0.6821828691400637
row_049868,0.4301194234796304
row_048108,0.6787802906836314
row_008701,0.5508818528538206
row_040500,0.4238094618825321
row_017611,0.5502359987836338
row_004863,0.6809181962649
row_014856,0.5085114257452436
row_048761,0.6498896733091154
row_019579,0.24709593585079379
row_023117,0.27727211014527814
row_011644,0.41849373699333814
row_032265,0.7255011067264473
row_049426,0.48565406520811893
row_018730,0.7795821352489932
row_034829,0.09175536278875628
row_035572,0.09952311984757413
row_009151,0.3949029140989192
row_021496,0.5161405531871719
row_049459,0.3605169338867142
row_031248,0.6094275574037187
row_009543,0.16946126211148918
row_001671,0.7756373235248334
row_020269,0.5532528283073177
row_021579,0.3552167029141838
row_039767,0.5194103241306928
row_010161,0.15169624312456956
row_038479,0.1775446302823728
row_021902,0.2508385416390555
row_006807,0.9861811642545046
row_015581,0.12620435090211982
row_000180,0.567788617498565
row_015699,0.5008912853446622
row_030959,0.4600479911741101
row_034801,0.6598152479603591
row_018140,0.40103616882411297
row_036682,0.41097646216252964
row_041881,0.8007956908459866
row_036498,0.5348763989909141
row_004979,0.25098302606433864
row_033254,0.7809072030351275
row_005292,0.48127056536347385
row_049620,0.11078362186895178
row_022630,0.5365199319383
row_000514,0.036871353802465756
row_032468,0.12206416068684756
row_031068,0.5805690160418109
row_017153,0.3133158949370146
row_008441,0.24135827920328726
row_021068,0.7202712401339548
row_048417,0.525434381843288
row_017368,0.6358873754877296
row_023960,0.8364715625460163
row_028545,0.6035939620813286
row_027691,0.22020621292535172
row_002784,0.42113957729354806
row_009660,0.7453726557391922
row_031326,0.666184176754117
row_030383,0.5406982043070119
row_026663,0.24044419046557938
row_001803,0.6345908199452359
row_000698,0.2446826561302019
row_025594,0.39995263647598184
row_034340,0.5055181041641977
row_009167,0.702703191832165
row_038160,0.5951391958971265
row_003115,0.4634168259331732
row_030338,0.08682920379315504
row_034472,0.05328650435564557
row_012416,0.2970006518405603
row_008153,0.37998127970135886
row_019598,0.30158216789087566
row_031400,0.2635271906968264
row_007996,0.12058424990361025
row_043785,0.3934289647393952
row_031255,0.39174686442466217
row_014588,0.5699260983765099
row_018285,0.28936082267565394
row_013062,0.5656769275904224
row_049979,0.09526052359626586
row_006661,0.9007374442764106
row_039743,0.10951401034537722
row_033697,0.6450534427033544
row_043449,0.5918257117594318
row_036836,0.3438582099040999
row_021046,0.3705601029234848
row_035368,0.8193457558045276
row_044328,0.8368484802215067
row_042405,0.36856398776250476
row_029716,0.2492095761119176
row_027327,0.5786148759885525
row_041432,0.32195650370258094
row_018242,0.5238573898585605
row_001003,0.6548481260986131
row_044345,0.7352308689477429
row_003139,0.9796593598653485
row_030598,0.7604501915703334
row_049162,0.24077977236236311
row_003178,0.397279580089736
row_014892,0.5945787233869904
row_000969,0.25408649469451144
row_019706,0.6125305329258786
row_015433,0.6869814208040571
row_006658,0.3453417658284757
row_040909,0.3280280766500674
row_019283,0.24559576464642016
row_000636,0.4099308078282249
row_049477,0.3329543439915219
row_008958,0.13008564018749746
row_001740,0.335782933813633
row_008557,0.5118589656188778
row_021192,0.18970376888744028
row_049618,0.31546787112722513
row_029845,0.4784249479207136
row_012965,0.32831710714594703
row_043560,0.6351905769233032
row_037793,0.2877455757770914
row_013401,0.31985465664233154
row_035619,0.5231221006138034
row_032840,0.13573035359633062
row_010768,0.25351777399591974
row_037844,0.38346665609932434
row_004522,0.4330230189942006
row_002229,0.009243602410221116
row_032027,0.5341946590907976
row_027646,0.7190273510403928
row_041812,0.36393219575903235
row_035770,0.44439606033635876
row_032465,0.3444020715259727
row_026158,0.25509318253483576
row_004072,0.22407638487894416
row_045817,0.29106638477112723
row_002369,0.713436004960896
row_006927,0.38997069265259343
row_023032,0.3655760514230551
row_032168,0.16567274943321833
row_025740,0.08870887740626106
row_026790,0.2039347619020582
row_049401,0.6147826704158863
row_006971,0.12870487612818088
row_040751,0.44093539910467655
row_010283,0.04112338361267936
row_021412,0.21407968715629377
row_037369,0.16977524203155847
row_047254,0.26578587308808616
row_009980,0.13683635126362695
row_002752,0.4771767567063452
row_034171,0.5482311610813833
row_014720,0.3171033503336364
row_048326,0.9587290970486592
row_039394,0.07138234734613377
row_024067,0.09425821652633144
row_008086,0.21153412235394467
row_040885,0.5881963909119147
row_021014,0.8380397299459995
row_005505,0.5747338435243748
row_036800,0.4889779035035411
row_030385,0.7048892229501036
row_045608,0.36580215182857023
row_001280,0.37782168894711377
row_031135,0.5263320664197886
row_031743,0.4415886032941175
row_000689,0.37073769645784793
row_001342,0.2114751605800311
row_046647,0.7296067884364381
row_035504,0.07627724859376785
row_043917,0.5212715615027855
row_006570,0.4813530983646551
row_027395,0.31638010919010806
row_034071,0.5717744500345537
row_040575,0.5086343145637015
row_001161,0.4720163790736697
row_032536,0.03344562554351057
row_044957,0.32119640526329235
row_022944,0.36118266872443594
row_006674,0.47498247306297553
row_001541,0.9527318315228467
row_012358,0.22594997457943827
row_043074,0.6322084252087605
row_037210,0.8547598746262142
row_040970,0.7107527146238284
row_028174,0.29093751605434504
row_023760,0.2893940089244793
row_010714,0.0015305047880490588
row_047903,0.8560748082535793
row_000156,0.10249677341423605
row_007969,0.7750365122914897
row_015819,0.0362901901544347
row_033003,0.6201829450554371
row_021818,0.2566010161075415
row_046071,0.8408298120813636
row_005237,0.5743407351751644
row_029864,0.350347816697536
row_044168,0.023340617777024408
row_032348,0.66961112755029
row_029547,0.6724063309068979
row_029439,0.712744683650423
row_003832,0.18643565853389127
row_027075,0.606143964642178
row_005571,0.9006799159044384
row_027755,0.40930317749515355
row_007813,0.3869965307514544
row_005803,0.6390028512860254
row_015993,0.23382704385323974
row_020598,0.3767010999076862
row_018502,0.9502727479146237
row_008128,0.2815248299142435
row_024183,0.2674337695148636
row_040387,0.13643503164235699
row_008581,0.356653759467067
row_037764,0.41261225408598695
row_020882,0.16961813450530008
row_033414,0.5744785844492446
row_016858,0.7727239305123418
row_013234,0.3763687520596245
row_006631,0.3549559068418209
row_020958,0.18717598633781504
row_045414,0.4071695017571258
row_007285,0.3538172697551951
row_040743,0.35589276551042665
row_040286,0.5803591135523627
row_006186,0.23047093365940982
row_004870,0.2900873758863192
row_045598,0.3182349275073644
row_022883,0.6723792361542473
row_012889,0.05841307208195087
row_038781,0.48996383798894844
row_003854,0.9617052550460128
row_023792,0.8066376542963158
row_028474,0.3552191576924074
row_028347,0.5350807371590415
row_010012,0.14641313864278435
row_008528,0.17522968208198555
row_029481,0.006259729930151348
row_029632,0.37840171071410045
row_012615,0.9144335815230891
row_014982,0.626517250821293
row_009435,0.044604639551096774
row_041611,0.817269867704108
row_040682,0.2864517969121621
row_010374,0.5779463332771239
row_017426,0.6655626955078415
row_013989,0.17688012967654282
row_010542,0.7097979594613076
row_028308,0.6067616794590056
row_044494,0.11113331811784449
row_000207,0.7679597279730865
row_002814,0.521066244722881
row_023398,0.5114138328502992
row_014321,0.4538762804484141
row_009755,0.8240761453010981
row_020845,0.05097517821265502
row_026615,0.2729174414734451
row_016151,0.07249222950126381
row_033022,0.30356810279183943
row_029369,0.4868228396471197
row_024691,0.6802448335695168
row_001503,0.22544102484729708
row_015817,0.2771932798107911
row_001163,0.4403208458163355
row_038537,0.0035700326963969465
row_003503,0.6791925291360446
row_037112,0.5108915730075603
row_003855,0.9267568379621648
row_028063,0.45920275658265625
row_007469,0.7323127160480535
row_019546,0.8505900577724639
row_000647,0.14623449160671229
row_044912,0.2873907857799604
row_016715,0.7249263014999625
row_049057,0.11236454230993921
row_029327,0.2851920590852531
row_042007,0.2676106133262797
row_007253,0.48519977626719585
row_040947,0.9019294675576963
row_043245,0.5186984139379208
row_027421,0.2386864790653003
row_016160,0.45962257691641606
row_030992,0.8044639805499845
row_016412,0.5226953871255722
row_048715,0.4004573473775518
row_038226,0.0793729086146981
row_009771,0.013962693580334105
row_001990,0.3588840296704442
row_033409,0.47828096300329304
row_031488,0.043055170823013564
row_017446,0.47452786201863967
row_006256,0.2634039330364744
row_036073,0.8119879063724307
row_049686,0.6053659187525211
row_042098,0.5959273863522317
row_031132,0.3805597016255561
row_026659,0.06783109464260383
row_028025,0.4565733035570515
row_014665,0.7417023190865781
row_030592,0.31915532574307987
row_014738,0.376294865147005
row_030664,0.5051829859409501
row_042976,0.13603693578234227
row_022187,0.850000804364145
row_019464,0.5889590662942933
row_040978,0.6524565490409817
row_031528,0.3744699485259706
row_003781,0.724866604280094
row_025569,0.29450789130846144
row_024727,0.33192308163086454
row_003317,0.3752508737924959
row_032823,0.6563658621959993
row_017961,0.6659089528756468
row_006098,0.3178354099239275
row_040963,0.8085664783759298
row_023145,0.6572699029899464
row_034051,0.05772089708276518
row_029572,0.5248296372419168
row_029774,0.9612785144841852
row_045017,0.827644601947398
row_048871,0.6164327250929026
row_032280,0.6788467878007677
row_044223,0.9019441734442037
row_033829,0.4810806174052954
row_027640,0.6643429935752726
row_006042,0.8332726267426058
row_005317,0.11829954646164766
row_008233,0.19822234826221044
row_026803,0.4499810208847832
row_011609,0.3973941498719569
row_040767,0.2763855995770847
row_013070,0.6244452553450095
row_001287,0.1253988666013292
row_025799,0.0724290750117459
row_036043,0.3516461882684536
row_025621,0.4533377337995617
row_034362,0.08095573778447102
row_013721,0.6174389939605937
row_033801,0.05232192369956238
row_009009,0.24587205042090057
row_048114,0.32703419080386187
row_002001,0.7444544042106138
row_021811,0.3273102073718243
row_013388,0.11074791867732228
row_027625,0.40018874036000174
row_042724,0.04758708743357221
row_045173,0.4225086466757821
row_045509,0.4133103449296312
row_009284,0.6428079716882429
row_038462,0.42347184518300174
row_011950,0.10621737238068701
row_040595,0.8863118749377847
row_046257,0.43765558229570584
row_026513,0.4134941851146047
row_014409,0.6011633882485259
row_036895,0.725609279625795
row_019963,0.5413042323747151
row_004664,0.5166887074764188
row_012993,0.3436839783126652
row_030548,0.21707677063457928
row_042144,0.292124349510265
row_046437,0.23865810179249658
row_000830,0.3999113058484127
row_034397,0.8085661781128831
row_004257,0.19459258615299735
row_004754,0.5793566580113227
row_049474,0.7164261579380726
row_037792,0.23097500844521507
row_032967,0.6540041280451995
row_011560,0.29077163936932576
row_019414,0.21299382358278224
row_022221,0.5188918557355936
row_004098,0.5683746777098921
row_003970,0.39482273263769646
row_023226,0.149910358285033
row_048292,0.26870649565480254
row_016020,0.17434695040026998
row_045945,0.5751804732056477
row_006616,0.3433155412316506
row_044948,0.3708481158650145
row_004486,0.850117770447405
row_026492,0.5209886347994067
row_006446,0.21283652408715212
row_017923,0.08537028641236286
row_015417,0.3991753280241991
row_039314,0.5273479608034228
row_005686,0.7864376485764079
row_048610,0.41972583405006186
row_024637,0.12737317187955186
row_028462,0.02832638075797571
row_023348,0.5684196283605318
row_032238,0.6720854467782011
row_044184,0.40047702192408113
row_045078,0.27026008954092323
row_000994,0.04069551306088009
row_048564,0.7163160427684998
row_008180,0.1636004400153126
row_029246,0.4278092870328786
row_001978,0.6659049703948118
row_008143,0.6163476775997989
row_042073,0.502229163494957
row_035421,0.6660810097746709
row_008035,0.16619797757825125
row_040850,0.03180544785085651
row_000734,0.5334566018036088
row_034627,0.28930196732379143
row_029996,0.15953185950609983
row_049605,0.7122660894302526
row_029872,0.15479938360245116
row_039492,0.7287202988906282
row_010650,0.40007979494412144
row_048732,0.5275106276477658
row_020010,0.6186808093947924
row_025105,0.2704862913217892
row_014062,0.341377690784153
row_012343,0.46182009641456984
row_025412,0.2306226638321005
row_044771,0.6202223314283724
row_006225,0.6040278563853059
row_012595,0.7057372235750579
row_031364,0.8242407323550706
row_010551,0.7679344845343746
row_010610,0.46495836087865905
row_018568,0.2600992394737793
row_025536,0.6261697902518588
row_034542,0.30903510119447986
row_023071,0.8271505210050496
row_013879,0.3215564983366885
row_017591,0.4101126941457562
row_035067,0.8268134871399125
row_038918,0.8350681607310678
row_045891,0.609082065901007
row_031838,0.3107652298819643
row_008193,0.3762650282836212
row_006283,0.43903668769764614
row_014428,0.542780429455605
row_048899,0.043326236528379476
row_010381,0.7361008192998564
row_046819,0.3076589551078048
row_016713,0.20380383426275903
row_000342,0.1719590342120604
row_045865,0.24499422124751008
row_017737,0.2869766496240628
row_049705,0.24454699089446455
row_016696,0.5980623767198334
row_023371,0.1071866751948896
row_043220,0.13924254487355675
row_031383,0.41419349631402796
row_022109,0.23525402580353186
row_003904,0.5178238193312105
row_000555,0.4164524011432615
row_024976,0.41162042473865434
row_035269,0.02857097756943127
row_016460,0.5513836495575221
row_042568,0.9837214107465196
row_018875,0.2613064615878762
row_005578,0.1693711438807542
row_018947,0.16454276729365383
row_004055,0.6185828468004291
row_044249,0.2526329765676591
row_030416,0.15947478797286951
row_044393,0.38574806667456457
row_015907,0.6915838320430033
row_028618,0.32705049140681086
row_010246,0.3323280067389239
row_004771,0.6573078036626802
row_005877,0.5874826140045865
row_002390,0.5112077769794876
row_028973,0.8975876211428764
row_048104,0.07195266793921296
row_012344,0.12468808206453089
row_033860,0.1263132774497764
row_015750,0.4508605075118574
row_030089,0.1750022936823432
row_007115,0.5490221531822125
row_007096,0.5346282007093001
row_046594,0.48619657101587405
row_011693,0.4135664904273984
row_018121,0.5281778635316998
row_006108,0.8158877671558721
row_006651,0.14295014445312842
row_016847,0.7429348136858112
row_034523,0.5859253645510276
row_017760,0.9175728631222582
row_046948,0.5759444793602705
row_048504,0.12188765484641034
row_018375,0.296141342918638
row_020084,0.3582867703868483
row_002566,0.5607652677230093
row_028178,0.16287472316721469
row_015226,0.09570100116812824
row_034582,0.08067748121941815
row_036166,0.3578129224218513
row_048679,0.19351175264219336
row_049375,0.7349732794315983
row_030599,0.3098903231395744
row_041205,0.41254219622905725
row_044145,0.3995749303743332
row_021605,0.48507036360406575
row_007568,0.20189083663769963
row_035967,0.4825601529467461
row_040677,0.2711998065299013
row_049007,0.5616947534670741
row_023463,0.6939711277350271
row_030940,0.2783541272192885
row_014767,0.5630462885103907
row_046844,0.6679983962524649
row_012565,0.5773724511996009
row_004264,0.5746593756173388
row_003176,0.6055603175400077
row_012658,0.8042700283333565
row_027309,0.4792414925778004
row_017698,0.6640624173391464
row_049567,0.22574068236629716
row_037897,0.22056931923134246
row_020325,0.0010130434100696197
row_024806,0.15089901417229856
row_039415,0.41363342666346925
row_027487,0.3368200671044384
row_001718,0.25989963953605894
row_049531,0.28811347123881975
row_035223,0.654790483108745
row_044472,0.4885819547978113
row_038140,0.1942710241166245
row_040080,0.28628897293109223
row_034511,0.5499712895307417
row_005083,0.6953415658333216
row_012059,0.5594687401436059
row_046856,0.7406827311408785
row_024170,0.8176055043070096
row_037483,0.3141968956469924
row_049829,0.7503134229768741
row_027294,0.9413922663867376
row_005675,0.6611744250125535
row_030782,0.24500590687700582
row_045081,0.7623927456071397
row_023270,0.43630637696993135
row_038018,0.304795291215476
row_036905,0.2200151288660488
row_024568,0.3283842972208587
row_041368,0.012581220744547936
row_018841,0.1671338099253527
row_015308,0.35664432881645197
row_005598,0.14859661308889355
row_023423,0.9499239471614546
row_013810,0.25843554400998664
row_000043,0.44065868759977755
row_002448,0.6346231994867951
row_028458,0.2309041171290152
row_023112,0.5102262543469142
row_013607,0.555552363721689
row_001917,0.5041632995209193
row_016817,0.2547393744867545
row_036333,0.2077444287461241
row_037011,0.257146727786492
row_015276,0.32722949560972364
row_029015,0.6608058004345372
row_010857,0.2603503012489695
row_013162,0.4011447830172183
row_013069,0.46525923778010925
row_043246,0.41245862084815293
row_024807,0.06174502109918045
row_004560,0.9126840288804003
row_016969,0.8146858329079967
row_029147,0.008566051167176868
row_049896,0.5065722686870215
row_008869,0.5464130544267051
row_040734,0.6504589102840883
row_045757,0.1321529339101932
row_030826,0.40950328081247267
row_017779,0.15612644475279167
row_017198,0.16077025077010984
row_021318,0.666981994948925
row_017653,0.3633953911209766
row_004027,0.5976372052664296
row_021016,0.6415349562663735
row_048396,0.673163328939174
row_007623,0.08419150576412929
row_028786,0.8368672937511188
row_042497,0.458688098696713
row_042699,0.28095885730374326
row_026332,0.5470941723546895
row_023303,0.9111433288684199
row_035280,0.6887072460216128
row_037368,0.21087122756021265
row_045521,0.24111181195703565
row_021048,0.9965791432845762
row_049434,0.6428014897275423
row_036577,0.018833428533891937
row_027648,0.27239758357441846
row_048219,0.5940751525772248
row_038158,0.40065216688630656
row_008974,0.4717270097687556
row_033304,0.5227946998914764
row_039427,0.8353551757420824
row_023914,0.5180602562678888
row_042506,0.3180305306623951
row_012123,0.6487111250563832
row_006575,0.6626066647622533
row_006654,0.7642300263519327
row_012199,0.941888798673328
row_037740,0.9171895262801502
row_000717,0.630224642765878
row_003551,0.23037050236312542
row_043476,0.3864176812374014
row_023737,0.11194682016494995
row_004251,0.4146542157073843
row_048812,0.9914961456777684
row_009795,0.11699633574344435
row_029377,0.01129367906951575
row_008120,0.38036871230409813
row_000125,0.4691752242078063
row_012596,0.24653818094392413
row_041042,0.642397296254039
row_012121,0.12424316751351273
row_045542,0.19249039946405025
row_037249,0.12523241267625565
row_024668,0.2720258805359947
row_018592,0.0319846710838269
row_017064,0.47786742087972117
row_039655,0.605747560343859
row_028556,0.4484318938993969
row_003784,0.4454759239379764
row_013286,0.2817272417304892
row_039133,0.9182446601131279
row_045890,0.669443200956026
row_023926,0.27546215185273937
row_023769,0.3704119382704329
row_020864,0.55309533689797
row_015799,0.5709224993553439
row_013244,0.6101264904590153
row_014214,0.830171586990593
row_015228,0.4547951924627632
row_049308,0.147022747046358
row_038478,0.539633400898462
row_009802,0.3071328694192152
row_039742,0.846535533751435
row_021277,0.4992324102184692
row_030589,0.26102249900707974
row_023434,0.8562271863749475
row_045113,0.4336329858815079
row_006194,0.4693599662662553
row_027186,0.4518468988854362
row_004577,0.7066801164742623
row_006990,0.31539302340222947
row_003455,0.6845488795773985
row_040753,0.4796536220062625
row_049926,0.10936347268121598
row_036006,0.09622007352693367
row_026909,0.25662692031874274
row_002761,0.6814995775455095
row_033451,0.15889725120262113
row_013014,0.32865338581149217
row_005532,0.5928600554545663
row_026788,0.3668442817807972
row_039209,0.07754081498546425
row_000896,0.677856501866786
row_023411,0.5499484105177965
row_017809,0.4405245582944323
row_038927,0.7457568058271992
row_037667,0.6470090083773183
row_031091,0.42620682768938667
row_018487,0.6332323347258213
row_017892,0.006530975991264382
row_035698,0.1489941217461307
row_028577,0.4498144837856982
row_006235,0.42476859799320243
row_003890,0.9093061993800033
row_046765,0.22530186739294175
row_042846,0.5032511304868648
row_038879,0.5334493109734012
row_048567,0.07880327642642607
row_032935,0.504215155808804
row_047259,0.18405424180922486
row_000189,0.6551639920750607
row_044720,0.6116003407105123
row_025664,0.1559656354625084
row_043609,0.27300859205817557
row_039177,0.5913668352585798
row_038602,0.07360589269188555
row_048821,0.1973863115635522
row_028811,0.421081213580201
row_000613,0.22895263027019538
row_008956,0.14744069741055407
row_035979,0.517854035732922
row_000423,0.13584045578042886
row_038795,0.47147914939869523
row_033198,0.18463205507828104
row_019573,0.5822507134416208
row_041443,0.5137174373052075
row_021747,0.3994425357459766
row_019865,0.5924416002531733
row_019621,0.5254969942387814
row_028441,0.08571336225807706
row_004608,0.24412713405711173
row_005185,0.37419719909919247
row_021626,0.21137216251845864
row_046458,0.4130699406497763
row_002417,0.08853913037856327
row_005913,0.5567503478180678
row_040167,0.5098301666690382
row_039948,0.1485537507327149
row_008738,0.18783152492424326
row_025307,0.5313545573167416
row_000089,0.22437698068157666
row_044463,0.9435525742229468
row_013021,0.8603333623814655
row_022976,0.2594112812320875
row_024954,0.4859967342205622
row_024132,0.21856530918884612
row_032937,0.29057423727518367
row_039593,0.6399194772237468
row_019548,0.21078872516651004
row_003672,0.5401092931498227
row_028540,0.26958091537611273
row_000460,0.6302637106821339
row_000142,0.5408565282321128
row_009890,0.061789841908523
row_038362,0.19822469768404086
row_006731,0.9781651051148937
row_017195,0.24312377279824773
row_033395,0.9636229662576288
row_037936,0.5450374406427803
row_038032,0.3861178779408824
row_015409,0.2183652935440916
row_023826,0.5525229024669596
row_034069,0.31849285968912183
row_036151,0.0620971324106917
row_039719,0.48765123929853227
row_033631,0.2582634479544003
row_000278,0.4456646328248522
row_034751,0.42164728667319684
row_001865,0.6051515927798895
row_017808,0.2958095323469167
row_016537,0.14432054093487193
row_039554,0.2091965136096348
row_029129,0.538734416176517
row_028692,0.4355367138558392
row_005450,0.9553532231478616
row_003802,0.17286866837190365
row_025864,0.7396710853873775
row_040401,0.6368931348737429
row_000800,0.6215781343630966
row_041761,0.5154229023738153
row_022084,0.13001007656049546
row_014310,0.11694388201848177
row_012471,0.39372040959980653
row_018347,0.563829416012657
row_004447,0.26742408034974846
row_033031,0.15835513620852618
row_037922,0.4389016478035878
row_001557,0.5195092520299145
row_032230,0.8117541365161152
row_032096,0.1578240123669514
row_021960,0.4332706784931779
row_006758,0.30947720565262493
row_024540,0.5768767114854931
row_019803,0.5633066907577444
row_025960,0.8946370383987678
row_006221,0.15953568901692755
row_019599,0.8933312566389886
row_025918,0.7419582839086823
row_047399,0.4581453665320612
row_037649,0.5517448605593429
row_036557,0.02774800009867532
row_017563,0.38538806584067037
row_040536,0.37882617363488963
row_025602,0.2420853494157481
row_049216,0.4123207207219065
row_024070,0.6107248349204555
row_011037,0.42891598299928596
row_011605,0.22729474713515582
row_022743,0.6876620282206458
row_013180,0.29533964189697537
row_016166,0.6256892223953198
row_028694,0.1513126554239603
row_023624,0.7071371547656422
row_030331,0.5420545113805584
row_043227,0.04240364133852114
row_047772,0.26901932542716567
row_013166,0.5018921366448121
row_003804,0.3296203030416059
row_037318,0.5998581103355786
row_036472,0.17685403315357304
row_036866,0.07113320593637915
row_012739,0.5515152677224051
row_043216,0.04931336104712926
row_020354,0.8155867758539322
row_028378,0.5370944691567731
row_040368,0.4872814164949568
row_014189,0.27796523051272193
row_037813,0.6604821594054986
row_005273,0.5934675215931565
row_030773,0.6033838241143166
row_034701,0.2693602591714835
row_041194,0.9206780391502679
row_026770,0.9028332992234303
row_000701,0.5342765969702287
row_046398,0.3617166259145137
row_023350,0.7104963183786772
row_014488,0.005092431628839672
row_044403,0.4921846436405816
row_031564,0.01863050847711534
row_018070,0.09692842541492265
row_038193,0.22867823656297184
row_049445,0.9954914124495162
row_044625,0.4187486239508521
row_041961,0.3403461640155378
row_010500,0.2967893685655186
row_005382,0.5595490406718511
row_042090,0.39614215185768037
row_032608,0.17077493413898942
row_041403,0.10784011944190518
row_042216,0.2545787469903422
row_013024,0.027533207288556134
row_042203,0.43360948131454713
row_029017,0.10235357051737305
row_001206,0.4742105271741315
row_024640,0.38860544685642895
row_041326,0.989846550159522
row_047167,0.11666043503413179
row_003398,0.4303722641147735
row_002155,0.8038345869433376
row_017855,0.5462707515696382
row_017257,0.2279581318606343
row_047589,0.20404780787554994
row_021334,0.14525930686150684
row_023078,0.1375678940085077
row_041751,0.5174161111498676
row_042379,0.29794235481408565
row_000402,0.325158884595519
row_024768,0.6757458545569275
row_015846,0.6704465067383972
row_019666,0.5039295837106491
row_009391,0.5521475961671563
row_014908,0.25333020867489936
row_046959,0.09631197411714469
row_029115,0.43733599589317335
row_023488,0.8173680365146215
row_033606,0.6717779840412036
row_045404,0.6959454804883668
row_026836,0.9849989894439122
row_034750,0.5696155020410959
row_026376,0.8129161872258733
row_004804,0.051474240429985406
row_030998,0.3457559249051062
row_028182,0.7545390285738909
row_005974,0.5197020497055904
row_022785,0.4915956356522282
row_021037,0.742018898342472
row_014195,0.14049741522972353
row_032082,0.7666807545988706
row_044770,0.28610583990912525
row_018891,0.42685487393833793
row_019910,0.16015811522140458
row_010522,0.26182649494650423
row_018799,0.6118088509642905
row_009260,0.7944649477309222
row_026284,0.42311841469432243
row_026760,0.6870670730228374
row_020727,0.40145087175710237
row_047334,0.08243229236353755
row_029440,0.7601838765136709
row_021222,0.4394127987328273
row_022769,0.029994022512039895
row_015317,0.4622103000924426
row_015909,0.4706486527295865
row_038779,0.14043123672079136
row_035022,0.552015074497978
row_020202,0.10782391271766896
row_030777,0.8756898941835171
row_005882,0.7656093595593695
row_015593,0.6667180033982998
row_007789,0.4707692851172011
row_004503,0.1362141421648369
row_010647,0.9735464557478646
row_034703,0.31963659188093846
row_037597,0.15643173439078292
row_017500,0.1989542623274762
row_042974,0.6057749290715764
row_019852,0.5080885602360832
row_007929,0.09819298561224035
row_012750,0.3561852142833112
row_003938,0.5773976210143312
row_016477,0.521133688307584
row_010677,0.5673272813430831
row_028686,0.3891458982881378
row_031180,0.08206080427447612
row_014555,0.5440604190055074
row_014413,0.43431230533639137
row_022111,0.03014402433768258
row_014638,0.5245101905904499
row_006690,0.636726566033534
row_030290,0.21109196640358605
row_045300,0.46952835857348907
row_005257,0.4803331195653806
row_016263,0.14845725275146407
row_045349,0.18085692733763473
row_021780,0.14260443832355943
row_013557,0.30388700017459763
row_000334,0.6746075791221935
row_010722,0.3814596426775094
row_041947,0.031965579214270234
row_018582,0.21768962942511863
row_019923,0.4302021437150553
row_023901,0.465640604988423
row_046762,0.4723752931934108
row_007796,0.573443994757051
row_013427,0.3526896606034895
row_001585,0.44938876369115854
row_011093,0.21299834457847605
row_015102,0.7974040629653274
row_027422,0.33793661361847843
row_001458,0.9999267066514529
row_047036,0.46228295916949336
row_030104,0.4146755336453483
row_027799,0.19177779548488855
row_002386,0.6425528156887413
row_034257,0.3475201926500584
row_034854,0.36442774093426106
row_034982,0.25705341266204024
row_010733,0.14034238610601174
row_025097,0.34180853010917306
row_041400,0.5511355206168943
row_039548,0.416917988462416
row_042832,0.12280535422564341
row_037106,0.6266815199784078
row_031744,0.8351715611908561
row_031301,0.4693826729304505
row_010284,0.579056760642069
row_032483,0.5986269438692144
row_028438,0.28914897913653526
row_018560,0.4381708179418217
row_026320,0.538470567689989
row_043143,0.33397393649566276
row_018852,0.04534488620708001
row_045893,0.8999733745507541
row_016700,0.2971276037979097
row_010906,0.5567594581843062
row_046789,0.9059710535096702
row_043817,0.8200526535906831
row_046585,0.8509859899306164
row_008325,0.17425426755295423
row_041337,0.041829310419978165
row_043004,0.6115596385302784
row_029406,0.2601306993541021
row_040476,0.3616028145731629
row_022278,0.5753943733400817
row_043505,0.5862678277890953
row_040136,0.6745163743623
row_006339,0.04003435585458657
row_009283,0.12571186296912984
row_022048,0.3323007757895308
row_043408,0.2667310086658086
row_019356,0.336332582015855
row_013063,0.6285297160478815
row_015571,0.8063971105309764
row_003950,0.8504781361303173
row_008002,0.4831481049563319
row_005106,0.19193941578806994
row_013776,0.8531868069406542
row_001138,0.3042377887909595
row_044229,0.9550463015073923
row_010209,0.7413694642021524
row_035348,0.7153745894105107
row_003190,0.2840620927927391
row_032746,0.4334396566735026
row_032964,0.5789208708195965
row_006393,0.19412307859885997
row_048112,0.7123658410015262
row_003858,0.26486986661806233
row_008292,0.5471597222588278
row_020065,0.7045479121364344
row_006970,0.41533022228535743
row_034867,0.5562950979762777
row_010774,0.5274937180489716
row_023670,0.3966120492011701
row_046956,0.31111880653233004
row_016807,0.3319702915795736
row_020706,0.4972177062231998
row_034204,0.22966776958252547
row_004890,0.6310067473869401
row_033652,0.32541886550331517
row_012829,0.3200486594115871
row_020059,0.5895742873043256
row_028510,0.4437817515736727
row_016237,0.43266471813030727
row_011029,0.6000638796107678
row_028946,0.1538559813826732
row_025753,0.39077786068280695
row_038936,0.3525290021496876
row_012127,0.5359110009505395
row_021789,0.3350397933694069
row_039425,0.623486368501182
row_013949,0.012985633034773784
row_019809,0.2943570043764334
row_025667,0.948661123501449
row_027937,0.35842437997774573
row_003876,0.3747021512881838
row_019242,0.5597475686094932
row_045205,0.3668590294883676
row_028989,0.4184940585474298
row_040047,0.30534387108251865
row_045553,0.3206292734211194
row_025875,0.48295983142367516
row_040304,0.4318771748618745
row_023658,0.18694334616614378
row_003001,0.13537099593211424
row_037295,0.7797206800890383
row_012774,0.6525952271002017
row_029638,0.4680248690650051
row_014790,0.9509772793333868
row_036961,0.25109063629300876
row_004378,0.05126596607915715
row_025760,0.5701688215922958
row_031101,0.6403035143211329
row_024324,0.176385983211022
row_023245,0.1882707607986015
row_010800,0.39748337980278203
row_040472,0.06642886219558751
row_008892,0.3571419681008672
row_009685,0.5862021871553086
row_012260,0.34434792496830186
row_047032,0.6001665781267603
row_008863,0.4139091810700465
row_042816,0.6449964972675283
row_023312,0.3919833270953156
row_006682,0.1691329008821304
row_023483,0.4217912556255939
row_010006,0.47096672495310493
row_031041,0.38447944108923354
row_008108,0.544738424450887
row_032023,0.44309870471275503
row_018926,0.4471734540205368
row_029022,0.5617238852875746
row_012998,0.4450886089534058
row_041488,0.4109070323559488
row_015643,0.44556706885999997
row_003473,0.9011423862269133
row_003173,0.4786181926438787
row_033607,0.6167384977353181
row_047177,0.42577639443165
row_030030,0.8140203348412285
row_007523,0.4994724802699089
row_029951,0.6448267512238318
row_039733,0.31130098843924425
row_041386,0.37224342499759483
row_001496,0.2904561977994524
row_009080,0.9994761461860444
row_028920,0.7883876822116483
row_006858,0.4615960213117327
row_003557,0.48185165229601046
row_001188,0.14884440060271031
row_036679,0.436316300257217
row_002097,0.40266598035236806
row_016862,0.6554840683094019
row_011982,0.18558957130267775
row_028951,0.6099584361440542
row_018857,0.30309050849594116
row_049086,0.26944151145068534
row_004971,0.33051083997328684
row_033680,0.33602287866326963
row_003315,0.4457737749206604
row_010241,0.2974662003262011
row_008548,0.08791994506269976
row_040702,0.06719446681113919
row_028517,0.520204016586105
row_004777,0.19434901820286907
row_005071,0.24765650725790161
row_045109,0.6745595358777191
row_048660,0.4453298408607077
row_004018,0.33390620230674184
row_010357,0.07605408781689073
row_004471,0.31992765222800446
row_022901,0.574808561952214
row_017664,0.24413375291321343
row_027515,0.6298380746815361
row_007033,0.3739923946147351
row_015754,0.6490294739830653
row_011801,0.03855198865348411
row_035688,0.5961823808746641
row_039099,0.6172794145338268
row_035330,0.3200859349209551
row_018222,0.3023542731176623
row_020230,0.883826577325876
row_022587,0.5665212185805603
row_003460,0.1472373876818056
row_021488,0.3115149388488734
row_029818,0.6127991618284367
row_026423,0.6073379033967906
row_003415,0.02942132507407101
row_014423,0.2670406352926553
row_007669,0.7224174571293775
row_003191,0.2500467952599651
row_004699,0.5355742381893405
row_022396,0.34035488376511014
row_021223,0.6350633874410521
row_007851,0.6471173315495755
row_007178,0.3778560853838835
row_033811,0.41240028789521826
row_011344,0.5687824262072411
row_010403,0.23116095758681654
row_029906,0.24913674147187853
row_036878,0.9931146141219525
row_021420,0.8532794864932719
row_008124,0.5427900777563894
row_042022,0.2984292012648479
row_017004,0.23584505711247808
row_017093,0.13995777932449133
row_046318,0.3465944578197321
row_047492,0.15959452332383403
row_012692,0.37418324364976396
row_042215,0.6018977644077728
row_029226,0.2535507420299934
row_038418,0.9271237817217796
row_021251,0.13771164414492615
row_022628,0.3344113131151311
row_043106,0.37568905314301887
row_017877,0.9926895603050548
row_006318,0.8917779319809791
row_037798,0.09448661564253259
row_038239,0.47106810859895065
row_024921,0.4221272619152816
row_036516,0.80100643933665
row_042830,0.706176629970607
row_010376,0.5364584805582671
row_013893,0.3980890063804912
row_017170,0.034190036467684606
row_016360,0.6686925523806855
row_030747,0.5729551749346111
row_009691,0.9264582373864946
row_045526,0.2449093734514552
row_028530,0.9081246693380789
row_018399,0.6921075312494873
row_029074,0.40785038103409893
row_026077,0.574997456871109
row_033531,0.16632199724158178
row_018723,0.5014680948921322
row_032615,0.6693869690225006
row_003295,0.18287312321813493
row_021060,0.3876875835087266
row_047297,0.16786223874439218
row_011170,0.6971213617582706
row_009677,0.03964752159536145
row_019217,0.4796434283846431
row_035202,0.33813649616255087
row_019137,0.3316263202853567
row_021935,0.5108228760481136
row_046127,0.20816315676443561
row_022099,0.4329596654339289
row_027841,0.19729838835464386
row_007075,0.8825628491433396
row_014441,0.45475457537866176
row_003329,0.6184413204840482
row_038460,0.28501174482743835
row_019854,0.229533428278007
row_012411,0.31562678239803205
row_000062,0.39094362066383276
row_047896,0.7004314852369493
row_042478,0.38078571750899826
row_009023,0.5171620767278489
row_021633,0.7067150091388693
row_023885,0.1373423710820751
row_013596,0.23813758057889284
row_009001,0.04944326337264387
row_046415,0.6686099031983401
row_011099,0.5627026511482728
row_005537,0.20458442166194973
row_016447,0.7044123300736624
row_018148,0.04389434823305122
row_012787,0.3081646438404874
row_043354,0.5179207103028354
row_046769,0.6127333622407997
row_028003,0.20119448158048123
row_037753,0.23021951765731957
row_032373,0.2602636736213903
row_030001,0.9589540764178308
row_021851,0.35086285315289845
row_022753,0.22141843296685046
row_003564,0.13854441294196743
row_043695,0.1636461461335372
row_045944,0.05183935882767051
row_011085,0.6490076343945836
row_034235,0.37729103707493045
row_019085,0.02780603689437023
row_022831,0.31428402062551153
row_030709,0.5039783135239531
row_028705,0.7362595823483018
row_044350,0.11776864006872338
row_020616,0.390237461066871
row_014533,0.3919331708956431
row_017442,0.3906256232613397
row_007094,0.30304042637615686
row_013362,0.07432375998091029
row_036999,0.7120577603200587
row_023162,0.5581629698491976
row_011368,0.4319714886913499
row_041794,0.3373516709960063
row_023938,0.21773241735288884
row_030705,0.2253836434930953
row_040211,0.46911171585739486
row_001348,0.4858666043575247
row_017757,0.4808706012445162
row_019010,0.16170789511132916
row_048116,0.6619982228815842
row_032355,0.5901765169552657
row_031267,0.51248858077374
row_003864,0.05501920644392926
row_019642,0.4857050731920317
row_036201,0.32211501857224145
row_000546,0.9376264901756309
row_023031,0.585947520787453
row_005030,0.415107920947549
row_039997,0.8341051679544622
row_035615,0.2738370219931553
row_007629,0.5375452535469449
row_018081,0.15530679639653203
row_037461,0.3265752966407913
row_005917,0.4523931150173006
row_045260,0.25378644893388436
row_029079,0.43981784073739316
row_024980,0.19297991438635162
row_023528,0.6420798089551822
row_033016,0.4375605508028643
row_043427,0.6651700827621453
row_004829,0.3273455590809378
row_006117,0.4115639710947815
row_019468,0.4609232660678641
row_028287,0.3618332370970746
row_009533,0.44957328694436094
row_028693,0.12260380778621924
row_006602,0.5376889100511758
row_002144,0.6091964160494435
row_033961,0.16199576495934997
row_035517,0.2997984274510035
row_014437,0.9852082539675612
row_026496,0.2587215521590662
row_024239,0.051822845430622676
row_033155,0.2633795859047092
row_020381,0.5112769447881043
row_040043,0.5739568825757485
row_000169,0.1268748137240375
row_009025,0.7706196528790829
row_000078,0.7493199024183596
row_045455,0.47225622405729184
row_005833,0.5241100724089897
row_010822,0.561106879506535
row_044443,0.03594800374500646
row_030927,0.5312260181288327
row_012400,0.3106426886936783
row_016804,0.2673501174570729
row_029333,0.8044065433679233
row_044525,0.6465763744915395
row_011080,0.34570411362509934
row_046845,0.30791417394008996
row_032113,0.859203376702478
row_028793,0.15045141979576943
row_007784,0.28098022094813047
row_044510,0.15174730401754663
row_000795,0.9208378310459142
row_011824,0.4822651637408211
row_026053,0.5505278654416422
row_018587,0.5657636779247276
row_042673,0.10841063017117512
row_042364,0.5071922149430653
row_018789,0.34315956311730356
row_002632,0.8680798512160085
row_039960,0.4949767950690582
row_008350,0.5687484962191652
row_031563,0.20913594112621745
row_034104,0.18631741637668894
row_005110,0.21407550996665803
row_021794,0.4006194333162863
row_037942,0.14798189681449117
row_015420,0.4931886256750935
row_032563,0.6625051789263648
row_019377,0.6917633987884723
row_049750,0.4871522133770295
row_024833,0.2961639885003079
row_001208,0.1933537780585208
row_044535,0.5437414672270037
row_048793,0.7779189035320633
row_017047,0.02270658184350971
row_018752,0.7360816538556038
row_037703,0.6694251803422417
row_017828,0.5451629404293871
row_005063,0.28130954871262115
row_006723,0.3156006005907332
row_032071,0.6249158681680729
row_015541,0.1312425365301816
row_036467,0.6040426389555165
row_033632,0.7719861851819384
row_022540,0.3311759209638792
row_025729,0.7861739930145765
row_037526,0.03793375515615845
row_027731,0.4923809742924387
row_038938,0.5798806287008417
row_046574,0.3695768252453721
row_037201,0.17286872464059524
row_043021,0.9849824613446088
row_012908,0.6777284720908552
row_015393,0.8246446230814163
row_036981,0.6101519124811822
row_023147,0.46539246468226037
row_022939,0.4314743914067283
row_016392,0.28937514270537346
row_043379,0.8002034470762682
row_014785,0.4204044031300376
row_034423,0.9574864075549566
row_009728,0.4106249907832635
row_044105,0.3110640826099225
row_018715,0.1663102303449323
row_046057,0.0736488532528801
row_013076,0.5703517432371012
row_018486,0.378418260306137
row_041264,0.37482976803988266
row_019300,0.49996475273633234
row_010175,0.30462137077167356
row_017949,0.3684862744703167
row_002153,0.6328365831544741
row_016039,0.5467735184983981
row_049348,0.435972192742085
row_019036,0.19151274133722174
row_040046,0.17239558953092862
row_018519,0.4199964321943798
row_001808,0.2741829110463106
row_001948,0.3845244448229427
row_010621,0.4657555549824762
row_016705,0.7516253844422076
row_035165,0.7808732753295183
row_031206,0.30053307117209604
row_019545,0.37834680266331155
row_012509,0.6509245671531019
row_042552,0.33154811452452754
row_044277,0.3409607888684884
row_049180,0.6965968689814791
row_014682,0.4869870881786617
row_042477,0.5779837746424958
row_022346,0.5709630982719702
row_013511,0.0158484303734019
row_014726,0.6272478888770641
row_038982,0.5696419730440785
row_007358,0.3826001710774737
row_021793,0.5408717255642697
row_047333,0.2698649458815759
row_034753,0.7843681401697765
row_032358,0.17179943618955057
row_007529,0.7544631016257249
row_007331,0.03369352967664425
row_019043,0.6606379493751601
row_009537,0.7795326998054325
row_031060,0.7303214494145832
row_007757,0.5188660804191894
row_011544,0.3868169823180492
row_023943,0.38630503087355317
row_017634,0.38087473109413394
row_033384,0.2891459972605788
row_044431,0.6590759647859087
row_025683,0.3027953940681216
row_020235,0.7644393494741997
row_020212,0.06455711835225698
row_015555,0.2529432189631862
row_001570,0.6987520612619801
row_009574,0.2102252081612748
row_042719,0.4647164084630785
row_004628,0.7945242776247716
row_038809,0.5069407472455759
row_018021,0.41465048939987353
row_023518,0.12798407495286068
row_040553,0.4018102314244833
row_032901,0.5079429659667477
row_035116,0.7222937303027652
row_031627,0.5214143467236614
row_005269,0.5596050923497775
row_001834,0.45063865371234485
row_006831,0.2900210923095634
row_030518,0.7399405754541852
row_000404,0.44133776914439693
row_039861,0.8315852779306184
row_025825,0.6508091907975855
row_014422,0.6852033616377533
row_042062,0.2127614059088427
row_000309,0.21006597852999528
row_038601,0.0040473295540464855
row_040623,0.36582864859103315
row_026225,0.3445617708115232
row_048450,0.6568795218462659
row_049815,0.6270465474423828
row_045263,0.597535415260848
row_035806,0.6340999237039784
row_024585,0.36362931736802606
row_010934,0.777551493991739
row_043580,0.6256153389027007
row_025514,0.34812522715847394
row_023580,0.5698380118883376
row_038957,0.33209950944285604
row_005800,0.6055242304478097
row_044590,0.42008831187097
row_011466,0.3501043533402393
row_006876,0.46480948334440364
row_015781,0.5000971988177844
row_036256,0.722365214886989
row_028839,0.48790763208723725
row_019019,0.2162175881113739
row_049909,0.2117350043238121
row_046100,0.5596352170174479
row_037080,0.5361723596113039
row_041723,0.3441865840411641
row_004271,0.8185385721702745
row_008192,0.7317797274157595
row_004241,0.30152578841780553
row_019772,0.9787930939103462
row_001116,0.4419795822466465
row_041749,0.40659062670562296
row_042440,0.6332171585146283
row_033978,0.44872563181622815
row_040840,0.28298035452048015
row_029564,0.10723773886778407
row_022973,0.2167721002371021
row_006844,0.6093367201925423
row_037380,0.12140623507175574
row_027138,0.6375758511592349
row_004620,0.5969459873155571
row_001754,0.24512887342857279
row_041495,0.1933784661013256
row_040210,0.308540985781891
row_014188,0.6250495207467565
row_030394,0.8885217747669021
row_045811,0.6157588903344057
row_038942,0.09873597693453326
row_016384,0.43452529442631604
row_049713,0.49245237148863713
row_005480,0.21915545699529088
row_040162,0.7829850352796285
row_026743,0.3526690207964256
row_011436,0.5702582360344163
row_044272,0.28681176234049044
row_039079,0.5252144883439599
row_032710,0.9761441445806015
row_039155,0.7802318514875056
row_011142,0.24941353337446906
row_018493,0.22286625155328155
row_015996,0.8855455833055864
row_022618,0.29528373783109524
row_038131,0.3059544667787588
row_040215,0.004213756062360384
row_042214,0.8611449349199493
row_031256,0.47183889873180357
row_043196,0.24341841451100962
row_027783,0.33614077597155606
row_023818,0.03350486725904834
row_021783,0.786679728676704
row_009734,0.729942864325228
row_020562,0.44027473020379143
row_043369,0.5084616354323981
row_024674,0.2541576290013571
row_000080,0.7448832642292138
row_040026,0.5809962976314408
row_032661,0.38106548294658016
row_046935,0.32473058914942604
row_021365,0.04055710860697486
row_006163,0.52350346958539
row_025774,0.20569861168390383
row_002743,0.13968458633333752
row_016500,0.2451302356884324
row_005119,0.37234290423317845
row_023958,0.8991505889631153
row_015824,0.4375822907260479
row_047104,0.21588611796729767
row_033119,0.5423740585560267
row_014177,0.1793622039184535
row_001536,0.4048658494997987
row_002394,0.4557623171055567
row_040594,0.49960467413976295
row_012957,0.43516656737201315
row_045584,0.5436880806221084
row_024126,0.12794250967786397
row_009292,0.430144189314442
row_014004,0.8390613837040524
row_032173,0.19245341042766298
row_020894,0.9753811352257148
row_005592,0.510224693736347
row_028623,0.3246838947517999
row_026208,0.1364794644282875
row_038996,0.42828486741056127
row_027873,0.2966248877708714
row_028312,0.6919981457042877
row_025920,0.637647771493269
row_016340,0.42266181394027763
row_035821,0.39778876593298357
row_049734,0.02985967471334724
row_013642,0.488074450502775
row_025976,0.6173702632659407
row_013106,0.8075512136101374
row_049347,0.25335314091685157
row_039817,0.2982032610714888
row_022775,0.34180093201004674
row_016313,0.4106171150218422
row_013287,0.44163118315251704
row_043286,0.2982298627982624
row_003268,0.07239251165523274
row_011759,0.07121714062904307
row_013157,0.12801000032172427
row_005567,0.22893807254642587
row_015272,0.4498419968451011
row_021984,0.2931721394298416
row_045534,0.7012536263211099
row_014799,0.7811116494166677
row_020315,0.08424207362851859
row_037384,0.41281959847412514
row_020169,0.41116167214651483
row_034958,0.23681446836295986
row_028116,0.7123095098134009
row_033404,0.2661593010253037
row_013539,0.3646927211238654
row_008421,0.3791639873166933
row_001920,0.3395252242956223
row_028476,0.3604880890441051
row_034012,0.4400210905090695
row_045031,0.8907214823812035
row_007733,0.3048641380598313
row_014641,0.2692184231001101
row_038077,0.5033871923052138
row_022884,0.7029022600579914
row_028930,0.14697029461530978
row_022850,0.2979942015164109
row_017810,0.5660445948994287
row_027295,0.4421779264070479
row_015528,0.25763773716848415
row_031746,0.9419088644776846
row_038620,0.9280133461383405
row_003405,0.47952413077492817
row_030261,0.7705505197003715
row_037839,0.13969978228870195
row_031816,0.7062391989089557
row_027724,0.33673481624220186
row_013681,0.3004750226714863
row_043293,0.7380134904857659
row_048413,0.36273836156186545
row_030755,0.1648099019646837
row_031626,0.12360963691748812
row_043856,0.26160948182895954
row_023498,0.3786436345354456
row_004446,0.5939903427437838
row_049944,0.01964466155998081
row_043713,0.3679240067078234
row_019288,0.3430752178478207
row_019978,0.5291068405801386
row_020351,0.635944623041824
row_027231,0.018827029792188168
row_007824,0.8322936830566778
row_046346,0.2998459787603375
row_029308,0.5071526455717912
row_003942,0.18308517169258334
row_000221,0.01806415242942836
row_009368,0.5631345396522984
row_015900,0.34146484945819033
row_019259,0.2977494503814828
row_007511,0.08097072456793529
row_039030,0.0426846774422417
row_048832,0.1740974714059267
row_003870,0.2533380527304057
row_030265,0.06796774963140079
row_046640,0.537160913927564
row_037247,0.1380422669305192
row_043832,0.5221262849556971
row_016209,0.3219504775561773
row_027920,0.3584672905996762
row_009172,0.4829563607673945
row_000999,0.8157989596916114
row_020708,0.13254469688316567
row_013206,0.4671786026847679
row_004992,0.44884585234119573
row_048238,0.5151489610646197
row_044377,0.5767475939022648
row_010827,0.21513803774604215
row_029125,0.2380822360881774
row_022699,0.5561048245996552
row_019209,0.43163217359664774
row_015690,0.22499663938527314
row_009033,0.38153797854298827
row_042788,0.03746343165886062
row_032350,0.3215948929795959
row_011586,0.8536673929949112
row_030093,0.4896415432921172
row_037333,0.20701549301116698
row_046129,0.9799410557434656
row_024841,0.5996714546872131
row_042079,0.29812145602214335
row_000893,0.41904865512547873
row_038195,0.0174577354328427
row_035472,0.4565273120733734
row_013368,0.5947880990484231
row_009750,0.7145671428213832
row_040633,0.4570139337530387
row_049573,0.3428505388774446
row_007262,0.1237867606848069
row_017539,0.1607017697381501
row_021557,0.6432353045796313
row_040646,0.23072412389877878
row_029799,0.3956619481108482
row_036389,0.6193337266330162
row_024627,0.4952157686051519
row_048623,0.6419882242804827
row_014030,0.9647416915559485
row_025235,0.18744178097337533
row_049135,0.5478767390433826
row_039040,0.5091205513272359
row_033524,0.21830145296251227
row_028809,0.5720788367110511
row_007608,0.4696335332904515
row_048445,0.9777716350583889
row_035627,0.4700994296986362
row_048539,0.6278300421687666
row_032976,0.02712585341639167
row_006349,0.057007332155256774
row_031398,0.4811565082389585
row_046115,0.1940119997795328
row_039512,0.4079270662815675
row_037238,0.6835363949409679
row_002755,0.5940308184484502
row_022888,0.5829476851540973
row_047640,0.5203210173837607
row_013837,0.5687722103038717
row_001554,0.2968213591263782
row_011652,0.09802969146430626
row_015441,0.1780978314309399
row_022418,0.0732301593032214
row_015452,0.5522871300693073
row_031858,0.35238045966009135
row_035180,0.5618710258580196
row_002950,0.5304723256815774
row_007143,0.501525876808706
row_042731,0.19151159900228668
row_008366,0.3682848487401047
row_026395,0.5907083448630541
row_024054,0.6002154012669589
row_001055,0.28712463215255296
row_024914,0.28314515128239454
row_002008,0.4894032754959991
row_021913,0.1310146366867553
row_018860,0.3388689207961929
row_008265,0.05340181069775892
row_016026,0.8233649439976054
row_021089,0.9981034048105205
row_040101,0.41434132510720106
row_029595,0.6709453351480028
row_026510,0.6053576640722692
row_039682,0.7863071536648114
row_049094,0.46846971144693894
row_008415,0.4466197230088673
row_011009,0.5920828921948216
row_031535,0.6076633232036659
row_011713,0.49117723416790615
row_016757,0.6592177795595159
row_042384,0.31369094835027894
row_037115,0.313413005194504
row_016797,0.5768632792760409
row_008677,0.3146204605107639
row_035829,0.05643769779813951
row_007713,0.623142220414851
row_023948,0.3665365396731619
row_045798,0.4079687353002691
row_019668,0.1354975123324592
row_044428,0.09817862001382502
row_031269,0.5978673536882473
row_032155,0.7709817000328231
row_008561,0.4629151927742941
row_021592,0.520586317410353
row_018714,0.005132376026341637
row_024677,0.09400738272513724
row_046277,0.5852691205819406
row_047052,0.1713624434609994
row_037770,0.12924200153370205
row_046655,0.34544645578793826
row_043224,0.3750378336739858
row_031614,0.03063631629930016
row_040938,0.1373244907112324
row_046547,0.3944590558293822
row_009038,0.10015291311940926
row_000339,0.4212672290013488
row_029788,0.2992130452429172
row_045942,0.17533565094481143
row_027346,0.3279233753573765
row_045983,0.5953500843251384
row_008687,0.251228783300894
row_037382,0.2640660444184343
row_037870,0.5215122574436186
row_039974,0.39138862534957203
row_014074,0.3003874602710496
row_015635,0.23968688570161925
row_023509,0.046736827198026444
row_034624,0.43074118579022097
row_034030,0.5165988834510499
row_048058,0.3364961246938675
row_038034,0.24946607738345364
row_023986,0.9667359924535426
row_003493,0.620198650489245
row_011785,0.13972394525133736
row_032698,0.4085387899540627
row_039101,0.3889077040368216
row_039153,0.7053621177132652
row_043786,0.4876195360211423
row_046528,0.2985351502682691
row_009769,0.2253220923736792
row_017781,0.21710019290011082
row_003425,0.2566903649805918
row_022288,0.36865941186154144
row_044566,0.49404852893796014
row_021730,0.0328876041722574
row_003152,0.6109811960556665
row_033064,0.73873860109402
row_019093,0.3222258315869977
row_007539,0.02991262798861812
row_002946,0.8450231447218137
row_029434,0.4934890420396842
row_048767,0.21995862438201352
row_009810,0.7823592290252617
row_018931,0.5805899148108563
row_042834,0.2902824528574593
row_035403,0.4514071545871289
row_048695,0.8398015913290638
row_019198,0.3305159336494314
row_035737,0.6093954623697605
row_022168,0.6891786288641929
row_040168,0.4354786706773298
row_034595,0.3989927627372776
row_000577,0.07827584718521875
row_023359,0.5793557612128546
row_017428,0.10677198154460449
row_011884,0.38048588895296387
row_005089,0.06040009074058399
row_041763,0.16104421022196766
row_008655,0.39676146810736806
row_014502,0.6618342088502865
row_022999,0.8462167133698731
row_047263,0.7999091400114704
row_021125,0.17992816982075718
row_000210,0.20334663215624882
row_048757,0.5497786530659104
row_040006,0.6976559474091013
row_030180,0.2941601511516938
row_014744,0.5154302463973683
row_010896,0.3979269611385663
row_011441,0.18460670227208031
row_018621,0.7870745786494457
row_028311,0.14673111713358036
row_041529,0.36200264235489243
row_042115,0.15283542597961386
row_029222,0.2814920854750421
row_008311,0.4352448721927855
row_026866,0.3665853070988635
row_048491,0.08489557929669543
row_027579,0.4951843071065656
row_022050,0.6060019013272793
row_001286,0.6512366969818375
row_011781,0.49846441167499506
row_036825,0.2154488425147986
row_033274,0.7644970539287095
row_039744,0.9805525275463008
row_007364,0.5910240764595992
row_010460,0.45940711364688525
row_030429,0.1527121873896158
row_003767,0.2530882270331372
row_010055,0.5547237004031584
row_033195,0.7572808761136962
row_034449,0.5204715532162282
row_000200,0.11789591076618161
row_046506,0.30058906095997784
row_017729,0.6213605605839527
row_030656,0.6135342003550975
row_039017,0.8028237929030454
row_040865,0.8828060036910693
row_025424,0.5403343071608205
row_012681,0.9049857537670517
row_003275,0.2853082122885615
row_049167,0.3002750833362592
row_033584,0.20297015538347654
row_021073,0.3601432647299125
row_042453,0.7615925985216545
row_008570,0.06797907435524948
row_001932,0.8273956143705627
row_043729,0.18117475227713065
row_019397,0.5094246356802025
row_033245,0.9667895446810478
row_048518,0.38982256921535857
row_000985,0.633553508791641
row_017081,0.41101004370473604
row_012427,0.9701570864895604
row_002478,0.6375536598282384
row_049575,0.12192812514741587
row_044836,0.14901358809613108
row_008619,0.2046753936014367
row_004127,0.14052853875796223
row_035654,0.18330632308167003
row_020498,0.2606239873043584
row_034757,0.7627588629230795
row_040808,0.28213683708643333
row_003622,0.34792690965717904
row_017738,0.46301052724381847
row_046471,0.5235520949106471
row_034770,0.44054710379398027
row_029757,0.21760733136074834
row_032255,0.4447016512083106
row_038265,0.3334543065779927
row_009844,0.682036817222039
row_020741,0.5032739109922372
row_049154,0.2935832241232476
row_018823,0.3333993610509546
row_029131,0.5446075449890753
row_031337,0.7323317467189492
row_047026,0.5100860253757274
row_020838,0.5922613639427
row_028538,0.1529380662859481
row_007991,0.518025338969511
row_020852,0.36362883126790435
row_048244,0.9980999437335963
row_007436,0.18718771590025865
row_048865,0.06692780453479465
row_016259,0.856341089523635
row_049453,0.6058477474790231
row_032080,0.7043085309641444
row_014678,0.47457394034842976
row_039287,0.599656693486452
row_009441,0.37390863992861767
row_023011,0.7835396615346591
row_013638,0.1425114270772919
row_043881,0.5526858965872866
row_010449,0.6482796230321881
row_033383,0.33349282154271054
row_016775,0.615098957283532
row_007046,0.3022243770744208
row_028168,0.6989505844611904
row_000810,0.8714893203750487
row_049465,0.346851659872045
row_011946,0.42438934368921705
row_040760,0.8034036078118291
row_042856,0.24147401282879205
row_012023,0.800015317046915
row_036402,0.8038778378462642
row_019973,0.07755565725733622
row_002836,0.34847187235470567
row_021659,0.15676422918522606
row_000482,0.10108872399190755
row_027496,0.38000450344875214
row_025099,0.40074405270545715
row_002762,0.25677425560794337
row_020871,0.4426066286577781
row_003254,0.26529711900806835
row_026236,0.372233698250106
row_039507,0.6036054038729068
row_048878,0.4811059964101374
row_020684,0.09074345043241903
row_014516,0.2293351265225605
row_002392,0.8422860643328282
row_045602,0.2987027856014768
row_041280,0.48002730217485345
row_025323,0.0943925010840111
row_041785,0.4714270589317756
row_011483,0.9081104384555856
row_031050,0.49771027936938295
row_031726,0.56243311592198
row_048730,0.36452379342389785
row_002358,0.3676767413000681
row_015442,0.3566540041278144
row_037855,0.2903398279918073
row_048522,0.9888332971598464
row_031542,0.31245260639250944
row_005719,0.565888071497841
row_004294,0.7799155620263538
row_022212,0.4873861349437131
row_041311,0.5427434137300202
row_016759,0.5278952185426378
row_049704,0.9640685740593159
row_023738,0.4727726062791546
row_014106,0.7657346475962912
row_019260,0.14904976415227927
row_035575,0.38784602523862155
row_037116,0.3081669119259212
row_003429,0.69654569488168
row_022492,0.3131241776255953
row_035519,0.2999348089475462
row_049136,0.6498450793087934
row_035055,0.18420722676033635
row_029426,0.5769767758694542
row_018816,0.47546930284533223
row_045691,0.2992186878995797
row_042361,0.44993820379068833
row_028125,0.027231322532373325
row_019168,0.7866314146930611
row_040299,0.04006483560524918
row_000703,0.4731108480494173
row_042057,0.5957248043066853
row_024373,0.9734333027628215
row_017439,0.3991381672288211
row_047714,0.24999582738448436
row_024266,0.30665532085973557
row_022771,0.5688321551330024
row_024523,0.18739954164081682
row_007071,0.35077156368789375
row_047436,0.3684297262070915
row_033824,0.5738860455036799
row_034763,0.43614647585841515
row_039686,0.4481555651015026
row_013645,0.7675399978381442
row_041806,0.4455803316166372
row_024517,0.5649434224814304
row_047304,0.4197584080707105
row_034830,0.498547618020812
row_043036,0.7327892206121738
row_040324,0.2557542794152402
row_020580,0.341904274460371
row_034996,0.32522830877320663
row_049560,0.11089582688280272
row_030505,0.14763674516435132
row_001903,0.27158570095878826
row_033234,0.6781660389429744
row_012991,0.2335985928650093
row_044415,0.5611309161512397
row_048367,0.041992360418039304
row_018677,0.6114457914865699
row_028237,0.3129417536680421
row_002689,0.27394230364193745
row_014712,0.6232975475582663
row_020586,0.6464836573503965
row_042948,0.7871215468501045
row_001166,0.4710155939947721
row_033685,0.6526842295022837
row_018299,0.3466237023080022
row_023549,0.7447000890150706
row_024285,0.5711004002330392
row_004048,0.2582552014473118
row_012556,0.003615929254511234
row_003363,0.426486540571133
row_032492,0.22109866273291237
row_039444,0.26334613192713446
row_034539,0.08928926305919786
row_021922,0.743021182189157
row_034082,0.06529144423761331
row_004531,0.5733341728541597
row_002507,0.4977512498022859
row_032273,0.2179322643636631
row_044620,0.0732014427325861
row_032516,0.7368264686499161
row_048236,0.983204103588815
row_044059,0.37285284058762674
row_007124,0.20389634087012903
row_023950,0.07947061366593137
row_039965,0.4899316491036999
row_003105,0.5573538701096344
row_038005,0.4338412883354632
row_041817,0.5092803310111658
row_035424,0.43717874877501
row_039227,0.844159235941219
row_036239,0.42535505524796796
row_021485,0.6291180496447639
row_038273,0.43501074512275634
row_049839,0.3372127833320443
row_035959,0.30275748966197163
row_038540,0.5018500868832996
row_034008,0.6762209284051466
row_006415,0.9532532331071205
row_030142,0.8012795995783671
row_023672,0.2559670145123104
row_004340,0.5930118959926718
row_003527,0.27888866174760196
row_037343,0.43878121519303337
row_036655,0.8906274783426471
row_035073,0.521241854465202
row_013097,0.15648928951937863
row_028010,0.3520276681164737
row_033056,0.7933094608673041
row_049566,0.023199861363251945
row_005708,0.22578366803230895
row_014498,0.512708346035587
row_025978,0.0725144341816188
row_041327,0.4014417493881982
row_000235,0.4990194249576182
row_040149,0.8778982078976343
row_023848,0.5190645605586469
row_031441,0.018300439929644568
row_020650,0.6130638832978039
row_002650,0.6848928440586395
row_011464,0.44975453434943313
row_031379,0.8887674541821314
row_034931,0.41949385817431145
row_036909,0.52550395704064
row_034407,0.6402485861229723
row_010468,0.6049309190842708
row_012501,0.32937149556921663
row_026994,0.3429773531400535
row_001505,0.3900383728989631
row_049589,0.36524831045338496
row_003569,0.5858053795140182
row_016310,0.4930887859911963
row_031570,0.6444562928620573
row_010362,0.252726135701947
row_029077,0.4829801728069235
row_016062,0.40522197980012375
row_022573,0.8547006912556041
row_036055,0.743473467986325
row_029299,0.9816559474007811
row_028602,0.4736660041238561
row_033768,0.2160539776483212
row_035174,0.21711217293335058
row_047790,0.06129334787820631
row_001301,0.2885622532913312
row_034368,0.24682235668452313
row_014432,0.7145392769767294
row_007818,0.35418557377271215
row_037361,0.2872529998079061
row_030310,0.3197358640376217
row_042727,0.9757297902994965
row_009116,0.4355408815073841
row_008905,0.1601369417517179
row_016187,0.29830410367566085
row_017730,0.840937142500426
row_020834,0.49638521986040945
row_018611,0.44675137731969783
row_021483,0.44425085922547564
row_033572,0.3424229696071972
row_021787,0.3307181328017056
row_043530,0.9997413782550763
row_019565,0.5779572466373442
row_033649,0.5446868246546289
row_035415,0.548665624682808
row_022925,0.3450867163728535
row_045636,0.6954948788836058
row_007781,0.18075669424460253
row_045769,0.5161981417317866
row_024947,0.16209068225330192
row_004657,0.20685425359665505
row_030887,0.2864500415716953
row_006011,0.39712079615104967
row_005894,0.30899148022189876
row_013944,0.48017723960284
row_024760,0.430483765876783
row_042842,0.4398225810350151
row_032289,0.575152753114414
row_004888,0.006011223694732728
row_004792,0.31940947391572766
row_032175,0.3347857608357284
row_045397,0.26629000956635634
row_033349,0.3772213346509183
row_020477,0.553507099431233
row_030044,0.15470472440770688
row_021604,0.12028115694976119
row_017331,0.58548762822045
row_049475,0.7865885670216344
row_023469,0.0673454034298801
row_034357,0.6658341131617129
row_003502,0.45126461368775894
row_023399,0.7163932540559833
row_039463,0.8973288792447939
row_034184,0.22430533794579768
row_020686,0.9965743547390518
row_005277,0.6459492655639789
row_049592,0.23088894445791674
row_041981,0.4693521428890315
row_015597,0.05690506588112306
row_017141,0.7775699627428495
row_023019,0.39368607971698955
row_036047,0.21690838069676124
row_044546,0.6881223048255001
row_036811,0.11511292662639015
row_035637,0.008384516717749467
row_006007,0.4987669504478513
row_038145,0.02517858597532717
row_003971,0.8281114205400036
row_008186,0.792541640880502
row_000903,0.5230413007777363
row_025465,0.6105000295314691
row_020989,0.11749373769217082
row_014277,0.4509810921597805
row_039055,0.31853839344645096
row_038707,0.5717978540057017
row_006825,0.12151670518470235
row_002549,0.1881045662725516
row_005593,0.7457024558780361
row_016625,0.48245623915022323
row_000488,0.44667381566845404
row_037977,0.7419652285938484
row_038408,0.4572374517533913
row_044776,0.45671339426660246
row_044561,0.14252533971560521
row_044974,0.5636117743243853
row_005006,0.3865452791973874
row_031587,0.37106403186603987
row_002884,0.24007449274269257
row_009190,0.7883969825627818
row_032697,0.12363430235006269
row_015210,0.5504199350342351
row_010875,0.45544039227195365
row_003956,0.7006141269288206
row_033498,0.14221647787335792
row_020401,0.6350702946526455
row_010554,0.47391189408769074
row_005859,0.4783284502046939
row_015011,0.7880317688580414
row_013988,0.5959140916446016
row_007703,0.7575511484406607
row_029593,0.33553026513349304
row_007397,0.1478701881510344
row_003736,0.5829305957898719
row_015767,0.296442871957153
row_015953,0.34564230847211314
row_025777,0.7168785031057805
row_037070,0.6706605131568724
row_039469,0.3300705551438974
row_036144,0.22457378921111407
row_002470,0.059243521839913875
row_031338,0.4897383958305259
row_010472,0.41701637161082583
row_025905,0.6290865361623184
row_000939,0.13277763271772
row_004597,0.46761068849251436
row_022941,0.45421397199769414
row_041032,0.3162426035275875
row_031487,0.685580549818101
row_014200,0.4955467947994268
row_013411,0.07138750602899609
row_041725,0.3201319664517459
row_015613,0.5745275794766158
row_048232,0.22523753732023602
row_047507,0.3404966296742403
row_049954,0.4029340176135709
row_009467,0.2674842189955285
row_026122,0.3831082468569487
row_030431,0.24082512250255425
row_037683,0.39355269960438666
row_027788,0.4920462025438701
row_010056,0.2917872720158249
row_033287,0.8553684612818521
row_046388,0.12371854597173274
row_037564,0.27174551228661215
row_037069,0.6815077937883327
row_038014,0.5420346680527587
row_040905,0.3793406482209999
row_027772,0.31552860569080915
row_025541,0.6066183510815752
row_026175,0.6752433734729706
row_000217,0.7146717033220443
row_013686,0.4536798081923108
row_034695,0.36963738057152445
row_044239,0.7427666113975876
row_022849,0.4865109589887363
row_003512,0.8889204867026059
row_012492,0.7355995290214884
row_014529,0.6423788481062032
row_040764,0.5321581272448391
row_044875,0.3824372148975845
row_026559,0.022445393026525776
row_005155,0.39839195581813736
row_046514,0.3987085306583841
row_042160,0.573145198963407
row_019622,0.9596007950052754
row_020311,0.12298241703947188
row_014967,0.9438812367401106
row_000253,0.6157741949681139
row_001807,0.5146121995717217
row_005318,0.49887899104867145
row_045466,0.29238697313445877
row_037607,0.8272804166632626
row_023470,0.5705906338542224
row_042133,0.5660984511176665
row_027087,0.6176865017252152
row_028351,0.4730613079626241
row_001078,0.5081828471247871
row_003526,0.19704955166160326
row_043653,0.3060921690586397
row_031153,0.6427487359816885
row_036769,0.32701411392266033
row_033046,0.5842352245396188
row_006090,0.5898929176646969
row_044131,0.24632383453421633
row_007889,0.3253098784154194
row_034042,0.420428035414109
row_029324,0.11775945980284909
row_032835,0.5198829913088552
row_020080,0.39347585748167124
row_017957,0.5141359343101136
row_045448,0.6403205506876041
row_042455,0.13146198645012933
row_012307,0.5778866836801686
row_025858,0.4744675558492275
row_013752,0.13637795998313645
row_047836,0.35906819252996
row_033928,0.7095623921477309
row_036275,0.3812428859793226
row_010752,0.2838430666280211
row_001492,0.41054020438121214
row_007565,0.29039660452730875
row_005755,0.28923712376825783
row_018513,0.6739000997263161
row_014258,0.5885726022942526
row_039102,0.33142645167035145
row_004024,0.5130813172535817
row_016270,0.8801553255409661
row_029611,0.025284505219938334
row_043226,0.8150455149712301
row_004780,0.10508829582151999
row_030227,0.7871453260102944
row_048849,0.12882916176056142
row_029780,0.5182099133839847
row_044777,0.06338229053644259
row_049275,0.8994798199909797
row_005504,0.4646055264361388
row_018132,0.6077896476511874
row_044751,0.3554881352933603
row_024407,0.012914216375765286
row_034495,0.23067758877255592
row_041727,0.43997409157001216
row_034348,0.3942927611188024
row_012925,0.6764743778219269
row_028429,0.35917818085044595
row_037184,0.09172947365439994
row_006718,0.16205665347734016
row_036685,0.26088024923712616
row_022351,0.1879524159562332
row_006524,0.3278500334370243
row_020545,0.8553304503953028
row_014032,0.4106539867682097
row_018032,0.13387659766550858
row_002312,0.4071902132087819
row_030231,0.2975021904542364
row_019779,0.36012957739126195
row_044135,0.40406617749019924
row_031332,0.6489899326767852
row_027975,0.6247885282871414
row_027917,0.7829496739045335
row_040910,0.04665010222840041
row_029170,0.6377251322642354
row_017520,0.31441568069167225
row_031264,0.9714815058117023
row_010128,0.5030681273562968
row_014710,0.6828912585785432
row_044516,0.3357340627477332
row_026046,0.5380761271851849
row_049380,0.7672048427174465
row_013443,0.52710235538857
row_032833,0.6551798794700122
row_040497,0.04708805090302527
row_019435,0.6721278105627809
row_029394,0.6915742972154648
row_007979,0.20170858233311106
row_029172,0.11173285059938293
row_014137,0.18322679824986574
row_038777,0.5371207230825057
row_030130,0.33886580571717984
row_020851,0.40444787296944473
row_029456,0.28016822022109683
row_031437,0.2939252013679116
row_003872,0.31374009353064153
row_016188,0.5080347569891986
row_035436,0.9965434422172004
row_009865,0.4544082156750916
row_005271,0.27595649406336276
row_046226,0.25428896145904584
row_042490,0.18969100831180283
row_040739,0.5631730389903487
row_009840,0.7574928706701723
row_041351,0.5511708316620115
row_032593,0.27412461642373326
row_040550,0.15898905543222092
row_025223,0.17691137068207435
row_037331,0.07705964713282785
row_012763,0.3656406341675786
row_041005,0.7969321170287109
row_019241,0.8710429324263803
row_011960,0.5617507151444893
row_004761,0.19894877377619904
row_002256,0.9976527379522685
row_026145,0.4397354392386874
row_003450,0.1675332846003804
row_003735,0.21156125431704254
row_025428,0.3185491826863848
row_045656,0.14639582137915236
row_030467,0.29033785029444004
row_010616,0.07091825152277716
row_013724,0.8779469806022258
row_046859,0.5895345640290007
row_038874,0.6479205968381592
row_015533,0.4072542298751006
row_044943,0.7928629880794662
row_021541,0.43412166567070387
row_018160,0.31588491244714983
row_000943,0.1888688239930801
row_010464,0.19801947336801148
row_005510,0.30170586138544897
row_020408,0.8708076511300114
row_037377,0.39657406145647234
row_043222,0.25992011703022266
row_027396,0.5309693447557082
row_002311,0.10099404292681353
row_030991,0.26483520721207104
row_003077,0.39180971572512274
row_045084,0.36515747009930805
row_043674,0.7882111960542941
row_006637,0.4120469437118523
row_000351,0.6216427477427635
row_020743,0.15506349230916885
row_002398,0.4481542784816084
row_025032,0.755399209029485
row_027878,0.5067510944884518
row_025192,0.6186876010767415
row_023545,0.6704635663597334
row_034860,0.4034240609630114
row_030496,0.2718415591095915
row_020701,0.5795698034220644
row_014944,0.19072829436950414
row_027385,0.3670805301864243
row_024702,0.46226965979464074
row_038519,0.19931347730873467
row_006996,0.8836107180633344
row_040199,0.26543602227503066
row_031751,0.3946859441323651
row_018614,0.07438132337045762
row_035901,0.45950653097881716
row_011341,0.512235318176345
row_017092,0.463288427864753
row_041402,0.3614712276834685
row_046215,0.11315174517612674
row_009630,0.3741240585907656
row_045410,0.05780727726519665
row_047025,0.21384076973706675
row_040209,0.42982943611404884
row_024371,0.6064059391486601
row_024978,0.49594076293021466
row_031188,0.5552776943862097
row_040441,0.9664330417650546
row_015509,0.6055128451499339
row_002759,0.5350742208257937
row_002120,0.1694243750882134
row_038060,0.06754858588557726
row_003933,0.5133585990343639
row_003972,0.2256734819194684
row_046047,0.18460521170454955
row_049666,0.661092327547508
row_010703,0.3275048758571467
row_026455,0.46936394056352393
row_018784,0.27197140981430434
row_033796,0.4039955910005132
row_040776,0.4775902352330613
row_025557,0.5426059350690573
row_007779,0.2211361508355533
row_044781,0.03715216729207268
row_014573,0.3127176244423259
row_018894,0.45376700583964075
row_007771,0.3622012382733473
row_019820,0.40128395664461186
row_022668,0.4801506432134843
row_027088,0.6307508510583918
row_049101,0.5449611448517593
row_047152,0.7490193555484242
row_037472,0.05348645709202917
row_036630,0.34517644440524736
row_031812,0.32170654611565946
row_004855,0.3215316378922293
row_032555,0.18558188071947973
row_037181,0.059909679145369106
row_024454,0.5153059167494191
row_008642,0.4739195448858441
row_039826,0.6696056740852103
row_013229,0.482935707660852
row_027861,0.8325024053316181
row_049155,0.859043511518814
row_049330,0.5958805102017324
row_020508,0.25161687809466254
row_045372,0.12617615981326488
row_047857,0.2716671567675133
row_041354,0.10968310279531861
row_043550,0.4705453420199179
row_029484,0.6701872955293469
row_049336,0.6934423306395062
row_012043,0.17940990599439532
row_006250,0.03680590737283967
row_040656,0.29080789849978317
row_004557,0.5638800288531916
row_008326,0.053990090649318125
row_003592,0.7611022814775042
row_036090,0.16860534606276545
row_010740,0.28180578838625836
row_030445,0.9068862711696981
row_023192,0.986195127948651
row_016302,0.7515896928623234
row_041801,0.49645355060164015
row_012628,0.7310741892669437
row_031536,0.14418986600845082
row_048579,0.5479975576729538
row_026829,0.4783763798681361
row_039110,0.5979535745313433
row_015434,0.4365918526133294
row_043861,0.018165860193310006
row_007817,0.3562023785584658
row_038072,0.5794931546232794
row_039164,0.324790482788298
row_006094,0.5334825004756931
row_027065,0.5938536328052675
row_001855,0.1667054492373032
row_023871,0.5416006295612353
row_018968,0.49851859559028017
row_025211,0.051172821985129874
row_001139,0.13712371324264933
row_041466,0.5426892940682773
row_005338,0.13604658071245962
row_040692,0.5229035481868766
row_017783,0.12801471932290165
row_041694,0.08272156391219594
row_009913,0.3990798000585735
row_026515,0.039956667485266724
row_004707,0.6016155504099205
row_011776,0.1781879826893542
row_017042,0.40871736141159665
row_012634,0.17793939358921032
row_017568,0.02449999149618571
row_037111,0.6955201891194951
row_039895,0.6074719933765711
row_035704,0.19484512903285114
row_015031,0.5183725875038843
row_000367,0.2113940250406851
row_044167,0.5700730473425139
row_000067,0.1711953473489094
row_000776,0.12167692485999416
row_030490,0.5478382604749565
row_006691,0.158685992555784
row_010424,0.8126064147127092
row_011921,0.2768425500912326
row_002260,0.685715490409324
row_045874,0.6098905826578231
row_011139,0.7886066749109666
row_045734,0.49517939206104905
row_001066,0.7238145537910335
row_021695,0.2266475783679295
row_020765,0.6115540449080213
row_024660,0.45420556309270516
row_015396,0.27338826220121076
row_007155,0.5304722253378398
row_013805,0.4831841619475507
row_005175,0.106839226684956
row_027611,0.7546356377627488
row_019018,0.4871882731679901
row_035084,0.6318395423507859
row_038931,0.7121361709515242
row_030671,0.5693524044091943
row_010042,0.37465548019488965
row_038598,0.44998986465878227
row_044959,0.6603552483499261
row_020183,0.07926838869513117
row_026589,0.5198710365386673
row_049937,0.0768385667858507
row_005535,0.33473909123988554
row_043841,0.6089805224381157
row_036262,0.2697297280171279
row_009418,0.7725644076891593
row_000645,0.7289554921293504
row_024152,0.13774904409246191
row_009995,0.02571743249473465
row_026796,0.38083922333183623
row_032274,0.4488444803523321
row_011033,0.3274604655262478
row_026313,0.8907392180539875
row_046776,0.39005779421694664
row_044565,0.759375620241712
row_025911,0.007978901637995977
row_049482,0.4290181257037917
row_031177,0.4958364593298653
row_014819,0.30850287735493204
row_035392,0.4432685411674569
row_039474,0.6005707637564662
row_045093,0.1573645094385258
row_043854,0.4812214846085806
row_025418,0.0290253420927757
row_039703,0.39977030368440675
row_042463,0.023645096638761277
row_036628,0.000908957979547846
row_024428,0.001481694414204302
row_041034,0.48966833353026373
row_036016,0.3236008975554749
row_000702,0.06727781556337557
row_039737,0.49158307310527566
row_043824,0.36802943427451223
row_014789,0.6220835489802434
row_024870,0.4692660780486415
row_036515,0.30432100273795487
row_005010,0.8706417638918322
row_041846,0.49419099507219444
row_016387,0.315897619024384
row_021297,0.4727688707809073
row_020444,0.73679216570068
row_036117,0.03157676874687627
row_039380,0.6939459871543014
row_025158,0.5172223835519283
row_012140,0.402219267243529
row_031758,0.18388027104514443
row_001550,0.09545717936012463
row_045698,0.5154590529123456
row_001857,0.632618471014328
row_047221,0.608209319892131
row_026063,0.20728857126429887
row_011531,0.5446929874691124
row_041946,0.9992952768405011
row_023125,0.4494376544920645
row_048800,0.48596498437070423
row_001551,0.8343293856691761
row_003744,0.20383173259888326
row_007603,0.1308248136492204
row_041083,0.7022134983228175
row_001681,0.5245871156505599
row_012754,0.5705529570804256
row_003205,0.25200633704371317
row_046393,0.22908631808543356
row_005451,0.3824166086015769
row_014760,0.7675868783814098
row_039052,0.9384074307065522
row_018591,0.9024434113739185
row_043883,0.3326501703874478
row_015282,0.4064866852671093
row_003177,0.5600975776265977
row_006779,0.5802313358168593
row_045221,0.37905868379584046
row_038278,0.6519057728712665
row_042056,0.3780633441446531
row_044806,0.7225842576241417
row_034372,0.5791816662481853
row_013004,0.5209604104043329
row_002324,0.1397281187168377
row_041652,0.4284004721707804
row_006483,0.34375962563428636
row_035648,0.6915208797931283
row_039660,0.36418288023699724
row_017213,0.6107400990185823
row_030288,0.21951514374554376
row_010010,0.6871440704996973
row_022995,0.6680607912800754
row_003532,0.10563222642740235
row_024508,0.8327777190625005
row_009887,0.664356123062954
row_004898,0.14168247387565594
row_042174,0.3494330157596213
row_048609,0.3168029551934416
row_037291,0.4496718965288123
row_019251,0.9179410178078915
row_038155,0.12448114047484939
row_029745,0.4969761231901409
row_038652,0.16627527528135025
row_000355,0.4146704829619484
row_001080,0.5664565796762503
row_014014,0.04039036056520806
row_031271,0.28711188039471863
row_041047,0.6276478025327249
row_003846,0.27885761423428274
row_028205,0.6605663185551817
row_010930,0.4276460280034001
row_035200,0.17495976485173478
row_040667,0.45440037113564524
row_021561,0.35448260261697
row_042555,0.5731135256950877
row_025954,0.21962085166974463
row_003923,0.5559137559331853
row_015291,0.3914757687548373
row_037166,0.5455356199983729
row_005792,0.5119765242053648
row_036460,0.3679911321478897
row_010588,0.3858850859332831
row_008345,0.2652029976713053
row_003225,0.17006614542342488
row_032761,0.822103364344095
row_002515,0.27850052353595406
row_024409,0.49136188866135044
row_033238,0.10126112814755103
row_035965,0.3171437958178198
row_043387,0.40671160304919407
row_017389,0.5463387072903163
row_039228,0.2502845274644179
row_006604,0.4934340450685004
row_009752,0.4621982662310445
row_029433,0.6383671442351482
row_003806,0.4826272742092233
row_036662,0.5495344837733169
row_035480,0.759822678321878
row_035625,0.3963377728650375
row_015002,0.3688464942524363
row_008133,0.26721752859791514
row_035872,0.40157271516854753
row_020363,0.03738736124807583
row_048723,0.6009904867008066
row_004906,0.7656360816196743
row_004658,0.10327097574721256
row_039334,0.22907605351194193
row_004772,0.06148145109926923
row_003094,0.2382946943611351
row_021208,0.20228495944276526
row_030874,0.692769164478495
row_010719,0.5984034733502807
row_018948,0.27060875788082367
row_039213,0.19971032396561178
row_018855,0.515652237383078
row_010738,0.2882899567684219
row_012297,0.4035977435120304
row_008050,0.472130762862438
row_045476,0.33824157567369456
row_014934,0.0602750351992001
row_041281,0.21950803099282706
row_005300,0.5329427445705355
row_010881,0.4568027268094931
row_004499,0.8060044720331744
row_005992,0.46888926989251994
row_047224,0.6931830718174664
row_022108,0.4877092076132457
row_039490,0.4313446462458897
row_033755,0.2224969091376116
row_034101,0.6759385067333364
row_024821,0.5704065696903161
row_035320,0.18801977817333185
row_041614,0.23353290841636593
row_044336,0.3011936813551339
row_009819,0.17186657384424497
row_017982,0.3036548772987415
row_039513,0.17095096200414683
row_043721,0.18134355288299667
row_043255,0.12192179041633686
row_034683,0.14955823357282344
row_014890,0.2795909330918972
row_009731,0.40334652869955595
row_022858,0.36259626921824945
row_040527,0.5752554241065574
row_023179,0.08674582139127468
row_040345,0.22925594512895892
row_025698,0.48945252604457196
row_042397,0.0741283512291465
row_016593,0.015906946172723098
row_028697,0.37525643986663226
row_039139,0.09592944567165862
row_018169,0.4586919024046543
row_014386,0.5925047641353797
row_037843,0.8008631702249339
row_005694,0.06634986346375268
row_033107,0.2681075473221665
row_042474,0.6118018374129253
row_012246,0.706735861614093
row_001010,0.2480914342703046
row_011312,0.2507652583173635
row_006379,0.3103941598131539
row_022881,0.4875849166077864
row_030781,0.8426642132736903
row_025897,0.6693022674640341
row_049577,0.30010574257793493
row_008913,0.28817028690226176
row_046591,0.4639308470382542
row_039396,0.3183418571918824
row_031167,0.6633817872477534
row_022137,0.7060474906006033
row_007492,0.5867468993838001
row_009725,0.1724802681569837
row_023741,0.4529659452991807
row_005359,0.644570363964086
row_037632,0.8349293142663582
row_009101,0.27568169513731294
row_041190,0.6094169262150356
row_032882,0.3476288768500706
row_025967,0.21997808843539335
row_004165,0.6457354730102066
row_000301,0.5142350958130275
row_019348,0.42255405113571837
row_045965,0.26570104266302186
row_046577,0.30190599856815614
row_010244,0.2978685747039348
row_048199,0.45096521063955897
row_022437,0.7305720389474988
row_012229,0.9861137210196801
row_025149,0.3845336075299293
row_015857,0.7531473312200994
row_035574,0.35852177241704325
row_037598,0.45141939928598823
row_034205,0.6702408024172318
row_002066,0.4555530147873919
row_027675,0.015535751776878536
row_014825,0.3777587175477864
row_016516,0.30771353950537933
row_020385,0.5874670138054863
row_021414,0.727659175307962
row_000096,0.1799035574031318
row_018575,0.5427105976279781
row_045002,0.10819162525173943
row_000960,0.6912635440656579
row_022292,0.3312923304001664
row_007204,0.23333026783417524
row_022238,0.58733878114007
row_043128,0.348192844700031
row_002259,0.9939551807801602
row_036479,0.9748637100527703
row_041841,0.48587626222038166
row_002279,0.29346466200691534
row_018489,0.4530314294658114
row_015864,0.5163019599496287
row_025051,0.17979163576135204
row_012163,0.14517171269862386
row_006792,0.3962841626595644
row_003814,0.5748456903816819
row_046383,0.4715643014782697
row_044651,0.36321350230890076
row_038588,0.42467935603229356
row_040838,0.6647086994125301
row_049847,0.12412520676557243
row_040106,0.012267183193613543
row_030489,0.2504972181243669
row_037556,0.6443167369014096
row_039814,0.7391603287128035
row_008807,0.507885233795937
row_026324,0.43366661202294504
row_007112,0.319814970216002
row_043733,0.041462418568168194
row_007493,0.4924278669999779
row_042867,0.6415670086994808
row_048381,0.28659918144288116
row_022119,0.7275382713049663
row_021649,0.6478657533068718
row_039555,0.5682405384614139
row_024497,0.04937020573121611
row_002616,0.49536188660986935
row_042543,0.5132197405725276
row_021887,0.9588073845648988
row_016257,0.4406783218239397
row_026381,0.4624888142725377
row_002907,0.8685548436514549
row_043073,0.17970355392186366
row_036785,0.4515342447319893
row_017292,0.36818558844942856
row_038675,0.6491513416882628
row_021381,0.7656251706986515
row_025290,0.76241499618265
row_032768,0.00035898610561361724
row_024619,0.5212220021938959
row_011572,0.321845389739292
row_027501,0.532768610004623
row_035211,0.21895745943277545
row_023040,0.2033743825574873
row_043356,0.02401312017971192
row_045047,0.3515928977903702
row_001309,0.1341408860734616
row_049849,0.9935117973994798
row_012333,0.7560274760602063
row_010790,0.5843755176088606
row_035477,0.36192473261258024
row_049018,0.10107230993928148
row_047343,0.29643730983523014
row_017361,0.8433714842265776
row_001508,0.4907403844274577
row_002410,0.5702581259965033
row_032871,0.0582148934548791
row_046824,0.22785806785702264
row_047269,0.4333913899003176
row_030147,0.6701733505196371
row_033448,0.3097236967784162
row_044748,0.27318957902791985
row_034212,0.8520575720355412
row_032111,0.2174610460368143
row_003129,0.595478327226157
row_017040,0.5709257084339698
row_023141,0.6466436111872617
row_027645,0.31363032865506796
row_015770,0.06737644433202288
row_016422,0.5360333662334179
row_001004,0.45726319515520314
row_011594,0.015902211056393997
row_048189,0.471575385246461
row_048545,0.7510833263560088
row_000487,0.14336967472811815
row_003374,0.4326508719030999
row_039602,0.13949193774559007
row_036122,0.3874364310155623
row_049144,0.4053532139234375
row_016212,0.406030330062034
row_000214,0.3869229606308139
row_001643,0.5540250363975135
row_035206,0.12230673216564922
row_016291,0.5603432468458284
row_010178,0.5923008720270801
row_024967,0.5069391243769934
row_025739,0.6865871693399793
row_008470,0.32669444689336724
row_010289,0.5130164047453456
row_024772,0.8291101501159098
row_044592,0.6596818275056521
row_007233,0.4565769121382676
row_018879,0.12273797744603213
row_001590,0.07654720067671959
row_020648,0.39973216523771843
row_016929,0.5202336753664037
row_015099,0.043547141446465064
row_044899,0.6655566581214838
row_040150,0.6152463558518716
row_038213,0.5329104059767052
row_046023,0.31012375729585123
row_022601,0.7002886488140044
row_027466,0.4850574518947083
row_003071,0.20569808687190655
row_019311,0.8193870721649891
row_028941,0.02807452665343249
row_000397,0.32252628187549115
row_022102,0.44484098716504833
row_036164,0.7998216431675912
row_009466,0.3655404279435322
row_035307,0.08736583471668577
row_012272,0.41767440548080637
row_017915,0.37873417262870807
row_039423,0.3602498038562667
row_045516,0.6710090885758446
row_048981,0.6979793339506225
row_035908,0.9495834409252465
row_019173,0.11791225529899622
row_047528,0.23051801389935492
row_009618,0.18023096297241645
row_003720,0.42942875802710745
row_017912,0.30935089465207377
row_029956,0.013605695922799733
row_034640,0.628097358254614
row_035505,0.50712538060194
row_029068,0.6498933190007427
row_000433,0.7534142423063035
row_028653,0.5749644779625518
row_013543,0.7690688669755682
row_000001,0.40124903888069874
row_022875,0.1607339752181102
row_009768,0.4018722943186539
row_013576,0.6424472029209024
row_045239,0.25911640029738636
row_034966,0.010589203883898113
row_008257,0.9572583981128915
row_032525,0.7934452677176939
row_034509,0.6938754252730269
row_023417,0.19455257272578422
row_022310,0.33719669709234534
row_027285,0.5146167495831591
row_030884,0.6779925781217992
row_047768,0.5330841776825204
row_016413,0.19658098482421094
row_049337,0.7255850401903973
row_031014,0.3882259320862874
row_014418,0.36606940803654225
row_016643,0.6356557314228178
row_008049,0.5905466069439879
row_018718,0.14204934513334125
row_042910,0.09124746464664497
row_016874,0.29674571685144885
row_018176,0.737226646372336
row_011412,0.38669281764186747
row_017020,0.5842036680055366
row_032209,0.7694909435275599
row_040600,0.45772926890272747
row_000509,0.4522845523635607
row_004180,0.5635372023576701
row_034272,0.6603603427274947
row_006612,0.5785244933864182
row_007518,0.3865141241106498
row_014612,0.28684530452092255
row_033603,0.4315796680498931
row_027184,0.9406916342967627
row_037643,0.46255284825110005
row_013759,0.3642175857755056
row_048223,0.5802272734042864
row_009818,0.41052399048450267
row_033333,0.8685629468141285
row_011154,0.2794419544245619
row_008661,0.37154894951850326
row_042755,0.1994507196561122
row_027593,0.37795563606551436
row_016748,0.7926325220429447
row_019818,0.7990440201926797
row_028657,0.038372260862676956
row_008575,0.18746614674981726
row_010665,0.688477180947054
row_015814,0.38612307859644857
row_047629,0.7746367689311352
row_040616,0.5058169782519919
row_048057,0.6252963989709879
row_002202,0.3062068172452624
row_031959,0.847137231764294
row_006370,0.582848053985849
row_029847,0.3437414520585703
row_013612,0.23052908182469617
row_034370,0.5308250057167793
row_022422,0.33416136763804594
row_045135,0.722368536940973
row_000041,0.3450136894364616
row_039580,0.8113666278415897
row_019718,0.1392439901123492
row_006401,0.5679135117797782
row_042835,0.25411357751585734
row_046908,0.6858593750133068
row_036170,0.8264074314791274
row_049127,0.711181269174516
row_023981,0.20663200919471594
row_042959,0.37609599298406726
row_023797,0.5365485631716901
row_016571,0.35477710648451877
row_029892,0.21343705856251902
row_001484,0.3207047179278897
row_043688,0.21505927896957994
row_042353,0.21720282427937904
row_031287,0.5410654892586836
row_027732,0.8764686136519642
row_018865,0.16599324527956485
row_047366,0.30339756375643867
row_033320,0.5747909636272396
row_033725,0.04391581925208314
row_007499,0.7776461316477847
row_044608,0.16031354451209673
row_019415,0.9370439941860551
row_045924,0.2751690870209018
row_020418,0.2788851669326595
row_018821,0.35245518450501573
row_010378,0.7460557324261926
row_019041,0.43797307619178566
row_028660,0.4643657619462253
row_044870,0.32401679970282454
row_010951,0.47266065942354757
row_010129,0.3521869420129009
row_005490,0.5192100038262646
row_010917,0.18111836860991645
row_039267,0.742205715250233
row_029376,0.06426824830188212
row_022446,0.6018123770346211
row_020289,0.1263376058880703
row_036622,0.6254497492326109
row_043545,0.7144697515561612
row_022651,0.2124374202368074
row_035565,0.3250386057981591
row_032690,0.8502184030589708
row_039071,0.5571017020295165
row_030717,0.3652456876661701
row_027555,0.3164810380413628
row_036313,0.5541389320210852
row_039488,0.43370886675705683
row_021982,0.6504905479879248
row_027839,0.19562457787885998
row_030815,0.5881988855897198
row_025441,0.37051687662364846
row_011656,0.10096043968400042
row_044457,0.12614203640778615
row_006206,0.21311788246422922
row_049246,0.6462155510677033
row_037930,0.24993413758846342
row_035083,0.5962995550453748
row_034704,0.23368886119113302
row_027918,0.6710046085670619
row_037334,0.3073818585540935
row_036524,0.14288928366185594
row_023124,0.447210280664623
row_043365,0.21140003023105008
row_032814,0.5148736457620318
row_022298,0.35838848636670756
row_027762,0.638257636361255
row_038837,0.34915706128567486
row_015382,0.36576943343599144
row_046980,0.16987005259881022
row_040956,0.03889231684957181
row_044180,0.5042038312394621
row_024567,0.43213177294290445
row_047888,0.5944165249312011
row_046802,0.4170386741820106
row_023998,0.6467591415274793
row_032560,0.09952315560273281
row_045091,0.4675073539718804
row_037366,0.14774796796414114
row_042787,0.9104819208682944
row_000832,0.6978642829222433
row_033994,0.6422088384360465
row_003463,0.9921793653461437
row_021602,0.3023877922585197
row_038524,0.4020133440971676
row_018615,0.5671841863930516
row_016226,0.13284618608187687
row_019298,0.16899734600347613
row_001387,0.5139784965648592
row_028269,0.7122400164756121
row_031802,0.024356728760513202
row_046770,0.3741924961595622
row_014630,0.49062615213489197
row_042773,0.47454324268452786
row_047005,0.5231298999305622
row_034549,0.950810916953998
row_008163,0.06989996585040538
row_004406,0.02775421029535342
row_019719,0.5436432935658111
row_014882,0.8579511803781346
row_046850,0.3521316460640321
row_049082,0.33548143859060503
row_044810,0.2202686166069289
row_039230,0.6336898758223167
row_019733,0.07210969789564524
row_016027,0.07915228045532041
row_041937,0.3174693298621449
row_045903,0.3601458884152557
row_047124,0.061873178134892404
row_043013,0.11007052277556666
row_030691,0.721648314248911
row_042754,0.5010961330262536
row_031243,0.48171461111166947
row_016679,0.12990413133053189
row_010108,0.15545561198498598
row_000511,0.32294995535832055
row_022562,0.5710511482704335
row_030689,0.4958448935969691
row_028907,0.5166852030150377
row_000401,0.12861065087753487
row_005513,0.7847848912346618
row_033805,0.6491958294277086
row_004545,0.41184438355133224
row_020148,0.3595476422078289
row_038456,0.9120864722166453
row_004867,0.8813273392887716
row_001251,0.16757826484340563
row_049198,0.4795260456599403
row_011745,0.39154789434093884
row_008072,0.6216568922582217
row_017864,0.23326794198331646
row_025448,0.5962267494836114
row_019608,0.014419678070679337
row_043548,0.6423156164710774
row_035147,0.6025277344874959
row_005729,0.47120439102926565
row_017472,0.8525823303654281
row_034273,0.5096120692921565
row_036305,0.5553813555654233
row_009877,0.3463782592778923
row_042028,0.48430683460382223
row_037066,0.797196625292384
row_011576,0.6289988020514503
row_033890,0.5847298049416538
row_015877,0.34399885103944317
row_047637,0.23325068047336006
row_018663,0.6056216013133786
row_006458,0.03199944982916422
row_041677,0.3658150760739954
row_044711,0.7683676947765616
row_012582,0.6011451613574269
row_036914,0.5162981593232052
row_020244,0.4380704214957552
row_031295,0.5542035261767663
row_043894,0.6325028269254255
row_048479,0.0167176700384527
row_045183,0.18559250612085146
row_044674,0.5620453519656923
row_003307,0.4421050328851214
row_013544,0.45117403068172424
row_044311,0.9095857896181174
row_047408,0.45995146604622006
row_021844,0.37433448963966487
row_032013,0.6071616000263387
row_013825,0.8434229304038897
row_043209,0.5669581110288519
row_039367,0.7388335327371238
row_013515,0.3379795014909047
row_027008,0.13516876723880672
row_047014,0.6535570291861905
row_047217,0.5765294706551641
row_040932,0.5744306717981911
row_032574,0.5377531126187701
row_010408,0.23348157883872078
row_034279,0.3914475819033926
row_015774,0.5763506305719822
row_035201,0.159011345013673
row_036252,0.7993293890330045
row_003297,0.09519924047937242
row_006152,0.4252574752218384
row_043691,0.05761179963484777
row_000025,0.526704366276962
row_030046,0.3200732090279448
row_032636,0.7265638207553822
row_016959,0.5013357383788479
row_028832,0.34794615933979006
row_014389,0.5729971413233206
row_032855,0.3290196090602126
row_043011,0.5139755165468736
row_021779,0.28135735517205956
row_033415,0.4891888269079952
row_029626,0.6611546384921809
row_044136,0.5029178603679004
row_031579,0.02215006982456651
row_032981,0.16411799186528928
row_026746,0.598509011351891
row_048495,0.8006499175368493
row_015609,0.11895006526978975
row_029964,0.49907231132338203
row_000480,0.43897317505161576
row_048192,0.23858578001501762
row_015366,0.5491056617683796
row_004186,0.14228997822328243
row_001156,0.3043366138378649
row_009349,0.15831281644474265
row_037921,0.08995608945873707
row_025126,0.6652640966573292
row_043539,0.8133422245825137
row_000662,0.49395390511925286
row_017534,0.7433977025219415
row_044513,0.999015196372095
row_040249,0.5719879412219945
row_032532,0.1443126314445669
row_041045,0.21826355367637776
row_021454,0.6129084946597858
row_031790,0.6775543512728788
row_036951,0.558493480976923
row_013468,0.3475200289362216
row_020560,0.23514548093037868
row_046666,0.7752207786001688
row_034777,0.34027563989792503
row_037411,0.07881360307666503
row_044895,0.47173823156585803
row_047574,0.19908377380604692
row_014120,0.34810456009892293
row_040851,0.27039111060764554
row_035277,0.7624120689903873
row_013279,0.42820382861511447
row_015035,0.21633248582691253
row_002061,0.376715954415884
row_005683,0.9256803232691064
row_025933,0.3914106529809533
row_031174,0.46359405840107715
row_014916,0.7092553534079513
row_039565,0.5230901697513504
row_018973,0.11429372285412077
row_001027,0.43245483064740076
row_027563,0.15595625118672501
row_033079,0.884819643878981
row_024337,0.7633567560066032
row_015178,0.2571424662521473
row_033460,0.14601914396183066
row_020455,0.2725917258488944
row_007145,0.6011040973610015
row_040151,0.005238961066090353
row_012825,0.448523247877239
row_037630,0.45831827582689877
row_044936,0.12005390370498782
row_007828,0.13086600939066384
row_030786,0.5364286992321127
row_011862,0.22735530361654985
row_010074,0.37062350102377667
row_033173,0.94589280275186
row_013173,0.7589739231007265
row_023976,0.1698068821474452
row_019297,0.39105682651823664
row_023665,0.2965072105685037
row_018751,0.23141900123163894
row_006728,0.780674086502613
row_018288,0.7547928594674306
row_003959,0.5587340716106101
row_011076,0.3012580766954355
row_022721,0.7765060338395084
row_037220,0.373064143592254
row_032156,0.23503321663332302
row_004443,0.6221770574905272
row_036176,0.9150518627483567
row_009095,0.6009903227079544
row_040004,0.23909413042210756
row_041782,0.6811157580016615
row_004572,0.6285091991075876
row_007758,0.6677759951185176
row_022607,0.9931660567372746
row_019693,0.6863735459086083
row_029452,0.7415295945985596
row_047092,0.7976174253865759
row_011672,0.2892677235970378
row_046508,0.2557272003005242
row_005103,0.3186145513020027
row_027431,0.0799590036131114
row_026157,0.3397267010619693
row_024134,0.5405494375140227
row_013026,0.11917531709167954
row_002626,0.0838448607307194
row_018602,0.1558240815056841
row_004417,0.5646712211869591
row_007709,0.66848685413597
row_027477,0.4964884043649333
row_037856,0.23556124029496467
row_007054,0.4475740000608257
row_022707,0.3180352676607791
row_040471,0.07447521303602087
row_018540,0.49950096408473316
row_006736,0.7163485290221214
row_004932,0.13270676861966266
row_026181,0.7477368107384998
row_000206,0.05300674986556027
row_024385,0.3605606215781521
row_049600,0.2467364880897226
row_028730,0.6446496237448358
row_010928,0.18661186016329112
row_010952,0.30066784889973386
row_049872,0.30443154321519433
row_031803,0.9926315529917965
row_027374,0.3515387086798269
row_026490,0.7678571677155365
row_016440,0.5703972312373908
row_024795,0.42431772329577294
row_015777,0.5529018250186472
row_034892,0.8889559383427639
row_049669,0.508579570359392
row_041128,0.6740708374818042
row_021734,0.38154622162081236
row_027033,0.4315978710992836
row_039816,0.5661860120371124
row_006455,0.49649077800758573
row_037030,0.689524573955744
row_037431,0.30320907801312047
row_037789,0.5709407529519431
row_046893,0.5180973248394484
row_028667,0.5320426794231023
row_002716,0.685449917176204
row_013845,0.22367213051341733
row_022208,0.7334094544433153
row_028626,0.4450743262891329
row_017363,0.3473124651514761
row_024268,0.14527636705732705
row_020875,0.22698989422337992
row_009458,0.3422905781083944
row_042432,0.6207333107886991
row_030148,0.27158195892477716
row_014348,0.618303487342799
row_029822,0.529167388540018
row_021446,0.30410034641583217
row_030645,0.014964727680376485
row_034136,0.9941234685207062
row_007807,0.30227379969555584
row_034545,0.3315265782639828
row_045663,0.31146262780502787
row_030769,0.5184472707962663
row_002704,0.2298245644671543
row_009623,0.3880277374746314
row_009066,0.21279899468555266
row_019887,0.4138361835347328
row_007255,0.3791320955608311
row_026475,0.7437998006708999
row_016831,0.08724098181063375
row_019351,0.9910152879733395
row_046624,0.7627636343138526
row_015391,0.13827226588062153
row_030572,0.12367833543863373
row_031289,0.33099146193187073
row_030293,0.25125849786770615
row_008849,0.06614240502440619
row_000183,0.6414088470189482
row_016121,0.47938696385607654
row_012420,0.7276390879700219
row_049002,0.07727137495160494
row_045379,0.2002045832512315
row_006527,0.2986673647771975
row_027949,0.2672299308560994
row_029724,0.3119212098395326
row_033407,0.48148437457197457
row_043233,0.37519101559929635
row_024859,0.3327968903979438
row_006234,0.7581057063797071
row_015978,0.38196585779782427
row_038297,0.9387313280655688
row_043382,0.5268558591904408
row_001733,0.34926058721567654
row_040727,0.8271601583007858
row_011513,0.06197909947897586
row_004461,0.322565412115013
row_017044,0.28557008222937286
row_037580,0.2391556638362333
row_023207,0.6507536325396607
row_043493,0.4592203813218426
row_036449,0.10523550293941566
row_022407,0.15232807044394983
row_040503,0.12065189802028514
row_038491,0.3625959334081939
row_044389,0.3351646729944604
row_002683,0.5641788740335856
row_023231,0.4172863753942239
row_018937,0.698904340902163
row_027175,0.48791789025129534
row_003873,4.8791327083195206e-05
row_010252,0.5981136874426207
row_007437,0.2638425724250816
row_003054,0.44532023258581277
row_001282,0.2579035951771287
row_006677,0.49604123058698096
row_006012,0.16362014674862352
row_022837,0.12633347907007605
row_015319,0.7160585229446879
row_027348,0.16296521647587964
row_038470,0.19046773953604876
row_034041,0.017950889749749777
row_016401,0.6015185292938501
row_020337,0.48785885042139376
row_039248,0.24433677179326563
row_028991,0.08340697546938955
row_009918,0.6745596061006601
row_041459,0.537325130611337
row_037822,0.2996438248212162
row_038381,0.47251457693978854
row_023904,0.27448276140992994
row_023921,0.6556042289162686
row_040728,0.0091929053367581
row_019651,0.25279173592972265
row_043755,0.5544137487499904
row_049102,0.444908271794883
row_002649,0.21261668232748532
row_021402,0.060182068093657906
row_016437,0.19454918421375275
row_039954,0.2840344014647337
row_005465,0.29727684539795457
row_022273,0.40026770476858703
row_000118,0.6791797039219954
row_041033,0.5684756195418711
row_018475,0.42305642482268085
row_009581,0.9229407800248192
row_023699,0.5320529154625747
row_026740,0.7143913222805125
row_042544,0.04487719902370751
row_035451,0.409581131399123
row_025587,0.0752864868793548
row_016782,0.20532239459127138
row_005931,0.516649377057922
row_012545,0.29105769460826547
row_045048,0.22296763074056822
row_039706,0.37362140479016515
row_028240,0.7467560368143906
row_027469,0.5829580899646136
row_009383,0.3539235144644448
row_038255,0.8871755146970248
row_011451,0.5562306411049736
row_034699,0.6138355695973777
row_002141,0.20327969915627628
row_011184,0.5748320266964684
row_045229,0.5391692127950788
row_013496,0.4193237880296896
row_043421,0.40803649566841466
row_022829,0.6924030966959482
row_036056,0.5987154090903707
row_009784,0.31590881068357374
row_006207,0.1473666814775786
row_026811,0.11838334401283065
row_003606,0.5556706575206979
row_020655,0.003949676521937075
row_029666,0.8509022886121586
row_038729,0.9108181256224113
row_023625,0.038980358992698874
row_025422,0.07688804619113049
row_019627,0.6265786460017199
row_012378,0.35040641936635064
row_032081,0.21709139643975323
row_048909,0.12407996720590134
row_018339,0.3303569537364719
row_049252,0.49504569428198936
row_042682,0.5773701034664995
row_012238,0.9943132838527815
row_015374,0.5351957681202443
row_016426,0.4800745494182893
row_008166,0.06560208111371503
row_021576,0.2703354635481036
row_020187,0.5145994864201685
row_004667,0.4289040328261223
row_012371,0.6728673983833577
row_043072,0.20114902345602773
row_037203,0.6477962825188617
row_034088,0.41766877686678566
row_044056,0.4965552861528153
row_048438,0.3663504369717456
row_020293,0.36190527036912457
row_043206,0.2720214616495696
row_048541,0.20041239330023808
row_043349,0.29749598202710276
row_027151,0.1331936093176297
row_046541,0.07122943915478668
row_028082,0.35829177759111736
row_044679,0.27357950211130305
row_013398,0.44988848312124613
row_045777,0.14935650988164256
row_035981,0.5012447332318741
row_046391,0.7929056046059905
row_021116,0.23404624962213602
row_040263,0.5212077572299235
row_028734,0.8772819706471756
row_023746,0.488728545174407
row_036633,0.18550192549586347
row_001205,0.41672699656283424
row_016509,0.23569100165502196
row_016430,0.03446977929094406
row_034106,0.9198964866070811
row_024686,0.7460875013522251
row_043664,0.8196036731073942
row_040601,0.6388921055109668
row_015151,0.09192388095545771
row_029261,0.7445526200869915
row_007582,0.6760326059072742
row_047255,0.7724247946550858
row_004914,0.5566145157230719
row_003908,0.6275352874636516
row_003683,0.6309642578036796
row_031855,0.16398421725778609
row_001758,0.6273340596096322
row_002636,0.18609322095884856
row_041160,0.5637307033238798
row_049545,0.30095834819262557
row_009626,0.2861786100934248
row_007065,0.785915804435627
row_020069,0.11631724387817051
row_006132,0.8214619185471557
row_049519,0.21624106596469783
row_022516,0.4444786702568112
row_035244,0.8320792693396513
row_032934,0.5374049235820623
row_011007,0.17917086867838955
row_027866,0.7829639470844869
row_038737,0.7733385738020238
row_019303,0.24058713898111647
row_012657,0.6337401442801376
row_037994,0.5008823943933493
row_043024,0.5647859083896426
row_033639,0.6533548844052876
row_022087,0.010438479285973717
row_041241,0.06102458788874086
row_026863,0.7453135181795639
row_033831,0.5849031838920198
row_030247,0.05005201007639373
row_042150,0.9661083446622561
row_036064,0.02228666385834723
row_013928,0.0867926947734198
row_003368,0.37567509341848576
row_015562,0.7954487198390523
row_048528,0.6646214314426775
row_023553,0.6919319870254438
row_024904,0.38496381876983965
row_010314,0.5236618045683847
row_039323,0.10285161780887069
row_040495,0.2183549343476124
row_004879,0.6746771330218049
row_010956,0.0914721639319508
row_020043,0.5084029605454033
row_036752,0.5175453021998301
row_024248,0.10132359859221073
row_012274,0.3697578414615105
row_014280,0.26105922847147156
row_033091,0.29409548723919804
row_021796,0.6027225512224444
row_029520,0.9642594883849015
row_036979,0.9991345745658299
row_005856,0.38846926988672054
row_023178,0.24944221007658704
row_029459,0.14147183818556366
row_013658,0.9525481144613385
row_034973,0.047710388572008
row_025728,0.710261991338083
row_024052,0.3184908394282446
row_033047,0.6120414615537915
row_049489,0.3047003545237356
row_037088,0.38524191537468255
row_012398,0.654791100213242
row_010027,0.06466836206739629
row_001238,0.3264160781364605
row_041772,0.1679930178375178
row_038349,0.695201715574606
row_042173,0.30722402185947617
row_033001,0.8266306247559938
row_023447,0.12086524748392792
row_022344,0.34949396981715397
row_047042,0.9467680133496097
row_017377,0.8136602568215777
row_019495,0.33247776754923863
row_031885,0.9019116950348897
row_030852,0.6117504981794376
row_014167,0.1691324327074174
row_025910,0.39597938138181865
row_048747,0.1471289571749395
row_009036,0.17019625462196727
row_023965,0.4357256414351285
row_011146,0.5000878500011836
row_021570,0.09557098210899179
row_005368,0.4726262525190964
row_011896,0.09008440399435576
row_039736,0.6315862682277236
row_013378,0.40499402554424935
row_036108,0.05049338570154815
row_033910,0.12539429145629147
row_046309,0.47353435413286876
row_013751,0.7090112142070755
row_036207,0.33407836693735593
row_018837,0.3313046109305473
row_016788,0.25537712007358654
row_040420,0.7519463748462397
row_041671,0.8061720002637702
row_038992,0.4735849314063368
row_040679,0.13816486683489757
row_045684,0.4595344023901093
row_031141,0.6675686272400301
row_031165,0.4086379156862947
row_015641,0.2072341723957535
row_034712,0.5549341256056304
row_027638,0.63833252019094
row_041925,0.491655817105552
row_048229,0.3280784984461767
row_007792,0.26681336956456714
row_026259,0.2779072450336444
row_017123,0.308239828494699
row_032771,0.5971958579935273
row_021289,0.6815263137276693
row_040419,0.16265241291651594
row_012337,0.49260700218816794
row_003674,0.2555586056692504
row_011815,0.6409306038959389
row_037074,0.8553673996122919
row_035953,0.9629936981691143
row_000160,0.29481644652260797
row_010879,0.273676948138866
row_009493,0.027880428305317062
row_007034,0.3787503194217871
row_020131,0.47555935113576364
row_049663,0.5623639142620379
row_049648,0.2556350751847117
row_014221,0.6847991878066725
row_044588,0.24318729616653184
row_024896,0.2533731925979754
row_034843,0.9901235630742864
row_005214,0.21349633559501138
row_018025,0.5572056045525755
row_030342,0.8482771915167765
row_019044,0.6281827955985074
row_043795,0.41498955164123447
row_006534,0.2586574565263681
row_025337,0.4397333430920356
row_036168,0.4378658960382388
row_035061,0.15092372401247262
row_044945,0.6288745895594183
row_018645,0.5577898141035792
row_001769,0.2335925574883296
row_037338,0.7254816102071101
row_011072,0.29454188347906485
row_008490,0.9068076548857383
row_032902,0.14099883200981642
row_009135,0.21679542875329155
row_029441,0.3411084424369312
row_044605,0.08526825543772105
row_002053,0.40733163303687103
row_042311,0.4440591095666349
row_004390,0.22052776304348046
row_010572,0.9137684021524416
row_018165,0.051204808780345626
row_034334,0.049351242528623454
row_002629,0.46170931417625233
row_013144,0.12649319411058052
row_041176,0.22541532581986454
row_037158,0.36808695186406243
row_035371,0.26865168833125447
row_025796,0.6513758926036741
row_020784,0.2575097706354212
row_040826,0.7157776141114317
row_000305,0.2814116074380585
row_013736,0.25044537752752033
row_045721,0.6004576402143569
row_038463,0.4618460311361934
row_024352,0.23877315251067752
row_046106,0.6348164722246332
row_039993,0.5272860307706666
row_014035,0.43296652584841916
row_020831,0.9854240173020417
row_031424,0.5468880861000714
row_001429,0.3547907985449314
row_005139,0.5765926476208846
row_027238,0.5372757557307999
row_012338,0.49615466223179877
row_038078,0.03955114667489926
row_043705,0.3682471465914908
row_048016,0.5084850643941333
row_008422,0.381144110761058
row_025965,0.1673561748127459
row_028212,0.7264405246893652
row_019108,0.6936664359639271
row_014560,0.7252542202921524
row_029098,0.3834394137087132
row_024042,0.46808218243179595
row_035261,0.08101917640713542
row_034490,0.19972861934426042
row_044723,0.8667043342422777
row_045493,0.32608802245458707
row_028914,0.34010988802946884
row_032834,0.07946901031860897
row_018063,0.2880379666753276
row_017909,0.4463911882575822
row_021290,0.23270281029475345
row_041968,0.7046658487078606
row_002556,0.06826823054455315
row_008815,0.24272151181451376
row_026697,0.5740082698836482
row_032630,0.3455848239451821
row_022329,0.24604028876511266
row_006352,0.48623125250107935
row_005251,0.10613990678630099
row_010067,0.1936990634722194
row_002463,0.4868422916105686
row_034034,0.7251688803135894
row_028236,0.25486987400372413
row_033638,0.04735552916467431
row_015164,0.3280296762794856
row_026814,0.6822373823709016
row_045080,0.4657115497794176
row_012066,0.5770353978332791
row_030432,0.43356027139419123
row_046778,0.5265146950325061
row_017530,0.89408250106484
row_001997,0.28785860831298815
row_033465,0.7854120669729229
row_010731,0.6531143006029464
row_025278,0.48375050198729147
row_026938,0.11964873568885394
row_043384,0.5669886517057913
row_021532,0.2509574153855245
row_029193,0.5708105909381718
row_044068,0.5121206773305347
row_047841,0.05983570959783998
row_046520,0.6790153381542796
row_011902,0.6300987283709074
row_023456,0.4246329184580517
row_039454,0.20516986138089047
row_049190,0.32784960978355127
row_041612,0.5491439254526979
row_003811,0.41906231744003186
row_025732,0.9221253674026009
row_034605,0.7312411710686101
row_021173,0.24462247743562715
row_008110,0.5578983297817365
row_041048,0.8476284078714199
row_015822,0.9360359780187174
row_032501,0.3382143822683754
row_025958,0.039981172076213885
row_008822,0.45519511921479267
row_015326,0.9276865502941091
row_000396,0.47142889093881485
row_020370,0.4870086419484336
row_015244,0.47325193210824323
row_049874,0.12551294328359341
row_012699,0.10753180723582635
row_001420,0.14983959903552793
row_045910,0.43195982019948426
row_033973,0.059588814961539234
row_002449,0.33115218440683747
row_014066,0.4207690400562049
row_005479,0.9951632178461568
row_012296,0.7701479016444249
row_001776,0.16373591948961266
row_024172,0.7218971404817308
row_014396,0.9886102333052987
row_015023,0.4340188932982117
row_036299,0.5820767598674522
row_034575,0.09595268654433547
row_040508,0.9979394823652565
row_017069,0.42002565863523744
row_033621,0.2110138549211583
row_026555,0.37845162858423714
row_007635,0.44139068942468157
row_014114,0.42413195679505583
row_024073,0.12181684598851127
row_004106,0.6780450686794053
row_008845,0.4970481342458214
row_046805,0.24292307160058643
row_019958,0.45554678783877367
row_005782,0.7667404513972803
row_036716,0.36842972572424804
row_044220,0.5909449730758696
row_011128,0.44397735892561496
row_014596,0.11837595895691456
row_037345,0.4808645253566799
row_038875,0.6771376195810597
row_038803,0.015203798479093346
row_037274,0.013551417267193487
row_027380,0.43901097927527316
row_011557,0.008865332394522488
row_022579,0.18051984331851467
row_044412,0.1363688020234678
row_039414,0.3017933065173829
row_029273,0.37235178902552524
row_043114,0.11689511844234435
row_023620,0.48523091002116814
row_038991,0.29230332284252236
row_046841,0.603540300057316
row_045232,0.17302123761904664
row_017084,0.9476206156020618
row_032877,0.44500234363022567
row_025459,0.04742473876070146
row_036531,0.49295717883779666
row_024883,0.5096044063915628
row_015100,0.85613089124679
row_015680,0.6209316926183263
row_032819,0.2191824206178384
row_020666,0.6135482179907673
row_023911,0.3542602448754425
row_038004,0.2091981129155107
row_004507,0.31847085934596164
row_015315,0.25850312408570464
row_027109,0.39849727102489957
row_016005,0.347801675997636
row_010345,0.7272616948064247
row_020457,0.007654277637705122
row_047865,0.5882306551923719
row_015324,0.21305440703294248
row_038554,0.5452640798086933
row_014404,0.7539526468304211
row_029144,0.10018277249420837
row_045529,0.34682342245426423
row_040288,0.14584271203391572
row_029559,0.6738532589336774
row_006590,0.631921022101443
row_021396,0.5807028747664151
row_019307,0.1261337150316722
row_005739,0.952921519463306
row_002092,0.28779154895278647
row_019275,0.21699141264084965
row_001811,0.6856426522158573
row_045407,0.37543645465480113
row_025589,0.0854261290109988
row_027068,0.3434762888064907
row_048284,0.46475558651780763
row_038887,0.30368831935619384
row_007501,0.12016839686936934
row_023934,0.5634661759369063
row_044193,0.09890706671774768
row_013947,0.6410860057590808
row_022548,0.6532832737764346
row_025812,0.6605852856383442
row_012189,0.6810302257322476
row_000902,0.39110516284389346
row_034674,0.48088390732416686
row_033719,0.026834069686208793
row_004500,0.09322867472801531
row_046384,0.7321877224535014
row_017376,0.5338339160050505
row_013337,0.2759203128979972
row_019081,0.6584494094011766
row_022756,0.7153762817964479
row_047385,0.4127371660340209
row_026848,0.10381557714694421
row_029325,0.3734416474993787
row_027933,0.21110940475518863
row_022085,0.5505021736423126
row_017456,0.2392380357152956
row_026104,0.9397509198465968
row_006019,0.4185078424033444
row_009888,0.08967469407749278
row_015543,0.48850251420547974
row_023956,0.6549165198143574
row_035561,0.05907630713273013
row_046228,0.8475399584129856
row_035486,0.21496205636817195
row_010547,0.33169647040670036
row_019489,0.5380663983805315
row_039348,0.028465092371799672
row_016751,0.018600174680212817
row_043099,0.28417158500766415
row_020087,0.1057200683127185
row_024153,0.9997102347153338
row_031469,0.7621857109953113
row_042428,0.30319165579030416
row_002338,0.5596294724174782
row_018509,0.43112664233666276
row_029570,0.5673871310777365
row_006843,0.7002394451475196
row_032234,0.39545426474384326
row_013276,0.30235506183900585
row_012878,0.37325031760892424
row_021448,0.05382080208895201
row_035417,0.318301537280252
row_001968,0.5262121586791614
row_000088,0.08487818081982437
row_019882,0.998136322779503
row_005280,0.7780098765855789
row_038599,0.17627849324339043
row_040714,0.647561999378965
row_014646,0.14544235542016018
row_002341,0.5862839652168449
row_049312,0.5390947750484631
row_027416,0.15588223448325725
row_016306,0.06733869330701503
row_027838,0.48191832923594585
row_012291,0.28230669841514844
row_043363,0.5999888658815384
row_002674,0.7521261832498102
row_001558,0.20132148379575376
row_035500,0.7170250865376668
row_003251,0.2602580626818094
row_032384,0.4126269377705238
row_020106,0.17163632223978043
row_006741,0.2486986730925334
row_028567,0.2799190556179929
row_047787,0.25563904253674136
row_048008,0.02126595531661507
row_040809,0.5440349529591829
row_017603,0.30913965818119804
row_010762,0.7894843365336083
row_032617,0.47889857415298953
row_048135,0.44072680298963884
row_022362,0.935738094211602
row_006348,0.5370191863843389
row_007201,0.5586456925640405
row_018708,0.19943296725761292
row_039024,0.3411960852479422
row_025437,0.9244508141568507
row_033745,0.774848643113969
row_036434,0.5393485546942792
row_039180,0.5536072118444706
row_002176,0.3717977582090574
row_048937,0.6993982648146846
row_001305,0.10119277198005053
row_012702,0.2969794092723191
row_040464,0.5761267281670651
row_029092,0.608010702165604
row_023667,0.28497977492238474
row_009661,0.07474908647225095
row_028766,0.6956467294149727
row_019231,0.24932113125422617
row_032552,0.022805485706408366
row_019615,0.41312238794955836
row_002043,0.26513557599741155
row_017766,0.5916243087567932
row_024891,0.9112284284149942
row_027105,0.6693721184543507
row_017498,0.47221195420409007
row_044893,0.5410516744116401
row_036230,0.5599053954626623
row_028683,0.7527809526111757
row_028931,0.1573673503803121
row_041416,0.6047561101132515
row_043722,0.12432005761972384
row_000863,0.38240810026126393
row_040138,0.6671590260566972
row_001430,0.7154093996763918
row_034323,0.7051943860432409
row_007482,0.2954556291041103
row_019184,0.6531611357063368
row_020486,0.287268757230136
row_040467,0.49986674942134846
row_046256,0.5250680104440363
row_024654,0.5870622649709548
row_006332,0.19755321406989831
row_047680,0.13944427721686664
row_032531,0.6974056677815663
row_048777,0.995485157853591
row_017642,0.9769448319603414
row_001937,0.40368937927998555
row_010611,0.2768844513501912
row_007234,0.5512972207865282
row_040051,0.5290740855943872
row_042472,0.8560562052830801
row_043731,0.6210284782536354
row_043950,0.26795835210982866
row_019512,0.3714361036360351
row_007926,0.12409443315863963
row_015333,0.247395451661622
row_017162,0.38413685404946796
row_031647,0.22436821602361576
row_017172,0.4937750711209836
row_010651,0.9999991750726723
row_019439,0.3603740085999292
row_049608,0.4885273014028632
row_011939,0.012579545127585573
row_010812,0.04420015222610453
row_022997,0.8097299469556472
row_004058,0.8127400198371797
row_023356,0.4592801135399899
row_015879,0.3592301112826174
row_016168,0.3382123916722501
row_001507,0.0009626652063733482
row_043806,0.11353415326475874
row_043253,0.6492316512744134
row_002016,0.037323590190190305
row_049386,0.34507195164863386
row_046222,0.8291650802186074
row_040483,0.15028382895815143
row_003166,0.6141260056872153
row_005544,0.726511676755971
row_018330,0.2754447868273485
row_006309,0.578409697270233
row_016602,0.762372858484392
row_003731,0.9671943334177943
row_002278,0.5566572277113033
row_022681,0.16148945069025614
row_047940,0.7383098163580853
row_006049,0.635280071556204
row_006899,0.1894117395557435
row_041583,0.8577858948742854
row_035066,0.21830391553599623
row_014190,0.2897334087518238
row_032514,0.3298495663750293
row_021842,0.3551787969098353
row_009718,0.14847988946449597
row_001134,0.9492672377741092
row_001105,0.42064966162394524
row_009230,0.47501016035016314
row_028371,0.08124248776931514
row_037635,0.34967338049261526
row_000099,0.6849788952809927
row_042088,0.7804481554946417
row_044330,0.3269864195512697
row_041143,0.4982819124388569
row_037067,0.6157305170719243
row_036245,0.1895456372311539
row_045723,0.10048938828613846
row_035902,0.152533070851496
row_037676,0.8901958815435639
row_016880,0.7233291405101255
row_007644,0.28294238288664386
row_029850,0.41267390461974557
row_002250,0.4327749202766598
row_000696,0.7200484442485827
row_036324,0.5062647535201545
row_017942,0.23320346155546715
row_014015,0.2653632180548835
row_044062,0.2975329142733446
row_007383,0.6317839511915436
row_022220,0.5672649551962113
row_005160,0.08500465191496707
row_015622,0.5328495471804147
row_045921,0.6249053259389896
row_015363,0.6667255795369972
row_001977,0.423399197882786
row_048633,0.38639609060998453
row_030584,0.23886338779631294
row_036658,0.36987550224489535
row_000590,0.2698306261941294
row_008544,0.45530386721337535
row_046263,0.18763364130871196
row_007419,0.1819987786166201
row_025662,0.11153425296449385
row_013042,0.4968830609938995
row_047595,0.18463562548993115
row_014102,0.04230309700954178
row_028041,0.6678969344999824
row_025433,0.6770490919802012
row_011357,0.6790631756495606
row_048962,0.474222431790263
row_025359,0.2738049239007886
row_037749,0.24485289004598348
row_017963,0.025565981326827907
row_008215,0.6347830921925167
row_012979,0.629010932648485
row_036970,0.30775130761663794
row_000520,0.4035248633942509
row_036952,0.4110245687909215
row_047900,0.8914008411737784
row_020564,0.04795384660094545
row_020107,0.40299368936485724
row_000736,0.7051649203731022
row_029190,0.05202837525797103
row_001343,0.07407183069278564
row_048049,0.4902134855619981
row_031655,0.28347379356183877
row_004965,0.3348379104446496
row_001446,0.6952589403271894
row_005851,0.5136410954658392
row_024887,0.24730006000284546
row_024066,0.9331293546306896
row_027987,0.18172456543596416
row_049291,0.3691134595316681
row_020691,0.6221356655356843
row_037904,0.4091590490372583
row_035877,0.3741772980337334
row_001975,0.5303934089698504
row_019753,0.7694630178674753
row_030344,0.44405645502412866
row_030684,0.3965849292037005
row_026173,0.3063618065986994
row_033283,0.5384341651836638
row_037518,0.27267357284533916
row_014343,0.8568086423484086
row_024051,0.28101137548639477
row_027370,0.5487208823897828
row_049431,0.5514444754100638
row_034626,0.19678082574818317
row_037423,0.5615346612692533
row_030736,0.012259634557865499
row_026195,0.8143963262912585
row_025372,0.053548785391789595
row_045778,0.5893418825769781
row_035975,0.8140349752994523
row_038250,0.3251727917192931
row_043190,0.17668439211071768
row_013804,0.5099549614197181
row_021866,0.251004614241883
row_026335,0.18577564790750933
row_011247,0.3391528442949284
row_029561,0.38344297918336007
row_001221,0.4690104671071473
row_019891,0.24454949731317213
row_000883,0.5374294480366552
row_040315,0.14499289523492437
row_027569,0.5460286372258727
row_016973,0.4704085944124894
row_032386,0.8425846752120194
row_030316,0.583397759142094
row_043773,0.7928663902434107
row_019972,0.5991752003986697
row_006079,0.16962568381130744
row_000533,0.29270110867553234
row_025770,0.01655531281230279
row_007363,0.07935380360706142
row_038144,0.22664272102826583
row_014902,0.6241384796105324
row_035379,0.5948535276534532
row_016802,0.34682787380208896
row_010450,0.1697571801327612
row_040897,0.6051430942250043
row_011167,0.24902264871203283
row_037090,0.565727733386852
row_001926,0.37702583225929026
row_003345,0.463800109244238
row_013137,0.5811524779616216
row_015538,0.6612182228477084
row_032511,0.3562456209456326
row_047373,0.565735573020724
row_014980,0.5381578077699583
row_040306,0.01724670739674333
row_044633,0.0361718362446009
row_013747,0.8776870974281745
row_012612,0.24945292424909912
row_032572,0.3043093359125398
row_013578,0.20668969351356323
row_033861,0.3605634041168638
row_002198,0.5732891317948906
row_046055,0.20594569829634787
row_035768,0.07703055837496292
row_045176,0.2729456764323278
row_007497,0.029824015420567302
row_005622,0.7226765495476366
row_009470,0.6548447557952533
row_047153,0.3104145990685881
row_036644,0.19122094054930555
row_042100,0.5300031517726544
row_028118,0.12721624954215824
row_035879,0.513967646070088
row_023091,0.7746434734103688
row_044192,0.3867011090742534
row_041479,0.7973923932908946
row_030817,0.22048241184821143
row_020501,0.5711927565297787
row_045063,0.9999629655181216
row_009999,0.5796624032106575
row_022331,0.9402851534302628
row_008788,0.3288329460583685
row_026297,0.8496152799990234
row_046264,0.36725029232006806
row_039625,0.5780098624370075
row_003914,0.5490857247980946
row_041363,0.14314667027081207
row_016927,0.17548355062361243
row_024592,0.6227887670112581
row_033921,0.24877800626250984
row_002387,0.536119574724839
row_048264,0.09140513400374095
row_022706,0.306415367105739
row_021250,0.6549513118064693
row_043590,0.7552050818238797
row_007311,0.39296426643294624
row_030654,0.24643193678134245
row_030487,0.13171797000724572
row_016820,0.383555038597221
row_032717,0.32792542627322224
row_019511,0.09223653940068939
row_045058,0.8174063411662791
row_049233,0.15609993026355828
row_048950,0.12963829742390742
row_035136,0.14762879603607665
row_002179,0.5767126852921697
row_039208,0.2163392233702935
row_009039,0.7200834167666591
row_008959,0.6073511028227795
row_010080,0.8917714857990554
row_009422,0.20771278424834422
row_031584,0.06279492451976497
row_037507,0.6844059769794071
row_003378,0.5146828985678202
row_038917,0.11790443521869398
row_016557,0.05825887163970607
row_028828,0.24695319206501937
row_003711,0.6173080336933089
row_049655,0.3437844763475871
row_011132,0.2932725523942781
row_026784,0.08570395103271429
row_010195,0.5845799085861634
row_021737,0.4754674886104936
row_007237,0.5348621742011668
row_014180,0.6448429475108761
row_036448,0.4571012065125478
row_028208,0.5426212066169614
row_011704,0.5266356684707164
row_045481,0.2072940927674497
row_049730,0.5706280504618535
row_031952,0.3058581170209445
row_018127,0.4174203189332479
row_016467,0.4108471360729187
row_007507,0.2642443144955331
row_012185,0.36863444920677313
row_040142,0.3047915342066793
row_002671,0.23764545596422312
row_049670,0.4857917332784443
row_015032,0.7200341691316702
row_020516,0.7710680401435833
row_029712,0.7802560752886093
row_009266,0.5225557916975909
row_027654,0.20953366198124052
row_020589,0.4245704353635879
row_021078,0.5021911551462913
row_022049,0.5527445162620652
row_028373,0.29867230049141996
row_015428,0.2844780295569323
row_031769,0.5447044935476919
row_042232,0.5120664797650195
row_033618,0.27588499626984303
row_001042,0.6513535154437619
row_022326,0.5589761762652297
row_025844,0.7367395941050642
row_010780,0.14881924346405956
row_034436,0.018196174740776273
row_005023,0.4579055761033612
row_008136,0.16861901491258185
row_026681,0.49476189979961416
row_018407,0.10790153015179903
row_005149,0.5351887444284567
row_026708,0.4793028037749284
row_049463,0.265684082317717
row_001645,0.13169050361645368
row_022724,0.020377951994623177
row_049931,0.557192652021963
row_042421,0.6780900473612702
row_025025,0.5406084839415104
row_001012,0.7513341578723475
row_035075,0.6556230454176115
row_045187,0.5242047897238131
row_046773,0.30089400057083665
row_044747,0.23215223163483217
row_012096,0.6818176859038336
row_001018,0.602362207795357
row_002408,0.7485667118586922
row_004326,0.8001277593014002
row_033933,0.4768583438827553
row_026156,0.400249180761038
row_037489,0.27403171799314546
row_005194,0.22922915888116566
row_039385,0.6372641971776897
row_028997,0.5882530501215759
row_026140,0.32703562863394964
row_042571,0.5455526763254054
row_034989,0.19116408203459614
row_049122,0.3151840880388899
row_034084,0.22506561313047602
row_035711,0.8880314653919559
row_022749,0.8658467696763844
row_001588,0.3009658190348759
row_012414,0.5703430922290296
row_023743,0.6488891718418351
row_037642,0.9093309189054836
row_006856,0.4527169251527897
row_036296,0.579238583082812
row_019626,0.36735243124283046
row_024970,0.4746466842258941
row_026805,0.5489576783408693
row_034648,0.3996518936778159
row_008938,0.5840450068056451
row_035643,0.010471949020723202
row_006632,0.6308889769860861
row_017246,0.4884365192029142
row_031075,0.3404158328595791
row_045469,0.23813183004005065
row_041216,0.6814355360670316
row_030391,0.9217832123475461
row_041974,0.6375474825117589
row_012955,0.28325001797890054
row_044742,0.3649883056420079
row_031344,0.18746599425383137
row_038161,0.23155700451594163
row_044043,0.18462292575884132
row_029816,0.33393875954033864
row_016515,0.18051655998225827
row_032204,0.8535219423084609
row_003762,0.31089274860252064
row_019129,0.06930449644367034
row_029300,0.8049694353140557
row_042700,0.09374714830871003
row_042954,0.6269441859724585
row_049617,0.6752305172022812
row_004030,0.3157521031068312
row_025365,0.3598112446166676
row_044061,0.31623437130033016
row_029699,0.43973754475981974
row_038667,0.3561492879316029
row_022458,0.32977326731932
row_011212,0.7514466020148829
row_022665,0.37671417855353684
row_010855,0.8778849056853012
row_036688,0.03181083810280403
row_020211,0.004291510889129712
row_006451,0.11489290152730758
row_040305,0.06134501210946498
row_036132,0.5733378744494635
row_000298,0.24343213578995396
row_010145,0.37748978523684473
row_010729,0.6100223744843499
row_012251,0.2032991037937639
row_009219,0.5007535492545745
row_041124,0.6692648608613249
row_034598,0.18801410590630369
row_013829,0.553992237934462
row_009414,0.6516234434009229
row_015237,0.08512854086222767
row_040261,0.6909874096252788
row_037668,0.2708631041149511
row_003185,0.545924935729448
row_022356,0.4755176082904525
row_032426,0.9537423146392346
row_044745,0.15248976913188148
row_044839,0.7638492372375745
row_042434,0.27816858490073026
row_038693,0.6282986768826259
row_040878,0.4850650685629145
row_036158,0.8208026167597633
row_046026,0.2594304348809986
row_021296,0.18621584980296893
row_000229,0.16869054963182342
row_035612,0.5286383958594819
row_019432,0.4089426073037204
row_041741,0.43059930188940687
row_015659,0.35851538622294987
row_009447,0.22626284370050945
row_042200,0.5475577371247101
row_006341,0.42212735412060126
row_018126,0.4195392112536577
row_018750,0.49516972001880816
row_027989,0.3627207772333623
row_005341,0.5576340130255867
row_016420,0.1577089070149066
row_005434,0.5797567767093684
row_029591,0.7848395631836991
row_041365,0.4147731230805445
row_044663,0.7128900977707086
row_034838,0.18375874093241676
row_027283,0.3389911787313861
row_046144,0.6213105029015414
row_043069,0.2826976557113569
row_043847,0.3027910617616
row_017451,0.16078308310648218
row_037503,0.9723531031007315
row_022394,0.48314836806522254
row_000989,0.5331686894580565
row_005727,0.2008768899428401
row_020742,0.13911521089964768
row_041585,0.3420230985147717
row_038572,0.4913649504455547
row_015265,0.08736961643043986
row_039114,0.23953620094388048
row_035685,0.3869173835474419
row_006092,0.3017891196955301
row_048970,0.28486563590811453
row_044397,0.54022474601059
row_011623,0.7695106008778005
row_027082,0.15572102840664576
row_021157,0.6772377552442895
row_046576,0.4162095223368462
row_001233,0.11805115165107985
row_015938,0.199610720773466
row_030714,0.5594877793527068
row_038172,0.2946851757215431
row_020231,0.06943491161285013
row_005716,0.3128264985634132
row_033833,0.2989816634255592
row_045328,0.2482975065057989
row_025116,0.29624276721560233
row_019777,0.3356946505353449
row_039214,0.257757235745792
row_008555,0.6661643035267845
row_033072,0.44981092046798643
row_029475,0.533345386066171
row_036813,0.252389218207719
row_026877,0.47911130355050263
row_024549,0.4570803753263346
row_035948,0.7159720268781457
row_024388,0.9005076567101632
row_045006,0.019099954809002485
row_034422,0.45546490594455313
row_014267,0.4446169048517225
row_000506,0.4669941184120396
row_013831,0.28860866244472044
row_006672,0.25064639730728855
row_013698,0.6189136081147526
row_007031,0.3493847917542852
row_027823,0.21922046331458858
row_043466,0.3424915547261607
row_022936,0.8803683447681904
row_010239,0.6770362566789248
row_027025,0.23031594652398357
row_017227,0.31821633648394004
row_017000,0.35258582353512585
row_034487,0.3963443356375792
row_010272,0.4602704121167732
row_034081,0.14589899102909845
row_041071,0.9845235834733111
row_001093,0.34959441896561183
row_034941,0.0793527119199573
row_039550,0.7785482494175153
row_027244,0.6169947022290664
row_041166,0.710563593076294
row_015057,0.30242765704677493
row_040346,0.6815855295199149
row_012436,0.33933830696338374
row_031679,0.2188949627037666
row_013869,0.23776180032005906
row_047517,0.6379060043526362
row_040712,0.5055959596910207
row_040512,0.3950658818315383
row_024295,0.3192650432259793
row_026528,0.2231993389448511
row_014460,0.5245976025074245
row_018003,0.44697146785619835
row_013005,0.23896961966005095
row_025982,0.5148746486648613
row_022316,0.7014672999859515
row_034888,0.3809946097768806
row_027961,0.5528538977329324
row_001904,0.11121043585499202
row_001655,0.3315504265418184
row_000092,0.42481537063852864
row_005709,0.2090267919436425
row_043289,0.45413020662502823
row_009291,0.4729091641759472
row_014985,0.8721595968456605
row_036461,0.7360826148247417
row_015349,0.5653672615761843
row_018867,0.9786607149753728
row_037031,0.32597095849429314
row_001158,0.19433363885293775
row_022373,0.6540805525607967
row_026669,0.8402245907016512
row_048342,0.7848826554988769
row_025362,0.09903128739917758
row_043637,0.34137512682673965
row_028127,0.31240236129401905
row_009384,0.48313555915632556
row_045615,0.305106598145949
row_009779,0.8906415265081137
row_039403,0.5406456628086315
row_035749,0.9858040731487422
row_023079,0.3216835460343503
row_033527,0.42788490610091773
row_007072,0.2886258597201814
row_001247,0.704982054255676
row_047200,0.4934090800110775
row_015179,0.10635851544940163
row_020624,0.4602633629650663
row_009686,0.07982449193447358
row_028677,0.49693782645619716
row_035686,0.16266512913080944
row_046376,0.4094661188015158
row_048702,0.2540645816066153
row_008579,0.416636579096204
row_035050,0.035435991036109796
row_037416,0.47738453839375955
row_018514,0.26051575712933406
row_005221,0.3106220971814212
row_038864,0.8287077343634904
row_041948,0.05673842403154729
row_021063,0.46677060257585784
row_039247,0.39366664150558633
row_017899,0.20619423074112367
row_003794,0.995182328949787
row_010922,0.48248586039314534
row_039076,0.5537843017672378
row_047324,0.3817343457657957
row_008468,0.400565399154784
row_010750,0.3648692214644026
row_041528,0.33835728484368416
row_024263,0.7788923322656967
row_031481,0.6890658517343003
row_024610,0.15967103981542563
row_031496,0.27414420089027314
row_000850,0.3228239122512424
row_026486,0.5119456648988335
row_028672,0.0798851722104585
row_019246,0.07302674084295398
row_022030,0.38280205400439254
row_033946,0.34379994879956854
row_024782,0.21782301203885046
row_049793,0.3298514476899338
row_025549,0.2637012606545166
row_023127,0.5798289945334618
row_029574,0.6676783170386471
row_026050,0.6372003874826686
row_004053,0.48564982406932206
row_014268,0.714091103590709
row_034221,0.7508281185277222
row_047233,0.841416404588265
row_039069,0.46854371788663135
row_046497,0.8316947932906786
row_025329,0.5527535056243554
row_020718,0.27163557436085944
row_000740,0.07730452265781602
row_017348,0.09676906448292638
row_017536,0.7297968795140263
row_035419,0.31768797497125556
row_015377,0.19768900037769552
row_044550,0.2174428103634683
row_046146,0.9422714308832952
row_023196,0.27108025215237547
row_010120,0.7165291129403568
row_030266,0.11389229042490893
row_020388,0.22290909482904817
row_000272,0.2435380219904214
row_004071,0.30901064243791915
row_011020,0.4313522722850827
row_004431,0.5490293729271639
row_046620,0.05356286964359849
row_002062,0.6973605644103881
row_031919,0.22678282742911968
row_032227,0.15468501303001678
row_004054,0.3448531339189239
row_045198,0.3289320345743904
row_032181,0.49633418276244046
row_046684,0.9970862364945604
row_008039,0.014394976998049971
row_025275,0.2526203091537125
row_000336,0.6281586777088013
row_046695,0.1623253610576695
row_022231,0.8612732852545714
row_029294,0.35586754615853256
row_013325,0.5963171590648333
row_027147,0.6461470737550918
row_021457,0.6101461316962354
row_024186,0.8596232222970428
row_018091,0.3615804984639905
row_017466,0.028039464840339073
row_001827,0.29918936728384765
row_029812,0.2160308410617453
row_039915,0.533655436316842
row_045104,0.221988335482326
row_008567,0.4419572595782584
row_048168,0.2251935410862507
row_046997,0.9959565299004275
row_005783,0.38209766494833913
row_009208,0.996220298541307
row_015294,0.23187368702396993
row_002570,0.7129503796328724
row_005972,0.14828828247602022
row_022495,0.41853942279925505
row_039202,0.5496082447282101
row_012026,0.29061683646808667
row_030267,0.6580816114013471
row_048842,0.5593002616185643
row_043952,0.32599087392681786
row_015295,0.6723668777166883
row_018757,0.10871999090311153
row_022815,0.635248539723365
row_026982,0.16651547711637657
row_001340,0.5269465058584122
row_037292,0.6352223701172776
row_013749,0.14742214009347698
row_023063,0.4935673154143926
row_026319,0.1596572962549421
row_015476,0.5277418796550212
row_027211,0.4298138797371053
row_031073,0.7010248065817305
row_038024,0.7437238513141722
row_016403,0.11620560732054819
row_042385,0.7656515550341707
row_026763,0.34742792166723463
row_002367,0.5603481825129674
row_034031,0.29222354593358035
row_002969,0.7238791424379758
row_028810,0.31588434859410874
row_041211,0.6428399958456021
row_033827,0.5266395126906972
row_029751,0.4350954741684451
row_042516,0.5128179983540438
row_045237,0.415541102657798
row_018583,0.11088738829586632
row_031236,0.6079899759127595
row_046690,0.42008969855778255
row_029905,0.642260449430013
row_022076,0.7703004975642394
row_013418,0.3575086323542109
row_031850,0.8235125434207858
row_036359,0.7077058665214153
row_035455,0.18572898964355125
row_029841,0.1379538227541722
row_008686,0.012914966463143983
row_045471,0.7640046977343882
row_006460,0.4895207514821521
row_018014,0.4908223398364411
row_007241,0.6870195010468843
row_029871,0.4594295649594281
row_020890,0.5482781277086706
row_029384,0.44260916449235677
row_043551,0.3613973007506389
row_025685,0.6755762896541976
row_025924,0.19493623621855077
row_001790,0.6455722266719489
row_045016,0.22554043930305598
row_028109,0.36824396602474946
row_047808,0.6416380341099386
row_023491,0.3905042447800051
row_031853,0.3506493767159597
row_032451,0.15202846669639508
row_021344,0.47486316817917984
row_023302,0.701154620662893
row_006063,0.9057929121604461
row_047148,0.45823695821192034
row_044146,0.19658625059675428
row_023731,0.12333540715212074
row_009161,0.11958164952705011
row_028616,0.22673095685715097
row_033676,0.617220542670844
row_047599,0.18991955731187765
row_001123,0.7749797967615727
row_046942,0.1802526367553027
row_032806,0.5542805909259227
row_003920,0.24547958243955317
row_014254,0.9991090172841559
row_043042,0.24315141651001781
row_016045,0.9352947585136229
row_005059,0.6437833599796632
row_014392,0.31383719877809585
row_046370,0.11962957820727926
row_001414,0.7568058631555709
row_006252,0.26404762273464244
row_026565,0.6569242221907051
row_037641,0.14276281862451357
row_000495,0.49898515310527436
row_046911,0.6719797418876314
row_011859,0.3248674338190556
row_021424,0.5178859262193893
row_025803,0.9369618101931615
row_037396,0.5392973270634476
row_025131,0.4341786020554923
row_048978,0.5963970439796035
row_024265,0.16348839387538736
row_011974,0.3783131497164522
row_042023,0.15160160068410033
row_018267,0.2413309177149002
row_006111,0.36164580454538076
row_009684,0.11425652230447306
row_016439,0.6029055934797436
row_013819,0.9557950589301443
row_011181,0.43734226981853597
row_008946,0.6752508264399348
row_010558,0.4367156400780626
row_043775,0.535678571961242
row_042300,0.6000233412697399
row_032144,0.26091984318577943
row_006253,0.31283526247634
row_039368,0.03724105872387348
row_022165,0.16931270929248382
row_037357,0.2697450882856131
row_044558,0.21770627821131233
row_041838,0.3941244891306172
row_021933,0.5651746509776497
row_048092,0.4886151783569093
row_029768,0.9946757982439434
row_036458,0.2952169296786162
row_007090,0.1582885249681682
row_036335,0.6635145025008286
row_046203,0.40364851157113607
row_035155,0.20520230818072036
row_047858,0.21528709435337645
row_029236,0.1865870307853871
row_025635,0.39617793020145914
row_000286,0.15198346319813247
row_031453,0.8578940559237422
row_029851,0.6568045254757444
row_012270,0.6269046742310588
row_030318,0.48182719736566987
row_006559,0.1901748691603412
row_033567,0.5482229400802175
row_000685,0.7375868519872562
row_036339,0.14006254259865974
row_011491,0.09585835387420409
row_012457,0.35188453022416327
row_011885,0.5675909967379651
row_044060,0.20559055675398516
row_003108,0.19969561326978408
row_012203,0.21784411920445657
row_039243,0.3751675725999001
row_004376,0.2539295034730961
row_018786,0.994290863162769
row_006469,0.12036064247743256
row_048166,0.3167030197250688
row_024526,0.24439037224391938
row_037287,0.5261639896423107
row_038472,0.5926972866402487
row_012148,0.42403526773939554
row_017146,0.07786477212879335
row_007275,0.2893661223648602
row_022748,0.5330426898758511
row_043063,0.25024380187337225
row_018853,0.48512719067554344
row_036826,0.18050912529437685
row_008317,0.2815005492994
row_027014,0.181380657309723
row_030249,0.9579842784410926
row_027461,0.4073942403205397
row_029250,0.6280820748438855
row_025693,0.9686149865509682
row_038466,0.816089468361559
row_000580,0.01720955018169045
row_024014,0.37094182120602803
row_012267,0.11189885283741287
row_012579,0.7763664197732133
row_027228,0.17612316040191056
row_039261,0.679739828800565
row_039419,0.3890471589304862
row_031861,0.588569275633443
row_036510,0.6112629634346629
row_022314,0.5414657979955207
row_018316,0.23740486791324317
row_027045,0.7930138324901401
row_003338,0.41818453039634335
row_035765,0.3051927575671145
row_047424,0.3385075508296638
row_036367,0.4727631922079591
row_018985,0.825878187276962
row_013673,0.9185036818678015
row_035819,0.7073466967346793
row_017795,0.1847548427742853
row_015888,0.4206136863722175
row_038488,0.21743755061386244
row_011196,0.7514254142725285
row_041299,0.7022739072325376
row_004432,0.5905290063095472
row_032412,0.8064349909828707
row_049202,0.8065775884056179
row_024781,0.06500708165415553
row_004381,0.237660712442365
row_008767,0.5993101031061865
row_002110,0.5440982748486064
row_016130,0.297286532677149
row_039971,0.8414261723727228
row_026291,0.3143578058285084
row_009022,0.5093653931741424
row_039712,0.5110477298732451
row_045169,0.20573889786954278
row_004290,0.2963690452447838
row_008883,0.010839585906286184
row_036107,0.5857013263237617
row_034451,0.5153518295307107
row_007300,0.01981293171485042
row_031448,0.5346718042278762
row_011882,0.23804731422361775
row_042810,0.666783868628646
row_009978,0.5013836804649704
row_031354,0.4593612443035452
row_047823,0.5380271806322591
row_028525,0.8218234270014364
row_017654,0.3618325751388145
row_009478,0.8309887960904166
row_030828,0.510482591381729
row_047811,0.37234939114575194
row_046459,0.43519077519854177
row_036274,0.36878054246678227
row_049865,0.1285203782789173
row_021927,0.23774363389207753
row_024990,0.4628909223335639
row_021620,0.11820308854493328
row_034470,0.4066037388640108
row_046539,0.5103191664250798
row_016850,0.3974179654399465
row_034115,0.663269373472945
row_027935,0.1179114477689216
row_005793,0.44956635956950525
row_012620,0.042149058032544526
row_041343,0.371473701069175
row_039978,0.1946074954451085
row_019699,0.7829754234995886
row_040724,0.2020959977159128
row_010575,0.5035423471312186
row_004177,0.341053720555741
row_004168,0.3705864216676499
row_024412,0.3332219859208153
row_029267,0.16570646722134427
row_009494,0.4800904811012225
row_033123,0.5852356337190232
row_027869,0.445875632665716
row_022960,0.40727331186813304
row_018897,0.6275860121421695
row_022750,0.41713966162565114
row_006861,0.7894341977688389
row_040628,0.20022300175668067
row_021090,0.5185388829726296
row_039626,0.27408957644809695
row_028121,0.5702384119688395
row_036546,0.4872491992416187
row_026950,0.23320867046525984
row_035270,0.1672640309755881
row_012721,0.2312959706394405
row_037259,0.5571785737728628
row_002890,0.5771127516772431
row_005033,0.6924222894231816
row_021952,0.1910426032793664
row_017945,0.6791850162050469
row_020572,0.6958168395288278
row_046746,0.16067866491481284
row_017533,0.2348187044610053
row_007494,0.39701971662157304
row_003952,0.6362532798891611
row_006702,0.07857359685411375
row_022970,0.02487391934760774
row_035402,0.4820984373801164
row_036626,0.43638595659773505
row_011472,0.6033297820368285
row_045363,0.9209660569708701
row_030433,0.6713029211729687
row_002992,0.6645602260526005
row_039077,0.3936590268919063
row_014072,0.3085338101067683
row_021092,0.23011795162249288
row_015835,0.7123336699141485
row_012134,0.441387221234627
row_029436,0.9635765031425674
row_020443,0.17624774906937302
row_036372,0.24417567806496548
row_017926,0.4704335034990089
row_027236,0.7546644253962319
row_016642,0.22155886788927
row_007341,0.1468489931062679
row_013455,0.629486039669457
row_023437,0.13319553481210916
row_010939,0.33805156741255976
row_000833,0.22317702093214575
row_042301,0.6923582471832507
row_002423,0.5812761602847715
row_047482,0.11803576499469616
row_019799,0.8054708989991947
row_025555,0.5017357097525689
row_023188,0.4497850214292187
row_035358,0.8830816812717492
row_006617,0.7022783818019593
row_020135,0.7501470159689468
row_032625,0.72368345402932
row_048237,0.5655006776376374
row_000496,0.3593807002033533
row_004528,0.5002773104832388
row_000021,0.6909498771107856
row_006471,0.28012406899912207
row_022419,0.8414555057780632
row_016803,0.090719637790926
row_000944,0.2860157653562919
row_031031,0.3054633932941184
row_007305,0.599806107547089
row_005976,0.6309755353617376
row_032315,0.4750987756965803
row_023808,0.41650667462742663
row_006925,0.34279318195012265
row_042559,0.1856898361743179
row_032142,0.2898764080868297
row_025828,0.361365672744618
row_008304,0.047156080790220975
row_029630,0.4315575014671508
row_009017,0.5696923066457408
row_023592,0.542393089395761
row_014964,0.36495344843603583
row_030437,0.6696531850458928
row_000324,0.7871425500621824
row_032482,0.6784301773789537
row_038709,0.322734589912831
row_004042,0.45501117213943004
row_040999,0.6465402752138377
row_017508,0.8191994054765427
row_044685,0.8541121159811197
row_030846,0.12633761573536562
row_000462,0.328992222294418
row_019237,0.02014396349400137
row_036851,0.44307433381190886
row_043301,0.37616158087977697
row_027320,0.590926439829769
row_022841,0.3161849157219014
row_017148,0.5620487017783681
row_031550,0.044008954131082655
row_040013,0.40198568600714996
row_020233,0.3279095631884749
row_047364,0.649450096678687
row_037536,0.9042119369205467
row_039721,0.24571043218949135
row_012070,0.4787586208711209
row_021617,0.5767981294179318
row_025361,0.3442256247291321
row_037878,0.1428715857545196
row_043234,0.37455940381592795
row_009150,0.5156751130824501
row_046862,0.2967348251420198
row_022950,0.4955679376220672
row_040732,0.39856511923638394
row_019981,0.3259121477189448
row_036967,0.5590909581410193
row_038559,0.6061160749254505
row_049149,0.3564439792665037
row_006382,0.6433354105663116
row_038929,0.5179674150801326
row_029720,0.2154522612720109
row_044933,0.5934587642817776
row_029505,0.4322546919977263
row_040446,0.5848612858546562
row_035631,0.6120174370677729
row_022701,0.5525181988509065
row_049265,0.36956452286086117
row_024157,0.461168092163856
row_035072,0.5843076717670472
row_033263,0.09996774832367149
row_006765,0.33524810478160727
row_039986,0.3969097555714696
row_046122,0.6753589506746127
row_003637,0.5410209196488308
row_025560,0.5928234312580041
row_039438,0.05685439968141554
row_049439,0.17571134973498292
row_009976,0.5325152842455608
row_045380,0.7141516961385717
row_008963,0.17919947020100235
row_001620,0.6339593527547515
row_048091,0.390544871150808
row_025262,0.3447853532886728
row_008400,0.5061219115685569
row_020198,0.597814886266544
row_023955,0.37406818059900665
row_026532,0.5861917710640024
row_022833,0.7599966593087752
row_002310,0.21200934377270597
row_000679,0.6361440150273946
row_006230,0.34657294820482654
row_010929,0.537812790550178
row_046131,0.1845938547187578
row_031591,0.4860070450693047
row_024774,0.38733783915854986
row_032675,0.9222894847532935
row_027239,0.46534823096491357
row_000892,0.29603937751884507
row_001377,0.3409297263333256
row_024858,0.524606168048857
row_030711,0.8036169649054855
row_026505,0.28988615660412864
row_013409,0.28594335595891657
row_006862,0.4318699164387387
row_047649,0.5835648565783792
row_035859,0.6235715694901338
row_047984,0.37603272791976716
row_024110,0.24732170947394522
row_036635,0.6439815494968302
row_002900,0.10344570686864896
row_004695,0.31241825483779356
row_024206,0.8020644651324961
row_003479,0.5283776666960808
row_045355,0.045615198615369355
row_047905,0.7622719321431465
row_006443,0.18616875606846772
row_012394,0.5943823638828692
row_012384,0.5131136596175057
row_042962,0.4544134854410439
row_037971,0.670816943830405
row_039212,0.4492783822596702
row_035156,0.28642802699785674
row_023017,0.055874317197517766
row_047316,0.2623351050992539
row_006903,0.5620943805062487
row_033746,0.2833905418056435
row_048991,0.09795018804848994
row_048968,0.4752585774062303
row_004346,0.8488808318497391
row_000759,0.7666218962830106
row_026881,0.4480753163099879
row_030286,0.1683084854911159
row_026731,0.503374857436229
row_021941,0.028270473510800063
row_001281,0.3564974471846692
row_012505,0.20439062429787608
row_015523,0.3460274917483322
row_042323,0.8251158995348122
row_017885,0.3206112911182613
row_041779,0.37188193769891636
row_049736,0.6491531623952556
row_000024,0.4137458933281817
row_046042,0.8398585458337156
row_024951,0.8265443604352519
row_011375,0.5363360863881534
row_002333,0.12951594072885922
row_006533,0.42448836641359206
row_028732,0.7201837615599984
row_018601,0.3968389688149615
row_004690,0.6959508724768336
row_049153,0.41593095088937554
row_019532,0.302159713690976
row_036396,0.6857058299031329
row_043978,0.2168480770910146
row_039899,0.7323237792298478
row_030523,0.15288237414686376
row_035705,0.46651018070355593
row_005209,0.26388575633958833
row_020536,0.2669228617230541
row_021012,0.48244171891945925
row_008139,0.2475949167455164
row_009924,0.35919333268958903
row_016867,0.0005123112839364116
row_025986,0.44321106676581457
row_014883,0.7631923855241597
row_001391,0.36625147371139444
row_048839,0.8562953119494394
row_036647,0.564374028525724
row_009927,0.47655638785870685
row_010701,0.21692245496198076
row_015942,0.8276989153396842
row_011795,0.4669599513697102
row_036823,0.4184882566571863
row_018679,0.09759445237697688
row_027015,0.8711576235823426
row_015773,0.40044932734038474
row_023496,0.8370142762388791
row_039224,0.16549111574471437
row_016125,0.1908214571040979
row_033158,0.40242777501326005
row_029182,0.6142926326258963
row_045418,0.36702380702453336
row_015586,0.05229500809667922
row_029275,0.3489049219913772
row_005319,0.746666692798272
row_042540,0.5513363157102305
row_039994,0.6974865597485542
row_048718,0.45857780222155997
row_005463,0.2783321880356582
row_009916,0.6850127345930751
row_019165,0.1947430955369321
row_046551,0.2417635983138004
row_047786,0.023071767236725806
row_031470,0.6494772906207815
row_026261,0.22577757495526232
row_025613,0.1026268875927153
row_019504,0.10843104336082778
row_033692,0.609316450751252
row_041485,0.5394476352695472
row_014420,0.32155805660436965
row_009855,0.5411311235131012
row_049444,0.9480239470814228
row_025820,0.6727066593537773
row_049129,0.35343725044946567
row_031922,0.18614496845717804
row_044138,0.4376710809253651
row_027328,0.23900109223396945
row_029303,0.4567238896717598
row_027603,0.3387025596364181
row_035251,0.5946998621213344
row_013452,0.3976278928269548
row_009602,0.44205158680017903
row_018398,0.1458491586470166
row_049077,0.7091833344768035
row_007756,0.46155096826052816
row_038940,0.2231234634657542
row_042004,0.14883562846358336
row_000627,0.933328725324417
row_028652,0.39416178879036506
row_003022,0.14501136463665562
row_024766,0.5079490263351325
row_048831,0.49197696432118565
row_014758,0.053666418784779506
row_049457,0.3002724362678107
row_009969,0.25199140580416673
row_013606,0.3717069962115886
row_001424,0.39864013572019485
row_049539,0.35744450475652284
row_018845,0.42411476308437457
row_029242,0.06836459916867603
row_025591,0.5634703341759986
row_047309,0.21237971982637685
row_009294,0.537763922224821
row_049615,0.28962611478327877
row_019752,0.540455948225893
row_014937,0.28562077952038356
row_049217,0.717878148564501
row_016887,0.7623445438080398
row_006321,0.9488035459019795
row_025860,0.001812538663891746
row_019073,0.18430417694955203
row_012920,0.9589076825352048
row_011568,0.23518969361994801
row_037320,0.3153413943454878
row_046674,0.14609045552671926
row_008333,0.6364857317185221
row_019544,0.2950226454124642
row_003621,0.37031902078774853
row_043480,0.018775020940546998
row_022580,0.6239550174211063
row_035890,0.5360426453008424
row_002561,0.950237734018008
row_015150,0.38330751898261833
row_029485,0.3314747732400126
row_044799,0.06489529342441483
row_023126,0.07695302415450356
row_018619,0.026410231298327643
row_001121,0.11100673715033445
row_018720,0.6983296727983312
row_007995,0.33445101323866927
row_019325,0.35885059412752324
row_032699,0.5332026508022498
row_007638,0.6212410281178093
row_029902,0.2760398494690229
row_037341,0.9769019702855418
row_008061,0.5323835478797843
row_008432,0.4704121290910923
row_005804,0.3924078525553743
row_015723,0.5429276711191084
row_000603,0.420234718542861
row_007815,0.3612253237510955
row_026336,0.06566574162285518
row_020442,0.855831331385731
row_003458,0.27339862040316415
row_041999,0.3432763230218791
row_048507,0.0076522414595910256
row_018024,0.7721103759153478
row_038666,0.6899101814860106
row_010113,0.260343600656053
row_017304,0.12261264657055104
row_013931,0.4481010205664478
row_011010,0.35374863925370237
row_017076,0.25468182744103796
row_028845,0.06743364501208145
row_020657,0.567853401096418
row_047109,0.014186037689933834
row_009305,0.1686746196467619
row_013338,0.021696938255386062
row_035088,0.6604196010737711
row_018411,0.571478113630663
row_046725,0.4868118231640502
row_021436,0.49849196663248174
row_004711,0.6492246084613761
row_047163,0.010330528975082815
row_023020,0.15446175788316335
row_029313,0.8564201345189132
row_015231,0.3224604796525246
row_037381,0.5150048888732394
row_017933,0.30216386324318284
row_043625,0.2481346883634518
row_045928,0.3682366516315686
row_035014,0.5752933330382607
row_004003,0.43132014281157816
row_035245,0.12931600126463286
row_022046,0.6414208917783443
row_003382,0.49867654621749274
row_013122,0.37207427666092235
row_034670,0.4508966059158113
row_028636,0.3201656737249292
row_046902,0.09429047208489466
row_044499,0.24378862360948872
row_022523,0.09262036641025777
row_007154,0.4430081626687836
row_007014,0.5454849341199283
row_009221,0.4660381661883856
row_042644,0.3804400945277178
row_034781,0.3415776448643918
row_015097,0.384542986621396
row_007129,0.3584122934352403
row_023439,0.3718653336970324
row_007328,0.7798282621037598
row_019462,0.28256835843037903
row_037680,0.6302660964722892
row_043252,0.9411457059289097
row_006997,0.22224099812634976
row_037434,0.2323953158999379
row_045823,0.3138649058856536
row_034824,0.45168487905810273
row_019619,0.6716041044330288
row_027085,0.43452488899099756
row_016182,0.6518975021477103
row_023569,0.43815274040911967
row_021346,0.30555649525071876
row_002813,0.3158655174069653
row_014169,0.6424827101612408
row_033374,0.0316027580889107
row_045738,0.6274196384087305
row_012396,0.32749619311123795
row_025778,0.43957585133942295
row_041945,0.6065766967003635
row_043503,0.8841422740006014
row_044553,0.15771229814683646
row_014603,0.44941125174931607
row_004044,0.6426740844267492
row_007777,0.45140431728955815
row_018803,0.45403269523938294
row_049762,0.07859759187524992
row_012489,0.05072574494637263
row_034319,0.29551480429730387
row_033519,0.28439787827057733
row_048830,0.2795825141344888
row_045123,0.5645421188295076
row_016746,0.40746794985052603
row_020507,0.5146701637488217
row_014329,0.43067695350312835
row_000558,0.9199136960502742
row_037367,0.057826798685502535
row_044739,0.6506243768243495
row_038948,0.05213142190930566
row_009097,0.4865049598941409
row_031216,0.3070115316395123
row_017599,0.071350319968474
row_006065,0.45057785710324694
row_014528,0.6774126322122687
row_021139,0.4671709987514169
row_023051,0.8960343487076471
row_029661,0.44331257713981265
row_028563,0.8074374152193436
row_044721,0.21224704191264201
row_021153,0.48261327898006323
row_005540,0.31505994474892157
row_045877,0.43259398779414404
row_040661,0.05574211976212085
row_044636,0.45676202776595115
row_036623,0.99867692774401
row_047933,0.24685366764188577
row_028748,0.5348209722216957
row_018542,0.8071444981717504
row_009782,0.41708095213572427
row_023942,0.9922138588901396
row_030958,0.4086296468060216
row_032105,0.4840639897050939
row_032028,0.062153593013972414
row_021740,0.1521022836318813
row_008923,0.4331532851486126
row_027108,0.7143336157843532
row_023376,0.22264024340761088
row_021097,0.48528111786146655
row_046639,0.45592896456507626
row_040859,0.3043336969284761
row_024061,0.47174140946298676
row_021777,0.48353193804659594
row_036948,0.29670045339379403
row_033934,0.15805538996133134
row_024007,0.3138567884809111
row_027498,0.16533505221939954
row_024313,0.9544058645808684
row_045843,0.5282069903130391
row_046180,0.6089475084232949
row_042519,0.8958021607466121
row_032321,0.21719664868332267
row_018728,0.7202469538834518
row_034456,0.05400081759719747
row_018635,0.4949032001672674
row_028246,0.41808952561619517
row_041750,0.4340968191422703
row_006228,0.8792245889482515
row_008211,0.5639202192353722
row_040494,0.16055504864056158
row_039829,0.5038946655587179
row_047801,0.4636028593348942
row_021433,0.4209980584923722
row_011299,0.7668158179084132
row_008256,0.4548201361295802
row_038753,0.4127462952687003
row_029805,0.11030023709071195
row_027203,0.7046255351746306
row_036863,0.64562617907829
row_022289,0.3625774040724077
row_013865,0.520526058945693
row_013850,0.40116795112654524
row_002696,0.30535986063800763
row_039755,0.2709673077137635
row_029195,0.26888642386612194
row_049080,0.5638283466214327
row_010225,0.48179299970312534
row_046193,0.4614310314901516
row_024715,0.30253067899148467
row_037340,0.10685377359607742
row_010593,0.637716515071098
row_020794,0.0770324517115774
row_027984,0.34231118283171647
row_029048,0.5811043631743512
row_046955,0.1456558621459963
row_004348,0.5289071698539107
row_029431,0.8208998435658086
row_004330,0.2587278275175357
row_008710,0.0925530127628906
row_008790,0.5285473600251995
row_035557,0.24089328280452632
row_022368,0.9773033284840829
row_011235,0.16699026547844872
row_011111,0.6675990655047399
row_011260,0.3360877233850223
row_017295,0.3426678029091863
row_021263,0.6367202942991043
row_004305,0.4482608630246846
row_000356,0.12235706615062523
row_030408,0.5371491689774776
row_015287,0.022351348782610456
row_037849,0.27903497883431333
row_047043,0.2757429056052432
row_006425,0.27627407740275745
row_004926,0.7003678050680043
row_019900,0.44075524517188686
row_045098,0.14613134780578282
row_009490,0.08787797022375299
row_038338,0.4340021501328907
row_034062,0.5933060005744382
row_045633,0.21915727671218277
row_013868,0.45637854292283386
row_043054,0.40671197715793794
row_043019,0.4360681392441317
row_010698,0.01550450050066333
row_035801,0.48138315743196297
row_038118,0.6916929419710323
row_044903,0.4159158652610397
row_043007,0.29873460641156124
row_004835,0.7106208022218647
row_003658,0.4432999023220088
row_025608,0.7823210235848627
row_040129,0.4808302614520172
row_031986,0.452922192318076
row_048053,0.21300905143187465
row_049346,0.22554165937547324
row_009545,0.21039141127870656
row_020044,0.4262576231727729
row_016200,0.04990688095995136
row_029747,0.7604621815649838
row_020729,0.43589007676472896
row_034417,0.4394206742185156
row_036074,0.5266989304644444
row_000843,0.14409362059701275
row_028760,0.2800716576824643
row_041306,0.4954614140889054
row_049394,0.7307520836032807
row_019030,0.9487826380085109
row_038245,0.6448480476770819
row_018408,0.2644476790687911
row_044523,0.8066513347541069
row_044453,0.4211783523238407
row_005120,0.4016546850433033
row_002876,0.5494795944489521
row_028896,0.4081699822957863
row_004584,0.33428284666324143
row_022182,0.07503707679635817
row_020308,0.29677346694715895
row_018617,0.7186458499231924
row_035420,0.21776595008248822
row_028547,0.6880269486946725
row_023172,0.629798777331396
row_038533,0.6208128608687488
row_031315,0.06379107378417309
row_031576,0.48477415946466607
row_023800,0.21408821315772486
row_045053,0.7460852708132569
row_021307,0.49662865326323835
row_037157,0.25879187237951595
row_045425,0.44704191895421364
row_011296,0.3409619280013024
row_012824,0.11641609645374654
row_011847,0.1254495549556965
row_048917,0.4015593941845305
row_034116,0.7030005739443269
row_041942,0.5613141859719882
row_041728,0.019083428505402136
row_029654,0.30236607848904395
row_045806,0.31295145103876515
row_005789,0.5011825774582686
row_036880,0.40746649531807405
row_005963,0.46725553565795247
row_008696,0.5385906579144878
row_048935,0.6821473154566015
row_026425,0.9149176181064175
row_012258,0.8308909754364469
row_017667,0.5839194155069861
row_026495,0.2908780572946357
row_031954,0.39029816656723754
row_002366,0.50347553012569
row_034053,0.09561870735129692
row_035053,0.16854989359876918
row_044053,0.4154716020984073
row_041930,0.7486195175670168
row_039687,0.014272082742865774
row_032723,0.7138901050413776
row_012597,0.4667795823420547
row_043961,0.12702910453153138
row_030767,0.24194002213317092
row_037268,0.26845570731753565
row_030348,0.20793160493062207
row_006031,0.42333623848655283
row_030847,0.5920928618495603
row_015116,0.6058422682949691
row_002565,0.5304736427754176
row_020995,0.510596313493483
row_007411,0.30554282354824375
row_023323,0.2821375011635799
row_009109,0.41576446114485865
row_030511,0.5724664196874054
row_019069,0.54739930099484
row_001428,0.5090329801126591
row_003533,0.5892601268780977
row_004823,0.5536999897710139
row_013833,0.19961774423655135
row_001184,0.8861860581372039
row_019857,0.6927737685754842
row_015607,0.4066966924469538
row_026717,0.34054559728799283
row_042759,0.5729438156435033
row_031136,0.28690789134234623
row_005577,0.23375167445151074
row_017375,0.7515550655628697
row_009047,0.5386158018982371
row_002438,0.547112498439173
row_027970,0.8937312474872137
row_014063,0.43768472770940564
row_010329,0.6093328732594109
row_043167,0.33478632374685585
row_036581,0.4145076470916542
row_024259,0.5872032490820007
row_026037,0.4000334451159003
row_034707,0.36284948050167604
row_014772,0.5257714500221594
row_041589,0.4867090313549138
row_028160,0.4200091870469002
row_043208,0.19160365594968737
row_016623,0.31123857760439083
row_029502,0.016656143841697856
row_013451,0.7274672355922058
row_012020,0.321119986239353
row_042792,0.18721780349777495
row_005752,0.6885164987172686
row_017214,0.16149564845662617
row_044804,0.5453266006537344
row_027127,0.05669648751173643
row_021276,0.32338943497618355
row_044699,0.988571963513457
row_042579,0.5477201715941291
row_024984,0.4076923382309455
row_028713,0.5862071138168413
row_003332,0.07186458112010187
row_015044,0.14538650384366655
row_018049,0.5854743173139186
row_045368,0.7341127474644681
row_025928,0.8177391175690272
row_009555,0.4339776205504999
row_048250,0.6666077305428639
row_015798,0.4944370669631257
row_016273,0.3151793967063528
row_012402,0.1356199673156765
row_008410,0.11270039411209638
row_001000,0.431357482049232
row_031749,0.25094763148994426
row_049131,0.5404242691825932
row_013223,0.11845539822445379
row_015371,0.6978676353036022
row_008836,0.42744701252762857
row_014129,0.5973552725972571
row_035144,0.9792431923676278
row_039240,0.6401626834863149
row_020144,0.5012056643542971
row_005188,0.5974282417470658
row_030275,0.15945756993808347
row_021487,0.13061335728720927
row_043059,0.6398469536761427
row_003694,0.5624349972131912
row_036351,0.47680943255293395
row_037974,0.3180223197060586
row_013786,0.6152574432222966
row_008414,0.017265744402304318
row_019833,0.218367038972567
row_042037,0.6803164567037644
row_011392,0.41768891545112374
row_040936,0.49827301472570484
row_004302,0.6857812298497443
row_007962,0.38703411505415874
row_010823,0.1395692689129821
row_031623,0.4219539259209717
row_003565,0.45858772185161767
row_012573,0.2950677815912749
row_034210,0.10208106780950237
row_039700,0.15357105603205234
row_040825,0.2525654143164893
row_005420,0.49408759795163654
row_003446,0.22907923719622203
row_047899,0.3176302775590564
row_006627,0.5991754254724644
row_029789,0.699519646338238
row_041522,0.368457397755333
row_010334,0.0064471579037776346
row_028501,0.3862218695725474
row_023619,0.4404529016570165
row_002679,0.1544476342115337
row_035982,0.22809046978373854
row_010727,0.2523316269888718
row_000640,0.8000380181896779
row_041575,0.9077014422526223
row_030123,0.46540941938360697
row_024684,0.7833854974251999
row_014885,0.39688172956120504
row_030975,0.27006609846850976
row_010388,0.24217067846640639
row_006610,0.3914135128424388
row_016795,0.33930218098435994
row_002135,0.6521764951486108
row_021301,0.1256152405418091
row_013630,0.09212243703366466
row_045154,0.2535544345156457
row_039892,0.6872779498507378
row_008692,0.7988268741341966
row_024160,0.8844708740110062
row_013159,0.31331542672368234
row_013007,0.8298066651185468
row_049810,0.45075629290790303
row_046736,0.3194432987520941
row_022016,0.3305266973459066
row_020607,0.20538438804071923
row_037673,0.20896043937980496
row_038829,0.6801438764505631
row_027106,0.40108390722539244
row_008336,0.3446750919372124
row_044144,0.25278608534467495
row_011109,0.309604504525214
row_014427,0.9519889856083059
row_026154,0.1539625421310131
row_047689,0.7452292882564775
row_004335,0.603974137860671
row_029029,0.9052181850776166
row_001008,0.38054926321313104
row_047211,0.08942998768841506
row_000095,0.30704780351968697
row_034909,0.4252815397841535
row_007266,0.5765922718465292
row_008880,0.21027125513957132
row_022947,0.030945752424597392
row_029798,0.6414357041448112
row_012390,0.1759090472580649
row_015825,0.2735326694342624
row_029807,0.34163086882648186
row_024553,0.3381486830000062
row_034716,0.1433597807552408
row_015662,0.04766403937133837
row_038857,0.22459216646427227
row_007745,0.3681018227641302
row_016454,0.4813439822506168
row_022009,0.9978698547205518
row_044234,0.22869471486137793
row_028802,0.4736640767662727
row_018192,0.20728061752397747
row_013099,0.6977132731970114
row_003285,0.7181139681581914
row_027423,0.9035337155061628
row_029748,0.2930772643036008
row_008978,0.7509453212502171
row_049267,0.3606864394217063
row_003682,0.9965858238248141
row_033687,0.6352623492901466
row_045582,0.7535552451232334
row_028952,0.7576058014051177
row_027936,0.6238110419125926
row_019058,0.4140061529313139
row_027403,0.2513190502023818
row_016894,0.16868961533109833
row_011691,0.06730508522589987
row_027952,0.7248563334295622
row_000242,0.7669394637550224
row_022899,0.2578515811147652
row_009951,0.43772510182251345
row_036527,0.43745125796203166
row_013781,0.33462890330451106
row_022987,0.5075285364617765
row_038503,0.322739718023008
row_008080,0.6104194886096582
row_021232,0.39779175885539303
row_011277,0.43765060279348805
row_037016,0.20770018227477113
row_049715,0.032718905632205565
row_045873,0.6684759567844835
row_003113,0.6186356548430785
row_025655,0.1330463896718416
row_019111,0.026539138114356355
row_020139,0.41845591259219767
row_030641,0.2656050782070571
row_017402,0.07186213905732698
row_002219,0.07759703197782541
row_022406,0.10977202498697605
row_026939,0.35457375255260604
row_035235,0.4359854319108592
row_040430,0.6433654936324947
row_005371,0.8471511421633289
row_001094,0.5223111237226308
row_049987,0.2283797524999301
row_043859,0.4790830908972273
row_016514,0.5591366328166469
row_028352,0.4371489774722352
row_005736,0.30071127260730524
row_008533,0.16936748951125616
row_021759,0.39673813218737
row_013447,0.4653169680952205
row_014179,0.009267084011075769
row_004014,0.41104754203937793
row_033356,0.3637501579000308
row_021558,0.018754333499465335
row_036306,0.4890776387599557
row_034635,0.31398949848343055
row_040405,0.1859866369377098
row_000018,0.06403031744558388
row_028187,0.1699904226821345
row_029317,0.026428482823213393
row_034846,0.7371199878201853
row_005798,0.2559371701308549
row_018193,0.6904675060338775
row_040570,0.6453800690799896
row_046046,0.4684926705834379
row_019957,0.5282946207564447
row_049344,0.5330078256381534
row_032446,0.5344679636273361
row_019145,0.5054188695968311
row_031372,0.19808645007485545
row_035950,0.4174076625725742
row_005549,0.652331000724963
row_012227,0.5640711594491395
row_008754,0.2169773470139939
row_038256,0.8108968777233209
row_005483,0.6087874534728934
row_019806,0.2961141136379824
row_001924,0.9164908870502293
row_010604,0.46346372898827376
row_014531,0.8583401594252044
row_023007,0.09807653743566291
row_041208,0.6057623810797408
row_019695,0.18937938635711932
row_039707,0.251489821270883
row_015756,0.6980114312969002
row_032152,0.2105719436040823
row_032180,0.4857112752023651
row_002304,0.3666411394602669
row_045981,0.1561671160434856
row_009798,0.07794304843558941
row_031973,0.15270767280246442
row_004565,0.33422535235154355
row_018101,0.3167886773175582
row_016395,0.3119995989873491
row_009081,0.3010045624652518
row_002180,0.29874906753373354
row_029471,0.4668989159052943
row_005933,0.41684036723992646
row_012806,0.5074972016257261
row_029415,0.77193565150333
row_029691,0.5981623249800928
row_017079,0.6988690954452117
row_006938,0.6931133802788679
row_037041,0.6767816494327517
row_035923,0.6181265740026949
row_003245,0.30504932307283855
row_047112,0.6226188711694932
row_003419,0.2864732767162007
row_020770,0.587229535526689
row_039100,0.48425246845824155
row_038956,0.48165571080232183
row_028094,0.2183579400408183
row_007750,0.6331029044297254
row_028304,0.4101651675150778
row_048204,0.026173598944636195
row_033393,0.5530297008173832
row_038000,0.8632370227408506
row_014677,0.5902910869475088
row_047544,0.3476297520053287
row_009147,0.17540597123374413
row_011064,0.24367899806974325
row_046255,0.06948757314758251
row_035842,0.2519166562899076
row_044173,0.48370958879322506
row_042457,0.5609915125362297
row_006532,0.2291466905715643
row_024528,0.7460407911188237
row_011201,0.5998154716495623
row_041856,0.015043034285455148
row_048311,0.3003162954213966
row_040991,0.7182014429034098
row_040189,0.2611014152542328
row_017234,0.9962240466219826
row_035373,0.06115460720210855
row_021525,0.6015571895220924
row_005846,0.6605387007049346
row_023224,0.20619747791973808
row_031639,0.7594506555904774
row_023053,0.18780092709193194
row_003901,0.24541967419666652
row_030250,0.32761995780848285
row_046400,0.05512833689844423
row_031937,0.4737922402885431
row_018164,0.46457504232657637
row_002033,0.5797113833297813
row_030562,0.2714485716402053
row_039376,0.2339301761853414
row_032211,0.42699011232231787
row_040807,0.3917324290098171
row_033035,0.5929614726888641
row_014181,0.7754843722096243
row_009587,0.21272441263986283
row_026096,0.3012383528789888
row_014875,0.5243946676780952
row_044032,0.5256936563944877
row_045952,0.9471421609633359
row_004086,0.7736295992034878
row_024413,0.11887396309797812
row_027769,0.718777251665757
row_018573,0.09813726829983749
row_027349,0.4228277265899658
row_044798,0.5840110813703064
row_034659,0.34223186441661946
row_026111,0.7061958583472867
row_030017,0.5283484438534273
row_022591,0.5279497265727853
row_015584,0.34874872802386003
row_010784,0.5690894374950229
row_002024,0.22364973926637383
row_021776,0.241795027071447
row_023660,0.7754675866329422
row_026676,0.9103052719841641
row_000101,0.6123022620616847
row_001657,0.5172160662801261
row_015278,0.10766836033023496
row_043173,0.6114157642072066
row_007536,0.6049752785511378
row_032856,0.2923594429736117
row_047227,0.027543939698511696
row_030981,0.6036915674777096
row_024151,0.007250794912209835
row_039810,0.23804126956205832
row_001566,0.2076605536973503
row_033987,0.6339843968724529
row_013453,0.2725371141067345
row_032161,0.1751808856942456
row_025669,0.10825917250110874
row_004131,0.8189355770166998
row_039935,0.3312990746137019
row_012718,0.39173679400570094
row_049232,0.281802231849101
row_013188,0.8004863731639862
row_003973,0.3574468255757588
row_022197,0.5944887057859901
row_011387,0.24605363268682168
row_018182,0.09170254921236622
row_045005,0.16380422847818066
row_009457,0.7007515059634449
row_020853,0.25724834823890186
row_043235,0.06514437547014068
row_048422,0.1818618020752828
row_043626,0.45577114602638524
row_016441,0.2556314842458526
row_015047,0.37321817405573654
row_032244,0.36291781494354597
row_004384,0.3867265339973162
row_019295,0.6533043406839294
row_032626,0.20907970064505607
row_039478,0.021523780829340502
row_011147,0.7307749298862468
row_044315,0.7278744488784242
row_039264,0.3012867483471888
row_001599,0.3111959577881645
row_025442,0.3196695412112463
row_047369,0.47122103959747863
row_038086,0.4497165979941813
row_016283,0.3522249565403283
row_036992,0.8398827457946972
row_006965,0.6954713676415234
row_019278,0.08133889797731897
row_001573,0.7016732684702959
row_037665,0.13693322847467662
row_044071,0.1651208987765121
row_040468,0.30773074021940044
row_007570,0.3054269518309547
row_005838,0.9555243939516199
row_046709,0.5210859753485675
row_018314,0.08374961359446152
row_008214,0.15213991336073412
row_037699,0.18934953570777643
row_000763,0.009728688026034698
row_045475,0.45547868061382235
row_030569,0.5066530805343479
row_046262,0.4746109999743384
row_014542,0.20519730727774704
row_027350,0.33835802182708447
row_041197,0.6395278735180476
row_048373,0.5143446219631448
row_024405,0.12690407744824536
row_049225,0.3250871689149815
row_034621,0.37568543061163523
row_040177,0.3161616852597316
row_027375,0.252872470794005
row_040444,0.3267133077004855
row_028326,0.3573348608318405
row_020786,0.7322178149500169
row_020366,0.6369093766369804
row_014315,0.03645221133858512
row_002757,0.5496975884542378
row_033871,0.5641353692234817
row_000635,0.39535888334367575
row_047028,0.691381755423292
row_015189,0.48155531600724244
row_046680,0.10521379501011036
row_030418,0.49743358596947784
row_003555,0.28934812361787937
row_041997,0.2816715554008522
row_002044,0.4544155197121911
row_000983,0.3070715716298406
row_044469,0.5599606180607021
row_013430,0.22665701696439602
row_037755,0.5521221605777648
row_003548,0.3285499264397079
row_006308,0.8694704115478538
row_047859,0.4493764075245101
row_018930,0.5736035741513948
row_002488,0.15389069690975377
row_023315,0.34834130810539954
row_049688,0.05987899180678639
row_031499,0.21656899523782466
row_008442,0.3938093648697332
row_037752,0.23048474670078758
row_040695,0.32262435835912484
row_030687,0.4879964112445613
row_046135,0.05544547913705219
row_039473,0.5735596459857837
row_047693,0.004462192067596898
row_000186,0.4575476212077425
row_048674,0.32195449762738665
row_023980,0.5989567875066372
row_033736,0.45436477898623673
row_023300,0.9243003811366235
row_016035,0.41172402728938684
row_024357,0.09247324429295821
row_001843,0.025563346079135355
row_007541,0.6216002629891586
row_041629,0.4632160347264798
row_004596,0.43071877863121666
row_002822,0.5964873049565459
row_049188,0.43360276060398556
row_033668,0.39617214319254035
row_012930,0.6158916981602671
row_032176,0.3854986262558635
row_006035,0.16877673580922348
row_043634,0.35022775148376784
row_036416,0.4391343473076107
row_033778,0.6380503677060724
row_012323,0.08685297897674243
row_004115,0.07261387120169456
row_042043,0.9198613869414634
row_049123,0.7003737522619902
row_012383,0.3297574237911207
row_021489,0.4897141821605335
row_041673,0.3764414816214807
row_029977,0.22023457105493413
row_014203,0.157774152878789
row_028346,0.5553763933066361
row_019586,0.893031791339789
row_022129,0.31172227686643406
row_037845,0.5505412392813669
row_043156,0.19713677968212162
row_019721,0.48739038093153464
row_022855,0.3130694391381333
row_022304,0.5906884040137935
row_028285,0.3949721454675165
row_035109,0.4261878468431768
row_000161,0.37116329117736485
row_043683,0.22113519039738236
row_025138,0.008798616824645026
row_037541,0.3134523024575041
row_024539,0.4823203793827218
row_032931,0.15681053475997875
row_046332,0.6215650784561727
row_006597,0.6625790891871994
row_039639,0.428803003079342
row_022183,0.9524576296646109
row_028621,0.21102876023799833
row_020195,0.299134622943459
row_018704,0.6555210021000721
row_028318,0.36493154881771517
row_034229,0.31811955548512005
row_023999,0.6468859350236851
row_005452,0.6535521702398337
row_021685,0.39144026841124896
row_011026,0.44704451498942127
row_027639,0.28030261849850824
row_031290,0.6648012259864908
row_003596,0.9693709009327349
row_036573,0.37561627817738763
row_024181,0.46195077893210473
row_007943,0.40802954025816174
row_009120,0.6241072830693302
row_029102,0.4215284835679862
row_008321,0.8395685777754741
row_039856,0.3054525644379663
row_023294,0.3552298807644087
row_006603,0.6359471941348482
row_003638,0.19097638025689845
row_023432,0.44521070251024925
row_002377,0.3533941372969468
row_022624,0.6577687683258595
row_038986,0.5469881551345265
row_020579,0.16469393185266223
row_011298,0.1905244862121113
row_005542,0.00450394380349317
row_013236,0.028084718337246194
row_001056,0.5629977545931002
row_019942,0.2767369722950104
row_025741,0.6242926191261078
row_007042,0.7364658163275474
row_028483,0.3776192267727006
row_007159,0.3868562711694963
row_038079,0.4875290066950832
row_048540,0.050013306075790714
row_046568,0.13950158425798243
row_033328,0.7659863331832698
row_027863,0.13914640840728681
row_010585,0.2603831270698894
row_001538,0.4329973528203327
row_018395,0.10114173452644477
row_037255,0.4658860733070587
row_045719,0.220668171194241
row_045718,0.28279397220824876
row_001023,0.45551733037288283
row_000361,0.7709517683212369
row_007626,0.6318820509102522
row_018088,0.18923275853431232
row_033140,0.5295981702473371
row_001805,0.4494817992979106
row_024033,0.19035953620453627
row_007018,0.1566117751196256
row_015729,0.8882929080181979
row_026656,0.7229858834675771
row_019735,0.9600261486664526
row_026665,0.4631109767715097
row_049316,0.47558470844884376
row_044660,0.5612411655858573
row_031978,0.5465885421114949
row_020451,0.4913827618758547
row_015550,0.38710510152134936
row_015694,0.21059778875037516
row_006464,0.30449461104675607
row_012130,0.40440372546211434
row_013456,0.42282719442851846
row_004400,0.401008684614428
row_036487,0.692709219983634
row_020368,0.4703577168718964
row_038530,0.18229313441737025
row_045775,0.3398943588861967
row_014199,0.4303679638000635
row_001464,0.5922570944372446
row_041676,0.33047865826985556
row_024106,0.21402962777896198
row_029138,0.5608757827233362
row_036759,0.8202709068697926
row_013722,0.4620670455172221
row_037197,0.7650140914408892
row_028595,0.23469003348602632
row_036000,0.256262496861307
row_006711,0.5178843129500521
row_030934,0.37543379263118465
row_029711,0.23872640463395922
row_045441,0.8712638380247097
row_021484,0.3093908331962225
row_003220,0.5776630687633065
row_020137,0.39395373160748426
row_014123,0.5816640244693638
row_007240,0.2751665043076201
row_019743,0.19342837480116423
row_023830,0.11961690173031227
row_010799,0.36212927838721953
row_004315,0.8179387591832993
row_009107,0.2791947917529666
row_044385,0.12858608962171011
row_039365,0.15772755599054702
row_006125,0.8816353694844726
row_035103,0.1713085761606647
row_017612,0.08337296677909273
row_005448,0.48538816792006334
row_033983,0.189497376674781
row_038377,0.21483366544171503
row_046951,0.12129139418050287
row_034790,0.38998755338798125
row_035218,0.34032798188697866
row_036988,0.589089047799235
row_013335,0.8053468129931494
row_005692,0.37085625013620993
row_017966,0.46066816814235667
row_046895,0.3060848099893664
row_013030,0.1394148641973479
row_007157,0.3146154008750381
row_048357,0.8932682511582739
row_044505,0.8402239848570419
row_005285,0.4256258425281074
row_029152,0.3415309724701086
row_015485,0.6605550504610392
row_030591,0.6386883133793204
row_044557,0.9946198287051845
row_034499,0.5277717600546514
row_040998,0.2692802632815539
row_001294,0.5285995956825194
row_041148,0.3981580173322189
row_043109,0.22916120302120804
row_040492,0.014689330446215045
row_031302,0.2699689036829232
row_020021,0.38648979486847873
row_014803,0.0018890629589049072
row_027488,0.3985978952049441
row_000841,0.4894004385019015
row_030405,0.2512029005906947
row_011074,0.814955526762662
row_047668,0.1751280139819794
row_045480,0.018091836098143604
row_019225,0.6622955577951756
row_034882,0.15595106415580778
row_047938,0.7086289181710861
row_004362,0.48276772465737783
row_019412,0.07275560593244655
row_023191,0.2534641116142125
row_032989,0.3994163915798488
row_016300,0.8317283608646009
row_006923,0.3701020030453341
row_033099,0.036685591162897366
row_032987,0.5390385159196116
row_026318,0.47539465911741746
row_025474,0.3819777596549259
row_046285,0.25069615882509794
row_012446,0.2821155291931852
row_043873,0.6777206250447267
row_018420,0.3298604308911443
row_048535,0.2706442709393066
row_021419,0.4699833736300599
row_024376,0.2086608499219085
row_022615,0.40534034424751
row_033717,0.5196683333157441
row_021688,0.2889619675575393
row_030665,0.415694825080279
row_023368,0.7089961673927031
row_030908,0.148892700949462
row_000466,0.8957271816653266
row_032652,0.05298815940002983
row_047596,0.3507615779387119
row_023225,0.35575794813825684
row_046559,0.11625089220603559
row_018352,0.5590373152508168
row_007774,0.47958290458981273
row_011642,0.4921353190108432
row_022553,0.2072907451917719
row_016563,0.4935765362596688
row_044141,0.6509141814364678
row_022763,0.3293052520798463
row_014000,0.13029642599773458
row_004254,0.31258104582076446
row_016989,0.6925193292175592
row_038562,0.4828408137218269
row_025551,0.9440455018482643
row_028854,0.6273026771921626
row_030690,0.5041292708951068
row_029855,0.8323608198002634
row_022051,0.40401602557362254
row_011395,0.2626777397090213
row_012513,0.22540093432208305
row_039210,0.5482499058734563
row_022445,0.09792519968388368
row_003158,0.13015745055856925
row_007530,0.3285026806900538
row_047632,0.3035042852294905
row_046689,0.37102228430185435
row_025973,0.3771657392754896
row_037818,0.7585596720775388
row_045405,0.2673512972148982
row_040664,0.2708889064131828
row_029503,0.15076451387289733
row_002516,0.41970350024835557
row_043932,0.18699768176434173
row_013164,0.6420851649037582
row_029279,0.29410172272301105
row_032416,0.513213523822205
row_001095,0.37953601012878485
row_048794,0.5351091831836957
row_018037,0.3191968863006296
row_048648,0.8797489891932421
row_024571,0.9159198259153188
row_024851,0.4896497019988568
row_008875,0.6608552690599767
row_002005,0.05601531421382238
row_044169,0.577736231102863
row_001956,0.6165030330683855
row_007743,0.9112506398984584
row_007339,0.7212472186686829
row_004616,0.46349181525583405
row_020945,0.956288262696061
row_042201,0.10324669965370016
row_035913,0.5417041462356539
row_009014,0.9886372696039339
row_045156,0.3734027590626201
row_007132,0.39722177654486096
row_019814,0.17455694994855753
row_009925,0.4038452066636294
row_000674,0.5185583823229881
row_031184,0.44574608247979425
row_004109,0.5541767918312359
row_003982,0.359902860966703
row_045039,0.6391792052860922
row_043236,0.5147711525263406
row_046094,0.972085135309714
row_004421,0.1621968626129613
row_014429,0.9471972203938166
row_027264,0.025688857535904153
row_009737,0.25637196081184804
row_019140,0.17434278038152867
row_004272,0.6043967637432046
row_003214,0.20832381661870045
row_010539,0.5138763266056179
row_003399,0.49420058729166616
row_014747,0.3177135913759435
row_022435,0.6867880620557243
row_000300,0.6182702242500516
row_020254,0.41304354459602444
row_047084,0.47562821151699963
row_031116,0.1459427071002117
row_037017,0.4171013737972978
row_010584,0.45975156026387576
row_018366,0.5367474397084037
row_027733,0.2657125530797111
row_009398,0.6679855483975076
row_006385,0.39214567170793413
row_027641,0.707266666397413
row_020977,0.6332497363933419
row_019332,0.2522213652890962
row_019618,0.17466936753299403
row_021578,0.27419159331421267
row_036258,0.31634843489179426
row_048986,0.21839021706511888
row_031676,0.19025201640699785
row_012792,0.46862774854328015
row_023328,0.0777028628244176
row_013209,0.1339208986378891
row_026007,0.4352490506334105
row_012715,0.4276787497550504
row_048249,0.18025419328631603
row_040359,0.24952741661630143
row_040018,0.4425384582450978
row_016065,0.41288018019396505
row_013758,0.19978170791729344
row_017190,0.27180774277867764
row_049623,0.2790884624638761
row_014334,0.014333383403991064
row_033656,0.5281456423461316
row_014766,0.852785792365763
row_001283,0.8472414366406567
row_035927,0.36881918258963803
row_023414,0.598178846804936
row_046316,0.9720738726600677
row_030829,0.23789656961563874
row_049417,0.9581446132840451
row_037309,0.3411606206052217
row_019804,0.4915927800783091
row_029301,0.44476596027048393
row_004149,0.20233916276625116
row_033793,0.41729318846174573
row_003242,0.035451515967446584
row_033108,0.5120367494539795
row_036403,0.7683107185531102
row_033600,0.04184125584209393
row_028666,0.13672893687073148
row_008200,0.3030875888264005
row_046280,0.7955569320353854
row_025279,0.35968627874410647
row_049523,0.6170780822430131
row_021023,0.535802683364284
row_034369,0.47343282603703235
row_005388,0.7736750325369379
row_007982,0.4438430973588905
row_034343,0.5418508778927058
row_015300,0.31671988513155513
row_024519,0.08292547788941722
row_002728,0.3092346346027732
row_010864,0.461650767282033
row_033864,0.11105329043054894
row_043472,0.20541122809891987
row_011054,0.29738478815597286
row_019571,0.09107097748301402
row_008924,0.6451439918674573
row_045463,0.3231560891445787
row_019091,0.5156116398539092
row_019342,0.330456843120887
row_037717,0.273689395784689
row_031875,0.6180127183474325
row_042315,0.9541355072515278
row_031003,0.08930158523217725
row_022052,0.5311129705526525
row_031865,0.6084567916691545
row_046556,0.37694123897879406
row_041433,0.31456971166869424
row_024682,0.44814296014280486
row_045378,0.4906919539998566
row_029513,0.7591232735979991
row_002584,0.6546986306875512
row_028737,0.1476387201090297
row_044398,0.6584694324278272
row_048300,0.7119686134340407
row_008616,0.04475223779826146
row_035355,0.6067258801047261
row_003199,0.4268264944030404
row_031944,0.21788575718949516
row_002373,0.747740543271344
row_020720,0.4415152341347274
row_009699,0.9171020602297898
row_016492,0.4527727767687476
row_023609,0.10985946239323965
row_017225,0.37915231777549835
row_046218,0.41748190939052066
row_011252,0.32385875923278495
row_035216,0.6821199296104723
row_016061,0.38578743900629003
row_042823,0.0026381212484579888
row_025245,0.442383531650412
row_049782,0.293966261651624
row_023425,0.5175813808954046
row_032085,0.6134011232227493
row_002121,0.27278427357446156
row_003011,0.04717706775394955
row_049787,0.5508442209217933
row_034017,0.4604133475194715
row_004079,0.5034488680810236
row_036865,0.36910170804945847
row_023446,0.37818460490046585
row_012290,0.09275473305364068
row_047239,0.4153928670179608
row_049053,0.3834666837546523
row_047616,0.12880730009957272
row_014211,0.174592030842862
row_044126,0.265990771420117
row_044600,0.6760551023587736
row_029777,0.5798555996127185
row_024364,0.6266741401527545
row_006377,0.7471079901251718
row_045327,0.329895932788751
row_019774,0.8947021017223467
row_015654,0.3325293827100698
row_039782,0.7727809779194057
row_023164,0.32478816841012975
row_031706,0.3240288397319116
row_011530,0.5754857769990739
row_015826,0.4749950737851441
row_020478,0.4179300920086795
row_026715,0.4201597615016984
row_049906,0.277326958557831
row_031791,0.01686566361175497
row_005469,0.7147525132548613
row_042312,0.8040270848898047
row_008076,0.13414802073275542
row_032992,0.4732491835410973
row_046505,0.04562859268949307
row_039172,0.3794933872132132
row_014056,0.04564150643498948
row_006577,0.4030429089757726
row_046274,0.35146452526054384
row_028278,0.6736235135109317
row_024025,0.12548974186472703
row_035242,0.5967011042640689
row_013887,0.21168842749073086
row_046704,0.5100018768373399
row_003369,0.3007543641390193
row_038477,0.3854198301216403
row_005644,0.9189723548917708
row_002479,0.5581804040842763
row_005945,0.08979711007766544
row_028216,0.6246175499128135
row_015139,0.2822549549634246
row_015259,0.38153551229081584
row_010658,0.284134370544778
row_018498,0.15812329116352863
row_034826,0.22121080686351785
row_026783,0.057686569888555944
row_011371,0.9896423533783842
row_029934,0.28256147716178565
row_041889,0.9345823600320733
row_002419,0.2848757049548499
row_005087,0.1793850172762282
row_023851,0.5222105184240248
row_031946,0.6913568197195047
row_029646,0.6690401206842089
row_013516,0.31105768688444274
row_029285,0.7797944300191623
row_017708,0.154004210178109
row_034044,0.22673198353663596
row_014845,0.4327682585121069
row_005636,0.32462022988227385
row_014826,0.2930831860468494
row_020011,0.3262947538969911
row_016833,0.18390507182380933
row_005842,0.027680920244265814
row_048561,0.09306490345842199
row_037299,0.42244593122361906
row_016297,0.6651416689964771
row_012546,0.3012795566594102
row_034268,0.4722259084287197
row_008426,0.4740171824080087
row_042277,0.31322876057008475
row_043702,0.3798100540556433
row_028755,0.4276294620907135
row_045364,0.9849174899990758
row_001495,0.03522493049053402
row_033773,0.1242613820698863
row_025493,0.29511057440744504
row_045849,0.5434144354371513
row_042811,0.10555169305285632
row_025399,0.8090551378461988
row_019796,0.012351322583265024
row_031752,0.12753944867803083
row_036766,0.521402605819313
row_000148,0.1287581332664658
row_003023,0.6450594143660345
row_045669,0.3222290339091575
row_024991,0.002784451773514838
row_034161,0.06138094301006811
row_046795,0.4477776064107024
row_002869,0.5253329320166342
row_048090,0.22089170151537213
row_016923,0.6642887636527124
row_017874,0.1375353386796246
row_039535,0.47811359136777853
row_038990,0.2523555590079001
row_024273,0.39147296354230965
row_022184,0.2970889833389266
row_016854,0.243504676331591
row_025988,0.40320640932830987
row_030860,0.25738564428825067
row_041919,0.5174454549732106
row_016658,0.551035223180476
row_048125,0.40027056035727454
row_015612,0.6446298554355169
row_049885,0.6773244635538005
row_036237,0.9502585855821128
row_008450,0.2826523469520943
row_029671,0.5950896716998282
row_001943,0.22057570865296158
row_009733,0.5829028845361253
row_030993,0.7272494647197695
row_028262,0.6316577494910488
row_042112,0.18258685667527944
row_016491,0.05775006264973464
row_006750,0.3880789598445589
row_010798,0.34171298923176546
row_035398,0.5215878701037576
row_041569,0.2963708120740226
row_033530,0.6898745892805015
row_037996,0.2778839710537128
row_021452,0.2450928295660789
row_022542,0.6943820472719343
row_041390,0.3898802027582694
row_049327,0.36236401145675673
row_021027,0.6451496332804781
row_001678,0.6004906178806863
row_025674,0.12542782382732792
row_034527,0.42420711920174503
row_034399,0.6107570332005214
row_043858,0.5492206893403785
row_011220,0.7263574208001717
row_021687,0.2563136561616435
row_028437,0.9415261212178287
row_010634,0.4759305810286822
row_013127,0.9486876452891786
row_020716,0.6232530775982559
row_013902,0.2211780443624613
row_034454,0.029704748368363374
row_004397,0.12994645908282712
row_040916,0.38685933532192807
row_040283,0.26976850126782775
row_043192,0.3991849011532638
row_004731,0.5190502272911833
row_009053,0.8506553164159883
row_033162,0.5616586937000123
row_032857,0.7099132755368674
row_009579,0.8450030386724131
row_018622,0.30609365758441587
row_014445,0.20687942585492508
row_019092,0.49165061651078346
row_013331,0.25721663343576534
row_005377,0.6025079021811935
row_019384,0.31564036297607967
row_007555,0.2940677179085218
row_031415,0.18908396310274617
row_012120,0.4815100394269081
row_011555,0.039439364711946034
row_037454,0.6562870367930052
row_046333,0.5985336708822119
row_008823,0.41519320190926917
row_032621,0.7371142591042704
row_020713,0.5505413642772435
row_045250,0.24027936340703837
row_008516,0.45747815552146637
row_023541,0.5088169541354844
row_043514,0.13538320861208653
row_047450,0.48209005302161234
row_011913,0.7297257396599706
row_011687,0.6268148887456734
row_024962,0.7510282294332532
row_011377,0.8078942363202685
row_015902,0.6879108446810336
row_044065,0.049968106040418306
row_011976,0.24440235325053922
row_003147,0.3827969763279334
row_023659,0.3342276798837722
row_021588,0.2528773388450249
row_005311,0.5935240978231064
row_045433,0.34421206933973675
row_042689,0.5927984391412163
row_030242,0.39561241386328694
row_045140,0.46334529879919784
row_037808,0.839675080630869
row_047594,0.4399441132469046
row_029367,0.4294339543256603
row_033115,0.3751854430376831
row_020591,0.5841408835865147
row_038817,0.7354139712427268
row_025232,0.5075875645297231
row_028253,0.2500093482755705
row_037710,0.32611227439767193
row_043171,0.12037450255654537
row_003221,0.12209302087339681
row_029002,0.21655183364100375
row_002359,0.16705833055040265
row_006413,0.8031727661321761
row_005639,0.7819346275583954
row_042936,0.14281477858722832
row_036675,0.5490420105014057
row_030371,0.8589445852665464
row_014165,0.49847100333642425
row_011562,0.42831378764474143
row_002150,0.26653559291078527
row_031641,0.5428960812824176
row_005682,0.45549141111262503
row_013743,0.6778532413691769
row_000035,0.812014116702865
row_026408,0.5117862216996362
row_004224,0.8058569340955184
row_012006,0.42150297636000866
row_047565,0.5880766670465842
row_027490,0.30654697338853254
row_026762,0.5293089518677264
row_040326,0.6271389565065796
row_048846,0.31148522934872014
row_009337,0.6571496066784294
row_047270,0.583819826358792
row_005048,0.3892001516823606
row_008391,0.004357025960900448
row_019494,0.51337288787584
row_006622,0.40534423070224956
row_048880,0.21996489955261134
row_046149,0.293748404119278
row_003852,0.6884887281460315
row_018170,0.6957452578421411
row_043467,0.5875291400448299
row_000773,0.17510203936655114
row_011784,0.29883704319492593
row_009121,0.39657744803800155
row_013815,0.32423228860557696
row_026006,0.043381974785725294
row_027168,0.8519072495071883
row_029251,0.233574634400727
row_035249,0.9102960264696277
row_037307,0.5336897473497593
row_021553,0.4102646294005072
row_047455,0.4219484226788957
row_016432,0.35974581043765863
row_020118,0.27857563504211
row_048078,0.7797489330688069
row_047105,0.09037318336706111
row_004719,0.27920909644551356
row_003795,0.26329613329101886
row_015160,0.760655728394015
row_021437,0.35754982288344445
row_037182,0.5005633573505177
row_027306,0.5932667858194839
row_004295,0.6931003107604966
row_046435,0.5005056819813837
row_023165,0.6640982476780264
row_027261,0.2646809996207133
row_001825,0.880716854518023
row_033216,0.5440050762435477
row_032860,0.32997027541002316
row_039007,0.8007855113806311
row_043648,0.38183386098175637
row_045337,0.18052947901231292
row_036595,0.5025623020049447
row_034507,0.7348647455069897
row_008226,0.7637208239089609
row_011481,0.7718414821744638
row_009483,0.08005808554080096
row_046397,0.6936991566896316
row_027832,0.5452620377073684
row_037478,0.20100203702008526
row_039867,0.657704257172847
row_017119,0.4379194725230878
row_038884,0.5200130893710263
row_036409,0.742420729003398
row_038432,0.011613908931235813
row_032980,0.4559218396906957
row_028496,0.4757068912843433
row_016322,0.3401504240135781
row_016431,0.36787652573763374
row_027253,0.23203389763039667
row_041882,0.3716654044070536
row_042460,0.5933220295710246
row_046229,0.5016013908003114
row_036709,0.24856871776260606
row_014093,0.32507960531743263
row_047866,0.34886003742218863
row_028339,0.3731273278459502
row_011651,0.9999312495599
row_031293,0.2768565259957818
row_021010,0.7226757542535293
row_027066,0.529954456976975
row_031443,0.18265967760500787
row_020891,0.21909080991719287
row_012490,0.35193532242413583
row_002693,0.32917071972003664
row_036003,0.6374243530443402
row_006052,0.5124713584299938
row_015606,0.6637181565817603
row_001115,0.6274823693119587
row_025830,0.36811852653023325
row_026538,0.9807864518209496
row_023537,0.4021681153224957
row_049973,0.21901273587266215
row_020747,0.5354254095753122
row_032551,0.2128745166731139
row_009952,0.07838645660534753
row_013782,0.3908615837439735
row_038003,0.48431202770079756
row_000749,0.6808942701244911
row_041921,0.601790951044907
row_048433,0.666297084584356
row_010663,0.6045755686130913
row_019765,0.46200162302846864
row_038442,0.33157937385091557
row_041031,0.45793197147547593
row_005898,0.01397909410304432
row_004240,0.22658281331358396
row_020146,0.3502632625539214
row_038149,0.12263129208281086
row_001243,0.4605837003112328
row_020448,0.7931090551020799
row_022377,0.37101268946341925
row_020413,0.45848292661346124
row_013975,0.3821141221893183
row_019483,0.32154151381881546
row_008071,0.6293992421756983
row_038252,0.8479435601516013
row_033438,0.008403152857578937
row_008820,0.04134013732164773
row_049826,0.1427702102840921
row_008841,0.3785767103667478
row_040794,0.9561131349848407
row_026642,0.08727974233718588
row_031268,0.36182650632263763
row_026504,0.49864285177543655
row_003611,0.41616869749661045
row_048995,0.12039274624874044
row_048497,0.6510906193953027
row_041558,0.294415557679753
row_015284,0.8864047005811915
row_022757,0.6476964669440347
row_025724,0.6499458757609665
row_010344,0.7187318860126883
row_001126,0.15654865895895553
row_047843,0.40642822474506407
row_000530,0.4048709082109605
row_033863,0.5930923456093328
row_042456,0.06543936772577003
row_025949,0.3937390752498006
row_033705,0.34900620858721715
row_047730,0.2043236229582885
row_023365,0.6353153969417756
row_021002,0.34564045380938013
row_048678,0.33144940285751856
row_021118,0.13319375202245248
row_017067,0.2534054265294416
row_040448,0.12173245742277271
row_018920,0.23606143252860715
row_003261,0.29643453308380174
row_024716,0.7671294665663455
row_011741,0.45545492505845636
row_030470,0.5497511691080768
row_007183,0.34059198629264165
row_001098,0.6811250667656114
row_041717,0.1591356698994956
row_006816,0.1833214184004747
row_034546,0.424819682177325
row_043375,0.21570620069643234
row_031851,0.4274270316207081
row_003029,0.6689338113514258
row_046097,0.5558653726341624
row_001096,0.7204844769258372
row_001794,0.4861186658596883
row_018684,0.24392550907941868
row_016230,0.6430784780585516
row_045506,0.9087616329620012
row_023637,0.7186812629681396
row_049481,0.030934718985527323
row_033207,0.5683146841138905
row_043592,0.3852738564222
row_031990,0.7958715895708547
row_033551,0.463424653752335
row_018365,0.7922126788051341
row_013560,0.9679339058552733
row_035906,0.5188445900387018
row_045751,0.3050758480868751
row_001169,0.15299921804473463
row_031100,0.42449469496950387
row_028076,0.9024189075674158
row_005476,0.7255722124165982
row_038789,0.11865934408765072
row_030774,0.9884391423416503
row_036368,0.6832495098065133
row_016619,0.4024646278288091
row_042106,0.8253156147539225
row_006143,0.5684756808265057
row_033688,0.1552768811100162
row_027364,0.33022280830086626
row_003495,0.2863286743203756
row_009884,0.4964054059060029
row_025849,0.8555433205004798
row_036124,0.3525747383443203
row_043113,0.020374038226538608
row_038339,0.5006848665754905
row_011850,0.6686506563276403
row_003652,0.18570921049033143
row_048698,0.012046025628833145
row_045428,0.6213828946833033
row_007168,0.8995454633897855
row_022424,0.8239172598153913
row_010594,0.46529588053051035
row_040147,0.34077273166084465
row_048669,0.6514378082821842
row_014495,0.4809591067693449
row_026827,0.7971738267847586
row_010020,0.17745475491709747
row_033703,0.6067636041676706
row_047676,0.1379646305488483
row_028280,0.21102741571991976
row_027086,0.5369720316027656
row_010296,0.5720046489793394
row_030422,0.4217590140499586
row_041430,0.23597239619610327
row_037424,0.2604515484743988
row_034514,0.39158934775996995
row_025180,0.1305292630941733
row_034006,0.30277752706722955
row_034841,0.4922693815343983
row_047979,0.23626792614228653
row_042171,0.42774466822629853
row_012711,0.6817909042386477
row_039310,0.2781831633691786
row_015735,0.4567891008671994
row_041294,0.6181517012764646
row_040558,0.3223064099833454
row_025101,0.7543222629642541
row_030593,0.2105149416260613
row_024565,0.5584736585161485
row_018695,0.4564061431570085
row_034217,0.2589041612988626
row_024367,0.8149681819493391
row_001016,0.21786039643971095
row_042697,0.5637215431928327
row_042765,0.31917247117255265
row_043373,0.7362468042274943
row_013519,0.4673711634620905
row_005618,0.13526923738396407
row_006780,0.3246573648219212
row_046544,0.2512825172469026
row_006246,0.6971128940646091
row_033136,0.1345724006141836
row_019454,0.22286230523027184
row_003021,0.2038736769194523
row_048502,0.27435654936741305
row_005333,0.47452417745179143
row_024131,0.705174948527293
row_005839,0.3929867145740311
row_009678,0.21845764260571623
row_005633,0.6009700721120129
row_048228,0.43591963814804713
row_048252,0.22779595500710217
row_031611,0.0944767627587161
row_017988,0.6436192208761388
row_040908,0.03344085188816103
row_045654,0.727440903901769
row_022619,0.1864861142355807
row_042152,0.18798684576293856
row_049320,0.4279080410315176
row_005845,0.18997681655809998
row_043424,0.6251452469837196
row_011726,0.45789159039099264
row_047936,0.5361812721609761
row_004445,0.5194312534597051
row_001265,0.30034064772185165
row_032683,0.9998695613624999
row_037885,0.35110220846984236
row_038308,0.672069837242997
row_041692,0.3996127902625564
row_002262,0.7780248237341458
row_019005,0.3888184683639735
row_025653,0.2550175919520183
row_017352,0.04710261054733728
row_025237,0.010276656319294782
row_015071,0.5883610112201964
row_025573,0.3048383884327902
row_032282,0.22584396302890183
row_017716,0.24987603106791792
row_025450,0.9832144699073901
row_035903,0.6687734234563696
row_044801,0.06040925899887716
row_027910,0.1267537376713929
row_041477,0.23664903070119284
row_028095,0.15579864677486358
row_006734,0.5411455739219772
row_009465,0.5986905478959661
row_047567,0.851828737954549
row_038994,0.18853439847396497
row_028763,0.7045916138872885
row_035257,0.823040332364952
row_009426,0.7214491855989879
row_031047,0.6921888065144248
row_009376,0.3283686613378482
row_030228,0.2278937640056059
row_006539,0.6533446168342945
row_043874,0.825099766692359
row_005222,0.04244501938254516
row_025113,0.2670193069036076
row_026022,0.3760688146622032
row_015311,0.07421836997430514
row_011634,0.2476833288272619
row_034580,0.19160896532321944
row_047733,0.30939902404535335
row_000735,0.9046974021204013
row_039898,0.8301499092775834
row_019083,0.6503859192869386
row_026047,0.32755401873361734
row_016939,0.7794297856977641
row_043132,0.4662427420460379
row_013872,0.10593185617885449
row_006812,0.5420980578760405
row_031083,0.31157628187336317
row_030332,0.3504524504982539
row_020954,0.5124808883616095
row_007976,0.194635365943238
row_014162,0.8943163436891107
row_004929,0.29044173261287937
row_034287,0.04299981502745801
row_036241,0.5075477228011261
row_002504,0.5446823239067841
row_015015,0.8285884614090239
row_030263,0.29222429737331274
row_001988,0.5493550605022922
row_022359,0.5553936554035368
row_034236,0.06836105190282014
row_039269,0.5329426776623906
row_045160,0.2652825915214035
row_027390,0.5807257995456397
row_036669,0.13937789809125012
row_027092,0.2523283725123766
row_031484,0.18107901382946182
row_048330,0.1582361816852675
row_034254,0.5492847115165683
row_026152,0.16484831366444647
row_010504,0.07726034620844768
row_013403,0.35574184340335807
row_004135,0.3354589846436675
row_026370,0.34380801786992354
row_046933,0.3534655080639442
row_016093,0.4951981697184038
row_009746,0.48404701575365683
row_012926,0.38252832398835007
row_003879,0.2515239748667081
row_037860,0.5613777746894726
row_038197,0.9800784339330173
row_046010,0.11977474441356126
row_049510,0.8723375256555436
row_040892,0.20788094167594046
row_006128,0.15834591350431862
row_041010,0.39053863280180906
row_016984,0.46045406340276634
row_025941,0.33358926845979897
row_045753,0.527374015114428
row_019563,0.9841400969824933
row_025900,0.3034917013513957
row_013985,0.5927528155101593
row_033743,0.9337395930403758
row_043696,0.3133387199560557
row_028427,0.31957856769587
row_001960,0.6466041907156745
row_034687,0.6754292010452534
row_046294,0.40965389395410134
row_004649,0.2394481434161518
row_030078,0.4937987822556672
row_002425,0.4043782807360715
row_047357,0.6600245332271244
row_021628,0.46311811770971983
row_003130,0.7906644342523956
row_028580,0.5238685811074634
row_016013,0.4509597410305879
row_021300,0.4711468765889403
row_048137,0.23982316875435664
row_048031,0.378525236780654
row_042591,0.5678451714378556
row_036052,0.7095273115400376
row_020533,0.09277827906278283
row_030140,0.5856893533395378
row_027871,0.5886446391645693
row_029672,0.4782779351993814
row_004939,0.5138025358478145
row_022206,0.29058859814333393
row_047478,0.39123051612049375
row_040678,0.20291854297654188
row_032110,0.0868344778599498
row_046629,0.5723724278606396
row_024416,0.6841061598562796
row_006713,0.0357644146326855
row_026445,0.3575284192586203
row_023916,0.7052923524347074
row_003654,0.2624459146615301
row_033375,0.3086125270972127
row_004336,0.684244343774325
row_004805,0.3020540406741112
row_007055,0.2550266970146705
row_021450,0.32514229942888684
row_032804,0.6307640057139289
row_010033,0.5554102331169435
row_045510,0.5020966358228105
row_023113,0.37182168205271476
row_027621,0.3999293243888528
row_036657,0.3137839009811687
row_042108,0.35085234333923865
row_005336,0.40243988304030753
row_001415,0.47337456548198054
row_024211,0.4955821001536308
row_016332,0.5952255178582807
row_044066,0.4259766346692551
row_034951,0.1950254525446213
row_025461,0.44607104735715436
row_042797,0.22848026536812727
row_002837,0.5875751773342188
row_029586,0.165502580442103
row_014522,0.2404052224549343
row_012783,0.717818970873435
row_015154,0.32892616469910285
row_019084,0.034998300137261816
row_040085,0.3317227740957558
row_000949,0.4328102181410784
row_026367,0.2963580936393511
row_047897,0.3760614813857447
row_034533,0.15934206268365791
row_026044,0.30469188822636123
row_020707,0.8191416562747333
row_017700,0.11231205546419482
row_035834,0.9441974664795045
row_047805,0.48409085819523834
row_047923,0.4943607407456573
row_021316,0.4870125644776568
row_044172,0.18038050965966726
row_012602,0.6710781949136984
row_038916,0.5031480698254377
row_031729,0.259457299189986
row_023814,0.8790218743113672
row_005234,0.5201566282520166
row_031831,0.38834105641817246
row_045556,0.23839473474382047
row_026403,0.4521422077217208
row_049866,0.7152776021113575
row_015678,0.5180795168207025
row_007062,0.468688423352416
row_024820,0.47508933504753076
row_015108,0.2441729220280135
row_024138,0.1896592642883092
row_001185,0.38860493910738547
row_014355,0.5868394027471465
row_026904,0.6779624615740909
row_027413,0.40386740888254774
row_007913,0.36522283079496526
row_046599,0.732105617757382
row_047420,0.4075970555526031
row_030175,0.4869366989532675
row_031482,0.10577023254575169
row_031283,0.4933878271038171
row_017537,0.6670190179172871
row_020841,0.1674644704573437
row_004824,0.2865288777321412
row_025295,0.2156597182690003
row_011628,0.416522702052005
row_003695,0.49522543123487855
row_029057,0.46143537642920246
row_047758,0.5293676671306583
row_005695,0.031050114623033954
row_023473,0.2130275763724344
row_044683,0.5583651223765849
row_010640,0.25634923604343873
row_018506,0.20892651331703344
row_005182,0.7186553177267857
row_000381,0.9639330855766767
row_038103,0.6158445032948349
row_045188,0.662714152619648
row_004368,0.4067008447965367
row_034128,0.41306272327627575
row_026419,0.019670827841071478
row_043144,0.26393774538653114
row_017080,0.21722072164064538
row_041265,0.3442283600021743
row_049357,0.6467579927051261
row_027048,0.3931475898435812
row_046433,0.5435130570754417
row_013590,0.4828835974440976
row_038870,0.743127130038155
row_021530,0.8148934170982982
row_013273,0.35935653857441385
row_015852,0.08174987182380582
row_038677,0.5205797095898608
row_017343,0.5214044254496505
row_001181,0.7306527840834512
row_041018,0.23980960169869583
row_043857,0.603337764557453
row_009155,0.12176580150822522
row_038214,0.5561891843569859
row_020577,0.0949390489818839
row_029606,0.682859789871056
row_039698,0.6976466147284608
row_014108,0.7835473845809987
row_045067,0.3673170783299989
row_017101,0.5285378141495085
row_041935,0.3685218618582973
row_047174,0.5027999097977494
row_041481,0.6665656288268361
row_006820,0.13699853531311962
row_045148,0.1920342244495308
row_019255,0.466333000973486
row_035657,0.2668181335482545
row_039529,0.1999933800635579
row_038946,0.344034508895608
row_012518,0.6591154441901135
row_004537,0.26093694808648304
row_032829,0.09410334650262879
row_013392,0.3473319066275667
row_013358,0.23370378009652354
row_000757,0.6444736500905731
row_032695,0.4643223947420525
row_023635,0.9219434268231395
row_046944,0.08673542396837641
row_011846,0.7820069079473176
row_015141,0.874531183851466
row_049169,0.4611327474035021
row_029890,0.5221855198912219
row_024133,0.13181179814165844
row_040561,0.9338301851029458
row_032323,0.20642089746182918
row_023035,0.3454496797965741
row_022067,0.9530358080533224
row_007465,0.9010665682018213
row_028122,0.7797876699916941
row_017623,0.48179017259023016
row_035614,0.5843248131218359
row_018642,0.6759629041153725
row_009365,0.15625400893180608
row_014676,0.20043746110380267
row_048785,0.8085091737178988
row_011954,0.017734467531623367
row_027636,0.3444209299810982
row_006538,0.25583402476265094
row_021700,0.020066978262307196
row_038943,0.6073963112604205
row_021493,0.5529826680214562
row_018992,0.4093354517350108
row_034389,0.7572308420831843
row_018970,0.3016291622965311
row_025317,0.441950074584249
row_028614,0.2098278274532667
row_043145,0.7889013492541552
row_037928,0.9945135996220876
row_005036,0.3764758853565094
row_047576,0.3562944161900069
row_003865,0.5243489125243637
row_014879,0.02923030681595018
row_048532,0.16848230810565518
row_024003,0.9975276956450811
row_004631,0.4426452808798752
row_006988,0.3451518322341623
row_022283,0.18930491074202724
row_001345,0.4936411411444698
row_038750,0.3864386170942406
row_046327,0.09300548295958927
row_010095,0.28771631075937654
row_001564,0.26800263690865694
row_022902,0.15634057750378294
row_026960,0.19429533184049794
row_011219,0.8906176691160859
row_039910,0.19233442842956622
row_043486,0.6805917723025503
row_023239,0.6411726668793918
row_049087,0.0891740743549778
row_007252,0.5369442673461703
row_048468,0.32304290490587617
row_019128,0.45872323285745187
row_024815,0.10879465234376832
row_005025,0.7163808645458336
row_007073,0.3582610496984215
row_016358,0.23756886710978137
row_040690,0.5153268863090177
row_036490,0.6492207631348832
row_044702,0.5625118418990375
row_029631,0.21217844612888748
row_049331,0.4046251864094194
row_019955,0.824109990108567
row_027858,0.48970689553213165
row_049798,0.6576842762211327
row_042885,0.6411658591110307
row_042275,0.10680651201718912
row_048789,0.16956265359749853
row_017078,0.007738490297863
row_036646,0.09449804704660585
row_008666,0.5988486306416927
row_034312,0.7980910592028223
row_025058,0.882212639962273
row_044939,0.11115408740453131
row_046618,0.25810432470287714
row_019491,0.36030024400238614
row_030728,0.3324090557475882
row_010528,0.38746821017759997
row_024401,0.13613813637393238
row_038490,0.12659527964344006
row_022371,0.5945705621262359
row_011047,0.44550939881823376
row_018600,0.4963654387777104
row_011504,0.049926327997413
row_020362,0.14152665566434494
row_017259,0.9679783695067146
row_008353,0.5305084662728741
row_029535,0.21933629408511598
row_048152,0.718270072135492
row_008176,0.8206542939896249
row_006150,0.6132530517598594
row_001106,0.7540776903212623
row_046429,0.3226173057082429
row_025558,0.07210989887955996
row_014036,0.7953096091643677
row_005489,0.29480298796568055
row_005017,0.3457122628348533
row_007547,0.3661838495769817
row_031433,0.2779728201587955
row_020101,0.5318181073069926
row_005679,0.1596480346312161
row_023664,0.33567872654144293
row_023893,0.33680751691269134
row_047031,0.46092705429363945
row_012376,0.32219954026359526
row_007953,0.26513875376338103
row_001815,0.20620236580259832
row_001460,0.40275550339397215
row_017736,0.37044696148383455
row_031684,0.6732768494903993
row_012461,0.24709172029113413
row_038492,0.964852281355699
row_031920,0.22855839433039582
row_040736,0.0319485291965192
row_014538,0.28780907120639354
row_029311,0.37312725887650605
row_034363,0.28623384967937354
row_037460,0.5562837390185297
row_038120,0.141054513798149
row_048233,0.5938835583987502
row_034604,0.7090109540121398
row_034351,0.40705061857742747
row_042048,0.3665039324828798
row_006531,0.27579274433902895
row_004570,0.8244443835597154
row_004439,0.5826035717235004
row_045765,0.6716985589491791
row_024415,0.2907297735707508
row_028579,0.19579338326427123
row_017373,0.22246480158855503
row_043199,0.503161600324048
row_005902,0.6539651333485058
row_019728,0.4696388480396578
row_031984,0.1641317072434762
row_018478,0.02123295027886988
row_000233,0.42609068245435017
row_021231,0.5284983329875427
row_037058,0.6744075629615832
row_018783,0.3200851645189065
row_044028,0.6663814805723308
row_006155,0.6510351090121806
row_012287,0.17737867004996513
row_008334,0.11001854499851688
row_044860,0.30455351176393824
row_031197,0.42571094889677014
row_017676,0.4401295192348475
row_024948,0.42692729196145335
row_030502,0.23916673674993807
row_038039,0.6013491608069237
row_012793,0.4623750123863504
row_032900,0.6690722425664328
row_032824,0.626003861321909
row_023251,0.824898529735238
row_015144,0.09608303908110125
row_024661,0.6352153633482857
row_011944,0.2306614861015783
row_019929,0.5896216485735054
row_024733,0.14787789384168942
row_011501,0.3238672409053536
row_006095,0.45917516915117357
row_026192,0.5625172009855633
row_048087,0.4973600753706406
row_009031,0.22968235024677985
row_034479,0.8330028943451608
row_035554,0.3666226498258352
row_018866,0.5187868545001731
row_044314,0.6934065189569193
row_031300,0.3865313661420141
row_033594,0.36122934769824183
row_038597,0.12975666012537046
row_017410,0.13466124150798497
row_039537,0.057212685453074855
row_024048,0.7275734492386248
row_025181,0.5487119632144203
row_004566,0.21344614212532756
row_046602,0.32585130165341303
row_030816,0.52613883768134
row_049447,0.6105584012888867
row_032182,0.2033649551907858
row_039631,0.19412686655041922
row_033918,0.9021102673289781
row_040191,0.28440485865926407
row_034748,0.26286801315659264
row_019394,0.6458817472496046
row_039728,0.26322677788276944
row_048202,0.6416118266430249
row_034384,0.2835231331210522
row_041988,0.47185258535970265
row_035278,0.44543207087189696
row_038148,0.749929301750542
row_012942,0.5747029338498658
row_023243,0.5057208467964169
row_046740,0.42914828563681323
row_005777,0.637229452988563
row_011685,0.07532443580417146
row_037909,0.5845123053411998
row_000442,0.4138881846316466
row_003984,0.5205025746792974
row_022778,0.14594750873453455
row_034641,0.39899234487689267
row_016552,0.6164660368694119
row_030115,0.7732329448407582
row_042324,0.62760939876333
row_014193,0.24858893800368384
row_002583,0.21687263298736328
row_003354,0.6340476396308019
row_032207,0.12642933924131386
row_008989,0.6629436605672272
row_013302,0.20511920758819813
row_037256,0.7579736550838466
row_025869,0.125518902111914
row_015672,0.6323131305610765
row_017701,0.3658417402916166
row_001856,0.4649239729107751
row_015621,0.7708445971430846
row_017905,0.5401070231755983
row_038981,0.7792421990696934
row_005407,0.6437470246793284
row_018874,0.8281014008457378
row_039477,0.23766823292072967
row_048774,0.7587704239244004
row_024447,0.6442789173775341
row_041815,0.8005995511953603
row_040759,0.18414523458860263
row_018449,0.1389551128907306
row_034822,0.42278958920107307
row_019832,0.2792899876804227
row_043158,0.0969943029172515
row_028150,0.5890702721835279
row_007221,0.6146117439671497
row_023148,0.5377678994815595
row_010169,0.6051457923506601
row_046681,0.6072671722020949
row_042683,0.595290522494037
row_026531,0.11066170458695122
row_038474,0.9277767837690861
row_025801,0.25134425072552163
row_031476,0.8800800448032207
row_049019,0.44060122068827995
row_029055,0.16966755106566866
row_041511,0.11113333543234588
row_023283,0.5665176693364072
row_008251,0.3393164434715498
row_023345,0.11947663817546719
row_041978,0.3983192047635328
row_035349,0.5345322648016412
row_042512,0.3349795649750512
row_030234,0.36550513728799455
row_017585,0.6731134739786553
row_004246,0.20727758458664577
row_048611,0.2629712541699268
row_016071,0.4304812402584964
row_002983,0.276696023520085
row_013459,0.2551365497547164
row_046683,0.5943632456612405
row_044430,0.19543051578441456
row_047894,0.185021456495336
row_024408,0.4170472158438203
row_020978,0.33919276342000587
row_023610,0.844904625299871
row_000758,0.2889400845961785
row_010824,0.006978855556792638
row_001421,0.05675062873512556
row_049410,0.2643139751167561
row_039181,0.7042757431303713
row_002040,0.132916486344365
row_035922,0.286098153097635
row_002560,0.42362355791078604
row_044682,0.48993202143094555
row_037465,0.6354156668658397
row_037535,0.3187660680691361
row_042130,0.17731987938382604
row_039085,0.45987312670997904
row_000256,0.5276181852376004
row_029495,0.49678162338409115
row_033907,0.42659207125163084
row_018445,0.6403830281618995
row_020868,0.5590873836667517
row_022693,0.5446535505923138
row_010226,0.3607168488815817
row_034890,0.7611282922244422
row_038785,0.3328156483611974
row_012749,0.7234491385335141
row_041568,0.7819736271663326
row_042949,0.20935592167925837
row_045674,0.6243266904154899
row_047677,0.3729734262083735
row_037490,0.45676857524254955
row_005774,0.45797572532065556
row_045238,0.7006866491014061
row_025298,0.3556185931805414
row_013679,0.7558272089885909
row_037836,0.757346214089349
row_029378,0.0006180358495011517
row_007581,0.5437295983849357
row_043244,0.646361791787513
row_025861,0.045697010419942195
row_000052,0.2891164226328371
row_033259,0.21270380438729275
row_045082,0.6292636975226187
row_002883,0.4173849426025934
row_004176,0.2718646735603566
row_036927,0.5230150603571425
row_025926,0.4104491751984871
row_004632,0.9998661154416618
row_034345,0.3172316994295527
row_019345,0.17379853443337528
row_018185,0.29445581429776013
row_023546,0.4322875443651581
row_016749,0.7239315451360873
row_010489,0.5117602773161349
row_018087,0.5206274851118609
row_040052,0.4754337387395936
row_002932,0.24358794595917946
row_027130,0.5990068313858847
row_041853,0.1661416132183834
row_012495,0.03713756803708459
row_035143,0.8974501954498759
row_022585,0.6470250198072515
row_029455,0.2618815920728041
row_022737,0.013528732431588782
row_020529,0.8662466186843827
row_006611,0.13329640244241717
row_045879,0.2543170114573492
row_006447,0.6925003180498622
row_008001,0.15976564532539386
row_020439,0.6591090596051289
row_002071,0.7564298821698555
row_017893,0.7325699061896254
row_036936,0.17368988829008944
row_017998,0.1476062982629822
row_014250,0.9213555910592466
row_010579,0.2965881660925188
row_033126,0.2600482125721995
row_015796,0.3844782591327608
row_047503,0.53464159585928
row_015731,0.4956062364236233
row_048213,0.27200171272731327
row_029469,0.3077153153380559
row_047498,0.39067708256752737
row_005342,0.3160736501876484
row_010974,0.4030963415726168
row_044055,0.021377455191830902
row_001905,0.44114519044661327
row_041863,0.4704402430349718
row_049731,0.6408958916592667
row_036730,0.37466795625295385
row_005335,0.7934789095245934
row_033629,0.19177391036904307
row_039391,0.5735159576299552
row_040135,0.13091907044347706
row_040438,0.8347093113865469
row_041900,0.8267586163218036
row_007688,0.08820507333133794
row_036668,0.4758779753032177
row_008933,0.8463324914096158
row_021864,0.32865700583346463
row_007120,0.33509110971821937
row_003788,0.4233211575714491
row_032154,0.54377091151192
row_043796,0.41953286413100527
row_009432,0.23971589567302606
row_039505,0.56971701552117
row_006640,0.4716072994663777
row_015955,0.23684536117571
row_031636,0.7433798319350582
row_022915,0.6076175072346648
row_014353,0.02399599224227385
row_010734,0.32305786028747524
row_000720,0.18258151033299352
row_017275,0.26828657431533387
row_025006,0.7159886613038963
row_020961,0.4429728106556189
row_047607,0.12257058081962285
row_046929,0.34974545309139404
row_029067,0.38252490827118785
row_021393,0.11302416133300136
row_048659,0.015766673416471103
row_025757,0.6484537880907428
row_044231,0.6086642708368457
row_034446,0.4493811645704496
row_004722,0.2975512435702212
row_004864,0.491345255896125
row_025870,0.101263962582277
row_019393,0.8335801294859972
row_029738,0.6717129038423134
row_032249,0.362255295509187
row_016239,0.8426782035124338
row_000854,0.4372437194066267
row_023607,0.24335675092604298
row_016095,0.8579572735288344
row_048499,0.24912261469575234
row_043737,0.10588739199974011
row_034835,0.12931405292431244
row_000925,0.5697601267355628
row_037800,0.35786358346388414
row_000038,0.6301808253582976
row_007405,0.26973598360272016
row_040044,0.11986506190488473
row_027031,0.7119230578677035
row_041920,0.6878509827745761
row_034325,0.4284713498277408
row_030954,0.10535295681352264
row_021447,0.36692765475410416
row_002663,0.8253855851751529
row_043180,0.5918266276267787
row_026011,0.0771286348169832
row_047957,0.7538017592458418
row_029662,0.38056507895213165
row_020483,0.4281966290648031
row_001603,0.9511854032824999
row_039004,0.41906490527290025
row_019420,0.6476345172869779
row_016464,0.5121088365730242
row_023748,0.20565386278215475
row_027904,0.7202331998827071
row_030221,0.36299844120878366
row_011980,0.7822053946326473
row_027504,0.4297446476724044
row_046239,0.271903307211511
row_024745,0.3749160813052521
row_026781,0.043186073628501014
row_037403,0.593997404329762
row_020503,0.9673180028122991
row_006072,0.7826334925042726
row_013568,0.029793066636144235
row_014486,0.36795408159343984
row_024424,0.17049042074521506
row_012808,0.7461859588789254
row_035772,0.28555838780017045
row_005444,0.41273085121615954
row_046936,0.17613858398836385
row_021206,0.5820627524204431
row_033602,0.09724309462314533
row_010566,0.8229518750759008
row_000213,0.3943455925287745
row_044335,0.49012008780215116
row_039481,0.08679767938899391
row_017185,0.29981284000291913
row_004858,0.9458180078293378
row_023655,0.29311724854889176
row_009609,0.5419623373524691
row_005296,0.09888846059748022
row_034681,0.2553368855355383
row_043826,0.5681963676810792
row_036763,0.5606149796942462
row_042021,0.1763361313360644
row_010467,0.417273212596288
row_006946,0.16589420859426668
row_040034,0.5637396983393441
row_014107,0.44115619115475374
row_019247,0.1583742539483419
row_035715,0.9786368218078842
row_041818,0.2751507780663741
row_017759,0.32776247269909276
row_036724,0.644756985095483
row_006102,0.14116374752024538
row_021942,0.015020731800160642
row_023433,0.6620072062972416
row_028411,0.22758670450495846
row_048915,0.5238571017693765
row_036681,0.678060268544425
row_010761,0.3250098224808671
row_032063,0.47914751674350675
row_008698,0.3974875111343848
row_031212,0.23685198861947723
row_042427,0.6728915941764082
row_018456,0.7678023128974747
row_047941,0.44231599213487427
row_028627,0.2719408496830191
row_030420,0.34615509972895886
row_026269,0.49484164265885
row_022338,0.7163987283373451
row_043043,0.44935411529828356
row_017628,0.8178363705715834
row_010735,0.33715509801620597
row_035444,0.47197909810689687
row_048724,0.34486215365161393
row_046211,0.751445087965064
row_037595,0.6885168316457175
row_003588,0.5015523368327084
row_013483,0.19394660016882098
row_013849,0.11235918561269106
row_001584,0.0439305195765578
row_000950,0.759832227345591
row_009902,0.33610045754292117
row_026118,0.6628047947461225
row_020900,0.12146662170219993
row_008238,0.6470725060792677
row_009042,0.9987567550434133
row_045687,0.307611377656435
row_024375,0.23657577981135874
row_031544,0.8050236718733925
row_004733,0.37289983537916094
row_046578,0.9974148562185055
row_031020,0.2530617125223308
row_036887,0.11593447586689601
row_011382,0.3687432073658537
row_046053,0.7099166107460922
row_015922,0.3191071321555416
row_049779,0.6827893350406696
row_014613,0.7556477798771347
row_026019,0.38990797388796994
row_003617,0.31638614043550234
row_001493,0.14829361543147185
row_024425,0.5005329625290519
row_005552,0.3259818502768214
row_018197,0.6938635039792774
row_016914,0.3768668853949747
row_030112,0.07882950141128467
row_021070,0.5139198142818658
row_040701,0.053566354316658675
row_020671,0.8896634726219164
row_034855,0.16077923687203455
row_027470,0.4101994470272124
row_016289,0.5355287003704916
row_011070,0.3632999709086133
row_013143,0.335532464927751
row_015087,0.6525168167049831
row_026546,0.20050608581865567
row_014335,0.6662940954248423
row_045273,0.3443076040446508
row_030974,0.8016061787576542
row_027022,0.7791744797532402
row_035384,0.8924090876730262
row_038941,0.9377696862770213
row_017396,0.9967410572384547
row_020940,0.6650258986849313
row_038747,0.7158982933609898
row_043511,0.26204877938701765
row_032431,0.5027206355745143
row_009306,0.23966708175993223
row_041836,0.2902153889272427
row_041861,0.4260030283338995
row_002072,0.08448966047731565
row_038436,0.4719354361811543
row_023133,0.6665064998816721
row_037626,0.7344345248344337
row_042733,0.15803399446777142
row_010925,0.683785554951709
row_045569,0.0793810773908214
row_030425,0.3721213395293121
row_041139,0.395202228956971
row_037634,0.5071011455463953
row_031076,0.3431478039882675
row_019009,0.3820078227991759
row_041068,0.5952608658384334
row_013655,0.934605459136185
row_025023,0.13317924647908264
row_046705,0.1317939189408117
row_025267,0.09653230966279595
row_004985,0.46339833241161993
row_005040,0.609067484963394
row_028061,0.7664230800907487
row_042598,0.6015643867454191
row_029409,0.31651400325075546
row_026537,0.053657359358023
row_027214,0.7234443084088792
row_041067,0.8108287188810377
row_026316,0.05991617306894499
row_026078,0.29283283947252003
row_043546,0.3373187116957097
row_004307,0.24589964578322876
row_005399,0.3608579562882864
row_035605,0.818973308000606
row_019643,0.623782399289354
row_011588,0.0006699719126729768
row_000030,0.14655243227842144
row_027816,0.8639741416706112
row_029915,0.859437557200392
row_018761,0.13660756287778852
row_038267,0.3360904468450284
row_013564,0.2422405995129935
row_031182,0.40755206968257907
row_004328,0.31609781861213054
row_013878,0.22733658573443383
row_047150,0.6231849679076632
row_028709,0.15306446796972117
row_035289,0.018224450537138382
row_017897,0.11953020107721224
row_027872,0.23324606947101237
row_012381,0.7009574807798766
row_045370,0.05464957538883068
row_040539,0.5718270976716239
row_003912,0.44704800214821555
row_002906,0.5332717456064444
row_009301,0.3582120064918223
row_028513,0.6830572234148548
row_024107,0.8293209153218145
row_014783,0.26659497647294994
row_038069,0.013832593913632915
row_047320,0.6045538193911386
row_035527,0.820201424863437
row_014408,0.1462412758392564
row_022405,0.7132932955647697
row_008360,0.005201035347353059
row_004991,0.31591076095610143
row_023131,0.3292641854392805
row_008478,0.3560163734905674
row_036794,0.21677716735714883
row_036110,0.5588819731178432
row_046583,0.7878256952571397
row_040300,0.2617967580314195
row_045003,0.9382204618645547
row_012389,0.550003163460925
row_005029,0.2707741941431647
row_013830,0.3403460211558591
row_004416,0.44866989283574354
row_008212,0.8941568430542561
row_042574,0.5880908073970624
row_014847,0.27689225422072267
row_036185,0.7929181987207898
row_040923,0.3489391202397873
row_027651,0.6269313332727394
row_043393,0.5879067457929859
row_000818,0.07461583771235455
row_018012,0.23296229926881615
row_048187,0.6330938283981937
row_000693,0.45328259239476004
row_045305,0.8829004038901749
row_036693,0.9863592431464407
row_003723,0.6223865766381278
row_046517,0.03457358070126124
row_036840,0.457880030444031
row_034529,0.7229086865996989
row_008530,0.16154521643398545
row_004556,0.07632455390945425
row_037108,0.3631423684320736
row_041849,0.7054413195271426
row_002879,0.3617328025387379
row_012949,0.32541039629872015
row_002598,0.41365851921726415
row_042070,0.9768151205148822
row_049729,0.5749767738978678
row_031406,0.8862726217260825
row_017694,0.4975898032601689
row_020147,0.5821000685701104
row_005701,0.3429869104666753
row_005244,0.41412850235112014
row_038580,0.9664488170482383
row_003939,0.05774482229731642
row_002335,0.13456080289716335
row_040639,0.9917804312534229
row_008953,0.44921460274086833
row_041283,0.21924528071274446
row_047992,0.608903163063168
row_005236,0.03596580452131703
row_014537,0.1111903211187594
row_001029,0.3720073014264676
row_036786,0.03480301167675057
row_039676,0.45570727291944546
row_033154,0.5844017856481092
row_027692,0.17816940907947015
row_038908,0.16781326583973336
row_027789,0.601035606643435
row_003062,0.38801035906324916
row_027299,0.44468622039177724
row_020647,0.9997419480352245
row_006475,0.5684485373825625
row_012637,0.382357795161224
row_035731,0.3591767671918711
row_032873,0.29097739523434424
row_047078,0.8692848729063379
row_046663,0.2256577672297197
row_038813,0.2338899317153623
row_003783,0.19361211734598388
row_023639,0.5625604338526585
row_010606,0.5697081998952966
row_008551,0.6473706784207581
row_020642,0.06256822969723984
row_041696,0.10113317064259304
row_017648,0.18445186895484722
row_023761,0.2868510896108165
row_032681,0.670850676205769
row_009186,0.9251873451506137
row_006214,0.2618040596992724
row_027972,0.4026380079170125
row_014378,0.2364687926784227
row_043852,0.21847669478155696
row_022882,0.3350393875217535
row_037134,0.39852637383240636
row_026144,0.31180187573555995
row_001400,0.031887274203054504
row_031275,0.5570607431116129
row_007812,0.77211921098548
row_045720,0.12596441994856172
row_034794,0.2601105781128977
row_040659,0.4543879147425502
row_021034,0.5426901953371169
row_011755,0.36664980601736225
row_044395,0.005202675123928361
row_006972,0.4222378886465312
row_006991,0.6925406851724512
row_046179,0.8669809654471557
row_032391,0.33015158798807626
row_022083,0.21424984853920997
row_010298,0.42168827835210804
row_006905,0.42212426143680687
row_003116,0.48990303089628917
row_031049,0.37032061150830015
row_000368,0.21118273917864108
row_014702,0.1881624159048541
row_004984,0.037387053966917466
row_029224,0.1013536103361176
row_039278,0.45000331116516434
row_002152,0.465071267899453
row_034190,0.3526013331827354
row_020093,0.7420299022980202
row_002099,0.6939051765648898
row_041307,0.24058048844022126
row_010441,0.5545417831407272
row_020430,0.3616654323075977
row_041891,0.44693961274719085
row_043667,0.6309913570123786
row_046692,0.611017507440626
row_033226,0.2666557159410638
row_021962,0.5741305729228531
row_036354,0.031014578392577815
row_007805,0.3887206320004858
row_023056,0.19929767436198428
row_016495,0.26373618695998885
row_000310,0.1444234824085687
row_048150,0.5387556933482849
row_005659,0.07148509225467949
row_023086,0.18350750836444635
row_028588,0.6995629094507482
row_043954,0.11446258694187209
row_031718,0.3871370796439547
row_020827,0.07451246977253016
row_044930,0.29799612487427474
row_012798,0.398502774803791
row_030023,0.22260853371119702
row_026855,0.6543746525751836
row_038027,0.6517215435136204
row_022744,0.23592377466630057
row_022992,0.30446762991572435
row_046807,0.22152073225715507
row_047421,0.39559660362340154
row_043693,0.22684168083662026
row_042630,0.09613701605161526
row_002838,0.038310415037006725
row_005893,0.42156061481260537
row_010410,0.3362999956288819
row_031149,0.4364563362657244
row_009289,0.885800978919245
row_014562,0.6230565707027852
row_003582,0.32796451193674697
row_002921,0.7629371360426304
row_018155,0.020514932417801408
row_025470,0.5997365655705789
row_040339,0.689822394022046
row_028801,0.37500371996267384
row_014675,0.12636125757626931
row_040327,0.09907984175100028
row_002381,0.9926664165617383
row_037784,0.034088142653325465
row_025432,0.7866705893247871
row_017523,0.7812703471492463
row_016996,0.4089571938245062
row_012241,0.08822096021888776
row_006912,0.4199289953697372
row_042042,0.4657174910664255
row_035264,0.3129916111889095
row_040509,0.13794540125995733
row_027575,0.6246531842103944
row_026312,0.5648159135406079
row_011304,0.4538186330540712
row_027129,0.43293655379791574
row_001878,0.8195295182911898
row_008549,0.8235635115708118
row_032314,0.5718741462259039
row_004735,0.5592443114692253
row_014013,0.06543192750917091
row_004350,0.28852717628895713
row_039356,0.18313816782977102
row_040319,0.22804953125191482
row_002306,0.9583086589530252
row_049876,0.5892492596521002
row_040030,0.42088200759729527
row_044142,0.4753268519009483
row_015328,0.5237661604571393
row_006015,0.9030312028118668
row_011415,0.004419920702349392
row_014395,0.5499505824036195
row_010436,0.021047165390500566
row_026273,0.12508772373460758
row_013187,0.35225807236852313
row_022692,0.26634572245350596
row_010474,0.3165973413023705
row_009354,0.09750335009798862
row_021284,0.17716941123302335
row_017732,0.2592732099573753
row_045552,0.48440720725593067
row_023142,0.3072594150861944
row_015020,0.3201997886947807
row_039050,0.6067087132312363
row_020028,0.6348406789931369
row_014394,0.13120273671207933
row_008232,0.09088058180502631
row_012654,0.3454469573427739
row_034462,0.7049135397932704
row_020502,0.30323745251345197
row_005109,0.35712258324319957
row_015149,0.3947100906634082
row_000641,0.04414661527772416
row_017144,0.3320150624121384
row_047413,0.6732158743137102
row_023055,0.1056084295428094
row_025236,0.21750799743705476
row_036363,0.3105442620986321
row_047944,0.14487306953651097
row_028309,0.9694876285214326
row_015079,0.6678337789171691
row_009296,0.25658285876132225
row_030550,0.3932167143934027
row_010387,0.3904488470234098
row_045543,0.9941966426437072
row_029527,0.19552853985136343
row_037521,0.5593641393869331
row_046114,0.31324045496851843
row_044551,0.23011733040224147
row_010510,0.31454066252963203
row_044446,0.44768463653275825
row_016364,0.33517574068930767
row_036805,0.1622607979796416
row_017745,0.2453235989371542
row_007659,0.35278673622314743
row_020099,0.39065611645411535
row_035873,0.16706996163316767
row_048584,0.4592860262980115
row_041826,0.6191968470426593
row_046236,0.4221301924012003
row_010941,0.655978241189782
row_047030,0.4144467363972153
row_017854,0.4460721560205235
row_034124,0.1674898968081987
row_029403,0.13684600092770674
row_006951,0.43690578322840157
row_038395,0.5299722203586101
row_021953,0.6035344204344681
row_030297,0.3527094306412185
row_042999,0.201623418124212
row_027583,0.6116421399463478
row_029557,0.07127891907698737
row_001802,0.5306657709083052
row_035693,0.6302858434805809
row_031430,0.4995992077397477
row_021838,0.223059895782034
row_001918,0.39434153658871535
row_011316,0.7136572788250544
row_004470,0.376780604856105
row_024306,0.3193105822303097
row_034756,0.2803348068488998
row_045105,0.7937389055866283
row_044970,0.4702447248681003
row_000072,0.18286587841925223
row_018579,0.48346895256046035
row_041622,0.4416995118467123
row_048903,0.6983830218129559
row_039255,0.21419270068949603
row_008316,0.0873356018163853
row_036328,0.8496460373162883
row_020781,0.7946817155407748
row_009248,0.6036170457222263
row_035568,0.5719161868783212
row_016584,0.37365357758211853
row_008323,0.34238744018005896
row_008906,0.5342338129060982
row_001215,0.3878190730524173
row_040470,0.14860628487127198
row_019742,0.47853179977959903
row_020013,0.5268136469248376
row_006801,0.5658637252469313
row_004201,0.42702798851576823
row_021956,0.3073927972139999
row_030099,0.4722668778757571
row_006328,0.41073291247486743
row_016968,0.34272211054004104
row_012525,0.24016359394574435
row_001130,0.8739668835266688
row_046896,0.008277695026004598
row_023208,0.35560416107245496
row_025336,0.29292011254562855
row_001876,0.4583192526761703
row_043400,0.5769464318442888
row_026085,0.09197723280417087
row_038816,0.5696504747131871
row_045061,0.6276302412123226
row_041958,0.29172460472061534
row_011662,0.12442337385711623
row_047441,0.1411937830371078
row_049045,0.21830542537050712
row_037269,0.378374976118029
row_038613,0.07064358392876152
row_048505,0.8805700036124807
row_029843,0.6764490150402471
row_003144,0.502716254446056
row_030657,0.46532111327714504
row_013432,0.7050034887873265
row_047278,0.7877373292179654
row_013044,0.4278085857101922
row_046186,0.004883909989213212
row_009546,0.4410223932347027
row_012170,0.9919489341555561
row_027986,0.5937712273634873
row_001207,0.40180562007481924
row_017577,0.40510988547257065
row_000855,0.634276537592313
row_013570,0.7669499939076632
row_047901,0.3352997340604435
row_025228,0.02372023589126863
row_020287,0.1440180950933637
row_021563,0.8706025031031575
row_038964,0.584104825410492
row_002347,0.4597257738298016
row_042089,0.4211442475714286
row_011748,0.44193543937880453
row_004927,0.6880089473528185
row_010323,0.22798061527659397
row_010635,0.012430753215051743
row_008674,0.2627097158117217
row_032538,0.3478005885993262
row_039980,0.19862131752719284
row_042071,0.08817191514712176
row_032410,0.5436572405296507
row_017089,0.6155641990041142
row_024320,0.4016901437886189
row_044949,0.2353844504357104
row_016321,0.5701345176770354
row_047350,0.07295141287607439
row_019624,0.4176344996600422
row_025083,0.4833382656193934
row_047203,0.8058956446179373
row_015069,0.44083907157516505
row_043681,0.505131006246746
row_033183,0.9278001680172364
row_013093,0.6841368442453656
row_040812,0.6099435297618625
row_015666,0.4890017816833959
row_012534,0.3090059884132956
row_000826,0.22410409303648163
row_034492,0.9294224947353286
row_018096,0.7149996368538033
row_036854,0.7033866872938795
row_014303,0.4570836542751404
row_006196,0.710284349683123
row_002849,0.21450015924278662
row_027430,0.7075223079294675
row_036780,0.7538335805612199
row_002654,0.33557628057945754
row_006847,0.6638147456127338
row_038774,0.039990148464479694
row_041165,0.2855145720376141
row_039945,0.1287378101925483
row_015626,0.5695149522317617
row_015275,0.46244294050467605
row_020920,0.47068671647198995
row_018114,0.6385090571769177
row_024118,0.8326886665543307
row_025324,0.3591747802711302
row_039192,0.13327670333315614
row_016664,0.2796904046642774
row_035604,0.2953855001916729
row_023816,0.31048308740831404
row_032601,0.7048597178109131
row_002351,0.39193159180981807
row_035498,0.2526178019369061
row_012738,0.5031244675127692
row_029894,0.29902553564125356
row_024596,0.7490832351551509
row_042883,0.5106558359985495
row_048921,0.6013132889457015
row_023418,0.4586355007652524
row_039360,0.5210934369830335
row_031889,0.39172269797615905
row_016343,0.3661925019153214
row_048439,0.012146320566473178
row_032734,0.4220772295065325
row_036133,0.7204684154776673
row_026893,0.34779525135961065
row_034906,0.9871468204263942
row_049263,0.7448529991023295
row_000304,0.4873654189265058
row_039275,0.9681425317446007
row_035797,0.4288589843582448
row_014547,0.636876869512938
row_045984,0.6502793094566232
row_000978,0.9072152001504155
row_018988,0.5881661437283515
row_034396,0.9511771128110584
row_029643,0.27401735104083225
row_031129,0.42845638771716543
row_023682,0.2886545529139436
row_032701,0.29549446712860705
row_006548,0.582345746849347
row_006517,0.8541323670540238
row_031805,0.5774648749314375
row_042881,0.5191434411797007
row_021767,0.21040550249595746
row_029126,0.335798593998193
row_018760,0.363506870055219
row_035738,0.7492446636179829
row_013023,0.7183111411314086
row_016542,0.5009138405226061
row_007081,0.9945189008079616
row_003572,0.5370451882116228
row_006226,0.38886303757262286
row_025505,0.41776885180587575
row_017086,0.46187837835240736
row_022549,0.4779814382514332
row_006448,0.523516690509265
row_017082,0.24339656562077547
row_022079,0.7780876025808146
row_044556,0.30140400481985075
row_016730,0.6330437805055404
row_035814,0.19447991810982324
row_035846,0.49512154401626063
row_000112,0.46344128644880944
row_004622,0.7219965398894128
row_032799,0.6153601910611559
row_027217,0.7304259392624876
row_042907,0.25715499581899487
row_027901,0.4063499478631408
row_033810,0.5843049198007151
row_009469,0.5304966133605711
row_047185,0.5258288387685879
row_024004,0.3038307076152248
row_049927,0.6371376810561122
row_010438,0.19875260747753884
row_049920,0.5203558157309605
row_001500,0.34652758683326346
row_014424,0.9669925244673672
row_032945,0.12772900855258076
row_048313,0.6903988431918829
row_017753,0.5233819308400954
row_013992,0.5974870270041669
row_009461,0.08436767382731021
row_014008,0.30122129372317946
row_036094,0.5981655243116323
row_025547,0.4194679931125132
row_001823,0.3727009815634491
row_020485,0.24848899186474094
row_033423,0.4221248003740655
row_014468,0.47543473607737285
row_043125,0.742090361856882
row_032296,0.9014070308090871
row_002580,0.4804842933825599
row_004309,0.6249948142506535
row_044677,0.04888414765903115
row_049108,0.25223578761450427
row_043928,0.37742680988017085
row_016747,0.31411879246373425
row_025512,0.05211078749024575
row_041188,0.22388845651281983
row_025147,0.20978962853911637
row_006789,0.775829045641628
row_016241,0.3532892749370956
row_001632,0.1106469943821927
row_013073,0.5888519296743541
row_034731,0.4199609499989775
row_032299,0.1610255656319056
row_049066,0.6157809936025466
row_013717,0.3808635167642326
row_027561,0.16505512600779038
row_014156,0.2463167866266474
row_025350,0.5482957061220322
row_035074,0.35215340835928977
row_034898,0.0627288397371535
row_031712,0.7519254575087227
row_025249,0.2133166638935476
row_024167,0.014885465119443157
row_004441,0.38182568483062246
row_034262,0.07319789248745608
row_007239,0.10850706724826714
row_029726,0.3718671222139357
row_039753,0.46697663143565377
row_001059,0.33015856595070137
row_035593,0.4965452990832083
row_044977,0.3383067729484657
row_034105,0.862414180317844
row_019423,0.5572753730816984
row_011114,0.4734239246378345
row_017973,0.2629591736304766
row_041394,0.06787935992451637
row_001136,0.4933443265901133
row_037903,0.058561305332170736
row_019817,0.3305801103485013
row_017062,0.23504408229767695
row_014306,0.6899952934845117
row_045461,0.5182207415954591
row_038450,0.6672024430908694
row_045141,0.4459234272468134
row_019437,0.26434456230609704
row_000110,0.8434742142563064
row_010382,0.54043556409307
row_022332,0.8135967616052933
row_039809,0.4615006161557181
row_040761,0.4187213566941404
row_017950,0.5732836698579231
row_029288,0.34073484870973053
row_021597,0.48219957129411534
row_024710,0.07302773654303862
row_002166,0.4384998523777196
row_029429,0.4055360038373192
row_042944,0.4598317230542843
row_031514,0.15319331863706198
row_032120,0.6700109437698433
row_039196,0.5624712718552705
row_045279,0.6459465893089288
row_017169,0.5632334586134231
row_016750,0.6802472721978323
row_015816,0.20577487904420924
row_049622,0.1519028878580788
row_012562,0.9512305790390941
row_001967,0.9019320448924121
row_024605,0.5862820102392333
row_013178,0.47386462376494876
row_040089,0.6982138783172388
row_002461,0.48813408696933747
row_045474,0.17935950494485361
row_047204,0.55756834507137
row_020446,0.34379410263645516
row_041185,0.6609074741921162
row_042196,0.8195907696435158
row_000354,0.573112521274123
row_044584,0.6921787851899138
row_039776,0.42447340075410667
row_030423,0.6252333297676246
row_029119,0.008864940583453563
row_025597,0.6943279558088096
row_027062,0.057137544791196766
row_047516,0.4421490827329414
row_042906,0.3453176652905169
row_024813,0.6500595895751257
row_032247,0.33603052744690814
row_014820,0.08314814531356292
row_019235,0.5611905369954758
row_031185,0.5460866004376186
row_000856,0.5390158047109588
row_005645,0.9998455961643742
row_042095,0.861965341592296
row_028611,0.28109099461447007
row_008310,0.23709902604628252
row_026130,0.2934887099024492
row_041220,0.4807855604221364
row_041377,0.5397354377039086
row_002329,0.6235545805586911
row_023474,0.2721479389625041
row_015105,0.5024137109561924
row_044814,0.4917185621238876
row_015411,0.2755355028668358
row_046405,0.38459626962256793
row_038367,0.308138709871712
row_034304,0.3199525765170577
row_011757,0.24010351337897748
row_028277,0.6357287462056519
row_022472,0.6560928480574925
row_030229,0.3711484430739442
row_035932,0.5683519620698271
row_043184,0.4183401052084613
row_046112,0.4220174433872655
row_002586,0.4851875935486568
row_040440,0.160248592310055
row_046312,0.9723068953677514
row_032433,0.527435095321172
row_025962,0.3470459103846073
row_045878,0.389505691443513
row_045027,0.5961830974230181
row_035404,0.2145342492222146
row_029949,0.26379180302713856
row_027760,0.5681117775026939
row_023016,0.0793969644499703
row_012190,0.1110827137534266
row_034825,0.5974168868079739
row_033007,0.5440893105714709
row_040019,0.2310395228343196
row_049243,0.13628914336169537
row_023591,0.5072223873899246
row_000344,0.06134478298355552
row_027057,0.6022850322568272
row_011383,0.04970799246845371
row_030220,0.5368725515405618
row_033553,0.26401442462138974
row_026817,0.2969033526168676
row_035300,0.36658932345405165
row_008826,0.7994329613175483
row_033955,0.29378625496255223
row_035783,0.28979404393460545
row_021215,0.629036934663084
row_025952,0.338882302623166
row_043864,0.6206856026523653
row_043403,0.27256863994732505
row_004191,0.5247994890958694
row_010000,0.5024966139889008
row_041009,0.19353301547445953
row_005668,0.2148887190037482
row_007340,0.17008172517624515
row_017850,0.4191221648215466
row_001213,0.5013720890215838
row_035773,0.46474704216785606
row_022804,0.0579208930111576
row_033004,0.9963313858698553
row_009611,0.3290215122590297
row_029295,0.10182014945461523
row_008368,0.25910563257384295
row_018436,0.3623770838420448
row_012226,0.6282269392171953
row_008992,0.21176200567005699
row_000203,0.5339140597191275
row_007041,0.5344316119869316
row_022151,0.49993533499161996
row_034718,0.8319627574646529
row_032032,0.24013020672984575
row_021186,0.37993298519864344
row_000410,0.7629883867011846
row_042752,0.9891334598101379
row_013531,0.5872996483292603
row_022282,0.35549050435848684
row_023370,0.17632962429118557
row_045383,0.6813096730092689
row_006883,0.34543015649364256
row_009173,0.29288690510023885
row_023186,0.7804468011833915
row_020330,0.5566981473559862
row_034972,0.4189386941749014
row_012186,0.5551481201085865
row_004594,0.7604873429560426
row_006855,0.355574584343304
row_011635,0.20828841879579532
row_027853,0.38536019021162427
row_036624,0.5643734203390366
row_037734,0.23156055074259657
row_032718,0.6744184957516223
row_003219,0.26555259141053295
row_034317,0.44924153012946855
row_007290,0.119153175404667
row_040606,0.5135108523110724
row_007753,0.010288967973864008
row_005438,0.8300260242101415
row_006609,0.02287575518914484
row_026059,0.4291686602056625
row_032977,0.2833774877807513
row_033292,0.8132063718756734
row_004087,0.45755748675718877
row_033399,0.437157934819315
row_007601,0.5452256394067206
row_033816,0.14604597082618498
row_031239,0.10615447643452408
row_037582,0.20701411864208263
row_017289,0.9053273779922818
row_046402,0.03460063791653362
row_003705,0.15407026718197528
row_029304,0.3481060585680582
row_038699,0.2987832738005572
row_043371,0.5442259814817678
row_017524,0.5622770842963167
row_012716,0.23665430617337488
row_010264,0.19221165418201858
row_009192,0.2504180035529827
row_000550,0.4318761560151919
row_048200,0.4648396814924633
row_010111,0.8768454181804797
row_047586,0.3672492232147323
row_044675,0.4336843287540862
row_007142,0.2266508268368542
row_023046,0.3601876188591949
row_011125,0.3905909569076716
row_025328,0.7568790697367226
row_009569,0.6588191650927802
row_044305,0.5247122038787758
row_017072,0.9983450811458079
row_006137,0.38673626967736324
row_001192,0.7053230490680023
row_041270,0.5941800671607002
row_044696,0.27662082715097536
row_023381,0.5718651296161247
row_021062,0.7810717906030706
row_048314,0.1629148227904095
row_005942,0.42355691772751264
row_006704,0.6207072764127091
row_019928,0.3878462823458115
row_000436,0.4405650397172235
row_005780,0.5801612312473619
row_007286,0.43084249963268456
row_008830,0.6392696000886096
row_030655,0.5620384294169053
row_048266,0.46137889407587096
row_048930,0.33397906426196805
row_047120,0.40402532069222785
row_037984,0.3633301485992118
row_019888,0.3202369273653454
row_004031,0.61190828076584
row_049999,0.8818856110735526
row_001973,0.5630241381311057
row_017030,0.0358254229284692
row_017220,0.4552045866143241
row_035266,0.5973525502998107
row_048257,0.9478484521975284
row_038444,0.7352498595837177
row_017374,0.6339856386300443
row_016465,0.27256584075121915
row_049832,0.6978688691926374
row_021499,0.5122056867777708
row_031314,0.5043280083389912
row_027722,0.5279888485300022
row_007310,0.26377897013312734
row_030260,0.5696306264969913
row_038914,0.6440152695438469
row_044989,0.41424848859868696
row_000471,0.4363235127735098
row_007923,0.1552964532657421
row_030073,0.26423672966408407
row_041449,0.49137700579430366
row_014461,0.7712121698850132
row_047561,0.46804716631406945
row_030820,0.4966513508654722
row_035446,0.4089470848079343
row_022943,0.40964477725536314
row_028700,0.33156343182694864
row_030060,0.4071312773673749
row_020310,0.2656065390720928
row_038482,0.5789225353238249
row_005484,0.3707144421493502
row_047846,0.6330120798270076
row_013894,0.5012217760145028
row_012473,0.1265209704458302
row_012796,0.33670647896679545
row_024483,0.5324835368253258
row_002741,0.23549970849938684
row_018934,0.5832312222263522
row_017660,0.7538787735486431
row_041931,0.6893502988458408
row_034816,0.39425363775408884
row_047734,0.1357100912826429
row_030091,0.30358515443518236
row_009308,0.36115580876455966
row_045484,0.24467788460312684
row_027198,0.3158009762020406
row_025792,0.21072731765912442
row_032506,0.5805013292120765
row_040973,0.3558903209385888
row_040360,0.392962406417771
row_004582,0.878606630820638
row_041436,0.7092091147922858
row_013341,0.46407649661325895
row_000760,0.5196487710735979
row_002697,0.7557678742374094
row_030465,0.7203861673183889
row_021860,0.27830106225435114
row_039792,0.4332509031140924
row_047893,0.6648984660954771
row_039487,0.3957032626957248
row_019703,0.29002704321773654
row_021682,0.3425879898930343
row_033421,0.11531422403786995
row_018933,0.4542528620179709
row_043885,0.10802587976032765
row_005068,0.27064476770651036
row_033641,0.20329046220815097
row_048587,0.7264706052440117
row_030185,0.6136385821408563
row_031992,0.45278740498594006
row_002388,0.6632541180671347
row_049609,0.6372357352922434
row_011237,0.4365752672167046
row_032725,0.5531440056569328
row_013218,0.4848216308402912
row_020512,0.4731719529897477
row_038925,0.6506015627453684
row_008808,0.12169848015593701
row_016053,0.14633949527179213
row_027637,0.032418402798463045
row_010696,0.5489441735580461
row_044624,0.07180055976801492
row_001179,0.2115788133925576
row_029104,0.04201593914537146
row_006983,0.8910648856974829
row_013802,0.8011004172708652
row_035272,0.288975655040312
row_043205,0.4382983156625209
row_044548,0.9586051333793114
row_005650,0.867736985520758
row_011199,0.34043366967466543
row_012586,0.9124996661039072
row_027880,0.010672858208263188
row_042984,0.5249942702745047
row_013191,0.17954522703293405
row_007648,0.38303055619899273
row_020731,0.6588798748847976
row_021445,0.22290810657079704
row_008135,0.48387728813588815
row_026276,0.4702562914046089
row_037508,0.34017524406202004
row_033467,0.7558735475976928
row_020070,0.06065105093921826
row_025396,0.3705084961187093
row_023827,0.42426238770208324
row_046939,0.7834242794511238
row_006335,0.26694698980151343
row_039416,0.44531589839018076
row_036036,0.04973999162877607
row_001844,0.08510036515319566
row_032301,0.48327426787067396
row_025930,0.48625937316667894
row_002468,0.9024063112246574
row_042877,0.3352861734922576
row_011647,0.5140680801243317
row_004252,0.7353419422377069
row_035724,0.42246745060632934
row_009348,0.03743127962044753
row_028283,0.31106618921060336
row_022740,0.6296292149972338
row_031951,0.4372360015124717
row_046561,0.46457260675927115
row_019844,0.7110983429580657
row_020522,0.324990564962344
row_029618,0.11450199419864805
row_037482,0.5998723785026232
row_033181,0.30518442769062815
row_031251,0.3007916734834652
row_039790,0.3226828188951061
row_009285,0.49704231597146126
row_003542,0.8569012004047537
row_016547,0.13768348468396052
row_005334,0.7832213560358992
row_027815,0.607569950573201
row_010742,0.1871894912565829
row_000417,0.3006597001823492
row_038305,0.11335802187249458
row_029114,0.3193298766878402
row_012677,0.361926624727057
row_035283,0.2436235678795798
row_001440,0.04584571367124398
row_043407,0.7019133327373945
row_047580,0.009286635907483487
row_024090,0.6422226781263123
row_021131,0.4135406619670525
row_003286,0.6417480212720217
row_017979,0.8404789946896934
row_045122,0.5119295577319748
row_028869,0.15964924640317257
row_044580,0.03843744208589769
row_007354,0.47295742908704386
row_026409,0.5904269097970499
row_044326,0.004820006498850156
row_039094,0.2501901989675385
row_004360,0.5616796369226804
row_021653,0.13935340338982266
row_043823,0.9987675816646054
row_042857,0.5562904950167586
row_010699,0.3215383091592234
row_003734,0.38602008410932176
row_011777,0.3705859545227933
row_005858,0.08061502388958637
row_033566,0.8045790579853913
row_028904,0.8073961968173146
row_026844,0.3204782913553002
row_000491,0.10229969165859916
row_022505,0.2635599480025377
row_005035,0.7389633885637686
row_025585,0.2536894245423668
row_030555,0.7088633995625464
row_002232,0.5071915713816139
row_046946,0.4122862461491965
row_009635,0.31546934419995504
row_027713,0.8541223561476785
row_013880,0.21552141008667544
row_011997,0.3288568740338759
row_007016,0.13911846225562452
row_017842,0.19416995192945177
row_027999,0.20752930567256203
row_019952,0.9919691050933226
row_022354,0.09294720501245808
row_013098,0.5189635133544117
row_021852,0.4321813026754094
row_009867,0.6831328576384241
row_043631,0.8087564327240316
row_014499,0.017120837249654044
row_045228,0.38132681104278227
row_021803,0.15957269967984908
row_039430,0.12360206138020204
row_038303,0.18261428422291787
row_004634,0.3841712557279259
row_000010,0.9850623760299214
row_017124,0.5224627869872649
row_019349,0.9436799706342177
row_007225,0.925091245568873
row_031067,0.4736646275797315
row_013567,0.32936013172649314
row_009061,0.4229137873154613
row_021639,0.23576822427888633
row_038497,0.2914426540838605
row_025696,0.47994448844327287
row_025159,0.6508706609262594
row_021946,0.792524985962255
row_035285,0.6128441960547694
row_043104,0.07146086360721249
row_031159,0.15388882779863186
row_021456,0.08437544824219363
row_016609,0.056921736172629724
row_024712,0.5713837157327434
row_021435,0.16907316146403265
row_040273,0.07310152228205134
row_041616,0.03077028456646856
row_022461,0.738795379589442
row_032903,0.25157936517345547
row_000023,0.05973159404216402
row_012388,0.22625015733648215
row_012138,0.9980872843322546
row_021644,0.2725084485984565
row_033041,0.7736157326519437
row_018074,0.4248053337719581
row_014690,0.09229450379740135
row_030283,0.2854787605394589
row_013492,0.8855291976584716
row_044707,0.20202863556404468
row_041385,0.39169309276496267
row_029341,0.695784720627546
row_014444,0.2831535144194858
row_046500,0.7298687477967597
row_032527,0.41557183722243896
row_040620,0.6930378399833119
row_010377,0.6667080143190004
row_037985,0.45438660570611705
row_021453,0.6319888265481598
row_028310,0.17777999050506718
row_027059,0.7464424477563572
row_041059,0.3132725291885205
row_023755,0.465170220675142
row_004762,0.252115223074306
row_019789,0.6568874957924277
row_006260,0.36477873979322006
row_011094,0.3872126206045671
row_023770,0.5797138655411976
row_048859,0.9279471892186381
row_020360,0.2709473607960386
row_017920,0.8534004422938548
row_023745,0.1875599221936824
row_026417,0.235981253204551
row_041991,0.46673257432910414
row_007107,0.5343016739670918
row_049628,0.3216792836123523
row_014557,0.46944075291902976
row_048107,0.2784113424822051
row_037018,0.328795110551424
row_037785,0.9301368228567979
row_017948,0.5761764218778054
row_032378,0.33043546360021653
row_044243,0.2808344451098845
row_003385,0.24738707055052914
row_002870,0.08188474369197428
row_048325,0.3654637977319573
row_032570,0.48923323610935027
row_041451,0.5330622609190584
row_001326,0.3316197943844508
row_040653,0.4535247842061992
row_039853,0.1521677406492725
row_014252,0.19307341802967798
row_045826,0.17639337682841355
row_030340,0.430013094747608
row_014337,0.5196308804425364
row_010771,0.201030317576148
row_043422,0.032892697111375095
row_033191,0.289403650097791
row_023288,0.10859016410634306
row_004444,0.17347733797756354
row_028988,0.36781024044253385
row_037243,0.5968416206115083
row_004474,0.3230940946808274
row_013406,0.5501491758376036
row_042485,0.46589773518536237
row_007329,0.3451799112696001
row_005621,0.09841798279724394
row_030725,0.22041466402078386
row_031991,0.5561381135576741
row_020690,0.8414154830128089
row_049953,0.7688853806952902
row_017305,0.3312300412388504
row_048506,0.5983437736219718
row_034524,0.5131237981107296
row_021211,0.44350704595563206
row_030771,0.6546893926057253
row_034137,0.2555308262514987
row_003871,0.48061506059011866
row_005138,0.7803898756176909
row_041641,0.4823582915769582
row_018057,0.20185153060943484
row_039628,0.3577495353098948
row_038764,0.42748177066613746
row_021086,0.6327784859042669
row_022029,0.44557139975869575
row_018490,0.34901502319120054
row_044423,0.0703729243330761
row_026641,0.36853279477592127
row_001364,0.0548223983927165
row_031369,0.6985792529406675
row_038722,0.8557792577398488
row_003573,0.8074686683335068
row_020537,0.33274416134472473
row_012898,0.35700594775332656
row_005375,0.41729413330844783
row_035758,0.3147652745456824
row_015575,0.3685131222017041
row_031913,0.3047917315878808
row_004349,0.7229430714321389
row_035951,0.20128887583611357
row_043647,0.5331756397667797
row_012604,0.43905942912629287
row_002608,0.1668313847257138
row_019665,0.05181579689152301
row_033443,0.3618633303925475
row_023272,0.9860034357208949
row_033513,0.1518011426009633
row_004458,0.13771131459505337
row_030759,0.12967100469680362
row_023449,0.6434141575763077
row_034697,0.4077510506264634
row_037877,0.45564856649113883
row_025498,0.13213967655207803
row_017693,0.24207222742745374
row_023402,0.18481534709411812
row_026387,0.6412681335099125
row_023382,0.4148240370742021
row_035898,0.5442284192406371
row_046883,0.13410344619212508
row_015370,0.858924097431759
row_002074,0.2894941401795554
row_029779,0.40194659568059105
row_003259,0.6796763642761154
row_021608,0.39471703358447363
row_026529,0.5855331137496539
row_007439,0.2774491303130672
row_023766,0.7942411347519401
row_032983,0.4129690684137202
row_037119,0.6688790839226809
row_010559,0.007947381022878173
row_006977,0.38410233663964605
row_000715,0.6836795361433
row_033557,0.2448938564832306
row_033317,0.5427865936130015
row_036723,0.4544110965343136
row_010642,0.623277993549272
row_043327,0.3989612256354694
row_048082,0.8680649863746125
row_032086,0.3475960861678741
row_048399,0.21223045655262582
row_034250,0.160370794355761
row_030300,0.5665874957019469
row_016876,0.6807952620378471
row_023732,5.810108316546732e-05
row_022043,0.11133322145421934
row_008727,0.8426737047882464
row_012537,0.16001151694010746
row_005666,0.04071202632170018
row_042871,0.25435957489425276
row_030127,0.957313122925092
row_011138,0.3499111690369166
row_025384,0.13207082143999777
row_016428,0.11762158080906293
row_036703,0.2595033330935642
row_048355,0.13812965119299309
row_046066,0.5157423015094812
row_020872,0.690529968948066
row_017567,0.4889936522220293
row_002970,0.18999091021046366
row_029669,0.7905116563673333
row_031981,0.025387877861743322
row_020263,0.010849641835144107
row_039289,0.03516941911487028
row_010868,0.5409571529024304
row_037685,0.3755360998627383
row_017937,0.49220962599662765
row_042888,0.3694432925223749
row_033076,0.5720992266258392
row_020816,0.39336134947836726
row_049058,0.5111685091312338
row_009593,0.46494394842161835
row_025156,0.584467178615016
row_036089,0.5210115951409248
row_013956,0.5863422932213694
row_037346,0.22429618344523256
row_035820,0.48466723798003786
row_047732,0.6273339402961309
row_019959,0.3505308277062169
row_022789,0.7189315982025334
row_011353,0.522470866310496
row_019850,0.2983175126242087
row_016163,0.13697226822447406
row_046202,0.4015345920995635
row_009739,0.6915765012200489
row_001897,0.5224925181836414
row_032959,0.22534475880914084
row_016893,0.31238177808836737
row_047114,0.6561833921368577
row_031796,0.6167276876206437
row_027208,0.9630156568549116
row_010127,0.3135455229656754
row_023069,0.9698792013981207
row_027551,0.4099561513164415
row_009825,0.5891034307020868
row_026519,0.5577871205094158
row_024246,0.38284667145306006
row_039046,0.8036626245775887
row_043162,0.5888795405267505
row_037559,0.26392020941495836
row_021519,0.14071360442335223
row_024439,0.5104942053266733
row_018470,0.9779535895146858
row_014693,0.6731667650008238
row_007338,0.2260402948089632
row_015752,0.4785344206822354
row_026935,0.6070139030831786
row_023462,0.44062658201957466
row_016950,0.34134823766850425
row_042261,0.6188681851160452
row_041016,0.40591591267972243
row_009753,0.0629080284668662
row_001216,0.9920828488750455
row_011938,0.7381308550006918
row_049957,0.4928535001770125
row_020242,0.4676193151423728
row_030590,0.6396264852495319
row_004998,0.08451411866080437
row_023647,0.5228874348512409
row_027545,0.3554184488478114
row_029887,0.3091435731015228
row_027164,0.7239198356329157
row_017051,0.4662678579254733
row_012224,0.31541731115764277
row_039758,0.603888957634913
row_037806,0.12580163762264382
row_016423,0.41218227488077047
row_033369,0.3039747950705505
row_012666,0.21503271809120664
row_001611,0.5216676704060439
row_028336,0.3860894320782664
row_020197,0.31666958644694126
row_031814,0.7831525811687418
row_022641,0.4512034624465968
row_011311,0.7331567895879945
row_010993,0.28704312019114014
row_027166,0.81560336531276
row_046922,0.5048218266467007
row_012707,0.7732037410965467
row_039497,0.48257201856710846
row_048580,0.5755852175587346
row_016702,0.21769165464760182
row_021132,0.4986228392850757
row_047207,0.7121166257205077
row_034631,0.9000905161150454
row_040384,0.6014375731340762
row_007526,0.3037959681085921
row_001828,0.4761662416008613
row_027114,0.12741255320097358
row_027265,0.7387860834027057
row_041986,0.3120607973332432
row_027406,0.6132649279022196
row_046007,0.5535440321798049
row_049516,0.3846615570610887
row_001197,0.5221646262489195
row_013361,0.3896198121112362
row_021714,0.39955060670000936
row_040719,0.29374871670944086
row_011149,0.544544974784794
row_026363,0.7132027198010253
row_043251,0.4915617875382883
row_026293,0.08472001401499266
row_045948,0.3499342366104523
row_010276,0.017894810871888177
row_019834,0.3084257985908892
row_026110,0.4453793951057496
row_030006,0.7255773741149163
row_037125,0.6287755406791063
row_006891,0.04793835364870039
row_040747,0.4112803722168776
row_031019,0.02418859980006152
row_010847,0.4495397138188987
row_042873,0.32908942945491665
row_000444,0.34853555538835596
row_025257,0.10210037248786263
row_026389,0.384129328559013
row_011059,0.6320162135824405
row_047493,0.6659231576369782
row_037986,0.5414512698164536
row_011367,0.21448017458138557
row_035026,0.10833963499797944
row_010330,0.46029276673017955
row_028814,0.07539945288723067
row_023134,0.3163462177030664
row_038188,0.5337305393789068
row_020667,0.4844961566763679
row_049774,0.5181762918698479
row_049687,0.7882563224562577
row_005249,0.5863290464603065
row_039494,0.1831447554511409
row_049723,0.19066001714179212
row_012205,0.9272859915080544
row_022965,0.44859111724590645
row_049098,0.22814211971253096
row_028775,0.3495142210033334
row_011008,0.07962630432483128
row_006144,0.30338831512524544
row_015815,0.23379432116362667
row_031819,0.2589964408117701
row_019991,0.974554485370065
row_016739,0.10501685406831718
row_012339,0.3007741540628546
row_044111,0.39175583617935616
row_044041,0.6111301956324426
row_025469,0.6056956059689869
row_010114,0.4105037713951083
row_018286,0.42604712335719935
row_044914,0.39925353317301365
row_006496,0.5425274495371669
row_030448,0.48574666893443474
row_022163,0.6488841785930729
row_009617,0.38606013839309816
row_021958,0.4383308076598406
row_030931,0.46464629655665257
row_026214,0.5610373401982283
row_017221,0.5106854421537718
row_004289,0.4490088073384589
row_020592,0.7995750774839424
row_027002,0.2629190265799637
row_039332,0.7376427166178913
row_046918,0.13799324658321152
row_011145,0.3172498490644781
row_008902,0.5414228693961894
row_009760,0.6239540874187471
row_014782,0.7642550506850418
row_008453,0.9703765697932534
row_004488,0.595312678807759
row_001088,0.4821337759325277
row_018250,0.452347712482311
row_043483,0.598937880232002
row_014470,0.2985792607240319
row_046511,0.2713956802611991
row_042730,0.5851080655519653
row_023333,0.3317989693917287
row_022195,0.11972151689530487
row_027209,0.15890568472395292
row_031361,0.10328848821582258
row_047698,0.38133632129990813
row_035970,0.8797157950866508
row_049454,0.38381275707906726
row_024178,0.17172276158984703
row_035429,0.7190678927518176
row_027770,0.13590971899502688
row_012790,0.506040836424662
row_029051,0.10957929772869128
row_020399,0.6654840144978227
row_032029,0.9290450654052745
row_016528,0.3821509473752667
row_033509,0.3526651890517556
row_002354,0.5115376355465945
row_014026,0.061550958305447226
row_029740,0.06909220156571672
row_000564,0.14409700803870143
row_032929,0.23313218289578372
row_048020,0.689183266711779
row_037121,0.13016315080812202
row_024554,0.16866584756678218
row_014216,0.57764528840148
row_047839,0.4157740705345155
row_005481,0.49797875367466443
row_028357,0.3843518450851157
row_011723,0.7089912038857474
row_005602,0.6527265077463336
row_042706,0.43751014360618207
row_016400,0.7238001907475904
row_006505,0.23341197070923034
row_039201,0.6864406065557505
row_049790,0.31305529299029733
row_029130,0.9130942541297671
row_019299,0.5673901069867725
row_032858,0.5849452394951674
row_039147,0.3244417100179571
row_026166,0.870151612177119
row_044040,0.6584747901734548
row_009960,0.36028994444297985
row_049295,0.37360513626848196
row_008096,0.4207154741529687
row_019263,0.7570797692694632
row_016763,0.5709783507593277
row_046516,0.6072067298734378
row_010720,0.4797460213970521
row_033246,0.3123682586627876
row_007198,0.24016800734029495
row_037759,0.5164411346910324
row_032748,0.4683587025356296
row_018981,0.6708579523494993
row_047371,0.8365571995458092
row_040951,0.7335968112510853
row_031088,0.413399765790987
row_001043,0.333422670569988
row_044356,0.6753220393868333
row_034005,0.44248902226785564
row_002014,0.33082627835380113
row_039647,0.2268215435796086
row_005872,0.3385993625501477
row_049031,0.2204652340449098
row_038355,0.3729172179832854
row_020500,0.5303055552625676
row_044778,0.3227417177265752
row_019659,0.23317025042239606
row_033501,0.7070641659222457
row_012463,0.48358480971775114
row_017883,0.4350420031201479
row_037652,0.6675092633665227
row_015749,0.33907430245673975
row_029982,0.3651380448895359
row_015624,0.17759156441267324
row_001346,0.26353647783812884
row_003931,0.5846036984503348
row_000459,0.44486614767410715
row_001245,0.34164309178486596
row_040166,0.5093102581102712
row_034515,0.1585733395101805
row_024869,0.3958701234882903
row_026482,0.582705154661631
row_049383,0.6272827790097355
row_048802,0.03775627591540443
row_016772,0.09661577603366048
row_018085,0.8289437520450881
row_008106,0.41969010488322495
row_035335,0.0703681260151229
row_043266,0.5323944346557608
row_044362,0.7028913088436115
row_031779,0.13342155841872744
row_025080,0.15721269115569805
row_018912,0.6941356723297282
row_030515,0.7473073571492276
row_005824,0.7105603668807706
row_005498,0.10224481389456246
row_008005,0.35519020309064714
row_008297,0.03663716317793263
row_010415,0.730459931444797
row_036993,0.27829442107605523
row_037217,0.25273702120233627
row_019712,0.01064514731566695
row_034437,0.17821394914786678
row_016171,0.520994427080775
row_034864,0.1879609502820479
row_044293,0.8328152739321787
row_031883,0.1947369402752093
row_001253,0.27081519342412513
row_030241,0.8333382613137971
row_002708,0.6177005112002366
row_032523,0.7536761027591836
row_019430,0.11924686265273063
row_013204,0.8004067871855917
row_041099,0.325751175744701
row_041201,0.9111278537620917
row_017251,0.4748137261501167
row_022878,0.11553778790394542
row_048914,0.18044831143290352
row_022834,0.3927628134481793
row_040758,0.27828348918358053
row_008364,0.32637415734059394
row_045638,0.4416578672789897
row_001439,0.3377874517104259
row_030224,0.5506894013510831
row_047831,0.20521285303734582
row_005710,0.2772564729359349
row_009054,0.7677665096964837
row_028426,0.5669894259861387
row_039231,0.42596397564177246
row_041823,0.8764345459335317
row_018468,0.153978540442164
row_049928,0.09234872862904635
row_030350,0.38173510309789954
row_035541,0.5468771441496001
row_001640,0.7255487524147334
row_047953,0.4196550015222826
row_041555,0.3242036563262115
row_008564,0.6840212009686105
row_018446,0.4563306027002007
row_010171,0.02602349348372153
row_000766,0.46999933051719717
row_036751,0.9971083923004723
row_028102,0.09940649563139684
row_042365,0.033539823727944264
row_045028,0.3242634373750596
row_030666,0.4825116047938554
row_035933,0.71614891811038
row_024210,0.1718548840551729
row_009797,0.307869648227315
row_023616,0.8297219830054824
row_028612,0.753065301558792
row_014191,0.339777214105289
row_027514,0.6862838774853023
row_024476,0.9782091911380069
row_011348,0.1484997883123048
row_002422,0.22604707035123314
row_039905,0.21334294232809695
row_009265,0.7888996740428179
row_024538,0.2308779479775278
row_022605,0.2959587407811001
row_043395,0.0589561365155525
row_028196,0.16312774322189308
row_033872,0.5911769504896845
row_028747,0.571448191753067
row_002989,0.3168002710806746
row_037868,0.9183906062857955
row_036603,0.19366143069080163
row_018166,0.4757532644271067
row_033068,0.5882449372541133
row_032777,0.7549984508924716
row_045644,0.2929565267161775
row_005170,0.8357198593511465
row_037282,0.13487867904217934
row_024544,0.9882048861350569
row_040366,0.6062546336194053
row_013309,0.2789619390872693
row_014629,0.5802296763666065
row_039047,0.4715953218908106
row_028572,0.22623154339486354
row_018936,0.6835172354926096
row_024827,0.3951483891317209
row_029566,0.4788905787066665
row_000386,0.4783003380586542
row_030287,0.1734834694790437
row_009641,0.251795569881652
row_041544,0.11042109516047681
row_049581,0.5579220981063093
row_038369,0.39896383203383473
row_029070,0.4159364491067757
row_045705,0.6457419118676859
row_017301,0.4797011049753361
row_024112,0.14723316340460824
row_041219,0.5239974772583137
row_006181,0.22899367216085478
row_038772,0.44460455293928697
row_006395,0.35297065560681185
row_011343,0.37185930083110463
row_008309,0.08639838091989703
row_020224,0.28862688369910955
row_044623,0.302632106811486
row_003379,0.48791490393609566
row_000398,0.66339023444142
row_034936,0.002003128868896932
row_007533,0.690218262896803
row_046350,0.024069063383687275
row_048191,0.4252278844487573
row_044613,0.5589438077699064
row_014968,0.5547114416743183
row_048686,0.4762027072458908
row_017724,0.6692081026892678
row_020112,0.3862872275353782
row_003448,0.5055710223828586
row_034552,0.7392639849252092
row_047160,0.551441875494187
row_007827,0.2778168829242913
row_012313,0.11627896829769059
row_025451,0.23044686513684812
row_043913,0.1290484902420869
row_026919,0.294728708237655
row_005921,0.42400312036193527
row_038371,0.364985582002988
row_013592,0.7194736162887072
row_035114,0.5504924249898591
row_045468,0.5049008710761843
row_040498,0.050382067401064205
row_030712,0.6731860009708652
row_043459,0.5659465506943815
row_025638,0.3083056772514381
row_033138,0.5733093798619888
row_021495,0.5735320926494049
row_046923,0.43964327199729314
row_011318,0.6222330121289954
row_034260,0.3647933289048933
row_023586,0.9798276626990502
row_044290,0.8178122715367948
row_014546,0.4815070666522166
row_049234,0.6247057027698021
row_000070,0.1347222389754299
row_007543,0.22029652568849273
row_009110,0.3404172919925333
row_043624,0.6153666341421906
row_007427,0.21541980541997893
row_018358,0.22717122822139107
row_034873,0.3268653700188389
row_036978,0.7809934165275481
row_021474,0.6090859466873622
row_025944,0.6361603811343247
row_044072,0.6491193335001938
row_010801,0.2406849590064142
row_027425,0.48752705816324643
row_046609,0.11990015275541677
row_028113,0.104311518643367
row_006440,0.3989749344516918
row_044171,0.5321166711140745
row_014029,0.37247489778563486
row_044400,0.5447279016729204
row_019257,0.5638641685575144
row_040241,0.6152097237315611
row_005756,0.33972110802213
row_001892,0.5517728245213572
row_040383,0.11464871191707242
row_003310,0.6434714037849375
row_019554,0.026920247179711063
row_046411,0.4366414187392044
row_023634,0.2794394935512307
row_046351,0.18877823343538788
row_001293,0.8256730497722994
row_013243,0.36450277737150455
row_018401,0.9284232012373651
row_041151,0.13236108509164332
row_022533,0.4151739568716411
row_041107,0.8109845548692685
row_007947,0.7204352008473186
row_030452,0.211408382911633
row_036309,0.38240838665639343
row_045495,0.3469609265852861
row_014354,0.8337471554886505
row_024503,0.5823162835791019
row_006867,0.9837594921072709
row_001838,0.25430212984408224
row_006787,0.5709247495662267
row_015264,0.6602808972536975
row_002819,0.5670919934869281
row_032191,0.010126924017143166
row_030243,0.26281291508038906
row_025231,0.4719061019018531
row_015908,0.5784840103026838
row_015577,0.17222565129208628
row_001866,0.13869609495984778
row_007229,0.566166531736961
row_015451,0.3961943200470245
row_039495,0.5357289688108794
row_018807,0.004959970028533065
row_026388,0.8439378950471741
row_042011,0.7044736665485405
row_012368,0.6501168469201146
row_026822,0.17469947299392916
row_046754,0.42387145159447537
row_000262,0.3467095130273587
row_042310,0.06605848124080523
row_020893,0.24451737988634417
row_018624,0.4599649720026396
row_026188,0.16545108196819253
row_037569,0.46533072010675075
row_039734,0.7219284692434461
row_021548,0.5569962883858335
row_048389,0.9150058715467212
row_034578,0.4555445020758705
row_038880,0.1435256852026003
row_037087,0.5402142236059536
row_042254,0.6102048075072024
row_046159,0.3226564634876815
row_037190,0.4957530354676263
row_026068,0.21915689966016708
row_016059,0.6631745519573587
row_019187,0.3975769258512164
row_047559,0.6457350145532126
row_014087,0.4257362853436286
row_019078,0.7655701614810373
row_042076,0.16625166102771533
row_030890,0.7895182377382962
row_020239,0.29224317565800667
row_040452,0.18890389197856816
row_027223,0.4735081861360085
row_012122,0.2172264449309918
row_009613,0.2959698095122845
row_040665,0.42217243090610646
row_021691,0.16727377746941577
row_020635,0.6233120052921141
row_038900,0.15359527291456157
row_025950,0.27258213812318194
row_039433,0.1961955913222075
row_048813,0.429130696975808
row_031989,0.515064509095402
row_030172,0.3985161722996782
row_014292,0.9336748157496297
row_012187,0.31043077919540923
row_029901,0.8107649893943175
row_035459,0.020784804283556727
row_009586,0.31048581442239087
row_005619,0.7037725801106425
row_010656,0.358044823971756
row_008408,0.6761583813742241
row_036784,0.48311518862223923
row_024202,0.667567269641521
row_049400,0.2700772584101206
row_007702,0.18138802480218105
row_008831,0.18929793071994722
row_038974,0.06513451514803219
row_023080,0.4879159137095383
row_042781,0.9089998113028221
row_033689,0.5137613086087895
row_041576,0.17079791325163188
row_042858,0.6411369079826987
row_017371,0.3980404037664539
row_010445,0.27050589791231766
row_020756,0.3526443396509717
row_021632,0.3981206055219249
row_023213,0.5023387464899685
row_016589,0.3151986854193958
row_008252,0.5419016148783512
row_031350,0.3154750718282629
row_004460,0.15001530321535197
row_030606,0.6354443767949932
row_012701,0.4916937705549424
row_042412,0.07245741733315625
row_020409,0.0394862283111504
row_034102,0.4492573347508156
row_041389,0.5027723500615991
row_027660,0.2534638060907705
row_044824,0.7492465899937639
row_026415,0.48045894238314213
row_027185,0.7782438460472001
row_041275,0.3726318702381955
row_032887,0.5744514189393894
row_046468,0.0019027468971597112
row_040515,0.7521525959830205
row_008995,0.3589176003769663
row_048834,0.5918871067063508
row_044733,0.2248831651542898
row_002428,0.3978108712095485
row_014059,0.28708049314819223
row_008888,0.8582385220525629
row_041686,0.7381981751414066
row_002551,0.41970744512955327
row_040390,0.38881877040629487
row_012890,0.2577876592394577
row_039290,0.3604457452607767
row_046777,0.6979895862266973
row_010140,0.16693058470596975
row_049777,0.4792880197839525
row_013186,0.15533950446786648
row_005435,0.2664716382276633
row_008092,0.45610951152846746
row_046485,0.7278757176890421
row_032487,0.29791609642965705
row_012514,0.26281200673576965
row_043964,0.2800499457959733
row_015632,0.5046083013469637
row_018459,0.43678136752246566
row_033232,0.8140186691080296
row_019107,0.7411558250676586
row_014450,0.4564965515902745
row_011295,0.35348609012279514
row_003059,0.01379651806560365
row_036696,0.4023095397556179
row_033208,0.8034293363199243
row_034440,0.8917332217595678
row_017435,0.44118706203925473
row_029989,0.7335723584863695
row_019885,0.12464082593092154
row_045083,0.4972018067864246
row_040806,0.3562965361315052
row_006815,0.2557015170553571
row_005559,0.6192954297297782
row_008690,0.2537909209917529
row_018010,0.22013822929470234
row_003499,0.39898954205512316
row_038251,0.7959105521039256
row_038083,0.030988970713864965
row_022768,0.7180283459886506
row_002885,0.5337176167960784
row_005385,0.32409734862422457
row_012840,0.4100441818697687
row_010135,0.3397014562985665
row_012813,0.007250875934279934
row_001622,0.6657971324359122
row_038360,0.34824516352861934
row_043553,0.6034901954929905
row_040566,0.24941516854889184
row_016246,0.14833746789213548
row_009316,0.4845353780054676
row_033821,0.050849677873112085
row_009008,0.04322665401226028
row_026129,0.4641574166704092
row_031421,0.8099864123520018
row_023265,0.863610806188826
row_037075,0.6399928015147561
row_043279,0.6318219052137685
row_044437,0.003884086803163133
row_041101,0.43075705834721245
row_007692,0.5805899662690269
row_022682,0.37504616017195064
row_044321,0.4344751547206504
row_033950,0.19022328591338578
row_018661,0.8241694816084812
row_018997,0.4183195795184131
row_028073,0.6315629000525277
row_030218,0.9143223368267748
row_042764,0.6468223630851179
row_025562,0.6859220696872288
row_005458,0.4990893660807076
row_024736,0.29268258199281166
row_003635,0.144878381957191
row_005210,0.46777056848812876
row_031938,0.14504103747902444
row_011653,0.4765558184644126
row_013691,0.6495453295190982
row_015334,0.774873195157398
row_033364,0.6244110844103168
row_022917,0.43902692665988186
row_000817,0.6142908555810592
row_014795,0.03995554389060807
row_030510,0.11360872141633849
row_016555,0.2508539610369105
row_004497,0.43264472838033885
row_032281,0.8149249845618542
row_037425,0.9462042874844486
row_030223,0.37212254512194004
row_029228,0.2844102263121612
row_037888,0.5893371164672808
row_020969,0.13694485895580363
row_010013,0.4365919383990683
row_018945,0.16492539745510124
row_016640,0.4535596271089182
row_006884,0.7163096461796497
row_012257,0.8066076632951146
row_039159,0.43981209295197243
row_048815,0.333557560463106
row_008643,0.5318606854140357
row_049396,0.20888508851584012
row_017673,0.3987576881608163
row_003182,0.5572864698080096
row_040009,0.04996780756897912
row_038475,0.3859201982360157
row_006814,0.07474664566749416
row_015801,0.21388319086429222
row_014687,0.6998616297187796
row_011290,0.6250610887086209
row_001824,0.4627700599907976
row_043502,0.08957031872085945
row_042938,0.8650493700410099
row_040033,0.1530803196157593
row_023132,0.055684761724763075
row_036874,0.4563533438916321
row_033059,0.7520466568445902
row_008865,0.14415059173443384
row_014333,0.4226624747413379
row_017609,0.25258376105862423
row_009964,0.014961676218621841
row_009090,0.37956756171777467
row_038117,0.5064228139530557
row_019214,0.38224676755508424
row_032868,0.27858788243885463
row_012644,0.28177627000101174
row_008028,0.14578229057101344
row_006099,0.38746027894618734
row_016956,0.4728874987850617
row_020042,0.021298334817121626
row_032287,0.6643356666390413
row_014513,0.22491733856585713
row_035059,0.5587620954599491
row_032528,0.49190743700712164
row_029583,0.006285291236841498
row_001443,0.4694750188581922
row_039112,0.4744739795063803
row_008859,0.27389295384825
row_022150,0.5752712770140148
row_027229,0.11116749493578479
row_044705,0.6384493837601583
row_024849,0.5496762006342634
row_021526,0.03535622853900698
row_042560,0.32868948559929184
row_002212,0.5695283566217693
row_033492,0.44967852291893884
row_018556,0.024424890203201818
row_036019,0.0018984138597866473
row_031694,0.23764507465989823
row_047073,0.360603960240703
row_016875,0.6337381367747669
row_033784,0.6809109317188402
row_034817,0.43408222166327
row_005147,0.4768351219671208
row_020665,0.1814126258292032
row_024612,0.5056912405288609
row_037413,0.49391450584472596
row_026931,0.4049637469389624
row_002545,0.3813602257110847
row_044710,0.1786706800475095
row_015961,0.09647006797830768
row_008975,0.41123892652193955
row_018700,0.7508728871165781
row_005386,0.2322844839515711
row_038500,0.9342251214965981
row_018707,0.3009612901731251
row_029737,0.01203303163794532
row_048014,0.3115043869049968
row_003070,0.9965282470052288
row_040486,0.8147089624998266
row_033146,0.5765493015780926
row_035178,0.8144916562542631
row_014927,0.7736359119035914
row_002840,0.2825131072358705
row_002243,0.7117723439584916
row_040877,0.2538026479275102
row_048508,0.5246454477053242
row_005345,0.588069928866133
row_026473,0.9071933416754445
row_004742,0.9077399636327553
row_044460,0.18656374145136775
row_002730,0.5534038774568452
row_041855,0.394911852107295
row_049530,0.7659966160506548
row_025606,0.7014900391925419
row_047432,0.32897979897030266
row_049765,0.7313429190196025
row_017154,0.6018702887139044
row_003481,0.9890336774338518
row_020291,0.21785068873527572
row_018797,0.027707124426150108
row_012156,0.6302961995353383
row_026237,0.5115024085632828
row_031044,0.9412415201369315
row_016512,0.5714652250377152
row_007038,0.7131631144635358
row_008904,0.6125829579577897
row_031120,0.3973651576376667
row_041279,0.665483262152972
row_014235,0.23140306439417477
row_032610,0.06498323164638928
row_041236,0.8581424307576639
row_035297,0.484605997439875
row_033842,0.5768747632064356
row_005726,0.4132280831075533
row_008680,0.597609790231156
row_047526,0.36612637072620796
row_022154,0.5739251105410267
row_042438,0.40547327355243684
row_019864,0.42232183838693366
row_040573,0.5051346011902318
row_027310,0.3578968306868688
row_036146,0.3458119612653027
row_026243,0.8529932098116574
row_009178,0.3167659651728619
row_028762,0.0019439246338555875
row_034191,0.6876201991446486
row_007610,0.1676472931106433
row_033856,0.5498724452705052
row_015034,0.9228918576733252
row_008641,0.43009682769986746
row_049145,0.16086233430726554
row_020434,0.016924293613809066
row_027398,0.533516794261872
row_049493,0.19905834850686757
row_038356,0.31883608580899714
row_001438,0.7678119749868475
row_033971,0.34859689221244095
row_011522,0.6372626626191953
row_013836,0.38829326058061236
row_041242,0.43094502642723564
row_032521,0.6111231516405514
row_042634,0.212930832407436
row_008994,0.5470416765294221
row_030165,0.628878681421519
row_020599,0.03410901430134902
row_013962,0.4934843277838285
row_022265,0.27943263549883013
row_023419,0.5310658340485039
row_019704,0.5956191425752528
row_046389,0.3266441532632497
row_012535,0.4817782306192065
row_009419,0.6201670174285749
row_031586,0.22923151438963563
row_001540,0.968073960594056
row_011638,0.8409787120864902
row_029024,0.3095117845926014
row_003002,0.7329827177432892
row_002667,0.1207260447516887
row_025164,0.6333344304810946
row_033608,0.09907833119131364
row_031053,0.30266951711842016
row_048165,0.7782200460554065
row_047533,0.11128646114932393
row_000255,0.23650260035627466
row_048503,0.6586313415356747
row_013323,0.27038490320803565
row_018244,0.5724185529660971
row_027201,0.6750850503642939
row_007026,0.3972066661482976
row_012074,0.7628600565110932
row_020627,0.22884800249490014
row_005947,0.25271230185237625
row_009915,0.25541942241427773
row_043686,0.9977949823547734
row_040835,0.1531812909115591
row_001716,0.04806394682028317
row_037351,0.4571494203914729
row_000390,0.2030383453919582
row_010553,0.10530324949856242
row_009557,0.6657722125003475
row_024559,0.24077830550645105
row_042604,0.5406528768420794
row_036257,0.45800649317689285
row_047575,0.5356507180736432
row_040081,0.07757202524576756
row_036821,0.30906043171592323
row_014518,0.05030898532532073
row_024347,0.25469356756338923
row_048510,0.47057751819178273
row_026485,0.20165454427993298
row_012994,0.3601256615824817
row_019897,0.480949491843853
row_037963,0.15419329181295438
row_022270,0.7043291048279368
row_012656,0.8169946507954304
row_033766,0.33575938072217004
row_039777,0.08527175011543728
row_048926,0.24175312544572133
row_001457,0.31893255272456283
row_014946,0.15258509993213504
row_035490,0.23738842533489465
row_022610,0.5211552595076733
row_040386,0.10666156751105871
row_016281,0.23496399503193002
row_039977,0.0035567297834122043
row_016717,0.20331655233484813
row_029558,0.10354432270361628
row_030475,0.35518095691381363
row_022535,0.35165406670452887
row_017002,0.3920074503391056
row_039607,0.05963022254832648
row_041593,0.31380346094498157
row_027695,0.3379755387056649
row_047600,0.6392157105484284
row_002931,0.31233194058117103
row_023290,0.9915286390544429
row_033903,0.3980787784044313
row_009216,0.9054605854842037
row_049384,0.3879197050665464
row_044337,0.6850859661965504
row_017785,0.09887496954761082
row_000312,0.5860121902262679
row_009331,0.22174528149945982
row_044095,0.47072899531585655
row_017906,0.17655495365183305
row_025190,0.4139378676754336
row_031436,0.4723097972655443
row_012883,0.2778394945926769
row_034328,0.012302462793666678
row_002170,0.4032313676577435
row_022455,0.12629218326451544
row_012797,0.35301788710285914
row_037861,0.3771255882802625
row_010705,0.5285925785266038
row_004885,0.3019885811684227
row_025193,0.7962534409250644
row_047829,0.5296060252126307
row_038752,0.7871039990176376
row_039690,0.6065186705845036
row_005820,0.97143933931614
row_022023,0.6399978549583917
row_033739,0.19273971430896503
row_012610,0.8925100796620381
row_001144,0.23800991876550512
row_004260,0.3782669226057429
row_018173,0.6828055337909421
row_025641,0.7769178841370523
row_026299,0.4785259971407962
row_032284,0.6085445178564884
row_013012,0.34833093070745613
row_023120,0.7518958181615295
row_047776,0.1696515465869934
row_003792,0.4323255357568022
row_008519,0.3188699516172895
row_007621,0.3937327550288233
row_039911,0.3363175138279002
row_016009,0.33464480620160664
row_039901,0.40178378474345655
row_002235,0.5834123424337357
row_037722,0.8168387246104586
row_024617,0.5972248920041399
row_008351,0.884113699086725
row_045255,0.7375968370002525
row_021964,0.23290677907685028
row_013077,0.2333387487340788
row_049297,0.2869113729390077
row_014076,0.15029812770879775
row_044129,0.6489734480321016
row_011118,0.14597041181127185
row_001987,0.23115829255696263
row_038344,0.19282931939231104
row_042399,0.6045385813154845
row_032619,0.13650084542669189
row_042740,0.3880135088998924
row_048441,0.3049216917085616
row_040482,0.3187116441363281
row_011668,0.1978627889939637
row_022379,0.6080410720928751
row_018919,0.4549543027871729
row_032769,0.6336013662968589
row_006373,0.6225096009140721
row_012360,0.08902144406306849
row_048287,0.5846287107744191
row_033116,0.4003107951882371
row_026309,0.17207331444220447
row_043914,0.6720983819579656
row_003649,0.6843715245288599
row_030512,0.12776847228234894
row_021404,0.23312606442848233
row_027840,0.47309641319058904
row_011552,0.13677287830893173
row_023367,0.7539980706028813
row_018762,0.9486402075464072
row_007098,0.6262836614086417
row_020186,0.7046208333755006
row_004122,0.8730897372030619
row_043853,0.18559491837333708
row_036418,0.7771364658666985
row_003294,0.6511116945844645
row_049875,0.6980356053554934
row_016028,0.13549601703496097
row_017594,0.2632606326560966
row_017379,0.40563267296273786
row_035828,0.350868389579944
row_005630,0.8044812614411733
row_040549,0.7065293047644645
row_045964,0.15493043236169657
row_043541,0.4041541174457023
row_046971,0.7746342502044363
row_032091,0.5661994176091223
row_015634,0.6828440789145245
row_037429,0.4865593009019879
row_024731,0.27542850244199013
row_027215,0.6232941679801758
row_025974,0.6932729883636692
row_022887,0.17237959442356388
row_031731,0.39289888689175684
row_036576,0.2724150163128288
row_002363,0.6160991047955319
row_017211,0.44095547557208176
row_012643,0.2539897367263866
row_016017,0.3185661585549429
row_048482,0.3217913962747502
row_014407,0.46912978470474276
row_020283,0.23845175777311173
row_033275,0.7003915234712175
row_027216,0.45927240195419955
row_006589,0.453659471003216
row_000652,0.2506042345543319
row_037023,0.3824239948417236
row_038182,0.2653598153884545
row_005707,0.37365798825675134
row_019013,0.781213208870739
row_014672,0.40050361201581014
row_000136,0.6331841968228761
row_032944,0.43348073553891114
row_030615,0.21048491724423585
row_017663,0.26762782222908
row_020384,0.3082859063231902
row_008825,0.4218656322086187
row_021165,0.7200672208047492
row_030669,0.43236166758858646
row_033981,0.1541724964559175
row_035438,0.4884449242492509
row_009646,0.7545610393524166
row_011283,0.6440654444611121
row_017342,0.09860904313500597
row_015453,0.25347187774564534
row_039125,0.8352550339591567
row_047725,0.274521077327424
row_001627,0.3755717916744361
row_049809,0.29223746520461086
row_036732,0.4919858222451264
row_018528,0.9945352307928008
row_023679,0.23272919103856518
row_043352,0.9556652285853584
row_049296,0.9572164320999722
row_002345,0.42884195884811327
row_012858,0.30601050678764563
row_026956,0.4031254632983369
row_014083,0.9993722546543391
row_035046,0.5773672914928504
row_044522,0.07544757426514113
row_019090,0.565583234103937
row_047830,0.24842117470959124
row_042370,0.8868821668121393
row_049606,0.6753824187192781
row_045637,0.6377927868616926
row_002162,0.9682651116075507
row_017421,0.04908923184693049
row_026017,0.522373958433181
row_002904,0.5751339120537412
row_025788,0.25962200722463746
row_018020,0.28449330497252534
row_018494,0.46440798666976374
row_005305,0.5602139930253375
row_047793,0.9523326239681524
row_047605,0.42096475636088215
row_012113,0.4795139531571108
row_028374,0.7346226452914831
row_046552,0.9904029046391412
row_018868,0.8773911615368332
row_011843,0.9406541849570441
row_042139,0.5455221230249202
row_038318,0.2913440992056931
row_016349,0.3184222500122465
row_028485,0.5268103531598938
row_039382,0.39844411049908235
row_002100,0.03808250862361322
row_020949,0.5544729397488538
row_009937,0.9394616714558331
row_033249,0.022071595220062135
row_019452,0.6244570004404005
row_031062,0.16970884276463105
row_020999,0.004692558173463327
row_007483,0.1897292060003573
row_033822,0.5858163767109387
row_032076,0.2478692939264461
row_044048,0.7252611860273565
row_019333,0.40593232496892223
row_033740,0.20803669078662532
row_039589,0.19627006225343632
row_047194,0.38039410294484355
row_031527,0.5959867368867078
row_042621,0.24914255317317777
row_023289,0.3934365756421387
row_012779,0.6538847089740744
row_042120,0.6348755436339188
row_047608,0.5147194231972705
row_001274,0.14271159781065063
row_041910,0.7192668264447213
row_031451,0.5561527556849908
row_038099,0.8819513672608741
row_016081,0.39918536371833824
row_014145,0.024635154254029717
row_036012,0.7447252634879258
row_020410,0.3166185305576896
row_001239,0.8883714960973907
row_038673,0.4248859131156727
row_006199,0.11401127390793339
row_008216,0.40038855797149464
row_039381,0.5620286925863995
row_022124,0.4216317532306747
row_040095,0.473069744233709
row_014228,0.6612534692724912
row_007281,0.32706833139344005
row_001832,0.44226794464457236
row_042635,0.49975561209316316
row_033342,0.509971090839381
row_026588,0.6366292849056735
row_005410,0.07667039702013027
row_027742,0.6508042930486403
row_009297,0.6379582819658811
row_047999,0.09257078696375827
row_021713,0.3563355326380819
row_021736,0.3238242189534757
row_000683,0.21456878065380897
row_031155,0.6319810701899985
row_005954,0.5279857851905705
row_023912,0.7442958375370988
row_019907,0.04597223059750706
row_014064,0.66960799686944
row_001587,0.32457730094022663
row_048134,0.7459467781980267
row_008588,0.1950298264298687
row_002575,0.7244489624309035
row_008181,0.5386109910780587
row_025078,0.3967613959471189
row_019089,0.0778607918548862
row_033401,0.343441449731566
row_003760,0.9439294364631584
row_010277,0.16730441601599014
row_023477,0.1730414958648407
row_030877,0.2435256024496573
row_016325,0.05775141321197962
row_001601,0.5244048760451827
row_003969,0.3118604953706629
row_047592,0.9618306066581466
row_049466,0.314562550753402
row_015112,0.4221414568196838
row_015204,0.5930083689020391
row_046611,0.20778297314139646
row_044908,0.6923400729296632
row_042710,0.7260969550181492
row_042521,0.905063416171023
row_036283,0.09848418995837359
row_033726,0.3698944937039117
row_017638,0.29228976671834717
row_010292,0.5852245570568463
row_023550,0.4484553001280277
row_016626,0.9833085221418238
row_005975,0.31561655758554724
row_049639,0.2616498205993129
row_025045,0.8205196347296806
row_014025,0.08081322968319037
row_021329,0.025910286931833483
row_046925,0.3904825516687875
row_032164,0.26107634161497373
row_028498,0.5315209106788673
row_028979,0.6681496883452003
row_017519,0.6964028745688792
row_034608,0.3435729768189231
row_013732,0.22408397380733047
row_024374,0.9284066698597555
row_029497,0.9338106970351587
row_043269,0.17491820915146256
row_029244,0.805082646393136
row_045351,0.41976752490198393
row_004195,0.09367922897873172
row_032421,0.6069665520500908
row_045037,0.40605933866533134
row_014075,0.3063458467651588
row_005431,0.28170791431677195
row_045234,0.5996761434745738
row_023471,0.9064987996769606
row_010511,0.18518743033449211
row_045406,0.004752393682575532
row_027719,0.5268756183910098
row_047828,0.2706520121991394
row_008611,0.41012884909725394
row_042330,0.9381694961160072
row_002215,0.6086554403892783
row_045813,0.785620930361698
row_008540,0.4834527234662844
row_043816,0.49001454432495833
row_002063,0.4348930314133626
row_030880,0.4988630258926569
row_034258,0.9665710582775496
row_009086,0.9124211290361165
row_012359,0.5756612124992767
row_018106,0.5396843569935924
row_040815,0.5190372835916799
row_045389,0.6908119967683565
row_040569,0.4824802485229313
row_001175,0.4085975167803305
row_015292,0.2833385642164999
row_023325,0.4739529300974063
row_010794,0.7441037534470938
row_032594,0.697669690479953
row_034037,0.24470977466610477
row_038867,0.28491925592024764
row_022689,0.11125682608842928
row_036539,0.32410323452983875
row_027445,0.47530773166172613
row_009113,0.5573009357867857
row_023065,0.6539854743655418
row_030557,0.48312086459405856
row_018044,0.29874672779487155
row_011754,0.5097737209530392
row_017873,0.2362604784458351
row_000103,0.598529020679349
row_030989,0.6838941968242328
row_013921,0.3484401634379085
row_046716,0.27247885492985446
row_032696,0.5808523368963077
row_002702,0.08442007184015396
row_034297,0.1539181138714401
row_030942,0.6460872869896481
row_029692,0.9014947391701831
row_046088,0.6794878795998539
row_045710,0.34625904904042026
row_029464,0.5302487873138036
row_041778,0.1320001919468971
row_025171,0.23072153024821052
row_022851,0.2736750897443474
row_005054,0.3441899558682116
row_040899,0.058230375225483015
row_023531,0.17895062236258702
row_049425,0.35665006423153517
row_040125,0.16634654904457424
row_031658,0.5484319112534455
row_012523,0.4979196620474399
row_034381,0.7435452548776824
row_023310,0.12788291167848512
row_015664,0.5052995929269691
row_006176,0.29328635516284135
row_027559,0.5249489170625375
row_033885,0.7079851997715275
row_030194,0.4773571405640788
row_036989,0.31980226707780113
row_035530,0.2572448850976658
row_048461,0.45989019022719513
row_032286,0.4641448368680474
row_035592,0.014100716915529611
row_020373,0.8993491583672347
row_029960,0.26993008793185413
row_004277,0.4283872111403029
row_008303,0.4413988234147388
row_024587,0.33940717170847656
row_044576,0.45157251931359815
row_044439,0.2666920361797507
row_006203,0.3059173146458332
row_048064,0.24846107522646377
row_005055,0.7360074018004027
row_005478,0.3181732446328549
row_038944,0.2304031266230359
row_005548,0.6290797680313278
row_001182,0.45491478949360925
row_005511,0.6198616685620453
row_031687,0.10786198834836032
row_028446,0.3375360218312793
row_047355,0.11787456339106418
row_010287,0.6606798337531267
row_009015,0.8989658746488338
row_001687,0.43067433725545884
row_035888,0.7088668328239759
row_019232,0.44391632123408786
row_011631,0.22671845063895515
row_000824,0.3485116094455638
row_009329,0.4069377703020837
row_027271,0.3999683158810682
row_046927,0.5535057174217498
row_009966,0.5246812981498563
row_011060,0.30135837332257875
row_027630,0.9407959347046417
row_047545,0.4770986061108867
row_020745,0.33208665736106124
row_035934,0.15843545326686476
row_027051,0.47429868194268165
row_041916,0.4975520243211112
row_002871,0.13426109833176034
row_017056,0.23734701427737315
row_021885,0.8944702844529776
row_009998,0.26478584368450075
row_009821,0.5486172533146793
row_021026,0.5317401573099477
row_005536,0.6674962264832706
row_000728,0.4354831046230396
row_014148,0.1371176492989577
row_028876,0.6443595635656861
row_003468,0.20105694196099505
row_004578,0.39224745763541347
row_039793,0.5745159639922831
row_048806,0.5100227446023751
row_017156,0.5667754385570026
row_014430,0.21872321349633153
row_028128,0.3512580803413103
row_032374,0.3522096111465913
row_047020,0.024116516044256534
row_005563,0.8774845994416659
row_040028,0.4362287331659678
row_038855,0.5006856608203201
row_034928,0.5148758984533274
row_034477,0.09020734584023207
row_002719,0.8456955548317387
row_021428,0.24897821702956083
row_030944,0.07578860322063327
row_003412,0.25295282572290734
row_040466,0.5578673655211165
row_001682,0.1983928240472891
row_019919,0.33105546141061776
row_002937,0.4632147696284871
row_047035,0.592944095904963
row_031732,0.8812709420439425
row_045977,0.5428093545239135
row_045106,0.11431322075534521
row_022228,0.08704763398337063
row_049542,0.22498429835615785
row_038421,0.9690697892636655
row_020518,0.3616743105198388
row_046632,0.7342347087733575
row_018146,0.09069010775145518
row_023579,0.5028857645848364
row_040791,0.3339268994478875
row_037081,0.247016976971194
row_013444,0.7791140541110759
row_012609,0.526223267813459
row_022616,0.4834778932406111
row_030124,0.09836810621488995
row_044997,0.7603967014398224
row_005250,0.41658496953448226
row_043399,0.25064744422111723
row_005332,0.28696791084408824
row_049952,0.4787261796514384
row_030066,0.4273116391562605
row_039871,0.44614408200292227
row_038119,0.07669464551315722
row_009529,0.5352370980548687
row_047277,0.5948917474582189
row_000678,0.7924509173601723
row_011821,0.5204141516079691
row_025034,0.7397388935507379
row_032414,0.23679757895737558
row_047959,0.34731167008017133
row_025256,0.5132484281654337
row_044162,0.15809390515380947
row_033975,0.17810291028456818
row_003056,0.614899764931571
row_007932,0.18697901171601053
row_007476,0.5676871050341491
row_044248,0.4304071006298931
row_015715,0.27323485909926276
row_045842,0.39843858355201955
row_040748,0.7057258191070986
row_048801,0.3377959743721048
row_026352,0.7149287774805685
row_023727,0.2945355921614324
row_023176,0.7233234147927055
row_003718,0.28776716444386574
row_028977,0.623625387053022
row_031023,0.5187296080292231
row_029616,0.553743540249889
row_035919,0.4599409291797365
row_006267,0.41065880542866035
row_013842,0.6256868774628453
row_005539,0.7017541844753695
row_010749,0.507910607378709
row_004141,0.09260974727477106
row_031094,0.09395855505092768
row_027343,0.1684853578254052
row_037716,0.6949929223927535
row_005176,0.2754056337788641
row_034413,0.3437408517006986
row_015548,0.21156045055592398
row_003055,0.33404794496230167
row_006218,0.23816694291062818
row_018270,0.09982328144644795
row_008204,0.5749586313753164
row_012782,0.9661311620111842
row_037446,0.704178016870442
row_015677,0.3231848368358181
row_000891,0.09582470795101665
row_013478,0.20752436915560088
row_013252,0.46593133546028315
row_000227,0.3554201549255244
row_008780,0.3108374304602525
row_042801,0.6129504891198035
row_037290,0.5368435112006212
row_001369,0.34210505389429424
row_032275,0.44185339841816895
row_025036,0.538683945919883
row_011595,0.25130142088975665
row_039064,0.7889202276132866
row_006449,0.6180253404373557
row_023410,0.0725362257556083
row_039068,0.2130956491823914
row_018284,0.24211360870421259
row_022826,0.24329144079711879
row_047617,0.5115431598656579
row_032869,0.07980916196332045
row_011325,0.6100615613709354
row_004840,0.6955435918275978
row_000594,0.23499842639775903
row_018331,0.3300575357393566
row_032061,0.32179253420120196
row_020097,0.5879498942959742
row_026102,0.7768543867165763
row_037168,0.3759291065264244
row_009938,0.00436861611701689
row_009523,0.5140333223739302
row_034691,0.9931750237429219
row_017151,0.44420536129454957
row_006874,0.24368754905297776
row_005008,0.6386143434196876
row_005178,0.599002629253511
row_002051,0.3287591116888645
row_001261,0.2788875831738495
row_016144,0.5756381931113921
row_008817,0.15439837652239818
row_019148,0.4807318719684687
row_028678,0.2833261916847273
row_003335,0.4576366510271312
row_006069,0.27538416045766917
row_046472,0.65168263570851
row_043010,0.5238228051641536
row_012674,0.018250423823127596
row_024370,0.2824525246771603
row_014388,0.20574268700619391
row_002105,0.5511296874972187
row_032558,0.5088646072108711
row_039074,0.2703864320261494
row_040862,0.45164907561922846
row_041361,0.44195122918468255
row_028735,0.18770657906955737
row_036812,0.2698975672229697
row_047760,0.3634344260149419
row_048469,0.15825137202709635
row_001607,0.5689424655040993
row_043651,0.724329685780354
row_028969,0.9704709259489053
row_023979,0.2247288483847157
row_039458,0.4968134293872164
row_022272,0.4371384911995599
row_019640,0.18487743158401848
row_032087,0.6849340730002473
row_020929,0.5467088155713292
row_027940,0.6926517622284668
row_014974,0.6523632570926334
row_041681,0.05886586791558309
row_014556,0.5761681508524552
row_007193,0.5541769745623059
row_006495,0.1532738454443756
row_049464,0.6694553460883974
row_002611,0.2328734463175075
row_013791,0.5089085792074813
row_039912,0.11772681302238032
row_042672,0.48990554466608754
row_043556,0.13800223242298798
row_027929,0.0828421741410185
row_013336,0.8705372859083538
row_023585,0.09599723795883856
row_000384,0.7400008986630169
row_042653,0.5977784033258465
row_005047,0.635004495772877
row_035069,0.31914240263008725
row_032595,0.26640317199066055
row_033045,0.20483503750897383
row_030476,0.22940588087917063
row_007478,0.8135316160076094
row_012892,0.5871934588453303
row_036476,0.19305384729931377
row_006147,0.03446566034625421
row_045596,0.2799874486787194
row_003898,0.3034590171725336
row_031503,0.5416147824286045
row_031150,0.3530191177625961
row_019697,0.3254278415053171
row_005524,0.8051564841549332
row_012128,0.004858749297309241
row_020748,0.06621585583092506
row_039384,0.8726467725922158
row_026906,0.17013278848706848
row_006763,0.8766602347488367
row_003125,0.04414496958237613
row_031490,0.9989036799647256
row_012558,0.28143364864310766
row_014997,0.5162630493555301
row_016768,0.4962684852414815
row_012324,0.776430135077495
row_017657,0.6619367800267942
row_018585,0.19558708855136717
row_030945,0.17228252097350596
row_027798,0.2596759012274261
row_022260,0.10428017672524634
row_018551,0.6967281233266801
row_001836,0.2834673195852265
row_020471,0.2956431491252529
row_022543,0.3876447678358534
row_044719,0.5066121531964026
row_027847,0.16212491009904312
row_041795,0.25989518118358684
row_037978,0.5409584046974969
row_006086,0.579351118327516
row_016508,0.41554617812749717
row_014597,0.5200215907988824
row_030193,0.8903053881300683
row_035746,0.0998743919560963
row_007642,0.36763241351907244
row_039697,0.45042836587312574
row_042382,0.3152955636844258
row_033117,0.3216425544844203
row_014300,0.835209628226869
row_033744,0.4533784610081108
row_040074,0.4041868072493084
row_013067,0.6002483897679678
row_011836,0.8707314068656654
row_021571,0.9410555930136778
row_010356,0.3651531027917464
row_023933,0.6133569668853706
row_032278,0.17321127013658533
row_022559,0.2054523942420715
row_027503,0.40922300445600135
row_033780,0.3891434103788605
row_002818,0.3890037272783943
row_008378,0.4061761594394234
row_046279,0.3801412662899996
row_008697,0.08926159828535692
row_034585,0.30140205584781277
row_035296,0.26179667931187306
row_036355,0.6488302301087373
row_018577,0.18570950487033097
row_031166,0.47424553881692855
row_028445,0.3717776293545687
row_049009,0.684398366088882
row_043700,0.21132481700221858
row_041799,0.05805394343033324
row_011207,0.525903231318699
row_042703,0.3602118413395787
row_026384,0.6330576563198548
row_045756,0.5138113696240995
row_011796,0.30534319467182025
row_036362,0.5014473795096527
row_036773,0.32313320338041385
row_007170,0.36573987777528305
row_029221,0.15371695363592294
row_007899,0.647497437388856
row_010090,0.4539424654901983
row_025548,0.04669688014990657
row_045478,0.17825087977064796
row_044298,0.636278106443954
row_042531,0.31223668854651304
row_047230,0.44052464713267875
row_014671,0.33943404087312784
row_010583,0.5592634243693914
row_035248,0.6999275410731965
row_024040,0.679545062108741
row_011511,0.041342599052146926
row_036235,0.1563983703563761
row_002886,0.6640434865042619
row_022824,0.29912881726760715
row_017527,0.3161701827747559
row_034744,0.7095659370073414
row_042953,0.48063863684725483
row_041257,0.03164721307509223
row_016120,0.19356882974161624
row_047993,0.6242363856365294
row_013746,0.33216197670113407
row_023334,0.1278040754505796
row_029955,0.033385711690170884
row_048979,0.40976899496874436
row_003843,0.29576954993199867
row_023501,0.36767958741579354
row_030352,0.0821834928817943
row_011330,0.9446592443841122
row_040268,0.3253827387476848
row_025177,0.47937248128111665
row_036375,0.1688727533946879
row_037241,0.15204728907406542
row_034947,0.3649739017217847
row_032198,0.2117430308383325
row_036302,0.29967166987668825
row_029825,0.6931126198402215
row_044878,0.21143565536022424
row_033927,0.5040179655610877
row_000252,0.023275487334731067
row_049817,0.4104724768851018
row_010728,0.1050806695737289
row_045009,0.5256858079455919
row_044838,0.37854459311128913
row_030314,0.1924308606433115
row_014958,0.7766186234335208
row_046092,0.9378943474247649
row_004339,0.27478916929018204
row_009943,0.24332495505040205
row_005818,0.2745290613194366
row_023043,0.8516357581236631
row_002746,0.3364303140820569
row_030339,0.5606773574298369
row_022248,0.7101312796422755
row_003433,0.24860927532640947
row_034766,0.29309671798548215
row_004966,0.8754081526631127
row_004818,0.2005658427284478
row_040347,0.46612974101948484
row_036496,0.3198211073678259
row_002732,0.15752131815025472
row_004005,0.2952192689698737
row_047762,0.3719879144110529
row_042498,0.5698618157905245
row_018545,0.3505712321845897
row_011749,0.40642056129540155
row_017907,0.36380457331793553
row_008873,0.4457739914895211
row_006322,0.9502899753056852
row_013788,0.6965428344461501
row_024314,0.5158402263928621
row_028356,0.4616736927265605
row_023563,0.15647081594524462
row_031988,0.5310007021150297
row_041526,0.5330755467614101
row_020292,0.5286692590528216
row_027527,0.5495490130930577
row_011281,0.43006144042378497
row_044242,0.6934448602525297
row_033373,0.07861691388794882
row_014483,0.490876795277629
row_027836,0.39584941199522566
row_032007,0.9851439697751155
row_014175,0.8232284686021513
row_032781,0.6878559398065197
row_008885,0.13632800736436962
row_042374,0.7299458998583286
row_020487,0.2761115528149237
row_013555,0.14532347322669628
row_025168,0.032416833952497906
row_026648,0.63687423764235
row_030413,0.10800694987142644
row_012171,0.07510914383842654
row_004947,0.1438161941995901
row_045325,0.2712765183490423
row_008607,0.1797273577471427
row_035441,0.4012720389001328
row_012294,0.710195284278989
row_040988,0.41184224925719565
row_030386,0.3147478394844601
row_031219,0.43564134486666073
row_030568,0.7530183569080114
row_013761,0.5242206704231686
row_015390,0.6627700887388656
row_029150,0.4677218462720518
row_045367,0.24756430048093786
row_017130,0.354242050194908
row_030647,0.07337553917128747
row_021081,0.8083613518152154
row_001394,0.6189740584852277
row_036569,0.675875400897979
row_008496,0.46713971481825056
row_018212,0.387890923221901
row_041008,0.47506155614334195
row_004659,0.25160992711811153
row_021333,0.2602625292668544
row_021556,0.15140073318643127
row_007368,0.6322969312796785
row_039090,0.07745531174644649
row_003671,0.2190105249238116
row_030918,0.6049398770512298
row_004751,0.4381596146785284
row_007432,0.5514553338055163
row_037450,0.17425742614548106
row_047718,0.30053973189876804
row_033163,0.17061438466328102
row_015687,0.14890001633862449
row_008302,0.5134097104130582
row_026751,0.6212241603734805
row_008976,0.40698506908823684
row_020702,0.28278953828621073
row_008653,0.0202671704994796
row_042394,0.6349905999040332
row_036602,0.33133395472215604
row_031947,0.39683535061510333
row_047409,0.7035609939458026
row_007927,0.5255006301714079
row_027531,0.09538646728395297
row_023712,0.38299206319575774
row_033665,0.5216382053038482
row_032765,0.06592236205738697
row_044744,0.33412610440827734
row_028917,0.33239442656486656
row_047402,0.5764947739786047
row_044468,0.9882120706599202
row_016824,0.6410483628119078
row_048763,0.803851240984741
row_015912,0.43064455007312347
row_007769,0.5791925724775508
row_026097,0.591383185025007
row_011360,0.4174153747263249
row_046626,0.010587843703816406
row_025019,0.4861612130393077
row_007760,0.4532524720355999
row_021847,0.3506055504890993
row_007845,0.8453652564124289
row_039508,0.004380722628563107
row_016448,0.09769281899454042
row_031931,0.6922861047299711
row_018618,0.2419319812850379
row_046449,0.04188750402807785
row_040248,0.6706863854009539
row_039689,0.30321657491615955
row_038469,0.6820681713759472
row_015172,0.5893252311751747
row_020652,0.3637480344358614
row_027994,0.410939984817286
row_017415,0.4375553136904848
row_024803,0.8512654938224432
row_027032,0.13339871360418534
row_024521,0.740348339036016
row_030341,0.9707086403185976
row_014940,0.45548242496675756
row_016926,0.07205581502657663
row_047579,0.45136318961086924
row_044693,0.635538753443113
row_004893,0.12162755738418408
row_036129,0.44710683870895224
row_020007,0.2746819483621104
row_004950,0.5865615888499605
row_008223,0.3868898904053862
row_024032,0.37941529331709045
row_047021,0.39198646909583096
row_041320,0.3846383718793857
row_034555,0.3758591160620351
row_016868,0.28154881893580697
row_034629,0.3098538518257075
row_043793,0.055967642609264255
row_040832,0.7291283601105674
row_023832,0.08693884424797069
row_026871,0.6203893302597115
row_018650,0.998465449640534
row_021481,0.12965361724669716
row_031228,0.352590827398151
row_028410,0.18709274064795056
row_021246,0.3851081262348288
row_008510,0.11479903858561928
row_006340,0.34546093014083057
row_021540,0.10972187323841003
row_030935,0.4378478505194534
row_014616,0.5865707085300506
row_000646,0.6373884725220641
row_008098,0.44504035120616325
row_044477,0.37834476943327855
row_012191,0.5284108029112784
row_043837,0.5612975350970336
row_044133,0.30221437223876313
row_045283,0.30950874523430116
row_037709,0.21911458146944854
row_033644,0.34582394983710235
row_027928,0.9747134507888157
row_024607,0.26604580628454066
row_035045,0.16883528886299176
row_045648,0.9789239948191855
row_024254,0.08406261228515419
row_048514,0.3100439298296053
row_033325,0.47697221119019606
row_005052,0.20960239165680286
row_044462,0.49372758956686674
row_027144,0.9222881017757147
row_020521,0.5460906135624544
row_042515,0.5968882890742674
row_030749,0.4639680929096395
row_041715,0.5517129373368966
row_028990,0.5294492480624015
row_033444,0.4396145249063047
row_025273,0.7681029124233574
row_034019,0.38624807403074074
row_014708,0.46110910768796937
row_029657,0.8012970773047247
row_039933,0.249355186110292
row_010130,0.16944077485919964
row_023321,0.07831811306056864
row_018372,0.13706651369123954
row_027620,0.33950374744098105
row_010773,0.06754163981779988
row_027241,0.25439909243334524
row_049564,0.2758876868148714
row_007549,0.47516992607692493
row_026364,0.7727494022918836
row_021829,0.49574167024311605
row_048141,0.9952294062911471
row_046456,0.08659690489199848
row_045557,0.12447919827568031
row_006213,0.5454926801176475
row_039779,0.5990191572180237
row_028393,0.7354090407824818
row_002541,0.5864926671847702
row_040617,0.19548147218062353
row_045752,0.25062919983477727
row_005461,0.38911442149142067
row_026023,0.21041908159304826
row_017573,0.6614877914588218
row_004743,0.9652411104808606
row_032237,0.8042839082046611
row_036468,0.8062672374433577
row_025376,0.6724063781845435
row_004284,0.04800989599587716
row_044768,0.3946480681193202
row_008811,0.5434946748686641
row_019141,0.13251178464092656
row_001363,0.6161911284693855
row_039572,0.41982466033737453
row_007619,0.12456091791546413
row_013079,0.19672484117596933
row_004875,0.3436109816407523
row_040709,0.8021956588862506
row_003538,0.9712022099927173
row_019713,0.9956613271148831
row_000382,0.8830346466155476
row_015346,0.3289115753815992
row_024867,0.63450349372977
row_045709,0.573802807566959
row_014325,0.7586716490880723
row_045146,0.7122561560804559
row_037901,0.24925200483264068
row_024911,0.8656188872628561
row_026331,0.10979740886957803
row_012341,0.4058322186936779
row_044318,0.36203007970406353
row_047641,0.8239595555500163
row_020669,0.5861977311646822
row_008578,0.3392902123959252
row_003492,0.7606782983199643
row_000770,0.4651268369944607
row_013481,0.21639167682456809
row_038807,0.29614428199478254
row_005394,0.14524114082765957
row_003602,0.07716313278504801
row_030587,0.47446711289926036
row_002173,0.1436914081852498
row_030327,0.7341016521272611
row_040987,0.44462911677503736
row_005104,0.3334528118204456
row_002187,0.08477221996965481
row_037313,0.47103751126237214
row_026928,0.34295713784958376
row_011707,0.5584989184586665
row_039174,0.6717738659610113
row_048467,0.13132562418829904
row_034298,0.47581272416004383
row_016828,0.7051891299278978
row_005612,0.5479942658641161
row_036737,0.3598064269653419
row_015236,0.33278012415510055
row_021637,0.3134605487191396
row_012117,0.2542010361613299
row_018979,0.5473638044377638
row_019490,0.30750040579863697
row_030721,0.6949410189100423
row_023984,0.754604803303017
row_003174,0.7897024043186622
row_025014,0.35755944777258364
row_012165,0.19535791382952294
row_005713,0.5148791522917465
row_042747,0.5819179374232971
row_021863,0.20063540448899414
row_004323,0.6701565409011034
row_018557,0.125041185000466
row_047980,0.8662193280420737
row_043300,0.42571737722717173
row_046451,0.26246077281704766
row_025878,0.6169675318126405
row_026433,0.47028331784728816
row_004093,0.6600168615759946
row_003257,0.569027006880022
row_013231,0.429271993825003
row_025108,0.30429880683439153
row_046138,0.3608421841921174
row_031520,0.5680502723843059
row_040699,0.3657314396101428
row_048796,0.17639722619887244
row_023641,0.5805146482711443
row_036856,0.6537597156413779
row_021159,0.5214519533777161
row_009911,0.42606242784602677
row_022224,0.20359678175594353
row_035129,0.06929575133672894
row_044070,0.5076983840616773
row_035457,0.5332203897697636
row_022180,0.39785119778434
row_049333,0.8190263008272147
row_049062,0.9192812043553561
row_001514,0.4582400111020881
row_025319,0.42369188557476056
row_008605,0.10516083609098988
row_004134,0.17488550605103095
row_019126,0.4821214182047237
row_000918,0.5648460560208338
row_041147,0.5973584344911534
row_002714,0.45993328742032585
row_040408,0.5236134719276027
row_015709,0.3140001100023313
row_001785,0.7188582681364785
row_044547,0.5232697532707997
row_047251,0.5500188384444071
row_018662,0.5437825026638081
row_010229,0.322031883170502
row_035548,0.43112287929195253
row_026556,0.7502951417392744
row_042094,0.5405663452667214
row_028754,0.4146559827645639
row_037352,0.5059322441571789
row_032439,0.010936883711567745
row_009868,0.5210865450939979
row_003258,0.3691420125121428
row_028902,0.4245867152902334
row_008056,0.7625692725606728
row_001700,0.8949305766636931
row_021268,0.35820330583396676
row_024913,0.5935072682972303
row_030614,0.5307370931484805
row_037010,0.37688984857582036
row_012379,0.6280497337509509
row_030507,0.37010378282914047
row_024282,0.10469984217506081
row_028866,0.32493435474062704
row_037036,0.7027816221532877
row_048375,0.36940740463964944
row_005395,0.7925450374255979
row_044125,0.5420323490178669
row_011674,0.18836382345516542
row_004217,0.22255976914248166
row_005564,0.768249734474443
row_012115,0.6170039242542393
row_034615,0.6614020624536893
row_002161,0.39051436097344705
row_034455,0.668772875121489
row_040073,0.879681181308541
row_032950,0.09823528567152602
row_025755,0.6794866753660951
row_045424,0.5325597355300451
row_012527,0.5831430331847319
row_021681,0.09368573705671839
row_016692,0.646619664530547
row_025772,0.7160505280752377
row_038218,0.16921392253393636
row_031651,0.3123591811911662
row_046522,0.5471577483502711
row_042433,0.20892352854683122
row_043727,0.06056690765971309
row_043925,0.12464069253052712
row_017419,0.5529985832895736
row_049374,0.664910826523112
row_031322,0.9002172865123486
row_026257,0.32423111814641353
row_017839,0.7670806308156836
row_020404,0.29997586476782145
row_034787,0.6473491999083463
row_039786,0.0762524012270883
row_036428,0.3070549548239691
row_029171,0.7956850305028377
row_030635,0.021044800463470664
row_003823,0.3899081007695708
row_009185,0.9091169468368847
row_038198,0.437903853158997
row_037647,0.2762270397398639
row_010935,0.3613543159705169
row_020346,0.7473076160576259
row_043682,0.0919694969771596
row_019841,0.5695249192757448
row_018104,0.6754524494260518
row_038415,0.7229433816564502
row_038157,0.36749676279667404
row_043247,0.7178979601427906
row_031191,0.8663947619148367
row_044117,0.41958287372180214
row_012235,0.5211797863758446
row_010897,0.06612986790213699
row_045179,0.23501003941247903
row_049242,0.6219327313476087
row_014874,0.21392507716829195
row_010156,0.7049522993736002
row_041554,0.3206640412447633
row_044368,0.16741017503740763
row_035730,0.1063341182308352
row_018709,0.40838662200034515
row_044575,0.1626302843874711
row_018977,0.107872854528287
row_023536,0.6472035202623908
row_028813,0.8697189919008838
row_033309,0.625650515496401
row_003640,0.290199350876676
row_009693,0.4474336959486438
row_021322,0.24053825437442936
row_013734,0.3926404982568755
row_006863,0.11984845054160784
row_039725,0.5033386929798679
row_046457,0.2999882494244788
row_036728,0.18675871539809627
row_035389,0.29818110694788963
row_018278,0.8008282419320305
row_007595,0.23309476326724635
row_049756,0.4328278604986785
row_020345,0.15702872403441742
row_014909,0.6955389811111695
row_006638,0.4855091807290095
row_031192,0.1922462968333302
row_037013,0.5376414460544072
row_049100,0.855309633359855
row_020298,0.9290926742636623
row_034899,0.31549656982841706
row_041383,0.5523830479499587
row_028919,0.2327606474577862
row_022511,0.82050453678092
row_016123,0.44593086931194087
row_045901,0.3219752978939085
row_031785,0.9265847850484459
row_013715,0.476200841358747
row_044852,0.4939872529736352
row_039034,0.8293572721787952
row_011570,0.396189370275781
row_019964,0.628497234109257
row_031565,0.5764704482579139
row_019015,0.3893405738767071
row_033887,0.14061951019554922
row_032597,0.44713702202215955
row_000376,0.658260919692299
row_034112,0.09207570251365511
row_024616,0.648190211252933
row_043388,0.05354443757882912
row_020614,0.49645992941579836
row_027260,0.26169202160658106
row_009202,0.1326004715405873
row_005266,0.29198791989882195
row_025501,0.7028498247884243
row_038702,0.18654793585971213
row_046025,0.1800298798546371
row_046185,0.18448848112231897
row_023883,0.13746478893816677
row_017604,0.13400701785280938
row_011541,0.23983172108040082
row_008665,0.711760048980267
row_012231,0.2767389100334941
row_039095,0.4346127700056206
row_016634,0.22420871776567336
row_041542,0.6723576727561035
row_013895,0.3083543821032246
row_019440,0.5112440440932602
row_000432,0.5385986826645662
row_009837,0.3881274400122383
row_011477,0.23599999762579726
row_033926,0.5431802776991408
row_039834,0.21671154376282664
row_028933,0.2960591743827175
row_014028,0.1584579520683185
row_001196,0.5741888544948253
row_003562,0.5551903119045017
row_002803,0.11361105474579145
row_039659,0.4719705924467838
row_039982,0.16745694296951333
row_009397,0.1389355558947728
row_006436,0.06308520370220846
row_027472,0.43202747429269933
row_025398,0.45498606223158244
row_020103,0.07684923414313866
row_016261,0.4187565468599025
row_029710,0.25422105303341913
row_047850,0.25467172935846083
row_047997,0.8394710189804354
row_026480,0.2049835750329972
row_044554,0.653736522791281
row_033747,0.35837070846273955
row_015104,0.6257894905194661
row_006304,0.07085885277529123
row_039038,0.6155050449436296
row_033180,0.5757025496334391
row_044484,0.6348369715379584
row_047077,0.47892828358628886
row_032139,0.45858216750157094
row_026190,0.2915789975620299
row_032171,0.5340908940775027
row_044312,0.0541047211140218
row_004563,0.6309182053892778
row_045042,0.4313110669812331
row_002434,0.6874209162987797
row_013577,0.40027177626289695
row_020732,0.06794911753942848
row_001361,0.5405194030534617
row_039923,0.345800966271198
row_046840,0.22878262309400416
row_003964,0.9005481506435151
row_035170,0.4552816426691679
row_038400,0.35931661713012086
row_049402,0.02842611670882454
row_020172,0.8699137872092711
row_036526,0.5862890166928572
row_009477,0.5660879492942479
row_016601,0.4847159314088951
row_027278,0.019462939772978995
row_002899,0.6311822634444377
row_012712,0.35522863247603065
row_036464,0.2783316460026802
row_029675,0.24359468829776795
row_018669,0.4467847225433422
row_033055,0.27054340545288036
row_005684,0.6423884092949217
row_033427,0.636137498107084
row_016531,0.8765372223037048
row_030312,0.7954247764160378
row_007173,0.23983843899652027
row_013264,0.21873965614997898
row_013446,0.1304446248248883
row_037795,0.5095719661903904
row_046375,0.7587600752788086
row_042872,0.4693654018340065
row_032036,0.3537392646860525
row_025184,0.4772937603764307
row_035169,0.3127325443958551
row_017924,0.7691697482244108
row_009335,0.4710204222550006
row_011243,0.8301403458086827
row_028759,0.06753171254050981
row_044631,0.3277382357796671
row_011534,0.7115007492539102
row_040607,0.3622414020148595
row_002019,0.37042140190080475
row_019068,0.32063398253422615
row_032618,0.7691167341102425
row_038063,0.1616714574090164
row_042687,0.31306915682504133
row_040382,0.33418650562072133
row_020888,0.0028185145985815518
row_036159,0.1424506368279774
row_028749,0.8378445720097718
row_048927,0.5607604126689497
row_048259,0.43968260487328253
row_038365,0.2169346362326533
row_048654,0.5531936181561553
row_026584,0.6274124933034348
row_022599,0.2113146931528597
row_038717,0.5387631091943949
row_028622,0.020121489884340694
row_007958,0.33958125988762244
row_035816,0.21426315880066285
row_047881,0.03850877084881565
row_001276,0.5377460318617432
row_049901,0.6500216436300216
row_019222,0.0025020385378029873
row_026998,0.6414615107784843
row_001449,0.4328679299825747
row_007244,0.12406100665206753
row_030008,0.6305418390776638
row_044669,0.6422293985442638
row_005045,0.4626912085956202
row_031714,0.549112525437754
row_022188,0.3690640969706237
row_005264,0.35769963081582334
row_001881,0.13488318826646653
row_037148,0.9674422470927433
row_013352,0.366625011862267
row_008954,0.04469556397189673
row_018051,0.4111004417560223
row_009472,0.019475951702117272
row_032863,0.7916248434888677
row_048394,0.5893391397955668
row_034097,0.8070634013334891
row_007464,0.5954522607447766
row_019163,0.33821849794539666
row_018507,0.3648032099529537
row_049214,0.3967960537076676
row_030018,0.5324410554272622
row_024635,0.10590027446158896
row_008799,0.383196012697201
row_035260,0.4533591952838813
row_006606,0.30066366810145245
row_001038,0.6680540560844238
row_036285,0.38202846094174786
row_011328,0.50484354328986
row_011098,0.3860270804331511
row_002407,0.5266568542160429
row_015764,0.3765406599498923
row_032641,0.4303566231980236
row_026094,0.5161155520507086
row_042593,0.7507242600101267
row_031553,0.806456014433494
row_001210,0.7346811383451616
row_006319,0.27054579819893454
row_043555,0.07984343679943524
row_008398,0.03445911069098905
row_017229,0.5313240053639112
row_031460,0.5959784256654933
row_034556,0.29763386723212204
row_003311,0.03777014820100433
row_023435,0.46179460925759397
row_030872,0.5167802509664453
row_012794,0.13347239961310062
row_032300,0.5724817257526328
row_047110,0.2590603792103226
row_022078,0.053759844277093
row_029265,0.20368921569290693
row_008919,0.24695144487119677
row_001101,0.5023470743904624
row_037702,0.8918750894454925
row_022671,0.332004810119394
row_007254,0.8560574188649102
row_040264,0.2416574095577277
row_027835,0.2667513215527789
row_013322,0.082904704303657
row_028798,0.3892114730143722
row_014281,0.9032676136541923
row_038649,0.5014215002319822
row_019653,0.29509664493597565
row_002787,0.43538256153961347
row_026979,0.584838536769931
row_039601,0.7615006681915266
row_010523,0.6119758712821957
row_027291,0.16569601418812127
row_035044,0.2296119146785106
row_048784,0.009286216704357378
row_007680,0.1864907355065481
row_000777,0.39311597383154673
row_048996,0.3884156964211838
row_016425,0.7187190982817607
row_012230,0.024714991776881738
row_027921,0.36182649203746636
row_047779,0.7199191072751026
row_048766,0.29506489006071174
row_020911,0.5261944877067024
row_007052,0.48688490224428477
row_007442,0.3735129718319088
row_005288,0.37816194396862207
row_001494,0.5174677915257467
row_015582,0.283299362541256
row_021970,0.2654335677803316
row_042418,0.39894698620334085
row_047236,0.5024418431807505
row_020060,0.15774494773933234
row_023282,0.33236247269266056
row_014639,0.3357822760021949
row_004194,0.17004415622383967
row_030607,0.30795938335794315
row_028133,0.16230572112482275
row_045262,0.954089554962402
row_038205,0.5001128895832183
row_014907,0.3371894443413009
row_044159,0.18912601330375994
row_003668,0.49471901181658196
row_039309,0.2598562375812571
row_034548,0.16202996077644036
row_041740,0.08266921372443284
row_015797,0.08195294997571119
row_049848,0.46643922900843543
row_041448,0.7695126108749544
row_020550,0.5753535009208982
row_007935,0.11823590132877423
row_002497,0.06929390900286296
row_045789,0.517915371415873
row_020241,0.5210118775805691
row_015227,0.09100793126176022
row_033741,0.27684108151095305
row_042590,0.6050587825256147
row_033650,0.6183414907188368
row_041643,0.32496919687677933
row_017683,0.44984524233513973
row_010509,0.6655569180854498
row_045971,0.8860552742287556
row_026689,0.05005706547381979
row_027567,0.29861021725216647
row_006645,0.2405351214788511
row_029371,0.6446823639013177
row_042814,0.07583409883987506
row_045805,0.5283559906491528
row_020848,0.17907196311606005
row_000650,0.017553715324302162
row_027534,0.29390602166441787
row_033671,0.41208154542089637
row_040674,0.03040096742263522
row_025291,0.17259108462938436
row_026765,0.44650058170165535
row_030605,0.3979773092202106
row_003919,0.26504142105678913
row_022136,0.4786609367862204
row_021104,0.41512074041780095
row_015344,0.5334713392280073
row_005760,0.8165094142209506
row_002880,0.040911008611520736
row_014768,0.6997403032195961
row_049650,0.42731451278579746
row_016375,0.45153125222635065
row_039317,0.25710366147125896
row_011830,0.20693517742255785
row_004930,0.45703739198379023
row_017411,0.8883771138858155
row_021363,0.4821956155337946
row_045625,0.01195004157916032
row_036005,0.5035716556985841
row_031755,0.47476503577860696
row_012743,0.5120169457152174
row_035727,0.7575647270811895
row_007408,0.6567846470134363
row_019227,0.4969230653080808
row_021680,0.3133147857114952
row_026260,0.16276267443114167
row_035357,0.5215251866235933
row_046156,0.5689322209872033
row_048890,0.25120849541285367
row_027125,0.9511406417422849
row_028916,0.36690781428319247
row_037758,0.28247267145175686
row_023336,0.8007584836834758
row_003134,0.43206556822422965
row_025876,0.5430501278180278
row_016077,0.41593748681906484
row_041811,0.5927231987181177
row_042661,0.4012858868759735
row_043454,0.0341895444683801
row_030329,0.4372911099888914
row_026738,0.196594945525265
row_041510,0.6041149378345588
row_028197,0.5762235054302935
row_013777,0.055714790586925536
row_014969,0.009875725008155947
row_000120,0.2395585364925112
row_006886,0.33646074524233077
row_023163,0.679769812846695
row_034579,0.2581341414526552
row_006311,0.8661241832223935
row_046758,0.3781381306348701
row_016777,0.2258734330141424
row_025940,0.44781374009028957
row_023135,0.795324525924919
row_003320,0.6808706826511682
row_016109,0.41772650080111434
row_026643,0.08839518795758361
row_008382,0.08878002849564677
row_024175,0.8571919373385323
row_044598,0.49701087499142854
row_028018,0.2711591547147854
row_006703,0.3525456625729675
row_011589,0.5313088212107318
row_001467,0.39454190540545037
row_035099,0.6651121752912887
row_013696,0.17492107479548435
row_010912,0.3304834033236542
row_021264,0.048702072006125356
row_044164,0.6312547549620482
row_037754,0.30195104014595375
row_021147,0.18533067445185672
row_043942,0.08563997321469702
row_002550,0.2710894462004116
row_024808,0.23078543073855978
row_023378,0.45778023852982763
row_000962,0.2384919254817414
row_000066,0.4268316314079174
row_006767,0.568569745239926
row_018120,0.3901131007578049
row_043045,0.21110331594375956
row_012159,0.692084683170835
row_007604,0.5085057433361739
row_037833,0.4146868291068241
row_004911,0.18040672862018123
row_026912,0.3429714163206868
row_042898,0.27869193705687173
row_043877,0.1937058838091863
row_035475,0.47835134993131695
row_034518,0.4004370939162838
row_042722,0.2886126980914083
row_002216,0.7834109960909338
row_038146,0.4638862546644903
row_016308,0.29484822828960083
row_030573,0.3272216428896144
row_000308,0.058414731435819794
row_006835,0.14346832367614787
row_038317,0.6494205014266694
row_018033,0.9130037318596868
row_045344,0.4188866210075321
row_031311,0.4013361022709506
row_033788,0.3628213004849613
row_039516,0.46800648128887573
row_028257,0.4933302139272555
row_005353,0.2530617459843232
row_011626,0.3255369713498451
row_045932,0.08787774273723477
row_024520,0.864374515215294
row_033472,0.7936660011301417
row_039005,0.578041509087675
row_039658,0.9931175564558833
row_003247,0.621302792739797
row_030446,0.42002944079570365
row_038849,0.492791475827731
row_036248,0.7780727995740414
row_023547,0.3394897958005451
row_044465,0.5740337600593304
row_009631,0.4590083295221708
row_036549,0.018779417018283073
row_011499,0.36073977398358537
row_038890,0.0700527216999111
row_014741,0.07017709121503193
row_043836,0.5408597637175514
row_019426,0.6815352849089774
row_018345,0.17772608754181737
row_036673,0.43651492441802764
row_041364,0.7716184110965318
row_045196,0.5971194119384908
row_010531,0.6500470475060343
row_022236,0.25228108079230877
row_033244,0.821884333054177
row_014507,0.3671401548426995
row_019805,0.7837228623907936
row_008440,0.5950605041305861
row_033503,0.07753771144752243
row_029688,0.08819302411620905
row_032375,0.6160285573687713
row_039331,0.7790694844973846
row_016834,0.6228413167766494
row_010793,0.37370472109073094
row_013060,0.3597611340147692
row_009885,0.3143151705115529
row_029760,0.25452407144029027
row_035387,0.6517440229477683
row_048365,0.9983534594707191
row_044892,0.9909937088004536
row_028882,0.5332926754115561
row_037781,0.41305842537360504
row_047301,0.8951971748701311
row_014570,0.5593754607926892
row_023409,0.48312062771528713
row_026737,0.11968511140328854
row_031284,0.5742020237552529
row_038637,0.4436598299717892
row_009395,0.37873408685791676
row_015475,0.3000503042675676
row_041832,0.2848469886997561
row_016011,0.9971134898187709
row_024156,0.4284699957609639
row_041350,0.5758921009005347
row_002360,0.27582100321583936
row_010117,0.06486173742210666
row_013631,0.1701229600468735
row_009060,0.6156081106304261
row_010278,0.016360232687908014
row_009214,0.32826928860083004
row_044790,0.4485628825053344
row_033936,0.34290531800783036
row_003995,0.6760455228786749
row_036855,0.30811771929630105
row_026878,0.4169461225955945
row_022712,0.1384637057854157
row_026069,0.35169738210399687
row_009762,0.42651406709569184
row_011778,0.7393643642751261
row_001272,0.08149007067926901
row_011485,0.16910220872616658
row_021260,0.13614402408621654
row_002557,0.29373807679499214
row_021225,0.34546543594802676
row_001580,0.5011802347889526
row_047155,0.7567244772696573
row_018362,0.6477640459640955
row_016978,0.3609764998685059
row_031717,0.5273431064983809
row_034821,0.8138628213269496
row_039691,0.31234211084462665
row_018116,0.10656593393253992
row_025130,0.30938396229248016
row_006320,0.14710904255688603
row_047598,0.4806659224593098
row_026710,0.016174696131493856
row_044872,0.32495316622797643
row_010198,0.6418332535575407
row_012939,0.30363707477464863
row_017624,0.9502383748624982
row_012491,0.369698198438554
row_048428,0.4834457130388282
row_049534,0.6563486910266255
row_009443,0.26321255013272765
row_013890,0.5676612747483872
row_020111,0.8358541335376578
row_041966,0.2460075120408257
row_039909,0.32274410411608107
row_032923,0.3808223419590152
row_049634,0.7181363541196095
row_045671,0.003456326355639163
row_036209,0.4198852525416937
row_041702,0.29556470399698026
row_044195,0.5299677999592695
row_001036,0.40247223441205165
row_007019,0.14748790791481203
row_040757,0.39670253734487115
row_033884,0.02309686634179484
row_006169,0.21863927628445118
row_046706,0.45366413737792777
row_049879,0.09261356034856483
row_037934,0.3361610632868281
row_039340,0.5398896360981523
row_040380,0.8414824705364817
row_046450,0.5096681156883426
row_007950,0.3369142858392235
row_001120,0.6484682784283554
row_039884,0.5107763017365591
row_030025,0.31791129563669623
row_044734,0.07894167584647237
row_026724,0.8437222236070867
row_011302,0.6473116669975202
row_014775,0.5814934726263745
row_016204,0.6447194261287912
row_013847,0.340025452241538
row_030032,0.12970897533660314
row_031852,0.44613764380954163
row_007941,0.7208852058706963
row_026131,0.2733105781974988
row_032549,0.8968578989965449
row_014684,0.6991497635772473
row_015598,0.4819265464057001
row_040514,0.6077948858657003
row_022061,0.07826443198449316
row_019321,0.4930138666568759
row_007236,0.6567230045468695
row_009093,0.9257676739747159
row_020721,0.5627723835910398
row_022909,0.06550726473621934
row_009923,0.4068604552090799
row_024578,0.07363324787974401
row_022661,0.12483694299564065
row_026422,0.05855201478446923
row_039386,0.716773905420194
row_046172,0.2835486675454818
row_049052,0.5281877918867731
row_042742,0.5067831390690035
row_004604,0.8245725311595206
row_012607,0.009378794406497803
row_032151,0.02437794191145396
row_034327,0.6133084062477213
row_012622,0.17343539030599034
row_001530,0.6165401949568295
row_015574,0.32726321773557604
row_038125,0.09168304635728475
row_043557,0.5902805986773305
row_029952,0.24661481840070174
row_048879,0.3953776761962084
row_000040,0.4974730860385225
row_011467,0.14813017211093085
row_040592,0.08252209597949751
row_019421,0.1961575242876774
row_047711,0.17623506369417796
row_048278,0.5788090593973063
row_039852,0.054227935582268724
row_028213,0.4528950928891903
row_030468,0.855803953650317
row_039596,0.43513780148967846
row_034634,0.31085077337710665
row_024785,0.6163438401315853
row_030729,0.2410960845049635
row_045641,0.2848214609629671
row_032330,0.4539091135314669
row_010083,0.16954244693802503
row_006601,0.3903434648217985
row_009727,0.6817469549156144
row_038910,0.10657809843695994
row_032827,0.11162967509321722
row_002609,0.16486218477208264
row_028115,0.5518624024816198
row_009225,0.2942654144368998
row_006800,0.7057068240086601
row_024024,0.5153443163974842
row_040070,0.16808078543101337
row_030492,0.5015521453634284
row_038633,0.107645692881994
row_016997,0.16800498533317243
row_017981,0.23300460173395246
row_005301,0.1497440316699709
row_022570,0.26413388456577985
row_026346,0.37418636742640016
row_001529,0.20541075675515535
row_013718,0.8855955965779667
row_020908,0.4984403947590721
row_030837,0.6398651981758595
row_008244,0.6473280340609759
row_010483,0.4093152765395905
row_046650,0.5801161359951429
row_038181,0.016077606121292578
row_019751,0.8234083413175544
row_044178,0.24219446865424737
row_027852,0.2699854919815091
row_038793,0.4571487146200273
row_022636,0.43320383495099546
row_022284,0.7206533105045586
row_024141,0.7201258392049295
row_041271,0.39208932616777475
row_025913,0.22600427865000408
row_019513,0.555756735679267
row_031966,0.5095258072373215
row_035997,0.6213686913145737
row_042911,0.03827106272199007
row_026191,0.09818938475922517
row_000997,0.5929357891685892
row_002514,0.6609931138675401
row_047048,0.3977548840218198
row_002065,0.7825744110941342
row_048173,0.4987292500190766
row_028107,0.4345527145085319
row_046966,0.16592967056114644
row_017860,0.22125191614334974
row_010251,0.7142512471424176
row_018050,0.47196450093797837
row_025456,0.23324830797621027
row_042762,0.7626134545209668
row_047490,0.2808096158234022
row_045959,0.7084262621952162
row_049059,0.19846634121582993
row_024253,0.07384694083506706
row_021892,0.2976150274492773
row_008255,0.16231224203614708
row_031531,0.25895205865591875
row_039207,0.6659135514819092
row_043175,0.6798170311252003
row_021839,0.6942752534300346
row_030236,0.17813173053064008
row_001649,0.429078051516343
row_000322,0.3826217492283736
row_036632,0.8138765352247269
row_003700,0.3103284446188522
row_019274,0.21775906754986865
row_043443,0.7147284546213633
row_043943,0.11796624811569198
row_047307,0.6846250345220064
row_027392,0.010424508562407571
row_007895,0.5674699697851477
row_005223,0.3252150021855984
row_021975,0.06146653829161376
row_004973,0.6794910175522753
row_003216,0.14079974158178774
row_023034,0.35151375057010253
row_023783,0.22929970523357096
row_029517,0.10449252101059833
row_004066,0.34058119683459454
row_022643,0.2961098463256178
row_022791,0.46391835431907963
row_040801,0.1840547316838176
row_033597,0.6884504768948867
row_001777,0.2556707057220897
row_000357,0.5852012840856377
row_034474,0.4353586093470711
row_017814,0.4229594686580615
row_043344,0.11269525448205225
row_001743,0.5009594837255751
row_044877,0.23451306228911792
row_009929,0.37261063382617776
row_017090,0.363940150460448
row_035682,0.6189451840072666
row_032721,0.7141452538401197
row_005757,0.5930901142344489
row_028724,0.3222179849912023
row_026092,0.10132206345891871
row_033030,0.3240927706649722
row_019357,0.36550986638010113
row_024504,0.25127148835606133
row_046083,0.3132461678179856
row_000144,0.7085798896324246
row_016371,0.2311108429202579
row_003687,0.04433969405614109
row_022223,0.8328402055371517
row_043303,0.22820131497021243
row_032126,0.00016327972414887368
row_011679,0.5925888151606289
row_038736,0.23299772948114794
row_037532,0.7097513485523576
row_013113,0.5134606111791412
row_044200,0.19897495509739052
row_045525,0.5103880715073849
row_037169,0.1055518188262056
row_018520,0.5842443492542788
row_012816,0.203034011851336
row_002343,0.5070397869000275
row_047704,0.6945663054724505
row_038087,0.30333953552472637
row_024257,0.5265384865502643
row_021986,0.7054600510055627
row_010839,0.34251774514360345
row_001035,0.15776559217906957
row_009153,0.21401684491266598
row_046495,0.3378869006016586
row_020163,0.46144034411556833
row_048748,0.18653427437691666
row_004643,0.6168178912095678
row_018443,0.2093038419063355
row_009560,0.31440488013469
row_039399,0.632205580253158
row_029084,0.22823071055805028
row_000913,0.9338899185743842
row_042851,0.2217464087327382
row_030214,0.5774571773125012
row_002287,0.7627523975515965
row_000722,0.4025607120026102
row_022856,0.7420989390319173
row_031603,0.5295309084433514
row_023920,0.5214228121242565
row_043492,0.8682926209473434
row_020777,0.7784704583571702
row_039582,0.8139495352471795
row_003239,0.1502658989742083
row_035305,0.40369243597932486
row_005753,0.7565638410471457
row_039258,0.665187592169704
row_046392,0.021124914495935853
row_023268,0.8269566998651061
row_035946,0.5439241288130429
row_030101,0.4990929148042919
row_037354,0.1562716839705544
row_048177,0.3417267276957465
row_008009,0.8525295254729777
row_002686,0.45681131186151214
row_004448,0.38644805731175264
row_045599,0.41949450422515533
row_027194,0.38235449379441183
row_039447,0.544852471120705
row_009374,0.2623224910445247
row_017580,0.33913978622607294
row_013525,0.9481338204408849
row_035281,0.173667793445048
row_040389,0.41765836519504407
row_025463,0.4004087916211333
row_038046,0.6572000783855635
row_010363,0.4475261065155555
row_015380,0.7173867788319148
row_049768,0.8030117431087073
row_013711,0.1066332662669684
row_045045,0.3390298235892122
row_043866,0.470798704281826
row_041775,0.3875101071478553
row_030173,0.33631619842918503
row_016436,0.1731546031940666
row_038169,0.44906500675746897
row_036480,0.1235139887104701
row_049619,0.24106522583005613
row_013115,0.08824372940430662
row_001149,0.5474065768897373
row_005211,0.18866893458040462
row_024999,0.9389172493244751
row_017886,0.8069286008434738
row_021995,0.8056141945707966
row_041209,0.9896982930579024
row_030054,0.20144338848165777
row_014784,0.7944590625910443
row_007289,0.34529345740214595
row_042110,0.5870037659626725
row_008419,0.41839903573600773
row_018756,0.5403337191166696
row_048760,0.4508931291733835
row_038888,0.660902233372099
row_036604,0.9322809026929533
row_028830,0.9782121237170853
row_009115,0.6824059962096597
row_043317,0.04678552187738494
row_019553,0.4341070449704449
row_028821,0.06983841548161691
row_015033,0.3899316981492086
row_042318,0.1413997138998736
row_037955,0.4247400441200313
row_031532,0.4525069250371248
row_001882,0.455118851225021
row_041243,0.3451603158006937
row_009588,0.2753608790135383
row_032469,0.9625450071351669
row_037948,0.38676776444482164
row_043845,0.3976340216771848
row_017546,0.08694301363730964
row_048131,0.36365673090841016
row_016844,0.34530376459321466
row_039130,0.34207706902791896
row_026302,0.7315314070714435
row_033657,0.5803856459530778
row_031303,0.8062938004061861
row_046463,0.7048483267974368
row_022952,0.35296018013501906
row_013179,0.4967831001865033
row_049679,0.034772220605013886
row_044109,0.7664144944044761
row_015206,0.32062726234124583
row_008599,0.5471546478995681
row_013963,0.15601588764295163
row_024874,0.17298308571566706
row_022968,0.5379890750021702
row_036084,0.4191986799068489
row_038912,0.03193226687591478
row_027315,0.7430199027165918
row_027997,0.06391456301853086
row_010753,0.17690093223749065
row_028846,0.5023534345003625
row_012014,0.4469680372972223
row_038939,0.4880995886763754
row_013670,0.2473171099359848
row_021729,0.11482766825449041
row_046132,0.5313614408054013
row_041762,0.377598063848469
row_014729,0.21931717870506376
row_002768,0.14521626487605505
row_012278,0.5637513839705256
row_041570,0.5335368802682212
row_015388,0.48188211431156364
row_048651,0.12601939129324308
row_038411,0.5330859132796673
row_032708,0.7982762430277087
row_012184,0.9579485548273855
row_035344,0.6377177335843172
row_040770,0.5708576327446261
row_036092,0.15091034560326294
row_047308,0.6506042624463194
row_021187,0.7373933598477713
row_031616,0.19712196273350702
row_046985,0.4678819760975736
row_004868,0.5410917636956444
row_023689,0.4380924359056464
row_018280,0.6781027578998762
row_010041,0.30587339455816837
row_007975,0.6729177593371065
row_004280,0.456673246607115
row_023527,0.43091066426692975
row_005384,0.38785579139578547
row_049116,0.1998177105555488
row_036268,0.36320846031816956
row_041380,0.19673374006873046
row_036025,0.1714477992517248
row_006288,0.5212966453787509
row_003005,0.6156024391390548
row_010569,0.22058534097311744
row_007276,0.44804866581118014
row_013900,0.01836379427449571
row_034976,0.10452695940568774
row_037681,0.08909290980616272
row_020012,0.9905152814099136
row_032729,0.7100355679085388
row_022122,0.4632319596622934
row_018794,0.20629104093800124
row_007864,0.10913910819243287
row_008463,0.13273677354452218
row_026514,0.9880985969416816
row_037744,0.10615245954994319
row_020664,0.2621493178766613
row_019161,0.37653253868304626
row_036676,0.7546560049050444
row_048239,0.23023121147534947
row_017833,0.26518272360060086
row_049194,0.4878974777700365
row_027222,0.044427915096454045
row_036930,0.579861413771833
row_035701,0.6416794623795075
row_019443,0.26859746298700526
row_010265,0.06640091045803871
row_018466,0.2943436058478998
row_015793,0.16440482598253184
row_038388,0.7940108488327872
row_028966,0.7640769687560763
row_029551,0.05681045762786954
row_031029,0.4480251847709671
row_019244,0.26799139351281515
row_027206,0.6281017755163446
row_000086,0.6386257310184277
row_013898,0.1584847761812431
row_040490,0.9079692717216302
row_029156,0.582140193504542
row_012151,0.5025209320559231
row_022139,0.7971183045169573
row_040795,0.3623396636637602
row_004830,0.7804796497733828
row_001939,0.4584794137840378
row_036276,0.41614568813951663
row_001053,0.7323168327091693
row_004783,0.5986791553399003
row_012976,0.5971155044300356
row_009076,0.18449534647646335
row_032905,0.9976161065034166
row_000059,0.3278740854481653
row_041535,0.5233773329763706
row_040842,0.2506275049510332
row_033886,0.3291648372946986
row_005309,0.36901734860156665
row_040320,0.5872113272132152
row_037305,0.39734994361142306
row_038604,0.4294229979194176
row_011495,0.9559965497457368
row_013621,0.9038170301868511
row_004781,0.637780962924636
row_016391,0.40395338932454
row_049796,0.5152183502839685
row_031279,0.44858594125257045
row_013843,0.11155187353255469
row_033704,0.4082530978020647
row_018139,0.5975673568479336
row_034447,0.4519492738028088
row_035697,0.701358221601097
row_036618,0.3152941314317054
row_005949,0.1293497492513124
row_023329,0.5418868436833882
row_038405,0.927768008775505
row_034568,0.5572341619715718
row_048322,0.44633305963444947
row_001701,0.42844959358550805
row_042608,0.5711965356920027
row_007829,0.5513001865899374
row_022728,0.6357102868674764
row_049880,0.1691567737779281
row_033308,0.44398108622307164
row_029590,0.38748514019487446
row_013056,0.48862592944240807
row_004814,0.04690479015113649
row_020877,0.16565784948289805
row_049862,0.21392566933913
row_008273,0.21846167609674125
row_019868,0.11202378765903001
row_048519,0.305664910462027
row_012025,0.6235970406101861
row_014812,0.9923593576120194
row_031942,0.6246802412396567
row_020115,0.36964761475310226
row_015552,0.5785411010309776
row_031915,0.4613840590335606
row_015775,0.3333681214369831
row_033452,0.2405754477391532
row_018432,0.26315005186932894
row_027141,0.29284336822362744
row_035725,0.1814054864259876
row_045264,0.33624150225977967
row_033148,0.4486866517035161
row_027752,0.6671282044724097
row_008291,0.0009869191685341434
row_027034,0.07214459634600194
row_009892,0.15124871302583526
row_002459,0.8144333532754835
row_039448,0.36129689786198405
row_008033,0.5504197278085441
row_021874,0.39260469070285103
row_036521,0.33720979570592063
row_001289,0.10188977418090833
row_011227,0.8500229460500465
row_013959,0.290738944627093
row_006173,0.009026334992072116
row_046069,0.73806174703467
row_035825,0.13542305215742664
row_048772,0.14141044159900545
row_031201,0.227785547931069
row_010810,0.8984556933623624
row_033625,0.4378207919922081
row_036002,0.33764165630052856
row_027463,0.6734594770254009
row_011359,0.8401970294202249
row_007197,0.26897216395081036
row_030699,0.4191595278230492
row_036290,0.1505959375629413
row_031969,0.33987145336524455
row_040236,0.7451790907790469
row_047198,0.7086903202230386
row_014823,0.24265668391053458
row_016008,0.1000543249278845
row_017829,0.47252478359326305
row_026137,0.4856487734707282
row_038066,0.2662198464690928
row_027547,0.014767952161329088
row_021269,0.26147760797922653
row_001605,0.3499555520067532
row_027424,0.1850818168815224
row_001129,0.5905231333862397
row_021629,0.4376883313414449
row_020228,0.4512391295320496
row_004483,0.19041001925024628
row_038016,0.6629759907558298
row_031124,0.6806091832119028
row_019024,0.39025974990788787
row_029400,0.3072329095086159
row_002800,0.24485961300811673
row_026539,0.270954988075583
row_040036,0.5656990022271969
row_003713,0.5398639900939994
row_008272,0.373259990261523
row_000031,0.3622269074419274
row_011479,0.5735359111116707
row_003742,0.6136162276027359
row_049416,0.41761160923308666
row_009666,0.9782372652678875
row_045941,0.3520361676063368
row_005591,0.665535806084563
row_049855,0.36576876043555445
row_021704,0.5539161508454734
row_010954,0.3798645731469156
row_001240,0.5045459170249493
row_013399,0.07191356257135587
row_002735,0.4671775494518748
row_043256,0.5213975954242057
row_016106,0.8923198808222904
row_004819,0.06736256871595547
row_010973,0.8251005579141968
row_001236,0.6915824104426553
row_008007,0.1371275766505704
row_016806,0.2793177820218099
row_016472,0.9167213863003856
row_007611,0.495703703796813
row_023249,0.32092138242421026
row_024558,0.261771176780297
row_043920,0.19054877318698393
row_036360,0.5987473767248446
row_044498,0.3490671349533781
row_026074,0.33978993494889587
row_006386,0.6670625527339247
row_044762,0.6659226355747085
row_048787,0.554005128372981
row_047162,0.7268674829190092
row_000353,0.674581701011927
row_025375,0.7217832675830204
row_041609,0.4480823253897409
row_046260,0.6081919965893432
row_049718,0.1764784297978937
row_006336,0.2412844158440462
row_031530,0.3571796648422256
row_045573,0.8226828714159872
row_043646,0.8643189949897698
row_020133,0.6927851297246967
row_029234,0.7321096018778943
row_027341,0.24501888443934192
row_046734,0.17528099034696268
row_032398,0.6478291447406931
row_048639,0.20945829721731068
row_043078,0.5578514452928133
row_037137,0.5381638919022123
row_046662,0.13086098255258294
row_017866,0.48489213633329964
row_001614,0.3774910017605182
row_005687,0.5963468352625517
row_036738,0.5044473067063765
row_035471,0.48668444799340893
row_019067,0.5032457118055386
row_011742,0.26612792463688784
row_000605,0.8938535400730747
row_021426,0.30413128161516423
row_046947,0.9160788214972184
row_032907,0.44472755870788033
row_026915,0.3573066445824497
row_049970,0.6651603228542736
row_032464,0.18516786684519196
row_024477,0.5880451563416488
row_028019,0.6574869432779471
row_016659,0.6431597375621078
row_010571,0.4155322578375454
row_028743,0.15608192675531993
row_013117,0.9282093704181287
row_006942,0.2942479077240255
row_035721,0.7455741648320415
row_015883,0.6311748827113604
row_008324,0.8470542093523593
row_034880,0.581514178472826
row_041532,0.9989192364354244
row_008269,0.7261524620531548
row_049476,0.42013982109273235
row_023891,0.6424947337659063
row_013258,0.5295733474750942
row_043745,0.4562840922935245
row_031318,0.6681267846713528
row_015751,0.26211545707230993
row_029316,0.3408688565581088
row_000936,0.3036729049286299
row_029750,0.21706539353873094
row_015716,0.34958280016189736
row_044722,0.8175488306342742
row_030463,0.34296545612808765
row_031980,0.6649236740355731
row_022245,0.7729566984167227
row_038668,0.4472797768152674
row_044823,0.9819137155005034
row_035998,0.31015900434174415
row_018425,0.30826319739710645
row_046291,0.6906935036324873
row_036574,0.05160696966776691
row_036320,0.6791279557347589
row_017110,0.5431470399738033
row_025173,0.7068798976898294
row_049407,0.2718921348034801
