id,target
row_007104,0.20292314487432114
row_006043,0.016169229755949314
row_007861,0.025759365222353513
row_047137,0.02485775430650205
row_010138,0.05414011061437502
row_023073,0.017564716002101213
row_035683,0.596125718329744
row_022781,0.13271348277940126
row_009191,0.0055178877264564245
row_032489,0.20734716441572465
row_015546,0.07314129339142059
row_004831,0.014196026982635326
row_049662,0.359126257847833
row_002801,0.010413854401690027
row_018161,0.2902723307593795
row_027564,0.10039801651533617
row_022650,0.9993937521286438
row_022115,0.23755977624337046
row_045437,0.028530082901460006
row_022832,0.008419383046795228
row_048862,0.03773533107557872
row_014485,0.0008544797525738363
row_036301,0.0009224756089982993
row_043639,0.028997480961416536
row_010817,0.3514773610641395
row_022126,0.09521458627935407
row_010880,0.07417267606052899
row_012312,0.9684362369730427
row_005242,0.8721621155218732
row_027006,0.005950868146017674
row_045606,0.44345568914145
row_008741,0.49006541721840313
row_020854,0.1587416131944685
row_030178,0.0009678289807042276
row_046981,0.013393625638492591
row_025209,0.7472579535997227
row_024462,0.9404097215647506
row_017511,0.0011710360742768567
row_041636,0.003653215065722955
row_013812,0.8894467582079132
row_005663,0.25412646309004056
row_005356,0.006097251914092826
row_029800,0.003407702757476042
row_049910,0.008468037471251978
row_018548,0.0013484091421332835
row_000642,0.9084192752375038
row_030807,0.021249095196970793
row_024854,0.8203453941003273
row_002522,0.0134129100179087
row_002142,0.1923256615109178
row_012057,0.32427398626202464
row_040457,0.029157951225319324
row_049293,0.5949043501085196
row_023111,0.9997145132986992
row_005843,0.07870477034294203
row_049938,0.34115366592038926
row_014835,0.5410327411465922
row_016185,0.09051739468197223
row_007562,0.7914866154969203
row_036421,0.03503229105653969
row_026147,0.009711927429645786
row_045442,0.14988584062787402
row_004975,0.07894614482072872
row_029879,0.17831096013991538
row_006837,0.003083082822795048
row_000327,0.00027471188382413694
row_016161,0.0017645076879747954
row_013068,0.08960872973172952
row_044235,0.02115409281930661
row_044023,0.001048168866020236
row_044257,0.740659341366074
row_042302,0.5114797609454516
row_008684,0.06304898136151753
row_030783,0.330048783591285
row_009255,0.001519652627537039
row_044451,0.09735650339099397
row_039440,0.06648628574816308
row_024100,0.3918489836625918
row_033299,0.20409741360307718
row_038958,0.06118006360533724
row_029612,0.5948250166459276
row_045755,0.8018690410085978
row_010657,0.1769444350726059
row_003539,0.9383613533577465
row_009953,0.7113932770769624
row_000094,0.015823383868568453
row_000672,0.44070983450523576
row_048074,0.9791439720892284
row_006680,0.9792906432701752
row_024446,0.12725801727132063
row_031985,0.03229254089932319
row_012887,0.005963580917905063
row_012454,0.002096601305136318
row_021921,0.1206988808083509
row_009619,0.17801754104316583
row_023309,0.004474011195302227
row_031495,0.015525854111171387
row_003688,0.9492834776635525
row_009085,0.012415308097078534
row_020302,0.004014271807420224
row_000946,0.594058793164413
row_045447,0.3757575995015415
row_038036,0.1973582830033352
row_014204,0.999838286502564
row_049040,0.006526249699595987
row_019373,0.007466197728630949
row_018205,0.3643290465557472
row_003364,0.13393907596043708
row_037797,0.2903856507764304
row_037037,0.9931771767176809
row_027438,0.14068813348303932
row_031650,0.9997240448946021
row_028962,0.0006574392009063924
row_035130,0.029824432563762743
row_007831,0.22878237278969224
row_027355,0.9283480197717837
row_022063,0.46371387852276663
row_031708,0.5320395548752147
row_042602,0.6357691390380863
row_038963,0.6659906278392838
row_021513,0.035355982723668446
row_002471,0.8178004026248965
row_025835,0.031634323634750675
row_031662,0.03363477828902294
row_048592,0.3583673533564966
row_013935,0.383904987289831
row_002281,0.2726260481720183
row_000862,0.03559848727661075
row_033695,0.002510575502359698
row_030694,0.19128358626584305
row_010034,0.031051107978790838
row_002009,0.014048552594667942
row_004645,0.2535719022451199
row_034313,0.6525365944576127
row_017791,0.0036075425969033905
row_040624,0.8760965484178066
row_013860,0.032975580177331994
row_036127,0.01095158214781828
row_038664,0.3332952675632945
row_018594,0.011241025546067877
row_008921,0.007991971466217608
row_015833,0.3354268375378649
row_020932,0.2459886993539295
row_034995,0.019876932288471722
row_005860,0.8306343530421961
row_010064,0.6929834918860203
row_046230,0.24573059990698343
row_021398,0.00417695490740494
row_028710,0.3831229794352433
row_011454,0.004424971353283197
row_036435,0.050646600026999035
row_028518,0.002247883833717462
row_030796,0.00068020859621465
row_032541,0.3964621072871453
row_039766,0.09880874237943964
row_020421,0.008908813860284262
row_039862,0.9719532485694795
row_035359,0.0003244561227502336
row_007202,0.16235209605466333
row_034121,0.013616930737373353
row_002483,0.0030980601597259748
row_031221,0.02939948714297554
row_023730,0.0027299046755128635
row_018283,0.01184561768693747
row_047132,0.3860395387495596
row_021594,0.35076374663111093
row_018809,0.3204971712290628
row_026910,0.01145731848403115
row_026041,0.5899254971535295
row_032340,0.1386852503819699
row_020980,0.14443990029400028
row_048279,0.9820470812676392
row_002913,0.03427603770130143
row_025818,0.9835467433572473
row_000333,0.03569691401473696
row_042882,0.8330725536640302
row_007509,0.17847916318568074
row_019691,0.2762263834124565
row_043901,0.009717224196606098
row_033900,0.09818768935751392
row_026186,0.015490997741230061
row_014454,0.005021965642494747
row_036765,0.06895685353496575
row_005322,0.02886290486908818
row_034332,0.9672407288203966
row_013289,0.06529173364036205
row_011493,0.01015887602733902
row_036925,0.0008470169934419383
row_022186,0.02438697393547283
row_022961,0.6410662839697174
row_030951,0.10630615794081065
row_029339,0.06107252899658254
row_027191,0.8775177475920171
row_006484,0.9885309662025248
row_039211,0.009506029002632704
row_040580,0.0944129137340526
row_038856,0.1330618690967064
row_015352,0.008531487660019378
row_008338,0.267598792699366
row_005673,0.0775658804497932
row_022474,0.07394165329280192
row_032677,0.586016909799105
row_037470,0.022942188136061397
row_018228,0.04885606463170254
row_017346,0.17726876498099123
row_014844,0.02052612219942861
row_047809,0.004052911008211714
row_006851,0.8407220528285164
row_034791,0.08753469402025647
row_047794,0.22371476589102524
row_001489,0.8469135889805314
row_022739,0.016917867089342332
row_016475,0.014652957959804385
row_002137,0.008288086014506193
row_035031,0.03475387846776726
row_042932,0.0036077492583102165
row_033060,0.06074542502110484
row_041599,0.9436698173421403
row_000077,0.15650766267541683
row_048042,0.00713942531025867
row_005393,0.07040049484714941
row_007965,0.10094528926526415
row_009803,0.0030605859396963305
row_045740,0.012446014692640913
row_037117,0.03293463874255635
row_019829,0.4137415181729258
row_045303,0.21653381852071843
row_023525,0.8816563126967334
row_041621,0.0013889783358870627
row_011494,0.04970159471421005
row_000858,0.7563524128888146
row_025819,0.030026207138216295
row_034889,0.1124411711001871
row_005263,0.01333725493166709
row_009489,0.03681429643250483
row_013714,0.14792268085443222
row_001709,0.15770319496435622
row_009382,0.0028937942318470046
row_037165,0.13851638904145377
row_021184,0.30620804868337215
row_036560,0.07758728731767003
row_034905,0.13543299908533035
row_030859,0.09564748763608477
row_041797,0.0012994189814502853
row_021506,0.6931878078251598
row_008113,0.06623077168572075
row_028511,0.206406532665525
row_020515,0.05491245038625797
row_038246,0.06320291486944447
row_005027,0.004829480921554261
row_034760,0.02484807534305366
row_029069,0.004877176243038682
row_001910,0.19113940508539734
row_026625,0.006311024586247604
row_036095,0.0022876096013868153
row_021845,0.2882811847022325
row_046668,0.019656048165550527
row_029761,0.0028529236238569577
row_038584,0.13570782818236535
row_006579,0.34212747707863916
row_031629,0.4943847319803129
row_046809,0.023859950099868004
row_027851,0.013431592154188888
row_027069,0.4520158680356139
row_014929,0.08228834233787775
row_002531,0.041380269423698664
row_037886,0.4496045162215086
row_006061,0.9601412271662223
row_023649,0.11476127537672294
row_006760,0.5741854516075711
row_025931,0.012426329766903521
row_047446,0.025310951104817233
row_028176,0.008131547918081324
row_010155,0.25836630525502663
row_048699,0.2675737463508388
row_019808,0.9993089058785288
row_035427,0.09343948360665737
row_042393,0.13680221639868415
row_042780,0.997748074420475
row_012204,0.5766203875932895
row_000988,0.00010153157582462362
row_014632,0.18178520754756994
row_031595,0.9013832748731763
row_047286,0.11678071075998021
row_010945,0.0005258696816782537
row_043547,0.7444148684172013
row_025575,0.04048363138844749
row_037025,0.8596621222175104
row_040523,0.011587100894478763
row_005466,0.04589791509628519
row_041746,0.0027606235450283894
row_007675,0.2315407415951178
row_037622,0.009381895893554459
row_015117,0.6054241243219086
row_017507,0.0015653832449395646
row_033412,0.0070346792575248585
row_033997,0.12615054360020903
row_048144,0.0008614996258652408
row_007359,0.0030913261966879295
row_013232,0.4976699631143605
row_004587,0.08588848843378971
row_032920,0.5342007138761022
row_015444,0.8133168783504126
row_013624,0.009331646544549894
row_016353,0.004502684306126673
row_013627,0.07254387961034549
row_024071,0.013488294589809269
row_025959,0.0323524371861459
row_003423,0.15052193027863836
row_016473,0.9436065218059149
row_046377,0.3560228540997085
row_037692,0.0693293698825508
row_035108,0.014027952465740302
row_010998,0.9137030207402631
row_008695,0.9393127380231485
row_009473,0.01207808241772513
row_021650,0.05190953045635162
row_032908,0.2908591179440771
row_025402,0.8567614730872447
row_031534,0.561880206531262
row_002781,0.024419317650534667
row_035233,0.05352544406690191
row_038710,0.15457525627727897
row_002313,0.03115012912376533
row_013960,0.759147996697352
row_043341,0.7309274943457896
row_012280,0.0007831057074465619
row_037592,0.04512836979368152
row_002534,0.0022500919811219555
row_049860,0.13721670599701052
row_013037,0.266326096766989
row_034537,0.0004112063825188566
row_027665,0.025991865387594865
row_040718,0.0011315666986510358
row_024664,0.022127328962205903
row_010574,0.3133428029527829
row_023215,0.06542550154541629
row_047807,0.02324793464778955
row_003716,0.0008550246689460985
row_000474,0.01831680171619815
row_032960,0.08749723164599259
row_037746,0.05840549896908205
row_000669,0.0709238945216294
row_039326,0.97231403862455
row_047452,0.011750806607463563
row_007187,0.9732163886909051
row_007612,0.003571195217686662
row_044616,0.7398850508380627
row_009701,0.09413530744980274
row_014987,0.4272962736631423
row_022038,0.0066872835501712935
row_037908,0.22379766605673573
row_020556,0.34447379839959963
row_028480,0.0006971481014711781
row_042641,0.2372650727358788
row_043627,0.07117753937155638
row_016110,0.05443989613076068
row_027856,0.0026777865140661565
row_028129,0.015626439332570324
row_031665,0.3283554294487524
row_013275,0.04813686370314556
row_015588,0.34432561675977
row_046675,0.25706813017033026
row_027967,0.8314843222079316
row_032566,0.036486452752042826
row_015436,0.10808885010096805
row_017852,0.14737470203871378
row_022039,0.9641931219934607
row_035800,0.07525474821600694
row_005492,0.3021892516875882
row_048068,0.9320632943020758
row_008984,0.38114101072498563
row_032357,0.633216094129607
row_043984,0.003538358387499125
row_042859,0.5463658637574442
row_017821,0.16834272348850574
row_005020,0.01768554617666282
row_016139,0.24682244177966015
row_031095,0.23894127633768322
row_043822,0.5763020050186086
row_010863,0.018395340965571643
row_048551,0.003501140354459323
row_041957,0.5992736139441274
row_044517,0.05760430312870887
row_031172,0.02582913276731446
row_048947,0.6868533310258252
row_044487,0.021016644242479506
row_001153,0.0008315554751734057
row_024832,0.4546844294742984
row_013249,0.2605604126768922
row_002799,0.14951630451224346
row_049522,0.5100665823722933
row_037750,0.2159322755848389
row_010778,0.3364238071074366
row_004000,0.011161659839664478
row_024026,0.12664045216242256
row_003469,0.5384521560914177
row_035930,0.057431058681098504
row_048079,0.001586283521156029
row_015535,0.16779118362517584
row_000295,0.06136892794465669
row_001257,0.027236456409076265
row_022893,0.910650950253054
row_015771,0.05485660085636079
row_017583,0.010998632594555722
row_019471,0.5351400825058763
row_018249,0.5161268895936104
row_019836,0.03456148676910655
row_027671,0.054820542633468895
row_000475,0.007056455242273956
row_033135,0.20106692917361801
row_003580,0.24367011328906416
row_032567,0.06118197997391497
row_029939,0.01630814926988244
row_020811,0.16338553606811906
row_035494,0.06072178452127775
row_015568,0.696872288892725
row_033898,0.9679152496708839
row_017395,0.025132414294726534
row_016215,0.12210729332569523
row_048969,0.10422667787966795
row_011892,0.7634806052157588
row_048036,0.24151526649075855
row_017525,0.20455990465664223
row_021798,0.002166508180662083
row_002944,0.0018814543930464832
row_015651,0.2067357842391754
row_013395,0.6233131740549804
row_017697,0.26053408941279843
row_029186,0.0055530193491041355
row_018595,0.9998647097851822
row_026902,0.08795627413347046
row_004838,0.5442346194657431
row_003543,0.022710368106037177
row_045477,0.025497150828043644
row_021725,0.0035606994864794523
row_048133,0.8529125660357827
row_005101,0.44375086983771117
row_009584,0.04850802689228103
row_019063,0.030736104963141365
row_022488,0.001872272077943442
row_038295,0.014038709270447074
row_024545,0.0866430211007427
row_027753,0.01659283241682684
row_001887,0.01902855895138437
row_008651,0.04805230011634765
row_045111,0.13189068033462106
row_046879,0.6895576571925728
row_033225,0.010705978552128959
row_045911,0.02597994197463297
row_013789,0.23997237838884555
row_010220,0.18929859481001085
row_025845,0.7119761096584243
row_030509,0.39959355463013724
row_020941,0.016124052001524967
row_049328,0.2932607191457363
row_034984,0.5688736937627789
row_029867,0.8462080160862109
row_016846,0.13290174388714585
row_005649,0.2743302846301767
row_000721,0.11929137327183874
row_021562,0.09603328085348797
row_044212,0.18591204922326368
row_026953,0.1542645621736397
row_043284,0.015028508389540752
row_043697,0.5307342928347731
row_046797,0.04514751878757179
row_032413,0.005654997586109022
row_047848,0.15415194090548462
row_011079,0.07399056577002709
row_028663,0.24553888135226137
row_047053,0.1951569455333818
row_020582,0.16196764445674802
row_029342,0.05649286144896767
row_049048,0.7739380614344148
row_022957,0.2195949109038101
row_008070,0.7109693244217329
row_001127,0.1669352533906778
row_005135,0.45047635302044253
row_001841,0.8170047892282696
row_011515,0.061115530831105935
row_004327,0.01821206619877028
row_031316,0.0885608808226714
row_005129,0.4755889035167269
row_031721,0.001253243224085792
row_022143,0.11256527990068026
row_007333,0.9957689280584234
row_032291,0.09346248021875825
row_019687,0.052417255777756216
row_038551,0.0015169400357602407
row_015438,0.044293195773041166
row_009783,0.025204114921894134
row_031822,0.1403580422368509
row_006423,0.012643405184172868
row_009524,0.18699715472765124
row_038773,0.008603464543365687
row_019549,0.00019086918059039464
row_044333,0.042022142571484775
row_034859,0.005187680931296506
row_035763,0.04972268670846516
row_029814,0.06177259823127374
row_037505,0.00042380030663366193
row_049207,0.06853608930643915
row_002553,0.004106149213282731
row_034410,0.0005712099783858931
row_016684,0.22580505458369501
row_029544,0.23465544926585608
row_033291,0.3123964543512714
row_015040,0.01950288254379079
row_012111,0.9759204645952846
row_017268,0.003462405862998149
row_021987,0.0960638350689022
row_014563,0.11307498649985068
row_029286,0.3277390155832709
row_012944,0.0746784897663146
row_046907,0.9719507619930818
row_000269,0.03675448375198448
row_018685,0.029987556611466556
row_021735,0.27245401619511106
row_015054,0.026075838190649292
row_024323,0.08757338054125605
row_017465,0.9328215739925023
row_014900,0.0025467361094366
row_032068,0.010006672502272329
row_021234,0.5465923211193076
row_004732,0.9947697938168443
row_006547,0.06627425437098508
row_027257,0.043516568746672125
row_046836,0.08729282225199182
row_027944,0.45083193614207284
row_048711,0.13588320105949891
row_034283,0.03472257089567583
row_030899,0.3476993871869712
row_009675,0.0107851377117453
row_034924,0.5432412014652573
row_009369,0.0025921424839815653
row_041126,0.9980546448097353
row_006028,0.4458122594939792
row_016317,0.16218941066035555
row_044944,0.008665783439060014
row_028148,0.24696126134050428
row_007860,0.029135874343641087
row_001863,0.2010975562057283
row_025123,0.7007840804562018
row_023242,0.5333129742729242
row_018305,0.7714478659404573
row_024609,0.8072579643289474
row_048543,0.009824776904069982
row_007182,0.20652574026904577
row_004550,0.11635978083660672
row_035782,0.10693448919665209
row_041396,0.16341523936263982
row_015705,0.3741974712155182
row_001604,0.110461496247916
row_037520,0.008829775725105488
row_025276,0.011606158257365051
row_040697,0.014222731801158421
row_048035,0.4768619274180956
row_026574,0.024234750365218802
row_016822,0.7879144369745626
row_013454,0.1274225289667088
row_018768,0.019665959305033072
row_049215,0.14800368439330858
row_038124,0.039742229135240066
row_021044,0.0006543531314231506
row_001378,0.31252469766318425
row_010016,0.0003047665756223843
row_019101,0.9358571616223135
row_047253,0.0027924372511072856
row_029463,0.22275395739590068
row_035521,0.4267455157049712
row_042078,0.005509458849948851
row_011400,0.5944892434783504
row_004262,0.005109385472520598
row_030971,0.7697625196045417
row_001633,0.03627668111600564
row_030758,0.006827223507492542
row_045233,0.0018568079603044688
row_040313,0.14587021679783246
row_007463,0.0034813547932568455
row_043056,0.6956081539511579
row_035259,0.19002027333269722
row_026591,0.5570669598313976
row_034382,0.041898969609167766
row_044928,0.7244891496527882
row_007795,0.24708309971086972
row_026526,0.16875181232704944
row_037842,0.0032391081710215603
row_023839,0.023626072791925867
row_007588,0.0026883515231274887
row_003613,0.0028919055873763574
row_032694,0.004701287888808607
row_024397,0.08858272648692829
row_021606,0.12455581990341705
row_019234,0.10087558977363732
row_035868,0.01484359270928443
row_005640,0.9231130558076328
row_035016,0.10593551910341314
row_024378,0.003573717541263673
row_027817,0.007598430720618826
row_022385,0.008094416997954736
row_038494,0.21426951826914756
row_020733,0.17828465407843652
row_015114,0.057454198407700156
row_036459,0.016963908830444893
row_001344,0.060957679733822115
row_009994,0.01600971247790493
row_023150,0.01988530935336715
row_026597,0.8259669056376598
row_011071,0.004104080040194134
row_019411,0.027469220115131556
row_033463,0.006019558406479264
row_015600,0.000958107631834937
row_035343,0.013514683242817413
row_023522,0.054368372630417786
row_004051,0.6012588622183959
row_012590,0.0013469737962729465
row_025161,0.1863058549054892
row_010360,0.2671326779449777
row_048046,0.162465966662651
row_012459,0.1557272673891141
row_018543,0.20899351453009676
row_030068,0.016324169318003293
row_027171,0.008263774138935451
row_028054,0.004946806438065203
row_036177,0.002773419971566133
row_047176,0.2880634537175243
row_042875,0.07373253778281519
row_027084,0.5602240213033446
row_029472,0.8103325943799142
row_007748,0.08472861133940858
row_041626,0.371518362934971
row_016980,0.8343902498788872
row_021636,0.0011743216396002424
row_040529,0.700280153642631
row_020528,0.9515430468278514
row_023122,0.024639614501507926
row_014543,0.9898905563932187
row_032658,0.4966726254513842
row_032100,0.07517019917546876
row_026265,0.3471412266253187
row_008797,0.35618165657944617
row_016972,0.0009190447347986172
row_017364,0.5424062849102446
row_043535,0.02193642537088535
row_022806,0.5711369478283245
row_019674,0.8169834402537898
row_019269,0.1617503318106035
row_047639,0.8754202303416584
row_009407,0.33577101395804515
row_030257,0.4541513871607916
row_028408,0.0018501649169136406
row_031160,0.6437510400312219
row_003607,0.021493897555591574
row_017977,0.0009938251567178707
row_004534,0.004070306366823728
row_023444,0.010626683573271128
row_012778,0.0002701710277592114
row_048446,0.502538097840518
row_032700,0.002012225418405897
row_014176,0.33974351775896533
row_031753,0.0825288404459639
row_026692,0.28518433189954184
row_045750,0.6663132536820378
row_016075,0.5449701145742001
row_045155,0.5752695792168621
row_016572,0.22695770618086636
row_029736,0.29380041493290837
row_000137,0.006048834321824969
row_018532,0.0028032905087446605
row_000956,0.7572731410755358
row_004874,0.03629982670957882
row_018059,0.03852515098239845
row_012440,0.9840796438159735
row_028826,0.003260294950046884
row_037488,0.20499553989155056
row_035423,0.3063168687483314
row_013291,0.009736633117391391
row_037801,0.0025074170488731343
row_046853,0.04855598040593507
row_032201,0.004002266371260774
row_043734,0.003752115599460344
row_030070,0.7289358167636075
row_014953,0.681801109295748
row_006520,0.7641052718515372
row_021894,0.13771824532984292
row_004720,0.02578339437820392
row_022465,0.026125945958757293
row_018209,0.9058419713917741
row_017183,0.13777885892607067
row_027988,0.9311411721400428
row_022295,0.007656189429591472
row_037925,0.045051266938250865
row_010227,0.8754004107518333
row_048641,0.008181891227157047
row_042554,0.0993367220424864
row_025349,0.8844503529087675
row_046768,0.12283742638601675
row_039670,0.0009978562117880382
row_007384,0.005045386500944381
row_007424,0.02807096089989115
row_021717,0.022812541894519638
row_047331,0.00040147490975350026
row_032212,0.5690727402260551
row_036456,0.001450092073904887
row_011845,0.4410778982065483
row_027192,0.36962823783476406
row_046993,0.02605238376291089
row_042829,0.07251484109512132
row_025204,0.12175416235760178
row_047985,0.0003284651436884901
row_026206,0.011981817217920335
row_033218,0.030585180099276535
row_002942,0.02733746265210625
row_033622,0.8681386733998072
row_020662,0.3982969128746959
row_014786,0.19163418447056063
row_016133,0.0602163048552623
row_005369,0.9114815510622947
row_003980,0.35599204644161675
row_037766,0.423962277121088
row_024124,0.0511929170458057
row_042102,0.07715196094248354
row_029016,0.03957541271244815
row_013410,0.021242259054437263
row_008936,0.7157135947888813
row_016649,0.003636617109380201
row_012478,0.265900320296705
row_013189,0.016113923084869166
row_036661,3.197478532164582e-05
row_015129,0.0897513859602195
row_010082,0.14064534936893852
row_047041,0.22223082235135733
row_001248,0.0037589766091036983
row_049173,0.5449480874899746
row_036810,0.9617856307919661
row_036920,0.09326924917615688
row_017902,0.005981462564236936
row_014511,0.1271092838601091
row_038631,0.11334244375184986
row_045107,0.04225672142181281
row_003566,0.9535568142758617
row_013314,0.24070302913857242
row_018355,0.5045155666146234
row_010426,0.8502596644306949
row_011738,0.00672723168465814
row_013268,0.15566349410866426
row_004694,0.5337451208644595
row_041278,0.1400571004439549
row_037731,0.06875073079140441
row_030362,0.34850783149729303
row_040426,0.10937888880789177
row_048034,0.02122100621687541
row_032376,0.002057265359454418
row_021042,0.01566855530822053
row_002445,0.3273661856896512
row_009370,0.1577265623042405
row_046314,0.026191665773277036
row_049133,0.5707789767332047
row_038152,0.29221505882610804
row_025593,0.995546004025258
row_046409,0.05183169716166609
row_039466,0.778179895617453
row_037679,0.0022041062116559223
row_032706,0.002168115239270376
row_049428,0.0033117073642950517
row_028859,0.8113780009627836
row_000579,0.035772413969962495
row_030402,0.00030188980491212156
row_012802,0.18484733778034013
row_009201,0.06583491293236957
row_037773,0.021795333522667295
row_005015,0.5153118713250764
row_016074,0.7761738484428101
row_011807,0.42108793087684204
row_035425,0.840121127446026
row_016328,0.03910269114629277
row_039215,0.23899506818890032
row_004710,0.959266150505796
row_033386,0.21861637026470454
row_012306,0.076673574642431
row_016255,0.003443070401631742
row_007650,0.01426919143699251
row_015313,0.0001339145730618179
row_021473,0.9015024188999375
row_018680,0.9200177123666338
row_028533,0.9236478320961251
row_019961,0.3191608738369373
row_029868,0.003673269763922615
row_046089,0.1107751073275056
row_013248,0.025183384089739774
row_023001,0.11067668160927653
row_004495,0.12363375374753838
row_024623,0.03838263626127744
row_001515,0.08004902987601635
row_043129,0.09089952419651788
row_024414,0.057849456212459786
row_038522,0.07055034104024872
row_010620,0.23815904511905467
row_000890,0.011247230714573543
row_029263,0.7727713426688548
row_046635,0.02686040915193135
row_034581,0.165661617893542
row_021901,0.2464278294446977
row_016595,0.629611773678037
row_012553,0.012579578946904158
row_009729,0.22689269065792475
row_006118,0.8182136563454839
row_028316,0.12499632770527742
row_003303,0.09056058166391223
row_039152,0.47356706480630234
row_030021,0.005024909223513949
row_049130,0.016879975907214226
row_001373,0.7015591182812746
row_019268,0.9414157346991078
row_025639,0.010652867469718856
row_002234,0.7411619310150709
row_022868,0.11472135881249725
row_048684,0.011214750666072956
row_005004,0.027483108141592844
row_046440,0.37268061018158793
row_033843,0.2618845045548146
row_029149,0.9997087754319448
row_006544,0.035202865661599095
row_010704,0.003148573012881092
row_046410,0.028004472358772372
row_025837,0.4229517368790263
row_029027,0.5291633637240871
row_029664,0.8644505452965063
row_027262,0.8255128846280776
row_008768,0.9583667134135927
row_032372,0.5454655780986676
row_017990,0.9947022587347619
row_010234,0.2626224718424114
row_026830,0.9991658934517517
row_046512,0.050694416418959436
row_049143,0.9930041100616787
row_023153,0.10004693467626671
row_029262,0.3983541842715995
row_037189,0.5586744731554917
row_042966,0.00303435749523041
row_046453,0.3194805496081027
row_006397,0.0004064168251016464
row_021103,0.20408796911518734
row_023784,0.11160176769011976
row_015251,0.002011432056888418
row_027188,0.018825868203589308
row_032657,0.004065929879462427
row_036639,0.5587152494483647
row_007093,0.9667339524006178
row_013620,0.013082979566455091
row_040234,0.3516841058870209
row_040292,0.0014939530431360678
row_016476,0.21206248142626166
row_009744,0.7981896984183262
row_042286,0.08800177438589755
row_025995,0.5256737596911149
row_038220,0.5603097625815553
row_019860,0.790923990229713
row_044295,0.16623857378367635
row_046024,0.4382253256042904
row_048344,0.6013437944827235
row_022697,0.6651216163153301
row_036520,0.4200304226941958
row_047914,0.012717198959039302
row_043148,0.029840875590485108
row_016124,0.03066223090533279
row_039699,0.015749313225414355
row_025210,0.00122660994970284
row_004373,0.19403526998994444
row_008030,0.002109801327674912
row_026307,0.13960060118875503
row_021733,0.012287906005732657
row_040172,0.05680430163977059
row_008778,0.9822761574852055
row_002806,0.010008987329318127
row_049764,0.0054335585027722325
row_031396,0.04880162290684004
row_017849,0.3521742953474069
row_007163,0.0002654605979575489
row_031782,0.23679103324628725
row_039471,0.030401078003136742
row_026766,0.22091868702852674
row_014133,0.001267858149628567
row_000654,0.8650104088798399
row_037718,0.5670279886113162
row_011598,0.001765568388373148
row_031444,0.1696320270711298
row_015142,0.01526607596508353
row_022930,0.37621142352758985
row_009387,0.15150273346160267
row_039745,0.0035218413784004914
row_017495,0.28863444410357064
row_036298,0.033760648215708185
row_035777,0.00297444502565314
row_042344,0.8787516786450793
row_029390,0.15683606879323636
row_034554,0.4922238788847955
row_031996,0.87966633388407
row_016457,0.013941370566314634
row_003215,0.3442558864198854
row_014971,0.07951489521634231
row_021242,0.9190708508814706
row_004286,0.24824643955816927
row_044971,0.10805345284088622
row_043892,0.006048135670123485
row_027028,0.18338878050795548
row_038389,0.006078825761492707
row_000690,0.2831770601091915
row_027981,0.9777660008378756
row_013507,0.5770757368564668
row_033377,0.014396766753252407
row_029978,0.000315423471504788
row_000013,0.013584450943803006
row_032515,0.010139869215084698
row_026870,0.0704396481853089
row_027828,0.04788796408221446
row_046625,0.2136848243312757
row_016245,0.9984500873738976
row_020676,0.02036226512044731
row_020105,0.025531234186293886
row_006992,0.9480812923751171
row_010383,0.15101766159781008
row_038731,0.0066621658184489
row_013628,0.007861231926638863
row_021100,0.033199502878218635
row_042487,0.6624143845589041
row_041700,0.06624043078191767
row_013965,0.006842463443485032
row_045519,0.272979964621157
row_035502,0.3619679977973972
row_048770,0.03314203388208367
row_013486,0.3062708360221311
row_042404,0.024207922683547545
row_015498,0.9654272620215153
row_018628,0.04689722612762165
row_017359,0.1369996057080861
row_011202,0.3346251787750499
row_019480,0.9950783495524088
row_048101,0.0005834779365542511
row_027533,0.324528981385569
row_045427,0.5147733302709279
row_023311,0.11665117091987436
row_031374,0.005583392116842493
row_010259,0.5824416829449353
row_024465,0.010224948748089534
row_001325,0.018342542862240428
row_008004,0.005727258000823394
row_025564,0.713120415848816
row_044035,0.10844799870857356
row_044482,0.0899732483469597
row_010961,0.5191505106224431
row_005151,0.10868088721836572
row_002572,0.0006267930862659567
row_010453,0.25137198848875664
row_015042,0.28525243617917917
row_021140,0.017359739476308735
row_017696,0.9881532516132712
row_024922,0.6936767092817911
row_034133,0.22974509277212588
row_042946,0.008844146084255112
row_017930,0.06319341664954302
row_008745,0.9985655196605631
row_030832,0.15695513673007835
row_025318,0.03650633421215492
row_001613,0.12200156026790059
row_041771,0.15411590300267786
row_037748,0.011097452054791122
row_025477,0.002261555621987714
row_029496,0.03563084955662428
row_010743,0.015871535678904473
row_005421,0.40352227837238425
row_018846,0.08957149699565693
row_030206,0.6731046052728398
row_036178,0.01130858350351534
row_043462,0.001992621520835844
row_025618,0.0788300710727476
row_023313,0.4948053158384385
row_018584,0.06045121279799846
row_032077,0.02527863925476377
row_012407,0.3276734441227753
row_038593,0.07851737128592928
row_046554,0.005205011967996488
row_010686,0.08732089544467446
row_037057,0.12535512214737607
row_033642,0.1425025368570315
row_046109,0.21269709823619476
row_022413,0.0055402276259502135
row_048726,0.009264607977288156
row_044968,0.9479804789835844
row_033637,0.8031431957144248
row_045940,0.027875566835957804
row_035940,0.06921101620132572
row_033101,0.005088243118336235
row_026083,0.41189023832049865
row_019080,0.28732685192378765
row_018819,0.007506998305860228
row_036615,0.212848224320238
row_007208,0.6771190345599464
row_048855,0.843324856632893
row_029678,0.0032227822345819784
row_048492,0.6970637889790608
row_019700,0.554064018622737
row_000503,0.03971922727008215
row_042925,0.27835697194086256
row_047815,0.07818050407319775
row_035803,0.6250185463891863
row_047744,0.24503708962149648
row_045844,0.01343560824617867
row_005091,0.5740376507660354
row_037604,0.5267061016272461
row_049450,0.8322195052176204
row_045531,0.9025140529738845
row_048680,0.0070266810178864665
row_014965,0.5420293783865935
row_035986,0.038233397154244515
row_020525,0.00603717117951123
row_027079,0.7449943339108497
row_037178,0.7887332713722115
row_005937,0.4891646149466577
row_036266,0.006421250009034856
row_012076,0.005667891625351193
row_035597,0.0008499732442835889
row_008305,0.00012392249311371766
row_018082,0.00344939450497227
row_006523,0.005825486767185203
row_030095,0.8035537236689041
row_019564,0.24375950446517067
row_037480,0.895250713490117
row_027826,0.27213367237138425
row_041465,0.3902327968639875
row_038017,0.7483199620480455
row_016785,0.02650326206868568
row_035892,0.07966879771717615
row_030970,0.17735032421963093
row_018423,0.2149377066749091
row_046658,0.3364473081734619
row_033564,0.9900634546661208
row_045088,0.972165873127067
row_001112,0.4298376927796111
row_033899,0.006582797727912586
row_014854,0.20424689663209555
row_033089,0.029291234406557357
row_026502,0.45799893921365
row_045612,0.1601704333136567
row_010400,0.23009626455187684
row_030871,0.4649098363373227
row_025206,0.16076893864792585
row_020678,0.023802537919870304
row_025471,0.020621271580560926
row_037059,0.10395879036586579
row_002200,0.18505169790236947
row_019505,0.008601388326463903
row_013616,0.20047161140366218
row_000371,0.4976889556031793
row_046220,0.030603773907893563
row_015293,0.040667490729916156
row_028473,0.0760931038524708
row_023653,0.024658381623498527
row_024010,0.001021215440731126
row_020788,0.05816638113467544
row_014780,0.11416968898948979
row_031027,0.4711319381044707
row_032949,0.7925405254059383
row_038804,0.0430372394079216
row_002744,0.05922925236618275
row_000388,0.865740159602455
row_036154,0.9543326558753858
row_012455,0.009072477512512986
row_003459,0.224971022576427
row_035207,0.0020532456745242164
row_019088,0.5237921314769601
row_001888,0.41371321349655577
row_025342,0.0017983126914544205
row_006237,0.00011825680793798647
row_005081,0.9619160595935242
row_027874,0.03903642107019086
row_040096,0.0017517673218439154
row_039897,0.02753963424530669
row_039015,0.684636551683611
row_014197,0.15405188527202385
row_030002,0.07619859450052603
row_027886,0.023823730138392483
row_035276,0.6333335761854301
row_016019,0.0639766777368772
row_011563,0.0007961130836822565
row_021006,0.30979663344557684
row_026001,0.017481196227107434
row_024400,0.09598489970920508
row_008758,0.04918127026786711
row_020974,8.907835396374166e-05
row_009048,0.01790274442372488
row_025891,0.29569007552849286
row_045589,0.11620942527861733
row_012480,0.01054838763713877
row_035843,0.0616332417973184
row_015937,0.002895181132757253
row_026308,0.01240054551477163
row_043110,0.049396314631556415
row_048786,0.01637769041655891
row_009649,0.08436444419493083
row_027497,0.0054385647287661315
row_009777,0.005666210347102941
row_000193,0.03517914893909193
row_041648,0.6443282559176206
row_027818,0.026267261589078585
row_007573,0.001724741830207545
row_025783,0.3683955677125072
row_009912,0.01575932510607412
row_040921,0.04527379817470404
row_018151,0.4534502336883409
row_040090,0.039230569942160384
row_024995,0.6618455390445555
row_000822,0.0568353580408946
row_001388,0.0013868488917815525
row_023180,0.08844651045653967
row_003243,0.8850417167676978
row_031226,0.017543026807021245
row_047418,0.15622429914825045
row_016909,0.002460854691292914
row_049350,0.12265055373591241
row_030912,0.15177811164382962
row_001858,0.14907411348979213
row_031975,0.008341573679384038
row_025261,0.0009055720971947151
row_008029,0.05431669628647109
row_017989,0.016334045250489686
row_026578,0.0272661656058492
row_014044,0.026909622774835915
row_028608,0.0674667259854431
row_035660,0.14142055200510065
row_033406,0.020138867283904734
row_044909,0.005460610205004073
row_043061,0.7976353613113751
row_015052,0.05851646565576823
row_035690,0.005222896344875318
row_011381,0.31601414031493186
row_011971,0.26357857327095
row_004078,0.12660006709861713
row_042045,0.001185282861327033
row_021978,0.04257217049066601
row_039612,0.8205122101543242
row_015123,0.00017317830647300568
row_039260,0.005022583407287877
row_007313,0.0018844034889097655
row_033153,0.73561542225054
row_027875,0.26564392695359423
row_030522,0.004866971812185883
row_028767,0.0037663345887492808
row_014561,0.11088822967658564
row_044480,0.38162734554291067
row_040848,0.3432990054794806
row_013040,0.8514206347788256
row_001044,0.9891709220130485
row_003018,0.4433174150069164
row_000201,0.1316706956601773
row_026010,0.02313886274019903
row_015564,0.0034652041343232473
row_014935,0.0014673584505875675
row_042237,0.002730544942790131
row_014816,0.14182855330229907
row_034457,0.01742132228127124
row_008511,0.00037391813192280313
row_006928,0.09142415100274555
row_011110,0.06357568639326172
row_037853,0.055329743697228546
row_013559,0.7035836553175127
row_027333,0.017740538310760605
row_011123,0.16220170582929494
row_040979,0.9417480217463252
row_039373,0.007133999421107389
row_049680,0.2793516686262333
row_046059,0.14912961657469975
row_006607,0.00732244680143621
row_012112,0.0747023324472302
row_008488,0.12572933718005186
row_032134,0.13602589462145326
row_017787,0.4834836523831104
row_041156,0.7012767017890277
row_023674,0.09939704164346186
row_033008,0.024443218247303583
row_032573,0.9940974595682034
row_029291,0.4532799092374052
row_043367,0.01226542232324756
row_037196,0.21278168894448798
row_009020,0.18377316184950704
row_010351,0.14697152424608703
row_005078,0.012731113845764783
row_008562,0.2917346656426578
row_040353,0.06407690039306924
row_045164,0.03894665155829755
row_015053,0.007153684223682021
row_000733,0.8849163856400145
row_013943,0.1266248527021149
row_009240,0.15064560932216337
row_020767,0.7591036501395191
row_037896,0.011413080745061775
row_018671,0.0026514896274357773
row_021461,0.0016291738668173645
row_048270,0.39221761064549543
row_022742,0.002940607659755853
row_028359,0.9228473879879575
row_049110,0.012842437435737887
row_046831,0.007349353716647
row_010904,0.003081957876448391
row_030157,0.9157062864691832
row_001676,0.11254700034044585
row_049986,0.07515069631424202
row_026180,0.200036641478484
row_016796,0.7016892612017679
row_006249,0.033279699227073856
row_030436,0.3242637421186172
row_013259,0.05178733243487599
row_047770,0.024182639409805053
row_031846,0.02552703099261813
row_045195,0.7325142164951145
row_030164,0.011121188323492067
row_023968,0.02584066363596343
row_035231,0.017485265853191018
row_019064,0.22290899864367983
row_017770,0.8616238051700819
row_024330,0.13380436300925952
row_039608,0.017124403399946704
row_017610,0.8732550547806648
row_048128,0.12681332845253426
row_016456,0.017015265088751595
row_049456,0.9324143572752838
row_017669,0.18808947527937595
row_040301,0.05935052962307902
row_043487,0.004973177660500854
row_009928,0.004579422860884402
row_015007,0.3034336263812374
row_042040,0.014439502410960309
row_018534,0.10908028619947745
row_049971,0.6361972634214305
row_028124,0.8455277927651376
row_018206,0.008255264611730989
row_015113,0.03529248007124313
row_001899,0.9157496468575326
row_047434,0.2512311851173361
row_018538,0.07860650663599345
row_043851,0.10368256049057355
row_045724,0.16983671302240835
row_019601,0.763676414960847
row_039173,0.9859752045666209
row_037951,0.8682105698926716
row_040636,0.2733188900144864
row_001673,0.012016502778743929
row_004869,0.008238580764006713
row_045850,0.48512561247253755
row_021810,0.13916797307328949
row_042709,0.7275356245749329
row_001545,0.10502273138453395
row_048562,0.06429770466886989
row_013680,0.7200599368149029
row_048585,0.19819581494455188
row_002477,0.1081065281419797
row_024513,0.20067899382401258
row_026542,0.7708120218601711
row_023703,0.16988397467173247
row_009241,0.06260846599668497
row_019416,0.46113353731431195
row_034371,0.034460584785584
row_029210,0.13765451166326698
row_014345,0.7961306512062442
row_020926,0.019700292874185493
row_007957,9.108955950211957e-05
row_012327,0.5794259480949928
row_002276,0.004588567694457611
row_014314,0.6869389993055807
row_018442,0.0179599878446866
row_041539,0.3681527030888641
row_020856,0.06828944694192347
row_048360,0.00440270034640892
row_025768,0.07265484330135631
row_027632,0.12311710021569414
row_028648,0.0011621616764159574
row_010279,0.1387147068329169
row_048269,0.8591255475214037
row_016900,0.015175410883758261
row_017306,0.5130638676171657
row_027655,0.7591126356177788
row_005944,0.05066002551387834
row_003797,0.3992710994609521
row_043633,0.15482088319775505
row_038481,0.6932282562968276
row_047127,0.13589573527536525
row_036697,0.3940974153860427
row_011965,0.41574294215403823
row_034216,0.010751953993256779
row_049895,0.09293504261453603
row_028635,0.17288426347577507
row_048918,0.8487711244354785
row_022827,0.991892804638222
row_048658,0.1718936260791785
row_004214,0.8836905037051155
row_039288,0.3886241446198083
row_039621,0.14573263703946066
row_011709,0.0027018509807442523
row_022080,0.000404417605092728
row_047604,0.4982305041380145
row_009189,0.33139422416776415
row_022672,0.1568175889058879
row_025787,0.15764717058326108
row_023095,0.2910042172457873
row_019060,0.04484805503693288
row_043360,0.9829700805723788
row_043907,0.0017404934383414413
row_029392,0.20173217827498796
row_018785,0.008898147925478729
row_022263,0.9136397109087403
row_013171,0.24453341833616787
row_025148,0.03621497663014286
row_048263,0.2039295092383469
row_004899,0.993225914686671
row_045165,0.004994763780304538
row_032259,0.08343551217547747
row_025346,0.1457570127445655
row_035292,0.17010031376395018
row_022625,0.0034228292166228334
row_005067,0.1237705040329317
row_034728,0.038863750330171164
row_035781,0.03522049501186774
row_021164,0.028082279013362726
row_042738,0.04035384287644224
row_004388,0.8122540618719508
row_049922,0.5502070560743028
row_032306,0.017128206345735704
row_035977,0.019633485998159467
row_015688,0.027738528023886114
row_038097,0.19460259391702417
row_041711,0.9906497908805614
row_043366,0.010551996491419309
row_034561,0.8855889363953653
row_003589,0.31510859825866516
row_027446,0.8420091893866574
row_007723,0.05754196687067621
row_042092,0.4018892032935612
row_009270,0.504318363031763
row_034774,0.07417814590873362
row_034018,0.08250769857935042
row_022467,0.38184936107060724
row_019654,0.2139083584501522
row_048798,0.06263031845329323
row_036768,0.07990818618742587
row_018633,0.12422106441943352
row_012771,0.834455618381984
row_024245,0.7259518713893377
row_005656,0.1769378775088484
row_008847,0.004958083243313034
row_026396,0.28905453883086757
row_035753,0.20741299791442558
row_004200,0.20070772795316635
row_034577,0.20186000632509285
row_024642,0.10696011098335853
row_039293,0.49290588783365435
row_035020,0.05064002509804909
row_021896,0.017676045412239626
row_036194,0.2071380881540836
row_014210,0.06877816358429521
row_019623,0.7373220547486092
row_042715,0.12941541463985645
row_012081,0.0008740034977342784
row_017096,0.013323428138748634
row_048408,0.936798153204518
row_025315,0.010912078668227639
row_002499,0.12455639586185882
row_025567,0.9521843299932208
row_043313,0.5465845263199514
row_009765,0.6096178431112351
row_010232,0.08552871044821853
row_027793,0.11200277170916834
row_025096,0.01088410186733868
row_042614,0.8290813682557008
row_042569,0.15358593866417256
row_029993,0.005853611744674484
row_002643,0.10294280177762734
row_003438,0.9716234231292151
row_006025,0.0038066495159579617
row_016550,0.004369759352648552
row_007167,0.06811742195282064
row_009721,0.07996120177692137
row_024021,0.07490757728892361
row_043599,0.48899547274971494
row_034587,0.9282988505374731
row_014899,0.19138301670677113
row_042322,0.3589387834854002
row_045454,0.08267340861604103
row_013006,0.7550324525829399
row_048176,0.009500801395265058
row_000467,0.001148836301886191
row_004342,0.040561874194226064
row_048700,0.2870930776796683
row_048628,0.7370425617442471
row_013048,0.5106953477616014
row_018388,0.030623120108981345
row_038536,0.6543611471964789
row_024816,0.002996544571623802
row_023030,0.1277323353934194
row_043425,0.6310532216091819
row_024723,0.004417666928442507
row_015739,0.06793770985071473
row_028740,0.01992766934539074
row_019660,0.16202124873625148
row_029231,0.028288418250154036
row_047966,0.186458883077661
row_047312,0.11544160118932684
row_036300,0.07171863031599288
row_002710,0.03209847833802584
row_012243,0.001589428861472953
row_023962,0.08102690817188452
row_008753,0.33526861731359714
row_036234,0.6479597217919713
row_046826,0.3391263255342562
row_031489,0.03494390766210385
row_035925,0.12808492781382902
row_027458,0.13962183276892493
row_015343,0.07140671952747911
row_003586,0.809263974644702
row_022173,0.0010761726122061712
row_019371,0.037366735023722314
row_002186,0.41888934261413074
row_020931,0.7322839834479741
row_033870,0.2172233823891177
row_014674,0.8293953318029104
row_030019,0.8227418042473156
row_020359,0.5639487848246034
row_046147,0.5036052991690568
row_036284,0.00354408496620661
row_038313,0.9370303787952888
row_010370,0.00253300597502201
row_005941,0.5591001557539486
row_001762,0.9613571852536268
row_009298,0.16103687328563815
row_039249,0.05533016875018748
row_003298,0.0040408751819556174
row_044153,0.017053648067167457
row_037336,0.6317207170379624
row_031882,0.9247964637658923
row_004222,0.40773753571238625
row_015203,0.9528279768683816
row_004229,0.004188869639171834
row_031518,0.14692025071738135
row_016701,0.17521938801003042
row_036469,0.05337469558512706
row_023805,0.0007325123963275561
row_041940,0.27861879255039496
row_045627,0.16793272565406583
row_027702,0.07221872409636407
row_031340,0.273391437993827
row_031828,0.2978893018693329
row_044466,0.002000400628513778
row_044905,0.012467504297330255
row_028382,0.008605834587270123
row_030623,0.03804592427356959
row_021190,0.006680444423284943
row_007053,0.04172836460750055
row_017574,0.95956887377829
row_013425,0.25128763813155125
row_007459,0.2269117326100609
row_047756,0.01815129795777697
row_031257,0.01379238701925593
row_008358,0.5439757968726645
row_025300,0.06503378071400513
row_013582,0.15263955237016102
row_047146,0.018988576158461248
row_039223,0.12510700904549948
row_013339,0.8329202291436417
row_034269,0.039512450307446524
row_022490,0.0010475908683996663
row_025387,0.4724660863086181
row_034259,0.7135583117713717
row_025163,0.08210294397129836
row_016592,0.03807188087276936
row_013471,0.10916657195882239
row_024687,0.015340224157635262
row_014938,0.6446216062729305
row_042461,0.05856188286238045
row_047958,0.024584444334499824
row_006852,0.8517792872596615
row_031417,0.9480786906596297
row_018711,0.9921270796173778
row_029714,0.4186475819244488
row_048063,0.9953081725701232
row_044384,0.1177281067215567
row_004564,0.0013084917067094433
row_011003,0.0012519849904673139
row_006276,0.033175399919345656
row_014350,0.006518448192342097
row_018914,0.0030955295249730647
row_008715,0.3372802422920035
row_034557,0.0029059935171968257
row_011790,0.013426184344961907
row_026896,0.0028682687470956473
row_046267,0.0407586639315436
row_030537,0.3523560741064617
row_013795,0.024354808392246758
row_008942,0.05208329878870299
row_044587,0.020512169128365686
row_036935,0.012195024706316256
row_029416,0.8222984524026273
row_002218,0.9307953432304156
row_005714,0.08802876026465786
row_038508,0.08948276329917358
row_048536,0.0014627137813173626
row_038976,0.028710581820468765
row_007879,0.7256915546149861
row_029765,0.9744101208185232
row_028271,0.18994846972600288
row_000992,0.4848869549376105
row_020027,0.3803549749820781
row_014601,0.040841556469013864
row_036890,0.22437008156236735
row_006995,0.6928853087104861
row_022462,0.02758224468864462
row_015191,0.99084684040746
row_043725,0.019610525606103494
row_047825,0.5015076019394955
row_009320,0.010864943836167556
row_030585,0.01223333186074087
row_031872,0.013796456828710018
row_044501,0.19382828456259515
row_031540,0.13764340225058327
row_031878,0.08383829220570088
row_038659,0.12097283908002962
row_017097,0.01151558661433134
row_044009,0.36999379557053597
row_006325,0.0029312430251282016
row_011890,0.9881350312147392
row_006284,0.0862615821119358
row_007911,0.8463939985215314
row_035779,0.33264943909538397
row_001726,0.032773040338282204
row_044819,0.5476371045020306
row_047738,0.00819015490233043
row_024765,0.27193055859477455
row_036493,0.4997043233117232
row_038569,0.17719702142545493
row_036499,0.9850508232887227
row_016755,0.0010261137413625587
row_015365,0.4125462964476894
row_018083,0.07942311802895972
row_004591,0.008483339480453314
row_009961,0.6728372541300646
row_032408,0.9999609584897456
row_014628,0.38037114844969294
row_012755,0.01501798369315609
row_012983,0.005272829422911545
row_008359,0.02623153350101699
row_000714,0.05831750401683213
row_031365,0.6335971329957395
row_038171,0.001276804571206347
row_046330,0.5062660747159633
row_012842,0.26594465486632873
row_007348,0.5076746612880108
row_036984,0.01162058545338833
row_044365,0.13143290398064866
row_006029,0.024020410721997218
row_037852,0.05242831837583248
row_013328,0.9212754282847686
row_045172,0.006536735258139408
row_000443,0.7388714960916503
row_047456,0.15177724265796774
row_032530,0.03198798058561739
row_032225,0.06263640593899376
row_006936,0.0962276733131359
row_007135,0.0034242719881704253
row_007914,0.02221521550529492
row_020936,0.8463888788238471
row_049863,0.005977905449984529
row_048922,0.9565030592036254
row_045022,0.30075936277188525
row_001021,0.0009023498718359137
row_006027,0.3823630952849015
row_024511,0.06756918601703794
row_016386,0.03481129351827174
row_004614,0.055060840331114455
row_044695,0.12444568955574095
row_007572,0.09355633304424373
row_003707,0.1321767915801086
row_004642,0.41733403693084453
row_048840,0.9159472414935587
row_010126,0.051114660403573466
row_040174,0.2555052894062234
row_030735,0.6916732708449592
row_029237,0.0984086406569471
row_029806,0.08973399340936936
row_027537,0.0025293906351930443
row_043595,0.33613376154032987
row_038454,0.04073445946019914
row_003362,0.024081099204121357
row_047471,0.39713888415722715
row_038300,0.023659741795344445
row_016031,0.02562481556402718
row_017838,0.4566275382994438
row_018748,0.14177760182263946
row_007070,0.44745663129884544
row_007775,0.004253151840939414
row_045819,0.011658980893584671
row_030956,0.9997464261137287
row_002453,0.8440996421268727
row_016101,0.0001585933033326655
row_003234,0.01622460415463895
row_023004,0.8496720529187856
row_006487,0.041335249092931216
row_039206,0.08368086894212562
row_047774,0.916173312480165
row_049925,0.21896273236216732
row_015703,0.01612608799768794
row_014843,0.11132977517655213
row_010890,0.007262665725878194
row_024717,0.31250483460386763
row_002725,0.021934035604668018
row_003475,0.1513209246323243
row_010380,0.05897870379309498
row_045439,0.008745137569032528
row_011497,0.13692864558307344
row_004523,0.4136716771633959
row_014406,0.9101362504685022
row_019200,0.5267295188655261
row_044052,0.09215551056610917
row_042289,0.35076509555676005
row_003409,0.988801499320822
row_015130,0.14354094641196738
row_030999,0.4885413203593259
row_009947,0.0043919801196361085
row_028893,0.9996307046604717
row_037987,0.11766256478718883
row_048115,0.01484703924439977
row_008981,0.006961418456328954
row_017463,0.46670059989970253
row_049448,0.1704293639025892
row_002651,0.026462181484513597
row_043999,0.006443832614013365
row_042081,0.018253494232765476
row_021163,0.09281838745817024
row_031111,0.06323761088432692
row_015247,0.5401701678283812
row_048622,0.46424202674994686
row_018921,0.024423863737566744
row_039377,0.4479060909704611
row_041263,0.010984410667374517
row_018694,0.5540404812390592
row_008384,0.08660644924330513
row_015188,0.012475968349665946
row_006369,0.02900225149378283
row_045079,0.18409182790475812
row_013184,0.5186744872043428
row_020551,0.15491933141909237
row_015050,0.14932365869915165
row_048153,0.945980663840373
row_047587,0.07192700519771479
row_015039,0.9973447536770954
row_037194,0.015876166519995686
row_038767,0.010816424972699348
row_034202,0.02852506507472265
row_046737,0.9508902371733725
row_011124,0.3794121722861859
row_041708,0.7447789978901977
row_040350,0.04231847251243747
row_004896,0.9454120289931006
row_021721,0.06175186033518328
row_016129,0.18320561702594873
row_028194,0.06765547841911615
row_025073,0.034804727545904225
row_009846,0.0022913011828500653
row_025104,0.005337260667535138
row_049677,0.9901181060348735
row_034601,0.015540131839001362
row_045274,0.1137613169157189
row_005022,0.34430330805909254
row_047511,0.026509515587409514
row_007413,0.7392443600074722
row_042093,0.0009603704009010634
row_014459,0.0026015308191349867
row_030188,0.0508579300862036
row_015167,0.12227455596455925
row_018959,0.03983779675020842
row_042893,0.017457554064497248
row_041412,0.10686209093522353
row_041175,0.022976730318467576
row_042708,0.002328452513832055
row_006168,0.20737520952361815
row_018831,0.15467372736794008
row_008194,0.00023395744477013554
row_003730,0.8594587816719357
row_003861,0.022579440665963606
row_038805,0.9427705120324561
row_019323,0.026083839803845623
row_037657,0.021045684722100704
row_036910,0.007903366179123817
row_028790,0.7280728434564779
row_019319,0.0085644443666318
row_044994,0.0013621427733666559
row_041592,0.9692181729700761
row_047551,0.07961635961225119
row_031241,0.00022675643710461682
row_001499,0.04213208898764646
row_047928,0.020814257288396337
row_010088,0.9309006695826927
row_045501,0.08814385347703213
row_035042,0.39052182538605346
row_038741,0.9757360271377599
row_022646,0.024786395119299313
row_026851,0.060467175901413206
row_030697,0.08452420313932882
row_007780,0.8464788289496019
row_003146,0.9982791810735842
row_023753,0.5815363510775556
row_028536,0.9351315966786709
row_042480,0.02881716689884194
row_039692,0.8055349594981995
row_018687,0.043964041070345065
row_031055,0.49077629417010193
row_031012,0.0699263940048201
row_042342,0.3771443267677378
row_021181,0.044219732233093785
row_048243,0.26530267207111463
row_027110,0.0364171488365443
row_017145,0.01252988149583125
row_013136,0.019247733078134783
row_044147,0.8465901117410981
row_000633,0.11933473417857564
row_017188,0.030537715016624608
row_028819,0.010962770399797693
row_023247,0.41646732887455973
row_047123,0.0036472683827901333
row_038901,0.0884945629297068
row_007766,0.02979997771670889
row_014607,0.07559858790392858
row_006510,0.7912543829681252
row_021020,0.08706293768413076
row_018899,0.023702139000798223
row_003437,0.05249839269022797
row_020855,0.019206243080559446
row_007696,0.028999630591379662
row_020561,0.12635408159517314
row_042655,0.6837509717400431
row_036939,0.011655206253502382
row_002322,0.9691926420032854
row_048851,0.9957188240547102
row_034891,0.03254590332994885
row_025972,0.268002642429079
row_038865,0.0625380538826503
row_005609,0.02249733479481203
row_029432,0.028756208574242176
row_019500,0.023338871940870882
row_034747,0.8586418296223655
row_043770,0.07324322598728675
row_018260,0.5364955707676712
row_045099,0.09123595819934378
row_045974,0.01796197519775395
row_045835,0.04272852461486496
row_021413,0.6365457037087722
row_049701,0.010735772619637133
row_024469,0.394315772473409
row_017549,0.8787294043475008
row_029323,0.11808406606443257
row_034815,0.18424269506938998
row_004396,0.9483863635032123
row_008848,0.3988855791704849
row_033604,0.07585630282143194
row_042003,0.0043288127607570125
row_049008,0.005051582780133447
row_038406,0.6467614070063069
row_036225,0.00044238888053860486
row_008191,0.9692587631739218
row_006726,0.23501551452266164
row_005308,0.0015502032601184363
row_000821,0.2732010045867179
row_011366,0.035895916563231337
row_016052,0.5109471223587327
row_024695,0.02222216374810054
row_035972,0.6110709398964365
row_024492,0.09916625047875569
row_002961,0.13462124121298574
row_033032,0.0003333624203315977
row_044456,0.04872263477091026
row_003170,0.04633785774219231
row_006089,0.051930421578597244
row_017728,0.033498359304257236
row_039221,0.35830985471344123
row_034314,0.09391452863646689
row_005750,0.5630871690901802
row_002628,0.11682006879720991
row_039464,0.14072068382561662
row_025005,0.4618549148924074
row_023611,0.29769410237021193
row_047690,0.1242108716589782
row_026393,0.8782846644395534
row_025584,0.09334383993565591
row_034540,0.05843007567511705
row_001730,0.1232227273814032
row_011129,0.15628972037610933
row_009853,0.0046621393659952975
row_015303,0.2637195345385758
row_032318,0.7281393202823905
row_003753,0.3312210381340765
row_021359,0.0005980398044708561
row_012497,0.04077675438580159
row_013096,0.04162460365569542
row_025308,0.19247210431786577
row_021930,0.060645403586908786
row_021815,0.6939249155597531
row_010692,0.4151606523032597
row_021937,0.9990682621857178
row_019150,0.4662622257469751
row_030005,0.026462182613118994
row_015559,0.5455875128231793
row_048254,0.00025524474840085345
row_001249,0.12772692106339117
row_031864,0.001681096181720321
row_010645,0.00757329084492173
row_016809,0.003579231892385163
row_030536,0.009226267437855441
row_035534,0.05827008529552132
row_015086,0.04318027960791377
row_010435,0.1359044275624474
row_024560,0.4524156455006998
row_011364,0.015984325741869747
row_026043,0.0026956444742289253
row_044427,0.05584201052069087
row_038988,0.9135361679149802
row_000248,0.9913915203261419
row_023632,0.041285112979848416
row_037760,0.09028844929852768
row_048557,0.0966420802892741
row_024732,0.01020383419308616
row_035435,0.05351200022076053
row_038955,0.16525427655847508
row_043716,0.17511345406499007
row_002544,0.43934776634422096
row_002086,0.008639856879629329
row_041155,0.17956336943756482
row_024294,0.1578830539135102
row_020038,0.06368909364350206
row_042969,0.8358827528637562
row_010664,0.5665723751746491
row_008739,0.6960658884799437
row_013482,0.12366018291136277
row_026440,0.8429252761408383
row_013445,0.050455185868021044
row_022484,0.013422420809683887
row_019185,0.003191901486180738
row_013554,0.0885992254546162
row_024843,0.8466419781923192
row_023436,0.056636282875754666
row_013194,0.0777064737673395
row_045089,0.05278799637134312
row_024595,0.3939844345040543
row_048411,0.7316596140109277
row_003036,0.012253233079492689
row_047530,0.05583213511262302
row_032435,0.009232926323511657
row_016919,0.08332945796969621
row_041154,0.25516660038860933
row_000762,0.010321943703573694
row_021327,0.018215555966302654
row_047367,0.02132503943520842
row_037968,0.011064807473491523
row_013450,0.999904200337377
row_022433,0.03411657503240949
row_012830,0.2815109360364789
row_011967,0.1079748022632571
row_001596,0.9986006360640739
row_019113,0.707679101889913
row_003782,0.026602405181215406
row_015335,0.005212111687031665
row_035382,0.0005535373656701954
row_033133,0.008110863589059986
row_013678,0.01607792826307977
row_043850,0.8409355477324468
row_034818,0.8082493989797019
row_007422,0.008982879731188526
row_046058,0.13893464906633313
row_008922,0.0970403890207012
row_017152,0.506824522593303
row_005541,0.2225134246605894
row_029204,0.13436035838314206
row_036957,0.5187679778113058
row_002385,0.003583728019231846
row_028270,0.09684148068783346
row_014580,0.952413610617132
row_015028,0.05117653237215411
row_044476,0.08558479407746385
row_036261,0.08257087655421544
row_012403,0.8422581030112622
row_031336,0.018298381569640972
row_011604,0.01602996748608905
row_049319,0.1456371124373269
row_039720,0.030787158206771182
row_006508,0.017368759977061006
row_006298,0.4015025182684244
row_026468,0.8629687198312667
row_026573,0.0034746523470047096
row_039696,0.3201623510367151
row_048997,0.0021679302092021072
row_041879,0.889807682510025
row_042892,0.8842570775190312
row_007894,0.07472911825859858
row_021627,0.0037565462948078577
row_013574,0.004154548530811365
row_039876,0.020078571111691337
row_029314,0.0027793148444410156
row_005812,0.2624999786416677
row_016192,0.6337824829469928
row_043438,0.02840457325019322
row_038697,0.01279306298294569
row_029770,0.34639773400653495
row_003988,0.003871296598998245
row_025117,0.020049523852707328
row_015931,0.015622350870156279
row_004144,0.00717071699878873
row_004095,0.00021190347294427353
row_048471,0.00019920500490993708
row_046219,0.01847951962556449
row_041478,0.15978590458430683
row_020092,0.013546175763162967
row_018972,0.16682120725587096
row_007410,0.002218310529688925
row_038049,0.4944004074157988
row_046321,0.3644983402420674
row_027207,0.031112098522452666
row_016569,0.05369501526950697
row_000867,0.8639120177589888
row_038499,0.00010515287364706914
row_034120,0.0006125076418386574
row_041515,0.019473735440357035
row_035035,0.021575207280226383
row_010207,0.017175444949578247
row_004227,0.0066564618623310475
row_018792,0.6610701565107581
row_045774,0.3916872939151249
row_036511,0.10640205928882884
row_037550,0.22761280193580716
row_042713,0.7015441731592047
row_022325,0.04390632077250202
row_002682,0.056930062285775025
row_026461,0.011964624279360698
row_017445,0.004631186368999915
row_036026,0.19022425395891152
row_043601,0.010306609340924363
row_041085,0.403447598912582
row_008949,0.026655229160278678
row_041839,0.13650447248507497
row_014807,0.903011865617058
row_000827,0.02323808529358909
row_028634,0.008293979930772119
row_025983,0.006038320400979582
row_001306,0.21228290704429997
row_002465,0.0419167512106161
row_003599,0.013602898414723624
row_028779,0.08339085471955357
row_026185,0.021447311735070685
row_047370,0.08902544305645901
row_012603,0.03405820202280896
row_004502,0.4913192529343879
row_033914,0.17122998480964666
row_036977,0.9615859211608425
row_008376,0.07665702527883941
row_043238,0.5257313480410444
row_043187,0.9750129457336114
row_033106,0.04113607038136822
row_027286,0.017831547611915043
row_034070,0.3077780978985945
row_024926,0.9948502577332152
row_048571,0.03817740475709815
row_015336,0.01070588790375968
row_016324,0.1659487096824896
row_002207,0.07304704011299147
row_026255,0.013897295190150696
row_032830,0.12134538142762033
row_034060,0.11554957535432303
row_000526,0.6410486236384111
row_019816,0.09721515488314772
row_048188,0.09375732025934547
row_022169,0.10524937469160504
row_001961,0.021320644661381803
row_020320,0.3838769249940517
row_007296,0.1286530063031349
row_036727,0.7550919969565032
row_021120,0.003888039420010492
row_019761,0.012463662409299744
row_021091,0.17510365833834565
row_042509,0.012263203802513424
row_006516,0.03492205332155293
row_015322,0.005638608575875912
row_011378,0.08363590246812955
row_000583,0.0005003126918132436
row_043259,0.03271638344365063
row_040710,0.00025359361773021554
row_002197,0.0008960588555306747
row_026125,0.5869776527057007
row_012686,0.11180979106623437
row_000175,0.11162734779628045
row_027876,0.0024402652336835994
row_016357,0.004242590434370788
row_045488,0.02851812872492755
row_042939,0.05070906330013178
row_025363,0.009035706208923406
row_045899,0.06489852825407676
row_037105,0.014859815883555259
row_031270,0.20855418429252437
row_014328,0.05523242078060882
row_030626,0.17778074464096894
row_031999,0.210946751614034
row_034865,0.02357604046279462
row_035823,0.8028376255240773
row_035168,0.7819571849835742
row_024363,0.06850880328194942
row_008558,0.33481049108850475
row_046252,0.09107278992855979
row_015455,0.12005904748377329
row_013585,0.14989120150460458
row_041333,0.07444457462471553
row_048630,0.00511646882277501
row_045651,0.004511577593901928
row_027905,0.039512474404168704
row_002530,0.9955059879903074
row_021968,0.985562698328382
row_040412,0.13832136741589807
row_001379,0.03524683130848182
row_016915,0.6616333998774361
row_020934,0.07503650062522763
row_043622,0.0008324670046518022
row_040856,0.0008672021624359565
row_007522,0.022215929746515137
row_018208,0.5188782221413512
row_037721,0.05955256807558897
row_035861,0.802267618332961
row_016455,0.016564206592128906
row_038279,0.7206572678300144
row_011794,0.9077706618042576
row_011453,0.677265932673379
row_047315,0.022064143342756977
row_000234,0.057427059279944424
row_023617,0.0013765622613169657
row_044149,0.983532578796232
row_015125,0.03171741866259109
row_032233,0.004204887651643406
row_046272,0.03917443753593488
row_014381,0.3351436855007075
row_024271,0.05995466958612193
row_030930,0.46645157929856446
row_011195,0.10738515240168904
row_039765,0.21295095628208024
row_009475,0.5228727948174979
row_014945,0.002767001690512564
row_002163,0.010643877572268886
row_006636,0.0015130624424443317
row_005667,0.0010100597691526812
row_016488,0.9992198832332899
row_041662,0.00453235781364436
row_041549,0.008829622171542805
row_034934,0.07854061961505189
row_017853,0.0020328209723735435
row_002723,0.18081755338891844
row_033708,0.0021529316042189846
row_012036,0.03451093795472549
row_031868,0.9589279092006863
row_032033,0.5867789027126461
row_006087,0.016592177781634295
row_018241,0.01833916583505932
row_036414,0.020307095229243528
row_028878,0.10661408567167442
row_034322,0.006406052965555006
row_029046,0.8983206471969202
row_022980,0.9191683243435518
row_025495,0.09122131395208836
row_031510,0.05893964920666902
row_001712,0.0021687901563422715
row_038676,0.8648180313585065
row_015242,0.9612709073900791
row_039241,0.009110646842014628
row_016716,0.9914159268113467
row_034311,0.07103632178195878
row_034281,0.05575020535685596
row_009268,0.13332494118982008
row_024336,0.05264477247829481
row_034663,0.907652951459921
row_001537,0.005220710950222656
row_029111,0.007431507309238788
row_019364,0.33331068144089454
row_045132,0.8772121137007609
row_003863,0.08913678654393936
row_026981,0.8789242542341048
row_028897,0.18471167325569265
row_001995,0.040887118914411116
row_026248,0.4489285977076757
row_037606,0.38887033496241485
row_043322,0.025718106162477654
row_007069,0.7431631211191778
row_039812,0.24597128101734322
row_001775,0.15499438495153653
row_012351,0.07915712168554187
row_004235,0.018986421622470242
row_019690,0.3345463896476456
row_000661,0.025825780305326198
row_049912,0.008292691116285831
row_003271,0.2871451540439779
row_047487,0.12111073267433108
row_040552,0.07859190280727849
row_028659,0.6540165656916006
row_017202,0.7917995595142332
row_039873,0.012315576179602524
row_014007,0.5078889174534827
row_034431,0.007838553423271617
row_017184,0.012283058194875605
row_018911,0.5719376523182846
row_026957,0.47140679984421513
row_005328,0.14651834978410572
row_034350,0.004504593539668183
row_015469,0.0012534740523330904
row_037131,0.5977636538849843
row_038827,0.002094777846521942
row_030152,0.12490827767486264
row_031458,0.011251614591599941
row_010470,0.9495539064859854
row_019940,0.9895462622794108
row_009193,0.019370496954529255
row_032794,0.21773027808352535
row_028142,0.029493505085257492
row_009847,0.42698748118759283
row_024704,0.048287309162773843
row_014872,0.006937509092196081
row_014972,0.19956895443791323
row_001651,0.0006874753986894478
row_018721,0.012133105537890756
row_043510,0.030949970744012154
row_033767,0.060513605302231904
row_045905,0.02206083680259854
row_034153,0.9968424439782604
row_033156,0.3000344447191141
row_016651,0.7085818776685169
row_028224,0.49830255217069674
row_000413,0.9388504806809697
row_000591,0.0016815489013386913
row_046828,0.008640208704060227
row_011050,0.014392245201363858
row_044103,0.011928335674031813
row_015732,0.04847147339514786
row_039426,0.5264633474411676
row_016614,0.006396793564409071
row_043351,0.04669736840543318
row_003489,0.03283253638641091
row_022946,0.007570481776837397
row_022988,0.0889351922707716
row_023198,0.0004841869828759562
row_003004,0.3251632793582727
row_047562,0.38225106100205397
row_006624,0.013019903208180583
row_015064,0.034100697442772616
row_002412,0.02735362228241199
row_025679,0.02228551823939606
row_026372,0.9551078501599667
row_037395,0.01630326817978998
row_002848,0.046423183878779896
row_016047,0.7116854939249683
row_006657,0.054791723941104944
row_036267,0.3253332929043069
row_025370,0.024310872345941866
row_014770,0.032995195086710505
row_007574,0.30995049749372233
row_038235,0.5470591984852248
row_025124,0.6418428803760564
row_034114,0.20325424245568283
row_036651,0.20013815393742357
row_012675,0.008279024270612388
row_038800,0.15214386792372742
row_003561,0.19683001903051076
row_044890,0.05895440713824453
row_041703,0.05455697746132408
row_014640,0.7479311763707054
row_013284,0.007394856530634699
row_000704,0.03511975027737122
row_010350,0.31384984966761437
row_034055,0.9849139839929008
row_021418,0.3428162440108718
row_008491,0.006589967725342435
row_042610,0.9449966094499911
row_029451,0.09973182078530711
row_028702,0.6131058607466562
row_028514,0.029541659775737302
row_031452,0.8033378839520212
row_007983,0.36695804765914336
row_019593,0.0027065033611378157
row_021056,0.013084696978829472
row_032205,0.06728075003043676
row_010050,0.5093351856186882
row_048327,0.019079282717398376
row_025614,0.05209264283247982
row_033413,0.8192068178158686
row_008054,0.007618601047319513
row_007123,0.07961968461753856
row_043938,0.0069502359325629365
row_029289,0.1250823560247539
row_035131,0.08733076044450931
row_039182,0.7746217501125288
row_004535,0.0033300505212938763
row_021514,0.018122647362575184
row_014316,0.5120961559964502
row_039321,0.20153939617701686
row_047467,0.24425802987574916
row_035623,0.9402630758864396
row_024123,0.05323411507157077
row_026973,0.03110701898920963
row_026847,0.5248336763603167
row_011426,0.5431574212245583
row_000419,0.8210705694219602
row_012757,0.3590420306574316
row_001728,0.003081700418405738
row_017529,0.41417415114429296
row_013853,0.01692434618875091
row_043212,0.042588302084245404
row_014205,0.011282800446356985
row_002021,0.05643647843619743
row_040834,0.003769312151550109
row_007224,0.06325254058020306
row_039242,0.01018312459617765
row_048666,0.900359375965356
row_019655,0.008910392313741236
row_007249,0.013754311459476861
row_042138,0.003301520801645707
row_033420,0.15336366114837802
row_012839,0.9644978271283743
row_046868,0.1601001385651748
row_015640,0.8241086930101507
row_030744,0.00407600762277033
row_039179,0.008454048133080334
row_022555,0.05136052021578548
row_031163,0.0013360742234541077
row_020428,0.04318271361766817
row_008594,0.0918826097987973
row_003553,0.06755602907976438
row_042995,0.033502608777649996
row_035529,0.5955872303301813
row_005810,0.8896955769668065
row_022719,0.5851591811153782
row_021761,0.12879197856920735
row_004412,0.2717115496907843
row_017985,0.1839516044849822
row_030602,0.05309539132132019
row_010181,0.108347810382154
row_013101,0.06916404797305399
row_048816,0.8339506522668108
row_048566,0.1784124493683571
row_028628,0.9840120340382174
row_041684,0.00045351976129146026
row_012504,0.05892565820318447
row_044829,0.08913263874965523
row_038196,0.29596912484629057
row_041091,0.4567716453828495
row_010999,0.029244238347179482
row_043169,0.00573783330398706
row_031152,0.0005791894240250212
row_026446,0.0033327310054149404
row_009896,0.02887586602044212
row_008973,0.07233814295123983
row_000771,0.32313816557171054
row_045675,0.23037353829682325
row_026647,0.20533050946587705
row_024784,0.03727487007143662
row_013813,0.0870604916734071
row_007884,0.07003829340023061
row_009621,0.616464105266719
row_016487,0.03080439778916104
row_045272,0.024433008379682635
row_029388,0.13185067561151032
row_001870,0.5303375418573694
row_022731,0.5252823166378541
row_032614,0.9814073611989642
row_035367,0.13020623480178684
row_027613,0.01554660063664147
row_039868,0.06925840232825789
row_005117,0.04689712893386325
row_001780,0.0054516151228047845
row_010546,0.038111597239495414
row_046852,0.003003795535732209
row_040364,0.18462751806108693
row_043270,0.03161968219656766
row_036982,0.006168099233980292
row_020771,0.00468297488218879
row_036383,0.12046433411031048
row_011150,0.0004009965746785556
row_010094,0.03569445056577922
row_001626,0.6546519259600283
row_040790,0.4649360739857778
row_020740,0.02368788144871064
row_009681,0.018587311312731898
row_009024,0.029677700213718763
row_010987,0.14655987811833787
row_038357,0.0929430308945009
row_043723,0.0025587247171404664
row_030788,0.049273403061894656
row_049172,0.34522347475634
row_028961,0.008434986190491546
row_031612,0.07145003356154135
row_027250,0.006186123399537132
row_009108,0.019346732840374675
row_028040,0.03173705134277117
row_010238,0.13463464586443225
row_046080,0.013683851566786458
row_049224,0.055587709933070134
row_020833,0.0414748590366636
row_040510,0.01558896384572995
row_024847,0.9752583585553641
row_000015,0.054997870171954275
row_033850,0.7515282362382552
row_001258,0.7097421852980264
row_024643,0.12208818348918543
row_044084,0.21250601502265076
row_026718,0.19760584518614738
row_005864,0.851578271963542
row_026048,0.021525655294427504
row_004524,0.0003669748254480958
row_011001,0.45393781696066954
row_042903,0.0007009174931337996
row_007396,0.018494813233811705
row_046498,0.014103924906826833
row_018849,0.7128210293411572
row_037637,0.0027984054449107605
row_007371,0.020246915533926112
row_047761,0.04241987085372116
row_043564,0.10761856938541764
row_002107,0.00012977493092026767
row_048521,0.13074244537435206
row_038302,0.9608397989698875
row_039604,0.013360763033821454
row_025574,0.8839371036376016
row_037463,0.027319428318052577
row_033069,0.0009479346037249101
row_019908,0.00161664974189597
row_007658,0.02635428438424446
row_007456,0.006194314206908021
row_022106,0.03033293940587729
row_015633,0.00167001123065092
row_003615,0.019591011390932875
row_040833,0.0032843787021817283
row_048602,0.1259502525323236
row_040680,0.5344483976914447
row_003057,0.0027976069182739844
row_028244,0.4778402140877605
row_048527,0.06685282213073154
row_017986,0.13600103294897856
row_002857,0.14088623493894664
row_020145,0.22540897489455788
row_046197,0.6426768968593819
row_032598,0.957978714113141
row_010049,0.7848710099357449
row_023327,0.021122454076354887
row_014801,0.7568634713404315
row_046077,0.06355679903828357
row_005316,0.06408465847963077
row_000260,0.04559463734948233
row_026159,0.06845856710645772
row_009003,0.08415150015122985
row_018144,0.4197946262047909
row_043976,0.9949265668176637
row_027977,0.00920348632545058
row_026946,0.13019164324126367
row_042852,0.09703751613478757
row_009653,0.02509683835712287
row_032586,0.22516623593125135
row_000280,0.004270783043268292
row_020859,0.8890829387997072
row_043142,0.029350510146863528
row_018113,0.0034359283903776425
row_028068,0.08939174449406093
row_021497,0.0010165283334480637
row_010770,0.42661196172439214
row_021463,0.12027842309216416
row_024445,0.8045716611230143
row_037439,0.12443779198153039
row_049065,0.014530565362275816
row_040181,0.05670311657098615
row_018682,0.13544353205149423
row_029727,0.15262832304135793
row_039598,0.9955548184580236
row_035893,0.989118401700301
row_013727,0.052749291206652726
row_014285,0.01758923047136399
row_005910,0.0126607964872867
row_025789,0.9810713418340244
row_021785,0.47818769610884515
row_044245,0.13385201584147177
row_035949,0.7502683114172247
row_039166,0.011836734677140257
row_011897,0.3634607636970611
row_012833,0.47366149215974873
row_009785,0.08133707332997304
row_019966,0.11459032659814969
row_010462,0.027124652149991282
row_038645,0.1162824661233853
row_002054,0.011514235191407849
row_026362,0.0061392647750616956
row_032845,0.13278910659365797
row_019769,0.7960139204340625
row_009893,0.014722340778872457
row_029209,0.02004521189896352
row_006261,0.10791138063575599
row_005046,0.7671445596467452
row_021931,0.010381850349261635
row_019953,0.2584312614158476
row_023855,0.30075251994232494
row_026132,0.012160196681787735
row_014171,0.4101783800219504
row_010078,0.17664146784416498
row_029189,0.2034333671848307
row_005198,0.09122174605587798
row_034904,0.00011506645291823743
row_036704,0.12929789921143361
row_014135,0.017022002641481872
row_017345,0.06134835180505322
row_010031,0.005105956909109605
row_041491,0.6055483389066162
row_005929,0.023168505191628046
row_042176,0.04870934504940862
row_004942,0.1408388035609396
row_001867,0.03733527297036542
row_045809,0.012723323076053547
row_036711,0.0012762005411661827
row_000559,0.011029302554113279
row_033025,0.014501838976169575
row_017502,0.24320464773846942
row_005873,0.12075891968831963
row_013996,0.15397846805078627
row_043930,0.9785717869846347
row_011827,0.2727391635807977
row_015590,0.8453591285417299
row_038734,0.3710730447287783
row_024362,0.9432062344693868
row_043544,0.6507427857814836
row_012854,0.0069070921140407075
row_010716,0.3135761186639643
row_020660,0.0016235091113896759
row_027282,0.02489033221165843
row_024392,0.06496283753724012
row_024771,0.007342791297949096
row_038852,0.03694820376195935
row_045961,0.0005416315591116996
row_016816,0.0005511256972769126
row_004453,0.13665214127512437
row_014318,0.04347328961790347
row_039028,0.06351971288511397
row_010293,0.048423414710584256
row_045872,0.9947862486258237
row_028943,0.027398410564097243
row_030500,0.5217924511321083
row_000513,0.39193917331323763
row_017012,0.33330453079170064
row_042407,0.6248621535997338
row_030802,0.20696229445058997
row_041837,0.017356103093690723
row_038228,0.34029470601863565
row_040266,0.03614473746669301
row_035243,0.010661137933324618
row_040414,0.08459659786802284
row_047267,0.49751621778997024
row_048099,0.01768253685371859
row_033231,0.010182112658352064
row_013971,0.0023568474090405185
row_015414,0.2894919715395367
row_020558,0.15291628286323408
row_021880,0.08808873870351583
row_020412,0.07782305201741184
row_022589,0.0005684152970740042
row_003531,0.05033566361623296
row_002140,0.04505250277853698
row_046295,0.09365410272452684
row_023524,0.21319788135461856
row_011448,0.145672015318753
row_030853,0.028419341674402816
row_032852,0.12510124462512848
row_031494,0.002688582922266936
row_006242,0.2484914895814276
row_030366,0.4546886931371726
row_023413,0.048490736572985596
row_048436,0.5079743874308393
row_000572,0.003889395041201437
row_038184,0.05208531142696717
row_001695,0.005233235484509326
row_048180,0.21509856993527957
row_000886,0.7634809343439848
row_035510,0.005274631820172457
row_031968,0.07632952991173154
row_019158,0.00732503225184573
row_011226,0.11210546243104945
row_024207,0.017912933195737495
row_010913,0.028472457954273386
row_007720,0.14176630147918937
row_029173,0.10411968975348453
row_036204,0.7338822386216903
row_024394,0.09107255616376181
row_040818,0.18978703053141704
row_007949,0.015980678849124456
row_005892,0.0017603404553015202
row_048573,0.01369222605048598
row_000879,0.9007161959799149
row_029260,0.14252466387484972
row_032656,0.022226108715813254
row_038820,0.9972480430094801
row_016565,0.04340748451137484
row_034802,0.40203628085932547
row_019835,0.6352147264756277
row_042343,0.014155892758879594
row_027979,0.42692599566454476
row_014163,0.010821967055004909
row_006005,0.010370642728642696
row_041606,0.8208412481757141
row_028729,0.8415444107053971
row_047108,0.01477197749023971
row_043445,0.09785443420749532
row_004303,0.3841736283050466
row_017155,0.00024613097054394437
row_027914,0.19513534372313007
row_035312,7.809979533182172e-05
row_049772,0.007087710343493452
row_048952,0.7829703584322179
row_044221,0.35477106035641026
row_049570,0.46286649367661653
row_019054,0.10889686360040875
row_034109,0.17378819867139236
row_016633,0.013239133446413925
row_006156,0.05495034415522337
row_025102,0.2885187448290074
row_010909,0.04647278682337275
row_014492,0.09860866341450415
row_011058,0.06089101377086286
row_001916,0.010301530241227883
row_030053,0.14969242691043994
row_029180,0.056780426318460996
row_044596,0.25457161078234297
row_000875,0.13559895848052206
row_049323,0.692525545716979
row_028350,0.005741444130333596
row_013316,0.05019789028970375
row_030417,0.6269483677665308
row_016566,0.9650667032413045
row_021057,0.5633904061625439
row_049943,0.35069783086888034
row_043140,0.08403568986845092
row_025286,0.4870249302486732
row_037941,0.20709310471462639
row_034029,0.08560734104854019
row_023996,0.004834499299169425
row_027094,0.8053813137550299
row_020074,0.05619085423710026
row_033904,0.04510764625808506
row_011758,0.12946300575173947
row_007376,0.007554190730067066
row_005315,0.014869007591462246
row_027505,0.05798017164808356
row_036478,0.15902870079344186
row_026453,0.04726973724244689
row_011234,0.0006732053082946342
row_006183,0.015381517073118574
row_044589,0.01564754408189647
row_026328,0.027811321380952103
row_036996,0.5379976218865292
row_016001,0.034722101092385965
row_011851,0.03865451246899864
row_001133,0.12600254937577718
row_046301,0.0008534234821917201
row_039362,0.0053908398043683
row_020554,0.01245787089925062
row_010366,0.2317548029960076
row_013315,0.05166457328047315
row_013933,0.0446568844154531
row_029742,0.31597029004615407
row_011839,0.017378726634308554
row_008894,0.9870485103284401
row_006091,0.7802898489590642
row_031519,0.03319657470671195
row_042430,0.6832825119269957
row_009134,0.1452882488964643
row_033479,0.05966659656094549
row_006615,0.46699262722894264
row_042290,0.04321391733652728
row_021397,0.05222774549415872
row_043475,0.003220199543822956
row_027897,0.008223124684862821
row_024791,0.0023357429391162505
row_042151,0.43224462474175906
row_001063,0.005927368943710865
row_041679,0.9979895195776197
row_013353,0.4667060204345571
row_006266,0.12049177996634147
row_005038,0.8853222865188027
row_041748,0.7509078129801844
row_031151,0.2020791955466221
row_043513,0.05148642839529131
row_032797,0.020201672547182335
row_017453,0.5316941335684232
row_009561,0.06466771504145487
row_033445,0.02870990393998038
row_034622,0.0034536667178439273
row_013367,0.11544701922796818
row_017237,5.812233245146887e-05
row_016940,0.9439374373061111
row_005042,0.24317811567973038
row_042401,0.028914467949511247
row_047747,0.09141189142754189
row_032344,0.008760378443330032
row_045575,0.014485326417437739
row_033132,0.2260366105755002
row_015655,0.04851535319025301
row_029628,0.11068964161906034
row_019689,0.030681816368635175
row_024144,0.47886080934821723
row_002603,0.00629493894337887
row_042211,0.08873296976507543
row_017540,0.20916040581199943
row_032790,0.16696519373505905
row_028200,0.014068661748235716
row_030969,0.09095019605183086
row_039533,0.2443813269615595
row_038314,0.015043772780932484
row_012809,0.920334374115949
row_019305,0.00257750949622749
row_006022,0.050459446215533554
row_007754,0.02130190379893275
row_021367,0.3197069365390888
row_018308,0.005673124317369055
row_041408,0.016223606366041993
row_028453,0.0004050012054487791
row_046261,0.15464620804960216
row_037304,0.05352502439453584
row_003816,0.23308339969751182
row_034400,0.9930864269267798
row_016346,0.7796502202170205
row_013038,0.177594089258755
row_026481,0.009644837803302917
row_023237,0.14403601604411123
row_048740,0.11443421761075316
row_023210,0.9979618385957326
row_012599,0.7660784535786008
row_035621,0.0054053984963157
row_042950,0.0027932135728469033
row_030014,0.16234518347681479
row_044348,0.015001109824269273
row_042657,0.19527512711888828
row_037399,0.006049063758202876
row_027955,0.8886255817219721
row_011682,0.9390554567478284
row_023895,0.060710913427577576
row_041654,0.9918055893160423
row_029849,0.015701226688787977
row_027090,0.02541884100748741
row_005260,0.11496210840245777
row_005066,0.08242976379630353
row_025165,0.578406118613168
row_038782,0.02493546496881205
row_006279,0.015627813731614357
row_005759,0.04145444344542909
row_013702,0.9441062902992567
row_028425,0.02607889167467833
row_045882,0.024099165191402948
row_018047,0.002026700643895414
row_019144,0.016122099899368178
row_018180,0.006340112869863384
row_029326,0.10966697695239516
row_016832,0.015396724054576117
row_017388,0.7271644506612696
row_047696,0.531498852806939
row_005157,0.007536402461277119
row_045416,0.024255038226980753
row_037242,0.9390391276488821
row_021909,0.3140306304213045
row_010469,0.004136651833966587
row_013437,0.20079567561338477
row_009663,0.4502489069056227
row_030634,0.9750016891629619
row_022018,0.06515827123706529
row_037107,0.034392553644629356
row_042958,0.9389763070655702
row_047695,0.036984881967895476
row_021827,0.006838658960140742
row_049981,0.01939729030408061
row_018469,0.16021518572258772
row_035633,0.980689031204512
row_031740,0.267908018220365
row_032821,0.03893875444367447
row_015479,0.7585711780000327
row_016247,0.012193008669646654
row_010152,0.3225559507396975
row_042632,0.03630522408188416
row_013134,0.014812211263945777
row_002251,0.6383851750672708
row_011930,0.5886026087884808
row_006499,0.0009104787669439694
row_040792,0.016548972364318165
row_032075,0.18196401324916897
row_001347,0.9467601445720155
row_001735,0.09753750214931292
row_008085,0.925513779197619
row_048863,0.0006529526959727617
row_041731,0.11921803909999737
row_007955,0.4165398010335276
row_021924,0.004253243395141074
row_021071,0.10152299672479398
row_024600,0.01005568906206401
row_041118,0.3707621803743186
row_034719,0.049379181231602835
row_032333,0.011206779190473488
row_027846,0.0639168208153937
row_025666,0.005504542444093762
row_046643,0.1776765337318217
row_038366,0.011403113098761845
row_043762,0.3050976688332724
row_046667,0.16268065068819376
row_011407,0.07147993487732915
row_015318,0.4092350452508524
row_033867,0.01092349829616669
row_033456,0.10856066339025079
row_030107,0.006356051840505855
row_023295,0.013466694340397574
row_000726,0.06376387697887928
row_030306,0.36982801308382457
row_010841,0.0168348860652014
row_024217,0.8251976106899092
row_010964,0.024112820635072685
row_001745,0.1658690255082954
row_045070,0.01693244786985758
row_020511,0.9993475542935267
row_000199,0.25733942059148174
row_036692,0.021452899567882325
row_044156,0.3695553545366296
row_031429,0.014584953060643132
row_005778,0.22439384855650224
row_032707,0.045046541892562346
row_023085,0.6934839927008583
row_028727,0.4462351591332998
row_044965,0.7773253445140478
row_021043,0.016116673396887774
row_001679,0.10053931027682358
row_045453,0.24807772098528091
row_006293,0.015600011846708462
row_046837,0.011107205707125738
row_017334,0.018132541757136772
row_013720,0.022757096078397328
row_022250,0.8811985117331205
row_008927,0.9482934758744945
row_009869,0.004888852246446865
row_034658,0.12899992486693257
row_041069,0.09304528712729017
row_041084,0.0034176278454782025
row_047387,0.3172902730880353
row_014077,0.032286374079788675
row_006081,0.007828519753318832
row_040196,0.004944976904390589
row_005603,0.08451948357437691
row_047433,0.6705292432122968
row_039735,0.7800478008861339
row_036231,0.010896238487323547
row_007260,0.21078981433834182
row_015447,0.6895770638992984
row_006960,0.0029522774512115565
row_039803,0.3338677053193661
row_048483,0.00974982478993324
row_045733,0.004516442459623515
row_045530,0.0301048326288343
row_023144,0.13380612441512796
row_011597,0.03383054489714649
row_015503,0.16108110822970612
row_020004,0.6224000025182372
row_042036,0.008846667809867712
row_008851,0.033862982386879605
row_041137,0.4303553926886952
row_009942,0.005463792774536567
row_038730,0.004775520804913576
row_036652,0.4125390232951573
row_019250,0.014351989850125564
row_028870,0.00016091903968346665
row_009360,0.13266135964208547
row_037872,0.0012703658778976954
row_000878,0.8584040465614398
row_023379,0.66924591252261
row_033909,0.6030313412707327
row_034616,0.006653047560647578
row_025417,0.012429114325979226
row_041418,0.0009327334190068613
row_023945,0.5009252166787197
row_000375,0.7225289737716911
row_011893,0.01142020193711841
row_033026,0.1200802456841563
row_039762,0.0011009001049172651
row_005007,0.10966752481969301
row_024464,0.04574518322030983
row_012950,0.09546353933572682
row_030631,0.41300174118333055
row_037378,0.8860501652417164
row_011590,0.021223233546901057
row_047659,0.17650999294770578
row_032400,0.6480265163108014
row_020814,0.22208414103281843
row_001527,0.34658904884251096
row_012331,0.032300199446570914
row_040294,0.025175107660067943
row_009263,0.02546735333652554
row_035033,0.01962513893154568
row_046941,0.34891680403567266
row_015744,0.17981602632351668
row_047489,0.24032670049696864
row_042470,0.07869501463151664
row_032024,0.1259431863015839
row_012773,0.018621122449737335
row_002520,0.9829183816557957
row_007378,0.020292695292630544
row_029821,0.0665860237740669
row_028406,0.00012595542493984042
row_017626,0.8594427792431654
row_000525,0.01981936826358422
row_020051,0.4434351549203115
row_005574,0.6903638137451228
row_040265,0.5290609385044016
row_015461,0.03165233884908533
row_028078,0.26685383305292204
row_008912,0.0693878414672407
row_040640,0.0050757215592530805
row_029145,0.08870096889114895
row_000056,0.044317469349695215
row_030009,0.9766964918549664
row_009084,0.00815441909205685
row_004532,0.005682898495391985
row_032480,0.010749905948337824
row_019638,0.0009023135148209825
row_027717,0.034682964870471865
row_031096,0.003145443079300471
row_036991,0.1037883942210635
row_009195,0.05254384312736231
row_007394,0.995995591375677
row_041486,0.478289683325517
row_017955,0.023807839405948897
row_008015,0.4397247811218464
row_022991,0.9614599633950649
row_037073,0.14174572564545218
row_014304,0.004434889120729404
row_026990,0.006582249687258724
row_032816,0.07351512691424837
row_037646,0.6889048696094558
row_027938,0.08490309029888211
row_036667,0.002742759501025093
row_038272,0.45515284862335864
row_010654,0.10173395935346496
row_032991,0.02109622363216685
row_007699,0.004280505538269932
row_049897,0.6308998257618472
row_013773,0.004992265783307618
row_043332,0.197928336555574
row_014748,0.01678436430627212
row_029925,0.0473580467997374
row_000428,0.19419763627231465
row_049171,0.009223836214152532
row_045186,0.06561421084867691
row_010286,0.012873754221902553
row_034643,0.006778226660481616
row_028349,0.035985740203087944
row_014146,0.9191897831028899
row_017447,0.007766574328992779
row_049919,0.606163389228641
row_046248,0.055705944080441855
row_037659,0.22123590758129336
row_029649,0.055341557627663296
row_000849,0.7972984289107302
row_018039,0.26878113318501573
row_017969,0.5670109983652812
row_003513,0.00425591445843143
row_009415,0.43253383720980526
row_048582,0.04339896585148959
row_029995,0.6351880295624395
row_023182,0.1789012391392664
row_020017,0.0299064625284472
row_009125,0.19453778900033422
row_013924,0.5951040637543692
row_040284,0.00930425577314626
row_040672,0.029671907388792315
row_048779,0.1108103078352263
row_000535,0.2764680955136062
row_014128,0.2688122497366137
row_028442,0.02624631129704618
row_014859,0.1142421104489076
row_007307,0.01933140302375275
row_035926,0.9069386622041155
row_037056,0.843220904506803
row_010786,0.9125389701728928
row_041682,0.006579126673753321
row_025406,0.0006087772018364284
row_017812,0.14698632157409916
row_024726,0.31292173657231526
row_042326,0.009890121396277065
row_025953,0.12637327028104564
row_029904,0.08797962757197854
row_020445,0.14766318788658203
row_016719,0.06361303786320838
row_033078,0.009500026907425274
row_040638,0.16463362134623086
row_004976,0.3840550612699461
row_038342,0.7718663373165469
row_035388,0.523666040014189
row_034460,0.7419754593560967
row_009852,0.028561442908459085
row_046062,0.14115356302784549
row_044788,0.8243033550682243
row_014704,0.06006927558433545
row_018597,0.10853770639811812
row_040671,0.005286610668513347
row_048624,0.5889731563915521
row_034700,0.027102311263358513
row_025444,0.1237287748132257
row_046488,0.008039116779074788
row_000785,0.007476618998502931
row_004268,0.8175642616725868
row_013018,0.003882960401006569
row_012298,0.5353988318107151
row_033532,0.18000114434751424
row_002171,0.04873716344426896
row_042981,0.00016279360909089838
row_000446,0.07232681324156046
row_015492,0.0317685384930251
row_046628,0.03705575888357313
row_007433,0.0684820908789387
row_038821,0.07511483222558604
row_017884,0.07745842084735113
row_014949,0.32606515005730036
row_016211,0.7970032525347849
row_042897,0.1992474314019166
row_021850,0.0059968844348530816
row_007767,0.5698856975121294
row_022217,0.4836271599462729
row_022438,0.46942052309638355
row_019072,0.7242045569011494
row_047213,0.05081244817239051
row_006478,0.0025927170163700134
row_042269,0.04815927494252947
row_008569,0.12035403715243753
row_042297,0.09020712693327976
row_025722,0.9321728308656926
row_047116,0.0029269577824727055
row_034193,0.001955200838156797
row_032670,0.0013445251375859475
row_010316,0.15397725182201805
row_041025,0.024450478582961878
row_012086,0.0004384136424500469
row_022070,0.097568355546473
row_027676,0.022413329279587738
row_020755,0.057616524800751585
row_014119,0.010279684567907392
row_015695,0.03783315342090859
row_039144,0.5831589859878824
row_031910,0.42282502673321415
row_011975,0.05653121429906804
row_038966,0.12981106845500748
row_002113,0.010630412425563307
row_037442,0.24641493037704681
row_038787,0.8509505401022722
row_033786,0.15805844501715513
row_023571,0.9760640157816594
row_027993,0.001316758567542531
row_041289,0.07641253112388735
row_003140,0.010473900649709919
row_003930,0.005872705817745541
row_047920,0.007250473337509838
row_001382,0.004917997116662127
row_027822,0.04007577975191698
row_049524,0.14553908801098644
row_045326,0.029349175512555233
row_000102,0.6754680009381877
row_008760,0.09411806551391437
row_040022,0.32752872527065413
row_013911,0.04633998367184842
row_030577,0.7691409826047239
row_004776,0.5380442500721447
row_022420,0.027262923909213286
row_031958,0.2079324517529177
row_000860,0.004720194193249448
row_040187,0.05221590949559566
row_036163,0.9834595455148641
row_011985,0.05714566106800244
row_033139,0.1698337397457503
row_045895,0.011370805177481692
row_014824,0.22665106531624493
row_000629,0.3050205210891732
row_021388,0.43008350766314946
row_006285,0.1606118834158797
row_048452,0.2078542430537541
row_032998,0.0024590242676518297
row_039906,0.08511966435646226
row_041928,0.005475649991284828
row_044769,0.017649044514406444
row_019336,0.016229778030476535
row_012293,0.003832572116145946
row_023888,0.2554018899196059
row_005897,0.2508037399428417
row_032466,0.03620418608509959
row_039383,0.06124665110078103
row_049823,0.0063749155444952415
row_043980,0.7096002110786117
row_037187,0.2206043031748751
row_003520,0.013361668000704848
row_009973,0.06066684986299901
row_021781,0.9992739785607727
row_044656,0.1248824547033862
row_021622,0.28857824640740504
row_018153,0.17493487940570018
row_006634,0.0016004507270137255
row_039200,0.013581067043916201
row_048673,0.4591625822438262
row_034169,0.12968494156051846
row_014893,0.01244479446278772
row_035706,0.009244778199469644
row_028230,0.9977095010376168
row_035503,0.017927751186941693
row_016582,0.2233440049061488
row_010421,0.12560687380583732
row_048496,0.9035278543743509
row_026056,0.012389161333886562
row_005233,0.0009075626662087348
row_003407,0.028855350954517228
row_005787,0.9205116326804292
row_010992,0.014830047418269978
row_047172,0.7152658056811351
row_009583,0.9949931691245799
row_035703,0.9508703632118856
row_020909,0.00094862621413719
row_012088,0.442960949505228
row_004009,0.020538380501995166
row_040555,0.6856635018033533
row_034647,0.019826109191532437
row_027123,0.029700304695430297
row_028297,0.2867701041145543
row_021846,0.004070464909642763
row_033992,0.8645248532426641
row_013741,0.049554223395707475
row_030986,0.02557376272501952
row_006824,0.012502381644059334
row_000681,0.030574698031357258
row_003118,0.12878300781608776
row_016960,0.14294518251237026
row_009122,0.10207027515379004
row_016398,0.04764005994324455
row_005705,0.9292252248857067
row_007893,0.11225906820535289
row_008812,0.08369045622590482
row_023842,0.03451550860375523
row_000894,0.005692256724146309
row_040926,0.8659437568146124
row_016083,0.0006103995437190747
row_005938,0.0034279911863279986
row_034480,0.7130266769039059
row_033713,0.89043421398982
row_026448,0.3296348362284586
row_039540,0.018814383509152415
row_048872,0.48364268121853193
row_013569,0.7781993693505894
row_021819,0.3952765830839838
row_010023,0.06184118594846763
row_018826,0.27923926471767724
row_024015,0.1938986960810803
row_018335,0.049956926589229164
row_013240,0.011990807666448455
row_000153,0.022868727136894366
row_006110,0.003254691356595153
row_004920,0.024368216866542728
row_023168,0.1946720562711482
row_037012,0.4444715694921061
row_031903,0.0007181841013818486
row_017496,0.06237178534351467
row_026478,0.017419710698683213
row_049543,0.01592974194531228
row_026252,0.1745873834409574
row_016689,0.0017756850543674159
row_047056,0.8915424672539979
row_004506,0.02030766622147607
row_005340,0.2625766994757017
row_029395,0.00421684814825354
row_028392,0.7744276848529266
row_028833,0.002481473124306132
row_024690,0.5047907622373917
row_017590,0.7848436088674683
row_009446,0.012534985747836892
row_011639,0.030737981408151066
row_013779,0.02535614225577326
row_025199,0.07982092381171638
row_014813,0.4045798103492882
row_047934,0.008114691680100991
row_006297,0.03492340920144189
row_021053,0.007544436968052463
row_016753,0.0007347151542931569
row_018152,0.9122164653168456
row_014472,0.00940457283474574
row_025566,0.9736000704888967
row_023627,0.6025405704488268
row_036160,0.004978923243201954
row_018230,0.20562922604272016
row_034358,0.002993119268277985
row_036700,0.14744862117259805
row_006174,0.06286701394495303
row_049667,0.019926045009798124
row_010724,0.018071882266782444
row_001860,0.3357638760315912
row_039998,0.2985326027435829
row_046283,0.0007558508525627364
row_017104,0.31064446561797754
row_044931,0.10401257654749813
row_048768,0.005914594879689833
row_019138,0.938546742365524
row_028273,0.01599662833536358
row_027941,0.15334974800061046
row_027607,0.0005427260848357304
row_010883,0.017440856014353426
row_039472,0.5507852858131184
row_025908,0.029749948903024948
row_006331,0.5023112170057165
row_024122,0.8643640184752505
row_006391,0.05715083420944323
row_033727,0.03489487647705401
row_031330,0.041799551561038616
row_044634,0.14552718323557873
row_015175,0.0005362424553924355
row_039796,0.021207730190287277
row_027577,0.002003467450415106
row_045695,0.9721935937639766
row_029135,0.13099875101464767
row_002685,0.24664512167122413
row_046371,0.024703391551862276
row_040942,0.007211737110533414
row_045110,0.004370185283057921
row_029578,0.03818854350117882
row_020654,0.2371117720150057
row_043748,0.009102219349427284
row_016674,0.587366787505519
row_043694,0.44239389370009513
row_000081,0.7188974849816053
row_019727,0.006145948832210976
row_033363,0.02521872826679869
row_022007,0.026507390351519784
row_041637,0.037197919901128244
row_021667,0.019053506476047245
row_038403,0.8755607023668077
row_014150,0.9932444902940684
row_046268,0.2993047249379447
row_013733,0.024793286581025965
row_045313,0.007612972050979991
row_038106,0.40695664376727775
row_025250,0.04994813834972422
row_043237,0.5365099750589623
row_046319,0.026131894447518796
row_014797,0.9400378366036913
row_038141,0.06392830326051298
row_010581,0.17756242981447615
row_007826,0.10798109161021074
row_012775,0.14625570679357297
row_021916,0.15597795710957352
row_045715,0.006876954298849447
row_048923,0.21969957182442482
row_015090,0.07736043064424235
row_038281,0.18797809635399768
row_022767,0.004233498171596358
row_004482,0.398206739983493
row_036221,0.19583484968795448
row_006857,0.030083739709624382
row_011858,0.05191979202138782
row_031040,0.054839060979238276
row_048825,0.01423499019344583
row_037118,0.9422286849373405
row_023151,0.06219476111976588
row_001046,0.005548500507312129
row_003327,0.0005312994073443247
row_004119,0.0028517680747537724
row_028363,0.052826615051568916
row_022440,0.010589962050598834
row_002872,0.9566305769467771
row_015724,0.00440415677726051
row_015545,0.735072504899906
row_001150,0.08200834268922559
row_012250,0.04081740886592823
row_027158,0.53213257402503
row_005474,0.07334951844611712
row_012694,0.08235663668077828
row_010781,0.028968740550388006
row_027969,0.02574751821227666
row_035160,0.05333216590672827
row_032947,0.054028714635994644
row_040711,0.1411689370955234
row_021227,0.009648387295678582
row_041087,0.8937597007377269
row_047652,0.21446987454304922
row_019639,0.013015553620493382
row_047102,0.0019082217293399702
row_023640,0.04548201910461502
row_026014,0.18470923255498037
row_045311,0.04443862030086644
row_042087,0.12613996205601355
row_019326,0.43507237748350464
row_025581,0.09953809938182866
row_046723,0.04117419209828704
row_007528,0.01851684732985601
row_038074,0.012387793675224008
row_043404,0.9198997980862347
row_011556,0.09899501150173394
row_027378,0.00032326412485273067
row_001014,0.6780100161560619
row_024195,0.6261269804298262
row_033194,0.32343671740608515
row_024621,0.005777413385974201
row_027673,0.3502768061678364
row_028912,0.8333287502556519
row_044564,0.4115895309172944
row_049939,0.7138010146407141
row_030426,0.025343306573393405
row_006008,0.0936315040916325
row_036423,0.020648318022017317
row_013211,0.18829842792439822
row_019466,0.9544597541760913
row_009515,0.026141212782881368
row_019346,0.02624525130560765
row_045254,0.008876811860148059
row_003008,0.9679251688350363
row_020809,0.29898620946632265
row_002344,0.1493234150350712
row_035268,0.6412792425947461
row_049199,0.9840256781410173
row_044449,0.262679399722389
row_018175,0.17043548461476188
row_024680,0.03786027649639963
row_001783,0.7312942406938372
row_000457,0.0073592579651498135
row_027388,0.01161162326884954
row_049250,0.49990866096639996
row_032767,0.028920669155503943
row_049390,0.033169771364660296
row_022294,0.0060609236746708905
row_047219,0.2512616010994397
row_020670,0.0067197498361361106
row_046390,0.04657486135885011
row_018949,0.2006714063287622
row_028703,0.6080843851420781
row_032948,0.028756627512276985
row_004450,0.244409141549365
row_034868,0.11753023449197245
row_045970,0.4689856257416295
row_010874,0.08796054813887613
row_031705,0.43134904940834407
row_008287,0.007613904667023602
row_008782,0.012180707565541363
row_013966,0.3863613288947838
row_002309,0.03490111341612697
row_007768,0.329349397789343
row_034793,0.02859769701236053
row_049845,0.05401789112153525
row_048366,0.05777094941297279
row_030003,0.02936323062892991
row_021508,0.10245437127304496
row_008428,0.06620352264930074
row_004617,0.006934009097207422
row_014031,0.9953856711397533
row_025734,0.00401581844693126
row_005590,0.09528418734333909
row_019945,0.001737099644220345
row_010777,0.02619399262905297
row_003127,0.9889417888465428
row_000815,0.4408626145788359
row_028275,0.8191157776340848
row_049649,0.07871244273949053
row_037068,0.018037767391082853
row_025394,0.14117621788008605
row_022611,0.045398906146497775
row_017910,0.30092645583864197
row_027220,0.9643544234605228
row_022949,0.4153409540673704
row_033082,0.3021599814223561
row_044088,0.19185058514914413
row_049027,0.19900501670166634
row_045915,0.4737997533510089
row_031002,0.26923161132847073
row_032037,0.1558313461165107
row_033331,0.005181424395077554
row_036046,0.12128521600529885
row_049054,0.5101883863723835
row_015302,0.1426928180439886
row_022291,0.17557557541673813
row_032565,0.24629964900237447
row_033658,0.22405538431777994
row_004624,0.0338914449217934
row_014259,0.020327877040264525
row_035006,0.0006754673641526139
row_024458,0.392496607518095
row_021903,0.025569136093917345
row_018630,0.02540514283649014
row_021600,0.07667734564537224
row_016709,0.1441728484118842
row_022040,0.03306416281435364
row_038249,0.03246623013099265
row_033865,0.24136859688533746
row_047813,0.19143205996719026
row_015224,0.013587509431276663
row_004994,0.3704243615645095
row_006135,0.031844238364923165
row_020142,0.6645307916646116
row_035963,0.04775932498822861
row_019736,0.06730077774382813
row_036625,0.015818391888908347
row_025743,0.9834760925673592
row_036858,0.1981156107092517
row_025622,0.005556636669160275
row_003768,0.013652169858652297
row_001022,0.7561199795744347
row_005061,0.562260058857748
row_043485,0.04194324727381379
row_037905,0.1619202698316849
row_022071,0.5751731887039936
row_036514,0.08561690460110698
row_034639,0.001296124700959559
row_047964,0.009029954508988953
row_003442,0.9773355867971371
row_013343,0.5924059764311312
row_009361,0.0027405697521084463
row_014383,0.09254632286929398
row_027925,0.0032904910264261104
row_028670,0.7910380560404088
row_037264,0.0014216322284393032
row_012559,0.47625880409291055
row_011998,0.34108902879451664
row_007064,0.0008444895579914339
row_022746,0.532015074296985
row_043495,0.09111418553405921
row_039872,0.007775688791406153
row_024344,0.576387792025431
row_009175,0.13880476723998236
row_023857,0.12317982141991692
row_039203,0.8550255346323768
row_042869,0.0003851844233912162
row_010473,0.08948743788553262
row_027456,0.01764528779650468
row_039694,0.0023286935133713152
row_006705,0.0011869297520976263
row_036587,0.025988272118434373
row_046207,0.2544952710465638
row_018847,0.2136494107859403
row_028883,0.09446641806804361
row_036392,0.20632888178587216
row_039643,0.016987819471734326
row_049991,0.005380886913062928
row_016840,0.34608498313493435
row_027644,0.9983740346393114
row_012347,0.45443927828231045
row_013463,0.6684980970666223
row_026449,0.08046385915741378
row_012695,0.43376684781826985
row_031666,0.3331978939178894
row_038156,0.005234903435777833
row_014539,0.016222823650021798
row_043501,0.15969499684780053
row_039534,0.8368216739772508
row_032659,0.20644309202933686
row_021228,0.0002596398190829296
row_001146,0.003839157683496182
row_030284,0.1854058942165916
row_037301,0.007831087503205976
row_033490,0.17392030141124626
row_020299,0.6979977564335975
row_009082,0.2759494088688128
row_030043,0.028419090100676128
row_022857,0.734760753185341
row_003026,0.005996770829068022
row_004479,0.0011791659865004476
row_036512,0.012686048712662849
row_039135,0.8942997412992816
row_034360,0.5080758428037204
row_044238,0.7593433121161027
row_024957,0.005341566745167551
row_028487,0.030218672954030197
row_033813,0.5982840355554675
row_039866,0.008069178428189036
row_032308,0.02182853895335481
row_030080,0.2252739971378488
row_032292,0.003928235715001807
row_009448,0.03950982575368902
row_014851,0.5154389539496883
row_018440,0.036383158208571784
row_029200,0.004016335335651455
row_013246,0.009742402649378906
row_040771,0.00923702434366149
row_041104,0.018463764684112646
row_024564,0.5904341814723234
row_034341,0.2578519398844835
row_000982,0.0026121881690051854
row_017299,0.11685702572065275
row_038207,0.8775860031976205
row_010089,0.12442115842916023
row_035794,0.7318935921535996
row_033316,0.059422534279527706
row_016126,0.046244240762084464
row_020157,0.04261742555642107
row_007316,0.046793679632831126
row_026833,0.6744019393470922
row_002564,0.003445558916807411
row_038978,0.04241909324287439
row_015211,0.05429657740239051
row_034804,0.01649720932052478
row_015296,0.004360315643643014
row_001292,0.9956429095264862
row_015397,0.0029731821539395477
row_048283,0.07775160491858261
row_040038,0.08826624429894468
row_047791,0.07067741892815335
row_045369,0.08371493042642843
row_037796,0.032920874059007135
row_039815,0.007643677457276701
row_031142,0.9993136433586892
row_036380,0.005285707321083322
row_004226,0.010708938469106572
row_023887,0.3101958422617122
row_023872,0.03529719424211523
row_018558,0.03774000615421379
row_005802,0.28481602652857707
row_045400,0.13513108231254373
row_041680,0.2589572560733811
row_045214,0.03911534230826831
row_038012,0.0002902888506632427
row_009931,0.00933426593943286
row_042510,0.03215130726226219
row_043909,0.9996925189716019
row_004138,0.8944546067323608
row_010862,0.28452722423468535
row_036956,0.0036379375734126797
row_035709,0.08553125830896367
row_000307,0.962752417772277
row_019428,0.0051173449150197755
row_022408,0.001978405520387381
row_006568,0.03949587464402896
row_014553,0.012587898231723273
row_024074,0.24941820842386636
row_021715,0.015371676815620903
row_017482,0.016888472411392175
row_015943,0.946102866683848
row_005397,0.11267979075008584
row_045452,0.5825916392434917
row_020039,0.0029857234976145897
row_006066,0.9650112929935853
row_006813,0.05417127297045079
row_012167,0.0016082071354396523
row_045771,0.13777374345695084
row_032443,0.2504003538168448
row_027526,0.23187974852370535
row_038705,0.08203063488367116
row_011100,0.045894229310441105
row_005781,0.04178255459628441
row_024311,0.21531769397818734
row_008565,0.9476333392258395
row_024427,0.6997659216862697
row_008617,0.002508950479307828
row_049026,0.0849496143191202
row_027698,0.04000390939166771
row_029878,0.008504222150900352
row_021072,0.8515563677524935
row_028799,0.0031830630614818325
row_020056,0.0021361462080808774
row_048912,0.0037657255272793783
row_043947,0.053108113584690676
row_001454,0.042887717732183084
row_017659,0.589986256139831
row_000961,0.9247256760102094
row_009311,0.580661439873731
row_046166,0.07892385847682795
row_048410,0.20805590719814263
row_009636,0.15138447150951237
row_041983,0.7193916308999907
row_001812,0.004761715625221507
row_002811,0.016199440245309196
row_006493,0.10877845692470249
row_025109,0.010946884272893292
row_010411,0.4744206402640959
row_040001,0.037469425523509424
row_017665,0.12023466343072904
row_005310,0.05753238502619499
row_007988,0.01212224438918765
row_047708,0.6242729241601738
row_016661,0.18090624379385759
row_047228,0.03971399431115209
row_033297,0.9188778927747946
row_001711,0.012816694207139509
row_046322,0.0975028736058293
row_032385,0.22889923063322432
row_024022,0.06064421894258496
row_003003,0.2883674920084172
row_045133,0.0014973473283590255
row_041909,0.909194053675788
row_013615,0.0034266122858908946
row_014791,0.0020990559897921908
row_042231,0.06086057737485331
row_045902,0.011288256884932062
row_023426,0.3018992917320333
row_045086,0.3947827838062689
row_048207,0.05647586061600061
row_020447,0.42901888750006084
row_001047,0.041384668595194365
row_040203,0.0877203136338302
row_003775,0.513470404481316
row_039039,0.10806325898868625
row_012817,0.014885574566586596
row_006754,0.05492010580256168
row_008026,0.001100727849897923
row_005558,0.052868632652451814
row_006785,0.07825714800111366
row_024466,0.01023515607921739
row_013125,0.009996587630217813
row_031794,0.08582616682032594
row_008356,0.38550635855299814
row_026533,0.1481952768262717
row_027703,0.0009785772786484145
row_011927,0.14989782395655601
row_008529,0.0012058007192506358
row_023305,0.028353502426249504
row_000266,0.08340031564727537
row_043188,0.00399091290103032
row_020861,0.05076482872801672
row_024506,0.6904926176155056
row_019447,0.15342206305489833
row_025227,0.22893382982701652
row_038136,0.02668995928746476
row_025705,0.5734831844963737
row_031213,0.9842461397695632
row_001354,0.6825691290362285
row_041989,0.875436379047461
row_015280,0.502436156126481
row_003045,0.33980234531986375
row_008280,0.014945770183806762
row_036391,0.044813085315514166
row_009700,0.006237530496644913
row_031739,0.7613114031931281
row_029137,0.1280823358677954
row_044474,0.04524166603302047
row_003943,0.006785179399887204
row_040328,0.08519545583789313
row_046889,0.6367566397720842
row_049020,0.001935420029122448
row_031756,0.8702695989120041
row_032471,0.006281484064685706
row_030964,0.9831426565270777
row_012038,0.4704671415877641
row_014022,0.30032205558489206
row_035990,0.0229701605396278
row_028056,0.1594075640239678
row_029797,0.3429328652526081
row_017193,0.00709083089035288
row_032553,0.1653116429387769
row_026714,0.04061414264136643
row_019584,0.054367993638526575
row_026420,0.035068387918165994
row_040590,0.0066458106651037805
row_016014,0.0223035697080958
row_019448,0.03570648840825208
row_020879,0.001933875314556644
row_013922,0.047760483206875703
row_048520,0.12566651675562288
row_013046,0.0019518752702689362
row_035647,0.023255431211999945
row_035241,0.6645534557621974
row_044130,0.1509294154556415
row_035838,0.007927234775760107
row_009823,0.6673710967607056
row_036485,0.044800544722866285
row_039819,0.013752617870701098
row_027756,0.14071335265786747
row_028247,0.5515080368134491
row_005297,0.24355224007743914
row_008556,0.035750873996019165
row_045988,0.3615557142734574
row_031220,0.33015101159073523
row_044196,0.03478528189026076
row_019990,0.49487284008598365
row_017684,0.2604214669080692
row_039065,0.5355117611195078
row_017177,0.021580828532875306
row_029194,0.49548806960931263
row_020496,0.8982679444566745
row_010600,0.5087929528980412
row_030347,0.014336576678039972
row_035775,0.35315048771062946
row_049833,0.03059822322093445
row_041905,0.030113123813719188
row_044185,0.6494210292550405
row_000998,0.18643375216205899
row_007797,0.048776773805893396
row_002160,0.015493133714325284
row_040171,0.29687527012985804
row_029781,0.0016375045000135012
row_035499,0.9574796342022642
row_045192,0.07290148656169555
row_028060,0.23678686144205174
row_030354,1.2278061151679776e-05
row_047686,0.07069348209332892
row_010530,0.4580530461734843
row_020711,0.07881213539599588
row_039679,0.3395130009165876
row_002668,0.0011840354169059884
row_047601,0.0065208736706249765
row_008566,0.00045221993485377877
row_036775,0.12622779551487381
row_036254,0.09397546291685083
row_039190,0.1608058684227146
row_039270,0.8715391018366676
row_006528,0.04068945823065534
row_049546,0.1566674333204772
row_035881,0.16482271008924004
row_045280,0.022660668505423615
row_026045,0.02459806160925771
row_010741,0.07585526916181438
row_002764,0.35914719726906624
row_048959,0.007643158375323203
row_016277,0.07351237021994281
row_046605,0.01093385424093699
row_023693,0.05780652298578044
row_034572,0.6325366350730881
row_038511,0.9769229849285621
row_035450,0.0007243297581674913
row_024688,0.13207168838590413
row_032764,0.03701122813824981
row_039072,0.0655427148097878
row_013262,0.3020586821002629
row_043203,0.0011244041166187473
row_020117,0.0842399806702266
row_031613,0.014088853100993167
row_045000,0.05694063748824251
row_031788,0.002782945878938429
row_030309,0.0025009250589401303
row_026212,0.4924105260042638
row_040762,0.9418044400592409
row_045851,0.001075629767343539
row_029461,0.01010731796064059
row_019589,0.021656068592919353
row_000751,0.8802112704271646
row_025979,0.717766688004853
row_000799,0.005461402206794209
row_024938,0.0027791342959607008
row_029651,0.9991744380761032
row_044263,0.3572822010052023
row_001461,0.07513194876463777
row_029525,0.05642897289536551
row_006567,0.0033098817262567875
row_005573,0.0010501727366526823
row_044694,0.0701816409098618
row_002437,0.3399162038111572
row_009064,0.01164625513182338
row_031876,0.04850824387617507
row_008802,0.0237585774710339
row_037433,0.9785830649390376
row_013730,0.04222798394427695
row_043463,0.03436548451230822
row_005093,0.003874531736834598
row_035983,0.04309145412946703
row_034759,0.007218898206198734
row_040847,0.1157966774008085
row_003030,0.058538939577852035
row_029346,0.009013228913426045
row_039693,0.0896018248633276
row_047706,0.09481887363588112
row_006920,0.004947161826705775
row_005213,0.4130096329264586
row_029709,0.1611626970609897
row_001211,0.0028319036276738753
row_015202,0.09063735593049779
row_010756,0.018372951898771583
row_048354,0.7401947148891223
row_045246,0.9361444376717342
row_029359,0.7912223025483565
row_044562,0.991700871316091
row_011855,0.0109048946168647
row_030916,0.03681769621804928
row_011701,0.05208254339351426
row_024250,0.05403632284159801
row_032894,0.021452716542180117
row_043033,0.10881486372416081
row_046954,0.0004114919785553956
row_016811,0.09924330870663287
row_018738,0.6001399250022597
row_019636,0.25462305966280735
row_023081,0.05860043589918552
row_038044,0.004145278415492771
row_027160,0.019572568996440942
row_039527,0.2681538280155246
row_025369,0.0006015944493456806
row_023286,0.17419262203927827
row_017687,0.6078181557182701
row_008219,0.04691207802277932
row_008821,0.0020545579938017365
row_019824,0.16154847807400152
row_036022,0.04934195525441133
row_010877,0.05654988553338124
row_040534,0.019178285973531557
row_027653,0.05236110073832029
row_011873,0.010121964173450081
row_048847,0.002855708666336584
row_042922,0.06820312768048788
row_001450,0.08525110776923296
row_039996,0.06927039927016973
row_044201,0.005893880326810586
row_000991,0.014735604525910074
row_040105,0.04905494878844629
row_045764,0.9775845809303282
row_037658,0.13972132505570975
row_024945,0.24602163412398426
row_011322,0.040785153289644466
row_038386,0.1626208812692957
row_004542,0.09606842865399375
row_027204,0.01454764944108268
row_042817,0.721989738583438
row_037045,0.01994703613373752
row_038952,0.0022573593802450503
row_033332,0.14423087018998232
row_019610,0.5209140417630502
row_037469,0.2129676536429397
row_005436,0.009314070371532578
row_018810,0.40496343930893286
row_007353,0.021461411153996936
row_015995,0.5343139742373478
row_049032,0.010590129832859074
row_004208,0.021404914531449912
row_014504,0.0432438115817451
row_020583,0.005221559987617168
row_028959,0.9973333741353612
row_023384,0.28113760553537975
row_011087,0.11988962698583486
row_016029,0.31532739840893415
row_010179,0.5430461894466756
row_011708,0.05041815759355276
row_027478,0.06902374843764958
row_043577,0.01918872493481992
row_013967,0.042061188957981034
row_049124,0.009260700704197234
row_023104,0.07057791504669564
row_032650,0.014102749250427716
row_006009,0.7618425434100808
row_006410,0.2476458795068167
row_032975,0.04968115570249291
row_018954,0.11874937220746676
row_029866,0.14438440879481113
row_049364,0.010008467511131259
row_002285,0.008417315707312373
row_021522,0.946156887025782
row_029492,0.17364764286465528
row_001395,0.17204664690984392
row_049085,0.015446098533944838
row_042935,0.6494895480663806
row_004175,0.03318526483522427
row_017114,0.9340190941413302
row_018925,0.11974110200585455
row_038433,0.682491986788686
row_012431,0.1317143160458868
row_030662,0.10835222042197938
row_018337,0.043330467521002905
row_014271,0.03185760210757464
row_002521,0.003742172413143538
row_014037,0.18992982931283756
row_010431,0.09572176160316555
row_034025,0.03227084431464113
row_027098,0.01826284310425028
row_025670,0.17990383759705192
row_039395,0.694556076777114
row_025610,0.027666287705052174
row_037221,0.007717396124076175
row_032253,0.15454664296915024
row_025293,0.0025428220199353877
row_048007,0.32277359991729354
row_023440,0.3353061219094632
row_046481,0.16487463265483046
row_014086,0.04458533275553247
row_012664,0.06128019084154217
row_046996,0.15595866476615236
row_038122,0.7271894334773299
row_012039,0.6749021291420038
row_040185,0.21388171547851254
row_014876,0.0036041388897614817
row_032099,0.0022816754212717496
row_028863,0.07197453064402545
row_005605,0.014707120672377625
row_033964,0.0653068424324463
row_007513,0.0009479858947043341
row_029802,0.035139535893397834
row_017449,0.0007738308256365745
row_006376,0.005218480152443165
row_033307,0.004729899100922307
row_029640,0.011455638270111276
row_025472,0.3454301898504063
row_008857,0.04851387204013582
row_003710,0.6470274707131591
row_014130,0.28413798984346605
row_029163,0.18763185193036383
row_018743,0.63839058921233
row_000676,0.39722100517153264
row_025410,0.0004528277058259978
row_000222,0.976089370887295
row_024027,0.08374240232194805
row_043343,0.9968246455928393
row_007701,0.6409482369003224
row_025122,0.10951153705067626
row_014700,0.002224699733126375
row_042967,0.10788865349925154
row_000463,0.10499547221421146
row_030756,0.1384266710461374
row_027663,0.09554111415210877
row_016282,0.03531555034150595
row_025865,0.01193662295615023
row_019694,0.003006420072847843
row_008779,0.49552105431654925
row_018990,0.30901680021474576
row_044718,0.01361547757881816
row_049376,0.1915501600495697
row_003336,0.1035793148696776
row_004433,0.003993038298021893
row_029357,0.5084128239842055
row_003111,0.0030044221788585496
row_041584,0.007909342725138633
row_044092,0.46654814439418707
row_039879,0.08391296614833663
row_021185,0.6362600192200643
row_030491,0.1954260887914854
row_031777,0.013902209493342354
row_048938,0.37397518439127
row_048489,0.030886862439204826
row_041076,0.9515407586082246
row_008067,0.02465333539487043
row_043959,0.026089230636442515
row_017965,0.3988907713377899
row_030132,0.10491454706543786
row_021542,0.0006760863569979361
row_025403,0.0005587100387225752
row_012978,0.02691798740355888
row_038101,0.0017219224233639074
row_034318,0.013031821305903434
row_013132,0.558582145076826
row_046529,0.9267115022158026
row_004065,0.13398704690223975
row_036733,0.03624471808231657
row_017274,0.7890185042755455
row_043198,0.25214977969806035
row_004233,0.8217984253911103
row_046480,0.2662471496696026
row_003504,0.10588110473184181
row_032453,0.16152754592747914
row_048321,0.0211947489746193
row_047122,0.2743199718589903
row_017725,0.07696486717124333
row_043350,0.005189035280213764
row_034223,0.13618262462605146
row_004192,0.003783790549570054
row_009562,0.4691686853009044
row_004475,0.9940803831546101
row_031899,0.9688976240899061
row_038399,0.018360894511218223
row_030336,0.016004992129007974
row_010535,0.08939886411777749
row_041765,0.07522639629165745
row_003117,0.1947280579239837
row_021331,0.07495601989492261
row_014229,0.0931959407320216
row_022797,0.6061500781922119
row_026375,0.4491846507058235
row_035586,0.47418040867532724
row_017522,0.6351893511510021
row_049160,0.06247311125538073
row_049480,0.8668150319250711
row_007892,0.016705344544556487
row_002925,0.1515611872713653
row_014101,0.001429011898061976
row_003233,0.006296440210281237
row_038370,0.006644861787589095
row_006039,0.9837209187621293
row_043179,0.10078963705859867
row_006784,0.12497507760764671
row_048749,0.08690035266732703
row_012891,0.0075183614275239
row_028467,0.0028390869612612284
row_029454,0.029556578857896417
row_029990,0.7223133905074753
row_011169,0.7798300311530032
row_018824,0.028341982119732344
row_016805,0.9209073427295776
row_023989,0.812533827518203
row_040823,0.009907183233606977
row_028302,0.03055229681573096
row_005094,0.03593804397581993
row_014443,0.018410560052519447
row_043863,0.006615345511548849
row_035434,0.0011663689800409378
row_033724,0.10595434905683146
row_036665,0.07402805055344612
row_003449,0.0028399262560177265
row_016967,0.030141162031286636
row_000317,0.042449817135009685
row_026434,0.005153113909619816
row_019767,0.5335939999830661
row_031125,0.3420144243449022
row_023785,0.46353040013342267
row_028338,0.9195293854894253
row_040689,0.01124176046273141
row_018698,0.08619444529381087
row_028875,0.12847202413334127
row_015337,0.005137835202529096
row_005118,0.5000011546432337
row_015719,0.015011489187909269
row_048390,0.08474435916667408
row_007029,0.006915035195005781
row_049399,0.0038558916928934056
row_007495,0.5913477929222486
row_025266,0.1309473285047117
row_032472,0.7592527147558189
row_016116,0.3517729971477584
row_034483,0.9317366828728921
row_026873,0.09644315007551149
row_038022,0.008668472586951751
row_010660,0.5808327658775527
row_003424,0.037465855306798614
row_000290,0.3053927244209472
row_021061,0.12379956946661345
row_023847,0.00656997096255147
row_004986,0.26049101965073507
row_023584,0.002013041424639579
row_000258,0.23964448064394903
row_048512,0.8089130388086416
row_040658,0.24920601575271006
row_038419,0.026057498135008725
row_008127,0.13837631989524515
row_035795,0.007771842868026557
row_038414,0.26133656773653186
row_036395,0.039990850210964844
row_048431,0.0022633822188244707
row_038686,0.4715432867142993
row_037640,0.1558918348487584
row_029758,0.38388400267894707
row_028344,0.600564714431818
row_001304,0.10787278186403962
row_019213,0.11053070686886425
row_012676,0.002779361625084941
row_018938,0.017984651262422033
row_019867,0.0025428045611660456
row_034376,0.005276641420118147
row_003821,0.014236128226376672
row_017750,0.7995279015243915
row_047710,0.07416917539333732
row_027454,0.13456097808933848
row_003793,0.14367104573333622
row_028360,0.06398682233750169
row_035051,0.11437130923912066
row_019451,0.00546100089475251
row_010458,0.9551728682096459
row_006840,0.04500968050913245
row_015984,0.4723996084466995
row_035815,0.08290722274904995
row_030438,0.002239230438245087
row_029997,0.9955334938123611
row_032269,0.06814580795425658
row_028684,0.006785018484973062
row_014650,0.01949884857852378
row_014132,0.005625924727287482
row_019391,0.12410153160773471
row_023450,0.01413489584257337
row_001556,0.0053981669050562125
row_049644,0.5793864209953803
row_045465,0.1758676782122542
row_023969,0.024479811063095196
row_020683,0.6097093628862644
row_010646,0.06924928960368966
row_022301,0.2118210289399188
row_026264,0.12382777402871795
row_029168,0.7049523605545601
row_037912,0.04517155098433409
row_028071,0.7459671862451567
row_039033,0.9727734295065358
row_005049,0.31577114198482775
row_013153,0.017798771659816977
row_017709,0.11350917472087184
row_028526,0.4762840035016131
row_042778,0.5781565497470325
row_014994,0.35365115778137857
row_039711,0.9367388458289657
row_021582,0.054796038456064206
row_036844,0.1172642430941073
row_012435,0.2963008379503924
row_036864,0.029421821483896833
row_029424,0.1320627832442549
row_028527,0.04428139835921969
row_027133,0.014803994720867072
row_004142,0.055854897692711895
row_021299,0.44327411224351965
row_034059,0.25540155653792473
row_002020,0.9853922919212645
row_049491,0.648944649109382
row_024965,0.22129851595570568
row_043484,0.04127181232442687
row_004738,0.5849207901916003
row_026824,0.028428900055840117
row_034458,0.06698958841158617
row_029831,0.3357335389871952
row_023074,0.01792504864646553
row_022722,0.049843581013501004
row_034267,0.09169843104315405
row_025925,0.02921327867431588
row_025675,0.6094197531476969
row_009712,0.015606147550738378
row_008404,0.24515042528030245
row_017206,0.00010586804229501204
row_035707,0.03537005058400187
row_009338,0.0033502140450007954
row_041425,0.012781788043258814
row_045403,0.02444836446549909
row_037050,0.7301425397737474
row_046422,0.008763188016794866
row_022800,0.9578307506805681
row_020417,0.003518740158306645
row_005999,0.5467364314258687
row_007841,0.045144892163152366
row_035716,0.8429224808891155
row_000816,0.12443099957112978
row_033061,0.018399608211596603
row_004038,0.04346846189767458
row_031761,0.5213144727710091
row_036432,0.060617657237324686
row_039058,0.17605711838738353
row_021990,0.17802147698438012
row_017870,0.23975713028290802
row_003619,0.051449187120424074
row_019183,0.08839735342619738
row_047303,0.012092233763521611
row_008623,0.04733547673894173
row_040961,0.25142721495546144
row_018448,0.15793500600966437
row_019048,0.004827021061912094
row_038261,0.16016472111292365
row_009247,0.01653802663972621
row_041534,0.19529355198951662
row_025661,0.14946669727869047
row_011046,0.01110645873504168
row_037150,0.0015065174475416426
row_032568,0.9966437114407003
row_006961,0.27185771807131737
row_029690,0.7997028550427661
row_020433,0.07195086573651534
row_002826,0.0702061057793279
row_002617,0.00012618430590661628
row_040949,0.5932902217078498
row_004187,0.3361957247900443
row_030649,0.45028790295340315
row_026947,0.06287323710106513
row_017459,0.253056251086281
row_008887,0.05264340683710144
row_034874,0.01063782671538194
row_033096,0.00047291689633012425
row_030997,0.7250153436999371
row_014852,0.0026044022807052794
row_042222,0.7915224948513458
row_045814,0.028688845231695577
row_027335,0.02940271005035281
row_027193,0.5152205423485609
row_022459,0.2153836404689766
row_010899,0.032989142500942925
row_020124,0.020414060142423085
row_009340,0.014778945186878454
row_030806,0.009367636939890659
row_003028,0.014617988610611383
row_021001,0.18677417384703499
row_048636,0.7042599963634145
row_018943,0.011372992832593987
row_047075,0.03383565658665164
row_028868,0.05620366241861853
row_025688,0.21705593852768676
row_023110,0.012449063387484671
row_017556,0.8118354301606809
row_023959,0.0066299849045725065
row_006388,0.9611680497734737
row_004215,0.0018367444675547464
row_026081,0.6447115933038841
row_029322,0.03935881293440609
row_018613,0.8249928364900477
row_041292,0.023089602732898677
row_047778,0.1110792623913974
row_010578,0.0026568766641409305
row_038650,0.0018427820333319152
row_018732,0.020836502337487652
row_027870,0.578820398652865
row_013320,0.15987998660104588
row_029274,0.0051616999960937306
row_027095,0.25937158767546664
row_021391,0.03794260975729586
row_035370,0.022051449333466398
row_047691,0.04082646315583589
row_022411,0.3462755188996127
row_024572,0.002531404507308145
row_049597,0.032498199800945954
row_008331,0.004779890851919477
row_000362,0.0030833645943205415
row_037625,0.8744388709449606
row_027276,0.0026555460408146645
row_023995,0.7245632438097629
row_040002,0.03215915986032823
row_043306,0.29266707147574633
row_030196,0.20893567781080816
row_026969,0.5175364595029476
row_013029,0.0844752082369581
row_013601,0.04625998638958257
row_015413,0.012004896655285915
row_018928,0.7246487672811662
row_046772,0.08615470004060466
row_035509,0.09333151278463447
row_014415,0.019616847455669335
row_044419,0.015020068186059662
row_039838,0.1729753756589885
row_011991,0.9928205382335341
row_039562,0.1074363513500941
row_021612,0.003192849046586145
row_049933,0.004387547856115659
row_046013,0.004106226448229071
row_032743,0.12092019610797965
row_041100,0.02811850974178141
row_000254,0.02948485810895051
row_038574,0.5894334800058622
row_049769,0.03655329223007667
row_032763,0.039948585106365016
row_044632,0.005643250704679199
row_032569,0.6614637944447687
row_001945,0.03714885158217741
row_034196,0.006277525361870107
row_019265,0.9860975318372207
row_010682,0.4759230894169064
row_026686,0.28342036865746223
row_005026,0.02930434357669427
row_038822,0.018776136331573882
row_017493,0.07080052446406178
row_016337,0.1731099728192309
row_034938,0.44627158691187424
row_018800,0.021850167567704547
row_020052,0.6236006286672606
row_005886,0.05887377517754504
row_048215,0.3073994996732536
row_038895,0.36209194785385024
row_026219,0.001991047357218898
row_029560,0.27913212035845336
row_005189,0.20262039778650404
row_019770,0.002631465270020039
row_009000,0.009554943799382813
row_016503,0.893334411497966
row_025773,0.5293379360895631
row_006967,0.0013633945445242703
row_032179,0.014929938553412828
row_041858,0.0037870120048431846
row_030198,0.3165045122906952
row_025833,0.24447468573346862
row_031625,0.029057896005729292
row_020295,0.017242784224885708
row_032425,0.0394123237759821
row_006219,0.13887931365183676
row_002648,0.23385484478765747
row_034810,0.03585558900844835
row_024104,0.08437404926216964
row_046545,0.7056426835280828
row_026768,0.8261288953753197
row_030271,0.14458068672653918
row_024093,0.015051680839783307
row_037289,0.4539500726266891
row_040786,0.013361793481303933
row_022345,0.000509610760119824
row_020597,0.006781415149625227
row_038225,0.20620192268156995
row_030444,0.043018372458804646
row_032288,0.17264360707534546
row_007800,0.06605274254093754
row_017841,0.05924784794140924
row_024910,0.49526239069286343
row_005977,0.10201519235827144
row_006021,0.10469733027721437
row_049205,0.19427732384237942
row_040898,0.004130156447306816
row_043002,0.8659998726988714
row_003655,0.05312161822130796
row_047926,0.06089727410013205
row_012103,0.018180608822401988
row_022069,0.08046362621829382
row_009679,0.5198426148301782
row_017437,0.1739315603444454
row_018428,0.13453549251893945
row_037684,0.12191812358468507
row_036980,0.029195750280689364
row_037906,0.5820861038625504
row_004848,0.06611873697103963
row_045564,0.4729222161707445
row_049237,0.0014826776702967965
row_034761,0.6049053132865825
row_020548,0.48091973968762125
row_024030,0.008397092996874102
row_040077,0.03246740800376272
row_000768,0.00433357383302556
row_035931,0.14273640027918522
row_008685,0.013898922489585757
row_048803,0.7254749772879293
row_044961,0.01855285959915641
row_020590,0.003967612805730346
row_025132,0.9551961366007851
row_007080,0.03472650988996588
row_018257,0.19259835610703518
row_014662,0.899478355206671
row_044122,0.0700978890509011
row_007392,0.6690269978670713
row_039150,0.1866485199739906
row_029478,0.002171010297836428
row_042169,0.9944201662694792
row_049571,0.031081402239507467
row_023497,0.007088817385028123
row_004881,0.6314950588801016
row_027767,0.011145214254687851
row_007647,0.0329965644854221
row_012488,0.6082637548693202
row_039674,0.009740729233821844
row_037055,0.16883960796655428
row_003453,0.32355707924902183
row_002046,0.9905880466010242
row_036106,0.2985544008109024
row_014489,0.32782925515621153
row_023024,0.5804082316353539
row_046251,0.35156070754192986
row_007243,0.7151103001230572
row_030586,0.23790448028813177
row_026709,0.005331809137376115
row_049411,0.002161554896762918
row_019776,0.00021491806846011955
row_041013,0.05731536828389988
row_029950,0.03513621800549978
row_016761,0.461578734379501
row_017392,0.24297799942292495
row_016034,0.9213158977235781
row_031070,0.02683182523844718
row_012826,0.6250760002422913
row_012751,0.0074997557515187885
row_040768,0.2773916965476216
row_027266,0.05957796362467701
row_003752,0.10057261152266012
row_043966,0.11207306434944098
row_042142,0.34054523923857466
row_037329,0.005990573259298781
row_021193,0.7962573101644284
row_043358,0.11193138770124275
row_000996,0.1391287655731292
row_007200,0.3202606000123007
row_018569,0.8746393242213508
row_017552,0.060248824967279485
row_026688,0.060380039033082415
row_025321,0.008661447642459831
row_003128,0.4260255976502697
row_002426,0.07743249266181156
row_017925,0.0008065656352329821
row_006441,0.009128847675924258
row_036540,0.0017677169360574587
row_012010,0.1916139531982117
row_020802,0.4699000081195287
row_028466,0.4869069820303309
row_020858,0.0035840045480412053
row_038790,0.9924179795428278
row_040533,0.987413913497487
row_020277,0.44108888259478446
row_022870,0.0017651883860048828
row_004633,0.06502181606102134
row_008934,0.7507051697490027
row_011782,0.014985288299934443
row_002080,0.6012986434920602
row_033014,0.2838253142698353
row_013100,0.20727235509586991
row_026521,0.05379677475725857
row_047103,0.007384040999944649
row_027399,0.1922572477116703
row_039940,0.11795315366126188
row_029965,0.03813434367481071
row_046076,0.056297957231392935
row_021442,0.0003083355766555783
row_000331,0.8202923861122767
row_046470,0.31191174485230017
row_016497,0.004766333809112845
row_007502,0.056512470172153405
row_006581,0.01739781146182516
row_024671,0.20731858499224126
row_041876,0.9555720198572888
row_042841,0.3946029471982825
row_038429,0.008029994104256115
row_048638,0.8880237581146262
row_029608,0.001282690192799022
row_036436,0.017424675682069114
row_012571,0.01573184348633708
row_009333,0.9395741980203921
row_027643,0.14675720166402947
row_039633,0.004048074557204056
row_008743,0.073801882994364
row_014773,0.5921084249873133
row_044075,0.0018657741414088258
row_000138,0.08394520790707509
row_031422,0.15210131671571592
row_016434,0.07671173408366273
row_021379,0.1967244740093834
row_003662,0.07772244796198458
row_030873,0.14721038017088695
row_021609,0.0019445494770660677
row_034386,0.39117354587894226
row_041417,0.016643950512402327
row_036541,0.041742634751467535
row_037140,0.014519175028969251
row_004734,0.984978620901663
row_000184,0.006685507099504585
row_025636,0.06696023062119355
row_034187,0.2231212814979137
row_046308,0.013767494921106785
row_019985,0.6604900160952165
row_008044,0.00540451079929347
row_001241,0.43688569895033014
row_010273,0.9729534238372446
row_018564,0.004999750547072571
row_049378,0.08212231998726204
row_014655,0.002204476028015511
row_037246,0.8857931422543889
row_038573,0.9068000174989812
row_044946,0.9962254054904084
row_033019,0.08685819026687285
row_012193,0.012215263493983075
row_038107,0.9918243471846149
row_034517,0.19203665431473174
row_033544,0.9353093853203862
row_019382,0.14753055633229606
row_041102,0.7479381972155251
row_006943,0.023020613190750955
row_032780,0.06935605273603664
row_046871,0.09063056253951698
row_049693,0.05281354329000462
row_011880,0.002674181461962979
row_003223,0.13153410634618148
row_044161,0.010905231958793189
row_029820,0.5723153544242081
row_009650,0.02146768140475247
row_002540,0.0010328265512295988
row_015858,0.08334150517466196
row_026386,0.16445829667583295
row_035071,0.2773753879754133
row_005988,0.32768163659081484
row_025393,0.926386222938868
row_047910,0.010173056496971356
row_022623,0.4789258797600739
row_043185,0.041618967148920785
row_026726,0.029916588778472246
row_005582,0.7747980656657453
row_022391,0.37603841166082974
row_026443,0.033466455599421685
row_030252,0.19156914719731452
row_027520,0.005017258711024764
row_042818,0.953877681245138
row_009462,0.08736818841033515
row_041387,0.010740388848516146
row_001800,0.425714836032526
row_014530,0.02489709139904054
row_015733,0.001096484570892476
row_013978,0.003457181372111471
row_017194,0.0033899793847471144
row_015136,0.08578481267559389
row_005680,0.007511620909147005
row_008177,0.048733131497294996
row_012555,0.34846805384515556
row_049014,0.010649152361403751
row_032407,0.014338226590819424
row_000664,0.351661949925641
row_039936,0.09938039078166085
row_027465,0.20899320760957768
row_046360,0.06223290695872085
row_033157,0.22551481860307998
row_034266,0.5373829686137169
row_038002,0.9677339966462907
row_013986,0.01744879339302364
row_026968,0.09806302427228003
row_023400,0.023346486384703904
row_013008,0.9037447951228184
row_037603,0.18553660393197294
row_017018,0.10165910046517984
row_000393,0.2504191624899848
row_022100,0.0517711139684089
row_041487,0.023640318201691164
row_046636,0.4436842622115445
row_043989,0.6748079979980243
row_029512,0.11275022140832176
row_003869,0.09734937735244344
row_031880,0.004807521062688229
row_013676,0.002424593520714485
row_045358,0.011390762278907398
row_005797,0.07632008569913835
row_044862,0.3687719130923004
row_038549,0.98826369188676
row_010109,0.5634579604121038
row_012924,0.3423409910460799
row_002323,0.09690790526827298
row_028581,0.8882513714963097
row_032540,0.7220024241240766
row_009431,0.056814094915566694
row_015539,0.0077695181863357094
row_047365,0.0481803607552524
row_033179,0.6522110293672548
row_013703,0.02101822952059895
row_000097,0.1194759116476146
row_031605,0.11516591672108391
row_000656,0.1227984722349305
row_049166,0.0028826819716193763
row_012474,0.7608160989177004
row_030232,0.12260372778293877
row_021440,0.09919063814340191
row_015618,0.0007163318658161745
row_034676,0.19202194493820027
row_029232,0.305721222136379
row_002552,0.38657851520366776
row_046020,0.024645003096560078
row_007937,0.0024533721459346473
row_022974,0.3020236712859702
row_006205,0.8466103439777578
row_048338,0.02479393118975175
row_024321,0.0040741950676299
row_017473,0.8246109358379666
row_041362,0.011449736344714748
row_018825,0.015024604298619891
row_007369,0.7757460725781915
row_004110,0.0057373649390926205
row_022012,0.5792623505886201
row_007407,0.2867419540148491
row_017917,0.003519163059774636
row_034592,0.02801619592136459
row_045766,0.9400792623584835
row_022452,0.9041774265295107
row_045377,0.8848537758215925
row_049914,0.08273893040990278
row_006866,0.8486493593099242
row_031117,0.00917407647591989
row_031170,0.11750505704340264
row_034939,0.5847915562653918
row_012228,0.07267970192612014
row_040982,0.16135024149268964
row_005075,0.0007986436223076789
row_023026,0.018511845054982306
row_014966,0.00036287652666878463
row_011324,0.0034760541370860336
row_029819,0.03280548847981543
row_008282,0.9772764880483228
row_016463,0.09923506779382296
row_019366,0.05123120438082145
row_016175,0.1452003974484626
row_013116,0.9754292817717778
row_045528,0.0005859621615614724
row_042890,0.7891276150279339
row_031929,0.04392305126006533
row_016975,0.03699721867373067
row_037047,0.10602341999487291
row_033729,0.027019357621188206
row_034324,0.00513898837690301
row_018769,0.14172445303642406
row_049208,0.016633098906975993
row_008365,0.22582752893615213
row_031263,0.23186709445760095
row_023503,0.5681740854279439
row_019402,0.016855634043506942
row_027050,0.013907223483866277
row_037171,0.14193513020698245
row_001162,0.14937049844519495
row_049429,0.25979614209715673
row_028817,0.6525470740367137
row_016023,0.09649436989562368
row_039987,0.7051974870388389
row_041247,0.28938723874023903
row_031102,0.00037674057019085853
row_017517,0.029934083502171967
row_003999,0.012488083989221337
row_025609,0.03286884390251064
row_019360,0.038297804932282
row_006885,0.9774274310785128
row_020626,0.0038489595415700075
row_012011,0.9336786491703088
row_000502,0.04057372374465404
row_043597,0.21383373104056796
row_038628,0.028535664948334625
row_015000,0.01802831462644278
row_038863,0.07553895688851504
row_020091,0.10737207319731622
row_007045,0.09974527171106184
row_026401,0.6241628213579621
row_044114,0.2602920975492456
row_015445,0.1521738376708457
row_008396,0.06315792326175641
row_039115,0.07445113916679306
row_021039,0.04191217790128793
row_018654,0.07166941031764887
row_023590,0.004735061327679669
row_036839,0.993408308947583
row_049218,0.11690154881968856
row_026223,0.9737863879847511
row_012152,0.043859582890389666
row_027960,0.037151607062422945
row_001318,0.006250970271941357
row_047932,0.7490695960851338
row_045336,0.19673000416895348
row_019206,0.0194354450528858
row_022880,0.04686608096047154
row_009615,0.0030864322232705033
row_017287,0.09726258665831326
row_039462,0.02614202183734786
row_021823,0.27763913540559787
row_001322,0.0037012774488492804
row_023631,0.8309764101160592
row_020304,0.1030846138969858
row_017300,0.04634200663178106
row_026437,0.017071790113328263
row_011857,0.04714252707593396
row_026380,0.3755546085101552
row_048190,0.05523338154709048
row_016243,0.08284364389891968
row_025691,0.5521607120451772
row_045395,0.05481812949697278
row_042183,0.0830381243957448
row_015267,0.07738727960386749
row_017370,0.11884997928663144
row_024225,0.2188644863451755
row_032832,0.9999061300297041
row_037919,0.008780251189013401
row_037215,0.46127575040620483
row_041006,0.10923316218000807
row_005113,0.11846333521240122
row_013359,0.00269272276670597
row_033700,0.9418286551122492
row_008929,0.7602276594223898
row_026211,0.04382830898907003
row_035413,0.4449604366414214
row_026084,0.008271927232606165
row_022592,0.14259830249612704
row_016532,0.4066660753684362
row_036371,0.03958100749132009
row_030262,0.19876974380800252
row_048799,0.08778835909971273
row_037319,0.19290223012737348
row_048511,0.18933358390351063
row_033664,0.00029476087047883515
row_008095,0.06892044768942217
row_049942,0.02376803100543734
row_010480,0.869926661309453
row_011989,0.034612676919905994
row_025991,0.02025866370470832
row_028475,0.4227407434033264
row_026621,0.70236525132768
row_031734,0.002550263257354449
row_042182,0.10507028404185753
row_023775,0.9889512926466003
row_041490,0.013875086085568679
row_030289,0.7843350888966731
row_049270,0.22880600491460598
row_038757,0.0024980578736687885
row_008188,0.007997999117950018
row_021646,0.026832224335690727
row_039953,0.010191337281529628
row_021963,0.15988077336889264
row_010395,0.7157741737532592
row_044690,0.2019652236466932
row_003488,0.03150743361254527
row_027107,0.012032199331997276
row_032770,0.22926342988925758
row_016362,0.0062686525479437654
row_003086,0.30438644380637164
row_005437,0.49504713476626455
row_045335,0.10701434437826207
row_040367,0.06577113989317834
row_030393,0.9477057734155928
row_044661,0.015990725590771228
row_046891,0.9392274228465842
row_022869,0.05980844848496797
row_033499,0.06811150592121427
row_008264,0.03606506643028774
row_005108,0.09469991837360213
row_004162,0.0013492081327155614
row_042605,0.98641194602043
row_034785,0.1601251249278112
row_040008,0.004718976904642331
row_009162,0.02490122845673044
row_025824,0.2842869957888225
row_021972,0.7681206522490275
row_013882,0.010280023397213834
row_024326,0.05142439756073165
row_036513,0.048288515771121414
row_049995,0.8678843370790863
row_009146,0.8814937431989625
row_000927,0.08727349791374624
row_001017,0.0032088598928720438
row_002936,0.9983568191226511
row_049113,0.32853617995991025
row_010498,0.056644145481169986
row_012302,0.004512444138419023
row_015813,0.010110477767826491
row_020462,0.00817279309486942
row_031259,0.7377858573740061
row_042068,0.009575178562055642
row_001422,0.31069273002660003
row_035258,0.02984670065948688
row_038723,0.003349032023196386
row_006023,0.007153648818035915
row_020279,0.023859750209935957
row_031964,0.07192248860883683
row_037574,0.1752545736870355
row_017434,0.2314434179755675
row_019562,0.054968668271851415
row_022191,0.10750400411705567
row_001787,0.8528024792083315
row_047469,0.5234381019347282
row_021408,0.19522750336098635
row_019983,0.47684054737001197
row_044766,0.0051765514043619
row_043012,0.04174153377142345
row_005754,0.10237565201627974
row_023581,0.0023520574626166263
row_047464,0.042212039375297675
row_046741,0.07448463926827191
row_001578,0.00022533827459209126
row_024645,0.10089164312689533
row_011507,0.17401080816252548
row_044110,0.09491176722931785
row_017490,0.027985486023014455
row_004282,0.07853290298212721
row_027898,0.00834029653692004
row_004004,0.19512295467408805
row_043396,0.17677197241859371
row_028395,0.3228848169287971
row_032915,0.05655804037347024
row_013633,0.016825696707446044
row_037976,0.07446116470575026
row_016115,0.8722926084222526
row_004541,0.020144704615692604
row_001667,0.018790379173472344
row_021330,0.622259667052254
row_020484,0.3313217790346722
row_044319,0.4704237423507346
row_027862,0.005281983542190868
row_041024,0.0031144370682655406
row_042227,0.01757177838277842
row_025071,0.01059086381163027
row_007846,0.9680362357749396
row_048371,0.5071428513784817
row_013907,0.2573947347928608
row_001128,0.05818857699418195
row_004354,0.43321010682751787
row_026251,0.0007856808687047982
row_045544,0.13988233772572597
row_002637,0.44626410463515703
row_029567,0.6138654466601694
row_008016,0.252425030531693
row_021082,0.008267599713994895
row_042836,0.9081474833789115
row_025676,0.1894677775441655
row_011548,0.0006843616983777247
row_037279,0.20215398467354115
row_011818,0.017573609758193078
row_049310,0.12402011844587006
row_000510,0.5601376032861052
row_004788,0.009409575938302784
row_002827,0.03377698734241899
row_013694,0.10327526034379604
row_024744,0.9932010557715063
row_018736,0.06568404434589672
row_009796,0.005761024216228469
row_034247,0.6267814743781114
row_039254,0.016389945508122197
row_031874,0.10106974876444957
row_003432,0.0030846046746788773
row_023023,0.21061526216348467
row_002183,0.9967368369392575
row_015753,0.004014434551941502
row_048473,0.0008725334251840845
row_009463,0.0020467942813294526
row_009499,0.04262036297393328
row_016238,0.050278152157455756
row_035791,0.497805476610631
row_017109,0.30739943994189883
row_010162,0.014092696701685968
row_006641,0.02514518562686188
row_032793,0.01980367510319456
row_039542,0.8406407759170871
row_042161,0.015951362806876666
row_010910,0.12609297139575393
row_002206,0.019930127766157314
row_042901,0.6930258287248554
row_005831,0.010154079179689727
row_002918,0.05395927103835381
row_002917,0.7169908854895926
row_046079,0.12529868427980945
row_028037,0.3351802684958725
row_008899,0.9169049141117922
row_003990,0.1935726124102766
row_005354,0.3855592461084745
row_000422,0.012093459407771304
row_031773,0.01756541234855312
row_033334,0.010986542633609587
row_048615,0.06864252957419133
row_035048,0.01326143046160527
row_047832,0.4911383258601161
row_012110,0.0494036878289421
row_048964,0.011668901978503936
row_023735,0.5663730843260623
row_033392,0.725025319305256
row_043401,0.9521627644213735
row_041456,0.08292938644848148
row_025212,0.0013010682624525372
row_023828,0.20820647376290713
row_034135,0.1239092147773974
row_027334,0.008260163645016062
row_047406,0.021992406851486998
row_033534,0.3837371602284162
row_020876,0.9020490240867055
row_030096,0.8308269876325212
row_008505,0.022795914319372064
row_012441,0.46885927637511404
row_029743,0.5916650755091069
row_003456,0.06159891905326042
row_029707,0.12857868834528774
row_033318,0.015618804480114075
row_038311,0.021529716709118466
row_001266,0.9739274285578521
row_043038,0.02014823223398108
row_019681,0.3990183533232145
row_046890,0.024546156950532284
row_009900,0.494337514660137
row_040431,0.08517247778150476
row_019797,0.024594808139871915
row_008979,0.000549297973484227
row_041859,0.027435278094974456
row_037000,0.18007251567378346
row_034439,0.7074579212232555
row_014730,0.5470317451701928
row_022330,0.1697609557131103
row_024574,0.18003702316994766
row_004408,0.0018708170664137492
row_031632,0.3530580096333681
row_030052,0.8572619646717003
row_028482,0.009077262576229135
row_002272,0.667464092014312
row_027652,0.9430117341276905
row_048335,0.41676393262292705
row_018941,0.10062865563422671
row_017918,0.35447388630493165
row_042304,0.003107358540555521
row_022175,0.6073222550879505
row_041581,0.014327365013646391
row_030733,0.016190258700346495
row_023860,0.18283173532265753
row_023054,0.012632884680870092
row_013765,0.01394480098852412
row_041036,0.0021395708739299422
row_033512,0.19362921367325753
row_001933,0.02028972120301739
row_012849,0.4284858972218305
row_047707,0.17420645468671597
row_030208,0.037518894071049975
row_030660,0.6898355042892282
row_028851,0.1196416006003023
row_006240,0.08969279589458833
row_014798,0.03048956033045027
row_002518,0.6975140692481611
row_046503,0.6129427826937688
row_009286,0.8079587481704978
row_011854,0.0066379658178572
row_032114,0.493921498249055
row_027849,0.2890744116837882
row_001401,0.050912193947036714
row_007136,0.011601897482289769
row_008090,0.17949243229644554
row_020847,0.3138256173381298
row_010577,0.31063266233962394
row_006050,0.49530909711087034
row_032018,0.025507093672946166
row_000306,0.593629564861931
row_028610,0.0032622405772927475
row_000637,0.0082398557489911
row_027923,0.004966172336505466
row_029556,9.46804383385415e-05
row_005844,0.7956944055683302
row_017896,0.6683970271865509
row_022527,0.16968311170619574
row_026148,0.004025652503388211
row_027738,0.48490724759813303
row_031335,0.4057658571904065
row_012500,0.6114977279592841
row_019819,0.026521644089950107
row_012034,0.05008008615343372
row_021380,0.8571278666426284
row_022481,0.011900070520269758
row_046232,0.012072909914715615
row_035805,0.024948624968531258
row_041656,0.25192904976537234
row_015068,0.02602484329892211
row_025550,0.46788890255495275
row_017033,0.4004532009920916
row_038583,0.9952436893433568
row_003196,0.021404330354041483
row_041452,0.41885720498357804
row_008827,0.0066286192474377
row_001333,0.1706192642077421
row_008846,0.48504872742748284
row_024039,0.00646729677771147
row_007303,0.0005559385684809254
row_016767,0.6864395650285913
row_038455,0.09798184976635226
row_037672,0.005064301035783233
row_032654,0.9751746242430648
row_036427,0.07872804685873974
row_040337,0.517001540350299
row_031618,0.020591174569336984
row_042638,0.004972457614747846
row_036922,0.28644128523557916
row_024584,0.7842747139322549
row_043525,0.021365246148039106
row_028167,0.09055031253713516
row_013407,0.4539524851131699
row_032003,0.1506072059791833
row_008437,0.027602072246502008
row_038669,0.2766891982018154
row_002916,0.45205088133351906
row_020464,0.02322710116256565
row_028396,0.04065787121604841
row_041414,0.26950578585200896
row_007538,0.04348724805845933
row_003181,0.00901085085382174
row_030762,0.0271161006918058
row_012760,0.008293186938342178
row_035905,0.05598028931281034
row_031867,0.0027983423132775364
row_004468,0.0024929042180328793
row_038056,0.00404496197036703
row_047547,0.0533053860028205
row_047430,0.30193135379452996
row_049659,0.02814358404744053
row_027704,0.01319865621276105
row_009987,0.4120228641617647
row_047700,0.0010856058357727359
row_024076,0.1415548057703091
row_019748,0.0027478065163326366
row_040252,0.18332495947813057
row_046804,0.6604960889429586
row_046633,0.14403260725401945
row_029508,0.04331666421713146
row_020549,0.2766711478102229
row_047703,0.05123103352852207
row_007382,0.008964393746901507
row_028463,0.36738432310047325
row_001350,0.006609135753047273
row_015684,0.6277194546430256
row_041284,0.026467343771184232
row_039093,0.02552742989889762
row_008914,0.012355986164578671
row_001659,0.33584047339111617
row_037920,0.00017545492109865453
row_021304,0.001361623747601979
row_034366,0.04426901099083134
row_044274,0.03297168800812483
row_035456,0.21221772505785522
row_005553,0.2527395535193551
row_016801,0.21850446704277993
row_017282,0.003847406336314431
row_036342,0.11633131788405683
row_043134,0.32680813018776733
row_005164,0.6878192129380294
row_013140,0.9933983563170743
row_020095,0.0023976491156122693
row_035008,0.7329502642631794
row_040586,0.16136052314637267
row_028021,0.44801632585660905
row_022226,0.003022899601780651
row_034502,0.2606819014079078
row_036038,0.0023731727820624562
row_013385,0.10358243355559213
row_038439,0.2861055580663089
row_017518,0.009802929045327936
row_042357,0.01047404071846045
row_022842,0.01603769396332718
row_023734,0.29042079719190506
row_028164,0.015904920201616844
row_045030,0.42106852599844335
row_017649,0.3838131279315835
row_036578,0.061665118552867465
row_040972,0.004123529294006202
row_004779,0.02021875051326033
row_007606,0.026892475135710192
row_035938,0.7370563555191968
row_019118,0.09028239336844776
row_014448,0.745689119985928
row_004415,0.4678224836414791
row_045682,0.23943125296839773
row_037355,0.11716761063697885
row_024959,0.9981976072059345
row_015629,0.45112053725719936
row_043027,0.18833975802273412
row_015005,0.9477845594316276
row_029498,0.13844654731290618
row_036220,0.03087993320577022
row_018754,0.15092078996516572
row_026355,0.2071071447212847
row_007485,0.04321780348058354
row_043325,0.13017521746855285
row_030440,0.02139949663952355
row_038538,0.9076894623976474
row_002533,0.09612187770072608
row_046107,0.5626988594097455
row_020265,0.004495520258310204
row_020072,0.02257330986822279
row_044918,0.032512126472178514
row_044991,0.600371087745533
row_032774,0.938778990595527
row_022496,0.34761905884592487
row_007904,0.2225349701283435
row_008477,0.06818431320833353
row_039889,0.010479679266488993
row_002454,0.9588599619367489
row_045515,0.003519390479825289
row_040864,0.10303138672659402
row_014115,0.057808186700923074
row_035077,0.2388429717973344
row_007587,0.14699447533583004
row_017647,0.5288088230598182
row_037881,0.4393990503975111
row_026962,0.09983020409822065
row_014009,0.0052815198796694164
row_025457,0.7998796908960183
row_037671,0.013041010994535992
row_025067,0.9126046477584403
row_017019,0.1802648869317225
row_029465,0.0009402646455878951
row_030199,0.39535576153345836
row_041407,0.0059735205264504114
row_023804,0.009189963193320444
row_026227,0.0648184560984071
row_041651,0.1033715741794912
row_040610,0.9846043511744829
row_047419,0.0824568385686512
row_023405,0.06651935501460474
row_012961,0.13298327623304804
row_040501,0.05301846913013373
row_000391,0.964110761631998
row_030688,0.0068256663399661075
row_043670,0.7920985666266582
row_045587,0.7695184044481612
row_047322,0.8704759545479099
row_030296,0.11616419605867061
row_030892,0.9828431733014044
row_029569,0.03476669353605261
row_028923,0.10859076250927698
row_030978,0.0010235782281451027
row_034877,0.0015860559141846191
row_018713,0.2244174047436183
row_003913,0.7225887911187985
row_013550,0.8710507424346806
row_022764,0.00833490589773216
row_047821,0.36135623389342086
row_009775,0.3089805419889156
row_030540,0.003401712029285736
row_027360,0.027811227289490953
row_009907,0.02401005733198682
row_021546,0.025303144331976793
row_027588,0.18275509144402033
row_039044,0.9748892709579998
row_049821,0.0021068098242575093
row_022926,0.06334282364672177
row_022421,0.8525281685184296
row_046404,0.016104569638314466
row_035123,0.0004017809530943692
row_006409,0.007950654504130211
row_012964,0.14895005028007394
row_023973,0.9618260687701377
row_003719,0.0949478003620676
row_002134,0.12394833418821584
row_007534,0.03253772447223263
row_025532,0.08781184601013782
row_012837,0.9554065831474774
row_025252,0.08625584098890189
row_014591,0.3392141559008828
row_026750,0.0009684628012026193
row_012213,0.6352454959068276
row_016221,0.06302679144782382
row_013226,0.0017025647070469092
row_024783,0.6926159487521368
row_022249,0.01740622982672287
row_005360,0.2549522072043905
row_036244,0.359815312650874
row_046161,0.9775651837392154
row_006112,0.283812301481077
row_023217,0.002534053168802283
row_039393,0.015898262298660416
row_036621,0.09540825672058688
row_044447,0.09984007385857702
row_048607,0.005037917820297926
row_014391,0.408391151552373
row_002606,0.021711929219212556
row_043346,0.008216641808669618
row_020245,0.10350867061248765
row_036712,0.5415415877432522
row_021859,0.01383059117898333
row_045797,0.0017776357717774326
row_034903,0.011599179764141147
row_006058,0.837576254968354
row_015849,0.04265504984305409
row_044166,0.5271053920681517
row_035491,0.03620891219953632
row_034992,0.03653247258924692
row_008601,0.044062780847972445
row_034911,0.08526860526077285
row_001741,0.03410933835946048
row_014584,0.016956836782214074
row_009275,0.004691735230344603
row_005786,0.05810728637288268
row_001376,0.0014051516402706298
row_015003,0.09198612295560317
row_003517,0.04217172793298257
row_047930,0.0047023781878407335
row_040451,0.15664728879005707
row_002249,0.6486889871052216
row_025089,0.9707293059020112
row_038834,0.9512528559249432
row_020939,0.023840539409899445
row_018430,0.16443096066104904
row_016953,0.03168460123288109
row_035993,0.0035560970766916377
row_021574,0.06003443823975322
row_025000,0.0868732347534011
row_039972,0.005112158617027207
row_044856,0.513987224789056
row_022919,0.13039798389481266
row_022510,0.5322472452976906
row_012540,0.11777021276455299
row_031402,0.004593246420153122
row_022568,0.08052715362209902
row_017382,0.04275212475569197
row_009711,0.9857932203433897
row_040576,0.012732171266359922
row_031131,0.5881765599162849
row_013296,0.0023991504383281824
row_017279,0.3722697182276537
row_038162,0.06156091625507588
row_037391,0.02786854492564326
row_032890,0.03442645200030019
row_044123,0.5186736901391449
row_046641,0.9966511875957742
row_010044,0.029041044857842944
row_016873,0.6210150805801008
row_026975,0.009283329182512507
row_026888,0.09566624438492546
row_002724,0.33466242643755056
row_013197,0.13431240699441177
row_005276,0.40148646107868863
row_031419,0.02389484725598236
row_006416,0.02877467886612103
row_012885,0.39182049236930666
row_030058,0.16228512183598026
row_021029,0.06343706794239798
row_025133,0.9450775099273332
row_023267,0.7578972391448111
row_006809,0.7316202315236919
row_037660,0.09803548861791353
row_009813,0.0012149519954602495
row_007471,0.02582600815656005
row_002339,0.02199384410768448
row_014403,0.4131592527083316
row_038516,0.06977756921488462
row_021031,0.16236444522966187
row_006422,0.25340082072371545
row_035516,0.0023567326660092623
row_016888,0.07280994890277832
row_016752,0.7872761338130762
row_024748,0.02347046773382412
row_033131,0.016376887788041753
row_001341,0.04262959423614969
row_034387,0.757798582964159
row_026838,0.020128817190081662
row_007888,0.17871566184772683
row_020438,0.09850729315058664
row_046259,0.03860189491007214
row_045657,0.6357371712113682
row_008224,0.004345296051190406
row_020128,0.006691842723579646
row_037297,0.0025377462069126663
row_040733,0.0014396304858118093
row_018015,0.8797564244105338
row_038501,0.008686765040283395
row_007682,0.3318198191727862
row_028461,0.0010621191207690474
row_032582,0.01778242757661499
row_042499,0.00851115298122541
row_023039,0.8015384507548897
row_048454,0.005323980030140901
row_015400,0.0032248435440353847
row_012102,0.010564247828434846
row_039432,0.0012341832933943967
row_045184,0.014130613626252965
row_043077,0.7147651826414397
row_024251,0.04518605105154617
row_017641,0.19893595609920872
row_009421,0.007144296436531912
row_030026,0.01784926197856367
row_029282,0.5444519918192574
row_033428,0.9315765182119075
row_045366,0.977748780722163
row_049025,0.9977546006323009
row_007109,0.03307857341892542
row_025856,0.008506183064071023
row_019052,0.03235496543958196
row_044735,0.007504824501530096
row_008675,0.0341047233869358
row_022876,0.958146060255277
row_014360,0.6255657688681981
row_012442,0.2659081731711041
row_012799,0.660351099883872
row_031360,0.012627069613000265
row_017562,0.03169018746844925
row_024472,0.07266230117632179
row_015979,0.0010172308010668824
row_004143,0.00043782040964633715
row_044094,0.5530642155310823
row_017836,0.10042699180189626
row_043758,0.20099868290724107
row_020993,0.5860309609425627
row_007691,0.9948765770511453
row_038846,0.16590409982309917
row_018346,0.6423939520776543
row_038906,0.22575017937379574
row_011773,0.05700287127862104
row_011186,0.03263720134676923
row_022412,0.005725203385911727
row_034725,0.2989896612696932
row_009692,0.8826271649511527
row_016951,0.8260236008507923
row_025912,0.007026686368992757
row_027844,0.006350973871381144
row_028543,0.05289596866756759
row_005875,0.270553991888832
row_008694,0.008831771752248179
row_044593,0.007153494448627725
row_004205,0.5277639033924884
row_035106,0.6793154760544343
row_018678,0.7794472760078694
row_017307,0.08395363739228988
row_021467,0.3420075333901995
row_019386,0.06944682247598112
row_044981,0.41719464486886976
row_036379,0.06172619671849236
row_040939,0.004209535942195697
row_043630,0.8847091367065346
row_037898,0.12333596845207762
row_039496,0.058122772985824585
row_010501,0.9986775752687809
row_016669,0.0016289149630903403
row_021105,0.24470733806097733
row_034286,0.9154823919073837
row_027622,0.2633002478117516
row_017895,0.05009913646345595
row_026562,0.0021329045840662317
row_039116,0.030264200974773916
row_038216,0.03276631030668923
row_010015,0.12662758100815238
row_044186,0.9615421983757506
row_027718,0.015285367612026675
row_042065,0.00304517496280511
row_041231,0.04473330465473493
row_014269,0.00643706252606891
row_009404,0.29083795421524433
row_040907,0.007549032120739445
row_009019,0.17754945865195754
row_001260,0.6030979235100775
row_018379,0.8361281169460044
row_031574,0.15648527501788778
row_003480,0.4658704683995959
row_018072,0.0022947588355633573
row_028873,0.03176864799462664
row_030285,0.642903599611252
row_037863,0.37921754530157226
row_003838,0.2633050471820142
row_034975,0.333730963931794
row_012150,0.9693032709348858
row_013793,0.060674958461202924
row_016022,0.3187788063622614
row_011460,0.002370022825415191
row_021282,0.23181749064961346
row_005272,0.03407206725573589
row_006045,0.012901623360444012
row_034749,0.23829295441629902
row_030237,0.1479342757111739
row_023605,0.09232001868634258
row_049859,0.9998197035308886
row_023879,0.006534021476466035
row_010002,0.38765614239194085
row_019117,0.16222336249465574
row_047206,0.7283867404018773
row_015073,0.5036838919729556
row_019948,0.4947251790846861
row_033094,0.0002878587746186097
row_002244,0.040311261298610984
row_017333,0.08294075600282637
row_010096,0.9480555562789499
row_004758,0.3445026662254274
row_007292,0.07090661199798794
row_027801,0.00805202911344523
row_045697,0.49300015665161145
row_000933,0.002950991830351567
row_009917,0.025448970213423325
row_022241,0.01106283056898767
row_002088,0.1255525999308061
row_046192,0.0009161226035259844
row_042518,0.010295329860775887
row_012094,0.09391657858004303
row_021357,0.021399692022683006
row_015415,0.023031673469818444
row_004685,0.5485390512249161
row_037761,0.9660025147906971
row_018100,0.006845005130736621
row_048253,0.06953795363354498
row_031042,0.18999384459549096
row_048550,0.1285879016427442
row_039451,0.04585910349535233
row_016149,0.0255608243739716
row_013725,0.07798962020974086
row_044701,0.044153113433144014
row_033776,0.38686417957865693
row_006189,0.0250556134443884
row_017597,0.20169273681390756
row_018731,0.007088787860296439
row_033111,0.055465594171975746
row_048913,0.005828196639570635
row_030722,0.0029169097510867393
row_004230,0.006812704580112751
row_005358,0.11552553573343395
row_030937,0.2953635670735097
row_047319,0.1496348036612991
row_015998,0.039662018863256765
row_002977,0.2870236795047809
row_039677,0.0050144532249001466
row_021479,0.003609106131096818
row_043650,0.09137743411729787
row_011313,0.6515362901262504
row_044408,0.00045566637316917104
row_024742,0.6148390446448277
row_006083,0.06828011707203764
row_003975,0.13559357295912455
row_022334,0.558007746483296
row_047861,0.02375565386061202
row_033905,0.3878164100431671
row_011482,0.024180228823668534
row_004884,0.9513529177345644
row_032788,0.2934350339608472
row_044833,0.6156036785268336
row_049627,0.0016647104028455816
row_004203,0.27821512875621257
row_024417,0.09004731386396161
row_004060,0.0813545699774237
row_034118,0.007398474879529387
row_025990,0.015255487491892502
row_011236,0.4812925926485328
row_005261,0.0032334980241684025
row_034600,0.02757855870122258
row_029176,0.19765780197662236
row_010628,0.7947982130710711
row_005231,0.035770961474888785
row_039545,0.05984223695274984
row_018727,0.9227110129948326
row_018516,0.8110300043680243
row_001412,0.008674156280632403
row_044639,0.00288241420026435
row_032103,0.18959392672107972
row_041664,0.6318929432846445
row_023657,0.3283971644005063
row_020441,0.5440341616076809
row_016994,0.016842652737212315
row_004610,0.055407340106291246
row_029218,0.44867745757128413
row_009518,0.978047909748755
row_027985,0.0325296219960143
row_017992,0.048019021334114204
row_049093,0.019147057784168826
row_048943,0.005714102775781457
row_010032,0.019945750140237282
row_017636,0.9887704719310556
row_022790,0.19211632852739635
row_022932,0.006341655079009913
row_044916,0.19021221575333355
row_038341,0.02247973802959965
row_003809,0.038889714392092024
row_016616,0.011545782555018168
row_031609,0.018260224010330835
row_002220,0.07256233841555976
row_016191,0.11623785141936344
row_043882,0.2862697702138681
row_038836,0.22648875187162615
row_024179,0.17343175385702542
row_017792,0.2394334156447422
row_038347,0.837545181761245
row_037324,0.08378760939784938
row_038291,0.16158848893040567
row_007138,0.0556370252021438
row_043611,0.0054724372603786155
row_040323,0.1369629894562958
row_019522,0.061058025953230254
row_039188,0.25161485358860564
row_016617,0.007976775994865968
row_022502,0.4811171339471529
row_028778,0.001120005893923794
row_043089,0.017718503970829663
row_038970,0.05549095727731707
row_018939,0.01661393888953274
row_015710,0.7055245508962174
row_036518,0.8271879664482281
row_045023,0.2206966014730167
row_030330,0.0749921542166694
row_042716,0.0014026580538701202
row_037177,0.10156886049262201
row_002489,0.004631017817228627
row_043522,0.11033396567450514
row_015603,0.828754108399636
row_022303,0.36476107833011595
row_039157,0.013553087761835635
row_010783,0.04457015030137919
row_047814,0.0813223792722515
row_040406,0.7455722000139291
row_035760,0.9993180335271759
row_004423,0.007323652827557419
row_035036,0.01792996579011811
row_037128,0.016045209705913707
row_038696,0.5554674184066248
row_009083,0.10248623044929708
row_014878,0.004376093923013505
row_040239,0.1987770709932984
row_035608,0.40755825340865165
row_017863,0.011778458532159163
row_038898,0.4291190114398516
row_016170,0.012276598805498232
row_033731,0.03626153471860447
row_001268,0.7328170835208577
row_026923,0.004490950407667424
row_033221,0.09001022738141963
row_008195,0.0017316640402271852
row_021183,0.0018297600467968747
row_002984,0.23222278775801355
row_009363,0.01500108157455765
row_005196,0.018856202826511525
row_010924,0.00023671125463901904
row_049213,0.05944387531688997
row_003246,0.00014363750600135833
row_032674,0.004424392505357849
row_003325,0.03489072867043292
row_036495,0.0021687833571438597
row_035019,0.01108893844836443
row_036509,0.06381224637566192
row_017627,0.1050973718860275
row_013806,0.05396506485273691
row_036739,0.016138250703355186
row_007599,0.0004927996024950152
row_045117,0.15581807568435263
row_010416,0.008158269216157003
row_035488,0.004108844188335131
row_012366,0.010690053770813054
row_000541,0.043854516427905894
row_042389,0.025966056896346647
row_045486,0.8882584355763645
row_027908,0.026801655831399467
row_028295,0.15439444336832872
row_047484,0.066426145170836
row_048126,0.09544322203315157
row_018245,0.04278520990983491
row_011024,0.9309524181503885
row_031325,0.5744999901640768
row_015759,0.012971285477346148
row_005290,0.9647673924460051
row_005712,0.0005327797852891106
row_020960,0.26569456151944243
row_029309,0.2420943477793504
row_034955,0.14258806409991132
row_028439,0.9992129615798849
row_022508,0.0035547406395462088
row_008937,0.07591225163081931
row_016794,0.02922212887175835
row_005372,0.0013440490347610525
row_048167,0.010992576486691311
row_010218,0.11046574733323125
row_017281,0.450356006193346
row_032429,0.9779134613937096
row_026761,0.43033554020385906
row_014053,0.007811576464981852
row_025064,0.10189591129952477
row_018455,0.005926479011692187
row_022285,0.37380852144699495
row_006762,0.714929329175901
row_024475,0.4092085250753006
row_026109,0.02319229928904209
row_002968,0.11422320650141689
row_022900,0.05009263881104573
row_036523,0.9545667392065028
row_002093,0.10102384191309585
row_010788,0.00482700544515254
row_038695,0.00017412193095916784
row_015663,0.1374265184353166
row_018692,0.05614108663855888
row_023355,0.1025067862902821
row_046287,0.7665236593662705
row_024739,0.0010201801710823276
row_036350,0.0009936770467388017
row_015925,0.0404724068818299
row_049984,0.13352972404078806
row_022935,0.008679505796819179
row_009438,0.8257238941825866
row_040612,0.02179003135872956
row_042223,0.060609612002646814
row_047527,0.027608197457323895
row_027243,0.13314906038091828
row_038617,0.03186560880431119
row_023698,0.07746816783388884
row_013955,0.8986579031064642
row_016220,0.6166826114746226
row_045968,0.24446529927488078
row_006746,0.026141679494214705
row_013091,0.3335737328442579
row_044093,0.999032291360087
row_042055,0.08517757343314213
row_002030,0.11390604346069541
row_004145,0.1269370726850576
row_008465,0.04218419814894072
row_028632,0.971471881651598
row_021319,0.12626283214857273
row_029668,0.09013633260462027
row_023479,0.00347669441563946
row_034735,0.5252089417621261
row_022634,0.07088164496382719
row_012318,0.04615477983925625
row_047268,0.010937720356056134
row_029446,0.08792547323605222
row_029343,0.012935362863202238
row_013774,0.8437476313171496
row_020923,0.0032610057654096835
row_012248,0.20465864577076415
row_018955,0.04871418045301786
row_027064,0.01378823245481426
row_043588,0.0057001811222302705
row_013602,0.08598635890835941
row_026278,0.13054948514977796
row_018380,0.35701862478975627
row_027795,0.4068511411568774
row_030504,0.03296072766933965
row_003693,0.2523797881607203
row_028992,0.0072230640900118595
row_011061,0.2774483921946336
row_048708,0.0008699276966889684
row_035468,0.5068656197534079
row_027541,0.0976720548739826
row_001942,0.13380648899928388
row_026360,0.043172589438571815
row_034910,0.3392531602329036
row_021791,0.7392536929141184
row_021943,0.050410359560182416
row_023206,0.8535484363254705
row_038440,0.08527478776654389
row_018055,0.09396687233906158
row_008596,0.16235088987980026
row_024583,0.005771706849467392
row_004320,0.05275153935902764
row_015848,0.006586932598920952
row_036112,0.04419465407836949
row_043302,0.3952453737061692
row_026039,0.9150000071792994
row_005373,0.7666090637984084
row_018396,0.9907169095887245
row_042837,0.9918045857286802
row_039442,0.977198294301888
row_005363,0.02511203410447257
row_035004,0.7797762262134867
row_001313,0.9888459158623458
row_000658,0.007360152845730276
row_041503,0.5114773857044926
row_007377,0.035006083404763
row_008449,0.0529225212260224
row_012746,0.20660582499374155
row_028353,0.9851984887068121
row_039354,0.00018922370230345874
row_025213,0.00654444713133476
row_020588,0.03566942732166767
row_036913,0.7454962114706786
row_025140,0.7789682896342439
row_014261,0.20187953733647043
row_029683,0.04524122047002966
row_047062,0.054089782139515825
row_043464,0.03102055056122305
row_016183,0.041292541177305006
row_021174,0.0062963131353304365
row_032218,0.19654598403274479
row_017369,0.5385119233475729
row_005599,0.7381047064205525
row_044509,0.7676526107359805
row_004249,0.0001197663809447182
row_022959,0.031086987762856108
row_035409,0.008287824924658486
row_035962,0.09682599468237875
row_030177,0.009346485307650112
row_031343,0.022156914306911704
row_016556,0.01425853212330687
row_009512,0.948121776888455
row_005442,0.00256358737547339
row_035265,0.01948889766555725
row_030111,0.971684098897883
row_032478,0.5136259646745072
row_036199,0.06114864151476813
row_023395,0.011961805579689611
row_035333,0.06772003014751182
row_040385,0.3832227001079669
row_000543,0.5106323742140549
row_012362,0.04656714779067868
row_023749,0.31085265852132404
row_042446,0.018568573613503822
row_018373,0.3493386108990491
row_039126,0.00554723816933336
row_005517,0.41000999089683043
row_032590,0.008486471245738977
row_042054,0.9774465428610968
row_002773,0.6862820298889779
row_038166,0.021471436223833896
row_023476,0.6656777465281691
row_040777,0.34150532824914415
row_023628,0.0071653998266029695
row_033237,0.0024706982160431555
row_029141,0.00035474358553560576
row_024971,0.6837640744550206
row_041019,0.02080500549424124
row_047566,0.8135749941494712
row_038639,0.012671275521571705
row_008109,0.01051255218135015
row_025916,0.03482360685248683
row_031982,0.5037683047542941
row_048734,0.1001699355054808
row_018259,0.0005507413759680236
row_002126,0.13225843465054118
row_020913,0.10678783177917808
row_024057,0.004223446706201745
row_037786,0.9486759481874334
row_044010,0.0035017705065236615
row_008538,0.02918869001499227
row_035655,0.3065002391774312
row_010958,0.9962205615738288
row_024487,0.768964208599997
row_023696,0.35756454123979714
row_036247,0.34171081000008674
row_015406,0.2669684225497422
row_027672,0.01683242393651397
row_023595,0.5587015463919718
row_039205,0.0009854847545565518
row_046834,0.47425926011886516
row_002599,0.17276861920264797
row_004548,0.03443300441038322
row_003523,0.009445220662211323
row_014232,0.017378896505059825
row_018374,0.08621063366128816
row_004243,0.44785464562118327
row_028210,0.9564384325438678
row_032940,0.5779947789508932
row_022469,0.05836144432701169
row_019934,0.3177455943993263
row_028383,0.11559845583409652
row_021805,0.39634964776419906
row_042864,0.9656957264775883
row_029457,0.16368678891638067
row_003820,0.820501755767759
row_022977,0.000596963841288777
row_037525,0.002565264162251976
row_014456,0.3093146838364027
row_008486,0.044564091520994484
row_042576,0.0011863971035581376
row_035315,0.5517266810438203
row_026635,0.05640883651829115
row_040376,0.004127277054351028
row_022348,0.6124906207996182
row_015115,0.011921739881290734
row_022057,0.21910493433745873
row_016070,0.7808676502722915
row_016276,0.2542882847426762
row_028624,0.36925411783923723
row_030319,0.18550834161421376
row_011844,0.7411038244236201
row_012305,0.22233644081557946
row_023716,0.0031039985050770546
row_014739,0.6281018237934455
row_034739,0.9862397245087635
row_036243,0.09481916508208607
row_003889,0.5838346409174282
row_027606,0.035461824892892464
row_033484,0.04452774526299142
row_004411,0.1009984230017436
row_048019,0.03760729457181387
row_021914,0.0023812954178549627
row_030273,0.06351047290913309
row_015489,0.25402691656230836
row_012452,0.019822988703305868
row_040375,0.019733270658435796
row_036226,0.29281652618094917
row_003484,0.01280535221928909
row_003491,0.022040207088008218
row_006259,0.10863428670641266
row_036774,0.8449308016784999
row_026903,0.3982406043901891
row_003839,0.010403475766265961
row_044205,0.14050618601337614
row_033176,0.02278736537312381
row_000793,0.000868559982576701
row_032345,0.10886780842386984
row_033707,0.0028826744297088514
row_017921,0.002803985485559839
row_026430,0.4700483560025213
row_044955,0.031334539015585514
row_004092,0.45901073860029645
row_044879,0.08684808697328647
row_038893,0.1129065015471439
row_041803,0.12270889931515164
row_044847,0.03868696576497816
row_008123,0.7391447119239372
row_019124,0.006475989524892724
row_035973,0.49543347639739493
row_035642,0.5422781303032419
row_015700,0.30667651129407736
row_047107,0.06103997595526045
row_040388,0.08189153947438273
row_049588,0.441732484079698
row_008013,0.00024733715595550505
row_009539,0.044454823877291834
row_013442,0.4972753234803861
row_031810,0.006289313518006274
row_023796,0.006802030124395831
row_041206,0.9076105004549448
row_049269,0.00784394867015248
row_023416,0.37904267216386767
row_040190,0.01302018167832589
row_014187,0.3657075354339407
row_044891,0.012978301263251902
row_035713,0.025286476721375826
row_023261,0.22792272351792517
row_003786,0.5823608769381209
row_022529,0.02285835193219017
row_030740,0.6427188925466043
row_046751,0.09178632198687925
row_031832,0.39435259874141904
row_005881,0.07216947594098494
row_005323,0.36059760788763146
row_033549,0.42662556322019674
row_042351,0.014027018324993973
row_013080,0.03241531663202415
row_040602,0.13590053481819767
row_029971,0.002440845750540979
row_021194,0.6995759574967668
row_034326,0.17221699649114672
row_034797,0.005257849564606779
row_022747,0.9727408145696408
row_045438,0.7367449167124622
row_009714,0.6412264327896247
row_040224,0.0004869051458077843
row_028049,0.09382420214446272
row_046774,0.09187474516840564
row_003699,0.007770713745257089
row_039412,0.0672402410774948
row_000725,0.7825415262187408
row_042800,0.1034079680648235
row_025984,0.9897870196310262
row_045197,0.08685242847623005
row_034167,0.004568442287595936
row_043776,0.00158712765859041
row_024129,0.026623542123854732
row_030303,0.002675317073433432
row_043131,0.0034348632020599203
row_043584,0.26817129770062126
row_033563,0.08296399083229199
row_016010,0.2980597628009512
row_020571,0.05511970368810019
row_028284,0.018405669194416517
row_026285,0.048867507938409195
row_002266,0.004317391981314386
row_032072,0.18783161955089883
row_009834,0.06586486592175993
row_028435,0.11075791527095594
row_027174,0.8169924971410801
row_039232,0.05016210675562914
row_012725,0.004932148461637271
row_031825,0.013675192300258801
row_024149,0.16135791781693912
row_013301,0.3869036259490713
row_011027,0.5618847422746774
row_031087,0.08392367534934597
row_030088,0.03807110633374405
row_022846,0.01120135922097461
row_006277,0.8507060438012285
row_025544,0.05472252051292129
row_046124,0.8991840550765862
row_043136,0.17863876265899267
row_028165,0.013324886947523729
row_027562,0.05374578811474939
row_002568,0.18320136060077846
row_046982,0.7257367429837372
row_023199,0.013977779263959171
row_049091,0.8969439877394986
row_002690,0.04882014459155462
row_007719,0.07091514140832147
row_047098,0.0017353300923021895
row_037245,0.6698992187983118
row_039708,0.06027970153247186
row_016798,0.005126627096524613
row_017297,0.6081893950333421
row_023765,0.0012925352716088162
row_039944,0.03681927495172205
row_043394,0.01563710212255784
row_032679,0.042649766046451626
row_003963,0.059929024692175634
row_012973,0.0003707760420267379
row_008142,0.5220071550487567
row_030049,0.369383055804643
row_026577,0.584915847042954
row_032135,0.058079177878406704
row_011278,0.12138140610005628
row_005187,0.03995904223557373
row_009310,0.10306717188139786
row_030858,0.05467803784952264
row_038361,0.009912422535618437
row_021944,0.6665328475573962
row_013851,0.19669193711383995
row_008472,0.0839595200848518
row_001135,0.006684002225019988
row_030977,0.0024355384726433824
row_049088,0.00818561591755529
row_020681,0.642320703941383
row_038189,0.08559133118385825
row_016938,0.0048917828688707496
row_045993,0.0006128174385712085
row_033749,0.06313062274183304
row_010943,0.658840861682625
row_003647,0.032612748827910376
row_025626,0.4933755362599701
row_008277,0.7547188275645885
row_025427,0.0032314842160304203
row_036141,0.21729197448149093
row_045796,0.0729940610143497
row_046832,0.004044381978371833
row_005670,0.005811170512405871
row_042691,0.039227040355378016
row_018631,0.296837909048185
row_011229,0.03945536349830542
row_040316,0.147325093208756
row_019714,0.0006003326564877971
row_015594,0.08974439897996708
row_039724,0.12174453224897715
row_047763,0.1151977738887824
row_030946,0.26984356427456035
row_013265,0.11587198558230201
row_000979,0.27926546086393406
row_040110,0.09631913889257937
row_039968,0.05257279689269941
row_001830,0.9262125261027001
row_044761,0.013666386338659232
row_025508,0.011826401281279023
row_036787,0.1830217989517387
row_007646,0.2948208491812911
row_012530,0.04296802816883334
row_017980,0.5309741917934024
row_039931,0.021182711219908185
row_024931,0.7183086923684694
row_038853,0.9052277212955708
row_000363,0.014976123055585919
row_007126,0.030031165121783266
row_031090,0.004840918863092058
row_005745,0.6832242236258737
row_000134,0.007576336054772951
row_034732,0.29270861330575015
row_040087,0.21373367797508094
row_025868,0.95782622040244
row_046759,0.8914849137203954
row_032108,0.056029389773885684
row_037572,0.005481987698072316
row_027240,0.010874397345203334
row_015037,0.3133847042334232
row_042532,0.7809874601711465
row_018133,0.19340053550078448
row_045243,0.055709973844343494
row_027765,0.05127841118921307
row_029448,0.009337449986234012
row_008342,0.018711953718108458
row_049084,0.015234661174031461
row_003918,0.006777165611119206
row_007580,0.022157413431296704
row_026741,0.002357252889166045
row_017011,0.9998552793785634
row_037563,0.04765545446734453
row_025762,0.0033086019795137175
row_021661,0.13341328526521717
row_029844,0.029524857229624852
row_011314,0.06626460993294675
row_006057,0.36438617805138124
row_021019,0.02396740886826418
row_043076,0.0435740690042839
row_027187,0.004207390504376487
row_036197,0.056687722803593264
row_033818,0.021073866809061807
row_035978,0.03722489534003293
row_038656,0.5337056602358464
row_031477,0.033341645081179996
row_037216,0.02548983609920524
row_031583,0.7551506521937236
row_025382,0.0013896445122807358
row_046148,0.06327781060792458
row_021441,0.2533671147087877
row_045987,0.9044269046650681
row_009704,0.45710678734900045
row_041519,0.1089504333592589
row_048372,0.00017449793887422982
row_012932,0.14713109782803988
row_000149,0.1358518315738116
row_041594,0.05457951438197696
row_032320,0.17109091530129322
row_021312,0.12055125463316767
row_035043,0.10514725597449809
row_034243,0.0008617999855930789
row_003180,0.8599905292562173
row_038521,0.7709232173680071
row_002238,0.07366480714595824
row_032394,0.6773656952989676
row_046434,0.25747126771871726
row_018397,0.030146760199250187
row_027787,0.3445941698270508
row_044531,0.08831357082589955
row_013120,0.25157992694055936
row_043534,0.9650581744364348
row_041395,0.25048801571625556
row_027178,0.16811147475814475
row_001847,0.23163331349768485
row_027797,0.0867813797202097
row_013905,0.15572310745166998
row_030343,0.021019615400173667
row_033663,0.6110091985825657
row_009949,0.004337556619589349
row_006055,0.0036850605823675196
row_022194,0.7824937796041951
row_008809,0.046559164207968885
row_013280,0.02818258836323431
row_017001,0.03906429984844353
row_034991,0.037732608151987757
row_039896,0.1945020352722632
row_007592,0.35389613455755836
row_031645,0.22601957316879798
row_036543,0.0009223625309650987
row_027791,0.01979001899732969
row_005543,0.01581528536843263
row_001297,0.3624903923940238
row_042728,0.5835124278909353
row_021490,0.010027185648417355
row_027888,0.9600978156494264
row_030482,0.015948294795932957
row_012708,0.35162577352437313
row_037034,0.3709028779872506
row_016102,0.999754555209806
row_042924,0.5374049402706946
row_012578,0.6292518258925107
row_002776,0.006124467327896124
row_020935,0.8256942471224272
row_021022,0.6292520236731356
row_010182,0.06775310375005875
row_014569,0.011013558891883523
row_007508,0.17113936085422735
row_040873,0.10468018377152549
row_035159,0.005548378844637555
row_009231,0.7664383781544255
row_048334,0.15014086974946356
row_039714,0.16995653449627493
row_004712,0.6137612729919906
row_011391,0.10323418086193725
row_022766,0.3333394957747198
row_015256,0.02699161867384167
row_002501,0.17869843536312743
row_007190,0.011125530990707864
row_029093,0.0020204468820361142
row_041268,0.24769163023096538
row_029991,0.09561242116082568
row_012245,0.010343748131583504
row_039666,0.9891445155451639
row_047626,0.01992038511751654
row_009205,0.3611936911871906
row_048824,0.0437243012668429
row_034638,0.4534698747599471
row_036568,0.3278120769337737
row_010282,0.03698692788546251
row_038288,0.558035322979383
row_027159,0.07120975898926377
row_027684,0.035620996258059714
row_031064,0.011207333255340443
row_039746,0.21125922266343755
row_010984,0.019432485857132864
row_004567,0.08677086531541704
row_046006,0.618558385147951
row_004795,0.5844938955681278
row_005758,0.01795386606882053
row_032083,0.18636781071010491
row_012244,0.6081179649952109
row_028222,0.5334330694177329
row_045508,0.0010891818525825682
row_034897,0.13774001369765562
row_022891,0.2312916356087894
row_002393,0.040922199175943245
row_009371,0.9954673480679881
row_029272,0.31935811705891604
row_011004,0.20543124303742552
row_004364,0.031188889868984597
row_026619,0.41003630082982767
row_048721,0.03981295080092106
row_018000,0.10421424494054642
row_049681,0.016362781660678154
row_035832,0.8915182537812838
row_033353,0.0029586924338424274
row_032064,0.0635038711518795
row_040473,0.18712625276395145
row_033954,0.00562536499067263
row_014184,0.11746682480309843
row_008261,0.6705222935533879
row_030972,0.6165550764997288
row_018258,0.042681083326002706
row_000122,0.24408933388766568
row_039841,0.8762446980981232
row_024140,0.00722727402096497
row_004059,0.1033285047815631
row_019871,0.06446074652979603
row_004343,0.068835276163615
row_020795,0.05652704404967123
row_018324,0.0483510713318721
row_018744,0.10866459674528778
row_007099,0.12451165549085984
row_025769,0.008888455129359448
row_023278,0.13699694827012485
row_000865,0.016396541402897608
row_045134,0.0021633222532348307
row_037062,0.9921027889901703
row_034251,0.05000590714017969
row_015554,0.5695113220695612
row_028574,0.055145757339720235
row_041127,0.004193980595665816
row_035536,0.22079482334368264
row_015106,0.21467046762165273
row_000019,0.0020661233547944104
row_034001,0.01860631469760058
row_009400,0.6977406522380327
row_042125,0.07063638516450346
row_014126,0.0017681401624585692
row_022874,0.0023386141172463395
row_003099,0.33190137738050934
row_042241,0.09377153700548367
row_003591,0.07224705207749145
row_038980,0.05235488353404192
row_047972,0.004447875390575384
row_009390,0.002140119516641279
row_011648,0.012159224251720493
row_004803,0.012065191802628238
row_031207,0.10158319970800547
row_023003,0.5581466801352565
row_016096,0.0881045919277116
row_013846,0.152388885364328
row_011596,0.09876870062199812
row_023806,0.03021076871178611
row_009157,0.19944881179031151
row_032458,0.5230041756852815
row_038518,0.11763601919897451
row_031331,0.19116064625706194
row_017091,0.6480796771410833
row_009106,0.2320118524128396
row_041540,0.05010325541585634
row_022225,0.007402309286577063
row_036868,0.0015607965118629669
row_008017,0.3590313236638086
row_003291,0.030826583941336128
row_037565,0.012655770200865533
row_032467,0.8672845882574098
row_002192,0.7434834325756655
row_007770,0.269999909105318
row_031175,0.014390039900227174
row_038897,0.007376292868107148
row_017553,0.0013752259254256132
row_048675,0.018299543649203106
row_041969,0.17622962130801684
row_017541,0.39088244360119295
row_031386,0.00417363570920745
row_018128,0.15405955209604477
row_024348,0.5601926086956842
row_002634,0.055133622775095724
row_036503,0.010568275779450804
row_024699,0.030983384372684834
row_041498,0.44978078362999513
row_031266,0.14845843773539336
row_016800,0.09535233513497447
row_023306,0.040421449332544906
row_005776,0.0035614083215143367
row_040738,0.04686904393355473
row_021038,0.024026877622070317
row_025499,0.06857611523919398
row_012581,0.0031797753706701024
row_025929,0.6629978752265548
row_035172,0.02619508912834495
row_031457,0.551448534985118
row_001224,0.059735160119095396
row_032756,0.10727204096859566
row_037218,0.044297576420848236
row_010479,0.9226974381697254
row_028400,0.28311883879981176
row_042051,0.27930803637578977
row_029283,0.00279883906571535
row_015578,0.008383780027153223
row_007040,0.1510631826490772
row_002688,0.000658944139417783
row_012948,0.014059616712693944
row_033371,0.01712179071396734
row_045064,0.02441601536994061
row_026667,0.11539973761732675
row_039611,0.13303138168387257
row_021233,0.0540684036225319
row_008160,0.49329244076886863
row_048606,0.07816249430131997
row_042647,0.1356848973315036
row_011689,0.05849431916553589
row_033450,0.06849226664318667
row_048898,0.005590734633734364
row_042074,0.03006142011100117
row_014296,0.9760687535195329
row_001641,0.8666587498030408
row_018061,0.23703681636069926
row_043243,0.17267486509777646
row_043041,0.22065444519466243
row_045066,0.055330028324233234
row_031961,0.16810388403893162
row_046190,0.058940207307717235
row_010618,0.04690479310285777
row_014237,0.08933637254733956
row_019664,0.16306418627285807
row_033424,0.017990985341110773
row_035448,0.4827806263206666
row_006115,0.021653983336511813
row_043035,0.14106094214364262
row_038203,0.011809920403266923
row_039651,0.13764564109712124
row_027524,0.40633574906253883
row_034182,0.02373232505249347
row_045202,0.023781190418091912
row_001229,0.01075574246629745
row_006494,0.027504308556999865
row_049468,0.04020798158578409
row_017481,0.10669673488373706
row_004646,0.6880444452700629
row_013158,0.010447267669109361
row_010997,0.13711008641980804
row_033288,0.3511066051645861
row_020008,0.04585294532492618
row_010687,0.030345503862162906
row_006987,0.01083825490570614
row_038416,0.9328314118326704
row_009905,0.002296630193492789
row_038139,0.08068144625141882
row_029071,0.05893285225610474
row_012917,0.9561725424402117
row_017564,0.26331059500053206
row_004817,0.8812663343892609
row_008247,0.06099538942565791
row_010248,0.015872263918095073
row_038858,0.9716954755440903
row_031582,0.10493813668902756
row_042392,0.022519837086921447
row_025766,0.0423777329609418
row_013207,0.0335475381298917
row_026880,0.003294615437768228
row_005604,0.8180078370832778
row_039298,0.2549926586584394
row_016189,0.24778415251906688
row_002148,0.15409838730307493
row_002034,0.00894946240666796
row_032094,0.016807014493163963
row_049538,0.010615513151459064
row_012330,0.20941411423691025
row_017526,0.9947550475150585
row_009722,0.7583907049854959
row_042535,0.04766661956840975
row_044049,0.4411532502108762
row_042154,0.016855795409230632
row_029746,0.022078633302573068
row_046766,0.026365348960060077
row_046359,0.0325522859632451
row_049739,0.13477597572801336
row_034636,0.01782837862730241
row_022178,0.026521579356028006
row_020835,0.006540663688804214
row_008069,0.025424060527914176
row_005100,0.13161666958062546
row_024402,0.22818427060038285
row_035361,0.1793420181785066
row_035818,0.03414719227037166
row_007059,0.007311175876760436
row_004790,0.3885448142191509
row_037687,0.9561337887783286
row_014480,0.0523074790576828
row_015067,0.052718779942475
row_031529,0.0020423880628291707
row_047827,0.0014429181319416905
row_029213,0.038029342416078436
row_041167,0.12391113795372626
row_036445,0.0032266256392469938
row_013583,0.8733909857204694
row_024275,0.24972100536735853
row_031736,0.11676078152658276
row_040914,0.6178033186789069
row_028098,0.012686691251338469
row_034583,0.04586749550534806
row_005935,0.8764724852861547
row_031560,0.0825822063886707
row_037612,0.26635475354082905
row_021314,0.6920425551983169
row_031856,0.04472761881737958
row_030789,0.05056012194534821
row_028423,0.015210548986300957
row_021386,0.02019214154610519
row_043977,0.0015213545895633907
row_025271,0.11311934416126306
row_002248,0.004892808873383755
row_022819,0.010403587520261614
row_003189,0.0028003637666424233
row_026076,0.21813381185941327
row_025316,0.91646250577679
row_016265,0.9921537988357251
row_024125,0.8617721535350857
row_048416,0.03246869744170646
row_017754,0.0008390378299941406
row_024176,0.0009586706154060294
row_029655,0.5213201178972914
row_002328,0.02276162361855011
row_037966,0.02972448728338636
row_021743,0.22958338627736566
row_046781,0.043421418307218906
row_005379,0.19646103021325012
row_024145,0.26075724846308984
row_017782,0.409928952948896
row_029704,0.114540105827584
row_018094,0.01357223444013998
row_040170,0.03727708530030162
row_038967,0.02303545652930405
row_009353,0.015047097327849934
row_007765,0.22911322219589886
row_045324,0.01099299728678622
row_026646,0.1340246571766297
row_033645,0.047885044035553846
row_031547,0.05366773649576939
row_026310,0.5036088284077772
row_001513,0.2914784479931946
row_049412,0.09923952183361275
row_029948,0.013937025402134366
row_003842,0.04812016273179943
row_024059,0.01590858810835215
row_040272,0.046266134558631086
row_049741,0.9419539293594427
row_032089,0.4796099186085593
row_018223,0.05059349407088652
row_030501,0.003301131494159149
row_034293,0.24123285751410717
row_039617,0.41448571439160375
row_012765,0.006094159704799911
row_024868,0.9767945536912421
row_032441,0.08549313444898889
row_011022,0.22650897041083695
row_026832,0.044200296377334816
row_035208,0.0093129912579418
row_047063,0.9860208988881641
row_033197,0.0007850579506715263
row_030382,0.37080944985246617
row_014085,0.0026518807345095176
row_046494,0.12421215413007988
row_015196,0.7418042405422096
row_025650,0.26954680974174244
row_010603,0.023497827094287965
row_008175,0.05833476708129541
row_002754,0.13338839861297588
row_024260,0.0018600144202929143
row_030145,0.19686202663838503
row_022907,0.004933648637945938
row_026231,0.5205749263007222
row_026262,0.04133984828412128
row_032924,0.01651738475762767
row_049582,0.05434092600891325
row_008737,0.3521178131247477
row_024638,0.285546138650553
row_030137,0.011940998826421797
row_000548,0.26635287041699657
row_049120,0.1551750733294678
row_004856,0.024418304367927503
row_048486,0.00399021272747228
row_044614,0.07992194970488975
row_047068,0.5666317318522114
row_007928,0.04976564733494202
row_021841,0.5859785148796404
row_026886,0.6086280771917452
row_041341,0.1811781481833375
row_009436,0.02779358796895944
row_049553,0.09580866556202013
row_012777,0.031075529082069134
row_006187,0.0007966720130141826
row_001137,0.9938696142600706
row_048030,0.8227255570745485
row_028603,0.7459419758603165
row_009658,0.10441548179739867
row_041644,0.09303728953523543
row_041057,0.18391498413998464
row_042077,0.4375742993502855
row_044962,0.015260679871971059
row_003799,0.5648292394648353
row_040363,0.12263246412963262
row_013466,0.625759295291306
row_047658,0.6959981272818392
row_047812,0.00025393311263393595
row_021799,0.052061186031081015
row_022473,0.06424671436556147
row_001994,0.5861191462987538
row_046331,0.0027156089086514345
row_038485,0.10499009508920834
row_011190,0.061626179788177735
row_048041,0.0738625935504564
row_019506,0.014811793100572923
row_003175,0.784254794758723
row_009863,0.00651442043087425
row_032148,0.9977696901068686
row_024527,0.8212948723752043
row_014419,0.9670397785438098
row_015501,0.9961031771062409
row_040422,0.9158699261771706
row_037015,0.050695004820102085
row_030012,0.5189448477262716
row_011355,0.0007921270592023739
row_031407,0.6782593758309368
row_025311,0.0037930872669121565
row_039459,0.014838056590855133
row_010873,0.03219451056766083
row_049192,0.046221792175611245
row_021210,0.008987182502810252
row_045143,0.008399341770464405
row_023502,0.06387627245002939
row_021801,0.08331484081585087
row_007716,0.02232770668663236
row_040075,0.002830837962703431
row_035911,0.026422057506212265
row_036365,0.9879441482138558
row_029916,0.031185830442250217
row_024835,0.06239728840514975
row_031224,0.01284006455046894
row_043195,0.003197389078305811
row_034206,0.033198947840820885
row_032162,0.9014358187042965
row_011135,0.11586001424349927
row_026976,0.1252307031009207
row_006565,0.034437532501575725
row_030302,0.2775547152466581
row_031043,0.5412012317445053
row_010490,0.38541533173157816
row_024229,0.1555413004437704
row_001478,0.26207984302398757
row_002355,0.28416941142121377
row_032065,0.0054675880932252546
row_047083,0.1587015833855963
row_028324,0.2234054717150921
row_000910,0.9987639646079501
row_016267,0.07678994997519327
row_045494,0.0006661720038686595
row_040333,0.09588811954545072
row_037322,0.5019580243859281
row_035743,0.06254477487051663
row_017516,0.17277177938592123
row_016244,0.02521277019296807
row_047180,0.21099981536268644
row_033290,0.06805864099242212
row_037040,0.3931398697824408
row_008941,0.6091962248452385
row_003936,0.016875995726373518
row_040502,0.1611254256272657
row_017432,0.06507616093086781
row_007438,0.5703921297500144
row_032153,0.25538903065183527
row_039476,0.007352173649280538
row_029873,0.6068112844759803
row_043656,0.0019285797996164552
row_028949,0.0013467284516896464
row_037376,0.013097041769163861
row_005216,0.061823582891779506
row_049206,0.04213176903942103
row_004353,0.2254638409956384
row_029734,0.03341004541733525
row_037473,0.056293993165986614
row_031962,0.8210673279780598
row_011811,0.28333434756683124
row_020685,0.3858695927563557
row_033361,0.3255968114176428
row_014243,0.003354361635029833
row_048230,0.04714409196251629
row_014615,0.13335607473426297
row_018741,0.5070091726541471
row_007973,0.5215652590779701
row_009166,0.07744155982651311
row_000168,0.09182108861371512
row_045699,0.034167883411650266
row_025822,0.10191254043825282
row_033398,0.05005626635929245
row_031346,0.5318338750501963
row_048820,0.06460270721978216
row_020928,0.04752738740223564
row_045071,0.16593357629772945
row_047472,0.0040385943172496636
row_042251,0.8108633601759739
row_040997,0.6630300461626825
row_005995,0.00025733841746498697
row_027176,0.2766688219618377
row_008274,0.0027336401158985038
row_032736,0.34490532729318724
row_023115,0.3311290376125167
row_035658,0.8396986537109409
row_006138,0.0017852031403659046
row_019130,0.2498634284015405
row_002670,0.10136661896050972
row_006255,0.05189186311917506
row_005651,0.111733151747761
row_043855,0.3647422080649631
row_007423,0.001736633802130944
row_015812,0.2920785910077867
row_020155,0.0062858274913013615
row_033097,0.12455312167617226
row_015553,0.23316888107443265
row_022704,0.5219548887804372
row_003426,0.06802481177554112
row_040870,0.007464912068065352
row_018277,0.015855322904988187
row_012800,0.0028344690728275986
row_022376,0.9448361355000067
row_020749,0.02777813160967792
row_031281,0.14957973106219158
row_006067,0.20376528972015379
row_021638,0.8836964473584148
row_018006,0.2218569526474763
row_004970,0.8356652911078464
row_030920,0.9420652491399004
row_005158,0.23180207229647606
row_018533,0.0886154572051665
row_031675,0.1263095596950473
row_045182,0.3426476301842864
row_016486,0.05053304027694899
row_027619,0.12890368144320918
row_011940,0.0020608732658034448
row_042795,0.7552454537702568
row_002718,0.07598425814890146
row_001909,0.010130875783583815
row_023271,0.20684698660415166
row_000197,0.0015153448535448625
row_029271,0.056777249499165204
row_003093,0.00023554979114060546
row_008884,0.17166498661641125
row_036034,0.1856069501170093
row_046581,0.5886989006366479
row_049370,0.36654219583378356
row_002929,0.879312763484746
row_024213,0.14421446959460704
row_026438,0.006718587684930219
row_037866,0.0192144885932335
row_043730,0.1353801364288044
row_017971,0.004907298058079426
row_029192,0.0018421626276426332
row_031987,0.01468334492949481
row_044627,0.08622475323206598
row_001416,0.11527177090352411
row_033596,0.9952423005361538
row_043986,0.18783259967627897
row_023233,0.9715779564103518
row_025624,0.7328916727771109
row_038402,0.2562008858807687
row_039922,0.9030507269246023
row_016911,0.43969251404005766
row_006437,0.04793804386218581
row_017788,0.39274325265524995
row_000518,0.8217816626763186
row_049258,0.3331962975950716
row_026702,0.004981171446029385
row_036532,0.5592130885534142
row_041475,0.3652253393515944
row_017901,0.002797654749678716
row_005041,0.0547805143466003
row_017480,0.06540229530430297
row_010454,0.9039713834369978
row_031554,0.005167841030642432
row_011551,0.18366169775697946
row_023087,0.4493057121364644
row_017085,0.0043969015988376756
row_044985,0.06760403064628544
row_049408,0.764225114730124
row_012875,0.0071542325529360806
row_003885,0.006973396418289218
row_025956,0.23891012106136023
row_045329,0.2291287733714996
row_022840,0.9462948046788417
row_038293,0.2509318535593998
row_038364,0.02848491198744981
row_039924,0.003369776230053799
row_018092,0.13096777144388688
row_047486,0.18728511409837695
row_048318,0.22411826301890891
row_035464,0.2864671041820933
row_011393,0.0032911452695929644
row_044376,0.9751599264587059
row_006264,0.10207398437926866
row_032892,0.032489645386652694
row_019527,0.8639928633433855
row_022161,0.15753089838382175
row_017593,0.0606594106757453
row_013059,0.0030144684628506968
row_047037,0.021923668957037283
row_033431,0.9601862358667999
row_010242,0.0029216705155773823
row_031348,0.046018672452072
row_043752,0.32973484678571413
row_037028,0.09953472653007805
row_046779,0.9500637773433044
row_047488,0.8569486190965435
row_038067,0.41464662728253715
row_025445,0.0034366657959331503
row_043994,0.17659383262501308
row_034065,0.9833033304319152
row_037651,0.19369261309725885
row_016351,0.4227933435952505
row_036263,0.07624811277083494
row_018233,0.08019765711913877
row_023403,0.09638064246083958
row_020605,0.836369957790394
row_048717,0.0657728060261894
row_043740,0.009518836070668134
row_043320,0.3526057505307079
row_038274,0.04313969978286236
row_009194,0.8248240679776906
row_045462,0.9904317237862584
row_007738,0.16810814095579685
row_046763,0.02796661226122047
row_036390,0.004605963995017608
row_041286,0.6953764887524164
row_020952,0.16486747343817534
row_013245,0.012949379149155274
row_025075,0.126359238693048
row_026675,0.4844452862847243
row_030484,0.032063241650349295
row_011347,0.0278488990906806
row_006986,0.06460598107234938
row_020134,0.6451235074880465
row_045693,0.005897248406079045
row_030525,0.6428471868009703
row_044383,0.05931042473065383
row_047840,0.0006263630298338807
row_009196,0.014721211644440298
row_010005,0.7426365184731237
row_001020,0.10119273199014805
row_011535,0.3229698913870846
row_020547,0.12007317191797016
row_015806,0.33650822080596443
row_039973,0.9999858764158553
row_038932,0.8332410933680797
row_006020,0.0266087295034827
row_003915,0.19681531281489367
row_021113,0.003091408577329435
row_001214,0.017894904404904034
row_032509,0.03894424463600198
row_041833,0.07007594454853597
row_031310,0.852946528496085
row_016857,0.009275431083079785
row_044818,0.8461927151207898
row_027058,0.05794789148994794
row_010782,0.051530554173883476
row_041732,0.16537931502015502
row_023867,0.008015976017840019
row_019249,0.018180918103693985
row_036213,0.0020328545033654944
row_017014,0.004583645118304023
row_033874,0.11994588273984216
row_014033,0.00010929022987070921
row_031934,0.19034843266107768
row_039397,0.14849312181414745
row_045829,0.0020626377912823803
row_032888,0.02293080367774878
row_025504,0.5227249121952897
row_041872,0.01617492921738014
row_014131,0.267794573693849
row_017209,0.19471283572355824
row_000531,0.029378139880950768
row_008034,0.816218172800441
row_014236,0.14309026628826027
row_034858,0.0035337078173996866
row_025233,0.0006678105139961966
row_044302,0.03057406066007492
row_018998,0.9997996158916739
row_028258,0.9181092217213147
row_008289,0.1792394480920062
row_016164,0.9070769233605674
row_003091,0.050246616440329746
row_014390,0.00404129504155338
row_020763,0.7151686019857522
row_025189,0.9143324495301122
row_011346,0.00017410201668750046
row_009713,0.6222078579304133
row_023116,0.0018643792285165351
row_032979,0.07079588139665711
row_026942,0.08735898024637391
row_046474,0.8647152811245973
row_032613,0.00830857633966679
row_027128,0.014744408432858217
row_016502,0.2923676240453781
row_012065,0.08068518228215903
row_021996,0.013410902217136854
row_035290,0.30946769083672365
row_037883,0.9756949711961765
row_038301,0.7078889466548063
row_016097,0.0009680465449235292
row_026952,0.3407876719611657
row_005095,0.1814087365605405
row_039530,0.023450169890395535
row_036307,0.023411340344463988
row_022783,0.2683631025450597
row_018354,0.015361765935147572
row_023427,0.22529724877190976
row_001934,0.0031393409917855955
row_036778,0.11517769926895181
row_018318,0.016383939206209685
row_001889,0.012588696554554957
row_046606,0.007692614862518149
row_020394,0.3403582026475444
row_001447,0.5846163146014139
row_027377,0.061226657121031314
row_031723,0.9284996584867048
row_035531,0.010339746288002077
row_048043,0.49595695969331716
row_013932,0.06914143237426251
row_046962,0.005954460980636952
row_033893,0.08078979899526234
row_048302,0.287354948792659
row_007948,0.8731285533122086
row_026905,0.9960765330683592
row_014263,0.837690268397699
row_013431,0.0003582566914938631
row_043264,0.03822789507467886
row_013293,0.061767044218954854
row_047398,0.4583856590768867
row_003983,0.01495186579298256
row_004130,0.13918893233218332
row_019853,0.8355733281356619
row_040436,0.2786926261490335
row_000284,0.006366317960975887
row_046748,0.020405551578816662
row_001362,0.2006125013352438
row_002037,0.6455425150087644
row_012031,0.0189119014747002
row_021394,0.004124408948666471
row_045524,0.42680556667484376
row_033847,0.2408624728410732
row_022501,0.015438143070506533
row_025338,0.011315282590870461
row_004753,0.03311142028749994
row_029667,0.6010992955301843
row_017637,0.39705012696405484
row_049674,0.6499845657204091
row_042850,0.09941853794669858
row_039886,0.16112513202340925
row_036139,0.027301338829921067
row_033201,0.017540472202839268
row_031762,0.10135411114145945
row_044373,0.037565024734674865
row_002783,0.05755406742716274
row_030381,0.07117024188443931
row_005568,0.4718017930319633
row_039772,0.018132639398909318
row_031377,0.622703709943212
row_024780,0.030593060027744458
row_045130,0.00029639221542431476
row_025680,0.5734168738657826
row_028927,0.744732790910945
row_044684,0.017511394239165798
row_026921,0.12647872239699404
row_020168,0.04937930046062585
row_008231,0.41542518400461725
row_044213,0.013568364396240441
row_042282,0.08914640337378146
row_029946,0.98199668251876
row_036505,0.023497157036208045
row_020160,0.013840170906444566
row_013864,0.6593552392417785
row_013899,0.05431521684851179
row_041537,0.11140026552676377
row_007205,0.9958487569718284
row_035126,0.019321515401697485
row_004588,0.03318833625974275
row_045702,0.11484686188498594
row_014957,0.44509823899677264
row_005404,0.6403238951624166
row_024315,0.02435859484685674
row_002841,0.33805005301321617
row_018553,0.4383238187295157
row_026612,0.017110996745447155
row_033020,0.012611531694229652
row_042373,0.9923661657556125
row_046170,0.058358159547549804
row_011082,0.31958074141140375
row_042225,0.1950489807833302
row_029066,0.9977446502919419
row_042679,0.0002332116322974437
row_006699,0.2212420587049724
row_031836,0.3747020069071123
row_028633,0.02254245549584691
row_001810,0.7496639647245006
row_017075,0.09756597539386941
row_036172,0.757914970347377
row_016236,0.25480514657452263
row_046199,0.050129276729330534
row_031568,0.12727899671516438
row_009633,0.8391035532928002
row_033924,0.04078248612812423
row_020991,0.8346375471236921
row_029151,0.029372105872194177
row_029385,0.05874731986064843
row_031617,0.04632421243704512
row_039178,0.08314534351488763
row_016091,0.027686848385471897
row_040423,0.07779252579479169
row_021712,0.7148319040575241
row_022341,0.9919357659110566
row_028132,0.15606191393121688
row_035107,0.3954594388613862
row_021961,0.526727374921565
row_013357,0.07856384111454578
row_009367,0.5835208429587948
row_035393,0.031498656778570264
row_026569,0.024159802984606998
row_041709,0.04054106486537671
row_024552,0.6210199214478566
row_039162,0.18113036728022655
row_034538,0.02160648157315164
row_021130,0.14273202724848025
row_010442,0.2993025552049793
row_001411,0.1749369722336788
row_026305,0.5609773042202775
row_031362,0.023715099373144304
row_002035,0.029056812606936298
row_031541,0.0029841656705984774
row_044044,0.009631102135100893
row_049424,0.20169799801541824
row_026087,0.04759060305594378
row_016445,0.7145672433254711
row_024737,0.7359553492945644
row_032843,0.05216446635406129
row_022933,0.07271347365850432
row_044927,0.020700871086556317
row_026040,0.8061621257667452
row_042249,7.109825538559202e-05
row_032741,0.004042971952494813
row_019525,0.981985557231775
row_000608,0.8717416163060343
row_012895,0.04669760764959002
row_049851,0.03242902975176528
row_007665,0.09412463159615832
row_031557,0.003532619491759704
row_008476,0.39245692045736214
row_007519,0.005463228873676826
row_021865,0.051706701580288006
row_004049,0.04061345463680635
row_045732,0.1877170843354008
row_044448,0.0028092213343405845
row_033993,0.41272765990395893
row_018052,0.01865319449464678
row_024721,0.12350725190019475
row_006001,0.010345002011658644
row_019590,0.01719277901703683
row_019370,0.057232727006179034
row_013535,0.3830858659009576
row_022123,0.04494509148129767
row_049841,0.07563281863951382
row_011546,0.14095405121732643
row_021720,0.0279728138042466
row_031134,0.5460819002572723
row_043761,0.12109613478643637
row_014827,0.19146337182858322
row_006131,0.005546097156569224
row_014776,0.08201265830274808
row_034402,0.17355032814374263
row_000921,0.34085757147441603
row_013369,0.13125794470700888
row_006864,0.062231200735172895
row_015722,0.016339689926647766
row_017241,0.004467415035618996
row_026169,0.5570138598865424
row_046822,0.11107772274193625
row_013563,0.0025045861595834077
row_027134,0.6540921636969071
row_007643,0.0003565071238979412
row_006201,0.2107471992045969
row_031320,0.9527663481377099
row_014865,0.15839179114538712
row_045623,0.9738079866325234
row_000730,0.10942213305028743
row_024489,0.1038384804401521
row_043057,0.8874081130131509
row_038585,0.11733304810232094
row_044077,0.16136094335056012
row_021820,0.6372086587933448
row_048293,0.008622341380076807
row_012744,0.009750500823680378
row_012886,0.013278646608210105
row_005854,0.1412589881160729
row_015056,0.30582701273595114
row_034367,0.007504975009640492
row_039061,0.00046695049546051587
row_019492,0.45664492413895996
row_022838,0.02546195888154431
row_000716,0.3437212940349356
row_016339,0.038532409705798486
row_038894,0.054616216662465654
row_013072,0.04839644807804604
row_033851,0.6956011722233686
row_048111,0.17503697670331586
row_003772,0.9632710962359854
row_000133,0.03606690559613688
row_018304,0.5304609331808569
row_028484,0.7118321023811842
row_015776,0.1498297878470226
row_004322,0.05333136193372185
row_008523,0.02721700340687317
row_020697,0.5639445842283031
row_002101,0.2553630448965611
row_011329,0.0818375588109716
row_041444,0.02929570024356861
row_001065,0.24156647658980024
row_027100,0.020060999194582155
row_010280,0.787845626942159
row_029637,0.003546982902615821
row_037250,0.13191247885574447
row_030881,0.019193935047680816
row_000748,0.004397073097081959
row_013087,0.514227167819684
row_032584,0.1961892302792797
row_049561,0.8890505099884896
row_006596,0.041422398774228764
row_029164,0.9814809437507367
row_043392,0.0016702481422009204
row_040554,0.48931569189083796
row_001332,0.16158292049124198
row_042101,0.13286626530555756
row_019405,0.020564129937052304
row_021154,0.6036041907755827
row_045690,0.9547896814917607
row_016853,0.019080648683523285
row_036886,0.23999205587832878
row_024236,0.012407132587418317
row_040522,0.4053846919685154
row_038571,0.0012532069951937648
row_025389,0.47235559393559057
row_034095,0.16279538597613646
row_008484,0.39988484822295517
row_009029,0.6769986834811709
row_044827,0.003587395424480842
row_018210,0.015036665105722224
row_014508,0.05783484845362674
row_017946,0.9885134747162504
row_004455,0.17924659356562084
row_046659,0.13010684819340085
row_047906,0.08350354924847724
row_030588,0.5458859660909163
row_027600,0.7314701610175954
row_022196,0.5738627691670365
row_028144,0.6603247026218224
row_001594,0.13142634667842817
row_011729,0.14621662257319148
row_029836,0.29717003422186894
row_017112,0.03307818398694886
row_001140,0.14676889968042992
row_016350,0.5280339405396196
row_002703,0.010352501540654554
row_038480,0.010834428555901379
row_033696,0.7099173036060631
row_007627,0.7973938164540861
row_009745,0.6843759341527029
row_027821,0.09344123134246003
row_043026,0.18300076039309582
row_046588,0.2696586150852248
row_017947,0.008236195217995602
row_033559,0.011242211051081811
row_027602,0.003902229468972814
row_035591,0.0031201417137186557
row_039683,0.0045514526516513614
row_016042,0.2891890866154845
row_022343,0.5177049121159889
row_038744,0.6303319438560319
row_033998,0.003213758553504384
row_036899,0.02765163439685085
row_048598,0.03011858200058047
row_037777,0.0016848141941040852
row_036216,0.041050307515694946
row_027585,0.039539345113769275
row_041468,0.0025576713798490017
row_000906,0.11323864264657511
row_015856,0.5826005720038017
row_033073,0.5575763619226609
row_021554,0.036179890923239026
row_039800,0.6633512960356518
row_048466,0.005641113712088397
row_038286,0.0823729377120851
row_024741,0.1520243391061354
row_021888,0.09546129047158107
row_043967,0.1276717383867705
row_025907,0.0056659226175265
row_030419,0.008574572305399774
row_008583,0.5542668657108643
row_046068,0.03787849558307778
row_038674,0.001679955387314807
row_038972,0.03855798765350026
row_012517,0.0681620643857607
row_003037,0.36859316610002807
row_048725,0.08354462525214629
row_029064,0.026092418734500376
row_045010,0.24528865143015405
row_026283,0.23203149794600325
row_031011,0.028405760798242856
row_042514,0.9330905158489018
row_001725,0.037787270468282196
row_018790,0.42221919780108674
row_037038,0.20077449912864045
row_025205,0.0021324623020933598
row_012846,0.03476211002025896
row_036385,0.10516748376096562
row_025901,0.9966870526537666
row_002032,0.9450633224461666
row_003552,0.0003623582264083898
row_015540,0.7649122715373374
row_033017,0.0862335447713761
row_018036,0.9140993527617538
row_005508,0.5671374598484444
row_044261,0.07810710606718561
row_012705,0.03911660731739754
row_025969,0.522673713856101
row_046452,0.003898871738995625
row_003991,0.04295128355778806
row_030456,0.3503467912900397
row_015901,0.0300059384968332
row_042685,0.12943122528593665
row_012164,0.0012955679620359132
row_032127,0.012511457019698753
row_046380,0.5084308295496879
row_031813,0.0018298154737683532
row_044496,0.005465901373110314
row_042671,0.0002891179354827048
row_011372,0.10673690059728136
row_035166,0.86887083778902
row_040377,0.03552351706307285
row_017835,0.09651896260609302
row_046756,0.0026073792363827614
row_001952,0.031116526620111214
row_009627,0.4342232510212256
row_025806,0.008613833403639025
row_047510,0.09176620715833855
row_037337,0.11461644635381031
row_015176,0.22691289625222252
row_028112,0.07069530250430117
row_041580,0.10955743371918378
row_045712,0.0008549307279351782
row_031178,0.035139272783186785
row_036609,0.2407652640352196
row_041470,0.3360307247534788
row_015630,0.14850033787872466
row_017578,0.9673100691680848
row_005905,0.041132622335047636
row_043583,0.08015082352591518
row_022637,0.045184073406717165
row_022363,0.06505486813541952
row_034630,0.09209780655462818
row_023824,0.2136377447188639
row_025431,0.0006106445002412118
row_015532,0.3214758340525777
row_018220,0.05128652268767715
row_038359,0.5662167078605177
row_024973,0.006408544408269772
row_011255,0.46552760759767975
row_043523,0.0030952489252183803
row_034166,0.02341106784394887
row_041078,0.010167623148036764
row_005144,0.0144217480404388
row_041755,0.07121496109725053
row_029078,0.004254479653189614
row_018660,0.18680498599954107
row_048608,0.9023047025914285
row_019701,0.9669069224124894
row_027843,0.05177094566960065
row_022176,0.029769562913060328
row_018099,0.33368430441097435
row_013095,0.004473114716588989
row_024422,0.9047215719530817
row_006795,0.8385747974794056
row_013064,0.7857807968459906
row_042934,0.10761357851873739
row_014103,0.5075088859061615
row_046225,0.11878994428781016
row_027764,0.007736297297418214
row_037389,0.0985231909035073
row_035511,0.23771091818920867
row_032174,0.7257125915183831
row_022521,0.8157525807786367
row_042496,0.00044880463255613526
row_027308,0.05555797325942949
row_027599,0.36335985026413714
row_032512,0.0007227907108774021
row_048693,0.2032791991972923
row_012723,0.957305866874958
row_017365,0.001530376158537027
row_002998,0.7926061775184516
row_045646,0.9226499578653835
row_011055,0.6642502991199547
row_046091,0.1346220229316756
row_021245,0.021137895551321534
row_027061,0.7291306776547147
row_024390,0.007891007724665586
row_027855,0.29571526066849313
row_032896,0.27418599307563196
row_010700,0.3397432618651254
row_005834,0.038351480831094104
row_024747,0.0033262759875281283
row_040737,0.052456831644808063
row_037126,0.27612286628915755
row_021998,0.8343313090475991
row_043708,0.34413269785083206
row_033054,0.15802537366329295
row_031569,0.5510270709895756
row_040960,0.42319489813037936
row_024724,0.12462008949807665
row_045567,0.02208362198691485
row_040242,0.006390567563834498
row_032271,0.011253152433864442
row_015948,0.0011431687593952704
row_004372,0.054973714406968424
row_005412,0.13022843088549504
row_000472,0.2679383587239299
row_026634,0.0031928323704928487
row_037175,0.001666842193347547
row_025016,0.003336506544960727
row_019680,0.02053788724996367
row_018431,0.021859008908407175
row_021015,0.01977722568561193
row_006489,0.0068995832324729705
row_024261,0.008084311171930873
row_016335,0.9901624738783127
row_033772,0.3123687217569949
row_032969,0.037341904064950346
row_041142,0.4088054107397389
row_029050,0.016733784722515962
row_025646,0.9995666909439926
row_034393,0.3977844331128307
row_008065,0.08388954916325264
row_026668,0.01491752970396886
row_018454,0.9468611621501561
row_002057,0.8338560856913375
row_024147,0.031027548254630832
row_021656,0.003068748135797536
row_002188,0.6084251903023588
row_026172,0.07509656206217273
row_012444,0.7261532503487407
row_032535,0.015268218669853407
row_029375,0.002243992337973843
row_025059,0.0002507795230557725
row_037697,0.05960336530994351
row_031121,0.24821273644968644
row_013084,0.9138217934315094
row_016812,0.5384697221762507
row_000808,0.12889895551866212
row_025388,0.5422182716085229
row_030563,0.08056676180069455
row_015950,0.10036521371488238
row_035916,0.01387947751632634
row_048650,0.022667819589735884
row_036767,0.9053502608213695
row_003172,0.21125403286247496
row_012522,0.0023232246591166385
row_032409,0.1951354183407848
row_043496,0.6457699126453669
row_023736,0.019137963972432337
row_018788,0.8639534124107557
row_007698,0.03325342759690754
row_011865,0.0010136824778043164
row_018310,0.02654483635353408
row_034871,0.11943604141746501
row_016985,0.003990807948676373
row_015985,0.020346551662824754
row_001804,0.019055949047333497
row_036755,0.9363618091647683
row_023556,0.011711684874372264
row_020130,0.0050670901634422855
row_025746,0.1192135275646185
row_002047,0.011147379175174697
row_009604,0.16787751296631262
row_009401,0.028663040495106155
row_043830,0.05758312460302478
row_007128,0.03683948239961289
row_026874,0.028036751274964807
row_033932,0.4718314126690485
row_030983,0.7127044867668232
row_020924,0.004022408573681143
row_039053,0.005725227153926006
row_003119,0.0449710119692512
row_033021,0.011130023251705746
row_026290,0.0422639666681926
row_040520,0.41066349582556033
row_044150,0.013560975918738042
row_045251,0.01747759689052161
row_044503,0.23672619363309305
row_049635,0.0011324089747053
row_040335,0.02908236806719589
row_012665,0.008754360959993605
row_023997,0.2291280558486328
row_006371,0.003166564313366013
row_013027,0.8601281831952842
row_025351,0.05171221792950869
row_008668,0.10375506735510118
row_032250,0.21495325083233188
row_042588,0.9387226189190299
row_009040,0.02991166711176181
row_010736,0.6369281961576881
row_028523,0.045638735151014694
row_024358,0.035962384273855764
row_022181,0.7105851389163799
row_020910,0.4824021841940277
row_000438,0.18276898904703381
row_022576,0.3729036894626537
row_006656,0.2252849335642466
row_030532,0.09025485363000536
row_018102,0.2165173218384776
row_043531,0.20874875516148506
row_020275,0.3063877565375324
row_041927,0.002718319767281898
row_009922,0.887443837073036
row_025347,0.0023013070167423096
row_026557,0.1399613698109109
row_002614,0.1425899512128575
row_044544,0.029108566290410032
row_023146,0.2094257494909737
row_012940,0.003657379297722548
row_022544,0.01639507341748024
row_005302,0.01821959960839585
row_018755,0.09185733992217009
row_012013,0.005073447085026761
row_028587,0.020927276412884204
row_011771,0.2508768263006354
row_030097,0.5135272996426848
row_024060,0.098316097027547
row_007079,0.0628500713429623
row_045001,0.00410276588481008
row_023690,0.06806931383168004
row_045565,0.5450452736907591
row_001199,0.11857696091556674
row_039305,0.08286584581930952
row_017914,0.3280219904341512
row_033482,0.8996081633066023
row_009496,0.9494080312858261
row_031234,0.17051881693914622
row_007974,5.226556575506221e-05
row_020687,0.2019412762919803
row_047040,0.5128588476650825
row_005433,0.04773053154529498
row_032143,0.12305991389236139
row_039089,0.9212219579343145
row_015788,0.006436972614446281
row_015298,0.03962660134355977
row_003349,0.08332353516237712
row_023786,0.0579046851661136
row_000917,0.44419077234332344
row_005467,0.0341831302374477
row_005936,0.07407015067155721
row_037623,0.0070881334477418565
row_007179,0.053793371898533095
row_019221,0.008714443147818057
row_028980,0.007880557764864128
row_028051,0.06507727689074713
row_023431,0.09727181963701466
row_001958,0.047869351465533776
row_001471,0.2593011918216757
row_030637,0.05375901522591482
row_036078,0.3236201672877989
row_013300,0.0012478501547768836
row_031741,0.02543743077379229
row_036835,0.07567427682537484
row_023454,0.0012368957607525406
row_030158,0.21797497796034612
row_035135,0.05007269063735757
row_000790,0.6512467177109171
row_017751,0.002513550691473647
row_036654,0.08103206653644396
row_012046,0.06335358538094087
row_030118,0.037989764360944686
row_005724,0.07813170141638619
row_042287,0.027273708411711037
row_049483,0.030739053052699784
row_008495,0.044391490059346145
row_024946,0.0033773585510944006
row_038688,0.10096960210048035
row_034227,0.192656202750632
row_039105,0.6813237669690543
row_031700,0.5505300014807212
row_002038,0.015202010605037796
row_013669,0.04448250833721674
row_022504,0.024743840512807102
row_024234,0.07483026404298845
row_028642,0.0783574093888912
row_041110,0.22844820834444501
row_020032,0.8775934645951884
row_035991,0.7803796535395696
row_031434,0.12696177397432074
row_003485,0.009715048107572849
row_008771,0.02251497165927077
row_026390,0.38248834671527976
row_001868,0.02098254491316214
row_008664,0.7188997756488005
row_013330,0.571572474154262
row_044438,0.09929556226786096
row_043995,0.007351425971808415
row_008312,0.20330267580529737
row_027081,0.05202751084282674
row_028553,0.3330373772966906
row_022476,0.8373962125489142
row_021281,0.00010074206122219392
row_028261,0.11923900303637966
row_034788,0.6963415455846556
row_027292,0.9107548969466343
row_028235,0.008029160399521156
row_036138,0.0017429466338219717
row_025021,0.9910556071841816
row_004919,0.03437123919454351
row_045708,0.049547629638417405
row_048516,0.4716986003358043
row_013565,0.04610487578327294
row_009710,0.6118902346914632
row_028266,0.5882825779070007
row_034145,0.17442603775857224
row_019649,0.05858160821507497
row_031859,0.10926528897501961
row_011587,0.8253958368251747
row_045301,0.09371775102259149
row_027674,0.004185473258258958
row_027009,0.04337451099029882
row_000082,0.006910791934979036
row_016727,0.019367817376761562
row_049387,0.034160909758791796
row_048162,0.10953594048632982
row_025524,0.09022914144080194
row_020712,0.17016942220162576
row_043687,0.02567399964890093
row_004913,0.07682417378354596
row_005076,0.031827910918723154
row_018447,0.003101618684973967
row_034782,0.010657922176549466
row_008100,0.4562065913287751
row_026993,0.11123976373854197
row_017505,0.6688141241968405
row_001086,0.17317832072131759
row_000127,0.6151572444396148
row_025914,0.014180248987731573
row_043364,0.18336725110616423
row_033777,0.001238223375250071
row_028909,0.6776494336323927
row_010871,0.7420431380919705
row_048924,0.5514435664323639
row_023429,0.003805655307142287
row_049490,0.29076471238442925
row_005597,0.004516967762301077
row_040931,0.28913465487816736
row_039294,0.23470887735183749
row_027668,0.1272955027152564
row_042162,0.6351678988055394
row_039420,0.2998246132008143
row_014657,0.42756860327555196
row_034444,0.015011688128644044
row_006157,0.06817325776653248
row_048706,0.32593795305193113
row_006394,0.013637547534240659
row_024241,0.521444409420897
row_041559,0.11074765638705228
row_007207,0.05888671565301061
row_009234,0.2618858335571712
row_041111,0.1031716758981372
row_016048,0.060272419208025986
row_025385,0.6103968793835484
row_022428,0.7926163020138328
row_049873,0.043664733790080804
row_030488,0.015125443541221932
row_008749,0.0012408989415046228
row_010084,0.02112159119395275
row_014016,0.22584907016134803
row_027739,0.013019479174217754
row_046849,0.035447108914873446
row_016269,0.5678064861165701
row_007151,0.5552942854566988
row_007061,0.9005578578499245
row_006251,0.010768483171870529
row_004955,0.010714936684228992
row_032462,0.017737696325660583
row_007381,0.041750805025874325
row_036528,0.07736168773022607
row_029014,0.021249753472163277
row_026682,0.0012609702013391339
row_036907,0.007748828485712913
row_029744,0.6908633185975817
row_039964,0.21808177357838307
row_049621,0.17775857897020245
row_041531,0.010412632021891518
row_022103,0.0003566186494030967
row_004852,0.07420275570636985
row_019465,0.9999129832348537
row_021593,0.3317440627347554
row_028227,0.0008982685625796557
row_010556,0.16231000526288453
row_004438,0.9798913335983764
row_011678,0.21714029769532836
row_038832,0.7490142082125618
row_045204,0.0017215636816264696
row_036135,0.14081678548943477
row_011559,0.9741010295500545
row_029776,0.004727507064754791
row_005497,0.0076625428809188574
row_047974,0.23486801639042929
row_009838,7.873451723216844e-05
row_041150,0.6261964671655417
row_003764,0.019928029251274116
row_010587,0.04469080286599927
row_019909,0.02412504208664399
row_026351,0.10650948159352203
row_043417,0.01457226107763089
row_018066,0.32068047534806776
row_015878,0.010697845575486066
row_049690,0.0798505594776294
row_008284,0.36998942139667734
row_041530,0.6006010282819495
row_029096,0.024676514030029923
row_014923,0.014340827515411636
row_009103,0.022377970358223805
row_019273,0.014200048976634764
row_046864,0.2328466876468693
row_030554,0.03990053851134557
row_018640,0.003998971258222602
row_011120,0.5926517070851011
row_022954,0.1400887487161459
row_007589,0.9845995903061943
row_024431,0.03631663128518949
row_038262,0.27760861357062044
row_025197,0.6456211768428876
row_042524,0.09312770077999082
row_042239,0.0910404992257829
row_035653,0.0186338271649787
row_039890,0.042438133422691045
row_014477,0.042073453227286374
row_032559,0.9168411116485579
row_005485,0.635150804494489
row_047463,0.2411310586908948
row_035751,0.16927953143621877
row_022327,0.155134414883682
row_010970,0.9886907122060601
row_017380,0.017019611826650734
row_028430,0.0028898133211690317
row_038681,0.013224965214228052
row_045681,0.9513842848399823
row_011756,0.007925818380089452
row_028291,0.6011364770564125
row_023568,0.17408132783052174
row_010828,0.26385279713918036
row_045799,0.05028398524767486
row_036214,0.07779955934805927
row_036553,0.008899013503436288
row_049778,0.034196986937470066
row_033935,0.9416868123990744
row_037132,0.1452278609295586
row_027027,0.0006477152609081926
row_045808,0.9093105500602735
row_044006,0.7810039020305025
row_047560,0.002756800261873402
row_028120,0.10292192586965944
row_012018,0.3798833599380196
row_000014,0.035105220934096744
row_001650,0.32854105426201713
row_007551,0.24859903552551124
row_028267,0.010280714148201716
row_001524,0.014653961194607226
row_017551,0.11717128756979023
row_032539,0.3235477301832404
row_012959,0.050989072569551826
row_004075,0.016827652354536978
row_012863,0.3124841434312396
row_009249,7.30046241056144e-05
row_011428,0.0006570192015544695
row_043820,0.005904813504915559
row_016446,0.006099200946972211
row_040581,0.030655169104937843
row_007370,0.019007162679231766
row_031764,0.1416522474665656
row_020104,0.0010280990785861437
row_002965,0.0660065868656366
row_024505,0.9723114045691891
row_043910,0.009031415420749849
row_033496,0.22288269814602946
row_020416,0.08242093971943035
row_048282,0.16277799508230079
row_010221,0.6602269571976235
row_010804,0.2619139309449559
row_022525,0.004318055650676409
row_045779,0.6626202054658085
row_008839,0.02703067086815993
row_013200,0.3079053408177645
row_013769,0.0049855597948730394
row_024064,0.045170721048509326
row_045282,0.023340627678249126
row_030246,0.026651458352765306
row_041398,0.009048779948027894
row_015059,0.8772726820297632
row_024817,0.9357751637177274
row_008132,0.3882690218348874
row_049158,0.9999718771820634
row_035076,0.0860905414539195
row_039434,0.005285930455028862
row_040567,0.0019329286516336054
row_010423,0.24984334612797499
row_034628,0.2415770049956092
row_042368,0.3287897960736075
row_002926,0.9299156514026281
row_013349,0.01148687055273268
row_041314,0.9287961017630695
row_029421,0.0034892398745167354
row_009176,0.1113430873032011
row_021405,0.10136064797381053
row_011645,0.005510841862346668
row_040716,0.12193495054479912
row_035052,0.03210755328512931
row_024451,0.9555354850072797
row_039818,0.1463258495894411
row_020761,0.07522946520388749
row_015679,0.0012394698837323672
row_021470,0.023363570311950983
row_044420,0.18842625934607668
row_001595,0.09606956617281702
row_025690,0.09375174251881183
row_019120,0.03814990931752822
row_039220,0.1676055159873913
row_022045,0.18371639230391074
row_011848,0.04385274361638244
row_047882,0.030558264894461208
row_029133,0.510824959840212
row_040657,0.04666598440056442
row_011792,0.0028998477806298326
row_018991,0.04755525645284925
row_013435,0.3075817988091264
row_037135,0.14040216818855358
row_001861,0.4540169915482293
row_014262,0.6408343073970898
row_019661,0.016740064144749045
row_002380,0.0954736834352002
row_006247,0.09167295072270015
row_015873,0.02801307581547815
row_040766,0.021825482715091344
row_023795,0.000758099538959103
row_014651,0.004907751357541752
row_002602,0.06101403142794956
row_041541,0.012663878577092776
row_006740,0.8934415324118756
row_006120,0.4310557836699976
row_043756,0.06225054393828026
row_008464,0.019662927054022696
row_045539,0.016380861644849337
row_029979,0.0034833969788861164
row_028502,0.0012854734360218968
row_045649,0.12333635083887975
row_045151,0.31182556557161173
row_046424,0.11710560883021873
row_023216,0.016681573968194714
row_013415,0.04351992352859929
row_015297,0.2411338396149938
row_005874,0.015224679842670074
row_003737,0.462270928308291
row_002666,0.3905339975612114
row_015221,0.4236918179070641
row_046510,0.7993959034714314
row_041259,0.8390687656283151
row_014670,0.7876206478140666
row_018983,0.5634700760847521
row_016583,0.010096831668623157
row_032922,0.006159233641471084
row_024888,0.28428931810965125
row_046600,0.11345541680184772
row_034294,0.9746611453321539
row_040749,0.06501212251122783
row_000948,0.051025297534610256
row_004028,0.00025644727482274316
row_012129,0.06464701181579297
row_005058,0.0058374533868349055
row_032141,0.01573324493732617
row_038812,0.1058612041967059
row_014305,0.5873001326129912
row_029160,0.04888882439331882
row_037591,0.45352884771681096
row_013354,0.6474836066692742
row_036710,0.008966938756056432
row_015918,0.060729196745510854
row_009105,0.012755574917656961
row_011730,0.9911830389489733
row_024697,0.6221952934137065
row_003135,0.12193232296875234
row_026603,0.04926184382390846
row_003528,0.6542027663774392
row_006068,0.42121244213751163
row_007946,0.0009430884265488695
row_000643,0.04005348856761386
row_003441,0.6900017561694083
row_036250,0.02877257219933431
row_037162,0.2010086882857459
row_014829,0.04173518440406256
row_048873,0.05840337142771373
row_028159,0.021621387441224837
row_004959,0.05394111561921201
row_012428,0.005991783117009605
row_000079,0.1206252396366008
row_003372,0.05785259089126912
row_043444,0.08180444140124773
row_000274,0.5386622848654314
row_012805,0.013350169087358662
row_005569,0.2603068704322256
row_022269,0.24691018066200388
row_043537,0.02002756420826102
row_007822,0.1439864097644792
row_013755,0.24567916225757117
row_025628,0.26536350448524576
row_000389,0.2777664065609005
row_006917,0.6654719378870861
row_042247,0.5821431486932749
row_003288,0.0012607820840109495
row_005278,0.7590410057250517
row_020259,0.00968379934266705
row_013520,0.7744517873394194
row_000486,0.007613370268499649
row_014469,0.002741480570906665
row_006301,0.005603708061634593
row_039553,0.5107172936223083
row_046644,0.12598684876913355
row_025175,0.12434395075757737
row_028047,0.8970636572359532
row_018733,0.012998200149901237
row_017643,0.5833640942506712
row_043498,0.26379475773554795
row_008773,0.14920275005450534
row_006185,0.4916496137120978
row_010163,0.008909912473597608
row_036945,0.23309704341230789
row_007918,0.9937338235815416
row_011250,0.003906619420281061
row_040775,0.8495029629284084
row_042879,0.0051024982712984624
row_008170,0.05670372736200611
row_037737,0.01561357524585182
row_004129,0.12048461340719163
row_023810,0.005008821282225322
row_022218,0.04736474881394558
row_030041,0.07109624790291603
row_042320,0.0036758832490339116
row_043328,0.12856385337477752
row_017856,0.03712641246055327
row_033667,0.6581894050344395
row_003646,0.0018049985017821151
row_030914,0.025796474738173623
row_023597,0.0714948106155121
row_010885,0.042170191638168375
row_042136,0.006817992225145314
row_028847,0.006156879885187566
row_046760,0.4415796306417046
row_046469,0.0035159028694634335
row_040605,0.9930105001482725
row_009437,0.12093406052553776
row_027280,0.0029008599134817915
row_039713,0.04140242517155715
row_034072,0.332280228206468
row_029087,0.03260208185264887
row_035921,0.24600506022747312
row_041995,0.0013132816089811183
row_024875,0.09756935991234437
row_022715,0.039524783926858056
row_031479,0.013990266743968546
row_024419,0.14400695457280263
row_020376,0.20328987674298374
row_042849,0.845347479060858
row_006479,0.0033937596489639153
row_038240,0.03543104207316652
row_014476,0.036466173385734456
row_008835,0.011326237286240933
row_021465,0.03133328045055225
row_031845,0.6995810914790366
row_039291,0.004243798784221869
row_008630,0.9710362562707842
row_023200,0.990381429055271
row_032957,0.05103511631968335
row_028835,0.22059237154677738
row_040278,0.0009282303183631935
row_047719,0.1669323614874622
row_003696,0.8783723344264921
row_004281,0.0006093062569961736
row_001993,0.0059868215686551705
row_033852,0.010629724977304765
row_027662,0.013308715118314971
row_014484,0.002978592219801197
row_013823,0.061383495732174505
row_048631,0.24274155167220146
row_032898,0.002222367753713439
row_034007,0.7312284591795226
row_008022,0.39490841351124517
row_043767,0.006207193219470368
row_035385,0.05332270093355061
row_031884,0.6010624707223127
row_002241,0.3858050712626361
row_035461,0.16463456078243538
row_007144,0.6897491948711545
row_043088,0.017461783906581856
row_013417,0.039790911974008226
row_020090,0.0015449879073209188
row_004287,0.4317469813097935
row_028860,0.3097115869702088
row_022886,0.20898564304782258
row_031720,0.004836689576321851
row_003390,0.3634988429780805
row_029999,0.6289510146092556
row_033508,0.5965165580549839
row_021385,0.07780706564269943
row_043921,0.06307427982711078
row_006799,0.011486063261359139
row_043383,0.10571066181850662
row_037624,0.05007381362306417
row_022127,0.03210784970005361
row_041577,0.5352605127251779
row_030367,0.0114086412522711
row_005939,0.0010890752315403786
row_043166,0.40550536189519193
row_009934,0.0027523196653671733
row_031854,0.9715941116174214
row_001737,0.17080996257706907
row_004721,0.06469860244696236
row_016173,0.01973578622779011
row_043804,0.08497749831256482
row_036345,0.22952258140079607
row_021678,0.024971544268103406
row_014287,0.009877077056352684
row_009091,0.8764636447869475
row_024387,0.0077775578453356245
row_001040,0.0077649498560413005
row_030305,0.32490173649848997
row_025748,0.002118518259224873
row_006080,0.001250768787331723
row_035518,0.6095481157706442
row_045029,0.9511820024319668
row_015446,0.04092853760217694
row_015307,0.7499481160564223
row_009302,0.9975241436851345
row_037227,0.13496445021465284
row_034505,0.47756584674889424
row_031440,0.08307882894524808
row_018942,0.5824506087573952
row_049997,0.038628397133138426
row_020608,0.2432763932926449
row_037500,0.13396288245741989
row_025592,0.9755559131930995
row_035013,0.046746523693962656
row_019875,0.2165173103069736
row_041120,0.757805741174761
row_028620,0.8254839597125325
row_002817,0.013580580566052583
row_021137,0.9803493127681432
row_040829,0.014716530613317156
row_017968,0.13223834497389736
row_028548,0.1566698604105775
row_010816,0.014888704400614274
row_002592,0.40971065822040714
row_013945,0.03023136278770476
row_024494,0.015614866068133436
row_007707,0.03172856188764338
row_044998,0.26400208743586223
row_036726,0.15063286775638612
row_002619,0.01673859109051595
row_013375,0.43228109436268347
row_011203,0.6615978047798116
row_009325,0.08804397782735279
row_041894,0.11633885424808861
row_033763,0.05772597944834764
row_047474,0.01909108201097007
row_024102,0.024341605648413644
row_030469,0.9331156669250581
row_044455,0.07608553192485
row_027857,0.35662165176489674
row_025381,0.0011558081850689603
row_015527,0.1620080300974072
row_009551,0.9291347447376967
row_046348,0.8520935929649301
row_020793,0.007859317631240278
row_007994,0.21320826286857997
row_000794,0.15319190693922627
row_005215,0.04375193452614438
row_044317,0.2402789870110749
row_018149,0.5170778186102335
row_034506,0.030982018112966286
row_033976,0.040920457286160825
row_035555,0.22896458106576506
row_020610,0.008090241566277384
row_022913,0.09490156469290657
row_042861,0.0038121982442044762
row_002832,0.03134031906909002
row_043527,0.9212110975967504
row_043329,0.18805533423453427
row_037006,0.05990064632457991
row_002145,0.1568698257719718
row_019783,0.8797042909326199
row_001275,0.01467888850996025
row_049805,0.001417782688886191
row_023833,0.7660375829726104
row_002039,0.962321491899272
row_007259,0.211168604237133
row_042001,0.8387114515130261
row_009495,0.17240999751486433
row_027459,0.003915738276901272
row_004928,0.020483074056574617
row_016107,0.042512334834292995
row_040804,0.03702530516998394
row_002582,0.5099339232739505
row_002357,0.07662713784450163
row_040227,0.04107043962065843
row_019296,0.06882672790179806
row_022073,0.03281814127747561
row_018712,0.004719618529425621
row_024084,0.09905481857206316
row_000400,0.1353069730682823
row_042690,0.997330290130803
row_034014,0.5556268754289208
row_022666,0.0038820548747720493
row_010602,0.08688107534434202
row_009128,0.38767936779722095
row_041923,0.960506025170834
row_044640,0.04889548352325957
row_009690,0.04214190871620013
row_004293,0.03903633298936306
row_031254,0.09777568966778226
row_027615,0.9860563590376845
row_047414,0.9977264548576361
row_040433,0.2685843419703948
row_009359,0.004297191471049551
row_041670,0.009335205348076431
row_007804,0.00012293418531721798
row_038902,0.37451989275616776
row_006026,0.09301195806605257
row_003304,0.0006197484098090226
row_006161,0.9177051818124214
row_005389,0.49489053821730644
row_014266,0.07484769981694245
row_002842,0.011218587307208275
row_031750,0.07437068478389984
row_001935,0.7451287134109206
row_018281,0.9789947916219655
row_024786,0.051278310596006925
row_029665,0.009786517385237363
row_019248,0.0019882881827225952
row_009595,0.029471784853462416
row_033628,0.06801271144550566
row_014759,0.24825914475653496
row_004625,0.03158901817860592
row_022399,0.9455319683894047
row_046593,0.006686131808541745
row_017994,0.054859460851366615
row_015522,0.05060873785286741
row_030317,0.02758173007916865
row_012977,0.7997226770019917
row_015868,0.0038719209690969572
row_018093,0.008991284976032118
row_047590,0.0005750596302960252
row_034415,0.0014710411511491607
row_004213,0.009252994218362698
row_037195,0.884992709542804
row_038306,0.8670375534831608
row_016037,0.9955617901384037
row_017311,0.03443782699395217
row_006770,0.7155367891272453
row_007614,0.03805560693068788
row_016108,0.04892855732592783
row_014703,0.04506643384116664
row_036917,0.8891068141959204
row_003578,0.051385176298879315
row_009724,0.1679806675873791
row_025294,0.00250850974570638
row_037323,0.005303755145296869
row_028313,0.011433269302411384
row_014357,0.35758572235096564
row_044740,0.05386533681385248
row_030760,0.005899198428200544
row_039869,0.3253512577721501
row_004219,0.4911761993104018
row_048419,0.08111517860783886
row_035304,0.011754283962023581
row_049311,0.1393055177221207
row_026501,0.7651273030897685
row_027768,0.004998087475614829
row_031997,0.0012170148539360874
row_021642,0.9056743221394997
row_020284,0.25691025801277867
row_019924,0.09280621350706902
row_049807,0.019349751612806138
row_041707,0.24107567404515826
row_042266,0.00815643939775959
row_025172,0.04025466126892146
row_009738,0.026945758113047284
row_035607,0.00730428928169785
row_048709,0.030797334302079083
row_039620,0.12411531344822191
row_027943,0.6796040444520604
row_038165,0.31727393697779505
row_024161,0.04214584562590485
row_027242,0.0901298307960108
row_012861,0.00609204790587036
row_003516,0.0019472843486929372
row_004361,0.5947673978374195
row_019077,0.10023540714838654
row_049911,0.016532433752927497
row_037583,0.10145770765885816
row_023807,0.6918541420211677
row_004949,0.5494097395091138
row_034869,0.8417336046395207
row_045319,0.03597199160968855
row_024468,0.0014776208396910615
row_045445,0.021106018269720014
row_037547,0.47489599213223915
row_027054,0.14993701379019245
row_013382,0.16177790613959211
row_023987,0.03332850924163181
row_003153,0.03199454411044444
row_026543,0.07918122943313866
row_008810,0.8332089960700068
row_034365,0.2850551489770073
row_038382,0.04588309835185649
row_015757,0.03520562825404812
row_037581,0.6338445849015563
row_036210,0.5169602831758472
row_033344,0.02469881468272622
row_038498,0.47670545096524075
row_031901,0.4315627267000113
row_042694,0.9881074752609962
row_024078,0.8891142436444319
row_004402,0.15131130487004002
row_028995,0.5569647853348104
row_003043,0.022115730101240693
row_037432,0.7785182918668739
row_015170,0.8858199190250526
row_018062,0.0008549249621535002
row_014127,0.442685477988159
row_012311,0.04301378928443178
row_032859,0.9984070536402809
row_006119,0.4831626604376051
row_008117,0.11235625652864158
row_011048,0.14337308345399824
row_012835,0.08895196447465242
row_006614,0.19078822903698325
row_019429,0.004627707166149283
row_034613,0.39229964535665374
row_042943,0.10400362980721624
row_003017,0.011457669233070046
row_023622,0.032102701283631886
row_010048,0.1212131508761932
row_014113,0.04126710778561583
row_048430,0.8096646874502386
row_023360,0.1733696550285759
row_020933,0.005895892807653369
row_001165,0.4007584300655836
row_048883,0.020986680730151995
row_023097,0.026980505699332413
row_038489,0.9482429249249953
row_047524,0.05145893030348673
row_019177,0.08167533130880895
row_027587,0.3305678635442481
row_027714,0.01467724476145259
row_017661,0.037079394130388015
row_023849,0.999029180415261
row_019327,0.029404824441018655
row_029656,0.9174971367429634
row_045249,0.04614781545367104
row_039049,0.08068872157685307
row_017416,0.1033929961454003
row_014219,0.046472253783618904
row_033521,0.424359973751407
row_045035,0.17961039708456197
row_011358,0.26213323433392105
row_033365,0.25203048518338056
row_037438,0.01499274373737042
row_006922,0.06984157175083201
row_037099,0.016359342385629572
row_028184,0.058171218690537166
row_001907,0.8104179570764747
row_029886,0.9163409773968578
row_049784,0.014440815530182562
row_049003,0.013516983706783373
row_004359,0.010253410407216775
row_016410,0.0002984565905204633
row_006274,0.050747428441840194
row_045457,0.09209536950765583
row_002981,0.048772927511087416
row_026436,0.39695329650704175
row_029511,0.7752249747309609
row_037139,0.2114452733019405
row_036702,0.5238044079672715
row_032522,0.00900507696564031
row_049632,0.7573424520678695
row_008943,0.04275343154165079
row_031119,0.007253305902239718
row_038552,0.008312295933556181
row_007903,0.08275191584005918
row_021529,0.18278290913575257
row_023993,0.011616536940634362
row_030397,0.9810691496462884
row_004981,0.00877967237010803
row_042750,0.22574328749865177
row_017319,0.023081588375010606
row_036470,0.03603218679556956
row_017103,0.010061925596635551
row_032602,0.02942174275618964
row_017385,0.006712821096521535
row_019374,0.06911830439012215
row_029614,0.5462574525114882
row_009346,0.1559192160082557
row_025174,0.7523749736632672
row_008430,0.9209757226704025
row_008600,0.02398514890981102
row_004839,0.3141507574535625
row_023022,0.43992133497870006
row_026333,0.002226644982006247
row_037027,0.072790894346404
row_049789,0.014179685040020571
row_044325,0.0015538055800792547
row_009742,0.0006904249781260162
row_033379,0.8440578028095563
row_011871,0.24144781121762357
row_043540,0.008310712231538061
row_023064,0.17870224177492275
row_000405,0.9839232241301853
row_014465,0.6993728950705919
row_047275,0.995134274412228
row_008407,0.08302591415918593
row_000723,0.19108592181394166
row_034783,0.8193467003979132
row_021064,0.08183855140171065
row_012557,0.838449556610251
row_001100,0.3358085172335713
row_002780,0.00022883629136355864
row_012649,0.01656421054504103
row_021261,0.039234431358135216
row_007654,0.9421214286058527
row_043988,0.20411880937275864
row_005230,0.8878310133418919
row_043267,0.027242050683313687
row_024966,0.38778757015534016
row_022810,0.011140337094359987
row_009811,0.03041452081604967
row_015936,0.053702004878537705
row_017607,0.023035021707163844
row_023107,0.01821752549568608
row_000068,0.0022302353075855505
row_044703,0.05763450404264083
row_018813,0.20988085884108273
row_014727,0.08445164789587604
row_032020,0.5945412074032177
row_023161,0.4928943272702198
row_047924,0.028762571786222196
row_040703,0.7773957506350919
row_014933,0.5257302127034408
row_035313,0.12540283538566793
row_024355,0.01051764376969051
row_027859,0.7529551057561172
row_014366,0.14182853396273606
row_035811,0.9327261003359438
row_028255,0.0712138099175252
row_025327,0.06072718676311446
row_034349,0.0005572951343986921
row_028245,0.1476292909390214
row_022652,0.01964401810692418
row_014238,0.4297406907606233
row_043779,0.0004690543028754785
row_012077,0.004123510470110057
row_007883,0.03812484341693442
row_042796,0.003860697974738878
row_007718,0.2739593995171806
row_000873,0.3336488632658673
row_013551,0.04921146861450023
row_046017,0.12529940930858605
row_024028,0.09875001101426788
row_044650,0.03659034209934662
row_036695,0.0423205478544206
row_023187,0.14532646351542153
row_043744,0.005767110152940603
row_022922,0.9292914718997821
row_011789,0.6508768020700327
row_002361,0.43078540397343035
row_021427,0.030624216868388284
row_031072,0.012765302963738928
row_036898,0.06478562937130483
row_004170,0.2075826097371979
row_046302,0.06459970359682166
row_004001,0.02390168391186609
row_013982,0.01247645584108603
row_020962,0.7312040873153538
row_044737,0.33649515836585275
row_002846,0.3319250672543471
row_001113,0.1404637410825714
row_012640,0.05699419126104674
row_014363,0.9501339477387375
row_038587,0.17835808760862476
row_029588,0.5153970071215582
row_029778,0.05408233110346136
row_026471,0.2902440929709142
row_039623,0.35982973423812475
row_037001,0.005536153141626076
row_040800,0.003627119114028584
row_033624,0.6532124844218896
row_048613,0.9127785502859724
row_029494,0.02706874518392129
row_016378,0.7933273663412985
row_042253,0.3284485028280126
row_024087,0.012757288015985073
row_029321,0.2892696580276502
row_004157,0.020601871696361577
row_044426,0.02893842101442971
row_047149,0.9967481695721592
row_039075,0.033399220323416856
row_036147,0.0057253941325467765
row_037545,0.06881303868840392
row_042285,0.0625808028034626
row_014956,0.021344509885322792
row_003653,0.07438501445069283
row_000011,0.0027291949727343435
row_033169,0.14597281545791838
row_014894,0.0011860993995710717
row_043450,0.08552744526781983
row_013784,0.25457366926782926
row_015245,0.006700470131277975
row_039791,0.010567935429430967
row_036473,0.02138348246856371
row_010144,0.021758109415248417
row_047431,0.09479744049396839
row_010275,0.28304541839212205
row_012135,0.03139360836212856
row_022552,0.13126486007753527
row_024778,0.17269215031069077
row_046712,0.3724572108003417
row_031349,0.0747719095938494
row_040416,0.2532318574648529
row_014609,0.20258790155784195
row_039661,0.01191950509052574
row_045588,0.9988075142005951
row_004393,0.05800789765042951
row_023139,0.03309440099313398
row_004749,0.9684233492816454
row_030541,0.27169059253218064
row_032611,0.577204020335322
row_016323,0.006034562427171491
row_012901,0.05349065041035663
row_031081,0.09928275450770586
row_007480,0.8186822962272531
row_047072,0.0030540728414975428
row_041697,0.0063797677814753945
row_045692,0.04549988919082121
row_027353,0.14108632414809452
row_001034,0.6093689978088568
row_038230,0.2758091713827188
row_039958,0.013936842431294928
row_034315,0.06584129111176658
row_034486,0.004801341054696084
row_008037,0.05307950698420622
row_014774,0.020235819572206108
row_037571,0.016318341189365825
row_025834,0.6133138562776012
row_039016,0.8125050839591325
row_038738,0.4829484919628049
row_033104,0.9260812399363165
row_033894,0.045177171491023634
row_040270,0.028772820940904078
row_032194,0.006289944388757415
row_024023,0.0031256008870424452
row_000135,0.7749827319347458
row_009087,0.10551922176225426
row_030695,0.3175114821601107
row_012349,0.653478942086564
row_000680,0.883821177211016
row_041979,0.6768581166212846
row_042880,0.0589991427410263
row_008832,0.005585594868453703
row_022010,0.002748722376202554
row_037492,0.018889610566624773
row_014242,0.11802749253206306
row_042462,0.0005388577548263699
row_003312,0.5600076963633013
row_046444,0.1349233174133236
row_041895,0.017892641410192645
row_034876,0.08139402406326261
row_035377,0.40368136020396533
row_032847,0.9656689356970503
row_001582,0.3034512773160768
row_021196,0.863836964627152
row_012963,0.45187727207071454
row_028036,0.8984023919541477
row_042902,0.008395273702277665
row_036538,0.05159598317763062
row_023729,0.04009487634946948
row_002820,0.002555879165812892
row_007715,0.015102962605235751
row_009654,0.0007112917747921424
row_011592,0.6495976754965237
row_039282,0.537911305599337
row_007706,0.158184143400969
row_033396,0.21096628128481423
row_018674,0.9824236350860822
row_039848,0.01986003257279071
row_023725,0.2740612456867278
row_040130,0.003957624332555566
row_022335,0.01854411978268342
row_032295,0.0021911684170159954
row_030752,0.1485575150866829
row_030315,0.6274119873984276
row_015378,0.12103783578503116
row_036198,0.42599624473819375
row_010452,0.10935029578911819
row_012075,0.0028302297462537073
row_036030,0.029733175206912363
row_009525,0.4577787328873533
row_018317,0.012162546178126317
row_029840,0.0013074803994940767
row_020314,0.09230119511864154
row_032836,0.2515544623140874
row_042143,0.6482885558484521
row_026744,0.8624732671301478
row_036120,0.4487518022129713
row_003905,0.04864493145506255
row_010608,0.012576235522336988
row_004385,0.476606970877366
row_045947,0.13420313134221776
row_004882,0.5497090728032489
row_038132,0.12955559779037773
row_045626,0.003915238442704111
row_013929,0.028495069846947062
row_041959,0.0044133604639936454
row_007088,0.011000591524172765
row_018453,0.998807409707465
row_001406,0.01638899259455606
row_044653,0.8415032003090637
row_001479,0.011253561199518355
row_028723,0.8344865609895376
row_019004,0.975440117103351
row_031420,0.3822376631761595
row_007902,0.09316503183892533
row_030617,0.850522042561879
row_041358,0.16183608329462207
row_044859,0.4682466832912997
row_019740,0.029642587975582037
row_001171,0.30746177185973217
row_029020,0.03831494448818073
row_006877,0.2413957905099466
row_016784,0.0043356285142301595
row_004265,0.06874953099432947
row_003401,0.10366772814192796
row_048368,0.040168760753358596
row_019280,0.5145760195888478
row_032930,0.19199227539647068
row_033252,0.012069402386709338
row_029674,0.006504570291680932
row_009041,0.7702804638728067
row_043889,0.05615370464696602
row_003249,0.07988063699154516
row_003013,0.08789842136023741
row_041483,0.001202572721543352
row_043860,0.018739975083462278
row_026520,0.11069039516670233
row_035573,0.9892616782270817
row_041215,0.013842206720536215
row_046973,0.05903320751563265
row_029240,0.19629165598806653
row_042466,0.4087771664664301
row_031839,0.12622409563817205
row_047977,0.03258019199372851
row_012012,0.2515779624021488
row_007787,0.17837186545865832
row_011955,0.03255291841909003
row_030279,0.991618548130896
row_007373,0.094971159250676
row_015249,0.04813709160910784
row_014260,0.26467545879830756
row_019171,0.0024046373449653816
row_036582,0.017045493860063553
row_000341,0.5461516438120779
row_000002,0.024836627785937614
row_002669,0.8242788870672275
row_024135,0.06201510405818713
row_025836,0.9946364967699356
row_005125,0.43052350402723266
row_040156,0.5026736333156033
row_005943,0.0038741900166626053
row_017235,0.13819108054169452
row_010502,0.09813703728336198
row_003015,0.0017707837217058892
row_044036,0.0009959093613821988
row_009876,0.04996956435361008
row_009812,0.34181169272053846
row_040611,0.12870053939937104
row_045278,0.1502608425428763
row_018884,0.07160025013487752
row_003868,0.0028180172612966665
row_006668,0.22980774940912288
row_005324,0.17326597318200015
row_038555,0.7703211159835238
row_009568,0.3411930565872892
row_044064,0.019922302118741738
row_031215,0.10134168488376619
row_011514,0.048155408294339376
row_025449,0.009214821398030081
row_016405,0.05818568386221693
row_013163,0.01754464039528307
row_014668,0.6291843535406032
row_030801,0.13150992255012298
row_016421,0.5648077916337895
row_025629,0.06237041301572864
row_037513,0.9831449549947426
row_005918,0.02532141409849933
row_003822,0.05187898420695371
row_016839,0.006508367376357175
row_029081,0.15550044829288384
row_016146,0.9409793220142613
row_024258,0.06051799998911113
row_033930,0.32674072388250236
row_031692,0.9384336768030553
row_000276,0.008254606972997819
row_041689,0.6766158863486061
row_035474,0.39574584846017735
row_034775,0.08493711799414896
row_011408,0.06329353826464956
row_029958,0.12956912925002945
row_026476,0.05243120133610768
row_012982,0.07762823949502994
row_002940,0.0003479640193891215
row_019372,0.00858162821410454
row_020294,0.012376538944853462
row_021310,0.03548324140789911
row_009262,0.16117692944991538
row_024226,0.180328088978917
row_043760,0.688873318577233
row_003679,0.7046988257534726
row_041198,0.0019786858683823127
row_028444,0.8903997833505616
row_011580,0.2059664063745707
row_004972,0.026317180546315475
row_041347,0.9046798148480897
row_045773,0.018183638826314023
row_011327,0.039774439725282704
row_022022,0.03708871832790078
row_025282,0.09346042152913601
row_030917,0.06756988813251877
row_010947,0.0216293967790853
row_008613,0.46161810700123307
row_017462,0.04619943741526437
row_021432,0.007641894139293368
row_043157,0.1288825870728657
row_017218,0.7199135055411376
row_015030,0.6792540334645192
row_042137,0.9780131395307486
row_004228,0.03489227216265382
row_013775,0.14455219750212164
row_000958,0.026265422413054913
row_013617,0.023893131148838002
row_001432,0.9808769694544783
row_014848,0.8447514437025847
row_017015,0.9982877131399677
row_020688,0.3251955291896815
row_036671,0.00462223801815441
row_025330,0.6722574035280083
row_027827,0.03946232321171651
row_037530,0.005320179584926721
row_047749,0.8761923958693667
row_048985,0.05302360268758009
row_015359,0.13862925113001878
row_040831,0.07345125560619163
row_004413,0.16681851194595923
row_007697,0.025748996838858958
row_016158,0.24095185856244794
row_010851,0.07011921150220243
row_048349,0.004280129022366626
row_006794,0.3067747589331086
row_036045,0.9893676808625455
row_037327,0.079072318229354
row_013373,0.0062403267863281354
row_029986,0.05743108399141688
row_037283,0.23331168361342913
row_031892,0.9530845187326259
row_028770,0.22043841711311868
row_016544,0.483576456835784
row_031941,0.012680767355850097
row_027854,0.13949352530218084
row_015737,0.10260643689383753
row_019807,0.5408431517006171
row_045100,0.005706639224422127
row_022567,0.008686644228369931
row_025027,0.02264223974841925
row_009991,0.30924246967698305
row_036028,0.0048444180432740055
row_009434,0.27907990028887386
row_025280,0.9992546937760616
row_033351,0.0008797657380925115
row_013474,0.08678202658579266
row_048301,0.11206879740739949
row_041174,0.04622557070590861
row_032838,0.5007672004058484
row_003559,0.08302839786191676
row_003818,0.027095342103825616
row_014868,0.001693618083923919
row_033300,0.28755661588335013
row_042329,0.43560044895190264
row_011828,0.04989201730760056
row_004216,0.09115390789713441
row_048286,0.003156110274136855
row_049595,0.1278665076423703
row_036425,0.5644975666876573
row_049583,0.007067758270110657
row_005998,0.17349565553312743
row_042476,0.6828897863144987
row_006380,0.01114615346061614
row_011508,0.05568086946194759
row_024174,0.08282772457591152
row_042941,0.002387807896358581
row_043178,0.11687034107507305
row_012868,0.6337985379645765
row_025715,0.004511186009499101
row_039009,0.07689290051209159
row_024603,0.37947166534157817
row_015200,0.04645573979227125
row_007444,0.22973156049057195
row_046648,0.09926302860208117
row_042008,0.7369931589458876
row_037379,0.003090124203920075
row_037084,0.9076353150501956
row_044934,0.601553898238613
row_012834,0.6318707129862403
row_040011,0.6867551227903507
row_042688,0.32012543517864905
row_011617,0.05798030398969797
row_015772,0.08123388770374812
row_024196,0.029850650927052712
row_025997,0.36684689457036723
row_001048,0.010722883758860637
row_040521,0.0038399189333318796
row_012050,0.6313478856827839
row_033605,0.0062965840802065515
row_006122,0.00011031517203199256
row_006149,0.027917027823122893
row_022547,0.025327268315879056
row_018065,0.014427271441506899
row_008917,0.3109195830901892
row_034036,0.04392258231578718
row_006420,0.02045079770005329
row_035487,0.3458994967228137
row_039657,0.004419089062358677
row_013664,0.0013718658052884964
row_018376,0.665202667017705
row_009880,0.18237376264265387
row_002469,0.001125999254990805
row_028389,0.0009732431329633889
row_044526,0.0018733411774111638
row_024001,0.0022037604522142287
row_002209,0.004491727100336411
row_047359,0.0014024780749036874
row_023707,0.0021882756628949676
row_005878,0.06698425527150839
row_022500,0.8889994569378866
row_008722,0.35060724862742554
row_000852,0.00403990172484163
row_013364,0.5591963379246283
row_009841,0.0021556076255858573
row_013540,0.010185072769898334
row_044834,0.10200191749805176
row_008409,0.12556897656313054
row_005691,0.007117799123108816
row_017032,0.9995955542869139
row_024381,0.00397458946417068
row_042175,0.010746777078148412
row_003875,0.24022923267466384
row_047585,0.2890807070910777
row_019946,0.0051776912818397355
row_024334,0.07169965368292185
row_031727,0.5700352015367188
row_015408,0.31169222433284105
row_016493,0.9123258355918176
row_004921,0.5302323230830829
row_019190,0.060056576393703695
row_029534,0.002102255549924802
row_028658,0.025190838144052353
row_028756,0.00606010376670457
row_012727,0.04842780027963428
row_006435,0.26677658258736164
row_011518,0.03053889243240144
row_035351,0.09764308667327525
row_015725,0.0027811718599192238
row_019021,0.24324916254564435
row_032417,0.0022236248864414003
row_013705,0.1206705662225922
row_017633,0.016353068767306425
row_011336,0.014046621378028566
row_009974,0.08357656677810552
row_044518,0.29413286589401116
row_013662,0.09062102621846593
row_005515,0.8301695302077917
row_047591,0.2139289236752543
row_048895,0.42764225158226293
row_022243,0.04382292326348518
row_032997,0.9578182620697225
row_040869,0.11107583813574473
row_048590,0.06255582205637693
row_037633,0.6235131374307494
row_010258,0.040339613782374904
row_030674,0.001086404096567772
row_048671,0.7311948187921736
row_031432,0.14004438460043706
row_016079,0.49465827832247805
row_022640,0.03369364937035577
row_007401,0.42021416739268364
row_015708,0.005723309911999493
row_049599,0.06798761705814658
row_007083,0.08930255520495019
row_022556,0.03517820034352828
row_049103,0.005577528150342274
row_018138,0.1131740085644226
row_020339,0.2424109587483272
row_017174,0.028736762775889647
row_001938,0.2149957063795571
row_017741,0.9758112246653919
row_006707,0.9853098415467548
row_041950,0.04831953833248034
row_020552,0.022776874909497258
row_043281,0.010512820042114223
row_049273,0.023148803350547677
row_034278,0.08491859956699331
row_048364,0.041247345045050864
row_000454,0.09811824594737716
row_021709,0.017288277720439907
row_011625,0.29447853054974643
row_026339,0.30462865804100825
row_041415,0.992575642795496
row_017452,0.015618577819196929
row_012448,0.024573126863802863
row_037437,0.030003186085812147
row_011970,0.9995992483740974
row_043221,0.008548686083256318
row_031244,0.5126926786182296
row_031900,0.0004235019227485119
row_001009,0.20179288708643903
row_028761,0.9858706673922607
row_019301,0.0010787122909626974
row_007842,0.1631916185906231
row_022174,0.09072525659711843
row_021218,0.0017876343632023477
row_044233,0.12033884301850097
row_047417,0.190499103804295
row_017543,0.014280232232181165
row_044452,0.003072629535688681
row_020288,0.019351593508140086
row_011019,0.18319773695931113
row_032925,0.2757311013842815
row_018589,0.0009947847577607756
row_041246,0.019600661554886052
row_038283,0.014113809128739612
row_039389,0.00990070381650861
row_010047,0.008981822510599452
row_016142,0.05405411513182651
row_004579,0.10053762689878241
row_014737,0.005220340514565326
row_024220,0.0018110236661377397
row_005607,0.002632667471715261
row_030995,0.2994265945240696
row_040574,0.7373005421181442
row_029034,0.8419218084577258
row_032200,0.00028015073664357205
row_041705,0.9728438602059343
row_019764,0.13884180162692
row_001552,0.15381261004828756
row_049751,0.07754869474435691
row_033995,0.29491765753782245
row_018815,0.014768226597029647
row_000408,0.4092733974042858
row_030741,0.09075743151722786
row_047271,0.028377969563224345
row_025863,0.08748698231970807
row_031657,0.24445029023668388
row_017929,0.03935481565203091
row_001846,0.006454253596292253
row_017608,0.03508339323909276
row_041867,0.0249509037344084
row_034689,0.01090095796666053
row_046524,0.01779810089087183
row_023822,0.49018361871840305
row_024719,0.9988799901309282
row_046900,0.2909149192879404
row_034845,0.23055536566081872
row_049105,0.9992370482512807
row_007357,0.05380732046904799
row_024162,0.1515673745553474
row_044796,0.02970982761195681
row_009092,0.0730724197715431
row_041556,0.2845629011362071
row_048050,0.06083886696827825
row_001497,0.2135566467801231
row_006572,0.02208224605336799
row_010532,0.7186529028516081
row_006278,0.08711319553767544
row_029695,0.06942007748987261
row_024844,0.008866461051105884
row_044410,0.4982077785175622
row_007491,0.0005613220056349392
row_030239,0.12077338259751574
row_001159,0.40311944893547835
row_038231,0.19143193115962504
row_004073,0.0005805928604329783
row_010615,0.26609192606054966
row_048738,0.8556140652119817
row_024740,0.056189435888312635
row_044259,0.016594242524742023
row_037228,0.036665719548599665
row_033370,0.005427019448245139
row_049352,0.030665998403488746
row_028220,0.006460420580271857
row_038619,0.005554216353293554
row_046801,0.026786379630456516
row_017360,0.15771001144368707
row_037544,0.024493487968569438
row_036044,0.047702599287842484
row_011446,0.2778710002560025
row_026042,0.025401022629604954
row_011208,0.5690057492680601
row_035546,0.9383414333419495
row_033454,0.5886379624916808
row_015421,0.774336781041068
row_047336,0.0662565254650418
row_009204,0.016428634884084057
row_020365,0.11211443805244882
row_045969,0.062147558895294684
row_042584,0.8181704337677402
row_044659,0.07087638180959854
row_003928,0.004706195717607877
row_016836,0.06425821402349031
row_003614,0.002161735248800404
row_048533,0.10956702457805037
row_026754,0.9891527639799262
row_022994,0.3754585067024214
row_006071,0.06071475484431611
row_019367,0.22409824613850785
row_000752,0.09557945720929076
row_004740,0.042859182153773545
row_035237,0.0014452725946709282
row_012172,0.13947880594103595
row_016818,0.0002849916621315034
row_020843,0.03681181691183964
row_036589,0.45596190263379427
row_022520,0.37466000882066336
row_025070,0.012482688753633448
row_024227,0.04111955323268304
row_036932,0.9823230233925047
row_022872,0.021354365290836133
row_033285,0.8079365639633734
row_022828,0.06255200166684365
row_039161,0.18197542526868765
row_023523,0.017577412377158486
row_040023,0.8731550146105318
row_030090,0.0006491036878451106
row_025948,0.15380407251962533
row_007744,0.02442553770277559
row_041296,0.020373379155025184
row_048574,0.01352055535344162
row_044533,0.1387162580774236
row_010815,0.6815818881955639
row_049868,0.2254437009692961
row_048108,0.7566662810470655
row_008701,0.17674583433388089
row_040500,0.18030731869708383
row_017611,0.1755341580116847
row_004863,0.6443719575422315
row_014856,0.11734049727485325
row_048761,0.2273403642301881
row_019579,0.016589406986560383
row_023117,0.007212110841649742
row_011644,0.3899541065658873
row_032265,0.9068135009655691
row_049426,0.04373015575461576
row_018730,0.16539228485086094
row_034829,0.0035277523405315802
row_035572,0.020967006412617947
row_009151,0.3872843408594178
row_021496,0.6575814868698381
row_049459,0.07527805710365813
row_031248,0.3737140761517848
row_009543,0.004210355670561623
row_001671,0.4133453025405017
row_020269,0.39112636864312955
row_021579,0.030507031866178345
row_039767,0.04034862935638335
row_010161,0.015081858190521377
row_038479,0.05769897943099049
row_021902,0.008820199656733443
row_006807,0.9822096156385255
row_015581,0.0030794465900731965
row_000180,0.13359400636126337
row_015699,0.014197055753597873
row_030959,0.2725351057703898
row_034801,0.6013269539751095
row_018140,0.0007006550958461545
row_036682,0.5771648772143001
row_041881,0.12472209627671677
row_036498,0.25437831199391553
row_004979,0.01600685223791856
row_033254,0.7337071355714422
row_005292,0.41564398824071613
row_049620,0.020994357195353638
row_022630,0.8257845771269167
row_000514,0.0011347371316937735
row_032468,0.0026965953467039698
row_031068,0.26550335448954315
row_017153,0.22964417204752746
row_008441,0.0166496316360127
row_021068,0.016607480656089697
row_048417,0.11674467144530697
row_017368,0.21602275503488635
row_023960,0.5321120487319291
row_028545,0.029960280571588484
row_027691,0.019926772939174244
row_002784,0.0574580829070932
row_009660,0.7120278681757737
row_031326,0.935654848193748
row_030383,0.21893427677842114
row_026663,0.0201805711811818
row_001803,0.9159379475866454
row_000698,0.04922096660910763
row_025594,0.037316822656070725
row_034340,0.4946419839339576
row_009167,0.2987583558683599
row_038160,0.494058597742875
row_003115,0.15856467172597674
row_030338,0.04434405837824092
row_034472,0.009801862291274607
row_012416,0.03134676715588775
row_008153,0.04313663013993096
row_019598,0.07303085773786042
row_031400,0.004196459649669579
row_007996,0.0010167347005870843
row_043785,0.14671561904558775
row_031255,0.08563494611390746
row_014588,0.014210245938494584
row_018285,0.025944719397328796
row_013062,0.2382077689443034
row_049979,0.004311508035323444
row_006661,0.9955015299008554
row_039743,0.014487260895606462
row_033697,0.07463651225731409
row_043449,0.2108744586214067
row_036836,0.19925276706675077
row_021046,0.11828913609167979
row_035368,0.9284755196667801
row_044328,0.7895478247570766
row_042405,0.21336558457108393
row_029716,0.10447044704424793
row_027327,0.25767191176208726
row_041432,0.16175588720626272
row_018242,0.253563490433513
row_001003,0.7811064808569849
row_044345,0.8308636055260452
row_003139,0.9686622053047272
row_030598,0.7376676789526309
row_049162,0.0724058015657193
row_003178,0.21564550855110612
row_014892,0.5890240373921953
row_000969,0.0043417230209192885
row_019706,0.4136378116949312
row_015433,0.756671186294743
row_006658,0.03711934388290757
row_040909,0.18692976983851736
row_019283,0.020953622226368988
row_000636,0.03359084466003601
row_049477,0.05422973579393993
row_008958,0.007536718212533601
row_001740,0.016941000049997715
row_008557,0.026654491511362843
row_021192,0.0290880728464625
row_049618,0.12980112542052372
row_029845,0.08239807711427051
row_012965,0.0887948705471727
row_043560,0.3029444660277039
row_037793,0.03349817397945872
row_013401,0.08730269408102509
row_035619,0.20582322601271685
row_032840,0.0018998739110968603
row_010768,0.031978150367177154
row_037844,0.1423556910374002
row_004522,0.019017950485532096
row_002229,0.0013064417506247774
row_032027,0.23833177910003137
row_027646,0.9356752025342561
row_041812,0.019653068975602237
row_035770,0.03562020274101612
row_032465,0.02374992376909991
row_026158,0.009477403411824136
row_004072,0.039421476510498384
row_045817,0.01523709648856075
row_002369,0.34480097545082505
row_006927,0.0714779536564978
row_023032,0.008730912545741022
row_032168,0.026300776102458626
row_025740,0.009848773022922058
row_026790,0.010990713945903131
row_049401,0.12287989968461353
row_006971,0.0006803789601861474
row_040751,0.01301998119562191
row_010283,0.005420696699628539
row_021412,0.009608042430524433
row_037369,0.04927850757024244
row_047254,0.02316991638092453
row_009980,0.0027585582936751514
row_002752,0.24097709610687965
row_034171,0.7987362238191078
row_014720,0.005174414603446171
row_048326,0.8922541989872441
row_039394,0.00922816950231915
row_024067,0.0027885140004576905
row_008086,0.014450303545590786
row_040885,0.267738870157959
row_021014,0.5368189881835728
row_005505,0.45869798645201454
row_036800,0.03735412374100447
row_030385,0.10548032494783635
row_045608,0.18126248973329667
row_001280,0.35856706266395383
row_031135,0.09136605158909339
row_031743,0.04932789698621867
row_000689,0.01591665438612869
row_001342,0.047659399023935706
row_046647,0.6923176149256987
row_035504,0.0026948984830432107
row_043917,0.4535474946417254
row_006570,0.022200594441440038
row_027395,0.024803811313167633
row_034071,0.22263626738384854
row_040575,0.4112997017695959
row_001161,0.4771727660576955
row_032536,0.0019731128807076036
row_044957,0.06993910671612903
row_022944,0.004339539645553103
row_006674,0.09827076897816649
row_001541,0.9811694260850766
row_012358,0.10361172234517498
row_043074,0.2923329079928155
row_037210,0.8807458011284406
row_040970,0.4826655241126473
row_028174,0.181443367048172
row_023760,0.0053045642351782
row_010714,0.0001714961495683837
row_047903,0.9087597047003558
row_000156,0.006546742748990532
row_007969,0.5063425597407403
row_015819,0.0007721958865735992
row_033003,0.4588430838841118
row_021818,0.3992883649186197
row_046071,0.6322535512973328
row_005237,0.5711855638387466
row_029864,0.007207521967413495
row_044168,0.012978964956426848
row_032348,0.2817944367347823
row_029547,0.055433616962398784
row_029439,0.812216149841663
row_003832,0.010112767994068662
row_027075,0.5189761778091924
row_005571,0.8190342753108752
row_027755,0.18537602260585181
row_007813,0.08790311002565601
row_005803,0.41450721933877954
row_015993,0.11677509189585028
row_020598,0.0853560916146798
row_018502,0.9853762839789735
row_008128,0.020179819984781616
row_024183,0.26135613438983174
row_040387,0.001873516295306252
row_008581,0.04441863963202619
row_037764,0.034395135106698047
row_020882,0.002339878981405484
row_033414,0.16773510002680272
row_016858,0.025265636646744933
row_013234,0.007201426385016202
row_006631,0.20610298688065384
row_020958,0.00691357205750342
row_045414,0.0902140374676337
row_007285,0.015392104595794704
row_040743,0.06481133847186574
row_040286,0.6226510084724554
row_006186,0.0016847956439571567
row_004870,0.026741871004443776
row_045598,0.03393081892279059
row_022883,0.6346364607574289
row_012889,0.0007501971930867678
row_038781,0.06758572450297196
row_003854,0.9708104578283057
row_023792,0.9455939519706679
row_028474,0.1045292678467734
row_028347,0.3711112684007735
row_010012,0.03343230249650245
row_008528,0.0069745377828332395
row_029481,0.05405662485783872
row_029632,0.06421720553961875
row_012615,0.2675129920120111
row_014982,0.15636193967360454
row_009435,0.010539836036604305
row_041611,0.9802880536824794
row_040682,0.052471279114608506
row_010374,0.3888301450375509
row_017426,0.16092630673185787
row_013989,0.0028079721604146054
row_010542,0.7955317335292063
row_028308,0.19902823189883778
row_044494,0.00292084080685507
row_000207,0.1447940537104436
row_002814,0.20912736122735925
row_023398,0.012116376099917763
row_014321,0.012458529210771558
row_009755,0.8667989368229315
row_020845,0.005726460695334317
row_026615,0.0024522792552478163
row_016151,0.003390700863131319
row_033022,0.03621138653575969
row_029369,0.20580451093107724
row_024691,0.07138169734390971
row_001503,0.008122652193730172
row_015817,0.010737721345934821
row_001163,0.08955091567327982
row_038537,0.002682833880253581
row_003503,0.188588720042774
row_037112,0.12646031154202195
row_003855,0.9923594485587056
row_028063,0.5108740922775751
row_007469,0.7558863566035575
row_019546,0.9869495197231807
row_000647,0.0020771474753788384
row_044912,0.012040134211365672
row_016715,0.3691475325102203
row_049057,0.002382499835442058
row_029327,0.11544571931596874
row_042007,0.1992852189569686
row_007253,0.044557951480839714
row_040947,0.9974081097899782
row_043245,0.08251800448120314
row_027421,0.013297962109782973
row_016160,0.04035715236254674
row_030992,0.6947588853181267
row_016412,0.02900758894082858
row_048715,0.2519311771995769
row_038226,0.0029874329629167758
row_009771,0.00011732428976294033
row_001990,0.008515485385189515
row_033409,0.39755046106004466
row_031488,0.0001318822194151821
row_017446,0.04225783093881459
row_006256,0.11800192701678862
row_036073,0.8385226679125208
row_049686,0.38666268901006645
row_042098,0.12854909687580304
row_031132,0.03335773877558933
row_026659,0.009594879038513453
row_028025,0.3063674689144657
row_014665,0.03158385629242282
row_030592,0.053887281347175735
row_014738,0.02010018824943743
row_030664,0.21488256697994249
row_042976,0.002752447202672482
row_022187,0.9661927549043725
row_019464,0.08722674234305125
row_040978,0.9402378994075441
row_031528,0.60558092227633
row_003781,0.8242387754594036
row_025569,0.11628986912700026
row_024727,0.8073634105142781
row_003317,0.09640337405188368
row_032823,0.16409960459549391
row_017961,0.8278878080738734
row_006098,0.006760631467565492
row_040963,0.2540703880529326
row_023145,0.25855684148619634
row_034051,0.005920981105284328
row_029572,0.7135051125151255
row_029774,0.9773137089007289
row_045017,0.9189713785093544
row_048871,0.08291419576034528
row_032280,0.2577260596032565
row_044223,0.8879661396267239
row_033829,0.024176165283222605
row_027640,0.8320715085467792
row_006042,0.9437380454667285
row_005317,0.003104391431712635
row_008233,0.0984946087187419
row_026803,0.20242263694165238
row_011609,0.1040219314050562
row_040767,0.03639092222026142
row_013070,0.2347743896018478
row_001287,0.00013819763630101725
row_025799,0.0028896192635194397
row_036043,0.030988752443277614
row_025621,0.13277651952011296
row_034362,0.0018400873397643694
row_013721,0.08593931184104839
row_033801,0.0001664343542979958
row_009009,0.02621153490105381
row_048114,0.15531926864115767
row_002001,0.9174038373915024
row_021811,0.08506188069930531
row_013388,0.003939073984151917
row_027625,0.15886649824553978
row_042724,0.00011715904600418711
row_045173,0.24673638308356918
row_045509,0.21917605775365576
row_009284,0.16328403061804952
row_038462,0.09796301416086908
row_011950,0.0043034940742322095
row_040595,0.29810261733749005
row_046257,0.014268703209918207
row_026513,0.07445423292808474
row_014409,0.3941674991898836
row_036895,0.6123485797534305
row_019963,0.2315376542898412
row_004664,0.5085918466325315
row_012993,0.05542806859966389
row_030548,0.09277460829222998
row_042144,0.009090404248745982
row_046437,0.0049188087293642845
row_000830,0.013727548146666754
row_034397,0.9176508711111594
row_004257,0.0012401910874060415
row_004754,0.02934328143996615
row_049474,0.9030805291637335
row_037792,0.028342848299105685
row_032967,0.45380003899856736
row_011560,0.06327780062630518
row_019414,0.009483464581982846
row_022221,0.16622354967042
row_004098,0.34623094488819484
row_003970,0.4604303871583362
row_023226,0.013469003573691875
row_048292,0.009431944609909357
row_016020,0.007452590662453514
row_045945,0.8148772446691201
row_006616,0.19824488480462704
row_044948,0.08071885283882796
row_004486,0.9785630660680982
row_026492,0.03149810972945141
row_006446,0.046838711325265646
row_017923,0.0007447395372664956
row_015417,0.03393674647318507
row_039314,0.07355563012291069
row_005686,0.9255111646563928
row_048610,0.15099725450903567
row_024637,0.0018566675347340869
row_028462,0.011602329114080538
row_023348,0.5154088515656814
row_032238,0.4857027614446226
row_044184,0.13757581360701449
row_045078,0.018127636947442224
row_000994,0.00047949978832198336
row_048564,0.05708393026044244
row_008180,0.009905676450411157
row_029246,0.24812891104008883
row_001978,0.45083027828738864
row_008143,0.44268086240151944
row_042073,0.009256278493334439
row_035421,0.20540024219165445
row_008035,0.009755230686984535
row_040850,0.008598857041591485
row_000734,0.18646102833008454
row_034627,0.006837800112354854
row_029996,0.005780081219120955
row_049605,0.6214978411742603
row_029872,0.024945053834473953
row_039492,0.9103107574543396
row_010650,0.10830667788664967
row_048732,0.27884681626426533
row_020010,0.10324865541484456
row_025105,0.06568197225641456
row_014062,0.01571483117262643
row_012343,0.4954421775249367
row_025412,0.0069354372455341885
row_044771,0.6964324635680524
row_006225,0.10316264998512713
row_012595,0.11687134188257654
row_031364,0.931927106435876
row_010551,0.5606240014632515
row_010610,0.0353498233715213
row_018568,0.007582318466741471
row_025536,0.6457867513810015
row_034542,0.00637668227334165
row_023071,0.982327949090578
row_013879,0.34609417177465207
row_017591,0.09650335954050257
row_035067,0.7237401474897918
row_038918,0.8564718214331657
row_045891,0.4771621181051905
row_031838,0.03447050728701179
row_008193,0.2791221772974799
row_006283,0.28506126422096567
row_014428,0.022013290488585392
row_048899,0.009957545065719527
row_010381,0.8356367718005588
row_046819,0.2603326573127042
row_016713,0.06599769506995326
row_000342,0.011245579641081511
row_045865,0.4381021362240027
row_017737,0.049511433706557174
row_049705,0.004521875596606913
row_016696,0.48525041095862953
row_023371,0.007033229087922991
row_043220,0.00550502648503123
row_031383,0.11393394138297414
row_022109,0.01800773375929631
row_003904,0.24865628407641005
row_000555,0.22215057236795543
row_024976,0.13040223840839169
row_035269,0.0007805706788036269
row_016460,0.08883700095353712
row_042568,0.9858919255092751
row_018875,0.07230679003474295
row_005578,0.00417639076347184
row_018947,0.003736542946477001
row_004055,0.8167629443444602
row_044249,0.0015456280299398076
row_030416,0.00996031331728291
row_044393,0.07757183712758953
row_015907,0.21040866214710244
row_028618,0.08144550075501006
row_010246,0.0785172452116852
row_004771,0.5307442120972523
row_005877,0.0436008899525324
row_002390,0.4424885903712318
row_028973,0.9917207366706149
row_048104,0.005028924485424239
row_012344,0.006532940027130517
row_033860,0.0014003302800114257
row_015750,0.34772692566406116
row_030089,0.004957822923576091
row_007115,0.00513460190371672
row_007096,0.4033957844247274
row_046594,0.3956186589209862
row_011693,0.033561610492738515
row_018121,0.01605928651271735
row_006108,0.3902954576703148
row_006651,0.015457764977796246
row_016847,0.07435776603549481
row_034523,0.23950400520129045
row_017760,0.981994704885946
row_046948,0.27309656461422577
row_048504,0.0033874083095194823
row_018375,0.007425358927121113
row_020084,0.1596175159704915
row_002566,0.5653101681909407
row_028178,0.0037414453306137585
row_015226,0.003693954097187228
row_034582,0.017694971430268415
row_036166,0.057539485823445743
row_048679,0.007065663326187302
row_049375,0.6212235725840085
row_030599,0.0220535548813003
row_041205,0.060224170957035375
row_044145,0.12313468256572617
row_021605,0.02936308179567574
row_007568,0.052323831188907835
row_035967,0.22462023062914568
row_040677,0.024624867233356242
row_049007,0.54773289221356
row_023463,0.8697298773998078
row_030940,0.005478991248399226
row_014767,0.8576432233224417
row_046844,0.40124799193725685
row_012565,0.5071617593716203
row_004264,0.5258647752812754
row_003176,0.7883092363201094
row_012658,0.6875415846333788
row_027309,0.3086180088139925
row_017698,0.7358758419843588
row_049567,0.0399965029127819
row_037897,0.008843631225414133
row_020325,0.0009317600780331373
row_024806,0.08155884542808808
row_039415,0.11227948720666808
row_027487,0.4878892028439625
row_001718,0.007857739291473502
row_049531,0.01845457090945625
row_035223,0.8289767929178191
row_044472,0.11175835952208338
row_038140,0.0009110538550671945
row_040080,0.007939564907462093
row_034511,0.11603507460729535
row_005083,0.6194928299999547
row_012059,0.28699885673132364
row_046856,0.3439692072975606
row_024170,0.004139504364408228
row_037483,0.05774991357261758
row_049829,0.18283359383398473
row_027294,0.9802809310168522
row_005675,0.4294962605238693
row_030782,0.06224012576371239
row_045081,0.4167832285962746
row_023270,0.4241785828507286
row_038018,0.25308710230281717
row_036905,0.036298745808143074
row_024568,0.01617670891188898
row_041368,0.0012361853316313644
row_018841,0.0015716387233785604
row_015308,0.03784421129475824
row_005598,0.04316124739751979
row_023423,0.92845872469615
row_013810,0.01794589432010105
row_000043,0.035104694144012155
row_002448,0.3816667538857014
row_028458,0.014875914085275005
row_023112,0.285079259617771
row_013607,0.7152115171333079
row_001917,0.026874241612451565
row_016817,0.43886486712287087
row_036333,0.006808626069372665
row_037011,0.0036592811666171115
row_015276,0.13210292955234754
row_029015,0.5398647089428473
row_010857,0.18380822389841647
row_013162,0.12770266969143315
row_013069,0.007592756958928449
row_043246,0.027181775505987233
row_024807,0.00040538220336849585
row_004560,0.934465461459589
row_016969,0.47316740992431994
row_029147,0.0037782241900301255
row_049896,0.30118404334051124
row_008869,0.049733909957065545
row_040734,0.16146637400387
row_045757,0.039241290484371506
row_030826,0.011031316570363082
row_017779,0.0012247147258576218
row_017198,0.003693666504432933
row_021318,0.8847528899554203
row_017653,0.012840487401594207
row_004027,0.12435650110241984
row_021016,0.08826983289354323
row_048396,0.09351608016918506
row_007623,0.0038841602342834505
row_028786,0.1844262923233753
row_042497,0.1084753160853461
row_042699,0.005538581670549404
row_026332,0.05998898804222638
row_023303,0.9670659211405555
row_035280,0.6316119687812883
row_037368,0.0020267699432337883
row_045521,0.009563508025421493
row_021048,0.9933167045014104
row_049434,0.746980789584117
row_036577,0.0006451749937306542
row_027648,0.22220772449293782
row_048219,0.7022772544122483
row_038158,0.04044923814690904
row_008974,0.6777504551969545
row_033304,0.8145162533743231
row_039427,0.6677798841515652
row_023914,0.08195104500272843
row_042506,0.08356119108571554
row_012123,0.13347333936908792
row_006575,0.2905499829391931
row_006654,0.6511449934181314
row_012199,0.9933504808769696
row_037740,0.4799611760728284
row_000717,0.6600839571104257
row_003551,0.025522933948276705
row_043476,0.0307662125680337
row_023737,0.0025385151970868007
row_004251,0.33512700457449296
row_048812,0.9313877861013933
row_009795,0.05666026502697737
row_029377,0.021795855644792694
row_008120,0.2744251990590189
row_000125,0.11384661016749356
row_012596,0.13479613005508806
row_041042,0.36939010397401506
row_012121,0.00829901491628678
row_045542,0.03296382853740189
row_037249,0.0065003207819951305
row_024668,0.2880722975178817
row_018592,0.005039699069370837
row_017064,0.37686404341796154
row_039655,0.27280974038102507
row_028556,0.503110435040352
row_003784,0.018831918822744556
row_013286,0.028193212763367906
row_039133,0.8143693892838891
row_045890,0.3201222347935717
row_023926,0.20214973346949774
row_023769,0.028695091119998847
row_020864,0.08550619363602936
row_015799,0.5278770943313685
row_013244,0.12969758165298542
row_014214,0.28750728240364637
row_015228,0.0769703929844407
row_049308,0.005495799616185293
row_038478,0.18335518953372126
row_009802,0.04413557327315906
row_039742,0.16362034584383522
row_021277,0.021323345620022187
row_030589,0.012724336234267383
row_023434,0.9843252901311699
row_045113,0.049376512367538726
row_006194,0.16504704565195322
row_027186,0.006341576847738319
row_004577,0.7690264002246943
row_006990,0.03991141634647774
row_003455,0.16525716486801026
row_040753,0.026636107528493873
row_049926,0.0014781329996083575
row_036006,0.0030029930358121495
row_026909,0.16761889955234732
row_002761,0.45712298569910537
row_033451,0.007639436152845217
row_013014,0.03620365435334037
row_005532,0.9677164268272144
row_026788,0.07286665152118439
row_039209,0.00466137276284615
row_000896,0.24084150887015446
row_023411,0.07195385873969862
row_017809,0.04902143192109752
row_038927,0.7205659119230988
row_037667,0.7812216326500842
row_031091,0.016898728159968256
row_018487,0.5204682263180401
row_017892,0.00011560337349891127
row_035698,0.0009169749391048555
row_028577,0.03473710223166704
row_006235,0.13892971356393422
row_003890,0.6343831610173017
row_046765,0.02916477543735061
row_042846,0.12078523209749623
row_038879,0.36691115934303686
row_048567,0.002212856811383646
row_032935,0.6897249724600325
row_047259,0.006106308864534099
row_000189,0.0548990664798552
row_044720,0.4716883112890772
row_025664,0.005966740402173194
row_043609,0.021072547967360435
row_039177,0.0789976940799909
row_038602,0.0010041140146205513
row_048821,0.006328328451214653
row_028811,0.01283560809623723
row_000613,0.04918624809814124
row_008956,0.003974598032119898
row_035979,0.0635201293171653
row_000423,0.02077797119570002
row_038795,0.07549276665751098
row_033198,0.2029377540339272
row_019573,0.3204598784468614
row_041443,0.19909348325635473
row_021747,0.29713815407832533
row_019865,0.4050683271536408
row_019621,0.2215648175805724
row_028441,0.0013838107272239183
row_004608,0.12745429371968903
row_005185,0.006157885789190031
row_021626,0.0029567020521248603
row_046458,0.1859745384383113
row_002417,0.008597185887136866
row_005913,0.33765115809344143
row_040167,0.6296711021605388
row_039948,0.14936366428128486
row_008738,0.1281635135881521
row_025307,0.20709566194231563
row_000089,0.015222671548631637
row_044463,0.7756737440657555
row_013021,0.9279968929799154
row_022976,0.008503219166684544
row_024954,0.033643614309988225
row_024132,0.0017066961183773751
row_032937,0.03136540997316301
row_039593,0.6855268810262106
row_019548,0.006594953453766163
row_003672,0.09471934626237123
row_028540,0.03946962813983411
row_000460,0.5089440211848443
row_000142,0.18760135667192962
row_009890,0.002013812781614098
row_038362,0.005360345029964837
row_006731,0.9959868256299728
row_017195,0.04589463246961479
row_033395,0.9873128491409089
row_037936,0.47493219489269056
row_038032,0.050292226845412666
row_015409,0.002417603906104375
row_023826,0.8030206268254042
row_034069,0.015126631966919468
row_036151,0.0012276981150343188
row_039719,0.612761849243213
row_033631,0.03067155553995794
row_000278,0.06551107387308819
row_034751,0.0516221882283776
row_001865,0.9164598041904061
row_017808,0.0016039827408071284
row_016537,0.0018423790879708803
row_039554,0.033983020423215916
row_029129,0.3634448111247754
row_028692,0.14873861114320266
row_005450,0.9949851158963483
row_003802,0.007941802566137413
row_025864,0.5682514659309271
row_040401,0.2830118193351682
row_000800,0.5480639475483853
row_041761,0.5206619584931285
row_022084,0.0016626038305957217
row_014310,0.002557943757970634
row_012471,0.01611488667628798
row_018347,0.2927713859265354
row_004447,0.05959492612064162
row_033031,0.022441558406325186
row_037922,0.02487029038670046
row_001557,0.12053806897555858
row_032230,0.8438559343761926
row_032096,0.014756798523497894
row_021960,0.016658100816188886
row_006758,0.029918407754544702
row_024540,0.3138562747170402
row_019803,0.08711009321373635
row_025960,0.846698852625657
row_006221,0.01338615113965795
row_019599,0.9713536711630928
row_025918,0.08621059938562034
row_047399,0.1636124300669936
row_037649,0.1154458307016172
row_036557,0.0014842313373307299
row_017563,0.08768096824200768
row_040536,0.20856459050605514
row_025602,0.019717569538212305
row_049216,0.07675529251616936
row_024070,0.019084624529021113
row_011037,0.04949392998029588
row_011605,0.028418899330597103
row_022743,0.37986036804382306
row_013180,0.010138500777139596
row_016166,0.03217133943213598
row_028694,0.007124854348362749
row_023624,0.4474744475288239
row_030331,0.1509493922559129
row_043227,0.0008723662959361064
row_047772,0.1366492712685694
row_013166,0.15598051217755543
row_003804,0.05039033540608734
row_037318,0.129424174252519
row_036472,0.004071639011256533
row_036866,4.8942358239381675e-05
row_012739,0.03980595691555966
row_043216,0.004397210063249507
row_020354,0.7943290336467916
row_028378,0.2842349999628501
row_040368,0.2141003928443862
row_014189,0.06719110441663986
row_037813,0.8121576455527281
row_005273,0.2552490707749462
row_030773,0.31570457417422687
row_034701,0.0071374570324182485
row_041194,0.2822349266493506
row_026770,0.9922721293261199
row_000701,0.363629507234359
row_046398,0.029958474028746147
row_023350,0.3066820691354232
row_014488,0.00021083427998250332
row_044403,0.5155364599998833
row_031564,0.0009585365048089303
row_018070,0.013364164244530961
row_038193,0.023551412723402942
row_049445,0.9305386510723248
row_044625,0.002371263367994816
row_041961,0.0220288344474333
row_010500,0.27016583835817726
row_005382,0.2795492217559499
row_042090,0.08430235757164067
row_032608,0.0026017770987524064
row_041403,0.0019521702505034984
row_042216,0.030687944258902897
row_013024,0.0013181384749989054
row_042203,0.12781240526037368
row_029017,0.0009565814919056362
row_001206,0.6804173402775607
row_024640,0.20277745827377075
row_041326,0.9899164367874312
row_047167,0.004532079223007195
row_003398,0.20399358477874316
row_002155,0.8354659758074967
row_017855,0.4818088572941703
row_017257,0.0038209551928357084
row_047589,0.003988184398013078
row_021334,0.0019099308850394838
row_023078,0.0023338118334436577
row_041751,0.1711316953132522
row_042379,0.11187957304662355
row_000402,0.3227466524876205
row_024768,0.4523104508825775
row_015846,0.5881494958397228
row_019666,0.289054903385055
row_009391,0.19489807997878605
row_014908,0.026705104408634755
row_046959,0.00030578656373031834
row_029115,0.29582438918943066
row_023488,0.4313198352180852
row_033606,0.8062431668992474
row_045404,0.424517601242008
row_026836,0.9852238038480128
row_034750,0.13619106539859888
row_026376,0.1954261454473746
row_004804,0.009038084035916334
row_030998,0.0126557721074094
row_028182,0.8793635004020236
row_005974,0.28227965271246763
row_022785,0.03410693698182035
row_021037,0.6887588775727695
row_014195,0.11245836843894118
row_032082,0.2740826462393139
row_044770,0.02636769152740318
row_018891,0.013559112300907028
row_019910,0.023100699041923852
row_010522,0.17956291844725328
row_018799,0.0747991391309067
row_009260,0.46219176831672526
row_026284,0.06897293072610751
row_026760,0.5664740426233169
row_020727,0.046677250219758624
row_047334,0.0009436651477669801
row_029440,0.748628122453191
row_021222,0.18086569345224252
row_022769,0.0002136253106261365
row_015317,0.01536927025620079
row_015909,0.08422504941993694
row_038779,0.0011826088369701947
row_035022,0.11886566486668723
row_020202,0.003215748038014134
row_030777,0.19190896856447634
row_005882,0.6798509306404343
row_015593,0.8052315553282234
row_007789,0.36020313662540965
row_004503,0.002013397094570027
row_010647,0.9825826426338553
row_034703,0.08228117963921676
row_037597,0.01688575639081472
row_017500,0.010880452540853588
row_042974,0.4268789784536993
row_019852,0.18537414506602348
row_007929,0.000848743515226326
row_012750,0.052331379875430815
row_003938,0.24428520880804103
row_016477,0.3503134387704295
row_010677,0.12749226028941196
row_028686,0.01762043947466272
row_031180,0.003354081905875428
row_014555,0.37843683105837633
row_014413,0.4419127570033664
row_022111,0.020334068560962936
row_014638,0.13000724758904011
row_006690,0.33514598555730596
row_030290,0.10394945043325989
row_045300,0.7452219958784269
row_005257,0.2895632459314995
row_016263,0.046077042934461986
row_045349,0.0012102073045635407
row_021780,0.013710094557873224
row_013557,0.02753704336913006
row_000334,0.8005560508876519
row_010722,0.05507440051056641
row_041947,0.004109999334500317
row_018582,0.023934673900359405
row_019923,0.03189677863038466
row_023901,0.1506136043755176
row_046762,0.08166254571903234
row_007796,0.08968942732904736
row_013427,0.19416937303007825
row_001585,0.33734394549399865
row_011093,0.04475918271395059
row_015102,0.9350816459237882
row_027422,0.05178917095449776
row_001458,0.9993256563716768
row_047036,0.0768320619218301
row_030104,0.7791287750421488
row_027799,0.017397275146161666
row_002386,0.40828354751378965
row_034257,0.006305690507633202
row_034854,0.21158045662154454
row_034982,0.03586401568699843
row_010733,0.5116958583319032
row_025097,0.011730787919184088
row_041400,0.24566923128882934
row_039548,0.2297718082334893
row_042832,0.08561348482746062
row_037106,0.5473275968197606
row_031744,0.977101269482053
row_031301,0.1896316187702266
row_010284,0.49958568109561285
row_032483,0.09371583442650554
row_028438,0.002067267005046207
row_018560,0.11184039253923866
row_026320,0.25258019414747784
row_043143,0.039443221793013135
row_018852,0.0011214329541333254
row_045893,0.6454348845067276
row_016700,0.01309867965231599
row_010906,0.41528264747694776
row_046789,0.8895489258034706
row_043817,0.2737803146046722
row_046585,0.8868293641012681
row_008325,0.008944825960727307
row_041337,0.002866056437645709
row_043004,0.04054457835840334
row_029406,0.025280706607899713
row_040476,0.019974090935798383
row_022278,0.5432168205288476
row_043505,0.08906369140587421
row_040136,0.4210060425211479
row_006339,0.0006909668085838588
row_009283,0.0037584808822398613
row_022048,0.043319507077439576
row_043408,0.027318871325277966
row_019356,0.00815670194191728
row_013063,0.550513330182356
row_015571,0.13056214966039753
row_003950,0.8545310502967908
row_008002,0.018739719863870515
row_005106,0.049985687783715455
row_013776,0.8542305121134384
row_001138,0.04278908957024916
row_044229,0.9933220634299897
row_010209,0.9604468013631393
row_035348,0.6238348390861984
row_003190,0.09622463432805252
row_032746,0.0552222444550469
row_032964,0.2870363982608626
row_006393,0.011808059681675094
row_048112,0.3102366981911481
row_003858,0.02855768506048628
row_008292,0.09286058621899554
row_020065,0.860509761336491
row_006970,0.04685521014411993
row_034867,0.05672179501466524
row_010774,0.14999579144855707
row_023670,0.11489277439530089
row_046956,0.03034603634551989
row_016807,0.07629629424211741
row_020706,0.033827415849279424
row_034204,0.011901007100068544
row_004890,0.11458644195222976
row_033652,0.02744447247064301
row_012829,0.017601576544680534
row_020059,0.9582902857140895
row_028510,0.09922495853336963
row_016237,0.22480712263870498
row_011029,0.5032869372650363
row_028946,0.027624727156433816
row_025753,0.1541308033925093
row_038936,0.07039590679103462
row_012127,0.11650594658073157
row_021789,0.03321635983855124
row_039425,0.4587641706870111
row_013949,0.010633093310583524
row_019809,0.04315701207782198
row_025667,0.9959407833574326
row_027937,0.11638887828776731
row_003876,0.10806623497255013
row_019242,0.2578338192453811
row_045205,0.019458500569439336
row_028989,0.007364839948376109
row_040047,0.007832219254885612
row_045553,0.0015238332539520508
row_025875,0.05648268945918027
row_040304,0.038291709722566736
row_023658,0.009828554337665116
row_003001,0.007637232420700809
row_037295,0.8116156807489655
row_012774,0.1091744643462723
row_029638,0.13296653788670848
row_014790,0.7074502632337606
row_036961,0.06689823797269753
row_004378,0.001384358989996512
row_025760,0.05688937484029957
row_031101,0.8099743573281926
row_024324,0.021305188862486293
row_023245,0.021045869105054356
row_010800,0.010328125310253013
row_040472,0.005505833081095569
row_008892,0.06082872384832628
row_009685,0.43948761932781527
row_012260,0.02999161487392347
row_047032,0.5242102625056759
row_008863,0.05353439141638414
row_042816,0.9259871538495346
row_023312,0.033365792923944156
row_006682,0.022115339148859072
row_023483,0.0022801884144416826
row_010006,0.01416885585800654
row_031041,0.2157109268107833
row_008108,0.404247220733033
row_032023,0.17629476582612535
row_018926,0.43888532604162267
row_029022,0.9361196592629429
row_012998,0.19227322245454184
row_041488,0.025772348143745277
row_015643,0.1414559259601973
row_003473,0.9301645136689131
row_003173,0.09075594233429446
row_033607,0.21646301998099574
row_047177,0.09919939226255675
row_030030,0.7840831134540934
row_007523,0.38194341692938005
row_029951,0.25814723647934684
row_039733,0.036519973458080356
row_041386,0.0216339101916334
row_001496,0.00575803479463684
row_009080,0.9954325225906728
row_028920,0.4465011241656503
row_006858,0.019114049430722473
row_003557,0.18460140341933717
row_001188,0.030498690892768385
row_036679,0.7792703903285225
row_002097,0.04362112488424145
row_016862,0.6817159031722876
row_011982,0.003121350274438238
row_028951,0.27005925816970644
row_018857,0.14508045212959508
row_049086,0.06658077729481049
row_004971,0.06903788357175035
row_033680,0.3085917244236353
row_003315,0.048498390072139366
row_010241,0.28234317380362245
row_008548,0.08393989022700318
row_040702,0.0040692587971993535
row_028517,0.09022926196616765
row_004777,0.009025274653979823
row_005071,0.006531833608493902
row_045109,0.3195694751413983
row_048660,0.17540522435497363
row_004018,0.7418219814411726
row_010357,0.004020216303485147
row_004471,0.04059567292025378
row_022901,0.4601081180702705
row_017664,0.0398041527267146
row_027515,0.05992429024296784
row_007033,0.04471663201810338
row_015754,0.18779844691885195
row_011801,0.004443886321883982
row_035688,0.1405293270335945
row_039099,0.24166034114303322
row_035330,0.031050123093887168
row_018222,0.018414253732312078
row_020230,0.9419767638935035
row_022587,0.361234405044544
row_003460,0.0037630819098482386
row_021488,0.04642656552236315
row_029818,0.5251470029179149
row_026423,0.032752306851552816
row_003415,0.0009717033922265971
row_014423,0.017521753287283802
row_007669,0.19701036421182386
row_003191,0.07751598842014776
row_004699,0.07337198413713396
row_022396,0.0811607734218584
row_021223,0.3830100859834155
row_007851,0.14742067301827338
row_007178,0.08698470256165483
row_033811,0.17822681414031738
row_011344,0.1339564459811985
row_010403,0.0030795247495673944
row_029906,0.006282672971697915
row_036878,0.998192085451751
row_021420,0.5885399170667007
row_008124,0.15031389730583333
row_042022,0.0385853856882394
row_017004,0.052135139374321814
row_017093,0.03782718078064246
row_046318,0.11066330318381307
row_047492,0.06734578985399232
row_012692,0.3200631935627002
row_042215,0.1551066488473285
row_029226,0.006604405157949275
row_038418,0.9941882054336088
row_021251,0.009113250042018971
row_022628,0.014556461750262479
row_043106,0.09538850068397242
row_017877,0.9989412612986368
row_006318,0.9545652392132673
row_037798,0.0022016903187322156
row_038239,0.15060720649896042
row_024921,0.07849247963995773
row_036516,0.9589779471689076
row_042830,0.8139078245592566
row_010376,0.05646412388312848
row_013893,0.04636111227254731
row_017170,0.00026054743978615104
row_016360,0.38117979524128576
row_030747,0.20987123069737407
row_009691,0.8914949157863886
row_045526,0.030430074586758997
row_028530,0.9744569186421528
row_018399,0.11290934015113818
row_029074,0.012014248305292404
row_026077,0.41993769895029637
row_033531,0.05099095981944797
row_018723,0.1524947974126203
row_032615,0.6268570703229391
row_003295,0.002250716473186712
row_021060,0.08034879373311472
row_047297,0.022711957116683723
row_011170,0.9638553339580201
row_009677,0.01602202574123795
row_019217,0.15972766715685893
row_035202,0.0325555838494122
row_019137,0.0983939807512371
row_021935,0.6548903131135079
row_046127,0.052386157789023474
row_022099,0.056063432021979116
row_027841,0.032332826134398314
row_007075,0.13201535667032246
row_014441,0.15715250121123295
row_003329,0.004635324224081969
row_038460,0.011473183746098499
row_019854,0.010768251835039329
row_012411,0.033088976409979654
row_000062,0.02885519484689379
row_047896,0.578002883265293
row_042478,0.18896335861169594
row_009023,0.2102756735379029
row_021633,0.35314459356868527
row_023885,0.00021292588256707057
row_013596,0.15306966845437286
row_009001,0.00827185484862467
row_046415,0.7686383027493775
row_011099,0.31071521800905627
row_005537,0.01807607894264897
row_016447,0.4674080792612065
row_018148,0.0007493406491279834
row_012787,0.0883770582248436
row_043354,0.8585389489218269
row_046769,0.40933223746007713
row_028003,0.006883138101259803
row_037753,0.002914208014058678
row_032373,0.012735737848896827
row_030001,0.4534224666607173
row_021851,0.056847595112431294
row_022753,0.15195170759598178
row_003564,0.009944820641077072
row_043695,0.00886211287290938
row_045944,0.000510214854971539
row_011085,0.5618135492145458
row_034235,0.0037348235122628393
row_019085,0.0014975055001109402
row_022831,0.057150397536339624
row_030709,0.04910019887443942
row_028705,0.8247732139447109
row_044350,0.01877433365441534
row_020616,0.055680007536064204
row_014533,0.006069843654067861
row_017442,0.03051409324823936
row_007094,0.031523152851987944
row_013362,0.009623115507473788
row_036999,0.7345327266942321
row_023162,0.494464904690784
row_011368,0.028935242923079786
row_041794,0.2546700504993971
row_023938,0.00039660251926766106
row_030705,0.02345965869219327
row_040211,0.04470480872706146
row_001348,0.08276800563474866
row_017757,0.15264612208106731
row_019010,0.020016636515455932
row_048116,0.6786662852492946
row_032355,0.4367209063148027
row_031267,0.6588722787854349
row_003864,0.006785096600794703
row_019642,0.014268255311816925
row_036201,0.12156896233998897
row_000546,0.6334064639232599
row_023031,0.04491436650366832
row_005030,0.025247650055799778
row_039997,0.8942704780490865
row_035615,0.002631006454512592
row_007629,0.1798879635963563
row_018081,0.30453090046288145
row_037461,0.021823511472608657
row_005917,0.07206128475518755
row_045260,0.007609441610261315
row_029079,0.05473753429693538
row_024980,0.08681548946417149
row_023528,0.5315875835224831
row_033016,0.15895049403380632
row_043427,0.06699529057776735
row_004829,0.020506876299016805
row_006117,0.12544150428857756
row_019468,0.46835244834009304
row_028287,0.08310602692863968
row_009533,0.04301031252979511
row_028693,0.002547317891767754
row_006602,0.17404811428985462
row_002144,0.6068219497301128
row_033961,0.006836793534012953
row_035517,0.06904726013755809
row_014437,0.9991477418795971
row_026496,0.002106463274892169
row_024239,0.00040972609859541294
row_033155,0.013998591499324416
row_020381,0.13140107099990245
row_040043,0.2911686511147763
row_000169,0.00095554077402183
row_009025,0.4508157765652163
row_000078,0.8313603849309158
row_045455,0.01403276685536269
row_005833,0.3154748646868636
row_010822,0.048472494498308066
row_044443,0.0008043779274956428
row_030927,0.2227874585620766
row_012400,0.08551041123626803
row_016804,0.03252552767365682
row_029333,0.8898688364753468
row_044525,0.5776217330482812
row_011080,0.03561721442223064
row_046845,0.0536551389874013
row_032113,0.5760509194611554
row_028793,0.018337671563983724
row_007784,0.049387952571746774
row_044510,0.03924789349808091
row_000795,0.12058120758463772
row_011824,0.20927914161504982
row_026053,0.3446317896298874
row_018587,0.19830869086365285
row_042673,0.0038477242258749245
row_042364,0.3230438522169179
row_018789,0.026730428241562663
row_002632,0.8311824840040377
row_039960,0.2721730361571396
row_008350,0.20277995565021142
row_031563,0.3346382968489677
row_034104,0.015205195356327854
row_005110,0.01787576354490843
row_021794,0.20648873388185268
row_037942,0.002085525153738212
row_015420,0.1194998856311773
row_032563,0.38451483009356285
row_019377,0.7814217709680181
row_049750,0.11060094750598136
row_024833,0.07533941410367619
row_001208,0.0966787530340655
row_044535,0.2843365659208022
row_048793,0.30033698171093465
row_017047,0.001826100331702813
row_018752,0.16589587506046588
row_037703,0.586973927698107
row_017828,0.06549455328567062
row_005063,0.02541736473327202
row_006723,0.0025666954047848705
row_032071,0.8395002696013313
row_015541,0.0028377735454608185
row_036467,0.08789602693925293
row_033632,0.7134407279190219
row_022540,0.0996197089172116
row_025729,0.7089179876160773
row_037526,0.4386386297298835
row_027731,0.1616281541786212
row_038938,0.4567652880116956
row_046574,0.03518528097052794
row_037201,0.032098541792540944
row_043021,0.9991638536897339
row_012908,0.11718419099046394
row_015393,0.23332204515633675
row_036981,0.5629830070536164
row_023147,0.4862376369576153
row_022939,0.19781320639160666
row_016392,0.0031927392996136165
row_043379,0.9531788077880072
row_014785,0.08119074509577912
row_034423,0.9683380101342584
row_009728,0.10832363036109667
row_044105,0.09051444335874345
row_018715,0.01285055045445226
row_046057,0.00027445126913169267
row_013076,0.31896774491831476
row_018486,0.025715888621347258
row_041264,0.16396545820272293
row_019300,0.2533599858295908
row_010175,0.02207976220961751
row_017949,0.030298044089800438
row_002153,0.8894250004823595
row_016039,0.053037294664147826
row_049348,0.08889929255876322
row_019036,0.004927630435050879
row_040046,0.006858622679451503
row_018519,0.09167986851439572
row_001808,0.014319245076133715
row_001948,0.30336569525414725
row_010621,0.1442138486595211
row_016705,0.7572010111114105
row_035165,0.5106942269431609
row_031206,0.9163880886904056
row_019545,0.08062240308507344
row_012509,0.0622277794309239
row_042552,0.0017513342401762005
row_044277,0.008819500518839422
row_049180,0.7547245627080637
row_014682,0.025229838550926784
row_042477,0.2829457809673914
row_022346,0.6641795671122501
row_013511,0.003910778868668345
row_014726,0.12287450363507538
row_038982,0.37626059279456137
row_007358,0.004071609843837558
row_021793,0.1811367490384788
row_047333,0.02937173105298595
row_034753,0.801051650761069
row_032358,0.036823728660567566
row_007529,0.7012634651502245
row_007331,0.09777160592439126
row_019043,0.49148482816601874
row_009537,0.05498169281861517
row_031060,0.9102204879788401
row_007757,0.25894307350387674
row_011544,0.045459638758115546
row_023943,0.06473885843184062
row_017634,0.015339560355973069
row_033384,0.0736715911128661
row_044431,0.5375929983158227
row_025683,0.018966803949513632
row_020235,0.48239831651432713
row_020212,0.004907886527373823
row_015555,0.02165497251334272
row_001570,0.678849218634991
row_009574,0.025316182300770557
row_042719,0.028138605432892594
row_004628,0.9058908116328293
row_038809,0.06975504047752375
row_018021,0.055676973079523726
row_023518,0.02234290081604678
row_040553,0.045793993021144654
row_032901,0.2950598991399081
row_035116,0.8690736643149802
row_031627,0.07916106029377003
row_005269,0.8893591448997079
row_001834,0.08249201447021122
row_006831,0.010768997038131627
row_030518,0.881462573804269
row_000404,0.09932564344503475
row_039861,0.8836610255601147
row_025825,0.4134237990568712
row_014422,0.8738346165616452
row_042062,0.004287050215065288
row_000309,0.04990973576721068
row_038601,0.00015772057347260214
row_040623,0.03205878843651567
row_026225,0.25028191574602016
row_048450,0.18191097545028256
row_049815,0.47542008243981243
row_045263,0.25339089171582363
row_035806,0.12168525960482171
row_024585,0.03446451426417909
row_010934,0.7763375901915788
row_043580,0.8788379153379214
row_025514,0.037516063524282724
row_023580,0.11153559187240458
row_038957,0.054075874190603904
row_005800,0.695118925495002
row_044590,0.15151843861864747
row_011466,0.0646063745259268
row_006876,0.12418387270001717
row_015781,0.545892647898115
row_036256,0.9257598758432908
row_028839,0.0875183557429181
row_019019,0.021199615809441824
row_049909,0.12030740959517637
row_046100,0.04442220604838223
row_037080,0.32117037290367667
row_041723,0.018856951352615503
row_004271,0.9352479712549904
row_008192,0.5934550972608825
row_004241,0.041103336619518635
row_019772,0.9989027386260052
row_001116,0.27672155280262667
row_041749,0.0604923649453558
row_042440,0.32994931386386395
row_033978,0.19153260848095743
row_040840,0.05194147960714363
row_029564,0.012576499628272527
row_022973,0.010192129792030259
row_006844,0.6061533681026924
row_037380,0.006894371207376697
row_027138,0.22588341685674967
row_004620,0.09799741969277755
row_001754,0.014239018969734762
row_041495,0.005652346575967636
row_040210,0.131055743427681
row_014188,0.5334114908486879
row_030394,0.8924403337715132
row_045811,0.5001382408153325
row_038942,0.0005421379246077615
row_016384,0.012502044706164455
row_049713,0.6072528943437231
row_005480,0.040578764628520184
row_040162,0.1641638528054775
row_026743,0.11871809223075078
row_011436,0.1974655481509013
row_044272,0.014747531416335974
row_039079,0.49176135839344876
row_032710,0.974638127186676
row_039155,0.9339840851641001
row_011142,0.0029733366906927105
row_018493,0.00644885332211977
row_015996,0.9769598027105926
row_022618,0.019807828320374525
row_038131,0.04322469556161428
row_040215,0.00010411196525234898
row_042214,0.8805579790315077
row_031256,0.16728265407781553
row_043196,0.035029334317939496
row_027783,0.05303899606088229
row_023818,0.002401843252706373
row_021783,0.7712638374343594
row_009734,0.19477802287223095
row_020562,0.0021295073914860863
row_043369,0.03369728152446868
row_024674,0.1207381560253577
row_000080,0.9330388397434011
row_040026,0.6982308979481102
row_032661,0.07152620907711407
row_046935,0.006826241113889294
row_021365,0.00014922314835523324
row_006163,0.2969155096876901
row_025774,0.01767732110624427
row_002743,0.007786495212985608
row_016500,0.011726145899512356
row_005119,0.1197747916509452
row_023958,0.9197411580079269
row_015824,0.03444229384143785
row_047104,0.01362703880539577
row_033119,0.11856287431831515
row_014177,0.006053485364915998
row_001536,0.02034588712340643
row_002394,0.06893935886073999
row_040594,0.41481345908397327
row_012957,0.029064323533653826
row_045584,0.8375717827347994
row_024126,0.009903316565103489
row_009292,0.1413675538691506
row_014004,0.8922570719288031
row_032173,0.0061215654694537006
row_020894,0.9952693383540954
row_005592,0.19769204435829568
row_028623,0.031993401562548075
row_026208,0.014389328483423313
row_038996,0.08096059069175908
row_027873,0.4422028154342485
row_028312,0.08305885265099149
row_025920,0.2781361877393919
row_016340,0.0396656917363807
row_035821,0.052069369002353066
row_049734,0.004425340561959561
row_013642,0.5349709950552414
row_025976,0.08408898753749508
row_013106,0.1394973901588518
row_049347,0.01815341503046036
row_039817,0.005259700609031644
row_022775,0.025997302051142028
row_016313,0.1232931444919188
row_013287,0.0838627567137777
row_043286,0.024402092239104785
row_003268,0.04738410542353175
row_011759,0.0025208605608142355
row_013157,0.004531014715732575
row_005567,0.005022570696427512
row_015272,0.8040608603459479
row_021984,0.016847883379432608
row_045534,0.8774928204154309
row_014799,0.5367006819030851
row_020315,0.0009562295303009546
row_037384,0.11786460891429897
row_020169,0.2713414351265761
row_034958,0.01505953549391852
row_028116,0.7957314476796062
row_033404,0.039955137840417175
row_013539,0.02262939389499073
row_008421,0.07319272681774039
row_001920,0.13384904537731748
row_028476,0.02732828450575893
row_034012,0.03382540642783409
row_045031,0.7615041428352028
row_007733,0.07553305544689441
row_014641,0.2629432019620252
row_038077,0.1387352475592838
row_022884,0.5132232220149393
row_028930,0.0014464928403488961
row_022850,0.013195857560818187
row_017810,0.5271550947310837
row_027295,0.05830807913551416
row_015528,0.014153694234872442
row_031746,0.9807648202338879
row_038620,0.9943442628697103
row_003405,0.03199711264869117
row_030261,0.54892141937736
row_037839,0.0011145451990585025
row_031816,0.8834184112796386
row_027724,0.06473317909901571
row_013681,0.02749081854623845
row_043293,0.2128430960886375
row_048413,0.09836856639635747
row_030755,0.020833595483828314
row_031626,0.012443418480298276
row_043856,0.012331020072474967
row_023498,0.04324847246814319
row_004446,0.42573944286208093
row_049944,0.0020238413104142917
row_043713,0.2298167500323026
row_019288,0.06512434009132866
row_019978,0.024037846721354804
row_020351,0.8217686768992563
row_027231,0.002242026678623363
row_007824,0.9356858529077081
row_046346,0.1900850565918004
row_029308,0.11680994063304627
row_003942,0.10813636467001135
row_000221,0.0009523660014323276
row_009368,0.480925940647274
row_015900,0.04553119822545135
row_019259,0.09479332564211052
row_007511,0.0022790989788037206
row_039030,0.002312888291355961
row_048832,0.02113916865545468
row_003870,0.005448553242825464
row_030265,0.0033829711968067994
row_046640,0.32681531674589176
row_037247,0.0072480622806231345
row_043832,0.22879781508179173
row_016209,0.02452253151542843
row_027920,0.06860657286180936
row_009172,0.03641374842904525
row_000999,0.9523378074915393
row_020708,0.04240993329626249
row_013206,0.09512681184045962
row_004992,0.05238034812110741
row_048238,0.018194280687727823
row_044377,0.5136850145460575
row_010827,0.010816440707892921
row_029125,0.011967528939378868
row_022699,0.22204342540002553
row_019209,0.04138605411305226
row_015690,0.009868062797041801
row_009033,0.053670782387786095
row_042788,0.005632731522911225
row_032350,0.043157324220736135
row_011586,0.6364079701855978
row_030093,0.020181170825699115
row_037333,0.003052795530686528
row_046129,0.8632281487002659
row_024841,0.3007957943689116
row_042079,0.08632928327403644
row_000893,0.0124034045324421
row_038195,0.0006909947226550728
row_035472,0.05641201183786893
row_013368,0.2656599332001623
row_009750,0.4714734516546984
row_040633,0.016739641998306642
row_049573,0.24109151559353503
row_007262,0.01294739097965721
row_017539,0.004210467773712964
row_021557,0.11772684275707178
row_040646,0.024867176026938928
row_029799,0.07527340198890767
row_036389,0.10816273335070328
row_024627,0.06052687272759114
row_048623,0.12556669920443872
row_014030,0.9986698803809086
row_025235,0.005831625561360496
row_049135,0.19972421247830716
row_039040,0.04912718256150527
row_033524,0.007547894164940529
row_028809,0.16318122554318681
row_007608,0.09978154017763652
row_048445,0.8765035228102732
row_035627,0.270308753440503
row_048539,0.49891212494968273
row_032976,0.00040046382033104646
row_006349,0.0012979920580230985
row_031398,0.12170214175697457
row_046115,0.09919617861310723
row_039512,0.023902710920668768
row_037238,0.5344527531966277
row_002755,0.020263786952755485
row_022888,0.7537662911063332
row_047640,0.4010774547236023
row_013837,0.3824633626076745
row_001554,0.09223324540847457
row_011652,0.003546807869376517
row_015441,0.007538477935659467
row_022418,0.0005076549477818744
row_015452,0.1807575068183062
row_031858,0.08632849682044373
row_035180,0.6159926805069001
row_002950,0.19061361343279692
row_007143,0.32014463741923804
row_042731,0.022995912071336947
row_008366,0.11941321702590031
row_026395,0.08677308840197281
row_024054,0.07660842329914298
row_001055,0.07265486298602856
row_024914,0.5830706711506283
row_002008,0.019339105751623734
row_021913,0.003869782291315722
row_018860,0.00578805204537553
row_008265,0.022137300415265976
row_016026,0.4077299178020686
row_021089,0.9861250860489238
row_040101,0.006465600565744599
row_029595,0.473981509022543
row_026510,0.5719202503903187
row_039682,0.6665415620373926
row_049094,0.013632398306081003
row_008415,0.009584542992671148
row_011009,0.24322936823887775
row_031535,0.471148110573629
row_011713,0.2450558110731818
row_016757,0.5780732988846916
row_042384,0.21009349922633952
row_037115,0.21065133051131404
row_016797,0.7460448587963071
row_008677,0.173117679591556
row_035829,0.13361237604472223
row_007713,0.3035202281014203
row_023948,0.009957782465168997
row_045798,0.37283150574747637
row_019668,0.0037920015675854115
row_044428,0.0005504055984465349
row_031269,0.7900676150770969
row_032155,0.6819876821218676
row_008561,0.4016405637468008
row_021592,0.18722826024519865
row_018714,0.0005545035391994167
row_024677,0.0048255008568070315
row_046277,0.8146188948970302
row_047052,0.03238263765598403
row_037770,0.017599251440602866
row_046655,0.0026518345930229064
row_043224,0.038031098324165034
row_031614,0.007356035860876179
row_040938,0.0144112839819166
row_046547,0.06874458544200672
row_009038,0.01373521829127959
row_000339,0.15273916945596988
row_029788,0.1505915792433797
row_045942,0.029487439301435048
row_027346,0.09870271383272626
row_045983,0.0941136411414265
row_008687,0.09031042174191539
row_037382,0.010597410260117946
row_037870,0.4175877058414569
row_039974,0.09472270894288239
row_014074,0.08463638665284927
row_015635,0.06076008827069732
row_023509,0.005640385598365104
row_034624,0.07820800667399923
row_034030,0.3501584870451442
row_048058,0.06370169684307331
row_038034,0.0004008875939132696
row_023986,0.9923044144686115
row_003493,0.10803186351635773
row_011785,0.004292809592527684
row_032698,0.05290462575137652
row_039101,0.3371942268583817
row_039153,0.911470085120334
row_043786,0.09427063287696907
row_046528,0.05380360844296352
row_009769,0.03535881514442972
row_017781,0.0042687064362588
row_003425,0.004379327583249882
row_022288,0.05016870266506113
row_044566,0.10759330954843098
row_021730,0.0004418579642242156
row_003152,0.08636740485100064
row_033064,0.4039615711659458
row_019093,0.016940292724381283
row_007539,0.0017443247116589304
row_002946,0.801902255406806
row_029434,0.003994545213581096
row_048767,0.0181593468214995
row_009810,0.604288639514547
row_018931,0.5487125749183923
row_042834,0.015015581361852744
row_035403,0.03225557677197238
row_048695,0.9382753650204384
row_019198,0.021123587917166987
row_035737,0.459846142420669
row_022168,0.4945742344519346
row_040168,0.020840036509048452
row_034595,0.0512424935325573
row_000577,0.0044927166759282655
row_023359,0.11762094844810857
row_017428,0.0007757523747611392
row_011884,0.27179544471641714
row_005089,0.004198739098343915
row_041763,0.07034279451756528
row_008655,0.01922299828866537
row_014502,0.6867131020858134
row_022999,0.9492724812055601
row_047263,0.8637710711369422
row_021125,0.0015710324141920231
row_000210,0.002062802689852022
row_048757,0.6081311374066366
row_040006,0.270416600390701
row_030180,0.028480308524285427
row_014744,0.4991763679183403
row_010896,0.5348668484020073
row_011441,0.011497345296001292
row_018621,0.7963743073352497
row_028311,0.007302825472597198
row_041529,0.0658890243547345
row_042115,0.017040973335111804
row_029222,0.03204388930580903
row_008311,0.0589245414345607
row_026866,0.04349978819214057
row_048491,0.002167324507627942
row_027579,0.41221332375295067
row_022050,0.24247713930174994
row_001286,0.4063942244902534
row_011781,0.02464648132757074
row_036825,0.009421815017842188
row_033274,0.9426986219807469
row_039744,0.9755761558093061
row_007364,0.36183942236964955
row_010460,0.6268309967330115
row_030429,0.0027705695836751643
row_003767,0.006790317668930961
row_010055,0.308181985721916
row_033195,0.6935914222381934
row_034449,0.07186236915765488
row_000200,0.009137744188291514
row_046506,0.037554184372472266
row_017729,0.03893111222570104
row_030656,0.13939846430827524
row_039017,0.8399651346838237
row_040865,0.9944036429677997
row_025424,0.037710728370841926
row_012681,0.8576857883188904
row_003275,0.0921407874316707
row_049167,0.018684474264277946
row_033584,0.008095379819320634
row_021073,0.008285903073067428
row_042453,0.5494975621079483
row_008570,0.014493069759602264
row_001932,0.5020065301153667
row_043729,0.006402212261291069
row_019397,0.04619452231227284
row_033245,0.8625599770071154
row_048518,0.07654020000431913
row_000985,0.41237210039331557
row_017081,0.40643586392391645
row_012427,0.36869803551062247
row_002478,0.3785878323008756
row_049575,0.0031033414282577356
row_044836,0.002693838289589422
row_008619,0.004674843947338633
row_004127,0.0008918046066388385
row_035654,0.004185619855423015
row_020498,0.03955882593770504
row_034757,0.8883047650436443
row_040808,0.0035870780819133893
row_003622,0.010019364523586923
row_017738,0.13085406719819995
row_046471,0.2984279963029962
row_034770,0.083022021783745
row_029757,0.007312561600151113
row_032255,0.18096807294852527
row_038265,0.09690530376212698
row_009844,0.9206255060554948
row_020741,0.07193745959045987
row_049154,0.02089740682902911
row_018823,0.006309491963834983
row_029131,0.6084536185978123
row_031337,0.8472440247947558
row_047026,0.04725260137468586
row_020838,0.08185645454934845
row_028538,0.07790372566255471
row_007991,0.02231787668368515
row_020852,0.02395436514576086
row_048244,0.8688939089832507
row_007436,0.004731875469440425
row_048865,0.006968172584935256
row_016259,0.17841804282903206
row_049453,0.07472052216154576
row_032080,0.8774911341318908
row_014678,0.1783282534473575
row_039287,0.4716640165026379
row_009441,0.022722505019759146
row_023011,0.9630122864903187
row_013638,0.0030146436909203435
row_043881,0.13356981749229524
row_010449,0.08579331450245187
row_033383,0.055848239653242676
row_016775,0.4760650849456672
row_007046,0.12986292840626915
row_028168,0.40685214856433005
row_000810,0.8627912379513842
row_049465,0.046785236405585566
row_011946,0.01822283761254672
row_040760,0.4015003691257887
row_042856,0.019093370678422397
row_012023,0.9476378294097485
row_036402,0.9990777466218254
row_019973,0.002090247870024193
row_002836,0.0027165661197478532
row_021659,0.005921164136056057
row_000482,0.022202284649535015
row_027496,0.018649602906686314
row_025099,0.08141251289113718
row_002762,0.007416880560667791
row_020871,0.08707360886427648
row_003254,0.008100874154158713
row_026236,0.004105992883547586
row_039507,0.043968128759818176
row_048878,0.09937927567854599
row_020684,0.025051492176496895
row_014516,0.02290037843656116
row_002392,0.8683391519785818
row_045602,0.009044465371354801
row_041280,0.07976085798652138
row_025323,0.01343284426629892
row_041785,0.2101688181775744
row_011483,0.8308336183014989
row_031050,0.13822925283210685
row_031726,0.020779141067214776
row_048730,0.1949045338464671
row_002358,0.05711299577800529
row_015442,0.12898960137872587
row_037855,0.06855054194474781
row_048522,0.9925513078017819
row_031542,0.001766402267769954
row_005719,0.1969709568752835
row_004294,0.8607578275510984
row_022212,0.27927302550587596
row_041311,0.3171381598767381
row_016759,0.31963504560767664
row_049704,0.99769376169787
row_023738,0.029935879526175505
row_014106,0.9709451422589646
row_019260,0.00678654456942318
row_035575,0.1580345903247861
row_037116,0.018259982096670672
row_003429,0.6066291442940961
row_022492,0.041645716924989806
row_035519,0.010888372721445789
row_049136,0.8687717301946142
row_035055,0.11779377872770867
row_029426,0.6020376790696305
row_018816,0.1655421533158957
row_045691,0.02526120777394971
row_042361,0.25728528018812497
row_028125,0.024351190803946498
row_019168,0.15153384112602084
row_040299,0.002566641205403757
row_000703,0.2584766452834819
row_042057,0.14885599206511715
row_024373,0.9921190930100108
row_017439,0.17248554519012263
row_047714,0.03674118686074935
row_024266,0.0038386435556205054
row_022771,0.5961887911071964
row_024523,0.027378342661029433
row_007071,0.04156266696769014
row_047436,0.05793865916081184
row_033824,0.28087456859586024
row_034763,0.6909206260828593
row_039686,0.08814764214927875
row_013645,0.7859239604961518
row_041806,0.036490453772370715
row_024517,0.061443344918094965
row_047304,0.2727952269616618
row_034830,0.021733766865158124
row_043036,0.9330492795289778
row_040324,0.0446172305211321
row_020580,0.009018408820881845
row_034996,0.0724706290144265
row_049560,0.017771841405347138
row_030505,0.0016040098046659803
row_001903,0.2184615516790368
row_033234,0.5917642454737138
row_012991,0.0428729402267331
row_044415,0.7153540517211421
row_048367,0.009775227612068723
row_018677,0.3179235292787874
row_028237,0.013665428657295491
row_002689,0.057586726365474315
row_014712,0.7650037605030646
row_020586,0.6531657365956891
row_042948,0.6329889112374131
row_001166,0.3058194927137191
row_033685,0.7663725216530083
row_018299,0.08928068856908154
row_023549,0.954569028336985
row_024285,0.20852029162554908
row_004048,0.0018726044466016883
row_012556,2.8649515055799598e-05
row_003363,0.041271572611017875
row_032492,0.005847572900770512
row_039444,0.5086916348671714
row_034539,0.020338201945952063
row_021922,0.6415331451110704
row_034082,0.01606910506233791
row_004531,0.3299528683675481
row_002507,0.2899243192183688
row_032273,0.002588859635987104
row_044620,0.05300657210907113
row_032516,0.42221119793454
row_048236,0.967688892667007
row_044059,0.06573137803115679
row_007124,0.006698789419565442
row_023950,0.0012700956649618579
row_039965,0.09613747080390916
row_003105,0.5954248449420747
row_038005,0.09221953154478386
row_041817,0.5221707979163637
row_035424,0.06160571833714028
row_039227,0.9835382584087036
row_036239,0.07674479411658315
row_021485,0.04197781750131099
row_038273,0.1025035890824914
row_049839,0.026350763524850003
row_035959,0.5810419840623149
row_038540,0.01595995150113317
row_034008,0.17241892090554353
row_006415,0.6436287593800745
row_030142,0.15336823409910877
row_023672,0.03157633433922269
row_004340,0.7819113364221869
row_003527,0.020683355468811504
row_037343,0.03103766952897764
row_036655,0.7478268232886878
row_035073,0.09194925155747621
row_013097,0.011710099720357406
row_028010,0.05320509459607388
row_033056,0.47308643927315264
row_049566,0.0043193362442106135
row_005708,0.038917234710090835
row_014498,0.097149396770961
row_025978,0.0024407114503513226
row_041327,0.03933930372379654
row_000235,0.2037732661550845
row_040149,0.9366282169634943
row_023848,0.03727353147730341
row_031441,0.0030936916165377384
row_020650,0.019400769916789663
row_002650,0.5223024026297693
row_011464,0.040338243622351465
row_031379,0.7089952716858307
row_034931,0.04909590441314098
row_036909,0.10899151555911199
row_034407,0.2284801345267729
row_010468,0.3502551718772892
row_012501,0.06698629242869793
row_026994,0.06163611993482693
row_001505,0.026172787542269222
row_049589,0.038216012289825046
row_003569,0.5363379601868757
row_016310,0.1267619981458393
row_031570,0.90807449889085
row_010362,0.0030136568943946794
row_029077,0.4934746015919468
row_016062,0.0014351289094906758
row_022573,0.8641957573157865
row_036055,0.5428548616767532
row_029299,0.9945291786162954
row_028602,0.018893319452026824
row_033768,0.10250122872611885
row_035174,0.007158217753626312
row_047790,0.0006977745689480621
row_001301,0.24702400114887843
row_034368,0.0051266251375162684
row_014432,0.7654181309195318
row_007818,0.02849431924687839
row_037361,0.030593342153223416
row_030310,0.059452701410813553
row_042727,0.9947803214339952
row_009116,0.0867942732436868
row_008905,0.0010042122038743495
row_016187,0.14775706718432222
row_017730,0.9459100114099784
row_020834,0.21668863929445345
row_018611,0.0937745152740513
row_021483,0.034649876665158744
row_033572,0.017691286035241505
row_021787,0.10853074140215366
row_043530,0.9994047290927762
row_019565,0.4032612050692628
row_033649,0.3746562861061538
row_035415,0.14147915560665314
row_022925,0.011578981843859238
row_045636,0.5397860086400719
row_007781,0.05515509112650259
row_045769,0.3277672483569744
row_024947,0.0780894991043854
row_004657,0.0737847034825478
row_030887,0.007056772160502379
row_006011,0.036948904187669065
row_005894,0.04944775930216293
row_013944,0.6452002014212916
row_024760,0.08470345668466907
row_042842,0.11786256693212063
row_032289,0.109955144919062
row_004888,0.0003593650427259877
row_004792,0.043389398243830896
row_032175,0.03340824115910305
row_045397,0.009317732401539078
row_033349,0.03238639064115391
row_020477,0.15107224592189042
row_030044,0.00670131478506855
row_021604,0.012969583740357586
row_017331,0.13077180729050528
row_049475,0.8716072649672234
row_023469,0.0010205769468836002
row_034357,0.8026328640649991
row_003502,0.1331288664968555
row_023399,0.8991012440731277
row_039463,0.9716019329642398
row_034184,0.3390265090221646
row_020686,0.993596022055165
row_005277,0.358135367490596
row_049592,0.028462673815058126
row_041981,0.1948611409426782
row_015597,0.07609009992381596
row_017141,0.7521365167904471
row_023019,0.1901218735618945
row_036047,0.024527264609681205
row_044546,0.38210331661230684
row_036811,0.008648889849828001
row_035637,0.002815814972509143
row_006007,0.4247886117790124
row_038145,0.0005329130866868325
row_003971,0.430872267348257
row_008186,0.6002718641121538
row_000903,0.030298912222290843
row_025465,0.1844610546519308
row_020989,0.015204636738869478
row_014277,0.09991824513917445
row_039055,0.04787053483791265
row_038707,0.30460094848651
row_006825,0.007113204134719344
row_002549,0.004334275833042205
row_005593,0.15194355717869634
row_016625,0.38085629962863293
row_000488,0.051587605847748894
row_037977,0.7998110762492865
row_038408,0.20653993849027882
row_044776,0.05624729892149691
row_044561,0.007964658081281967
row_044974,0.01782476727727578
row_005006,0.05457482408502406
row_031587,0.030795526405562528
row_002884,0.06807296968490627
row_009190,0.6228857295715277
row_032697,0.013511760803473856
row_015210,0.19842382126052638
row_010875,0.06030679957783017
row_003956,0.18049852357494325
row_033498,0.031357550560236425
row_020401,0.8914814951406653
row_010554,0.0585440918873555
row_005859,0.2044078751715413
row_015011,0.9458874509501782
row_013988,0.4634484563762227
row_007703,0.48723460353235076
row_029593,0.05446711946939937
row_007397,0.00844652869064987
row_003736,0.09560731105617948
row_015767,0.0044115704434248134
row_015953,0.023294588440421257
row_025777,0.07608966969805482
row_037070,0.09710330218368986
row_039469,0.04236937356992064
row_036144,0.009213471898291518
row_002470,0.0012551154684791268
row_031338,0.1016295701683193
row_010472,0.2001310549106403
row_025905,0.2861912817283756
row_000939,0.00041681786155755207
row_004597,0.25564288613119535
row_022941,0.06896982331994686
row_041032,0.02476549061888625
row_031487,0.19106119330787663
row_014200,0.33325004560357313
row_013411,0.0004793751181620229
row_041725,0.7522493009893917
row_015613,0.184461279003547
row_048232,0.12049948003039207
row_047507,0.30164807982187675
row_049954,0.03656321302231044
row_009467,0.010954711381553989
row_026122,0.06342303710670216
row_030431,0.11214831838135124
row_037683,0.10096460714096137
row_027788,0.010132397855798277
row_010056,0.04823272444109727
row_033287,0.834562069284431
row_046388,0.00916255062029464
row_037564,0.0044931469714513455
row_037069,0.17032361194894563
row_038014,0.7278522329190256
row_040905,0.30514057762495445
row_027772,0.011272479343771407
row_025541,0.3288266112214534
row_026175,0.4831998324694586
row_000217,0.8633929246494401
row_013686,0.24202818071716767
row_034695,0.04265194720697938
row_044239,0.132457777277512
row_022849,0.23730052198923898
row_003512,0.9924470606036343
row_012492,0.3232920871564479
row_014529,0.0777810043757436
row_040764,0.057798795973715546
row_044875,0.0665364885470039
row_026559,0.0007670610667625056
row_005155,0.2906009297605021
row_046514,0.004473034983809603
row_042160,0.1724747411205244
row_019622,0.989613521843327
row_020311,0.0002912165773494822
row_014967,0.41965154372985836
row_000253,0.06451451898876576
row_001807,0.4622358239522686
row_005318,0.0510687739549806
row_045466,0.05557454215603072
row_037607,0.9749959669135707
row_023470,0.49435388225707183
row_042133,0.25890180994292555
row_027087,0.2729702863862553
row_028351,0.18247060511251778
row_001078,0.041029597399581764
row_003526,0.00806125204487693
row_043653,0.01999175994156965
row_031153,0.48849552325891366
row_036769,0.1467705863892343
row_033046,0.341866748178633
row_006090,0.21254022024134012
row_044131,0.0898659083563571
row_007889,0.004886854423027712
row_034042,0.0513389414384002
row_029324,0.0038848987083158126
row_032835,0.012443305307589045
row_020080,0.35550009693333173
row_017957,0.06619860808469274
row_045448,0.42774334156274363
row_042455,0.0031518774423800727
row_012307,0.043479566949465254
row_025858,0.2562145667750769
row_013752,0.004945950827438648
row_047836,0.026678729644481484
row_033928,0.058515843749608075
row_036275,0.111677109455922
row_010752,0.06974950751252948
row_001492,0.3438823807192993
row_007565,0.15889186420515808
row_005755,0.09854217628591831
row_018513,0.5664571979741357
row_014258,0.3252271544841911
row_039102,0.06166810159997393
row_004024,0.3315525660102774
row_016270,0.8778760809980513
row_029611,0.0011320002729064461
row_043226,0.595780233913232
row_004780,0.007943184990931048
row_030227,0.2665984673646387
row_048849,0.011392357513555447
row_029780,0.45616117711295423
row_044777,0.005127167347596287
row_049275,0.8382221478949637
row_005504,0.059060750381784974
row_018132,0.20666999278558318
row_044751,0.05426634617344982
row_024407,0.12915036697816065
row_034495,0.045550365539472774
row_041727,0.2519448013707985
row_034348,0.08582675251144188
row_012925,0.4977617451737527
row_028429,0.061668576055578676
row_037184,0.001974041288268215
row_006718,0.0008024964631878651
row_036685,0.01504118998418151
row_022351,0.003798217141243972
row_006524,0.06393342996985871
row_020545,0.742037340758752
row_014032,0.026423012708757493
row_018032,0.001575478060132138
row_002312,0.030395373246469404
row_030231,0.029896619329223308
row_019779,0.057338955381496845
row_044135,0.018593916086528665
row_031332,0.6357349505493333
row_027975,0.08651371136845501
row_027917,0.15367369218805058
row_040910,0.0003030625620923172
row_029170,0.4023475344518306
row_017520,0.007448636206166667
row_031264,0.9820922178949554
row_010128,0.16523864391902812
row_014710,0.6502596960093477
row_044516,0.05265606683890071
row_026046,0.8826879863396383
row_049380,0.5385522588580581
row_013443,0.19548071584865828
row_032833,0.5792385055017635
row_040497,0.0006746768009144732
row_019435,0.3128940635958935
row_029394,0.6892860794683062
row_007979,0.014885363575053073
row_029172,0.0009805185655940751
row_014137,0.08743867077305079
row_038777,0.020457903590551076
row_030130,0.004306160703578616
row_020851,0.01543562510544008
row_029456,0.08101403341671187
row_031437,0.005624003076268418
row_003872,0.09607386453833573
row_016188,0.21286125959201385
row_035436,0.9970483179102757
row_009865,0.2194859106129203
row_005271,0.0042400129478503065
row_046226,0.18215934814414836
row_042490,0.08282472142597906
row_040739,0.2212486175588026
row_009840,0.7180690098148778
row_041351,0.08937554365715661
row_032593,0.05448557008144267
row_040550,0.00771254734986769
row_025223,0.012772840089296555
row_037331,0.044054525016659365
row_012763,0.23998238602654348
row_041005,0.8137382047850721
row_019241,0.6419955835998256
row_011960,0.17301941978765864
row_004761,0.05221789190847753
row_002256,0.9957059076471171
row_026145,0.1531597737018127
row_003450,0.11049685907548337
row_003735,0.0032829971310273337
row_025428,0.025330059172019134
row_045656,0.0056180402650576515
row_030467,0.00902441509698284
row_010616,0.013376420382763623
row_013724,0.7153158987472972
row_046859,0.6150334457729437
row_038874,0.5534925295036922
row_015533,0.0917428906982434
row_044943,0.8611835579387785
row_021541,0.9574906001941376
row_018160,0.15989379357418587
row_000943,0.002410545780307726
row_010464,0.005015630751222112
row_005510,0.00963587588798602
row_020408,0.8101037372954917
row_037377,0.022505070924844744
row_043222,0.05198465798280508
row_027396,0.3919525845293223
row_002311,0.005356455867331624
row_030991,0.01096318787569253
row_003077,0.145405889317159
row_045084,0.027283928166676807
row_043674,0.8769534910886461
row_006637,0.030849295122179876
row_000351,0.17341300629387818
row_020743,0.01438076765759293
row_002398,0.04064257977610562
row_025032,0.8308602573500835
row_027878,0.20052002037307576
row_025192,0.1482277253756225
row_023545,0.06324811134869236
row_034860,0.05215770842504412
row_030496,0.029690062535722643
row_020701,0.4635497538505711
row_014944,0.03919839959800546
row_027385,0.0580052176061008
row_024702,0.11958898241883291
row_038519,0.027573328541653
row_006996,0.960589249758414
row_040199,0.01445835675831603
row_031751,0.069540727953405
row_018614,0.0012224248038227778
row_035901,0.06333327434775106
row_011341,0.11397389967059074
row_017092,0.059107060820418326
row_041402,0.013285709555789976
row_046215,0.010417071095624193
row_009630,0.06774440846037769
row_045410,0.003923413795991361
row_047025,0.02063784770150271
row_040209,0.06833039702429382
row_024371,0.21535971507759175
row_024978,0.2620823403337506
row_031188,0.09595376684926722
row_040441,0.9858550536308486
row_015509,0.9431237953608105
row_002759,0.07031330594220461
row_002120,0.011634527910666726
row_038060,0.0018210056005158357
row_003933,0.24876366565727312
row_003972,0.04338509041536732
row_046047,0.006748304526286737
row_049666,0.5413043398083339
row_010703,0.002464585968612767
row_026455,0.0758642443521205
row_018784,0.0085294863369017
row_033796,0.14869576183813749
row_040776,0.010418671304984205
row_025557,0.02847269348674531
row_007779,0.018559918656164926
row_044781,0.0019303020324551517
row_014573,0.021201078234580423
row_018894,0.22205147632923988
row_007771,0.007899355872980287
row_019820,0.012162371536073607
row_022668,0.02505298749958823
row_027088,0.27859500144301674
row_049101,0.5380912472328983
row_047152,0.8493823741866138
row_037472,0.0003149907334503993
row_036630,0.08783351726625892
row_031812,0.025748724578204502
row_004855,0.006703522550387037
row_032555,0.005551367279204581
row_037181,0.011862392330416761
row_024454,0.24472426113235812
row_008642,0.15328234090187698
row_039826,0.17065679215546914
row_013229,0.17268384624184857
row_027861,0.4430420618205969
row_049155,0.8709747322650871
row_049330,0.47628119473851516
row_020508,0.07617580408616464
row_045372,0.0038348770659145616
row_047857,0.02007250410552425
row_041354,0.007310378487810128
row_043550,0.12913193681295393
row_029484,0.3010184860337476
row_049336,0.7330406816375064
row_012043,0.0038263338003009296
row_006250,0.0023009028380112278
row_040656,0.05059993982828029
row_004557,0.24022457408624687
row_008326,0.0030270602586399947
row_003592,0.9177945915060183
row_036090,0.054945246992624736
row_010740,0.1740949663269561
row_030445,0.6440901010615594
row_023192,0.9961085259442818
row_016302,0.9658330848103869
row_041801,0.5118806569103184
row_012628,0.19551546101366057
row_031536,0.008065154274664496
row_048579,0.04872060024671725
row_026829,0.18358168144764964
row_039110,0.09961162648842727
row_015434,0.05634544231524825
row_043861,0.0011481014561317443
row_007817,0.33164602576535557
row_038072,0.46612042849051394
row_039164,0.054184319572595084
row_006094,0.9021041805682092
row_027065,0.30543745060831545
row_001855,0.01698957495163518
row_023871,0.35170539600611056
row_018968,0.07928159188306187
row_025211,0.005674772182842203
row_001139,0.003966664816635395
row_041466,0.24577212235291454
row_005338,0.0033393231652621997
row_040692,0.03565401437679475
row_017783,0.013226728562742924
row_041694,0.012295486260506002
row_009913,0.05863002272829652
row_026515,0.005587370818924269
row_004707,0.02520849719203212
row_011776,0.06628796157040945
row_017042,0.07537725208469041
row_012634,0.030686309621719428
row_017568,0.00038978201654219765
row_037111,0.6750214981503475
row_039895,0.21384172906576326
row_035704,0.012623761171366056
row_015031,0.06853260083283623
row_000367,0.0021340982753239755
row_044167,0.034921550876668296
row_000067,0.027873715359639714
row_000776,0.02782395502266836
row_030490,0.7228773416229597
row_006691,0.002067525080746215
row_010424,0.9610068078367844
row_011921,0.33565610958923175
row_002260,0.6249702222895195
row_045874,0.1585678877421499
row_011139,0.8609182973859145
row_045734,0.4177604598616897
row_001066,0.49099337401710585
row_021695,0.06280870979888023
row_020765,0.33139661420507094
row_024660,0.2792533705423608
row_015396,0.024080189158380515
row_007155,0.41731149510622423
row_013805,0.2280522414066115
row_005175,0.0031539729068682187
row_027611,0.4793489733567027
row_019018,0.18167148050503712
row_035084,0.3561376621164964
row_038931,0.7769674620321607
row_030671,0.4288899817212695
row_010042,0.06354764626705586
row_038598,0.031671969830937466
row_044959,0.89156421146012
row_020183,0.003086526608111269
row_026589,0.1514410895487674
row_049937,0.0008868260893078578
row_005535,0.04157596350855462
row_043841,0.931362113743155
row_036262,0.0006460354206352421
row_009418,0.21668401846375474
row_000645,0.9315082944634383
row_024152,0.0017729943955101164
row_009995,0.0047434432353008794
row_026796,0.04318611571661474
row_032274,0.1554623996820241
row_011033,0.08991522283802507
row_026313,0.8922783710646415
row_046776,0.03700575853741299
row_044565,0.02675476317078262
row_025911,9.287488682536551e-05
row_049482,0.05587303761663135
row_031177,0.057554729622487366
row_014819,0.04022321456113031
row_035392,0.12714099612255692
row_039474,0.26645786124081355
row_045093,0.01030549614283413
row_043854,0.020166883777474897
row_025418,0.000946193180742608
row_039703,0.0018819703189070919
row_042463,0.0014757973347085565
row_036628,0.09397196803202482
row_024428,4.054713907076273e-05
row_041034,0.45253400529784965
row_036016,0.01896520634197602
row_000702,0.000323713842687086
row_039737,0.4367341453587231
row_043824,0.1850275410285509
row_014789,0.9614796935595673
row_024870,0.3062884152998146
row_036515,0.03836451309507737
row_005010,0.35765634699153703
row_041846,0.21804334111020296
row_016387,0.21912432159055542
row_021297,0.18262218437817895
row_020444,0.5466566188963655
row_036117,0.0008772046545813764
row_039380,0.940904081562251
row_025158,0.46946402054587133
row_012140,0.12228960803883711
row_031758,0.008459387458365785
row_001550,0.0199714642745877
row_045698,0.17544156977333356
row_001857,0.47722136391095327
row_047221,0.5793032820540556
row_026063,0.005818409790267391
row_011531,0.2029686695312385
row_041946,0.6735742453461655
row_023125,0.11236902955787867
row_048800,0.19234548715650776
row_001551,0.795960062304739
row_003744,0.001811554023044549
row_007603,0.04486237877261333
row_041083,0.9218660023850814
row_001681,0.6206690898344807
row_012754,0.5233846686724977
row_003205,0.004819206395697522
row_046393,0.09542076391258869
row_005451,0.03165654622824106
row_014760,0.0637782357353773
row_039052,0.9148127107641407
row_018591,0.3156261836935399
row_043883,0.00484261557955211
row_015282,0.046216413383276915
row_003177,0.6564255793663459
row_006779,0.1396636073033636
row_045221,0.09817990249181718
row_038278,0.5133598787412339
row_042056,0.04889645762581733
row_044806,0.6337661840813505
row_034372,0.1990187071468027
row_013004,0.3984664367306534
row_002324,0.0070983757290343525
row_041652,0.019266194328391727
row_006483,0.04101144526627072
row_035648,0.601993243682241
row_039660,0.0182310530077715
row_017213,0.05486693606156892
row_030288,0.02339665787849811
row_010010,0.8548012571314574
row_022995,0.17233619181383814
row_003532,0.03818427051449971
row_024508,0.8286791264215095
row_009887,0.7095177131052967
row_004898,0.0036634823772024195
row_042174,0.05443418020154674
row_048609,0.03604800632882713
row_037291,0.039640602542153264
row_019251,0.9930503936871263
row_038155,0.016941458374229394
row_029745,0.025109895674136015
row_038652,0.1121578211638992
row_000355,0.20640416957177105
row_001080,0.0613336057058388
row_014014,0.005295659229406783
row_031271,0.060402828635634086
row_041047,0.33974001051094516
row_003846,0.00270075169399126
row_028205,0.056663534481899834
row_010930,0.122397068859607
row_035200,0.01818805344458539
row_040667,0.0045063956068374525
row_021561,0.084594297660128
row_042555,0.41736333860806973
row_025954,0.06489098809883342
row_003923,0.08493572500545225
row_015291,0.025001616284798647
row_037166,0.03182967713164059
row_005792,0.27352715001721495
row_036460,0.014695396920670685
row_010588,0.03893947942987081
row_008345,0.15459551272286795
row_003225,0.06541490690956883
row_032761,0.750750353116798
row_002515,0.08880952692769221
row_024409,0.06366122017588277
row_033238,0.007084960562867004
row_035965,0.0765938399017381
row_043387,0.0330314381052745
row_017389,0.4647613546641764
row_039228,0.011255941850096427
row_006604,0.0562244601610723
row_009752,0.045220546681268944
row_029433,0.7472619238211148
row_003806,0.10423668892214465
row_036662,0.7264274665094105
row_035480,0.6318998396808002
row_035625,0.43295920540484695
row_015002,0.007869523754988554
row_008133,0.048358416292638734
row_035872,0.05183305528669032
row_020363,0.015746375951803136
row_048723,0.666317730406066
row_004906,0.1577676380847585
row_004658,0.0008423770332298816
row_039334,0.05597900644744969
row_004772,0.0024619587245330297
row_003094,0.04866768360097432
row_021208,0.005271273558397994
row_030874,0.4285567290932027
row_010719,0.2877257017870122
row_018948,0.009847130433537134
row_039213,0.00613727506245547
row_018855,0.10823551849447866
row_010738,0.014343125336362249
row_012297,0.0498450869602614
row_008050,0.34636352049280744
row_045476,0.0076499958059081455
row_014934,0.02260441844174731
row_041281,0.007017385882280318
row_005300,0.43738411173443575
row_010881,0.038416656304642284
row_004499,0.3829503170430256
row_005992,0.0801404236500348
row_047224,0.5405087601144875
row_022108,0.06810410526971564
row_039490,0.007517213099642679
row_033755,0.019983275057577472
row_034101,0.0895375982457819
row_024821,0.6057421247181368
row_035320,0.011520814815651129
row_041614,0.21582831577513384
row_044336,0.06320831571415064
row_009819,0.00895544931756263
row_017982,0.0013928268054327951
row_039513,0.014121126163828563
row_043721,0.09632940311557764
row_043255,0.012013814342547753
row_034683,0.009662507154012566
row_014890,0.012586556537730616
row_009731,0.060601360351695645
row_022858,0.0990904500840585
row_040527,0.03757979650371492
row_023179,0.03724070812899849
row_040345,0.0051135343524166595
row_025698,0.06009183204240829
row_042397,0.006616985546211963
row_016593,0.0345933333609641
row_028697,0.19311375437141723
row_039139,0.0016865343196699428
row_018169,0.020081109400841478
row_014386,0.02628438893099775
row_037843,0.9174596465187417
row_005694,0.002653815940656873
row_033107,0.015582027644286707
row_042474,0.09642467635733082
row_012246,0.4895160751311724
row_001010,0.011527227189821203
row_011312,0.09238097201426196
row_006379,0.010527143242129108
row_022881,0.0495472134510551
row_030781,0.6940135858093957
row_025897,0.09085638126926147
row_049577,0.26123090704107366
row_008913,0.009174298189712288
row_046591,0.230232238035989
row_039396,0.014453242772317423
row_031167,0.4079270233032931
row_022137,0.38592034320862584
row_007492,0.0193761447828571
row_009725,0.006309041039457875
row_023741,0.018722443701882252
row_005359,0.002025018117300909
row_037632,0.8934450967196305
row_009101,0.02522808528349095
row_041190,0.07537617134684083
row_032882,0.013832240772055351
row_025967,0.019107661669674588
row_004165,0.719200202221408
row_000301,0.10771939081964149
row_019348,0.09686060423385617
row_045965,0.05561812940684799
row_046577,0.002386803811237276
row_010244,0.05091887615845514
row_048199,0.20870684852345447
row_022437,0.3330514428375435
row_012229,0.9974128048818831
row_025149,0.10887460746331297
row_015857,0.7530965329321764
row_035574,0.03824506631880619
row_037598,0.11804862429411597
row_034205,0.5891619716825156
row_002066,0.14130150053988386
row_027675,0.0035653671707701197
row_014825,0.1374499639014295
row_016516,0.06235308680949933
row_020385,0.2289706311334871
row_021414,0.027165880529450567
row_000096,0.00795482664761697
row_018575,0.3155914811464817
row_045002,0.0041653933980802735
row_000960,0.17300533469041293
row_022292,0.05913259772385445
row_007204,0.01747498236596326
row_022238,0.026592324430937887
row_043128,0.07095684806140629
row_002259,0.9171484201752228
row_036479,0.9865456929381188
row_041841,0.13932599581574076
row_002279,0.008551182789095113
row_018489,0.013538151651930163
row_015864,0.18674782258225434
row_025051,0.025589252191408333
row_012163,0.0036308145392771824
row_006792,0.02528012464748606
row_003814,0.22592378985081238
row_046383,0.00733621441357606
row_044651,0.026317829566967512
row_038588,0.046329689584502086
row_040838,0.07489665982849877
row_049847,0.2710877712948261
row_040106,0.0011984080465892379
row_030489,0.03378908507886972
row_037556,0.21593205245943606
row_039814,0.4697722446124665
row_008807,0.5094167199662332
row_026324,0.12159726882226563
row_007112,0.04193505692323679
row_043733,0.004533118936711528
row_007493,0.4545571702306212
row_042867,0.6530804381337644
row_048381,0.2669452850973249
row_022119,0.6331807737618605
row_021649,0.07565269140662068
row_039555,0.9036867625739194
row_024497,0.06876100350625436
row_002616,0.09733230920818854
row_042543,0.08596060657693444
row_021887,0.9964103473097784
row_016257,0.058103671101378984
row_026381,0.16245503406431067
row_002907,0.9959795000939974
row_043073,0.008455605609469341
row_036785,0.10359237659930351
row_017292,0.04120162247380001
row_038675,0.1526321346967698
row_021381,0.7988680909132411
row_025290,0.7178716978719484
row_032768,0.0006500136980837068
row_024619,0.05524006472602556
row_011572,0.0315936799452081
row_027501,0.14202948343020091
row_035211,0.0028449145365326786
row_023040,0.42254172673940427
row_043356,0.005099694754998306
row_045047,0.01853561715451317
row_001309,0.028534917948008637
row_049849,0.9908665627362381
row_012333,0.7022424000397364
row_010790,0.06704894577625481
row_035477,0.10379550556511702
row_049018,0.008258544362225615
row_047343,0.025068166569291568
row_017361,0.8605185721277109
row_001508,0.10089192606304703
row_002410,0.015310037977473162
row_032871,0.00646897143458186
row_046824,0.025933177143976076
row_047269,0.13774286992112508
row_030147,0.8243295770418286
row_033448,0.023490634981600367
row_044748,0.011773782826576077
row_034212,0.4235858508815165
row_032111,0.011504772062785374
row_003129,0.14997668491034807
row_017040,0.10375286223248806
row_023141,0.6880860110250417
row_027645,0.06806531622346375
row_015770,0.0041014778740453475
row_016422,0.42102611746511487
row_001004,0.32660320398985293
row_011594,0.012178124302396797
row_048189,0.10981453753450031
row_048545,0.5180383883117482
row_000487,0.01829419978855711
row_003374,0.043030303141055944
row_039602,0.023774069279869137
row_036122,0.02705823757243429
row_049144,0.2612013563840153
row_016212,0.054180322304140965
row_000214,0.01302157290566213
row_001643,0.3651575952294149
row_035206,0.022686709595636737
row_016291,0.6109563607175615
row_010178,0.330126582417022
row_024967,0.13850716876860789
row_025739,0.0757454745146061
row_008470,0.047823899774066196
row_010289,0.46102445599634995
row_024772,0.8468168282993378
row_044592,0.6110356073230037
row_007233,0.059306682092557364
row_018879,0.009280048426582829
row_001590,0.000909180483190628
row_020648,0.5291688590270569
row_016929,0.11888694781202566
row_015099,0.023568272720075202
row_044899,0.7948359766733343
row_040150,0.6721943185182334
row_038213,0.11797899104187104
row_046023,0.12372281822951559
row_022601,0.6810629894380064
row_027466,0.14349584077615737
row_003071,0.007371985592863917
row_019311,0.4159842009083906
row_028941,0.006211511953631793
row_000397,0.057910350221077336
row_022102,0.00962124641618808
row_036164,0.7604918399629789
row_009466,0.016875158681599518
row_035307,0.004178432815288244
row_012272,0.28891451723010964
row_017915,0.33237050898271037
row_039423,0.14535302448968326
row_045516,0.39214540176164076
row_048981,0.9211899922182233
row_035908,0.14187426905430905
row_019173,0.005295115220635791
row_047528,0.0742403194489764
row_009618,0.023197549196037486
row_003720,0.1064380035928543
row_017912,0.17341267552410983
row_029956,0.014489088183509335
row_034640,0.4194253124853896
row_035505,0.17542034307164983
row_029068,0.09162752661757179
row_000433,0.007403520409645007
row_028653,0.11080449364317242
row_013543,0.6688782593079954
row_000001,0.032471123888261316
row_022875,0.006404484455443684
row_009768,0.04404498932818451
row_013576,0.6393308984021812
row_045239,0.0076240367057516046
row_034966,0.0020327631806575965
row_008257,0.9955667881944205
row_032525,0.23393198084532818
row_034509,0.8506257143752005
row_023417,0.01700496061057651
row_022310,0.01991044787820376
row_027285,0.007187667310997657
row_030884,0.2878441792359589
row_047768,0.3696461288602721
row_016413,0.1876696702952917
row_049337,0.6225301371272822
row_031014,0.07557358727455826
row_014418,0.0807899048093629
row_016643,0.21987466652469007
row_008049,0.6241927379584501
row_018718,0.009479081745021399
row_042910,0.003040651347273176
row_016874,0.22991966907890593
row_018176,0.16329067296321975
row_011412,0.005953935625591217
row_017020,0.3579111340200145
row_032209,0.6788946902548297
row_040600,0.03709780062904282
row_000509,0.15469831118016023
row_004180,0.07659892144714386
row_034272,0.34298821570240623
row_006612,0.4524681130092239
row_007518,0.0932087578294516
row_014612,0.019493369111240617
row_033603,0.010384152805965679
row_027184,0.9011072408471437
row_037643,0.1680216430707902
row_013759,0.26984358249629076
row_048223,0.137308411910606
row_009818,0.255090651031961
row_033333,0.9513452918764728
row_011154,0.06045076674345349
row_008661,0.06576350601530528
row_042755,0.4435608324817014
row_027593,0.1747914512940448
row_016748,0.5002176627836786
row_019818,0.40661200277241366
row_028657,0.0022117100813032753
row_008575,0.03220914866960433
row_010665,0.8641780109611845
row_015814,0.19254092784140148
row_047629,0.9832234288885716
row_040616,0.08515569640990106
row_048057,0.1524333205735774
row_002202,0.01976135971188105
row_031959,0.5146555464732955
row_006370,0.41572950123450986
row_029847,0.1030905403074648
row_013612,0.0008565550267526873
row_034370,0.7346511364097357
row_022422,0.038048626494413575
row_045135,0.8854433168790731
row_000041,0.010328741527266455
row_039580,0.25327081335384516
row_019718,0.005330031194898259
row_006401,0.21942751089685886
row_042835,0.013949286027286324
row_046908,0.7761822128973122
row_036170,0.33593844672664896
row_049127,0.1616539358747455
row_023981,0.3617278875990274
row_042959,0.0957362227672449
row_023797,0.01268746526518306
row_016571,0.0782427099615952
row_029892,0.008848943560112862
row_001484,0.0078186542007634
row_043688,0.050861027238542286
row_042353,0.0459912584837895
row_031287,0.06872437482503078
row_027732,0.16397358551247015
row_018865,0.0075679772495599726
row_047366,0.1693758727888892
row_033320,0.24273609686425823
row_033725,0.09783595103705733
row_007499,0.037877384878214966
row_044608,0.005337063845580537
row_019415,0.9421784692628925
row_045924,0.11095988520031229
row_020418,0.007926712715697394
row_018821,0.06173310704413675
row_010378,0.914274411361418
row_019041,0.034826971827510975
row_028660,0.1381211777989494
row_044870,0.027051848729947276
row_010951,0.7576790456819822
row_010129,0.32209773563501387
row_005490,0.4646826353712077
row_010917,0.01570630065489825
row_039267,0.7212630503199472
row_029376,0.0017563169565624195
row_022446,0.17456402905412746
row_020289,0.007380462522949227
row_036622,0.2484440005594028
row_043545,0.886385619060814
row_022651,0.003142358963145272
row_035565,0.11043362979004229
row_032690,0.8298329141411303
row_039071,0.3310206034951184
row_030717,0.03301780914931882
row_027555,0.003870380287371596
row_036313,0.2651674448400029
row_039488,0.07716576967351739
row_021982,0.6680953925202826
row_027839,0.017324322420839703
row_030815,0.5968102767963933
row_025441,0.0764880729534076
row_011656,0.00947413878267633
row_044457,0.0013915805107923911
row_006206,0.016858725720459867
row_049246,0.21015477013957298
row_037930,0.02832577731110074
row_035083,0.27034972034312
row_034704,0.05696248741372895
row_027918,0.11882749407183088
row_037334,0.07925158520397121
row_036524,0.010866310325221196
row_023124,0.02318954181453289
row_043365,0.018281359297632208
row_032814,0.03179107335614887
row_022298,0.05866579838890633
row_027762,0.6787602024717032
row_038837,0.014297598572499019
row_015382,0.06750956247427742
row_046980,0.0072724776306596454
row_040956,0.001293145462733478
row_044180,0.023543753593840096
row_024567,0.35445122576956467
row_047888,0.4183681837296679
row_046802,0.006133889855296652
row_023998,0.918099649656866
row_032560,0.008603054654801937
row_045091,0.24469651829666522
row_037366,0.0014216695487593535
row_042787,0.992287767894997
row_000832,0.6891195326391636
row_033994,0.3185209420996367
row_003463,0.9343633996551456
row_021602,0.03691826804957632
row_038524,0.12315517060802078
row_018615,0.06739345136783727
row_016226,0.04014248387895934
row_019298,0.012315971962108723
row_001387,0.20759425349484623
row_028269,0.28191475954383455
row_031802,0.009853542274227535
row_046770,0.010980277145105731
row_014630,0.7204759104217546
row_042773,0.530825570254377
row_047005,0.3969939023172288
row_034549,0.9817865267604917
row_008163,0.00029637231242411657
row_004406,0.0015872644086942663
row_019719,0.3263258634013726
row_014882,0.8901160526169697
row_046850,0.09308569776639684
row_049082,0.05372942835960213
row_044810,0.005146512070896439
row_039230,0.10500010102323531
row_019733,0.0056537332666525076
row_016027,0.0008059259465623333
row_041937,0.03567148158504811
row_045903,0.019722227746411462
row_047124,0.0047521199856866295
row_043013,0.012061005150408366
row_030691,0.2918086086386615
row_042754,0.04647294993805964
row_031243,0.041419555424968314
row_016679,0.0038281610537506
row_010108,0.013903080094438983
row_000511,0.05914050254286398
row_022562,0.026811391843382805
row_030689,0.12637680355981887
row_028907,0.3788893060308865
row_000401,0.013786402354973472
row_005513,0.3633066956516219
row_033805,0.3633050892169181
row_004545,0.07144354601662574
row_020148,0.017580717451679016
row_038456,0.917754589812302
row_004867,0.1337794694924884
row_001251,0.009591872404628015
row_049198,0.18444805984507176
row_011745,0.02452901766531679
row_008072,0.11110125691022484
row_017864,0.18027057402445074
row_025448,0.4255601515464303
row_019608,0.0001725910634499322
row_043548,0.7624771353066083
row_035147,0.04131077926806801
row_005729,0.19021400269571664
row_017472,0.3326314338464123
row_034273,0.06889299855904761
row_036305,0.3427547474320338
row_009877,0.34413822580157927
row_042028,0.10025248045131153
row_037066,0.846863717531011
row_011576,0.039291482493250325
row_033890,0.23544073628087903
row_015877,0.0595276462474978
row_047637,0.9627122596000302
row_018663,0.04407344873139292
row_006458,0.0005351612956784551
row_041677,0.09264587555071792
row_044711,0.7696938492466983
row_012582,0.3238266893366691
row_036914,0.7600708899433232
row_020244,0.4508179670893171
row_031295,0.290204333455638
row_043894,0.03576723880924371
row_048479,0.00358260012881242
row_045183,0.010274942609829084
row_044674,0.19808511587021377
row_003307,0.17680132996836345
row_013544,0.08004906293339716
row_044311,0.9912285831708664
row_047408,0.03700586128069691
row_021844,0.10621914234481351
row_032013,0.5485965182365894
row_013825,0.6476708339952798
row_043209,0.03892044511106834
row_039367,0.6867299265011625
row_013515,0.0916525958664377
row_027008,0.0014364955326893187
row_047014,0.4595772834474459
row_047217,0.20829975889151142
row_040932,0.7154104728750363
row_032574,0.6623072183311877
row_010408,0.05053159524742933
row_034279,0.06428525057050807
row_015774,0.4281108129867489
row_035201,0.010776240837067099
row_036252,0.38837455331986315
row_003297,0.0026055323359677443
row_006152,0.018916397347146657
row_043691,0.00014296386968422174
row_000025,0.15946488673263837
row_030046,0.03906549143591221
row_032636,0.6067339619921795
row_016959,0.23265486963718185
row_028832,0.15782162602243113
row_014389,0.24043919268949832
row_032855,0.0461296602382819
row_043011,0.14279619105808333
row_021779,0.012507666670830857
row_033415,0.005861779338939056
row_029626,0.6730706497913244
row_044136,0.03951612164130565
row_031579,0.0011451897272429276
row_032981,0.003160004394775325
row_026746,0.11487978684619311
row_048495,0.49246948162421234
row_015609,0.018418146974853104
row_029964,0.22841428951410572
row_000480,0.7163780751134866
row_048192,0.01140752038743829
row_015366,0.15144888824491923
row_004186,0.004021294397138107
row_001156,0.011278749852786677
row_009349,0.22354911718670897
row_037921,0.0052985056495407626
row_025126,0.41988368775603385
row_043539,0.49688937376601733
row_000662,0.5290650200766143
row_017534,0.6853099530046989
row_044513,0.9724246058719094
row_040249,0.022393720543383268
row_032532,0.006104547119768155
row_041045,0.010151770076924166
row_021454,0.06597931146412327
row_031790,0.5111768025099382
row_036951,0.10206468359823913
row_013468,0.0023122796120473702
row_020560,0.02344052766748897
row_046666,0.6723662377301378
row_034777,0.03447138127006107
row_037411,0.005582896474159942
row_044895,0.09933225064036388
row_047574,0.0016494534861509476
row_014120,0.047944711415701516
row_040851,0.0074377392062975846
row_035277,0.21757747882448053
row_013279,0.2856093063834414
row_015035,0.18820419999088256
row_002061,0.08981423041030538
row_005683,0.9715340917324297
row_025933,0.10749503385120343
row_031174,0.7695471467113545
row_014916,0.44123622234344956
row_039565,0.043441327938061464
row_018973,0.018498383199746293
row_001027,0.24109911578759946
row_027563,0.001902246979115527
row_033079,0.8181681402352134
row_024337,0.979927651725986
row_015178,0.03544565161929775
row_033460,0.015312230303111938
row_020455,0.09380188342891087
row_007145,0.8293119403742023
row_040151,0.0006460584379228114
row_012825,0.09097433175106895
row_037630,0.11141203124254864
row_044936,0.009070994983870132
row_007828,0.002978583308495622
row_030786,0.09112575208878719
row_011862,0.14765188757357628
row_010074,0.12231958598642505
row_033173,0.9547795176634142
row_013173,0.012228718667513402
row_023976,0.006378916075673534
row_019297,0.06849500933496032
row_023665,0.03101213764149605
row_018751,0.04225992357034776
row_006728,0.07354017567538781
row_018288,0.9718692779382636
row_003959,0.015539262982828254
row_011076,0.01932422019830233
row_022721,0.19807702888671255
row_037220,0.02910535934372125
row_032156,0.004846588541603387
row_004443,0.23109178331827804
row_036176,0.9782912937648839
row_009095,0.6160008896786776
row_040004,0.28517538830930217
row_041782,0.7597613340022834
row_004572,0.6957563738126684
row_007758,0.3725721265547927
row_022607,0.9969044627650012
row_019693,0.41660522015261786
row_029452,0.9727063549274396
row_047092,0.8181068598155774
row_011672,0.009069499130770582
row_046508,0.07241452790711767
row_005103,0.024667978006616173
row_027431,0.0011228986886974237
row_026157,0.04799937560542272
row_024134,0.10099228323422721
row_013026,0.011179519178429914
row_002626,0.007265380932821691
row_018602,0.009952496245681846
row_004417,0.660972414246756
row_007709,0.2411516280143489
row_027477,0.2390261543321998
row_037856,0.1206330376677138
row_007054,0.03434665769005634
row_022707,0.04672561749649483
row_040471,0.004796013455805045
row_018540,0.2586968721719519
row_006736,0.733194613393773
row_004932,0.008911041357146123
row_026181,0.32421733128786584
row_000206,0.0008809121781593558
row_024385,0.0265296293710502
row_049600,0.06355959988428508
row_028730,0.6396562755956564
row_010928,0.017310463589264486
row_010952,0.28309451711361067
row_049872,0.05214413630311427
row_031803,0.9955255415006056
row_027374,0.08127729226921203
row_026490,0.6194207033456336
row_016440,0.1271392919247532
row_024795,0.02523665784241523
row_015777,0.3587063448127435
row_034892,0.978293744544784
row_049669,0.897558195802741
row_041128,0.47299177691995303
row_021734,0.08098864129234945
row_027033,0.15577720721415553
row_039816,0.38322351369374846
row_006455,0.1280178350803488
row_037030,0.6657234863390549
row_037431,0.018709021399936174
row_037789,0.1329059199264521
row_046893,0.11859140722322524
row_028667,0.38826404693462363
row_002716,0.7002923546281226
row_013845,0.017214765862615427
row_022208,0.9562481220237213
row_028626,0.10004268964845474
row_017363,0.07700616484913703
row_024268,0.07230934229448205
row_020875,0.02338129668098079
row_009458,0.013240220585010943
row_042432,0.4323690408681957
row_030148,0.007406649334285889
row_014348,0.6534475354640362
row_029822,0.3332987098694704
row_021446,0.06607553852556784
row_030645,0.010771993341082637
row_034136,0.9964248863901354
row_007807,0.18551290745092186
row_034545,0.04619588224813226
row_045663,0.09589072029598966
row_030769,0.6227805438160007
row_002704,0.006252331098813975
row_009623,0.0919060402024064
row_009066,0.043328223594850196
row_019887,0.047281893674327787
row_007255,0.3072589830268442
row_026475,0.6853497870641201
row_016831,0.001691593518060846
row_019351,0.9860196074481896
row_046624,0.8156479695432378
row_015391,0.007282831152700869
row_030572,0.00017164584616110508
row_031289,0.18886061088054779
row_030293,0.009605601480377868
row_008849,0.00742094846932818
row_000183,0.6683470833929729
row_016121,0.04780635536585052
row_012420,0.37557766969223716
row_049002,0.004704214973359093
row_045379,0.01854406122194525
row_006527,0.19147058594149804
row_027949,0.014826441509636001
row_029724,0.026771064420687347
row_033407,0.09551696326426568
row_043233,0.16850687336570658
row_024859,0.03897193736597109
row_006234,0.4918500902467515
row_015978,0.8539413233317644
row_038297,0.7705156321153919
row_043382,0.01376708004886501
row_001733,0.03098013352725217
row_040727,0.6656287827619436
row_011513,0.0018445175505483176
row_004461,0.06535174866420243
row_017044,0.005039249940030587
row_037580,0.017981774630993316
row_023207,0.30921713951068963
row_043493,0.03178123988741256
row_036449,0.00323564002600927
row_022407,0.0054512414949475715
row_040503,0.010150839889100132
row_038491,0.04483243934775335
row_044389,0.13206615085222334
row_002683,0.2468032524299876
row_023231,0.2275114890179381
row_018937,0.1412942573125726
row_027175,0.003359518304739147
row_003873,9.841497153216461e-05
row_010252,0.39974362653043066
row_007437,0.011229196889757449
row_003054,0.1016435184229698
row_001282,0.0589190978335144
row_006677,0.18061874366866398
row_006012,0.006087350268811498
row_022837,0.00588534352419584
row_015319,0.891939831705221
row_027348,0.0034805747328800055
row_038470,0.02103532602321637
row_034041,0.0007543443322481805
row_016401,0.5699503892527612
row_020337,0.11433464521924394
row_039248,0.0062489871022794
row_028991,0.0031952624507259743
row_009918,0.12327040884661805
row_041459,0.6111563951985013
row_037822,0.04444679517911031
row_038381,0.053411659974945874
row_023904,0.004098051335351414
row_023921,0.08282717597350187
row_040728,0.0006711559109238085
row_019651,0.050239454152936146
row_043755,0.11021907369299201
row_049102,0.05250874857368495
row_002649,0.004308342697909479
row_021402,0.005024662737900892
row_016437,0.004294162851369796
row_039954,0.008078719310296996
row_005465,0.02370955302666787
row_022273,0.03515820012946172
row_000118,0.8598013656513477
row_041033,0.0950099370215726
row_018475,0.08494124368416701
row_009581,0.9415577784346059
row_023699,0.2027583815029481
row_026740,0.8581965274351459
row_042544,0.0030565918063581773
row_035451,0.08780250833953515
row_025587,0.12045560543203689
row_016782,0.04454999874208858
row_005931,0.014837677966289297
row_012545,0.022640262715359086
row_045048,0.026209791259396275
row_039706,0.04547552793978525
row_028240,0.498186668880478
row_027469,0.3469580602787785
row_009383,0.01812753460669278
row_038255,0.9677541139776579
row_011451,0.016276279681144267
row_034699,0.01967171038048493
row_002141,0.04145495312503582
row_011184,0.7560682335065714
row_045229,0.2986436341625317
row_013496,0.20378256476507708
row_043421,0.07810999367772223
row_022829,0.42624479579254193
row_036056,0.5852829665155532
row_009784,0.02153302840259549
row_006207,0.0046773191300245424
row_026811,0.03243241384765889
row_003606,0.004673713127432288
row_020655,0.0017010902114393716
row_029666,0.982659196794025
row_038729,0.34002695528202037
row_023625,0.019603858230532383
row_025422,0.006019456004953831
row_019627,0.2552013798174504
row_012378,0.15631615693433515
row_032081,0.008940889459306628
row_048909,0.008959888550096428
row_018339,0.0027509578773333002
row_049252,0.16325609885412043
row_042682,0.34103634348304673
row_012238,0.999850350573285
row_015374,0.3370738677124192
row_016426,0.03292748599557306
row_008166,0.001034962584895082
row_021576,0.014792257421229296
row_020187,0.05149728565047511
row_004667,0.03066633849288776
row_012371,0.394621053752994
row_043072,0.024794792003450146
row_037203,0.8307455555690301
row_034088,0.026848160950057997
row_044056,0.5751679446241407
row_048438,0.010230277479115481
row_020293,0.0026011318467531546
row_043206,0.011266691058445156
row_048541,0.012976447414465814
row_043349,0.04101410243956328
row_027151,0.0014824349743331184
row_046541,0.0018473221274869953
row_028082,0.04563413710237447
row_044679,0.05023158204906567
row_013398,0.1458515486748878
row_045777,0.005374940601470441
row_035981,0.9450508617173992
row_046391,0.8064747933249562
row_021116,0.01724925496230582
row_040263,0.14129083587832195
row_028734,0.9857927003505644
row_023746,0.05495902172964018
row_036633,0.059088250430938245
row_001205,0.060907224627516236
row_016509,0.04217438942248152
row_016430,0.002565955224185155
row_034106,0.9934022425555799
row_024686,0.8065901136950772
row_043664,0.9757890479936878
row_040601,0.8828816387342713
row_015151,0.008138966189833848
row_029261,0.7545812879636836
row_007582,0.5591534898950645
row_047255,0.4829918086072758
row_004914,0.08504883534344149
row_003908,0.16418675175296096
row_003683,0.09544094875797576
row_031855,0.12797907085043983
row_001758,0.14218309949658878
row_002636,0.19917737911217268
row_041160,0.2827713442461978
row_049545,0.05696941237187893
row_009626,0.042960057001851806
row_007065,0.17083147283502395
row_020069,0.0033105420078849224
row_006132,0.9635093151570205
row_049519,0.044843361648929554
row_022516,0.4100585357541684
row_035244,0.5952333157694233
row_032934,0.8274153054834773
row_011007,0.004632792421931011
row_027866,0.7451720196788888
row_038737,0.8756059993951757
row_019303,0.00975921714310833
row_012657,0.4597742334785749
row_037994,0.33706077208816043
row_043024,0.04191674672180653
row_033639,0.10981593959636814
row_022087,0.0014424072400578696
row_041241,0.0005760127894236628
row_026863,0.6199465198401116
row_033831,0.29450510819596887
row_030247,0.0821993320142291
row_042150,0.9909519487833404
row_036064,0.003386673320802472
row_013928,0.0014647511468102701
row_003368,0.004958050579300505
row_015562,0.6956029267450681
row_048528,0.8494492240436968
row_023553,0.6478267195648569
row_024904,0.002962265415158395
row_010314,0.014469232307965648
row_039323,0.012692222052288326
row_040495,0.08243080479191513
row_004879,0.9139975643557156
row_010956,0.0008812705723388
row_020043,0.011493395274822588
row_036752,0.13617450022815217
row_024248,0.004392352075912561
row_012274,0.15164402711450478
row_014280,0.11431533949934759
row_033091,0.03347291595827848
row_021796,0.13650126940489093
row_029520,0.5226137615278106
row_036979,0.9998434452468196
row_005856,0.0058003342519147025
row_023178,0.06341898186343049
row_029459,0.023318917572369636
row_013658,0.9907383668074635
row_034973,0.0005844779607377593
row_025728,0.06105961670960571
row_024052,0.02599427634751103
row_033047,0.2073462386053059
row_049489,0.17818382194755403
row_037088,0.05613599774208974
row_012398,0.4096868974812621
row_010027,0.0006490076644760353
row_001238,0.011240066538107286
row_041772,0.017568600754656258
row_038349,0.5737967358266669
row_042173,0.09181394711195773
row_033001,0.7160447905537762
row_023447,0.04288832923311147
row_022344,0.009764502681430495
row_047042,0.9574678586350587
row_017377,0.7843444245742058
row_019495,0.05247303969226549
row_031885,0.4325482088015486
row_030852,0.4981061170023346
row_014167,0.005032318774072601
row_025910,0.003746140397130854
row_048747,0.011886937769683368
row_009036,0.09583954312048398
row_023965,0.005983414508329558
row_011146,0.17985917981970068
row_021570,0.08832313195929191
row_005368,0.09762015955980688
row_011896,0.01085016944378252
row_039736,0.3866771165954061
row_013378,0.1570905629941982
row_036108,0.010296253492575996
row_033910,0.27402790817502765
row_046309,0.15343070511292498
row_013751,0.9512115847898837
row_036207,0.013319416741846087
row_018837,0.029315973045212936
row_016788,0.02749899883369437
row_040420,0.32758575222000746
row_041671,0.6773033740305036
row_038992,0.11934179296589592
row_040679,0.005329853677897939
row_045684,0.16353706894938758
row_031141,0.7402826485974442
row_031165,0.03833167645474904
row_015641,0.020215801590891046
row_034712,0.0191908721997551
row_027638,0.7415908743252774
row_041925,0.385995083145326
row_048229,0.041059884498375984
row_007792,0.35536792243207216
row_026259,0.489244050482753
row_017123,0.015545691889112586
row_032771,0.7238581090515099
row_021289,0.9169821522548957
row_040419,0.4031852620403863
row_012337,0.05643109986130448
row_003674,0.0005705437502668171
row_011815,0.8379959039587187
row_037074,0.9232290958005851
row_035953,0.402358337932794
row_000160,0.21941938516343923
row_010879,0.044848230806681294
row_009493,0.004001209311649461
row_007034,0.18285095624405126
row_020131,0.05526816010591117
row_049663,0.44925622234515344
row_049648,0.19139431888768962
row_014221,0.10258737038134567
row_044588,0.04336658695943837
row_024896,0.05441699070132137
row_034843,0.9953872802176479
row_005214,0.002170985343728506
row_018025,0.026064922025634096
row_030342,0.859919206862294
row_019044,0.3393112292544562
row_043795,0.2576336137107569
row_006534,0.24992791799025282
row_025337,0.17543896678779974
row_036168,0.012482685274111052
row_035061,0.25756208798801467
row_044945,0.01665017023187126
row_018645,0.3590540668159352
row_001769,0.11525954725184452
row_037338,0.177126533979035
row_011072,0.004848973937521918
row_008490,0.9634346574632521
row_032902,0.0034705642195711588
row_009135,0.002519488347290418
row_029441,0.0020167144817111603
row_044605,0.014781296817932676
row_002053,0.4447356108184042
row_042311,0.09299184469723332
row_004390,0.028942126917806735
row_010572,0.916299169035069
row_018165,0.002841333935509235
row_034334,0.0060055672163528565
row_002629,0.42669665873624135
row_013144,0.1009990399150274
row_041176,0.012746287157247068
row_037158,0.05847640833909003
row_035371,0.10926076396743567
row_025796,0.4853501826518701
row_020784,0.010570501650136916
row_040826,0.48490897847647085
row_000305,0.08316602332910157
row_013736,0.07383792587737455
row_045721,0.16075269291679276
row_038463,0.4420229125456617
row_024352,0.05810463724388832
row_046106,0.08239253725455817
row_039993,0.24418309396291507
row_014035,0.04217371029594191
row_020831,0.9887730833073698
row_031424,0.10696024501068907
row_001429,0.16125685186833352
row_005139,0.29045452454672094
row_027238,0.23713077566852858
row_012338,0.05864008406448304
row_038078,0.0009339150522346164
row_043705,0.05764021209842868
row_048016,0.013747665110222783
row_008422,0.10573749597733757
row_025965,0.004052726545545697
row_028212,0.8351297627061118
row_019108,0.4222056526157666
row_014560,0.42595231945861506
row_029098,0.21181022558334875
row_024042,0.08032689745660675
row_035261,0.00918953934160724
row_034490,0.00662629707008401
row_044723,0.7144379507560911
row_045493,0.21009612894021634
row_028914,0.02995388615005737
row_032834,0.007684696527353208
row_018063,0.022057315057711656
row_017909,0.018049328875997694
row_021290,0.003263228634918456
row_041968,0.2424085650167038
row_002556,0.00488922465570725
row_008815,0.007807929944955209
row_026697,0.9180056520201356
row_032630,0.0026354086458904216
row_022329,0.024911243521619598
row_006352,0.0437628313072733
row_005251,0.015166305248254259
row_010067,0.02571177050968347
row_002463,0.060420026215185815
row_034034,0.513727672014719
row_028236,0.06113313145203323
row_033638,0.0008248055830925363
row_015164,0.08021786642469537
row_026814,0.6260513748307526
row_045080,0.30773636767424706
row_012066,0.5670986293046983
row_030432,0.06230956238227238
row_046778,0.7079892206737457
row_017530,0.9930079147898663
row_001997,0.03538960644107417
row_033465,0.3543171234617621
row_010731,0.15458320019138078
row_025278,0.07145000318242621
row_026938,0.0013886537394165682
row_043384,0.5599638820343562
row_021532,0.0708344017601634
row_029193,0.39736016236404337
row_044068,0.01921094443626302
row_047841,0.01130027282282965
row_046520,0.3717065792979439
row_011902,0.22634390928388415
row_023456,0.049269590339070746
row_039454,0.05214482200923548
row_049190,0.12206646952707846
row_041612,0.07270799383394082
row_003811,0.044303955920360925
row_025732,0.9335606527300092
row_034605,0.7906308262688384
row_021173,0.004411345820963321
row_008110,0.5696109196658582
row_041048,0.9206409761138231
row_015822,0.9826283116520523
row_032501,0.11331229357683684
row_025958,0.00041478421826198527
row_008822,0.09634125833117041
row_015326,0.9633747137340672
row_000396,0.44022955620629356
row_020370,0.06267891867554101
row_015244,0.19474860332417643
row_049874,0.012222947854189488
row_012699,0.005290557686175987
row_001420,0.012030580245727713
row_045910,0.0030483774146442804
row_033973,0.000980694055863584
row_002449,0.011961299236565937
row_014066,0.00834541408316129
row_005479,0.9985951298181472
row_012296,0.015329188728696137
row_001776,0.001882353515300544
row_024172,0.8212390036278492
row_014396,0.9985844579011125
row_015023,0.018858568933190798
row_036299,0.06393312136460408
row_034575,0.019132877653195005
row_040508,0.9997762395476779
row_017069,0.06404799920265256
row_033621,0.03291641384849677
row_026555,0.30972629069836766
row_007635,0.482168833593601
row_014114,0.20813954726932674
row_024073,0.002384093979046512
row_004106,0.86725400618873
row_008845,0.8384354994094058
row_046805,0.2525680744513576
row_019958,0.026278242863956372
row_005782,0.290664948363423
row_036716,0.03503597492811604
row_044220,0.003430287893356573
row_011128,0.0269845257754655
row_014596,0.1108745951953959
row_037345,0.40929620006018264
row_038875,0.730442693027095
row_038803,5.3618300009958656e-05
row_037274,0.0012878218612815953
row_027380,0.0388303904496791
row_011557,0.00030345674423576846
row_022579,0.017245017936707754
row_044412,0.0011748290213505486
row_039414,0.015175795906887902
row_029273,0.1989225860986645
row_043114,0.008014774201088008
row_023620,0.4144218750145656
row_038991,0.043249781821242055
row_046841,0.3226770991822295
row_045232,0.040380385593212206
row_017084,0.9699058916377598
row_032877,0.5716129951049536
row_025459,0.001223251281813082
row_036531,0.07125334376059805
row_024883,0.46349555648626417
row_015100,0.988408443417273
row_015680,0.3272880436814615
row_032819,0.07940496210715438
row_020666,0.4142765914263609
row_023911,0.08973440012143832
row_038004,0.05981484751086152
row_004507,0.0685572555277452
row_015315,0.2924574143872738
row_027109,0.48551176789311773
row_016005,0.026087000823175544
row_010345,0.4472277213067474
row_020457,0.0007130928884664073
row_047865,0.10110495778257582
row_015324,0.012558299971174969
row_038554,0.11518642031485163
row_014404,0.7945055669787638
row_029144,0.06432210538880229
row_045529,0.02544389825250941
row_040288,0.057043851016923386
row_029559,0.8788197032296128
row_006590,0.3206435782895174
row_021396,0.4732567839195375
row_019307,0.009333354868735535
row_005739,0.7874629616071736
row_002092,0.009038745673446981
row_019275,0.010827387284996224
row_001811,0.9757972942487251
row_045407,0.10447279907726716
row_025589,0.011611295037020403
row_027068,0.1129603232570619
row_048284,0.8723782156082128
row_038887,0.01285251154105989
row_007501,0.001892409517041611
row_023934,0.49754825940025965
row_044193,0.0058411206064267005
row_013947,0.21108406337303848
row_022548,0.30246023618474416
row_025812,0.6833895171331951
row_012189,0.38499290552650556
row_000902,0.26605729898766967
row_034674,0.2005676797737578
row_033719,0.0002647669344495804
row_004500,0.02616468504232332
row_046384,0.7866111219237647
row_017376,0.46836936210028024
row_013337,0.05935564095447738
row_019081,0.3596391799998745
row_022756,0.5900620056185668
row_047385,0.010608118608739815
row_026848,0.010292092509446913
row_029325,0.07686013559155623
row_027933,0.05371539587429404
row_022085,0.1588366702295411
row_017456,0.02777550062355758
row_026104,0.9053448284273805
row_006019,0.13438213922642656
row_009888,0.05799424686422103
row_015543,0.35394029246297715
row_023956,0.5597743015429667
row_035561,0.005982766193418676
row_046228,0.5367178834861116
row_035486,0.05360546433138192
row_010547,0.0612329536255135
row_019489,0.061956649188267265
row_039348,0.025565418054705295
row_016751,0.00021198072013792993
row_043099,0.05978792737143054
row_020087,0.003108704705890812
row_024153,0.9982673214142195
row_031469,0.059646717415793436
row_042428,0.19676817467599655
row_002338,0.047946136960474506
row_018509,0.04755646420583222
row_029570,0.5712593285059061
row_006843,0.9059785803824546
row_032234,0.14755638789546358
row_013276,0.16172745124022414
row_012878,0.11848116428600444
row_021448,0.0031391867423955205
row_035417,0.21817852530907528
row_001968,0.2814549324152674
row_000088,0.019406834655811223
row_019882,0.9997381182480963
row_005280,0.2141224661165625
row_038599,0.03553196404504554
row_040714,0.82973973561334
row_014646,0.004450815920902157
row_002341,0.14068433435739802
row_049312,0.1430562680927465
row_027416,0.03212822416824172
row_016306,0.0051273889206364725
row_027838,0.32567300729411314
row_012291,0.012428657792669278
row_043363,0.33834971311085554
row_002674,0.7417531176797277
row_001558,0.0462228508751278
row_035500,0.4892424401746112
row_003251,0.001070505496998728
row_032384,0.03467498253300025
row_020106,0.013189023314504254
row_006741,0.007575726468475264
row_028567,0.016685673675309133
row_047787,0.03552173594756582
row_048008,0.0013996603144696513
row_040809,0.06763886989946319
row_017603,0.07627482514910049
row_010762,0.20183984650359918
row_032617,0.6391300208118171
row_048135,0.012754535077002655
row_022362,0.9811853377376405
row_006348,0.15527990934294714
row_007201,0.010286663976578974
row_018708,0.013829557481705472
row_039024,0.34749045264120704
row_025437,0.9914277173148541
row_033745,0.02189451057417068
row_036434,0.28487195854345343
row_039180,0.4381028682530002
row_002176,0.038329250051796125
row_048937,0.02469069886815318
row_001305,0.003934088965187742
row_012702,0.01191642672116047
row_040464,0.20750178127602634
row_029092,0.9671762502671992
row_023667,0.04990805299114072
row_009661,0.1296292393216512
row_028766,0.818503136398377
row_019231,0.37729428918766156
row_032552,0.00018951061280292924
row_019615,0.024107149823378107
row_002043,0.0021576367807501088
row_017766,0.8490519545079952
row_024891,0.9213509843537789
row_027105,0.2153924953883224
row_017498,0.032798522160732944
row_044893,0.09935748196031466
row_036230,0.043776433849991914
row_028683,0.9916898808799544
row_028931,0.00820127741754834
row_041416,0.047596840826639876
row_043722,0.0010301509306073393
row_000863,0.04433331348940354
row_040138,0.40807284187113513
row_001430,0.6853070394500661
row_034323,0.6258533815186583
row_007482,0.029023125944614276
row_019184,0.19916619826303958
row_020486,0.017037512536383387
row_040467,0.019407216127005213
row_046256,0.16414733861419054
row_024654,0.47548709631091235
row_006332,0.0073090594495221995
row_047680,0.008290800585411357
row_032531,0.466211328643989
row_048777,0.7883675464308049
row_017642,0.9904090524163646
row_001937,0.017526224296178942
row_010611,0.2320484673228238
row_007234,0.04155670121184462
row_040051,0.21367971343667325
row_042472,0.9918349491088491
row_043731,0.10559639284354544
row_043950,0.03552373813988704
row_019512,0.059365323916817474
row_007926,0.009178837402140063
row_015333,0.0056653713576316584
row_017162,0.03992210608962055
row_031647,0.007961794393598799
row_017172,0.5637950107474587
row_010651,0.999944870155081
row_019439,0.16742578112905668
row_049608,0.09240332847031187
row_011939,0.0006324196375707443
row_010812,0.002013401613842661
row_022997,0.029396993151465822
row_004058,0.9743111111002064
row_023356,0.29979728581753806
row_015879,0.006464579159889705
row_016168,0.14465165035919447
row_001507,0.0006012651441528646
row_043806,0.004751869012792855
row_043253,0.2669880026910919
row_002016,0.0035705197120424583
row_049386,0.012059065678748426
row_046222,0.9570239523178867
row_040483,0.0012500553440397653
row_003166,0.7940772931815692
row_005544,0.5558356545301418
row_018330,0.006227636739980422
row_006309,0.216321967583776
row_016602,0.8764064250790983
row_003731,0.9427087787077
row_002278,0.0921698048433975
row_022681,0.002299752225092336
row_047940,0.9134638872397658
row_006049,0.29029719787121433
row_006899,0.012211905026462593
row_041583,0.9692026209770939
row_035066,0.0006431818954426416
row_014190,0.0060215285141920795
row_032514,0.03924116223554115
row_021842,0.1558726907759102
row_009718,0.0263797345355785
row_001134,0.8297355547709651
row_001105,0.07734618017903838
row_009230,0.018092316336767788
row_028371,0.010901600706912854
row_037635,0.18103374600514055
row_000099,0.24095469494793312
row_042088,0.31070820473696265
row_044330,0.07853083390948752
row_041143,0.023464683375756554
row_037067,0.11396105506536042
row_036245,0.005393587246761195
row_045723,0.0016011378087276153
row_035902,0.018512477623019136
row_037676,0.9014226161352895
row_016880,0.21130764641246116
row_007644,0.017621538159662872
row_029850,0.22256239980961762
row_002250,0.3259980810259668
row_000696,0.22710359661190524
row_036324,0.17885106219085783
row_017942,0.00874201462962068
row_014015,0.005900328243908136
row_044062,0.0862366740921268
row_007383,0.5216151348653619
row_022220,0.3214350392618764
row_005160,0.0020669379133512133
row_015622,0.266060330339869
row_045921,0.1553182694874555
row_015363,0.6231338801165028
row_001977,0.012877845112594185
row_048633,0.043398157876188746
row_030584,0.003541941023729914
row_036658,0.015202729711470265
row_000590,0.026499371730094246
row_008544,0.12003865498068048
row_046263,0.14683159482308478
row_007419,0.09294695010587126
row_025662,0.0566228906433341
row_013042,0.33755573936823874
row_047595,0.0015201417407364984
row_014102,0.005366232821404149
row_028041,0.911281467188885
row_025433,0.6615642127007928
row_011357,0.3791417246792729
row_048962,0.027324967133896354
row_025359,0.06209854169652728
row_037749,0.01891182621388902
row_017963,0.0008009607146001492
row_008215,0.08314685009833056
row_012979,0.6962140401065913
row_036970,0.012800533329879026
row_000520,0.07295831393020444
row_036952,0.3198949720769009
row_047900,0.04337191459716466
row_020564,0.1442985610402602
row_020107,0.011504019592846863
row_000736,0.3043321531725878
row_029190,0.0051311182832671064
row_001343,0.0053894579058013726
row_048049,0.045989645438612545
row_031655,0.01006541153806615
row_004965,0.10651694896599241
row_001446,0.5251286926319123
row_005851,0.5067187121484716
row_024887,0.023958928280105225
row_024066,0.9190886572715187
row_027987,0.09072453602978445
row_049291,0.04155763954693409
row_020691,0.13625725959798654
row_037904,0.06579527995326541
row_035877,0.38176759321235737
row_001975,0.11431520987847023
row_019753,0.8551723985434072
row_030344,0.09685755830505192
row_030684,0.34314150879851396
row_026173,0.04380572085448063
row_033283,0.10084559111597326
row_037518,0.006295698039145908
row_014343,0.35148194366974184
row_024051,0.14575486588218725
row_027370,0.23320765007969002
row_049431,0.22607395847728798
row_034626,0.012639404650795933
row_037423,0.22182757669604056
row_030736,0.0017321892310578695
row_026195,0.9752467552244753
row_025372,0.028742790314311456
row_045778,0.38732947247627547
row_035975,0.5076463006498574
row_038250,0.09881138291697228
row_043190,0.023137712497229606
row_013804,0.47582002841578896
row_021866,0.028687768554189252
row_026335,0.010917585543274608
row_011247,0.01968947104566286
row_029561,0.005916594074174459
row_001221,0.27848560122967886
row_019891,0.0016656182810044224
row_000883,0.05080649854530677
row_040315,0.025965423541529982
row_027569,0.7328756794052774
row_016973,0.011589715068248333
row_032386,0.9916503022261197
row_030316,0.46198383708460095
row_043773,0.9198150771771642
row_019972,0.28306211033277795
row_006079,0.001139935046581605
row_000533,0.00615816928635124
row_025770,0.0033349235448100595
row_007363,0.0033676837944207187
row_038144,0.0068614116984795
row_014902,0.6166885645312903
row_035379,0.3091867998675818
row_016802,0.2388021413990321
row_010450,0.031117523480682256
row_040897,0.39876573425483414
row_011167,0.00606406781355353
row_037090,0.06827097610793523
row_001926,0.0106780867442057
row_003345,0.3437925163208017
row_013137,0.15200360399871304
row_015538,0.004216436730429199
row_032511,0.11720462893957406
row_047373,0.6770609877003362
row_014980,0.10890024483959264
row_040306,0.0010672713132971019
row_044633,0.00019261734605672507
row_013747,0.9804151447824879
row_012612,0.014953991853297334
row_032572,0.0026836663397390415
row_013578,0.016082745257048475
row_033861,0.06068003284972225
row_002198,0.14010620126203055
row_046055,0.2937033484095171
row_035768,0.035394817535941855
row_045176,0.04598202162871107
row_007497,0.0009273241593260017
row_005622,0.7731497081551864
row_009470,0.24991580775454905
row_047153,0.004291656254532065
row_036644,0.0031536129452793132
row_042100,0.5776416877167331
row_028118,0.04821813684823035
row_035879,0.05661107936763297
row_023091,0.7019284735467282
row_044192,0.11206426500547308
row_041479,0.6135389970508772
row_030817,0.01325805837693145
row_020501,0.14815788146443082
row_045063,0.9892142734958772
row_009999,0.029700663873409645
row_022331,0.12525065192451196
row_008788,0.019292266284690402
row_026297,0.8080609548766555
row_046264,0.031008163211086626
row_039625,0.07170295386025452
row_003914,0.11343015209399702
row_041363,0.0011170659006783524
row_016927,0.007521873889746254
row_024592,0.8084750216030578
row_033921,0.006434352063117246
row_002387,0.016332024236987642
row_048264,0.011539085397830436
row_022706,0.016829545214759996
row_021250,0.4929533588323902
row_043590,0.7165987613996843
row_007311,0.06783326874744218
row_030654,0.2061461404317708
row_030487,0.04426532536098187
row_016820,0.27446419248766074
row_032717,0.01391613862214605
row_019511,0.038422332446489585
row_045058,0.7852623950570407
row_049233,0.0016846408004096785
row_048950,0.04501952655488258
row_035136,0.1565705120748579
row_002179,0.024177556755047763
row_039208,0.013884194084528295
row_009039,0.9744793289552427
row_008959,0.8847492244628102
row_010080,0.8255341109967766
row_009422,0.16151948401813943
row_031584,0.0023835310756942906
row_037507,0.24439462553120833
row_003378,0.24477195905302684
row_038917,0.016433232027486096
row_016557,0.0009783101709792599
row_028828,0.06099303191311718
row_003711,0.04222323192222225
row_049655,0.00718809776333835
row_011132,0.09046342370431623
row_026784,0.0017106917969859977
row_010195,0.4072972054329894
row_021737,0.41404639017501216
row_007237,0.11474627631140757
row_014180,0.29289831043306525
row_036448,0.26463944527805
row_028208,0.17507633542988893
row_011704,0.013874002940753397
row_045481,0.00031591378106606455
row_049730,0.24507231926185494
row_031952,0.002813739082477919
row_018127,0.01905867557408286
row_016467,0.07359106918621681
row_007507,0.12632048064904036
row_012185,0.04408745366228111
row_040142,0.03798672349113496
row_002671,0.04600688466209561
row_049670,0.8369922017618877
row_015032,0.49313100073461114
row_020516,0.8309373578496345
row_029712,0.1303839210031652
row_009266,0.14625400968124103
row_027654,0.020891566907764468
row_020589,0.12235879233856847
row_021078,0.021080937101694567
row_022049,0.1867783501591488
row_028373,0.8451317333969216
row_015428,0.047901161393880044
row_031769,0.4515768567665347
row_042232,0.3387738340703774
row_033618,0.0103348153856985
row_001042,0.7583016938761049
row_022326,0.3108975911435751
row_025844,0.12830768588815564
row_010780,0.03755679816597341
row_034436,0.004397730653143316
row_005023,0.4184707258140376
row_008136,0.014709248562842038
row_026681,0.019105630547545438
row_018407,0.006958044041921219
row_005149,0.5822455328751823
row_026708,0.5989948400069676
row_049463,0.010971862966403172
row_001645,0.003161762007097958
row_022724,0.0015035589462018516
row_049931,0.469088476013722
row_042421,0.2915386138728741
row_025025,0.3496830403905833
row_001012,0.4825571258111828
row_035075,0.6424439837307272
row_045187,0.24848694596849477
row_046773,0.03978487687935397
row_044747,0.025492044659562393
row_012096,0.6149334521271872
row_001018,0.2769751569643517
row_002408,0.018187429381667074
row_004326,0.9806565741746492
row_033933,0.5482112868107825
row_026156,0.10981250797075714
row_037489,0.003093459756443149
row_005194,0.0031265467740862305
row_039385,0.6608918770721603
row_028997,0.3895040495384167
row_026140,0.034861502040497754
row_042571,0.15471432771897653
row_034989,0.03374755058564548
row_049122,0.08560629405013266
row_034084,0.34870573569785346
row_035711,0.9766802140510049
row_022749,0.9469520863488851
row_001588,0.014244501540964597
row_012414,0.5900013740798855
row_023743,0.2916200145674516
row_037642,0.926742826939864
row_006856,0.06242431416871573
row_036296,0.10062689407758217
row_019626,0.10291642642855708
row_024970,0.2961183474069175
row_026805,0.7155162546407104
row_034648,0.041083298359483086
row_008938,0.03378921818151131
row_035643,0.000844488683324986
row_006632,0.43502778416523524
row_017246,0.11537114717505113
row_031075,0.035043263743425014
row_045469,0.09553960157753544
row_041216,0.7562834489703081
row_030391,0.4600979226018505
row_041974,0.4575297525667564
row_012955,0.00593556548503893
row_044742,0.06916620172138593
row_031344,0.020184569038082814
row_038161,0.009639945196771148
row_044043,0.04177991004402399
row_029816,0.023887850917757577
row_016515,0.003036469323266527
row_032204,0.5165127420833101
row_003762,0.1696636924610243
row_019129,0.00857338773657384
row_029300,0.8958638978462142
row_042700,0.0021802060692408605
row_042954,0.26660873939523416
row_049617,0.6512077158835832
row_004030,0.0232691747891225
row_025365,0.02190164951198411
row_044061,0.0566398351781357
row_029699,0.07481493111865566
row_038667,0.1758301572961525
row_022458,0.053649046160571
row_011212,0.9598814249833574
row_022665,0.0965448936069167
row_010855,0.9839704324278222
row_036688,0.0009388103145026366
row_020211,0.00010615159425675731
row_006451,0.002775959844465133
row_040305,0.0011455384312516771
row_036132,0.27859634540742123
row_000298,0.014747398168110389
row_010145,0.2003723791570057
row_010729,0.844752654134153
row_012251,0.04920008694194992
row_009219,0.2500751876693537
row_041124,0.2722620781501444
row_034598,0.03771612784573691
row_013829,0.15216331067488645
row_009414,0.8883211327431416
row_015237,0.00042572641464944707
row_040261,0.9687333898498705
row_037668,0.09340892571934138
row_003185,0.1032489246322391
row_022356,0.1047992367551533
row_032426,0.9545242552153923
row_044745,0.005894022067517551
row_044839,0.7833908134381157
row_042434,0.027981955023337488
row_038693,0.6999887193200649
row_040878,0.18644326039277495
row_036158,0.1872682644788082
row_046026,0.03101937667445021
row_021296,0.0141641706068533
row_000229,0.00478744290801854
row_035612,0.07994541282709654
row_019432,0.07249509107655376
row_041741,0.1025531782834095
row_015659,0.3417384865886481
row_009447,0.06203474521689796
row_042200,0.22590589493405985
row_006341,0.3717115030928788
row_018126,0.2130204705597716
row_018750,0.21725232196028949
row_027989,0.2386918281810122
row_005341,0.518761030133876
row_016420,0.01830897185122203
row_005434,0.48408069794877157
row_029591,0.8967219973948702
row_041365,0.1036856822023182
row_044663,0.3258358110244898
row_034838,0.0023907154132559575
row_027283,0.042392579698166746
row_046144,0.03401918104753573
row_043069,0.01300142755269716
row_043847,0.06524063405479488
row_017451,0.0020966794558996294
row_037503,0.9878575571539441
row_022394,0.13507928816041465
row_000989,0.2518022727410561
row_005727,0.01725752522526164
row_020742,0.0051021054418763975
row_041585,0.08512947494394035
row_038572,0.356898262714379
row_015265,0.001223714297121101
row_039114,0.0015135999577345868
row_035685,0.15890223372935783
row_006092,0.05762001013949879
row_048970,0.011461299494483533
row_044397,0.16018074242902539
row_011623,0.9543640834301774
row_027082,0.043551323493723766
row_021157,0.09638667408489333
row_046576,0.14469034747915824
row_001233,0.019412008095288116
row_015938,0.02253567643939556
row_030714,0.02090928682051472
row_038172,0.17148763993717292
row_020231,0.001528403450722186
row_005716,0.00575253130371604
row_033833,0.06417080660306969
row_045328,0.01117995907720011
row_025116,0.03647436975589834
row_019777,0.44655509210928124
row_039214,0.0122162590432445
row_008555,0.6808574431184662
row_033072,0.038676537279959324
row_029475,0.08212423379167069
row_036813,0.11858636755259679
row_026877,0.09907181269299523
row_024549,0.11459638489554817
row_035948,0.8329358639257711
row_024388,0.8467641979078983
row_045006,0.000448006033161658
row_034422,0.26035995555932007
row_014267,0.29185208126854234
row_000506,0.12476260541127886
row_013831,0.2430096334982108
row_006672,0.006416959342610011
row_013698,0.5743715968079888
row_007031,0.1581622446427471
row_027823,0.004836729454997111
row_043466,0.1788562360149054
row_022936,0.5543044018539024
row_010239,0.48942501907830677
row_027025,0.005769911174738261
row_017227,0.005653970888678049
row_017000,0.04677338466909391
row_034487,0.4748260853444279
row_010272,0.379604028463594
row_034081,0.05846316886607981
row_041071,0.9991147670527151
row_001093,0.018318804903777453
row_034941,0.0020537679131913985
row_039550,0.10959102485680433
row_027244,0.6555325109780475
row_041166,0.012213535531714836
row_015057,0.3185271313159522
row_040346,0.5255152626710254
row_012436,0.02382377215832271
row_031679,0.0043117023763545835
row_013869,0.016141506803638274
row_047517,0.11471479813705662
row_040712,0.18827223067054105
row_040512,0.05621016465014245
row_024295,0.10201650491834567
row_026528,0.08898143002194348
row_014460,0.09275951719038993
row_018003,0.2758592879664624
row_013005,0.027986983367895298
row_025982,0.01655639653009199
row_022316,0.13144995238041451
row_034888,0.142555728684087
row_027961,0.04778519903248867
row_001904,0.009233454323271429
row_001655,0.04348432769901721
row_000092,0.5263779052307938
row_005709,0.023206056868724095
row_043289,0.09563608391256184
row_009291,0.09818155545389526
row_014985,0.7424140669222102
row_036461,0.9028008557362823
row_015349,0.2236403965656919
row_018867,0.9982564675375292
row_037031,0.041030543685985126
row_001158,0.04184818069133532
row_022373,0.5144797678814158
row_026669,0.9460561325498043
row_048342,0.7358291667903675
row_025362,0.008355680380383158
row_043637,0.0242322757402791
row_028127,0.011610880164683795
row_009384,0.23125806251961484
row_045615,0.056503541564579776
row_009779,0.9812006398104937
row_039403,0.19404011217694558
row_035749,0.998375620140799
row_023079,0.021807340438382262
row_033527,0.04991271794456669
row_007072,0.02798980619109936
row_001247,0.48717206171109834
row_047200,0.062479230952721024
row_015179,0.004794270825721032
row_020624,0.1372361455933223
row_009686,0.004543717692810451
row_028677,0.1609604372652512
row_035686,0.017010994679835183
row_046376,0.012408437651401656
row_048702,0.03541518658284397
row_008579,0.10357064678724238
row_035050,0.011194072608441305
row_037416,0.019776170969752885
row_018514,0.04186785294593212
row_005221,0.011142543699455125
row_038864,0.9278371584107453
row_041948,0.0009908104682688392
row_021063,0.027328262623805596
row_039247,0.12456031203747145
row_017899,0.03786625322904233
row_003794,0.9980005223771801
row_010922,0.0592066522563722
row_039076,0.0843941719501713
row_047324,0.0322940010412079
row_008468,0.030406416880773605
row_010750,0.03761059042071638
row_041528,0.05214457488325607
row_024263,0.8131321251693877
row_031481,0.3560216659988647
row_024610,0.00411741593042102
row_031496,0.11145931003882287
row_000850,0.015187149549077735
row_026486,0.07224955206170619
row_028672,0.0024167535429984624
row_019246,0.0013032801930268352
row_022030,0.3602569393977254
row_033946,0.013140929161719252
row_024782,0.020636691155085794
row_049793,0.025265750978930458
row_025549,0.0153157648566727
row_023127,0.08432345665938751
row_029574,0.3091090882050276
row_026050,0.5487415035116238
row_004053,0.6134082161694683
row_014268,0.09488280262472508
row_034221,0.0744313085157791
row_047233,0.8585468040729215
row_039069,0.04952721812799444
row_046497,0.9476292289469737
row_025329,0.5709891617778589
row_020718,0.031008301803263607
row_000740,0.00148074709402032
row_017348,0.007387995691784948
row_017536,0.593311238625213
row_035419,0.05559630546452359
row_015377,0.017717027322397112
row_044550,0.025506533051711647
row_046146,0.9832403180486016
row_023196,0.0013262273382225853
row_010120,0.6368452641464376
row_030266,0.006674697297666678
row_020388,0.10265674366021418
row_000272,0.2125700945528173
row_004071,0.044240355881803035
row_011020,0.1469755135625353
row_004431,0.452106325163972
row_046620,0.0035506844984777115
row_002062,0.01092841904526697
row_031919,0.006953587148053407
row_032227,0.039370178536998694
row_004054,0.05597751574434037
row_045198,0.4061636667203403
row_032181,0.015014083740586461
row_046684,0.6015151314655144
row_008039,0.001036962629272249
row_025275,0.06869601234281152
row_000336,0.3889714550072612
row_046695,0.005569341792182775
row_022231,0.007030874569596264
row_029294,0.01389527000289825
row_013325,0.7493700654725668
row_027147,0.40690235939698016
row_021457,0.44392036418351416
row_024186,0.8494836963893995
row_018091,0.10591640564890657
row_017466,0.0017533281558673383
row_001827,0.0048123329054913224
row_029812,0.03165743192725503
row_039915,0.30867106456210697
row_045104,0.003221979383139811
row_008567,0.4260666879074895
row_048168,0.02442500567479429
row_046997,0.999583333414812
row_005783,0.23364827949238118
row_009208,0.9996998571684729
row_015294,0.015726726538225794
row_002570,0.542486796768367
row_005972,0.0016437353857217262
row_022495,0.017597375952797804
row_039202,0.058028777265612355
row_012026,0.03458021085495311
row_030267,0.13660254471013533
row_048842,0.02912150760644739
row_043952,0.044042751356777946
row_015295,0.7318463284083995
row_018757,0.0358422423302681
row_022815,0.0331261350738311
row_026982,0.026023155450927205
row_001340,0.48740677108436536
row_037292,0.41175683482187336
row_013749,0.011937306321615578
row_023063,0.021268739763311246
row_026319,0.1598715638359055
row_015476,0.0206435092036152
row_027211,0.2911377631135815
row_031073,0.8573917985310527
row_038024,0.9319395200784478
row_016403,0.0526811876362095
row_042385,0.7287670267519424
row_026763,0.020968961926309742
row_002367,0.2184442948467634
row_034031,0.04906730647602744
row_002969,0.2493638636266378
row_028810,0.050661269781534145
row_041211,0.5668955817168048
row_033827,0.24555478209625098
row_029751,0.007182861439719694
row_042516,0.4834745833762515
row_045237,0.023311836137581612
row_018583,0.007674571681600542
row_031236,0.8257677028998157
row_046690,0.5955366252438975
row_029905,0.20479273926832908
row_022076,0.8317000386188309
row_013418,0.09541678602565816
row_031850,0.9411135853793112
row_036359,0.6073751868550054
row_035455,0.005718534284345196
row_029841,0.004398179472879315
row_008686,0.0001420760447450152
row_045471,0.20709979260922928
row_006460,0.30999014084627563
row_018014,0.7620934566127066
row_007241,0.8519212024644629
row_029871,0.10459835293955977
row_020890,0.1548374165781328
row_029384,0.3511992144017785
row_043551,0.0719893315492097
row_025685,0.3386931259992654
row_025924,0.7594899088385177
row_001790,0.5445199203647976
row_045016,0.09771062234690206
row_028109,0.25050130389478664
row_047808,0.5899872747243711
row_023491,0.21739211935785835
row_031853,0.03756521946985618
row_032451,0.007441613462728956
row_021344,0.21265076451326462
row_023302,0.35067559531326586
row_006063,0.8364722935990894
row_047148,0.15958147807786216
row_044146,0.004893230950533875
row_023731,0.0039699505882583395
row_009161,0.002665132552891992
row_028616,0.01646354905367969
row_033676,0.0853488984387733
row_047599,0.005408392709512425
row_001123,0.6371342472017738
row_046942,0.012568092126976732
row_032806,0.4625085948669771
row_003920,0.0659217959504884
row_014254,0.9883785521408388
row_043042,0.07079396689893523
row_016045,0.8957739136268954
row_005059,0.3305531799291754
row_014392,0.009654337672230241
row_046370,0.0016740599868557682
row_001414,0.06481916277788353
row_006252,0.010542174703547425
row_026565,0.08916998121481054
row_037641,0.07051784417317057
row_000495,0.015998587503597908
row_046911,0.5442222601985023
row_011859,0.014699009914749228
row_021424,0.12693010822309267
row_025803,0.9902569069835239
row_037396,0.20149316818020974
row_025131,0.0593453483384146
row_048978,0.16163412737365956
row_024265,0.004684475157751832
row_011974,0.11846316388341281
row_042023,0.0027095632819567326
row_018267,0.032770139370284945
row_006111,0.0859331244413692
row_009684,0.0027432038781961083
row_016439,0.5802599386367254
row_013819,0.42824361142206424
row_011181,0.14664205678918407
row_008946,0.1365379235574785
row_010558,0.035689686508211714
row_043775,0.3604987200566684
row_042300,0.8357422176727978
row_032144,0.00567942859561849
row_006253,0.11516796927630167
row_039368,0.0020391747681277905
row_022165,0.07382283080269027
row_037357,0.010329498224534139
row_044558,0.08775308698501635
row_041838,0.11025649718098297
row_021933,0.9378873529326692
row_048092,0.04081236909016389
row_029768,0.9995091475860276
row_036458,0.021519110155181292
row_007090,0.010342034577169692
row_036335,0.07021414579983837
row_046203,0.07216448090531039
row_035155,0.07447234333490052
row_047858,0.014798516158013452
row_029236,0.015217995663677578
row_025635,0.20517559321888784
row_000286,0.10984961807959953
row_031453,0.9653600186367867
row_029851,0.9237275416205675
row_012270,0.7939681054863913
row_030318,0.116248193833905
row_006559,0.0004710890369326619
row_033567,0.3289063609917969
row_000685,0.1288470545320085
row_036339,0.009938301201457587
row_011491,0.0013405075430837226
row_012457,0.20739357657791443
row_011885,0.5704078400086573
row_044060,0.04399416670958289
row_003108,0.04890297695538634
row_012203,0.07114254810134664
row_039243,0.10578197945367138
row_004376,0.5354076042131972
row_018786,0.9984462333332181
row_006469,0.020838419909319866
row_048166,0.12082609790293695
row_024526,0.001988600210606666
row_037287,0.19227463275908085
row_038472,0.10982919236485679
row_012148,0.13970690416556308
row_017146,0.028193154697646768
row_007275,0.006932878506713638
row_022748,0.037419874656413735
row_043063,0.09706608977383192
row_018853,0.07420931233268245
row_036826,0.029966361138873177
row_008317,0.11039268476829368
row_027014,0.036455209917261956
row_030249,0.8620696547356063
row_027461,0.02026521828544253
row_029250,0.7069738020365806
row_025693,0.9990206297245897
row_038466,0.6116550076802991
row_000580,0.0005493597874361192
row_024014,0.03714801852203425
row_012267,0.008307897297561123
row_012579,0.5324264007407258
row_027228,0.015407459505856919
row_039261,0.17571428202164535
row_039419,0.09232888039110941
row_031861,0.052587772567805564
row_036510,0.012156487964222425
row_022314,0.16346893378428826
row_018316,0.02239823214969487
row_027045,0.8539403031184725
row_003338,0.6080281832062006
row_035765,0.10010104595938289
row_047424,0.04964554977078742
row_036367,0.3335356210721329
row_018985,0.8738773915624478
row_013673,0.879766782102428
row_035819,0.5706430552660124
row_017795,0.01593130463852159
row_015888,0.04256007079126789
row_038488,0.024302973032927038
row_011196,0.28119046999546227
row_041299,0.23188081090248164
row_004432,0.24631502897829421
row_032412,0.7574531949542225
row_049202,0.5689703928810931
row_024781,0.0011454035165766065
row_004381,0.0024769378663219155
row_008767,0.12096964483668492
row_002110,0.059950893797447655
row_016130,0.11213104687993085
row_039971,0.1385009782385533
row_026291,0.035906237472065276
row_009022,0.11074391023188351
row_039712,0.23067197936717068
row_045169,0.009543594301495638
row_004290,0.011209612994455012
row_008883,0.0007085333949068557
row_036107,0.13937983853174127
row_034451,0.15545316547586926
row_007300,0.00033190593546191915
row_031448,0.029413892652317676
row_011882,0.023368680189978605
row_042810,0.6118433761580748
row_009978,0.011599068100430569
row_031354,0.29813514818080095
row_047823,0.544709645959463
row_028525,0.9739526047291008
row_017654,0.04127838668500723
row_009478,0.9645812104609804
row_030828,0.2919199526548862
row_047811,0.024111534987223075
row_046459,0.0356940538505721
row_036274,0.6008671929858506
row_049865,0.0033285457581610956
row_021927,0.030976133907383553
row_024990,0.36047421458155376
row_021620,0.0038110738397956335
row_034470,0.04223556022241313
row_046539,0.2149653561432263
row_016850,0.044642795676053997
row_034115,0.8231728285697936
row_027935,0.00833817203197003
row_005793,0.3515426646380021
row_012620,0.0006896257928734336
row_041343,0.13270211804310525
row_039978,0.2741202516110458
row_019699,0.4121664809657378
row_040724,0.014512858137089416
row_010575,0.2747305249296155
row_004177,0.08766644007482294
row_004168,0.004439989824408253
row_024412,0.1376839590605903
row_029267,0.004193077486644917
row_009494,0.2517134473228607
row_033123,0.28578403748642794
row_027869,0.10745228099251572
row_022960,0.3113272501575421
row_018897,0.7057971171715481
row_022750,0.06389209687382029
row_006861,0.48306937439697634
row_040628,0.004211654395111974
row_021090,0.22036017680817213
row_039626,0.03757078162761675
row_028121,0.26266077919113423
row_036546,0.30076480056976285
row_026950,0.011960450470725331
row_035270,0.0025696699135440105
row_012721,0.005163522187984718
row_037259,0.10016865256384862
row_002890,0.01870748625211884
row_005033,0.25465439945277213
row_021952,0.02046992412947813
row_017945,0.8926011395359086
row_020572,0.9105706612261877
row_046746,0.01013680598071494
row_017533,0.03403869506295986
row_007494,0.4104949339883476
row_003952,0.4730560298882152
row_006702,0.0016015097951915776
row_022970,0.0019056857619813912
row_035402,0.10490519810369105
row_036626,0.22584578401454272
row_011472,0.38670928446743175
row_045363,0.8684452582017312
row_030433,0.3584195054640057
row_002992,0.46551146683528744
row_039077,0.11946174360289488
row_014072,0.04472897751406149
row_021092,0.01850131993172995
row_015835,0.29209140836494374
row_012134,0.25886949750113125
row_029436,0.9955353824237774
row_020443,0.010275490929598508
row_036372,0.05097595694281587
row_017926,0.034821159333735356
row_027236,0.7021293022570844
row_016642,0.004967629355905896
row_007341,0.005948172363275636
row_013455,0.6279457397433332
row_023437,0.3786406039251095
row_010939,0.060851724701425636
row_000833,0.11261149896720658
row_042301,0.12579719117734353
row_002423,0.1601362527027325
row_047482,0.0016834398586549764
row_019799,0.4497148236308716
row_025555,0.28895459972377224
row_023188,0.19740657012076135
row_035358,0.9839576732767034
row_006617,0.29155674749608
row_020135,0.8053863281749692
row_032625,0.9046083105826884
row_048237,0.12971101908821775
row_000496,0.12615669517807737
row_004528,0.0899701828979636
row_000021,0.24924119542233542
row_006471,0.2189676320421196
row_022419,0.5127982337166144
row_016803,0.01438660782524674
row_000944,0.007033863926385671
row_031031,0.04892415961105779
row_007305,0.728452073402286
row_005976,0.8960805784704433
row_032315,0.10034321172981037
row_023808,0.6155871040606178
row_006925,0.10397379373964473
row_042559,0.01890256059808559
row_032142,0.08646871422565013
row_025828,0.06252191844438054
row_008304,0.0004889979978534714
row_029630,0.0990790128244766
row_009017,0.0988125184744691
row_023592,0.6408191189462045
row_014964,0.02993941081615921
row_030437,0.2942907528185395
row_000324,0.15547635226250928
row_032482,0.2563497887534815
row_038709,0.024136865883769662
row_004042,0.12622636625091757
row_040999,0.5955707168910305
row_017508,0.28789102346366796
row_044685,0.9861915170285758
row_030846,6.552915426800136e-05
row_000462,0.03411908473474392
row_019237,0.0016077321643511255
row_036851,0.06772595472938055
row_043301,0.039458576622929724
row_027320,0.06391674679216491
row_022841,0.07724803654971585
row_017148,0.137353715624514
row_031550,0.00010323756500437369
row_040013,0.2622590895459331
row_020233,0.020777835847168396
row_047364,0.5244364190604752
row_037536,0.9735536940426004
row_039721,0.20406540854554633
row_012070,0.03312775754796732
row_021617,0.7484888041999398
row_025361,0.25582091131658913
row_037878,0.01777259554880008
row_043234,0.05931738558619052
row_009150,0.6764060420750658
row_046862,0.028962504883815784
row_022950,0.1194959369840711
row_040732,0.09605579359625888
row_019981,0.10187988771867341
row_036967,0.20489231341815817
row_038559,0.09521186603785022
row_049149,0.26867598923011327
row_006382,0.5963596629774551
row_038929,0.12113735708450502
row_029720,0.16690369882402295
row_044933,0.5394994229922956
row_029505,0.5069136025343153
row_040446,0.6980407145415156
row_035631,0.9677610228700274
row_022701,0.7520073579500837
row_049265,0.07304463424655919
row_024157,0.24782412580250754
row_035072,0.4119757200733044
row_033263,0.0030413093295790393
row_006765,0.21352346236913283
row_039986,0.03942408683826782
row_046122,0.591113197937091
row_003637,0.2489913927658744
row_025560,0.5094775212558321
row_039438,0.00280797335074533
row_049439,0.015139269376555185
row_009976,0.4217392106679801
row_045380,0.14109448161316504
row_008963,0.017577031225006826
row_001620,0.1404150568028587
row_048091,0.5150336548042551
row_025262,0.03597062292548441
row_008400,0.12135878116771998
row_020198,0.8778869165721972
row_023955,0.05302600984515147
row_026532,0.49199481177249704
row_022833,0.9646419968347253
row_002310,0.11433507013816822
row_000679,0.013359994624925311
row_006230,0.03162277185488466
row_010929,0.10354222473466033
row_046131,0.00716647683054414
row_031591,0.6721990757152522
row_024774,0.3431868069303647
row_032675,0.8048634257189239
row_027239,0.10968940550852462
row_000892,0.021256883913690634
row_001377,0.07090867533651578
row_024858,0.20543426508320736
row_030711,0.41427675488220256
row_026505,0.010307898312466004
row_013409,0.033328711544448976
row_006862,0.10447395837994294
row_047649,0.2594905141506807
row_035859,0.30335433835122616
row_047984,0.005678080644318423
row_024110,0.11232819004244171
row_036635,0.37392247047226934
row_002900,0.019727507560286243
row_004695,0.2226389187199711
row_024206,0.6709897845954534
row_003479,0.12040925414728122
row_045355,0.0014770386212980143
row_047905,0.14254425469005283
row_006443,0.004456058946453651
row_012394,0.558263494577481
row_012384,0.1391762318327118
row_042962,0.13915821337919212
row_037971,0.5735037755071954
row_039212,0.05261881840744033
row_035156,0.010726030467927573
row_023017,0.004186668028028878
row_047316,0.012554024709326022
row_006903,0.6203662852889938
row_033746,0.034991269795694106
row_048991,0.0022761341066192347
row_048968,0.4651904971982024
row_004346,0.9327949924662353
row_000759,0.8338071508771531
row_026881,0.03784619058104408
row_030286,0.005036257747560036
row_026731,0.11880462733821315
row_021941,0.002798483262611172
row_001281,0.14554388380943092
row_012505,0.016999422218826332
row_015523,0.02379182844666434
row_042323,0.2664764296648869
row_017885,0.031913499769937646
row_041779,0.18611389876971435
row_049736,0.07256765834339847
row_000024,0.0911666661915115
row_046042,0.46629326449854075
row_024951,0.8410794099099681
row_011375,0.15431755745992617
row_002333,0.03273675035705834
row_006533,0.07472872216744691
row_028732,0.2524584516878054
row_018601,0.21886497001160043
row_004690,0.5019804497183662
row_049153,0.37376964196181517
row_019532,0.01684337466774077
row_036396,0.2754952235079481
row_043978,0.002440554650054069
row_039899,0.8293673289963149
row_030523,0.01993158876041991
row_035705,0.20427309966914775
row_005209,0.06929374256807255
row_020536,0.050960564851842395
row_021012,0.5355545915559078
row_008139,0.44193785408262576
row_009924,0.4316557905499811
row_016867,5.0738238352011726e-05
row_025986,0.029259825482238457
row_014883,0.1080824757378415
row_001391,0.03511964985740872
row_048839,0.9784911854582027
row_036647,0.5672154315782761
row_009927,0.12176603156101487
row_010701,0.0072368914902290835
row_015942,0.7999545660474517
row_011795,0.34602859632987704
row_036823,0.02105621131310262
row_018679,0.006575540421293391
row_027015,0.6959147098851001
row_015773,0.014704234174532777
row_023496,0.7536266308188999
row_039224,0.02327794474556471
row_016125,0.03842505151053951
row_033158,0.16318663406722614
row_029182,0.034284055952438386
row_045418,0.14409361143573604
row_015586,0.0012375640300840724
row_029275,0.025562656113373144
row_005319,0.8750944243397912
row_042540,0.5628857179305174
row_039994,0.18959565441710832
row_048718,0.04285703940707389
row_005463,0.00622154875890083
row_009916,0.16618675412820935
row_019165,0.005043974066352742
row_046551,0.018392813279556997
row_047786,0.0008015636229075848
row_031470,0.35703891406450344
row_026261,0.0029195269310354657
row_025613,0.0007228407574097666
row_019504,0.0007497450743469036
row_033692,0.6376233823973143
row_041485,0.07081744924923268
row_014420,0.013849953938574008
row_009855,0.36757410201983254
row_049444,0.9633890054857505
row_025820,0.5872945270726373
row_049129,0.07101466703580131
row_031922,0.031023068440720464
row_044138,0.8637831299101796
row_027328,0.009950765777491178
row_029303,0.0072893211109447695
row_027603,0.05608918138874914
row_035251,0.0859208412844947
row_013452,0.333411456157433
row_009602,0.21714123755912976
row_018398,0.002852577774165228
row_049077,0.7200477569687597
row_007756,0.6594651344707676
row_038940,0.0015413128296459608
row_042004,0.0065760587479051945
row_000627,0.11761245626608657
row_028652,0.03815630202682988
row_003022,0.0017493651179980056
row_024766,0.152384169310392
row_048831,0.008409727481164047
row_014758,0.0021167373528447114
row_049457,0.01651483223460035
row_009969,0.020386926424781144
row_013606,0.011787362429242366
row_001424,0.10308561068523943
row_049539,0.11527142793906234
row_018845,0.0274352590708705
row_029242,0.0014839313333096312
row_025591,0.0630643768781515
row_047309,0.006137629127008844
row_009294,0.09749824208291359
row_049615,0.042632015322563506
row_019752,0.028955130571335023
row_014937,0.01298000656869982
row_049217,0.9287012805888337
row_016887,0.7284635176554296
row_006321,0.9950182129841514
row_025860,0.000253222038050961
row_019073,0.043610714062273584
row_012920,0.9652403795415501
row_011568,0.07553929116532387
row_037320,0.06142421830499958
row_046674,0.020683390475516553
row_008333,0.24605530501819264
row_019544,0.012178740979822904
row_003621,0.28052653128942395
row_043480,0.004352118880616222
row_022580,0.5206892818241436
row_035890,0.09462789989389041
row_002561,0.969355773084312
row_015150,0.01676128496470075
row_029485,0.015932163530904913
row_044799,0.00014125212393424134
row_023126,0.0030182219618928646
row_018619,0.003950681115543901
row_001121,0.0005984179003708251
row_018720,0.19362735883099386
row_007995,0.03036499366205002
row_019325,0.04191329098115157
row_032699,0.09464934335416568
row_007638,0.3770729603992363
row_029902,0.011600956422904613
row_037341,0.9721026055564115
row_008061,0.47691810128899725
row_008432,0.01059229563601183
row_005804,0.25951788678849214
row_015723,0.18848576485682256
row_000603,0.048330629635060164
row_007815,0.08478294831346254
row_026336,0.003303761666760725
row_020442,0.2635895118341469
row_003458,0.11281962733644625
row_041999,0.02684475212048325
row_048507,0.0024961475925449565
row_018024,0.628387265072556
row_038666,0.17768912013744523
row_010113,0.08669821054256345
row_017304,0.0037369244392052667
row_013931,0.11560166297767871
row_011010,0.09002739232948563
row_017076,0.0774730594114521
row_028845,7.241205112765601e-05
row_020657,0.2552910467727432
row_047109,0.00048805397850091334
row_009305,0.01573652912684113
row_013338,0.0009212387198140777
row_035088,0.05249922298933033
row_018411,0.15381948256950856
row_046725,0.04823835324877051
row_021436,0.04790178287795665
row_004711,0.146140593091267
row_047163,0.06400211531593318
row_023020,0.016449186157534237
row_029313,0.55839554767464
row_015231,0.10789449718153216
row_037381,0.017047029134796044
row_017933,0.05412382976403889
row_043625,0.04644351191263645
row_045928,0.2919149818354056
row_035014,0.031603521974755085
row_004003,0.10214025534025582
row_035245,0.009298777013651272
row_022046,0.175518923775312
row_003382,0.014084566087302925
row_013122,0.009703850873689539
row_034670,0.08590580526953434
row_028636,0.046667811087285765
row_046902,0.005147721089581966
row_044499,0.00044891904557703237
row_022523,0.01099670858673633
row_007154,0.027376791733959974
row_007014,0.7510040102670508
row_009221,0.010089672532575596
row_042644,0.2473183618381563
row_034781,0.0553882892742943
row_015097,0.010117197279689401
row_007129,0.040431503135668824
row_023439,0.07084718316697469
row_007328,0.9508451315619707
row_019462,0.016615985693234837
row_037680,0.27646228874523765
row_043252,0.9858483876066435
row_006997,0.005852654956655984
row_037434,0.15022450270960053
row_045823,0.008949719040815249
row_034824,0.026180945709497798
row_019619,0.14717535074469149
row_027085,0.5150295684671967
row_016182,0.12113778006027284
row_023569,0.15435639708285126
row_021346,0.0731299667774765
row_002813,0.039851487003433494
row_014169,0.1462092055530074
row_033374,0.008358275623116806
row_045738,0.12365706073565111
row_012396,0.01815613879609951
row_025778,0.20517832827045734
row_041945,0.35619731741107713
row_043503,0.8075323586278457
row_044553,0.00638659730062351
row_014603,0.31156580129689837
row_004044,0.333544008743697
row_007777,0.02366936740270076
row_018803,0.2279264868017301
row_049762,0.007795457310847793
row_012489,0.006415378831529829
row_034319,0.009212822732527715
row_033519,0.1517661614325912
row_048830,0.019638922087430954
row_045123,0.43649861094488906
row_016746,0.16229271914142693
row_020507,0.145433980435691
row_014329,0.25479916972440614
row_000558,0.8716769526486431
row_037367,0.0002698125749630566
row_044739,0.26566623355069907
row_038948,0.0040333192564658525
row_009097,0.08432001650627488
row_031216,0.09782040631601224
row_017599,0.02294884249403256
row_006065,0.03087609893196901
row_014528,0.2572306963283128
row_021139,0.04221978850958476
row_023051,0.9226133582849801
row_029661,0.03139720610792489
row_028563,0.5167937142539777
row_044721,0.0012102365207257682
row_021153,0.17812844216615223
row_005540,0.040830883248024065
row_045877,0.10286078313069648
row_040661,0.07310791112088745
row_044636,0.4998448663673139
row_036623,0.9924399427259285
row_047933,0.003624499902930234
row_028748,0.15759528260311928
row_018542,0.9454712293112429
row_009782,0.030061474664838043
row_023942,0.9999451045412291
row_030958,0.14189868723655177
row_032105,0.0785856689989847
row_032028,0.0398265527790511
row_021740,0.0067506711873758325
row_008923,0.22549549403898655
row_027108,0.3597423414164304
row_023376,0.01548630597784132
row_021097,0.0017891988346542978
row_046639,0.051107904220451195
row_040859,0.09377200539969456
row_024061,0.03982190230775105
row_021777,0.9459543424864649
row_036948,0.18547814477883906
row_033934,0.023924249048323992
row_024007,0.16556315255183693
row_027498,0.016442730427896297
row_024313,0.8618599813172872
row_045843,0.37524565102815044
row_046180,0.3840293935323716
row_042519,0.5763712645225421
row_032321,0.0630833926368776
row_018728,0.2672155657921251
row_034456,0.001670730122438597
row_018635,0.10608986610899085
row_028246,0.04964141676199724
row_041750,0.23523339302408924
row_006228,0.3078714377024093
row_008211,0.22361628175182996
row_040494,0.0020283801121437255
row_039829,0.08608750975905854
row_047801,0.30345529984309394
row_021433,0.00805866914662959
row_011299,0.776063510038163
row_008256,0.42353616540898364
row_038753,0.3700846384940563
row_029805,0.0076498309861715436
row_027203,0.9383129442477608
row_036863,0.17010731710429758
row_022289,0.003377530427570136
row_013865,0.12094865544403761
row_013850,0.05422034081566191
row_002696,0.06695371241653929
row_039755,0.07149143087692066
row_029195,0.07085184326540812
row_049080,0.04973835510001697
row_010225,0.36882950000957776
row_046193,0.2885880160835825
row_024715,0.02022067321543675
row_037340,0.0036620257135953874
row_010593,0.6922203693526746
row_020794,0.0062344400510918625
row_027984,0.0987460211128053
row_029048,0.46750155118769154
row_046955,0.02673279054395165
row_004348,0.049245541259764804
row_029431,0.8251623619299049
row_004330,0.01482545268291972
row_008710,0.0029188916747277904
row_008790,0.6148740715039379
row_035557,0.029352064753743162
row_022368,0.9958320640526591
row_011235,0.0017554592740170964
row_011111,0.13025267845161334
row_011260,0.03996153062083028
row_017295,0.01381176865579223
row_021263,0.2136730323199748
row_004305,0.1873675454971352
row_000356,0.45415675806284267
row_030408,0.4019251237304202
row_015287,0.005569883792769727
row_037849,0.06978239251255258
row_047043,0.01007800003303677
row_006425,0.09004946599645273
row_004926,0.5448130922913766
row_019900,0.135667808215866
row_045098,0.01304785210090717
row_009490,0.0002674508704398707
row_038338,0.0904566551100226
row_034062,0.4693422620251122
row_045633,0.023788162096206905
row_013868,0.3095891138109838
row_043054,0.10081555305861364
row_043019,0.021611682368040418
row_010698,0.0011116536691012683
row_035801,0.041496823087290795
row_038118,0.382843959636572
row_044903,0.11389854394326307
row_043007,0.022431233426035986
row_004835,0.07867825890523404
row_003658,0.6501414014164334
row_025608,0.10206737445681181
row_040129,0.06892857579140843
row_031986,0.11829433598934902
row_048053,0.024226308206302945
row_049346,0.035219732242588515
row_009545,0.20795867030388612
row_020044,0.3596068294261234
row_016200,0.0028210381615270883
row_029747,0.28688036319358534
row_020729,0.024264907030932637
row_034417,0.0262437058362434
row_036074,0.28061340116870176
row_000843,0.019645314745370138
row_028760,0.007383015090540077
row_041306,0.17655446572618888
row_049394,0.6810456763599408
row_019030,0.902080628361865
row_038245,0.5003962680846935
row_018408,0.038628267456960894
row_044523,0.43222028270421914
row_044453,0.04715444295880292
row_005120,0.13212530758264604
row_002876,0.9591661946196295
row_028896,0.048965743305345394
row_004584,0.2142419027480964
row_022182,0.018840149369672095
row_020308,0.021356254956346264
row_018617,0.029342809746402635
row_035420,0.0023164622721474236
row_028547,0.22198714481726378
row_023172,0.5416680385264214
row_038533,0.09383555366680409
row_031315,0.0032829349083906235
row_031576,0.5087567666034671
row_023800,0.012427239021650468
row_045053,0.7729570179753144
row_021307,0.4944638689729211
row_037157,0.010874335212064202
row_045425,0.43860758402578043
row_011296,0.019143448388391257
row_012824,0.6097555348345033
row_011847,0.013270584798145722
row_048917,0.2681437743964989
row_034116,0.7353842124040386
row_041942,0.611511155696164
row_041728,0.0008790610092563634
row_029654,0.011338034311188934
row_045806,0.09866753545098082
row_005789,0.021756332830644664
row_036880,0.102714186409668
row_005963,0.6015288197677888
row_008696,0.24889201476548123
row_048935,0.8189642073045538
row_026425,0.989476888071512
row_012258,0.3900773099874067
row_017667,0.2148075680077963
row_026495,0.13569218954451026
row_031954,0.20449569706138346
row_002366,0.40124160077191745
row_034053,0.004996342063880923
row_035053,0.025098531457830323
row_044053,0.02586417996519707
row_041930,0.9649716685040528
row_039687,0.0002234534536946264
row_032723,0.1829234381220006
row_012597,0.13671540877910188
row_043961,0.0025345535693191285
row_030767,0.030857810811571268
row_037268,0.009275318333623762
row_030348,0.015751381401464395
row_006031,0.13886797811785748
row_030847,0.625320935295716
row_015116,0.15151483102494262
row_002565,0.18205685617385697
row_020995,0.09034983692678147
row_007411,0.010805645193283978
row_023323,0.05678593695046278
row_009109,0.016162028152952666
row_030511,0.27483211566272636
row_019069,0.40430944683575404
row_001428,0.03934644370098024
row_003533,0.42647709474959006
row_004823,0.18112389121782232
row_013833,0.058812917567500046
row_001184,0.9401632439329357
row_019857,0.7640052087811233
row_015607,0.17245493050645117
row_026717,0.05940494816047067
row_042759,0.021250127134530325
row_031136,0.022708479160323074
row_005577,0.01873949769009893
row_017375,0.2743732407975209
row_009047,0.5442382704408537
row_002438,0.5994178676903749
row_027970,0.220783762693794
row_014063,0.1739969864246222
row_010329,0.1996310452399291
row_043167,0.022374261164640006
row_036581,0.0862716987044827
row_024259,0.009269950126767058
row_026037,0.1567984739473289
row_034707,0.02671978253683304
row_014772,0.20762906399207937
row_041589,0.22595719082976498
row_028160,0.02931262280809556
row_043208,0.007894412554616788
row_016623,0.05610794376331759
row_029502,0.00047311929248908323
row_013451,0.7442546652114482
row_012020,0.08845500417905204
row_042792,0.007391097354746983
row_005752,0.8155013361134364
row_017214,0.009274889582637325
row_044804,0.6988262870977892
row_027127,0.009503159161759594
row_021276,0.010945132177827527
row_044699,0.9980100547906737
row_042579,0.040321568537788725
row_024984,0.0546251331038238
row_028713,0.4841485555877594
row_003332,0.00180101747598158
row_015044,0.01019211505776515
row_018049,0.061035651952872534
row_045368,0.5310914217890638
row_025928,0.7317263111759064
row_009555,0.5531535120441297
row_048250,0.5299135083256032
row_015798,0.15981948589663203
row_016273,0.0409816986886762
row_012402,0.0012931656876757995
row_008410,0.06851021029726122
row_001000,0.08423397949770343
row_031749,0.005051408367978588
row_049131,0.5045878482728188
row_013223,0.0025952659220995662
row_015371,0.0907125463610157
row_008836,0.35572054667765746
row_014129,0.014484903515698193
row_035144,0.9971106836570542
row_039240,0.8283079874618071
row_020144,0.15375609104089508
row_005188,0.49882743224822856
row_030275,0.007539319798667408
row_021487,0.02785325284979169
row_043059,0.002867114469626294
row_003694,0.09782855872102986
row_036351,0.37879474431888166
row_037974,0.09028352658579668
row_013786,0.007638100296079461
row_008414,0.0022792916204565413
row_019833,0.08295481786923214
row_042037,0.7244504628654453
row_011392,0.2242073430531146
row_040936,0.026903318907108138
row_004302,0.793602939908926
row_007962,0.0680455899476727
row_010823,0.007041796673899587
row_031623,0.22184085378882493
row_003565,0.027184167861327265
row_012573,0.009341997992877084
row_034210,0.02075826464748538
row_039700,0.0070444258154527635
row_040825,0.02707441637374489
row_005420,0.051124990453886764
row_003446,0.09003900237861673
row_047899,0.04844499779565925
row_006627,0.36456550758755674
row_029789,0.38168711182356957
row_041522,0.11677946293371054
row_010334,0.00018373681237509327
row_028501,0.059616487943441564
row_023619,0.0676270734393746
row_002679,0.005151382572005587
row_035982,0.008872548067541229
row_010727,0.014520714424705122
row_000640,0.5936072017679481
row_041575,0.9423697433484785
row_030123,0.03511003983148749
row_024684,0.8275813456536051
row_014885,0.23020509327886973
row_030975,0.42781380694470833
row_010388,0.015050600327381699
row_006610,0.036176203719093046
row_016795,0.13505244627754925
row_002135,0.4072057819221363
row_021301,0.011482544212186153
row_013630,0.005141600890786904
row_045154,0.13032626460764177
row_039892,0.5845036955852407
row_008692,0.9359014611150117
row_024160,0.3903205380911834
row_013159,0.0046117140840266895
row_013007,0.4706223737359006
row_049810,0.04586482683017533
row_046736,0.026380299872932087
row_022016,0.11184894295729336
row_020607,0.06118924549412137
row_037673,0.022066528614683976
row_038829,0.46783549791651446
row_027106,0.009154540618542133
row_008336,0.540014712724564
row_044144,0.010957683441407191
row_011109,0.11149234452514259
row_014427,0.9894955618279327
row_026154,0.007544372954319928
row_047689,0.561918965328447
row_004335,0.2659604267961891
row_029029,0.7008971347857794
row_001008,0.012773739812929485
row_047211,0.00724010721979956
row_000095,0.007244348861744697
row_034909,0.027978380989057944
row_007266,0.1707743829296058
row_008880,0.023346947977403307
row_022947,0.004898071289595192
row_029798,0.9548129533264503
row_012390,0.0007478757827594799
row_015825,0.044114767779933776
row_029807,0.01747956600219731
row_024553,0.16385439136354726
row_034716,0.006198002776367008
row_015662,0.004097392536950671
row_038857,0.019465176236977084
row_007745,0.03221178233653823
row_016454,0.07639370060353028
row_022009,0.9998562774455925
row_044234,0.1440071575783566
row_028802,0.07970413429144765
row_018192,0.018315651107899872
row_013099,0.18740104509573832
row_003285,0.26131931788031937
row_027423,0.8610219292941544
row_029748,0.03684540780664757
row_008978,0.7556441854382937
row_049267,0.16051203828096394
row_003682,0.999468398572096
row_033687,0.9749119745078497
row_045582,0.3221001470219387
row_028952,0.689572804471098
row_027936,0.8719659975589054
row_019058,0.021863697673375673
row_027403,0.03796292857193178
row_016894,0.000376147905605502
row_011691,0.003022131738229173
row_027952,0.44442495955446365
row_000242,0.7712681648245832
row_022899,0.021482010081785383
row_009951,0.007287110830132251
row_036527,0.1048866115383002
row_013781,0.010017583332050557
row_022987,0.44185874757356514
row_038503,0.005309468472143865
row_008080,0.3718728630524547
row_021232,0.02583659673148463
row_011277,0.01519640794645353
row_037016,0.02143391223518217
row_049715,8.590155170660067e-05
row_045873,0.635735932401343
row_003113,0.5916737494858302
row_025655,0.00856668831426498
row_019111,0.001557804231026067
row_020139,0.05896124046722218
row_030641,0.08054573114956268
row_017402,0.001070426604856415
row_002219,0.01118443891247213
row_022406,0.010055953857012469
row_026939,0.007680678322766104
row_035235,0.2970515554194987
row_040430,0.1475611391549742
row_005371,0.551122518529424
row_001094,0.6619677719749839
row_049987,0.044979484816800856
row_043859,0.4170818608508029
row_016514,0.13819958820204314
row_028352,0.562108864892208
row_005736,0.028913924112791027
row_008533,0.014029706270739415
row_021759,0.07048592810782497
row_013447,0.18413332548625483
row_014179,8.716133985612324e-05
row_004014,0.05520424969255445
row_033356,0.10560262733447891
row_021558,0.002990833261286729
row_036306,0.6793417361416674
row_034635,0.027049654240773595
row_040405,0.040276444968423836
row_000018,0.0033126623594584496
row_028187,0.0073551931915367625
row_029317,0.002929403343197088
row_034846,0.5354261661705298
row_005798,0.06468544496481377
row_018193,0.791727368218025
row_040570,0.8191921319010481
row_046046,0.4018626518832484
row_019957,0.017992115051667968
row_049344,0.07678927817105362
row_032446,0.8531772306025196
row_019145,0.25317373775549107
row_031372,0.051684626092805684
row_035950,0.0784318987230972
row_005549,0.029722010174058164
row_012227,0.5271191542824547
row_008754,0.009031461753740469
row_038256,0.10390307292660629
row_005483,0.22477619091499543
row_019806,0.018205492717240698
row_001924,0.983951507191256
row_010604,0.26910765868058467
row_014531,0.8924789714251499
row_023007,0.022022600077791762
row_041208,0.7776552568922382
row_019695,0.003762285316722259
row_039707,0.04472106792496942
row_015756,0.2657315846353571
row_032152,0.04567942262464373
row_032180,0.250566468680737
row_002304,0.03926104391079599
row_045981,0.014212204479219207
row_009798,0.000336964205741538
row_031973,0.011021080090597123
row_004565,0.019719843801754074
row_018101,0.03377253850673825
row_016395,0.021175343470997886
row_009081,0.004028953557677574
row_002180,0.09521852110969303
row_029471,0.019133984016660135
row_005933,0.13877847452402056
row_012806,0.12699763575550782
row_029415,0.3449792148686966
row_029691,0.5315976906411881
row_017079,0.2880873753025167
row_006938,0.3443351877007238
row_037041,0.5220194930746013
row_035923,0.49329546788059375
row_003245,0.11292942078872915
row_047112,0.4599772954374584
row_003419,0.040543697888806636
row_020770,0.37456113584572687
row_039100,0.08668017592530465
row_038956,0.14814916833331776
row_028094,0.0986250288055436
row_007750,0.1397244545060067
row_028304,0.14839008983847746
row_048204,0.00440349321109667
row_033393,0.22695872724101163
row_038000,0.6992251841483835
row_014677,0.5642485286017153
row_047544,0.06273527578588912
row_009147,0.021866133872905626
row_011064,0.11896252716687623
row_046255,0.007980933721416082
row_035842,0.24828238297881136
row_044173,0.02972861539282201
row_042457,0.1301584957339438
row_006532,0.0024824930434329453
row_024528,0.7936270625997655
row_011201,0.24293052600997983
row_041856,0.0005915118088820867
row_048311,0.012854412582282208
row_040991,0.5862937669346548
row_040189,0.10567160722352027
row_017234,0.9935004907768881
row_035373,0.030698971128071975
row_021525,0.2551330603976584
row_005846,0.15278950318452825
row_023224,0.004914205698596877
row_031639,0.13040947173045897
row_023053,0.009594672041543491
row_003901,0.11527538506413804
row_030250,0.0056825180328368054
row_046400,0.00852880633857873
row_031937,0.3011640730491114
row_018164,0.08531115263611995
row_002033,0.012434399168754932
row_030562,0.006432455695186831
row_039376,0.0157572476756412
row_032211,0.1873413636969479
row_040807,0.0823138817810256
row_033035,0.7377177268992937
row_014181,0.7930047124204469
row_009587,0.029276838594868314
row_026096,0.020698522228184444
row_014875,0.034334127752072736
row_044032,0.005052655620715652
row_045952,0.9873556100172303
row_004086,0.5424311132248294
row_024413,0.00493894170374977
row_027769,0.9569154931735516
row_018573,0.01883256264879631
row_027349,0.05638987573903197
row_044798,0.34278284703172823
row_034659,0.020288615618618677
row_026111,0.4407901491731364
row_030017,0.14270765462657226
row_022591,0.27277706370082705
row_015584,0.06226781498176184
row_010784,0.45783533210389993
row_002024,0.02519595243119515
row_021776,0.04872714034778075
row_023660,0.7059083458076837
row_026676,0.2705804603437122
row_000101,0.5714210898641888
row_001657,0.13891454637921957
row_015278,0.013500835156591172
row_043173,0.2123172688186109
row_007536,0.4303958472619868
row_032856,0.02644694524422392
row_047227,0.0020270101393400903
row_030981,0.11531496057675741
row_024151,2.3398527107028868e-05
row_039810,0.014507736807894722
row_001566,0.09618640274550382
row_033987,0.429696348297533
row_013453,0.016090232844143713
row_032161,0.045835894405970475
row_025669,0.0018026533010393917
row_004131,0.037321117137115174
row_039935,0.21328796114337817
row_012718,0.006989364118269676
row_049232,0.017172557038703636
row_013188,0.5135102767159423
row_003973,0.022096331347493614
row_022197,0.4419495293231434
row_011387,0.017445639711157205
row_018182,0.001971785526644965
row_045005,0.011777996850977655
row_009457,0.6679339338911755
row_020853,0.005566855287758097
row_043235,0.013806191848173643
row_048422,0.04222957996187114
row_043626,0.45778607214772005
row_016441,0.13490526081752055
row_015047,0.06764707135110698
row_032244,0.13048312167423462
row_004384,0.07969406611711943
row_019295,0.09823866657052503
row_032626,0.03628585101346266
row_039478,0.0008432638457038592
row_011147,0.5560952675627857
row_044315,0.046035041673349104
row_039264,0.03151129054610621
row_001599,0.01295804438734309
row_025442,0.013741373757800969
row_047369,0.06075359582602713
row_038086,0.03176083251490279
row_016283,0.05715933317929467
row_036992,0.8391674800078659
row_006965,0.4150122161282264
row_019278,0.003651648960176237
row_001573,0.02329801446356556
row_037665,0.002077382782454426
row_044071,0.0060253636130593365
row_040468,0.3798495020063757
row_007570,0.12192232138591014
row_005838,0.7473257097908417
row_046709,0.0760953315356782
row_018314,0.002593161686839097
row_008214,0.004872527043292734
row_037699,0.02279031582577131
row_000763,0.0008192395596452146
row_045475,0.05610878766740767
row_030569,0.08590766567677578
row_046262,0.049313503431392645
row_014542,0.008224350991373735
row_027350,0.027179866335572938
row_041197,0.22656299872523766
row_048373,0.010680915625577103
row_024405,0.003948594509109683
row_049225,0.02121793317725582
row_034621,0.032273683509587515
row_040177,0.15274386480610808
row_027375,0.059549599527371565
row_040444,0.09503867210741158
row_028326,0.004510525192428102
row_020786,0.6678324129736095
row_020366,0.8552850138325575
row_014315,0.0027996226646723387
row_002757,0.2695725499725988
row_033871,0.2960217183306326
row_000635,0.06963567469867903
row_047028,0.6253167014232603
row_015189,0.23434474809877237
row_046680,0.014177699172623695
row_030418,0.181087016647971
row_003555,0.100643459252261
row_041997,0.020237590476273135
row_002044,0.04527973643552911
row_000983,0.040100936959662194
row_044469,0.3096998069195599
row_013430,0.04956984880843221
row_037755,0.26211987576869505
row_003548,0.24554419006037675
row_006308,0.9311976901722546
row_047859,0.16800522513186786
row_018930,0.007923340089916532
row_002488,0.14673395530125175
row_023315,0.026557083104181926
row_049688,0.0017315807845594271
row_031499,0.023920596447571715
row_008442,0.27976936526712387
row_037752,0.014948211045280846
row_040695,0.05021566221134235
row_030687,0.0016908464178780123
row_046135,0.002188377606083394
row_039473,0.20988934864980374
row_047693,0.03465637901766813
row_000186,0.045987755019508095
row_048674,0.006840951395415043
row_023980,0.3396388334533727
row_033736,0.02211711294769555
row_023300,0.9541044498134715
row_016035,0.07423179524023894
row_024357,0.002182361589369472
row_001843,0.0016168978168985262
row_007541,0.07462915865784107
row_041629,0.17077743733126538
row_004596,0.024631345796926572
row_002822,0.03943225556827555
row_049188,0.23880199537117303
row_033668,0.015968598088349654
row_012930,0.19273944440506066
row_032176,0.011299073042325327
row_006035,0.01703124298135971
row_043634,0.18007605024629672
row_036416,0.06487806118556037
row_033778,0.8342307873369005
row_012323,0.029642038976547155
row_004115,0.02271061681232031
row_042043,0.9748379219053389
row_049123,0.857903686535086
row_012383,0.014693603266738417
row_021489,0.2332576768974387
row_041673,0.052198168082635846
row_029977,0.02307526394368169
row_014203,0.001089572522172491
row_028346,0.2256823226893753
row_019586,0.8023094532410867
row_022129,0.0495625033172888
row_037845,0.8335266670730533
row_043156,0.004908244756918416
row_019721,0.31843695825603885
row_022855,0.06812668794190388
row_022304,0.2368572244329673
row_028285,0.012468078587054907
row_035109,0.15317069118068186
row_000161,0.0908126133764605
row_043683,0.023130477017088313
row_025138,0.00036517158224984704
row_037541,0.02371695611637426
row_024539,0.22496671160497464
row_032931,0.03126218424624395
row_046332,0.5473058597065602
row_006597,0.28555026596457234
row_039639,0.44352452375898943
row_022183,0.2965066228579527
row_028621,0.018218457432952223
row_020195,0.059196182767753375
row_018704,0.10357027431437288
row_028318,0.02813551506008881
row_034229,0.018233204742755343
row_023999,0.31282539565371287
row_005452,0.31559769767751233
row_021685,0.10596172053004009
row_011026,0.017999420226320846
row_027639,0.03160722819348872
row_031290,0.4196935218234865
row_003596,0.9301139084715243
row_036573,0.1606906060578366
row_024181,0.10975206699429343
row_007943,0.36764249624873735
row_009120,0.28373208767062535
row_029102,0.021216577687653365
row_008321,0.2571583420224479
row_039856,0.05625528180017245
row_023294,0.08898306011481386
row_006603,0.49094609317172805
row_003638,0.007626822784552
row_023432,0.24137382343675332
row_002377,0.258590927706349
row_022624,0.2089384488329318
row_038986,0.3134487188422891
row_020579,0.009946517161157107
row_011298,0.00497966208633281
row_005542,0.0003514964269610127
row_013236,0.0024202154388899806
row_001056,0.08895769018837378
row_019942,0.022258694357978635
row_025741,0.8567726569347413
row_007042,0.9393848047811126
row_028483,0.22638820083762595
row_007159,0.029396990263053823
row_038079,0.15351312791362998
row_048540,0.001481300005742622
row_046568,0.005211758475058633
row_033328,0.8877212331145877
row_027863,0.0073972559289268
row_010585,0.08597279756220386
row_001538,0.05386411652058461
row_018395,0.0445097020230928
row_037255,0.015142893240308857
row_045719,0.009065493791971432
row_045718,0.07238555507042159
row_001023,0.029447440201716336
row_000361,0.671404626748416
row_007626,0.3504126311542186
row_018088,0.00795758747342607
row_033140,0.2626584060695533
row_001805,0.06877578435901144
row_024033,0.004164222556095505
row_007018,0.024243558178882334
row_015729,0.7150025366948601
row_026656,0.6253029039880749
row_019735,0.9853996315094161
row_026665,0.030686695870726005
row_049316,0.09314114092570461
row_044660,0.1358689328109771
row_031978,0.0448957797762658
row_020451,0.110849907604635
row_015550,0.11558696880940005
row_015694,0.062160156397278274
row_006464,0.0154871146162075
row_012130,0.13973873860280656
row_013456,0.6411038313828724
row_004400,0.18268494963102572
row_036487,0.7545122767771932
row_020368,0.22981820395122554
row_038530,0.005504853313480892
row_045775,0.016217313056958324
row_014199,0.054347630894776185
row_001464,0.2363158925426715
row_041676,0.007616899439553432
row_024106,0.00047970038729863766
row_029138,0.0673426908864611
row_036759,0.5439713474071352
row_013722,0.302526625192468
row_037197,0.6216263573734946
row_028595,0.009084021185321726
row_036000,0.023959446595294847
row_006711,0.07974838958174177
row_030934,0.10384485670871346
row_029711,0.03893552427176911
row_045441,0.6105678761061867
row_021484,0.18305015536918665
row_003220,0.4016723821665406
row_020137,0.10308917614491615
row_014123,0.8999098425831255
row_007240,0.05415392720049402
row_019743,0.0701027558928059
row_023830,0.013437466036250446
row_010799,0.04035239205822495
row_004315,0.9630714698399319
row_009107,0.01805930281097304
row_044385,0.007776332210251422
row_039365,0.012553543118809265
row_006125,0.9634063828504561
row_035103,0.0074149991904230205
row_017612,0.009557588866600871
row_005448,0.016003641057876362
row_033983,0.0631725384127656
row_038377,0.0015985653885149272
row_046951,0.011539279235678629
row_034790,0.08397576661629459
row_035218,0.005739020996886492
row_036988,0.13867826514456744
row_013335,0.7591849558236369
row_005692,0.10951146426370069
row_017966,0.0993945278924785
row_046895,0.029840052897209736
row_013030,0.011322334203121757
row_007157,0.033680447499389636
row_048357,0.9478895122440527
row_044505,0.45214599121528476
row_005285,0.41109876706655546
row_029152,0.006900868152677966
row_015485,0.8623344925735728
row_030591,0.9756431087684398
row_044557,0.9999173730214918
row_034499,0.9600465018421568
row_040998,0.01786338955718353
row_001294,0.7434754361373425
row_041148,0.15054291409491027
row_043109,0.005609592180772629
row_040492,9.756308411055072e-05
row_031302,0.009492698747869677
row_020021,0.06491316284407683
row_014803,3.8593768476185005e-05
row_027488,0.19646414883350424
row_000841,0.2534489670899476
row_030405,0.00889405061131682
row_011074,0.981198082621627
row_047668,0.017540836565621547
row_045480,7.731187414626936e-05
row_019225,0.757215339874545
row_034882,0.006802880532036441
row_047938,0.4601559960099003
row_004362,0.16872655126786684
row_019412,0.007433378951263893
row_023191,0.012762390493970415
row_032989,0.12405297743206822
row_016300,0.9770561809382912
row_006923,0.0821442543659196
row_033099,0.0027946002294464054
row_032987,0.17882081228615512
row_026318,0.14380964709139907
row_025474,0.0765663205764194
row_046285,0.009898028628865746
row_012446,0.015519848956595965
row_043873,0.8649984549428634
row_018420,0.09667661469962659
row_048535,0.05366486475199928
row_021419,0.16102650546080602
row_024376,0.011110750984181437
row_022615,0.16275217834445593
row_033717,0.418934928080772
row_021688,0.032267420365966824
row_030665,0.08889334256740085
row_023368,0.46431969793819244
row_030908,0.010070330557468405
row_000466,0.794892401279439
row_032652,0.017826357793972705
row_047596,0.04846742504654742
row_023225,0.010631422466594868
row_046559,0.0038830169297120413
row_018352,0.059550422205729425
row_007774,0.4802912484305912
row_011642,0.07169572332376789
row_022553,0.011472931091425569
row_016563,0.2517325874086559
row_044141,0.6821224270632651
row_022763,0.03190700629313666
row_014000,0.01938193601228301
row_004254,0.01258558420003526
row_016989,0.9733800162504176
row_038562,0.215761816431418
row_025551,0.6222720160390599
row_028854,0.5078530277318688
row_030690,0.06436206420958737
row_029855,0.821423630252932
row_022051,0.015434265791262225
row_011395,0.016397432686151035
row_012513,0.6708942709545969
row_039210,0.2891417555780415
row_022445,0.005495710303863899
row_003158,0.0072418083002553455
row_007530,0.002566081809075236
row_047632,0.038294374500885305
row_046689,0.22963997434527234
row_025973,0.01747681463319759
row_037818,0.13361173108938248
row_045405,0.03981218137872331
row_040664,0.22387849672954876
row_029503,0.007696457448868851
row_002516,0.20342502355061584
row_043932,0.01836414001127087
row_013164,0.2977205527236167
row_029279,0.003943834915314597
row_032416,0.014507448097695183
row_001095,0.016938760180176732
row_048794,0.060653063368327036
row_018037,0.1047611917278796
row_048648,0.8331175306001137
row_024571,0.9974133134780224
row_024851,0.42432228605612476
row_008875,0.4345010399725223
row_002005,0.0014973142787341306
row_044169,0.592333097466116
row_001956,0.2817780854465145
row_007743,0.9670074703122429
row_007339,0.8171258045282382
row_004616,0.12844660252160067
row_020945,0.7126136108085882
row_042201,0.01563501441280167
row_035913,0.1782744498852417
row_009014,0.9987507824908349
row_045156,0.09055938368327444
row_007132,0.04057518812880174
row_019814,0.01610033900278856
row_009925,0.3941780203592418
row_000674,0.16746537108598045
row_031184,0.032454118652780035
row_004109,0.18077490022292156
row_003982,0.027151246615038416
row_045039,0.2450382492674459
row_043236,0.1443481563872395
row_046094,0.838495686369392
row_004421,0.01090198909736626
row_014429,0.966386455453165
row_027264,0.003462552807097177
row_009737,0.029570947239409163
row_019140,0.011093333188342379
row_004272,0.4147949060109208
row_003214,0.010858932598869081
row_010539,0.24320440837125962
row_003399,0.06850660958579087
row_014747,0.00734938668563199
row_022435,0.09050267011593828
row_000300,0.4365119655877085
row_020254,0.056923685596272706
row_047084,0.016716137938726807
row_031116,0.00024671995865466976
row_037017,0.02520162170333369
row_010584,0.2321983876077156
row_018366,0.44654384171527767
row_027733,0.011680451530099485
row_009398,0.8665624357161594
row_006385,0.0207195665496349
row_027641,0.6588005833521198
row_020977,0.8479875143211141
row_019332,0.005411286109535251
row_019618,0.0014522241882935275
row_021578,0.006077966394281671
row_036258,0.3344685495643815
row_048986,0.008538636361468321
row_031676,0.011211346121667026
row_012792,0.09850881925285276
row_023328,0.002951294128147115
row_013209,0.02325507653031827
row_026007,0.05697170038069723
row_012715,0.39058870026699116
row_048249,0.003602967460018782
row_040359,0.01911356140237165
row_040018,0.06465347695273269
row_016065,0.1609106222124472
row_013758,0.012809108406417578
row_017190,0.07811416303484454
row_049623,0.03253343512839266
row_014334,0.006346019322652981
row_033656,0.019975844386888715
row_014766,0.9063340924253335
row_001283,0.9632812441157863
row_035927,0.6713016383538672
row_023414,0.0033466592609932948
row_046316,0.9200367330159843
row_030829,0.045695962389432986
row_049417,0.9966441586499457
row_037309,0.16043781804659116
row_019804,0.00447970533738852
row_029301,0.052880730292345926
row_004149,0.01325966678658995
row_033793,0.0976678652358661
row_003242,0.0006702471754690538
row_033108,0.15609255574873046
row_036403,0.9446213237777178
row_033600,0.000684018416791551
row_028666,0.000734880561615011
row_008200,0.011392374220553612
row_046280,0.6674405144014811
row_025279,0.06644005122721702
row_049523,0.4482137347323659
row_021023,0.7235155412145683
row_034369,0.024544072417282615
row_005388,0.6777626331683061
row_007982,0.018492500267258995
row_034343,0.12946306981654065
row_015300,0.425880111473102
row_024519,0.004641564900396937
row_002728,0.06453364813124593
row_010864,0.354797534961653
row_033864,0.0004053160948025252
row_043472,0.00015637300898442596
row_011054,0.030335154243887854
row_019571,0.005662212397967767
row_008924,0.39525079538921737
row_045463,0.015653234340810722
row_019091,0.0037865240312830025
row_019342,0.09835557464241658
row_037717,0.020293058072134874
row_031875,0.2926719042175126
row_042315,0.507762452903777
row_031003,0.01136179058349787
row_022052,0.4462667088913521
row_031865,0.538033622719541
row_046556,0.058840600455267185
row_041433,0.012216126147832275
row_024682,0.218035760888731
row_045378,0.29423270608235036
row_029513,0.8215825763078836
row_002584,0.5951891923976578
row_028737,0.0015462753511395894
row_044398,0.1422486265958201
row_048300,0.3197921966567292
row_008616,0.00046656788378882026
row_035355,0.15609556711410014
row_003199,0.5029010907275906
row_031944,0.04065804734744794
row_002373,0.7280738711126522
row_020720,0.09646388854176205
row_009699,0.9612065207553273
row_016492,0.10169742673297257
row_023609,0.0017689364777260241
row_017225,0.04413591069427237
row_046218,0.021803318202407173
row_011252,0.033483644106880116
row_035216,0.5235263576940491
row_016061,0.0341564308502871
row_042823,0.00015033920916130805
row_025245,0.137801561156777
row_049782,0.1082322236811947
row_023425,0.020258552678703773
row_032085,0.6862405174282717
row_002121,0.08010262949557806
row_003011,0.001549852304064701
row_049787,0.1358725088471064
row_034017,0.08730808601516753
row_004079,0.795619362771528
row_036865,0.12738039279305657
row_023446,0.1307961457730525
row_012290,0.011252147350802835
row_047239,0.024333141814757753
row_049053,0.12586105188106467
row_047616,0.011994783311354618
row_014211,0.006103883354770087
row_044126,0.024288704950911455
row_044600,0.3509388154847693
row_029777,0.27210084054001094
row_024364,0.24261605148309598
row_006377,0.8642776017612736
row_045327,0.012361318580970247
row_019774,0.9949461796770579
row_015654,0.023609434681897936
row_039782,0.8682827188025821
row_023164,0.010839264419104183
row_031706,0.07404896432315816
row_011530,0.22162003893481366
row_015826,0.0669174384474526
row_020478,0.01684938902129026
row_026715,0.14667827240186945
row_049906,0.044825726659556704
row_031791,0.00015912404128655126
row_005469,0.5021912839227461
row_042312,0.5738697412437722
row_008076,0.021841429080219105
row_032992,0.1089934401701783
row_046505,0.0008336819740730378
row_039172,0.10734640005414774
row_014056,0.00033621770890853776
row_006577,0.013688507406013763
row_046274,0.01659982637769832
row_028278,0.6574770156668094
row_024025,0.00041807351827826734
row_035242,0.13762751556843364
row_013887,0.005931223971165787
row_046704,0.09742372320232211
row_003369,0.0630092582080236
row_038477,0.07782753950806397
row_005644,0.9933067358996348
row_002479,0.630616622195107
row_005945,0.009292337809147665
row_028216,0.14181109511925544
row_015139,0.15619301647904857
row_015259,0.3894289760726208
row_010658,0.05326575345133682
row_018498,0.06038633516096526
row_034826,0.025266433500460855
row_026783,0.0039827932591121745
row_011371,0.9775408167349805
row_029934,0.07035409955854938
row_041889,0.9551890662678391
row_002419,0.0565035084499788
row_005087,0.1573774499210123
row_023851,0.33253028627823583
row_031946,0.17238362558970127
row_029646,0.26185710367813314
row_013516,0.0505744583901632
row_029285,0.5581551103114385
row_017708,0.06762948142322814
row_034044,0.008021153437780263
row_014845,0.01754935339711387
row_005636,0.009702163388860409
row_014826,0.27336268959257937
row_020011,0.06322908499403944
row_016833,0.030018438311056887
row_005842,0.0024202233795989187
row_048561,0.0014743161076613736
row_037299,0.01855720783348767
row_016297,0.5950383821234758
row_012546,0.45123725612029136
row_034268,0.1528092616698551
row_008426,0.04688215901912185
row_042277,0.007213290625736336
row_043702,0.024236964195251808
row_028755,0.05778387422636235
row_045364,0.9448330170704917
row_001495,0.003595037081960912
row_033773,0.004102668748312513
row_025493,0.5962434395355836
row_045849,0.07557861130156969
row_042811,0.016312872635950448
row_025399,0.5320385168932851
row_019796,0.036027148227458346
row_031752,0.0035550520435993676
row_036766,0.10336604662239474
row_000148,0.0327012642865591
row_003023,0.9005771483105904
row_045669,0.12159957303989109
row_024991,0.00035428489101888304
row_034161,0.0011361865043799909
row_046795,0.09224338173539971
row_002869,0.27014994299104333
row_048090,0.07238801385933331
row_016923,0.3159171615892227
row_017874,0.002460094448909206
row_039535,0.023020045357721237
row_038990,0.002719352818665426
row_024273,0.2878071376154869
row_022184,0.007644280782181015
row_016854,0.0060614799391229875
row_025988,0.21239230340985255
row_030860,0.0013180472687405534
row_041919,0.11779113975850049
row_016658,0.375020355901316
row_048125,0.2777323663010381
row_015612,0.6404760659136238
row_049885,0.6719280281407876
row_036237,0.9252102998662103
row_008450,0.05541850851346718
row_029671,0.14773936299042748
row_001943,0.06464751773025597
row_009733,0.4424076728090411
row_030993,0.12992320640762026
row_028262,0.2844789887875872
row_042112,0.005788237908760426
row_016491,0.0085798500391686
row_006750,0.7045814671158797
row_010798,0.08609781734172549
row_035398,0.25637010376889946
row_041569,0.020755958260644948
row_033530,0.5976934547031012
row_037996,0.2687699912924541
row_021452,0.06399331188734395
row_022542,0.41806537353820583
row_041390,0.027946727530359188
row_049327,0.5464687113511613
row_021027,0.6252343312091083
row_001678,0.11572203295719728
row_025674,0.0005310730701528262
row_034527,0.009034395371734814
row_034399,0.6720499237650681
row_043858,0.10506083476790848
row_011220,0.39424341738123664
row_021687,0.02272955675271944
row_028437,0.9829975438114705
row_010634,0.11757244582526812
row_013127,0.9187462073935958
row_020716,0.7432060958153783
row_013902,0.015764409873792587
row_034454,0.0027973476845976463
row_004397,0.020270294005795046
row_040916,0.17215486720921874
row_040283,0.0475487275410014
row_043192,0.025256006834301854
row_004731,0.4867184985397794
row_009053,0.8895992011073929
row_033162,0.2751575627509137
row_032857,0.551253057377265
row_009579,0.963968122339076
row_018622,0.028705432832644796
row_014445,0.054048729043447145
row_019092,0.18287984992042694
row_013331,0.03964818285242456
row_005377,0.05997875327354735
row_019384,0.1586538852924133
row_007555,0.09011661144108607
row_031415,0.00812230249826917
row_012120,0.03987177989878185
row_011555,0.003260710946348536
row_037454,0.2743314210621019
row_046333,0.7638359137771978
row_008823,0.12714642961051129
row_032621,0.26022770449082
row_020713,0.29457726526342004
row_045250,0.0885912737547698
row_008516,0.07475976754509941
row_023541,0.0790230086941462
row_043514,0.0021980294918310696
row_047450,0.22330818767161584
row_011913,0.013897130721894538
row_011687,0.628589064381006
row_024962,0.1871900929208464
row_011377,0.5095924302742362
row_015902,0.5262144602097253
row_044065,0.006118271858774592
row_011976,0.03746530070334037
row_003147,0.012151135636995814
row_023659,0.018366020510320127
row_021588,0.0653943275730776
row_005311,0.10588541490768877
row_045433,0.06281900620593707
row_042689,0.40824903775259663
row_030242,0.032169413550930316
row_045140,0.1510656129956209
row_037808,0.8107800759356213
row_047594,0.07793969933953761
row_029367,0.4528159253469328
row_033115,0.35619738220140335
row_020591,0.7148258938785156
row_038817,0.032918865183071966
row_025232,0.25795188787284457
row_028253,0.14791539382105143
row_037710,0.09676777846331601
row_043171,0.021390760617566004
row_003221,0.015035246553514547
row_029002,0.02494895928790345
row_002359,0.02426567225206579
row_006413,0.9199630514060829
row_005639,0.6841439651417361
row_042936,0.029685788023480847
row_036675,0.5589862744110135
row_030371,0.9464023375000752
row_014165,0.5561118743590364
row_011562,0.03569193258611939
row_002150,0.008775377222170418
row_031641,0.46395520461897843
row_005682,0.1935928214693919
row_013743,0.7318377563696673
row_000035,0.38932733581867024
row_026408,0.013140474008045933
row_004224,0.18033325619412016
row_012006,0.08829972850170255
row_047565,0.5955948571977681
row_027490,0.05477083145504883
row_026762,0.09696123876483105
row_040326,0.42989376645660893
row_048846,0.03344153237505099
row_009337,0.4920901798573595
row_047270,0.33828157778201096
row_005048,0.14505103331591152
row_008391,0.0030323214562130063
row_019494,0.0801954625245432
row_006622,0.0216385247722274
row_048880,0.04119377023561424
row_046149,0.021619995671302343
row_003852,0.9515412303938598
row_018170,0.41376305537066205
row_043467,0.26442109157307464
row_000773,0.01302497494727812
row_011784,0.08983356277485742
row_009121,0.0734145896196031
row_013815,0.020093160380450906
row_026006,0.0005064003009421964
row_027168,0.44012605571768637
row_029251,0.00989271366550261
row_035249,0.6845183054032047
row_037307,0.3212780436016039
row_021553,0.02951166637340551
row_047455,0.04899982034322787
row_016432,0.3266849653742477
row_020118,0.004334827313353151
row_048078,0.8542042048953213
row_047105,0.18038683624580593
row_004719,0.004737177133104433
row_003795,0.04525143265989163
row_015160,0.7510025352401306
row_021437,0.061676830041487815
row_037182,0.032772173262336994
row_027306,0.2728987946757978
row_004295,0.43714996298873915
row_046435,0.469105316713943
row_023165,0.33951229726389637
row_027261,0.15321116357005785
row_001825,0.831252272175613
row_033216,0.626478803278473
row_032860,0.04214064561707437
row_039007,0.8351211779786865
row_043648,0.08025416680449496
row_045337,0.03152982094950184
row_036595,0.5350703938140042
row_034507,0.606533763173137
row_008226,0.8263587975196444
row_011481,0.9926336968553302
row_009483,0.002707752402821209
row_046397,0.8312681389427786
row_027832,0.3782438939489219
row_037478,0.009076683670952436
row_039867,0.20286455326344602
row_017119,0.06334432673329232
row_038884,0.02580189826391823
row_036409,0.8238459801895152
row_038432,0.00793023627260487
row_032980,0.00871363924149119
row_028496,0.09507811804495007
row_016322,0.8777929481784174
row_016431,0.044851633663018434
row_027253,0.07653452984248343
row_041882,0.15381808961318102
row_042460,0.26451567469959353
row_046229,0.007621622418779411
row_036709,0.007224506889168557
row_014093,0.021477426422420585
row_047866,0.014969090314329645
row_028339,0.5256670684579793
row_011651,0.9996461651156486
row_031293,0.01679684187618426
row_021010,0.4418778951574514
row_027066,0.6557943325856957
row_031443,0.0016744824786562582
row_020891,0.0033789690626485278
row_012490,0.027011693638725322
row_002693,0.17902647423071524
row_036003,0.26808903836407644
row_006052,0.5523860856729279
row_015606,0.5623227557767483
row_001115,0.2062477578344446
row_025830,0.028902933243448656
row_026538,0.9411349590552425
row_023537,0.6763725695207925
row_049973,0.2546980314781135
row_020747,0.342863775100029
row_032551,0.04204939721997166
row_009952,0.03556897281706495
row_013782,0.09531263149199254
row_038003,0.026529881177634624
row_000749,0.3640870555188568
row_041921,0.39393271447513495
row_048433,0.3521838566931813
row_010663,0.10161960298718131
row_019765,0.46446701570596466
row_038442,0.07918718497983641
row_041031,0.05574622418857033
row_005898,0.0005900393496969685
row_004240,0.037877181491967574
row_020146,0.02839568845537307
row_038149,0.01569020986027309
row_001243,0.6228835857048887
row_020448,0.7959465143294695
row_022377,0.011722487654136294
row_020413,0.16731322311817157
row_013975,0.03773961935768958
row_019483,0.004678048081256382
row_008071,0.3315448911087811
row_038252,0.9164982029041034
row_033438,0.0009842590001871718
row_008820,0.015992151334202422
row_049826,0.08749669337134235
row_008841,0.0013687082719866788
row_040794,0.9958807577284186
row_026642,0.0013461102084752026
row_031268,0.04873540705672365
row_026504,0.12889781282593452
row_003611,0.6160562832847924
row_048995,0.0031275865700574794
row_048497,0.8704450959434318
row_041558,0.008602023787439324
row_015284,0.9262643484447324
row_022757,0.6233842126942412
row_025724,0.8073518191690103
row_010344,0.5186231252715303
row_001126,0.004268548860424517
row_047843,0.009874009200151801
row_000530,0.3208779284891585
row_033863,0.06304134925923396
row_042456,0.007809758762988323
row_025949,0.401209017088905
row_033705,0.12678958429332982
row_047730,0.005131310060122062
row_023365,0.1672123494857042
row_021002,0.02272368318872469
row_048678,0.020369340104291703
row_021118,0.0023264664174332816
row_017067,0.022187772778298993
row_040448,0.0019946747156075273
row_018920,0.4831340355965623
row_003261,0.041469227337450364
row_024716,0.3886076291311057
row_011741,0.3059935641838023
row_030470,0.2621545073262673
row_007183,0.15925366597155752
row_001098,0.3961041377724493
row_041717,0.02947566998174135
row_006816,0.013773261576611162
row_034546,0.5076465086046139
row_043375,0.14630122432206993
row_031851,0.3259316572242008
row_003029,0.12982959018024376
row_046097,0.21853692274432443
row_001096,0.7434400932456987
row_001794,0.3578462628445251
row_018684,0.01528449941386267
row_016230,0.7461792680437068
row_045506,0.8747103990846307
row_023637,0.02835979866538409
row_049481,0.004191405778903531
row_033207,0.022255924047341908
row_043592,0.05308332717503753
row_031990,0.7487582156928274
row_033551,0.1438303526578189
row_018365,0.5268115027554019
row_013560,0.9699436982539449
row_035906,0.2857731378336505
row_045751,0.015314461732598643
row_001169,0.005576535770054656
row_031100,0.0047569473907708645
row_028076,0.8832637663791775
row_005476,0.7115482017035337
row_038789,0.0030015870923105416
row_030774,0.9998885862761479
row_036368,0.3226762854524841
row_016619,0.14482783395580104
row_042106,0.768442009109027
row_006143,0.4078470313881571
row_033688,0.01621050651689196
row_027364,0.0029429376321119145
row_003495,0.05194100773187165
row_009884,0.12920461998943733
row_025849,0.3561088588147243
row_036124,0.008104142891070254
row_043113,0.004601415856736138
row_038339,0.13554475809163233
row_011850,0.560673304358016
row_003652,0.021105603561991346
row_048698,0.004158066990215527
row_045428,0.3222852006439734
row_007168,0.9309337693041039
row_022424,0.6342128476919179
row_010594,0.28548073593155304
row_040147,0.2847271248605543
row_048669,0.32752468632391696
row_014495,0.08170516361644883
row_026827,0.8461793624553485
row_010020,0.000883968060530503
row_033703,0.245161714273791
row_047676,0.008482321721574171
row_028280,0.3838843239014971
row_027086,0.04416025295575118
row_010296,0.2991244167131427
row_030422,0.2044047157248528
row_041430,0.01823051039434539
row_037424,0.36279985576172646
row_034514,0.10026542634460132
row_025180,0.005086517421388715
row_034006,0.15957001697384676
row_034841,0.496825304896817
row_047979,0.025682145365964498
row_042171,0.04882474193210938
row_012711,0.5039733734523321
row_039310,0.04868952492068216
row_015735,0.11618735840829149
row_041294,0.3703789646082259
row_040558,0.05563574013252605
row_025101,0.863586737156345
row_030593,0.022256166885575523
row_024565,0.04650982365368063
row_018695,0.3834586044198911
row_034217,0.04149465895539668
row_024367,0.8117684245976378
row_001016,0.01943183108119893
row_042697,0.03343532406107358
row_042765,0.04785318021566174
row_043373,0.282720296567743
row_013519,0.12080455929082594
row_005618,0.004491919294196737
row_006780,0.07544768886644322
row_046544,0.014507050277474433
row_006246,0.7410056107003583
row_033136,0.009879677983082627
row_019454,0.00615582344494738
row_003021,0.09434116405172867
row_048502,0.004998334988349507
row_005333,0.06458997956978717
row_024131,0.3696015420882743
row_005839,0.2222824947198664
row_009678,0.014867501121180406
row_005633,0.3425362733429997
row_048228,0.17279212700563834
row_048252,0.28820143047149016
row_031611,0.0020355046337921503
row_017988,0.432061154327075
row_040908,0.046088911933896755
row_045654,0.6816493956069661
row_022619,0.007801632731541204
row_042152,0.04180328415509078
row_049320,0.6319880528587036
row_005845,0.011855786387452225
row_043424,0.2444494334436347
row_011726,0.05736849771622727
row_047936,0.25776834427946715
row_004445,0.30647826081441615
row_001265,0.006510529775587874
row_032683,0.9987516200994582
row_037885,0.04627288974261568
row_038308,0.7087689467338559
row_041692,0.37264599993220376
row_002262,0.026788697544664467
row_019005,0.1961262267680887
row_025653,0.0077127425970772165
row_017352,0.0006863934358914227
row_025237,0.002581246237661746
row_015071,0.784067016305343
row_025573,0.19800434828580205
row_032282,0.011492039880388983
row_017716,0.0009654280014134546
row_025450,0.9995432718870029
row_035903,0.8167815022080566
row_044801,0.0007287417263315816
row_027910,0.009905729653499833
row_041477,0.008519498701924533
row_028095,0.006048622910029331
row_006734,0.4613087095795849
row_009465,0.005070344446956849
row_047567,0.45748899784611063
row_038994,0.016197319407433075
row_028763,0.23704870841280035
row_035257,0.9082628242222521
row_009426,0.661806593524043
row_031047,0.5236116204752477
row_009376,0.021947735902503138
row_030228,0.04749658727323577
row_006539,0.010201332504949288
row_043874,0.053838052955458744
row_005222,3.6283502432348653e-05
row_025113,0.0012474966108906322
row_026022,0.03930895847144249
row_015311,0.040310718787245015
row_011634,0.0025020184916229047
row_034580,0.0041275282075939
row_047733,0.08219707560482743
row_000735,0.8387004696522049
row_039898,0.8895767124740371
row_019083,0.4937658917972207
row_026047,0.485799990159805
row_016939,0.4191389370172428
row_043132,0.02560306232882383
row_013872,0.0003240335586082086
row_006812,0.32740231079302945
row_031083,0.1112223714206055
row_030332,0.0322466396087474
row_020954,0.038113242931512886
row_007976,0.03095829562178515
row_014162,0.7711393958711277
row_004929,0.01979673651928624
row_034287,0.0032134946352667774
row_036241,0.4170565978137502
row_002504,0.07874810438954778
row_015015,0.7039184557301361
row_030263,0.016845551021730965
row_001988,0.17184049327517106
row_022359,0.8046873131571971
row_034236,0.00010097785352028122
row_039269,0.2613894228151101
row_045160,0.008271101508202594
row_027390,0.14263000508145846
row_036669,0.010506549814729331
row_027092,0.11167929329475322
row_031484,0.0589232985607
row_048330,0.001599513058715619
row_034254,0.6068518314512256
row_026152,0.10205494719115817
row_010504,0.0009166469758718493
row_013403,0.059685802340365246
row_004135,0.0220385821421072
row_026370,0.07761207749256153
row_046933,0.00862870245269282
row_016093,0.5117127362847577
row_009746,0.10575049236923396
row_012926,0.05927581251318644
row_003879,0.008903651643261647
row_037860,0.2470980142949846
row_038197,0.9984749963192044
row_046010,0.0007437930820856349
row_049510,0.09258094869227736
row_040892,0.008374508993442971
row_006128,0.01145710738247853
row_041010,0.029542255011789236
row_016984,0.008950466151461755
row_025941,0.1127682559670821
row_045753,0.3509360679192961
row_019563,0.9967733457801933
row_025900,0.006204060435312516
row_013985,0.5896090696768187
row_033743,0.7356408645283512
row_043696,0.03423209259743972
row_028427,0.06534091102537233
row_001960,0.3895000658637144
row_034687,0.35817771163854906
row_046294,0.15433855694432863
row_004649,0.04033475696896155
row_030078,0.07864042681258923
row_002425,0.13279820189468586
row_047357,0.3818602692836996
row_021628,0.02711524320717516
row_003130,0.7768344496383949
row_028580,0.015719894963915113
row_016013,0.07591861009508336
row_021300,0.0738761753493656
row_048137,0.09283992507270872
row_048031,0.25040267791776916
row_042591,0.30818413502253234
row_036052,0.1067956635092667
row_020533,0.0032555507065055145
row_030140,0.2984455737577054
row_027871,0.7489450920046661
row_029672,0.13723403081262103
row_004939,0.03886698205292003
row_022206,0.11008080676932464
row_047478,0.3219152610938698
row_040678,0.00968607100894967
row_032110,0.004296962250828766
row_046629,0.9056816938050234
row_024416,0.8776053642429883
row_006713,0.004341957530872064
row_026445,0.04241189724571448
row_023916,0.3836022969849196
row_003654,0.017960827516176232
row_033375,0.0033058149150758972
row_004336,0.5901792907185072
row_004805,0.12652299785798257
row_007055,0.013616726296048076
row_021450,0.0035859707838270054
row_032804,0.7930006427911473
row_010033,0.3583813359305575
row_045510,0.14012621739561332
row_023113,0.11110144677973408
row_027621,0.00117562042300346
row_036657,0.016740060147143486
row_042108,0.006344634685592031
row_005336,0.1294412695373218
row_001415,0.16646175084739062
row_024211,0.16462693876253728
row_016332,0.18987199161222848
row_044066,0.10054782101256549
row_034951,0.015079204121795503
row_025461,0.07771875122059436
row_042797,0.009688134622017504
row_002837,0.050662286835855476
row_029586,0.030682763338777234
row_014522,0.026954569591500006
row_012783,0.7999839786815184
row_015154,0.03044126311937417
row_019084,0.010523769052422282
row_040085,0.11790287840188896
row_000949,0.09932700081350346
row_026367,0.01822387043119281
row_047897,0.04933439304874497
row_034533,0.012657883570292277
row_026044,0.039367404509305
row_020707,0.6474384014493437
row_017700,0.013951246538149262
row_035834,0.9888361814076284
row_047805,0.12292704905996768
row_047923,0.02309170536027746
row_021316,0.022746788063391615
row_044172,0.0810526060405081
row_012602,0.16806558131371557
row_038916,0.28792117585045135
row_031729,0.028885899869702934
row_023814,0.24847010276762596
row_005234,0.32295386630304346
row_031831,0.07528405140598823
row_045556,0.816345796457515
row_026403,0.6059390093262136
row_049866,0.02142193588597554
row_015678,0.13459526541165454
row_007062,0.1430562274954296
row_024820,0.480440873414603
row_015108,0.011272166847808593
row_024138,0.019309424155879506
row_001185,0.09524771970216359
row_014355,0.024202195534934003
row_026904,0.23190638888444454
row_027413,0.16670029262295483
row_007913,0.042973032636067186
row_046599,0.9850469269786196
row_047420,0.29280506628561725
row_030175,0.05354804366192161
row_031482,0.0013674239570584084
row_031283,0.32719171348808423
row_017537,0.3817065628496926
row_020841,0.00527600160933179
row_004824,0.10591182039768046
row_025295,0.03600641862713055
row_011628,0.06213189841857351
row_003695,0.12255074643537844
row_029057,0.4221978735446862
row_047758,0.007166676985661755
row_005695,0.00038466195899673674
row_023473,0.0273450137233974
row_044683,0.148320318275893
row_010640,0.019191495914917294
row_018506,0.020743583435665472
row_005182,0.7811561741861182
row_000381,0.9987722894430248
row_038103,0.07796062680259223
row_045188,0.052601237418568675
row_004368,0.02004307640768637
row_034128,0.08161804622183098
row_026419,0.0025235655671898166
row_043144,0.007794800086730177
row_017080,0.11030588444026775
row_041265,0.02578075645652505
row_049357,0.24100190032888658
row_027048,0.05438149759371228
row_046433,0.09418732342550805
row_013590,0.07598091292707942
row_038870,0.23921154018334517
row_021530,0.2325956702819882
row_013273,0.036489955836017114
row_015852,0.0018312873518783234
row_038677,0.14998515106549276
row_017343,0.04079285955834633
row_001181,0.6765855745341056
row_041018,0.06967159978615188
row_043857,0.5967960301436265
row_009155,0.004245193518934256
row_038214,0.6217184947112953
row_020577,0.0016946207280125645
row_029606,0.5367141558750328
row_039698,0.0934901614337459
row_014108,0.09067972413263853
row_045067,0.07034005326717563
row_017101,0.3704229276143528
row_041935,0.02575360332167748
row_047174,0.01118150352690391
row_041481,0.5339114761468549
row_006820,0.0020672747266533846
row_045148,0.0041519089013504025
row_019255,0.5032288215329518
row_035657,0.021211420668542633
row_039529,0.07334836376942439
row_038946,0.011572781572474251
row_012518,0.7057291149434429
row_004537,0.02355748144205397
row_032829,0.0012790000150702148
row_013392,0.13371070017795392
row_013358,0.011089420237068551
row_000757,0.5646869836210217
row_032695,0.2587586650901685
row_023635,0.9737092540252825
row_046944,0.003712579805455207
row_011846,0.005940215027641962
row_015141,0.8416020351213227
row_049169,0.17077167278379712
row_029890,0.12101008860452979
row_024133,0.013770728150548882
row_040561,0.8860356553445576
row_032323,0.010726917964253324
row_023035,0.005519452551698025
row_022067,0.8926742463466102
row_007465,0.47507015332617863
row_028122,0.8310584352613504
row_017623,0.28549499796099587
row_035614,0.789160804791771
row_018642,0.8440952585779481
row_009365,0.010222198562068019
row_014676,0.0016266674801050601
row_048785,0.9122724419803895
row_011954,0.0005656975967656036
row_027636,0.0084692380557194
row_006538,0.003005073159754072
row_021700,0.0013907157552908822
row_038943,0.034022152041669765
row_021493,0.1793347376211408
row_018992,0.13151299457070129
row_034389,0.9288694486349205
row_018970,0.07462375700861194
row_025317,0.018538432774602893
row_028614,0.018379048577881363
row_043145,0.7990888200375452
row_037928,0.9995494266518575
row_005036,0.43417721353660704
row_047576,0.01185255731454249
row_003865,0.1792683304844411
row_014879,0.0005822623884388206
row_048532,0.0026475500734581743
row_024003,0.9968941578196648
row_004631,0.5709028810923489
row_006988,0.01199261797095975
row_022283,0.01502764209742904
row_001345,0.22870597708591137
row_038750,0.011300924087984436
row_046327,0.005240090118989322
row_010095,0.0026383285349353973
row_001564,0.00523635237616923
row_022902,0.0017695331665297596
row_026960,0.004109427954034697
row_011219,0.9307313678432374
row_039910,0.010792204291501526
row_043486,0.3621384785820123
row_023239,0.18638690570666627
row_049087,0.0013074275045852784
row_007252,0.16614852207851163
row_048468,0.12268173905909147
row_019128,0.13782717869170116
row_024815,0.00028986145299709614
row_005025,0.5392674221430507
row_007073,0.4740140814961189
row_016358,0.0022826121925053357
row_040690,0.06657073588255556
row_036490,0.04989343642171407
row_044702,0.048158424973478345
row_029631,0.04845742459155902
row_049331,0.0405880636335905
row_019955,0.9280536518771506
row_027858,0.022674761085869233
row_049798,0.5638429474624778
row_042885,0.1546247636930873
row_042275,0.004853894705772916
row_048789,0.014083714038671667
row_017078,0.0010563703967483937
row_036646,0.0034935254798435767
row_008666,0.1318106799097497
row_034312,0.7956039125392503
row_025058,0.8872435916460791
row_044939,0.0022811103397633284
row_046618,0.010938501215488667
row_019491,0.08551203769554556
row_030728,0.005864075528929264
row_010528,0.08995649124374978
row_024401,0.00928549261133055
row_038490,0.015458048244292399
row_022371,0.20626762409669377
row_011047,0.8965014771810716
row_018600,0.25883138734465755
row_011504,0.01246346582459209
row_020362,0.002130693013201828
row_017259,0.9944158202689766
row_008353,0.0333363444396258
row_029535,0.005411785777067713
row_048152,0.6297580546600443
row_008176,0.7433114219307927
row_006150,0.21960849685100714
row_001106,0.4989980753304329
row_046429,0.03137961191808367
row_025558,0.009535202960249416
row_014036,0.9688803488684842
row_005489,0.09702323912427231
row_005017,0.04041270848521454
row_007547,0.11050661484422902
row_031433,0.24192237490963162
row_020101,0.19352306061632726
row_005679,0.05351177269296622
row_023664,0.09469650518762608
row_023893,0.02761407828863141
row_047031,0.20016100897832131
row_012376,0.07724768582087145
row_007953,0.013990772806640035
row_001815,0.014439500902142867
row_001460,0.04690981145874721
row_017736,0.033318931238603876
row_031684,0.934338067571224
row_012461,0.004958143922969925
row_038492,0.994574788416278
row_031920,0.028513002294044517
row_040736,0.005859514346865977
row_014538,0.05957937691103882
row_029311,0.08019489253916363
row_034363,0.08367894294611843
row_037460,0.3103371766056376
row_038120,0.006614905060814726
row_048233,0.6595419600772772
row_034604,0.49578212143716405
row_034351,0.013619944777862554
row_042048,0.3412249121857714
row_006531,0.04277933503511554
row_004570,0.3295694262703078
row_004439,0.19016736066099627
row_045765,0.16604958830286856
row_024415,0.01871727615954124
row_028579,0.00249049010116602
row_017373,0.0014112097022535713
row_043199,0.38699563290880584
row_005902,0.04205021392493075
row_019728,0.12078000927661146
row_031984,0.005902349043367061
row_018478,0.04034939381101932
row_000233,0.1081711668724824
row_021231,0.03191620085085572
row_037058,0.3460729349229825
row_018783,0.052794227086018004
row_044028,0.9301923158164631
row_006155,0.23802688245480857
row_012287,0.27039644998162377
row_008334,0.025793391030553153
row_044860,0.05509700759543768
row_031197,0.6623558030479202
row_017676,0.10193504324392304
row_024948,0.09619513538104002
row_030502,0.004321234531419262
row_038039,0.16931541336037625
row_012793,0.2241491793074521
row_032900,0.37990377575848344
row_032824,0.4118268162527823
row_023251,0.059544884168423386
row_015144,0.0023238533430133754
row_024661,0.485706842727201
row_011944,0.012853349076865108
row_019929,0.4062187177757667
row_024733,0.011204103650264977
row_011501,0.02990546768811726
row_006095,0.03689185620597983
row_026192,0.08141236489137102
row_048087,0.19832248859948234
row_009031,0.035589457918089124
row_034479,0.23211199643053668
row_035554,0.10532297599875022
row_018866,0.4027372470210009
row_044314,0.4212392836587041
row_031300,0.4232704850175775
row_033594,0.07220060010505008
row_038597,0.01716112418644301
row_017410,0.005718885314306581
row_039537,0.017186583215795456
row_024048,0.6690224377377783
row_025181,0.031942752542633165
row_004566,0.013645893913215815
row_046602,0.020822722157199994
row_030816,0.044015886920471245
row_049447,0.44979035974375337
row_032182,0.005301526320686714
row_039631,0.020714652996218278
row_033918,0.12882845917380822
row_040191,0.11724108448126451
row_034748,0.010876839213942469
row_019394,0.3493489698775111
row_039728,0.005938320617779255
row_048202,0.017017084192854904
row_034384,0.4660803612402076
row_041988,0.12552404592514396
row_035278,0.06617885712227037
row_038148,0.4132556088293578
row_012942,0.29049702692114315
row_023243,0.3011086216027318
row_046740,0.1798728788554027
row_005777,0.2750432663363191
row_011685,0.036049153296042545
row_037909,0.5423981515802466
row_000442,0.011361107638034882
row_003984,0.24597841226581174
row_022778,0.04724104068555336
row_034641,0.06007968389392731
row_016552,0.7898167833009996
row_030115,0.9459248268718038
row_042324,0.26746258764530495
row_014193,0.020918568738792217
row_002583,0.029743058058920933
row_003354,0.12356258057545966
row_032207,0.002095272489296244
row_008989,0.2447554148493172
row_013302,0.006534266400910935
row_037256,0.07289107877727279
row_025869,0.03662992980712536
row_015672,0.37799683555620905
row_017701,0.022487472433805476
row_001856,0.2692604821604269
row_015621,0.56829837726731
row_017905,0.6506402696316546
row_038981,0.037658895857692186
row_005407,0.21775592313370118
row_018874,0.9111774630311601
row_039477,0.5644141284972347
row_048774,0.5693172098228064
row_024447,0.3208192164829919
row_041815,0.8734838553247124
row_040759,0.008194385841696433
row_018449,0.0032139769100346578
row_034822,0.05511102400167809
row_019832,0.013118263973451555
row_043158,0.009914807851161512
row_028150,0.25612612930610734
row_007221,0.03034485429472182
row_023148,0.19839767398600533
row_010169,0.5399166233391973
row_046681,0.17665921282427063
row_042683,0.2868773705524814
row_026531,0.009482182666899921
row_038474,0.756012864362759
row_025801,0.06604163796880438
row_031476,0.7618564248746446
row_049019,0.03780642101985686
row_029055,0.009061925526700714
row_041511,0.0018390664175733879
row_023283,0.40949964980138387
row_008251,0.03318974607755867
row_023345,0.061636257092648666
row_041978,0.010141566874887292
row_035349,0.35843288059532286
row_042512,0.13782742612487905
row_030234,0.026163758481516485
row_017585,0.619509021197795
row_004246,0.009815173802197581
row_048611,0.006461497646684084
row_016071,0.214758633953239
row_002983,0.0058957228497348675
row_013459,0.016310956573687505
row_046683,0.20321500393558772
row_044430,0.006165291706344982
row_047894,0.013258378858425133
row_024408,0.00718447450186046
row_020978,0.02848730042889497
row_023610,0.8924878646688919
row_000758,0.0024611591657498
row_010824,0.00019324761535770892
row_001421,0.005119260560338034
row_049410,0.14019852722014406
row_039181,0.17002477415383088
row_002040,0.011340547146067703
row_035922,0.019278348220933727
row_002560,0.09109296643126698
row_044682,0.413957109719576
row_037465,0.6402305985107252
row_037535,0.03143442233499827
row_042130,0.016561570638972557
row_039085,0.6192412518143002
row_000256,0.32232972082772793
row_029495,0.12950361625051035
row_033907,0.2686925167423708
row_018445,0.10681841659040474
row_020868,0.09551730049902925
row_022693,0.12671057392027368
row_010226,0.02074009625204366
row_034890,0.8886384293916854
row_038785,0.2985900252101422
row_012749,0.10795273852749243
row_041568,0.09371558995442332
row_042949,0.0026461599992554314
row_045674,0.49345046170986673
row_047677,0.01617483877285261
row_037490,0.010019863634614535
row_005774,0.042476949492504606
row_045238,0.634675257632551
row_025298,0.3558388858529862
row_013679,0.951251502462883
row_037836,0.14247579169279947
row_029378,3.877768520553506e-05
row_007581,0.0878002804786417
row_043244,0.33589026615153417
row_025861,0.0003390978253363665
row_000052,0.02835157904465081
row_033259,0.03361304352175147
row_045082,0.1759505622274211
row_002883,0.05750843334415125
row_004176,0.16075622602745734
row_036927,0.30807016558008765
row_025926,0.19041942570502482
row_004632,0.9999237336069672
row_034345,0.031155370731616824
row_019345,0.013639735263628312
row_018185,0.11747169634823508
row_023546,0.04290465001952258
row_016749,0.4150983131472973
row_010489,0.08406362106495684
row_018087,0.2627557835471013
row_040052,0.04088878007058543
row_002932,0.05234998387411376
row_027130,0.38157685497399685
row_041853,0.04603192614230725
row_012495,0.0014996902596519745
row_035143,0.9853075374731303
row_022585,0.8289483870870469
row_029455,0.017136993531309316
row_022737,0.011980226381479945
row_020529,0.08141409945555014
row_006611,0.015063875230837498
row_045879,0.054273967508385285
row_006447,0.08585011162833134
row_008001,0.0024294494624355137
row_020439,0.5035143401940135
row_002071,0.16083551563356566
row_017893,0.6147646635128475
row_036936,0.014968184190564317
row_017998,0.022646186056763128
row_014250,0.6927780210356435
row_010579,0.05957985191162097
row_033126,0.020048078385767106
row_015796,0.06974010426677911
row_047503,0.8569282938953191
row_015731,0.07112305800063325
row_048213,0.16535159484091774
row_029469,0.011101892764672779
row_047498,0.03538816060831664
row_005342,0.040692302615604976
row_010974,0.09500444568868162
row_044055,0.002624498116499536
row_001905,0.01245044872587908
row_041863,0.12163128013502154
row_049731,0.7949353508550547
row_036730,0.1291144583574194
row_005335,0.48837286074877106
row_033629,0.002731353772426253
row_039391,0.5241332763086294
row_040135,0.0004474742749905086
row_040438,0.9225744458019159
row_041900,0.5097221735241646
row_007688,0.000530040169725248
row_036668,0.6083734982714777
row_008933,0.7866477753095451
row_021864,0.01992260760195569
row_007120,0.033361948163717216
row_003788,0.022505123210547904
row_032154,0.06380082083027466
row_043796,0.08466241207044099
row_009432,0.004689189267265668
row_039505,0.3782989991547285
row_006640,0.21039165550375682
row_015955,0.042687275179379695
row_031636,0.7606953280298329
row_022915,0.9520296777711701
row_014353,0.0011035248266664825
row_010734,0.05294231195559268
row_000720,0.020958403015148883
row_017275,0.018033819217061105
row_025006,0.7336867127648922
row_020961,0.0788669317038772
row_047607,0.004908620106309089
row_046929,0.046442817780287776
row_029067,0.050067696175263084
row_021393,0.018966251251470417
row_048659,0.00512404304605793
row_025757,0.09340318831190285
row_044231,0.12218394328490623
row_034446,0.012768217975751629
row_004722,0.09777590145057584
row_004864,0.02529826791610098
row_025870,0.010126347921799518
row_019393,0.8167984008289545
row_029738,0.3732709774344711
row_032249,0.018390893976148896
row_016239,0.8867645291140305
row_000854,0.09822873002851291
row_023607,0.0178131766917035
row_016095,0.768687447479471
row_048499,0.017152028750099305
row_043737,0.00803129839405643
row_034835,0.04603066045274922
row_000925,0.21044518251081484
row_037800,0.003293059764100839
row_000038,0.8698994729552736
row_007405,0.03443704717908482
row_040044,0.0060006997135044
row_027031,0.6233827081444738
row_041920,0.7348030864687549
row_034325,0.07126041385519326
row_030954,0.005269010796275166
row_021447,0.07512648805351065
row_002663,0.8978751091082061
row_043180,0.1513585621444385
row_026011,0.001969714510996142
row_047957,0.40568128104318746
row_029662,0.021459320285973915
row_020483,0.041470876922214524
row_001603,0.9714830552603646
row_039004,0.07564253158420677
row_019420,0.02728587231837458
row_016464,0.013180514795605698
row_023748,0.006818756061615996
row_027904,0.4608754675488565
row_030221,0.3398648734359552
row_011980,0.6365073742155566
row_027504,0.1558949066519828
row_046239,0.10357699020090011
row_024745,0.0588360860888094
row_026781,0.012231383775040384
row_037403,0.08474297542885777
row_020503,0.9979405152471138
row_006072,0.5897557275287347
row_013568,0.004585177251219913
row_014486,0.018873261970174086
row_024424,0.032570466912163976
row_012808,0.10545392229217777
row_035772,0.013969386134448175
row_005444,0.3399459045214362
row_046936,0.018036034287885062
row_021206,0.13088939666223137
row_033602,0.026088048133074252
row_010566,0.9753358913526758
row_000213,0.028636614857000146
row_044335,0.0943645757518232
row_039481,0.008097523551713377
row_017185,0.15998764887588912
row_004858,0.9886159849160974
row_023655,0.03251289250869135
row_009609,0.44260922439802824
row_005296,0.002096581813120549
row_034681,0.021360242494453473
row_043826,0.24270607264772628
row_036763,0.7997993127715507
row_042021,0.02842051161124239
row_010467,0.052031828572250936
row_006946,0.0018835244697988373
row_040034,0.48623819069935176
row_014107,0.11685834253379164
row_019247,0.07533165363627017
row_035715,0.9910762038862894
row_041818,0.023050242509597658
row_017759,0.0036411320070620615
row_036724,0.18776108912575037
row_006102,0.0007771998363221634
row_021942,0.0014558092735175879
row_023433,0.7164520595876972
row_028411,0.0024810643670957564
row_048915,0.028312160640194574
row_036681,0.8004876912595574
row_010761,0.23537390424460083
row_032063,0.6951768603117161
row_008698,0.04633773326728404
row_031212,0.018696090977112147
row_042427,0.7753847749256395
row_018456,0.18993402997316297
row_047941,0.05020909353860436
row_028627,0.023002816886846095
row_030420,0.023357984560463625
row_026269,0.04267897650603168
row_022338,0.4227328476161726
row_043043,0.06385858564644414
row_017628,0.8035830196181026
row_010735,0.014384250415217332
row_035444,0.04348506531858972
row_048724,0.027156519911105164
row_046211,0.08265273411596928
row_037595,0.9024239750409658
row_003588,0.028476034007767003
row_013483,0.007671519380329906
row_013849,0.017770097651133854
row_001584,0.001114381510206991
row_000950,0.8910669976829035
row_009902,0.02110974715424878
row_026118,0.23705470397602285
row_020900,0.0019992494867395794
row_008238,0.3517581954456991
row_009042,0.9879224338334278
row_045687,0.12919182396495113
row_024375,0.014176101651225351
row_031544,0.4475581130960221
row_004733,0.023641806728674945
row_046578,0.9932680116811461
row_031020,0.006998184104568333
row_036887,0.01316441098985792
row_011382,0.3071881073046351
row_046053,0.22986296480458543
row_015922,0.04410736109481059
row_049779,0.36573686450419707
row_014613,0.7655395013125735
row_026019,0.19905213302879063
row_003617,0.05007709053570971
row_001493,0.006070744608464941
row_024425,0.055136400945069663
row_005552,0.012476894682333301
row_018197,0.1318549561174644
row_016914,0.022992808804087668
row_030112,0.0020268590368097564
row_021070,0.703754394509759
row_040701,0.000975257610799679
row_020671,0.8406449007794367
row_034855,0.008370262052702596
row_027470,0.250457951097356
row_016289,0.6140016168392871
row_011070,0.016783249655858194
row_013143,0.016750034701543515
row_015087,0.04030323115398963
row_026546,0.01062127250430045
row_014335,0.17993343565864
row_045273,0.012317492702916755
row_030974,0.8436009400284059
row_027022,0.6922924566527071
row_035384,0.8117092927474161
row_038941,0.9955069213793777
row_017396,0.9994378356298744
row_020940,0.7823236936391155
row_038747,0.10831208993216454
row_043511,0.009781491576105887
row_032431,0.2184614630044723
row_009306,0.015422621230023626
row_041836,0.05792803508206049
row_041861,0.550638052612485
row_002072,0.00657449138193405
row_038436,0.13415586192941703
row_023133,0.20702387102077222
row_037626,0.5547138150759086
row_042733,0.0843575505340574
row_010925,0.18611097433829138
row_045569,0.001675293961903201
row_030425,0.0399639287630894
row_041139,0.1659487617545514
row_037634,0.005809513522875658
row_031076,0.06241933655000764
row_019009,0.013855886697287538
row_041068,0.32839439487583344
row_013655,0.9884122360383768
row_025023,0.003024735316267019
row_046705,0.0964739656508267
row_025267,0.019470973937569223
row_004985,0.07152383154001177
row_005040,0.47633502368320263
row_028061,0.07972037945772288
row_042598,0.0045643739367658195
row_029409,0.06496033816179896
row_026537,0.001861596242817015
row_027214,0.5285135812236049
row_041067,0.3190663804537816
row_026316,0.004504136759347086
row_026078,0.3773626804407572
row_043546,0.06774693629688294
row_004307,0.049448583911211694
row_005399,0.11505861155267254
row_035605,0.5438403003147082
row_019643,0.0846369907845786
row_011588,0.0005829997916773629
row_000030,0.0009217565958741116
row_027816,0.1332180755088887
row_029915,0.9208036670092563
row_018761,0.002804124803509643
row_038267,0.10525623405313816
row_013564,0.1087940524626679
row_031182,0.056370651331029496
row_004328,0.010965906198878148
row_013878,0.05594021033058079
row_047150,0.16809157499342683
row_028709,0.0016468593627183648
row_035289,0.004088489312302131
row_017897,0.010294367293680775
row_027872,0.041318126605324135
row_012381,0.7161861163344944
row_045370,0.0005143078345173825
row_040539,0.09833196051149069
row_003912,0.11899025860630899
row_002906,0.4073698593935967
row_009301,0.3864564338618186
row_028513,0.18999044867517295
row_024107,0.5604804599824736
row_014783,0.030342714399100117
row_038069,0.00027325329550286924
row_047320,0.4853896528251439
row_035527,0.9611490322334324
row_014408,0.005335124329319414
row_022405,0.5402394030587169
row_008360,0.001313787033944404
row_004991,0.019058619917536674
row_023131,0.011880480984881451
row_008478,0.012017772077465698
row_036794,0.01394687641617892
row_036110,0.613029529746659
row_046583,0.8548451329383663
row_040300,0.044315257063924876
row_045003,0.6915512623086763
row_012389,0.4535280017722821
row_005029,0.12076447650320472
row_013830,0.18632636162623922
row_004416,0.19336504016729306
row_008212,0.8300834906217739
row_042574,0.2132756541012183
row_014847,0.07223048394776155
row_036185,0.6575061139303369
row_040923,0.17081400035883212
row_027651,0.8228476045255781
row_043393,0.04144762550177618
row_000818,0.006140779483181029
row_018012,0.035614699899213384
row_048187,0.7399208003752663
row_000693,0.012882304931838557
row_045305,0.6026248609996258
row_036693,0.9387634259957908
row_003723,0.5846085254056199
row_046517,0.00023174277273410961
row_036840,0.07017160975168717
row_034529,0.6049290466585338
row_008530,0.019796807574731384
row_004556,0.0033161783700464157
row_037108,0.05579333610564387
row_041849,0.7619631265702899
row_002879,0.03361763498431467
row_012949,0.12476177599322215
row_002598,0.04290382459767337
row_042070,0.9964108484104596
row_049729,0.47085862667751943
row_031406,0.948002211742228
row_017694,0.11204723381116165
row_020147,0.5578461517905823
row_005701,0.007672090410305413
row_005244,0.05505495772723219
row_038580,0.40806979342943844
row_003939,0.0018800441544923033
row_002335,0.016210768773837324
row_040639,0.9787987028804702
row_008953,0.05308316857643095
row_041283,0.03528174088537962
row_047992,0.2949243874983088
row_005236,0.0033601432588604035
row_014537,0.0020044815933166083
row_001029,0.020421084640212108
row_036786,0.0045441160327705605
row_039676,0.09688455051729894
row_033154,0.8590171271117042
row_027692,0.0017538659180429915
row_038908,0.031013815925812187
row_027789,0.5540559670693742
row_003062,0.05542500030697784
row_027299,0.04185115593255787
row_020647,0.9996098955376058
row_006475,0.14295922953472037
row_012637,0.04008785466410214
row_035731,0.1110412690566175
row_032873,0.010587793489686631
row_047078,0.8920176616104178
row_046663,0.08427834794699803
row_038813,0.06522982307078365
row_003783,0.0023322861097555838
row_023639,0.3313634952844126
row_010606,0.5329442161401337
row_008551,0.13543562951139837
row_020642,0.008319914446849068
row_041696,0.0868250185187379
row_017648,0.07123815335064554
row_023761,0.003296439007971782
row_032681,0.6297162812796072
row_009186,0.9380193435647437
row_006214,0.004026307512965791
row_027972,0.15325672407745752
row_014378,0.025920191123934268
row_043852,0.05032059567884981
row_022882,0.010905436748192476
row_037134,0.16945559751989034
row_026144,0.06047028429105319
row_001400,0.001223363549266095
row_031275,0.4459548741290544
row_007812,0.7104583430573161
row_045720,0.013231323189205373
row_034794,0.004508836674592623
row_040659,0.2899078181411075
row_021034,0.01232307276267958
row_011755,0.044727309343728684
row_044395,0.0003351649482207471
row_006972,0.176095752002697
row_006991,0.4843456984415562
row_046179,0.7224715014834715
row_032391,0.014678119664460301
row_022083,0.01655621485857837
row_010298,0.14427054729992103
row_006905,0.20354834696991744
row_003116,0.059721028725687096
row_031049,0.052914679669534816
row_000368,0.006050874665327331
row_014702,0.011972927738617896
row_004984,0.007793764941115319
row_029224,0.0012228968124172546
row_039278,0.01651223122368648
row_002152,0.13947978068013692
row_034190,0.07045074844969923
row_020093,0.5952570645305135
row_002099,0.2026460955098388
row_041307,0.011867275179081488
row_010441,0.1528229867307024
row_020430,0.015127878880192052
row_041891,0.021314189342362466
row_043667,0.24430147932390978
row_046692,0.036884990707150137
row_033226,0.013592578165077897
row_021962,0.5563350374755113
row_036354,0.002586675233295902
row_007805,0.18114830853388952
row_023056,0.05645566824068795
row_016495,0.0268882397912142
row_000310,0.005431247030715701
row_048150,0.07398548682731462
row_005659,0.0072210721864590915
row_023086,0.00020966015588638634
row_028588,0.8966828307621056
row_043954,0.007310840197875142
row_031718,0.12725395234155665
row_020827,0.0031733317553472597
row_044930,0.06438049152607236
row_012798,0.05113608694148837
row_030023,0.096870026828135
row_026855,0.6235039121741612
row_038027,0.7232328359727457
row_022744,0.0058175798658283056
row_022992,0.013653110962799574
row_046807,0.0018257269059282744
row_047421,0.2363257664652519
row_043693,0.025066498513028994
row_042630,0.002778750441245766
row_002838,0.004635980822709275
row_005893,0.45452662022998647
row_010410,0.11163621316172011
row_031149,0.4080017549162778
row_009289,0.6006298773871701
row_014562,0.6184405272146826
row_003582,0.051261750509610245
row_002921,0.2747160710400212
row_018155,0.001040047749852011
row_025470,0.4841788840064045
row_040339,0.8137668085841177
row_028801,0.005995011066223648
row_014675,0.004222285232362277
row_040327,0.009940247909625274
row_002381,0.9969959007752456
row_037784,0.0028541371917140766
row_025432,0.2914310028407027
row_017523,0.21812001369457926
row_016996,0.022648947549329165
row_012241,0.016000279537139298
row_006912,0.1488659431269295
row_042042,0.33835683002392836
row_035264,0.012534430745203832
row_040509,0.0007325568374476514
row_027575,0.6485077868905587
row_026312,0.03974561210428175
row_011304,0.09099305946789998
row_027129,0.2497489577524285
row_001878,0.5700945784276211
row_008549,0.7675132473688628
row_032314,0.028816490354056347
row_004735,0.8806159907583077
row_014013,0.010893511426857209
row_004350,0.10230881252254118
row_039356,0.029876004885717015
row_040319,0.0031893644005426525
row_002306,0.9107085054025861
row_049876,0.6699880296668415
row_040030,0.07469250159904418
row_044142,0.04210107063651756
row_015328,0.008637757317517413
row_006015,0.9900100880726951
row_011415,0.0017428458380299983
row_014395,0.036202401175843245
row_010436,0.0017523740309638067
row_026273,0.0020847234818592427
row_013187,0.018982821587528776
row_022692,0.0202128011601904
row_010474,0.017934897389002925
row_009354,0.011820239641761073
row_021284,0.01714213181908922
row_017732,0.04032854869030046
row_045552,0.07723087138622127
row_023142,0.35581506750164116
row_015020,0.03442481213079713
row_039050,0.3679006639876884
row_020028,0.2909225496913767
row_014394,0.0012365571622243276
row_008232,0.0006702790164793596
row_012654,0.10543252176244572
row_034462,0.07240833336873057
row_020502,0.01029391148692743
row_005109,0.06327033579819992
row_015149,0.031171293179722396
row_000641,0.002528574741704027
row_017144,0.04677435807055699
row_047413,0.26255499112020003
row_023055,0.01852961146085758
row_025236,0.04249241702393582
row_036363,0.018915342547735026
row_047944,0.01806360962896955
row_028309,0.7883031263267407
row_015079,0.3070567544795534
row_009296,0.0664319588589769
row_030550,0.032706470248506626
row_010387,0.003782273336732355
row_045543,0.9998594370848054
row_029527,0.040235664515313206
row_037521,0.615939187979573
row_046114,0.020454610982577608
row_044551,0.02504769912077141
row_010510,0.03298634745797196
row_044446,0.050492196542140676
row_016364,0.012384060269407533
row_036805,0.00258629214577817
row_017745,0.1875841315101385
row_007659,0.06131270478947319
row_020099,0.07020657372848127
row_035873,0.005556149860543599
row_048584,0.16356801600831716
row_041826,0.4547867189695199
row_046236,0.006809692944564329
row_010941,0.25806308443654835
row_047030,0.1790854358902098
row_017854,0.09652485591244814
row_034124,0.1543848791306707
row_029403,0.001891243633248161
row_006951,0.010605393885521466
row_038395,0.7045585470560134
row_021953,0.039667668365519146
row_030297,0.016436092613313157
row_042999,0.016123721989616153
row_027583,0.28121201203604584
row_029557,0.01587463957481092
row_001802,0.021522330702134364
row_035693,0.4070307298823663
row_031430,0.07840212063586638
row_021838,0.028378010006113764
row_001918,0.09336502805418291
row_011316,0.7301014901365788
row_004470,0.13578741501655203
row_024306,0.20507931464926463
row_034756,0.004315937400149756
row_045105,0.6249613345685312
row_044970,0.015436775769871666
row_000072,0.008883101858205709
row_018579,0.06328543810029279
row_041622,0.08299345953829924
row_048903,0.2036576359690735
row_039255,0.6643458367767625
row_008316,0.005017741317954814
row_036328,0.44673031493018334
row_020781,0.9552718324577593
row_009248,0.09068125973677403
row_035568,0.0919693718622977
row_016584,0.6369178239872476
row_008323,0.10707850868164534
row_008906,0.4003020161876676
row_001215,0.295629759470027
row_040470,0.0018394190193094706
row_019742,0.05947253857755277
row_020013,0.020455265643399688
row_006801,0.5933123301885496
row_004201,0.14135871464665498
row_021956,0.008325274474029526
row_030099,0.22351880637873614
row_006328,0.16888081288826737
row_016968,0.016377563891404885
row_012525,0.03451696555350906
row_001130,0.939040594098923
row_046896,0.0002932279716470618
row_023208,0.24133403768493503
row_025336,0.10179808279041248
row_001876,0.0761414027908386
row_043400,0.6300649694288087
row_026085,0.0009710665134633283
row_038816,0.6888059020076956
row_045061,0.6449740909699628
row_041958,0.05241958884162111
row_011662,0.008199632789793857
row_047441,0.004827904694062364
row_049045,0.0020531325821768996
row_037269,0.04729706344234368
row_038613,0.0035163534718875215
row_048505,0.7947299839320447
row_029843,0.09961322805881744
row_003144,0.0770883847203774
row_030657,0.7982808588666325
row_013432,0.2608230912454986
row_047278,0.471023710092555
row_013044,0.03307641068035962
row_046186,0.04064200372888619
row_009546,0.4955088391814822
row_012170,0.9992985864818476
row_027986,0.1328488222882921
row_001207,0.17740889867145956
row_017577,0.09538422657895014
row_000855,0.1399543173751738
row_013570,0.5093845959567346
row_047901,0.13714578229316352
row_025228,0.005062996422800857
row_020287,0.005828674590417836
row_021563,0.9410059075240668
row_038964,0.1373692621748812
row_002347,0.10168157311221922
row_042089,0.021546590318071476
row_011748,0.20509040294722378
row_004927,0.15466390079165468
row_010323,0.2522950459377418
row_010635,0.014891745858328512
row_008674,0.029627290441351525
row_032538,0.07813621543846276
row_039980,0.013033660992922488
row_042071,0.0002346888809049796
row_032410,0.21698909471535455
row_017089,0.6891423549144957
row_024320,0.248731627128909
row_044949,0.023080713577129267
row_016321,0.3491459128588406
row_047350,0.028127924656176428
row_019624,0.3127974627887597
row_025083,0.8871072113729779
row_047203,0.7878243595919735
row_015069,0.08683816069965324
row_043681,0.06555652491725471
row_033183,0.9890401069617154
row_013093,0.8755890789581544
row_040812,0.25485105904979755
row_015666,0.7450068945871263
row_012534,0.1466054553918582
row_000826,0.005998914129188043
row_034492,0.8000842491138587
row_018096,0.48632872149643014
row_036854,0.7872199926450755
row_014303,0.25654929562514617
row_006196,0.9279648845031603
row_002849,0.0008362361056407659
row_027430,0.26002275652247436
row_036780,0.7832737500040196
row_002654,0.0014068723293624284
row_006847,0.15159500740483475
row_038774,0.002225949047490924
row_041165,0.5288922763899013
row_039945,0.004319969487713656
row_015626,0.21772551294877915
row_015275,0.09782767591989801
row_020920,0.5391976029683936
row_018114,0.620749187577178
row_024118,0.6367475812244605
row_025324,0.021060263841465896
row_039192,0.002058417565021506
row_016664,0.018473710303561108
row_035604,0.05677752875667214
row_023816,0.06156157724902618
row_032601,0.9612556364539517
row_002351,0.006807560405116184
row_035498,0.08151515393199994
row_012738,0.20743850092090557
row_029894,0.014536340409897026
row_024596,0.6671208215374974
row_042883,0.4160489954896603
row_048921,0.6619337492193047
row_023418,0.06064645939025791
row_039360,0.5138259911260988
row_031889,0.13337974472463107
row_016343,0.029945509386516828
row_048439,0.0015908254135743817
row_032734,0.1614491116567036
row_036133,0.1309870534865738
row_026893,0.039895913977140075
row_034906,0.987291987465228
row_049263,0.8999559892513456
row_000304,0.11333171392423823
row_039275,0.9862981990589251
row_035797,0.08745049307116398
row_014547,0.3239555607502308
row_045984,0.6522185652721024
row_000978,0.9478454124233521
row_018988,0.2631206562265249
row_034396,0.9689637399514263
row_029643,0.024272159962075816
row_031129,0.776537917064249
row_023682,0.0184731141360056
row_032701,0.04732291245910721
row_006548,0.02522089209834229
row_006517,0.9475733130694619
row_031805,0.6895975690425207
row_042881,0.03845424486145236
row_021767,0.025928779553164635
row_029126,0.03204884519392317
row_018760,0.003979207082402696
row_035738,0.7254995812905128
row_013023,0.4339977538554193
row_016542,0.23461359171266397
row_007081,0.9998541744254741
row_003572,0.06256908729701748
row_006226,0.12187775226007463
row_025505,0.36388798640855585
row_017086,0.10489372975428263
row_022549,0.09133007074637921
row_006448,0.14913472503374878
row_017082,0.00801150392198131
row_022079,0.4167230340438944
row_044556,0.038284846205564015
row_016730,0.05286451533273022
row_035814,0.012815622278135892
row_035846,0.11456235100268443
row_000112,0.34053413280733436
row_004622,0.011583933322747205
row_032799,0.8412918280582652
row_027217,0.9498131929239277
row_042907,0.017214883728358527
row_027901,0.032282496969923864
row_033810,0.16662264081543615
row_009469,0.08401099035003672
row_047185,0.15352728721882902
row_024004,0.18098684301598594
row_049927,0.2638641139960689
row_010438,0.1283242405388054
row_049920,0.4650039267211862
row_001500,0.11877020583856622
row_014424,0.9840088571253963
row_032945,0.00932719078274168
row_048313,0.13494823538627732
row_017753,0.7651290661965356
row_013992,0.029085204444861474
row_009461,0.003509515027544588
row_014008,0.019808935797856662
row_036094,0.23714156007336054
row_025547,0.07008566892238614
row_001823,0.07559893084630677
row_020485,0.12719553400146127
row_033423,0.06840829403907568
row_014468,0.06910880338236146
row_043125,0.7074669087294605
row_032296,0.968185502689682
row_002580,0.294114018528037
row_004309,0.11591056805431715
row_044677,0.0034971947779600786
row_049108,0.027045592047864202
row_043928,0.034880147344699325
row_016747,0.25548619799789163
row_025512,0.00045136133209403294
row_041188,0.04286386571745893
row_025147,0.050023102839024204
row_006789,0.9151233458753364
row_016241,0.018914822355223977
row_001632,0.01348515654932802
row_013073,0.2805437148052272
row_034731,0.13890400209850054
row_032299,0.0019597399388003355
row_049066,0.006260968424641538
row_013717,0.19251638720475578
row_027561,0.004520764419844294
row_014156,0.0278073682389252
row_025350,0.06590733999703818
row_035074,0.7458127341218812
row_034898,0.013112115146535444
row_031712,0.7024640839885513
row_025249,0.006121773532119657
row_024167,0.00648323870223265
row_004441,0.10296461275819846
row_034262,0.009163542885800999
row_007239,0.013594085570503959
row_029726,0.025262658142938144
row_039753,0.17016227551724677
row_001059,0.11992485552001346
row_035593,0.48508053099145065
row_044977,0.06634991463831598
row_034105,0.9162438918131529
row_019423,0.07303881469399216
row_011114,0.5237075615923595
row_017973,0.038920080308279356
row_041394,0.008747288762193769
row_001136,0.07475660975303568
row_037903,0.00892916612164696
row_019817,0.030731799218838785
row_017062,0.004043662111140771
row_014306,0.7995801857054589
row_045461,0.36437610254921593
row_038450,0.5315390473005936
row_045141,0.3244566530632714
row_019437,0.11503120095638698
row_000110,0.9319109193096534
row_010382,0.26962413661230183
row_022332,0.9909503760807912
row_039809,0.24446447166832203
row_040761,0.18658049070977398
row_017950,0.25719138622214943
row_029288,0.08012537496027537
row_021597,0.10458039328319489
row_024710,0.007367827127668385
row_002166,0.10114586278311184
row_029429,0.014284631266887926
row_042944,0.04408043095744283
row_031514,0.0010229786468096303
row_032120,0.37288905226711966
row_039196,0.333055082773891
row_045279,0.7515217856455358
row_017169,0.1725050304767465
row_016750,0.674221850830693
row_015816,0.09288428665659275
row_049622,0.005741015818405425
row_012562,0.991770483673677
row_001967,0.9632903053811865
row_024605,0.09391370727238722
row_013178,0.02152893159017023
row_040089,0.29317238021682435
row_002461,0.12405456949638959
row_045474,0.009276053502982459
row_047204,0.11679537000234654
row_020446,0.012854061026980931
row_041185,0.09720658068777181
row_042196,0.9233995829025724
row_000354,0.06674814547411186
row_044584,0.509121152116151
row_039776,0.04344532148434163
row_030423,0.28700135894224005
row_029119,0.008290546382248364
row_025597,0.4639662921131584
row_027062,0.0009589213930524794
row_047516,0.02131541492044798
row_042906,0.1311950900867415
row_024813,0.4022817667829971
row_032247,0.10748633284421631
row_014820,0.012042516644436464
row_019235,0.48151667016717953
row_031185,0.33455612166141624
row_000856,0.40967578451160125
row_005645,0.9993026028280986
row_042095,0.9383834939937984
row_028611,0.4942260326100716
row_008310,0.06159824452202588
row_026130,0.007199238044607559
row_041220,0.02437617840075585
row_041377,0.13341094784045043
row_002329,0.1763925775934972
row_023474,0.0005608636650417347
row_015105,0.25427526331160427
row_044814,0.044851707518543525
row_015411,0.05325139898606499
row_046405,0.12199802569858358
row_038367,0.009908413974699506
row_034304,0.10798425851844337
row_011757,0.20697327609619856
row_028277,0.6013453189879734
row_022472,0.021499504751133016
row_030229,0.04394237757619234
row_035932,0.917454884127184
row_043184,0.0708642744629404
row_046112,0.2982157826496488
row_002586,0.10387901262588282
row_040440,0.002257988221262785
row_046312,0.8393831118188123
row_032433,0.023549317016816118
row_025962,0.01463707739896059
row_045878,0.22140031153104353
row_045027,0.5034200058412158
row_035404,0.007784789821388392
row_029949,0.04394509366547251
row_027760,0.18922036012136842
row_023016,0.005138703973062274
row_012190,0.002741117478541965
row_034825,0.34526396974614
row_033007,0.6991651236555899
row_040019,0.11970347164434009
row_049243,0.0062360182929016225
row_023591,0.5147456171854997
row_000344,0.013349820339316587
row_027057,0.6668170477855718
row_011383,0.0004246459003596951
row_030220,0.24532369857393962
row_033553,0.031977297468110726
row_026817,0.011759661770693083
row_035300,0.10162925742761326
row_008826,0.9072981372327913
row_033955,0.004060628295053617
row_035783,0.006782254838129749
row_021215,0.4986548797742894
row_025952,0.06723241648117093
row_043864,0.918269035022184
row_043403,0.29835024626715845
row_004191,0.6002218900309618
row_010000,0.38207437540370676
row_041009,0.1452296079256092
row_005668,0.010141882734341863
row_007340,0.06850801609975007
row_017850,0.17822825228219044
row_001213,0.1720280796052321
row_035773,0.03150704415212036
row_022804,0.03875396696523716
row_033004,0.9988460782313469
row_009611,0.0028012053814957284
row_029295,0.0012480153181754924
row_008368,0.006877638268207512
row_018436,0.1455651461692882
row_012226,0.2103245966831873
row_008992,0.01752082269649878
row_000203,0.2132815655530817
row_007041,0.0649522004839966
row_022151,0.05986119388876726
row_034718,0.4453398685505644
row_032032,0.029828238990031015
row_021186,0.01444213446174562
row_000410,0.9405809352462888
row_042752,0.996766799696755
row_013531,0.48083443420085276
row_022282,0.021069642355111003
row_023370,0.05275055835300506
row_045383,0.2698156203208986
row_006883,0.018592952644231563
row_009173,0.04084711264014467
row_023186,0.9784236266259965
row_020330,0.13163368000970593
row_034972,0.23845168943795983
row_012186,0.007364238914778793
row_004594,0.5536775790180404
row_006855,0.12993625290663377
row_011635,0.018776406825941245
row_027853,0.01543055207315433
row_036624,0.09515394843617303
row_037734,0.004708479881398789
row_032718,0.27318652837316565
row_003219,0.0797580744368554
row_034317,0.06838528370337126
row_007290,0.0006817215875694313
row_040606,0.1371284179714108
row_007753,0.007652935927797719
row_005438,0.8325075454488785
row_006609,0.0014056178079416694
row_026059,0.0949199941652398
row_032977,0.022346511675514692
row_033292,0.35963100442825974
row_004087,0.04249620650085742
row_033399,0.07477391829957387
row_007601,0.1504349560311693
row_033816,0.0027698580596181056
row_031239,0.0068190669767122245
row_037582,0.0006307088593125392
row_017289,0.8779891183204802
row_046402,0.000603843381425621
row_003705,0.0219411100018558
row_029304,0.061080475121264834
row_038699,0.05859848812285529
row_043371,0.48955717681320077
row_017524,0.4229836102501316
row_012716,0.01981410136626023
row_010264,0.01774772725613536
row_009192,0.02582070486809351
row_000550,0.05741051283479131
row_048200,0.1183201185611637
row_010111,0.891271175452267
row_047586,0.05687877963634718
row_044675,0.06734288718708428
row_007142,0.006973097254227615
row_023046,0.01564070940143756
row_011125,0.049124299383984854
row_025328,0.40236483230069237
row_009569,0.42368481915239764
row_044305,0.5913007344785751
row_017072,0.9941167545667762
row_006137,0.0415845397639366
row_001192,0.09639690170589318
row_041270,0.1832629971577748
row_044696,0.13090302056267306
row_023381,0.2224677541041372
row_021062,0.6666513986524802
row_048314,0.025380292386298468
row_005942,0.11775112364400475
row_006704,0.13556200407875948
row_019928,0.33820331663651354
row_000436,0.10300884286648049
row_005780,0.5975567227157561
row_007286,0.05525639316461004
row_008830,0.10552051677330035
row_030655,0.40578162987187716
row_048266,0.43305164688309056
row_048930,0.01762084519599272
row_047120,0.06693005830334979
row_037984,0.07295518872810679
row_019888,0.005529738517648394
row_004031,0.12722611085195043
row_049999,0.9578767254916021
row_001973,0.5574316067698071
row_017030,0.005577259926707225
row_017220,0.13598810908591225
row_035266,0.507720613690955
row_048257,0.9271019102848286
row_038444,0.06970604219641671
row_017374,0.2980607430283615
row_016465,0.19611595842388768
row_049832,0.09029378016953812
row_021499,0.3271056963843232
row_031314,0.11244135107910075
row_027722,0.13571145109709928
row_007310,0.041989153889726634
row_030260,0.06841391327295344
row_038914,0.43881896629859535
row_044989,0.0395607113575654
row_000471,0.06645930675748925
row_007923,0.007136901529019461
row_030073,0.05203395295087104
row_041449,0.3007612979810325
row_014461,0.10563443550205498
row_047561,0.09542685436724341
row_030820,0.18268373847675798
row_035446,0.2446572794853698
row_022943,0.09032307562202609
row_028700,0.29184808391733247
row_030060,0.21434556880718098
row_020310,0.0836645721234308
row_038482,0.45153401335152177
row_005484,0.042885026015518635
row_047846,0.5552286217574375
row_013894,0.3724103440757067
row_012473,0.0014589774622271064
row_012796,0.18611443963077748
row_024483,0.553298499759922
row_002741,0.00532053218178653
row_018934,0.0947825344832898
row_017660,0.8894655923352794
row_041931,0.24842157105113938
row_034816,0.14768956185176763
row_047734,0.00817773736768179
row_030091,0.024062613306527026
row_009308,0.10710165513761759
row_045484,0.00812844147486287
row_027198,0.0057657258598835075
row_025792,0.012181267311255914
row_032506,0.3289102386951113
row_040973,0.05297745073246858
row_040360,0.1149154607829163
row_004582,0.9282526957721217
row_041436,0.7244939479497955
row_013341,0.07549232167901192
row_000760,0.07400909431702675
row_002697,0.8017218223687805
row_030465,0.8298360772468308
row_021860,0.010593527719882
row_039792,0.11022708422047532
row_047893,0.8685164525430391
row_039487,0.11327040030251409
row_019703,0.05480690004816441
row_021682,0.021572133907131016
row_033421,0.0033512244299630876
row_018933,0.04947352771412876
row_043885,0.0016011685469235156
row_005068,0.0521833886906025
row_033641,0.006092137080872327
row_048587,0.07023858534516254
row_030185,0.13677439302462432
row_031992,0.1125419047457425
row_002388,0.0880968465472201
row_049609,0.1169514709243711
row_011237,0.7843508695377508
row_032725,0.7720380676568166
row_013218,0.4929952071431357
row_020512,0.250128598477754
row_038925,0.38110573448609175
row_008808,0.04777696016069124
row_016053,0.0012982014014834193
row_027637,0.0015111084355820383
row_010696,0.08864819880619978
row_044624,0.0038196388163301604
row_001179,0.05093453431020111
row_029104,0.0070942146328911975
row_006983,0.9821589946804834
row_013802,0.05277203368900873
row_035272,0.058892446608602614
row_043205,0.049808032145972334
row_044548,0.9590801760828002
row_005650,0.32173564252857806
row_011199,0.01796044493580261
row_012586,0.892813858395058
row_027880,0.00044652392099326147
row_042984,0.10284653420668642
row_013191,0.013483044579423262
row_007648,0.08683761482604568
row_020731,0.3389441830330787
row_021445,0.1060900729086865
row_008135,0.28288755529883175
row_026276,0.5400211879723759
row_037508,0.0255552644372278
row_033467,0.11734510566330127
row_020070,0.0018798256063555926
row_025396,0.019112157936883145
row_023827,0.19051346226631988
row_046939,0.7254557770786413
row_006335,0.004980402992931854
row_039416,0.26452081017629886
row_036036,0.004332778388831449
row_001844,0.004510457748922911
row_032301,0.009081150167715765
row_025930,0.0545191339664742
row_002468,0.5709340332451508
row_042877,0.08276693100898928
row_011647,0.052422493563217015
row_004252,0.9477345402465902
row_035724,0.28305130040749454
row_009348,0.009960760914802611
row_028283,0.0709508000763867
row_022740,0.2771504434217641
row_031951,0.19183017835791033
row_046561,0.11696208671900915
row_019844,0.10241717779772253
row_020522,0.06432758340880368
row_029618,0.005681201964174167
row_037482,0.22055081844934613
row_033181,0.05923717371050884
row_031251,0.061782128528076845
row_039790,0.4836487649816051
row_009285,0.42791420190177465
row_003542,0.6124436139297528
row_016547,0.007876101761612011
row_005334,0.9741813980296331
row_027815,0.9689072732105608
row_010742,0.0116662481312661
row_000417,0.0481315977193965
row_038305,0.0020459613512491008
row_029114,0.017442425681345627
row_012677,0.2378820787339947
row_035283,0.08647253067293681
row_001440,0.0006261053243322119
row_043407,0.15613488234947967
row_047580,0.0004432954334631863
row_024090,0.3166269983195673
row_021131,0.8806151391284129
row_003286,0.08616075372084485
row_017979,0.47593166184204166
row_045122,0.02302267076577356
row_028869,0.00666694241452104
row_044580,0.0023088941627857997
row_007354,0.23739419294243636
row_026409,0.23681276260129405
row_044326,0.0002672153986061729
row_039094,0.03868060497380093
row_004360,0.1555720420787758
row_021653,0.00501511525118699
row_043823,0.9996501050589464
row_042857,0.6508145784538113
row_010699,0.00993025137311866
row_003734,0.02160206389997059
row_011777,0.06557506537131105
row_005858,0.000771592257849342
row_033566,0.8200075783996037
row_028904,0.5281303951541966
row_026844,0.04859206211813619
row_000491,0.005307993238986339
row_022505,0.03821606002756743
row_005035,0.3753115179708253
row_025585,0.008227222241072193
row_030555,0.8129855227160319
row_002232,0.07767807567621124
row_046946,0.19622615741132116
row_009635,0.06974991801449598
row_027713,0.9922258510799302
row_013880,0.02269300588450097
row_011997,0.15765670908456247
row_007016,0.011048269241093308
row_017842,0.009850284589571993
row_027999,0.0393193010841086
row_019952,0.9569989620727988
row_022354,0.007425609182646804
row_013098,0.405322948941256
row_021852,0.015847122364768935
row_009867,0.9261254950919684
row_043631,0.866613701319789
row_014499,0.0011110692298581717
row_045228,0.05712652548311165
row_021803,0.014338127833207997
row_039430,0.021865902535586408
row_038303,0.016813889992463086
row_004634,0.055352674206537285
row_000010,0.9645402037829925
row_017124,0.12028433117869211
row_019349,0.9757740037289284
row_007225,0.966555087328717
row_031067,0.3954207723443579
row_013567,0.17403488094822736
row_009061,0.2362379745913626
row_021639,0.07657276231405989
row_038497,0.02406224443025224
row_025696,0.6754724792676353
row_025159,0.19549427358707874
row_021946,0.9845734196721035
row_035285,0.18078192564773082
row_043104,0.0003674292202389274
row_031159,0.03073091992358495
row_021456,0.00919596507566734
row_016609,0.0007818135778073979
row_024712,0.20828041471575218
row_021435,0.02783344877501749
row_040273,0.0720271438450889
row_041616,0.00143061508373707
row_022461,0.9480490001581503
row_032903,0.05858380811499749
row_000023,0.0015500112636188683
row_012388,0.05541838184630368
row_012138,0.9995654873165722
row_021644,0.8354137883566785
row_033041,0.6401534873279752
row_018074,0.10344272467757071
row_014690,0.061411809355011324
row_030283,0.0017651307286596111
row_013492,0.9942878885204554
row_044707,0.004816148057374829
row_041385,0.04766229411314635
row_029341,0.4239004502369823
row_014444,0.024619435259333078
row_046500,0.5043229673702979
row_032527,0.0039455668939520116
row_040620,0.7748000838927449
row_010377,0.8514840056573074
row_037985,0.05655991475700477
row_021453,0.6851351740066854
row_028310,0.014292278314882561
row_027059,0.9612597691313771
row_041059,0.01673167280609578
row_023755,0.13788544213629794
row_004762,0.14856803093661608
row_019789,0.13252721934723524
row_006260,0.0025243780837851918
row_011094,0.023368978683965504
row_023770,0.5240459093597635
row_048859,0.8225417168401842
row_020360,0.1829219798623716
row_017920,0.9704505891749892
row_023745,0.022146671379459325
row_026417,0.02371319343515602
row_041991,0.27378952987143146
row_007107,0.30608122856797115
row_049628,0.18901951885867888
row_014557,0.3321007438753515
row_048107,0.13339648680136962
row_037018,0.013722919963727634
row_037785,0.9697020743772016
row_017948,0.43441009476370596
row_032378,0.012207186856093273
row_044243,0.0074138729221313
row_003385,0.006889073310596066
row_002870,0.0017555368207261754
row_048325,0.0298049717967529
row_032570,0.38104130333862796
row_041451,0.6462063703194705
row_001326,0.03940665982088443
row_040653,0.04371695914068614
row_039853,0.023467036487392307
row_014252,0.028613298892196146
row_045826,0.004694057523190776
row_030340,0.4505432482776136
row_014337,0.0960656555492843
row_010771,0.013828879442524011
row_043422,0.0004871165269763969
row_033191,0.13717698086335664
row_023288,0.01240467918092792
row_004444,0.009493497060596361
row_028988,0.2746441302035098
row_037243,0.49972036405098724
row_004474,0.08613560272312448
row_013406,0.2585167699304837
row_042485,0.4726298602751553
row_007329,0.22430962669613697
row_005621,0.007600399211270841
row_030725,0.014446840225603393
row_031991,0.41484937382085885
row_020690,0.7673664833591287
row_049953,0.9946694261309117
row_017305,0.007053002714151125
row_048506,0.18573782366307132
row_034524,0.718397897129903
row_021211,0.27939508619925413
row_030771,0.3837049468647891
row_034137,0.005472104769306797
row_003871,0.005286061323656605
row_005138,0.804573269705617
row_041641,0.006700580115536348
row_018057,0.2778675109130367
row_039628,0.03800884528391862
row_038764,0.3514965037366094
row_021086,0.30242957185756275
row_022029,0.39366799177905204
row_018490,0.14555588928399027
row_044423,0.001772420270665171
row_026641,0.1241291396656997
row_001364,0.01640309960655788
row_031369,0.6355767921786565
row_038722,0.9420450075285172
row_003573,0.07799372191376114
row_020537,0.027067705004611926
row_012898,0.2329074050547934
row_005375,0.12091772558392126
row_035758,0.05988979843743414
row_015575,0.04303899471432815
row_031913,0.00765963904510343
row_004349,0.3257934311698091
row_035951,0.00692755643815425
row_043647,0.3146086522663063
row_012604,0.14049895638114704
row_002608,0.18050534202497065
row_019665,0.00510973581512697
row_033443,0.02622380946571936
row_023272,0.9788485912150633
row_033513,0.043644270227304195
row_004458,0.21845678911611668
row_030759,0.002394750931877737
row_023449,0.6986682756387442
row_034697,0.12045571767655996
row_037877,0.06637539922709226
row_025498,0.006138460543933233
row_017693,0.021776039990786623
row_023402,0.03259094986720503
row_026387,0.27663973798921226
row_023382,0.03026298441204163
row_035898,0.13623524049107585
row_046883,0.0030500300149318028
row_015370,0.9384801742429013
row_002074,0.017550064306942215
row_029779,0.4450774665195116
row_003259,0.4379120667264343
row_021608,0.0470648223564825
row_026529,0.2571500620196135
row_007439,0.012744718808579818
row_023766,0.7188859329211361
row_032983,0.0419196447933092
row_037119,0.6206487980535452
row_010559,0.00024103845318704554
row_006977,0.1733248310708708
row_000715,0.2588860263466726
row_033557,0.043186781897308034
row_033317,0.1170036141277547
row_036723,0.09201933464862941
row_010642,0.7426932747969449
row_043327,0.05034422190695179
row_048082,0.9749136176429071
row_032086,0.07307249490248009
row_048399,0.0012636896962957365
row_034250,0.025512604153763177
row_030300,0.11297848810402042
row_016876,0.08262687346092608
row_023732,0.010707970465462093
row_022043,0.001794881389589477
row_008727,0.3601786366044891
row_012537,0.021058010423706253
row_005666,0.008756686694164831
row_042871,0.10631232042554604
row_030127,0.952760337852445
row_011138,0.05435454256180081
row_025384,0.016040737274105227
row_016428,0.00536887447603879
row_036703,0.5061758554222835
row_048355,0.017096156662369782
row_046066,0.18054113146459977
row_020872,0.3514615838987372
row_017567,0.08019440734667009
row_002970,0.0031928670041574867
row_029669,0.9626742794742996
row_031981,0.0012680753812982358
row_020263,0.0015798720528026663
row_039289,0.004792796516062257
row_010868,0.232835245731026
row_037685,0.008752393666560736
row_017937,0.35337947268361564
row_042888,0.06578160137390955
row_033076,0.03357835425889471
row_020816,0.10502622317566719
row_049058,0.11794845769147856
row_009593,0.2147386033461358
row_025156,0.5074057773137093
row_036089,0.6792708887159138
row_013956,0.2938341341957666
row_037346,0.022794030398172203
row_035820,0.09311263291200937
row_047732,0.9196333291349391
row_019959,0.0763127142588181
row_022789,0.5586599396930878
row_011353,0.02831024310411037
row_019850,0.017773592601106388
row_016163,0.011845604724917622
row_046202,0.011081559629222297
row_009739,0.05801791385702547
row_001897,0.036277020575521256
row_032959,0.00913939916847276
row_016893,0.03136790550898784
row_047114,0.7377908249567681
row_031796,0.4709218148061421
row_027208,0.9690464956063991
row_010127,0.014654711717434762
row_023069,0.9935672946539554
row_027551,0.12268340892386136
row_009825,0.33467649320030857
row_026519,0.1616552317570712
row_024246,0.697681278204115
row_039046,0.7998886533958294
row_043162,0.02453040563359165
row_037559,0.012892901478053699
row_021519,0.0025912359994918035
row_024439,0.42414692694407014
row_018470,0.9981754119388462
row_014693,0.29696789480201824
row_007338,0.026433105637840872
row_015752,0.05390258370243655
row_026935,0.19536241589675574
row_023462,0.014044690110123988
row_016950,0.05031951543937592
row_042261,0.7363838204928235
row_041016,0.010634385058431587
row_009753,0.000558036750743079
row_001216,0.9992222749140525
row_011938,0.4298502201498631
row_049957,0.06439045032260458
row_020242,0.02355116269655295
row_030590,0.07436956379374156
row_004998,0.002275830051309495
row_023647,0.018796499309640207
row_027545,0.01522783349056046
row_029887,0.03246278291570451
row_027164,0.11928274873956579
row_017051,0.03358840927838043
row_012224,0.09561035741165566
row_039758,0.487459156599025
row_037806,0.0003422815729042737
row_016423,0.03415933630475827
row_033369,0.14195721315113827
row_012666,0.05478265013586197
row_001611,0.11682312874301767
row_028336,0.06945619432559204
row_020197,0.053020083018296554
row_031814,0.6602319857290948
row_022641,0.4065549632609375
row_011311,0.024161217753576297
row_010993,0.025381972958946813
row_027166,0.7357678154994575
row_046922,0.2683561202835728
row_012707,0.4562108523877939
row_039497,0.1282824599690659
row_048580,0.47024443864794807
row_016702,0.03822608706084361
row_021132,0.22767056779846903
row_047207,0.40965677650275084
row_034631,0.4194920423376245
row_040384,0.3814359385362717
row_007526,0.008832271900420425
row_001828,0.008754207982528541
row_027114,0.004402140291844484
row_027265,0.636518302855805
row_041986,0.3109773798231345
row_027406,0.009575409084112882
row_046007,0.01127059042570618
row_049516,0.044209928481555236
row_001197,0.19956401334956475
row_013361,0.08265699211591801
row_021714,0.05087014433746857
row_040719,0.07016923782355439
row_011149,0.05125072006534202
row_026363,0.3852910671349833
row_043251,0.05943206748203641
row_026293,0.00086077059036374
row_045948,0.015635334311971495
row_010276,0.003484245396443603
row_019834,0.01612161852320241
row_026110,0.0026233851554487834
row_030006,0.39514556818799396
row_037125,0.7449907964668719
row_006891,5.0063574510872433e-05
row_040747,0.10166125674113896
row_031019,0.0003166349437731331
row_010847,0.011085965907341924
row_042873,0.17235811807197582
row_000444,0.022942914422602868
row_025257,0.006539903378871128
row_026389,0.07335024482387761
row_011059,0.3266116581728812
row_047493,0.01799515942616444
row_037986,0.280422268997575
row_011367,0.0035954304828382778
row_035026,0.0002713035482657345
row_010330,0.10513906300623711
row_028814,0.005363917012442517
row_023134,0.022378829216080583
row_038188,0.1781670558463368
row_020667,0.07490849571621046
row_049774,0.33521567564083715
row_049687,0.2170946367257796
row_005249,0.24776364048812508
row_039494,0.007403834985334394
row_049723,0.0014128771877888425
row_012205,0.9767298125132798
row_022965,0.028162035523500103
row_049098,0.04242078679822379
row_028775,0.09074993063110279
row_011008,0.00624516593842969
row_006144,0.10229749116027698
row_015815,0.04144174935423593
row_031819,0.012542717496291806
row_019991,0.9998005992853232
row_016739,0.0010445955944191718
row_012339,0.05740009031245375
row_044111,0.10833050268297945
row_044041,0.06826913729096157
row_025469,0.058684410126175
row_010114,0.12790970189253173
row_018286,0.005649768736586748
row_044914,0.09966983040177808
row_006496,0.6606770414721088
row_030448,0.2249526392292897
row_022163,0.0030146899713105234
row_009617,0.09620539388549168
row_021958,0.03633805074120319
row_030931,0.05826528668088721
row_026214,0.01395513977224756
row_017221,0.5810638341104831
row_004289,0.018881479776334566
row_020592,0.5406679616335976
row_027002,0.03368024006309865
row_039332,0.5737690709175474
row_046918,0.08072159654518277
row_011145,0.06651394434250789
row_008902,0.10730714348735834
row_009760,0.544756459610205
row_014782,0.21042278872690706
row_008453,0.9985299134313516
row_004488,0.16843251749335122
row_001088,0.43096167735370955
row_018250,0.06678009237504873
row_043483,0.1974324215443963
row_014470,0.0014970821721790812
row_046511,0.006389576876075371
row_042730,0.014968151855460719
row_023333,0.04216162835386574
row_022195,0.004889622530989907
row_027209,0.01845146886898887
row_031361,0.05580221664556852
row_047698,0.10884308799411281
row_035970,0.8791107017320966
row_049454,0.013112356792522976
row_024178,0.008510532605443655
row_035429,0.017695284258933085
row_027770,0.09549169257260981
row_012790,0.20129353130344882
row_029051,0.016780749047815166
row_020399,0.4287786078539021
row_032029,0.6708470552663384
row_016528,0.020509972137135055
row_033509,0.09159121504051362
row_002354,0.014991221080326269
row_014026,0.012685138245285697
row_029740,0.0009149376303594274
row_000564,0.021026682175340882
row_032929,0.08502480895314726
row_048020,0.5761483331697458
row_037121,0.01283258329307515
row_024554,0.02587113825379905
row_014216,0.3069568915361752
row_047839,0.011725310857961179
row_005481,0.18557628253065647
row_028357,0.028537938409663795
row_011723,0.6038034586344765
row_005602,0.7048776161250001
row_042706,0.1377893012353559
row_016400,0.8469015093910675
row_006505,0.023922524588002023
row_039201,0.3611623468428092
row_049790,0.052045592097079846
row_029130,0.7006447780907242
row_019299,0.17318216532597047
row_032858,0.17621309756172324
row_039147,0.07107232217703631
row_026166,0.9863396478135004
row_044040,0.3043250488054383
row_009960,0.06252132670232775
row_049295,0.07737272805792783
row_008096,0.3802830087458997
row_019263,0.9153842567747529
row_016763,0.7776180215858761
row_046516,0.5103362113778523
row_010720,0.056041021953954426
row_033246,0.019847849212056397
row_007198,0.0014063994790747894
row_037759,0.3374023471522283
row_032748,0.016510254796340548
row_018981,0.7017460630115753
row_047371,0.8729046874911175
row_040951,0.506858659745637
row_031088,0.07943178156597508
row_001043,0.038031459657869755
row_044356,0.759655780398201
row_034005,0.2805846425777034
row_002014,0.05373475978736146
row_039647,0.02770925139916871
row_005872,0.04041227377975456
row_049031,0.007196881020579766
row_038355,0.07503034812943621
row_020500,0.2695172771018261
row_044778,0.05286903819969259
row_019659,0.0025454655175215185
row_033501,0.6248278562208401
row_012463,0.12348483359627906
row_017883,0.08369363775536103
row_037652,0.10967076575634353
row_015749,0.006416140696665731
row_029982,0.34546918564632784
row_015624,0.03389145191614148
row_001346,0.0014071448630207733
row_003931,0.21651969885154726
row_000459,0.4608778494688606
row_001245,0.0840817364093431
row_040166,0.13102390269630246
row_034515,0.010710661971300247
row_024869,0.030052905365765662
row_026482,0.35704960340870656
row_049383,0.050562656070071384
row_048802,0.0004693851743126719
row_016772,0.007251453200384269
row_018085,0.8507627873260751
row_008106,0.15461851734216203
row_035335,0.0029441222995153548
row_043266,0.16583223142800207
row_044362,0.6561309039207441
row_031779,0.15992104021974027
row_025080,0.056211008447328584
row_018912,0.8196905783557303
row_030515,0.963803189158328
row_005824,0.5631398382050748
row_005498,0.01564099572729615
row_008005,0.06371488365328183
row_008297,0.000437773474419172
row_010415,0.22311225726160008
row_036993,0.039804863536360716
row_037217,0.00352654170083866
row_019712,0.00133509707051443
row_034437,0.023594116661140904
row_016171,0.02521692201284118
row_034864,0.006228255967581465
row_044293,0.9457114175447854
row_031883,0.0032853599098598223
row_001253,0.12138055376467394
row_030241,0.9194565451003743
row_002708,0.3556554058544077
row_032523,0.8999330810421374
row_019430,0.05551523799977276
row_013204,0.89160760206261
row_041099,0.028704779497623668
row_041201,0.2735111557868042
row_017251,0.08995145190957043
row_022878,0.008090520469830163
row_048914,0.009643451367597292
row_022834,0.09684101681183893
row_040758,0.04552116577224263
row_008364,0.08734752552850003
row_045638,0.014697771292245171
row_001439,0.018365690188786893
row_030224,0.010289669077085919
row_047831,0.07694794656215109
row_005710,0.004199161889271918
row_009054,0.7308690110997422
row_028426,0.030834836273164495
row_039231,0.021699989294043102
row_041823,0.8733890777300171
row_018468,0.005531890793204799
row_049928,0.035583287486881165
row_030350,0.19858298698942134
row_035541,0.26487169496710644
row_001640,0.11343869991196523
row_047953,0.009125980305179008
row_041555,0.020866606688073146
row_008564,0.212405530040309
row_018446,0.004281824641691965
row_010171,0.0016225053010982433
row_000766,0.4059635094995495
row_036751,0.999512603022397
row_028102,0.00882417127151068
row_042365,0.006642334872465688
row_045028,0.2909357424255302
row_030666,0.7464409287026006
row_035933,0.9114882416481442
row_024210,0.0027153848277108113
row_009797,0.04683291641087646
row_023616,0.26580824828606026
row_028612,0.8194482309779796
row_014191,0.028657209838530255
row_027514,0.7505025058261332
row_024476,0.9837733938576994
row_011348,0.00448065790684903
row_002422,0.10257542478317136
row_039905,0.00757612763576973
row_009265,0.9875097758389796
row_024538,0.01985265333354648
row_022605,0.0017664842839330928
row_043395,0.00011672245695276301
row_028196,0.01511278191999522
row_033872,0.15332251701737637
row_028747,0.3634935569122067
row_002989,0.03210219230612653
row_037868,0.889704504037014
row_036603,0.04107350671810728
row_018166,0.015740775428057945
row_033068,0.009079264014807574
row_032777,0.22791793741134025
row_045644,0.05689113780257621
row_005170,0.8205691731431517
row_037282,0.0026010414085653115
row_024544,0.9529903659196683
row_040366,0.831597402017852
row_013309,0.018689140624753596
row_014629,0.5169913455736135
row_039047,0.03718630587236897
row_028572,0.003557841341558965
row_018936,0.5535802240566012
row_024827,0.6106432665817147
row_029566,0.13634454408992805
row_000386,0.05413572253186043
row_030287,0.017998629206088513
row_009641,0.025909235151532366
row_041544,0.0015610667215099315
row_049581,0.07923314701930753
row_038369,0.04005676216563219
row_029070,0.07139726635868243
row_045705,0.03491479652571465
row_017301,0.011309818668578062
row_024112,0.0021811260620200014
row_041219,0.049831774782173
row_006181,0.032663843582032226
row_038772,0.3886410802233858
row_006395,0.0629632090585204
row_011343,0.21641867604695128
row_008309,0.002468922880440722
row_020224,0.060589179204008234
row_044623,0.013136036788945612
row_003379,0.08369131120485958
row_000398,0.35306339529127906
row_034936,5.736434319993955e-05
row_007533,0.7530082593913214
row_046350,0.0033041934382471807
row_048191,0.054107644117279745
row_044613,0.5653020220317093
row_014968,0.09978928850065814
row_048686,0.9778570949265046
row_017724,0.04620283472476974
row_020112,0.023180635405084745
row_003448,0.05845366300387625
row_034552,0.24953742644511667
row_047160,0.6178553255772277
row_007827,0.05915338724914925
row_012313,0.0033816572550011874
row_025451,0.005682818556292312
row_043913,0.0034439725281848322
row_026919,0.008769306341881286
row_005921,0.1305192678926173
row_038371,0.01188750538462141
row_013592,0.8472823812076099
row_035114,0.1429242655771491
row_045468,0.3012192034375435
row_040498,0.001182032322071819
row_030712,0.8604015565542662
row_043459,0.01324190752061234
row_025638,0.19554219928743263
row_033138,0.31632550631327433
row_021495,0.3813911672530684
row_046923,0.010681132971840432
row_011318,0.47200421044062346
row_034260,0.019437985067632675
row_023586,0.9553606553046653
row_044290,0.9558215735068699
row_014546,0.0067737738326816045
row_049234,0.030020312309787345
row_000070,0.002080820439932723
row_007543,0.007285978772987791
row_009110,0.13317089076267688
row_043624,0.7439373118047324
row_007427,0.017020751105454285
row_018358,0.013862070795114107
row_034873,0.0062513317183622305
row_036978,0.8721203207944369
row_021474,0.6056376069784455
row_025944,0.28868742747460047
row_044072,0.7484072008810866
row_010801,0.019608751457301822
row_027425,0.02269001748602154
row_046609,0.005008364171214615
row_028113,0.00788797437579322
row_006440,0.0800215378595621
row_044171,0.07264553438806254
row_014029,0.036218624709509636
row_044400,0.2855086279056867
row_019257,0.37956236671915566
row_040241,0.9232756464805442
row_005756,0.20619113436129277
row_001892,0.3201510222625988
row_040383,0.017757236089743843
row_003310,0.1786500739184582
row_019554,0.0005022885314628105
row_046411,0.013502723986447016
row_023634,0.02499348150880779
row_046351,0.021848665516439915
row_001293,0.9131930323168007
row_013243,0.12086921572601918
row_018401,0.9923109394077189
row_041151,0.009172944960305
row_022533,0.19354553075295644
row_041107,0.5941272145967859
row_007947,0.26530385578734
row_030452,0.01228043073278627
row_036309,0.01278404397726496
row_045495,0.15188469117157252
row_014354,0.7447304782810076
row_024503,0.5104207437496158
row_006867,0.995501122858045
row_001838,0.009003202162155808
row_006787,0.044629837833029755
row_015264,0.5767259978310931
row_002819,0.2613396669397922
row_032191,0.002797067371058667
row_030243,0.036891997830474185
row_025231,0.1924173440661621
row_015908,0.6179109663322754
row_015577,0.007511009636782929
row_001866,0.03503469570450213
row_007229,0.43363489392034416
row_015451,0.3243499459257472
row_039495,0.15433456933727177
row_018807,0.0013323020548810449
row_026388,0.9774764106853234
row_042011,0.776430532329244
row_012368,0.574443707608229
row_026822,0.005224128263487639
row_046754,0.31315338931683684
row_000262,0.02268592605160373
row_042310,0.0006541291684392335
row_020893,0.04601035161196193
row_018624,0.042615554643702494
row_026188,0.002249312806220872
row_037569,0.014271564283408571
row_039734,0.4807436236717087
row_021548,0.4452908941998506
row_048389,0.9033306563463293
row_034578,0.16384701974888902
row_038880,0.0023762932768370314
row_037087,0.12301079899808871
row_042254,0.010754308094585477
row_046159,0.053466742270632354
row_037190,0.0805455663479353
row_026068,0.0864448351361607
row_016059,0.35903929333159074
row_019187,0.10674926136587914
row_047559,0.8735991808344947
row_014087,0.06897164551479798
row_019078,0.9454481147803405
row_042076,0.0904474572723402
row_030890,0.592833301627307
row_020239,0.05869688336457263
row_040452,0.002213345069930142
row_027223,0.28773782196198533
row_012122,0.019494926736935446
row_009613,0.002041018217978496
row_040665,0.13590717063107857
row_021691,0.026731657431893933
row_020635,0.4747872804798472
row_038900,0.00855275647475426
row_025950,0.03707817332711967
row_039433,0.0017481636684960095
row_048813,0.21998159985214444
row_031989,0.045673033363888976
row_030172,0.41008568138715007
row_014292,0.9169571541330047
row_012187,0.18044551993400507
row_029901,0.700031209912974
row_035459,0.0029120392282812038
row_009586,0.0013966794659686992
row_005619,0.5861550326256186
row_010656,0.4126108481567007
row_008408,0.878743573105291
row_036784,0.002613512501146538
row_024202,0.5833181517795971
row_049400,0.053676071470764926
row_007702,0.02716140250609028
row_008831,0.005214906304385879
row_038974,0.013709047061380354
row_023080,0.03053868519409667
row_042781,0.9157827740527839
row_033689,0.07441475673088832
row_041576,0.00781502970969965
row_042858,0.010215112921269172
row_017371,0.08008740831179609
row_010445,0.012408960925546015
row_020756,0.011040014744835293
row_021632,0.2687070601558979
row_023213,0.004077542188220799
row_016589,0.1275219238702079
row_008252,0.09480406610077681
row_031350,0.03056088891219157
row_004460,0.014259928604735052
row_030606,0.44519031320186486
row_012701,0.2266526861193297
row_042412,0.004174620084837643
row_020409,0.0036249599915821017
row_034102,0.051695253979495336
row_041389,0.2290796609452933
row_027660,0.006667726984912834
row_044824,0.8901539539346264
row_026415,0.07145427867603721
row_027185,0.7279007298105014
row_041275,0.018817206460770314
row_032887,0.16291602458046797
row_046468,0.004792413537571253
row_040515,0.936235760291146
row_008995,0.09659591170160921
row_048834,0.8807611433438375
row_044733,0.0049660254907379145
row_002428,0.07821474409880225
row_014059,0.014231014349033002
row_008888,0.8382620736154474
row_041686,0.8686026440991012
row_002551,0.06961557204102041
row_040390,0.01190621237153393
row_012890,0.022016461240692634
row_039290,0.03176591847074253
row_046777,0.09290524495819494
row_010140,0.005421068876962123
row_049777,0.059610215205724126
row_013186,0.0010628352714111703
row_005435,0.1863649728830328
row_008092,0.09030568098994893
row_046485,0.7328612341351645
row_032487,0.0019472538034615472
row_012514,0.03434308535635248
row_043964,0.06350687478927494
row_015632,0.38847964904074667
row_018459,0.033127227828541286
row_033232,0.9432695921958397
row_019107,0.8119046318453029
row_014450,0.02513532938870706
row_011295,0.0432175418202275
row_003059,0.001082358884162729
row_036696,0.035122455707940606
row_033208,0.9367931809169247
row_034440,0.999462478260369
row_017435,0.23919154004503576
row_029989,0.8232400265360776
row_019885,0.023799009952149255
row_045083,0.009442796841254378
row_040806,0.002092620363047359
row_006815,0.002113199166812978
row_005559,0.13258527218144112
row_008690,0.05511795592842551
row_018010,0.050601573292890015
row_003499,0.08371068881666313
row_038251,0.16142300429544817
row_038083,0.004601654900175648
row_022768,0.2224957548894117
row_002885,0.06954327989507668
row_005385,0.040929589682358596
row_012840,0.10018638198749731
row_010135,0.1506903779508256
row_012813,0.0018930441212116492
row_001622,0.5746005012644956
row_038360,0.056755854383673636
row_043553,0.14764936813025914
row_040566,0.017033598044170085
row_016246,0.003148731144938062
row_009316,0.1289930833603559
row_033821,0.00014467666792041442
row_009008,0.005334112212460735
row_026129,0.10506240834965902
row_031421,0.805422691038761
row_023265,0.5576764114232384
row_037075,0.3510697038443205
row_043279,0.02785927723445894
row_044437,0.000346763391814842
row_041101,0.09036225435321454
row_007692,0.032800372308052134
row_022682,0.1126022583261545
row_044321,0.12320914005994933
row_033950,0.014719587369031015
row_018661,0.865649681145261
row_018997,0.09835205372054907
row_028073,0.9136617135317786
row_030218,0.9539607689243728
row_042764,0.2535772961329567
row_025562,0.8514003243831083
row_005458,0.058931950875279124
row_024736,0.037058882465491536
row_003635,0.0010902468239972817
row_005210,0.08719647708768255
row_031938,0.1691709715550492
row_011653,0.35588564474660944
row_013691,0.6848578674098569
row_015334,0.4663850989980035
row_033364,0.6986056456184346
row_022917,0.1666543638154162
row_000817,0.6983397627318542
row_014795,0.014392608579041505
row_030510,0.007510116464739254
row_016555,0.024612245093801752
row_004497,0.005733364463583527
row_032281,0.8741750532800864
row_037425,0.8608797084264743
row_030223,0.12522916475847162
row_029228,0.0583917484132377
row_037888,0.33345882696213874
row_020969,0.0051878474292109894
row_010013,0.03129168295703385
row_018945,0.008932259441513317
row_016640,0.020043414114358202
row_006884,0.639128296225959
row_012257,0.7723322551688194
row_039159,0.07098531091806867
row_048815,0.24124073318070435
row_008643,0.008297409420268506
row_049396,0.005811809547824563
row_017673,0.03834293828442961
row_003182,0.39193348268597805
row_040009,0.01041502759242418
row_038475,0.4844065325054023
row_006814,8.417397874479813e-05
row_015801,0.04330642577935403
row_014687,0.03624342102460237
row_011290,0.6035053197622487
row_001824,0.096136586644958
row_043502,0.008670238908849518
row_042938,0.946193320843452
row_040033,0.03484977296657707
row_023132,0.036719895022278515
row_036874,0.19573629767400103
row_033059,0.36938982291006467
row_008865,0.007043980791372321
row_014333,0.29176141356396007
row_017609,0.0036355466450573547
row_009964,0.00393492153842709
row_009090,0.013418543969931425
row_038117,0.3625702293337567
row_019214,0.02008716851023877
row_032868,0.03614801505871154
row_012644,0.040713666510252676
row_008028,0.013851951703747482
row_006099,0.010685269083007112
row_016956,0.10572639010894185
row_020042,0.0012083542275917152
row_032287,0.44771069318464074
row_014513,0.0309262173604941
row_035059,0.14236340579837808
row_032528,0.07048659177323377
row_029583,0.0014974271651031217
row_001443,0.14521240957182124
row_039112,0.03155560596401111
row_008859,0.017075086183660267
row_022150,0.6013586220823337
row_027229,0.00617065031444869
row_044705,0.024330462167488316
row_024849,0.40979164425861025
row_021526,0.03818571047543629
row_042560,0.0784631100276704
row_002212,0.9484819684310002
row_033492,0.061886420089284494
row_018556,0.0012719787152947906
row_036019,0.010318160242629403
row_031694,0.27145526569140277
row_047073,0.17691845952772026
row_016875,0.31594063724754823
row_033784,0.16384310027075366
row_034817,0.1905073103680312
row_005147,0.25008206581722925
row_020665,0.006489040047988607
row_024612,0.19089616125880918
row_037413,0.2594505350529043
row_026931,0.23514571874761842
row_002545,0.03186575045767718
row_044710,0.000565847051839436
row_015961,0.006070073115031934
row_008975,0.2172572113536152
row_018700,0.8193077292643062
row_005386,0.039382996138175225
row_038500,0.9662071669773447
row_018707,0.01228914030550691
row_029737,0.0001363405918622496
row_048014,0.01845550305466679
row_003070,0.9482861740092287
row_040486,0.22124043166303436
row_033146,0.1287886184299739
row_035178,0.9298228049098992
row_014927,0.9290196316289477
row_002840,0.0007318329939042595
row_002243,0.5548674302758977
row_040877,0.07680342372517796
row_048508,0.6428487112665942
row_005345,0.6117535859186491
row_026473,0.9882262335636527
row_004742,0.9917990895766443
row_044460,0.006016890632955586
row_002730,0.263383474636347
row_041855,0.0691666695572408
row_049530,0.4147338638078704
row_025606,0.7138199914800656
row_047432,0.024814424539412024
row_049765,0.5974073532217935
row_017154,0.18245444794637697
row_003481,0.9923872400294883
row_020291,0.29652264074676876
row_018797,0.008976099922431244
row_012156,0.1991342525788264
row_026237,0.12930796907659006
row_031044,0.9941245360081398
row_016512,0.1720301386146374
row_007038,0.6620192507656233
row_008904,0.1412116596522655
row_031120,0.1222046874140586
row_041279,0.36119295950772223
row_014235,0.10669940416034202
row_032610,0.0002694424302077144
row_041236,0.39850764838975294
row_035297,0.39772474489978765
row_033842,0.829271835513029
row_005726,0.08138713052393502
row_008680,0.17537887735814764
row_047526,0.20327637623240064
row_022154,0.28686024662538057
row_042438,0.12020331131062781
row_019864,0.030839119822106464
row_040573,0.0017382844127082355
row_027310,0.0881968268318895
row_036146,0.012658897840554474
row_026243,0.951208751959356
row_009178,0.0458544977297083
row_028762,0.1766442032806071
row_034191,0.14021326128281755
row_007610,0.05239938699999921
row_033856,0.7975386590164806
row_015034,0.3715068427776232
row_008641,0.0062361688081458136
row_049145,0.005383755787235878
row_020434,0.00100676743979742
row_027398,0.027254086363803325
row_049493,0.020988560268500486
row_038356,0.08121292871250965
row_001438,0.7233494073056388
row_033971,0.09550836036628013
row_011522,0.16950383536137228
row_013836,0.020492942213303292
row_041242,0.5084963417814382
row_032521,0.45076002160327067
row_042634,0.0021711934352519643
row_008994,0.40593119493217245
row_030165,0.05859656699470498
row_020599,0.008053966181767276
row_013962,0.203314712900683
row_022265,0.045672858135460945
row_023419,0.2728132914037365
row_019704,0.3543563699535528
row_046389,0.02315560350124687
row_012535,0.23072838040609275
row_009419,0.8440337071330805
row_031586,0.01924636486089345
row_001540,0.9581301929584792
row_011638,0.9660784654742288
row_029024,0.0077233349364774105
row_003002,0.6235494940139626
row_002667,0.0015929270971083596
row_025164,0.43543656568637895
row_033608,0.011593135532009564
row_031053,0.060690058040702155
row_048165,0.04033076843417492
row_047533,0.0006976637214321666
row_000255,0.006107310053805801
row_048503,0.6529597368451714
row_013323,0.029561404590051313
row_018244,0.5618986197100314
row_027201,0.2096641043370951
row_007026,0.04489106378559815
row_012074,0.8126458021574818
row_020627,0.09786974069678128
row_005947,0.04159417892617532
row_009915,0.08900080893495911
row_043686,0.9999366723961074
row_040835,0.0015624314889266743
row_001716,0.0026688923404776473
row_037351,0.02003874272982295
row_000390,0.014870656768870212
row_010553,0.020011514731659297
row_009557,0.22961017777112452
row_024559,0.04379742684588933
row_042604,0.6264589320766365
row_036257,0.415010936665664
row_047575,0.33542659003165476
row_040081,0.0818240156242339
row_036821,0.021111512579561613
row_014518,0.0005560882121841487
row_024347,0.0018905928465118849
row_048510,0.19823244720285468
row_026485,0.023701904506394894
row_012994,0.15942366170189143
row_019897,0.6123557580684691
row_037963,0.006187840362020268
row_022270,0.8747724183554138
row_012656,0.8686103984265051
row_033766,0.17128158527081216
row_039777,0.01100712868024612
row_048926,0.0024885906481519433
row_001457,0.0946434310646729
row_014946,0.04705702436379407
row_035490,0.09003466060645952
row_022610,0.16033836544944316
row_040386,0.0018538046960934916
row_016281,0.019451551217737995
row_039977,0.0002554761902483329
row_016717,0.0053493796104993
row_029558,0.006288986903445827
row_030475,0.032164723533322566
row_022535,0.07643850650288476
row_017002,0.009350480054341406
row_039607,0.0030697683222114984
row_041593,0.16618455860748604
row_027695,0.06966911681760952
row_047600,0.41602565648503714
row_002931,0.10092842706221364
row_023290,0.9989793471892063
row_033903,0.05665005895467556
row_009216,0.2083510436991632
row_049384,0.0897825395766929
row_044337,0.04779929859780645
row_017785,0.00024018335882483517
row_000312,0.21386960918650325
row_009331,0.061216888390024954
row_044095,0.07710776853485032
row_017906,0.009695300841218718
row_025190,0.02403171177921848
row_031436,0.036861889186242745
row_012883,0.04223462430726043
row_034328,0.000618213193118851
row_002170,0.04374798763338911
row_022455,0.0017578054633035323
row_012797,0.04132562437436928
row_037861,0.037307362637137895
row_010705,0.15702454638496113
row_004885,0.1347715728385256
row_025193,0.8742888143040942
row_047829,0.47202241287111807
row_038752,0.9015290415932655
row_039690,0.6141059252517981
row_005820,0.9983757600239658
row_022023,0.20029343649312908
row_033739,0.0016588443493138665
row_012610,0.2638586139510931
row_001144,0.005776249168816384
row_004260,0.016868917273751918
row_018173,0.3023860597074565
row_025641,0.374159655339663
row_026299,0.2031050272456979
row_032284,0.06806577337499806
row_013012,0.6041029606904222
row_023120,0.9073045491375864
row_047776,0.0902884223710121
row_003792,0.1717225156588289
row_008519,0.018886420447684498
row_007621,0.042762011765177604
row_039911,0.036407214013164296
row_016009,0.008872120770622964
row_039901,0.1151732333260016
row_002235,0.20494760146980628
row_037722,0.9529927585978482
row_024617,0.35915835763800424
row_008351,0.7970119008860983
row_045255,0.41391926685616826
row_021964,0.009618446939754133
row_013077,0.036768331243195965
row_049297,0.013404079397886145
row_014076,0.000521375276339954
row_044129,0.44474977093765866
row_011118,0.022628932276702575
row_001987,0.019612317971993153
row_038344,0.00923042374621348
row_042399,0.02305329119130397
row_032619,0.019108414560625148
row_042740,0.03704754816480999
row_048441,0.03348152862523258
row_040482,0.021431380222111746
row_011668,0.06246395625620123
row_022379,0.32093030822338753
row_018919,0.02917114491435474
row_032769,0.39066081869332375
row_006373,0.6527625644726858
row_012360,0.00032572106268528655
row_048287,0.03875332502569911
row_033116,0.05940105755124467
row_026309,0.016421782289493352
row_043914,0.6423277239030283
row_003649,0.210643857084938
row_030512,0.01369700186578894
row_021404,0.011370699810543868
row_027840,0.16196989600014375
row_011552,0.0032521205181297013
row_023367,0.9208725711795733
row_018762,0.8259656611065265
row_007098,0.2141120929460082
row_020186,0.8482972264566169
row_004122,0.8021197867482271
row_043853,0.00480516356128931
row_036418,0.7224917892854369
row_003294,0.5801826367306824
row_049875,0.605577861745258
row_016028,0.12055127987549635
row_017594,0.009559480476516034
row_017379,0.6463294336795421
row_035828,0.11095538226333453
row_005630,0.5322717942309662
row_040549,0.15493390732478723
row_045964,0.012129108827963107
row_043541,0.15072335937500908
row_046971,0.8307789874939658
row_032091,0.637632329417821
row_015634,0.7169993163143898
row_037429,0.1170981640846885
row_024731,0.009446186158479182
row_027215,0.05158512920135342
row_025974,0.28781041547093267
row_022887,0.0019328501815012848
row_031731,0.16770417761830073
row_036576,0.10656390564728364
row_002363,0.34757527341686983
row_017211,0.03078836874755661
row_012643,0.01791383809934248
row_016017,0.1006818529167741
row_048482,0.016813973998574254
row_014407,0.17114331481603343
row_020283,0.12291023235075137
row_033275,0.7179615378986063
row_027216,0.12943820338944978
row_006589,0.03036245330941123
row_000652,0.11055364494796875
row_037023,0.6129732878695465
row_038182,0.016181681603059203
row_005707,0.0497188545323203
row_019013,0.904664319456384
row_014672,0.12330200392355516
row_000136,0.2683285208822305
row_032944,0.25624570195831686
row_030615,0.005281200246137969
row_017663,0.021754368288394693
row_020384,0.3043001451382126
row_008825,0.0722313674444852
row_021165,0.6534903722616561
row_030669,0.04316355760230089
row_033981,0.8768954009760268
row_035438,0.8250502158688533
row_009646,0.985302411999178
row_011283,0.8094331056389668
row_017342,0.0036068539730870295
row_015453,0.011677187701143284
row_039125,0.22534503644665418
row_047725,0.1351970296734943
row_001627,0.033735594060913456
row_049809,0.3813011210618424
row_036732,0.04816606543802943
row_018528,0.9942494580521404
row_023679,0.019721753882943442
row_043352,0.9957717866836681
row_049296,0.9355753229825096
row_002345,0.17117578621333845
row_012858,0.005054714425750948
row_026956,0.1286777091600041
row_014083,0.9999568527562546
row_035046,0.07839047921631698
row_044522,0.0035499474755746017
row_019090,0.027664875618437137
row_047830,0.017984496030358666
row_042370,0.9877838428100972
row_049606,0.6174684659209947
row_045637,0.034783582049679594
row_002162,0.9984683782752853
row_017421,0.002677942045522347
row_026017,0.14827550034679232
row_002904,0.0027939443666312406
row_025788,0.008397247185898191
row_018020,0.030782970559190662
row_018494,0.2520834966537563
row_005305,0.37517300034495343
row_047793,0.995226763262333
row_047605,0.12394430322585692
row_012113,0.12902525195966658
row_028374,0.52062081502663
row_046552,0.9991574269745241
row_018868,0.9386037186351417
row_011843,0.8893229354663819
row_042139,0.034936430835842316
row_038318,0.49530975323379206
row_016349,0.1760672329060107
row_028485,0.03345470453794055
row_039382,0.08893303651807576
row_002100,0.0024585749730677417
row_020949,0.08269170333206959
row_009937,0.9708699558355978
row_033249,0.00026388400003819935
row_019452,0.21600555880135908
row_031062,0.01636915736590617
row_020999,0.00049439256384066
row_007483,0.0006324201980826267
row_033822,0.07336385800423263
row_032076,0.05748566707421262
row_044048,0.38811299722104253
row_019333,0.13495897203412816
row_033740,0.028318931748729993
row_039589,0.008394108685912744
row_047194,0.08314019770618211
row_031527,0.07529294531875182
row_042621,0.08653609942916177
row_023289,0.24568401930508948
row_012779,0.43163076187266647
row_042120,0.0856386508950428
row_047608,0.3291975671107186
row_001274,0.0017910792350376062
row_041910,0.41037992722845235
row_031451,0.2277432334682497
row_038099,0.9911514440975562
row_016081,0.05052114562911956
row_014145,0.0021558070680097433
row_036012,0.7746980372903594
row_020410,0.011824813320681029
row_001239,0.9623200536536445
row_038673,0.043393711596648
row_006199,0.14844191494406023
row_008216,0.11038725841503051
row_039381,0.12203245018944986
row_022124,0.17845447220244984
row_040095,0.11085122193322361
row_014228,0.9939461286704837
row_007281,0.025396222016563684
row_001832,0.09835829095326047
row_042635,0.418709827791869
row_033342,0.3783528166666866
row_026588,0.06254829220616495
row_005410,0.0009483895748749909
row_027742,0.8275394389438684
row_009297,0.9448067468550934
row_047999,0.0005658100542073664
row_021713,0.035450065795967406
row_021736,0.1413071745840717
row_000683,0.029781733120545818
row_031155,0.7209375086645449
row_005954,0.02528774208667123
row_023912,0.9096849091035988
row_019907,6.314264451700121e-05
row_014064,0.2827551799910403
row_001587,0.4216857894287666
row_048134,0.14549124643964395
row_008588,0.000710484266729156
row_002575,0.42529408666295
row_008181,0.507146977648761
row_025078,0.060136434783077855
row_019089,0.006141032864199431
row_033401,0.012137132920928391
row_003760,0.8488433780445616
row_010277,0.0015251539334062807
row_023477,0.0514409146252528
row_030877,0.014733321658544537
row_016325,0.002840653765198868
row_001601,0.0259935591267605
row_003969,0.036609409717348586
row_047592,0.8522380191378108
row_049466,0.055541445212396456
row_015112,0.13253936078750922
row_015204,0.37477668769730604
row_046611,0.017000894412528698
row_044908,0.39412038528065746
row_042710,0.47920904424249433
row_042521,0.9515564711211034
row_036283,0.0010441181231873107
row_033726,0.11479327985386104
row_017638,0.009385110472143588
row_010292,0.5654095702251671
row_023550,0.3318420998679624
row_016626,0.9609745042703672
row_005975,0.0683204538371704
row_049639,0.019621240976383503
row_025045,0.9545082097514499
row_014025,0.0011050757792081065
row_021329,0.0013158633593314361
row_046925,0.041550986433219604
row_032164,0.01498033294169672
row_028498,0.24670177709742666
row_028979,0.19342004016293965
row_017519,0.7815518767556743
row_034608,0.018222099824793496
row_013732,0.02719819697316064
row_024374,0.9202783475995158
row_029497,0.9773265803719262
row_043269,0.03723740142973689
row_029244,0.036057992293451614
row_045351,0.035549971422838056
row_004195,0.03534647224317845
row_032421,0.3444028121798509
row_045037,0.01262207207599171
row_014075,0.033245965372114564
row_005431,0.01666134554867395
row_045234,0.1982458666250784
row_023471,0.8823865855014931
row_010511,0.02546463725509424
row_045406,1.823166529979268e-05
row_027719,0.024269555555962025
row_047828,0.022602574466287592
row_008611,0.11056469630111943
row_042330,0.9709012662071371
row_002215,0.3534459663133532
row_045813,0.7224981072408975
row_008540,0.14690771144049525
row_043816,0.14907058853290409
row_002063,0.08540273129249967
row_030880,0.29261192372000805
row_034258,0.9535163632817587
row_009086,0.9941772228150095
row_012359,0.03800401808477991
row_018106,0.22574210057305916
row_040815,0.15905085376740832
row_045389,0.8218773195368377
row_040569,0.38232332705387473
row_001175,0.011143172263845383
row_015292,0.017812357290306814
row_023325,0.19238693341199778
row_010794,0.29734213984919905
row_032594,0.7676929782586467
row_034037,0.01721011271116208
row_038867,0.02756105715446603
row_022689,0.004856985983205083
row_036539,0.019297279073483047
row_027445,0.02029136353322949
row_009113,0.07650207298107381
row_023065,0.5804235721277382
row_030557,0.03543602514494215
row_018044,0.07355035114397022
row_011754,0.06833019203535518
row_017873,0.04360028190225099
row_000103,0.2880266398791004
row_030989,0.29697469230624657
row_013921,0.005711110549622038
row_046716,0.02110653133790616
row_032696,0.02814812066930996
row_002702,0.001402204128643361
row_034297,0.005021586583022346
row_030942,0.40482580813205693
row_029692,0.9765465017072792
row_046088,0.962315067288332
row_045710,0.11295453516198978
row_029464,0.10730983536786358
row_041778,0.0017656071581832453
row_025171,0.010926250318645145
row_022851,0.050264510562942975
row_005054,0.013445006735306329
row_040899,0.03232071205912223
row_023531,0.01461798808817292
row_049425,0.03127729913217125
row_040125,0.013682087318587563
row_031658,0.25725117951266857
row_012523,0.0018552314891848837
row_034381,0.7546928792285199
row_023310,0.00751830241733421
row_015664,0.39821261814040537
row_006176,0.03251819922539649
row_027559,0.146501521125829
row_033885,0.4741424001870712
row_030194,0.3197100072019732
row_036989,0.25837503719793536
row_035530,0.10508356159354691
row_048461,0.3461160962838111
row_032286,0.00886633568834714
row_035592,0.00019349734725881902
row_020373,0.903001641768924
row_029960,0.09112033779705773
row_004277,0.06520411916831757
row_008303,0.05376671933532569
row_024587,0.010133260461082942
row_044576,0.2726688106662647
row_044439,0.02240866514855433
row_006203,0.04482245582357735
row_048064,0.05420929962418417
row_005055,0.22756092274803233
row_005478,0.03918696419605265
row_038944,0.004690598880398199
row_005548,0.36930099291607055
row_001182,0.03862024101552292
row_005511,0.3466924927106872
row_031687,0.06190850060765964
row_028446,0.022476418368468514
row_047355,0.001043652471378807
row_010287,0.0725593109596519
row_009015,0.7369905774069775
row_001687,0.16452043604293892
row_035888,0.7411685714675188
row_019232,0.3863801224603799
row_011631,0.03164139023098597
row_000824,0.6123119073641604
row_009329,0.721034140191877
row_027271,0.3105536696437861
row_046927,0.3476465372212228
row_009966,0.04101829220814424
row_011060,0.20182689950308388
row_027630,0.9942742679286606
row_047545,0.08972038404538403
row_020745,0.12860863278600299
row_035934,0.03171951883300281
row_027051,0.13636266433161387
row_041916,0.22134590753477093
row_002871,0.00234126698076161
row_017056,0.032573921681842304
row_021885,0.9948855019822198
row_009998,0.0710816818114001
row_009821,0.019280471685871
row_021026,0.3389427091563873
row_005536,0.5610138646821122
row_000728,0.025129853551558473
row_014148,0.0035225259619299253
row_028876,0.7563680652266652
row_003468,0.0038540871573100217
row_004578,0.03969359124485798
row_039793,0.1254326535227838
row_048806,0.1362609719762757
row_017156,0.6647121868245861
row_014430,0.006199461985790832
row_028128,0.006025678098846218
row_032374,0.12004096001607117
row_047020,0.002934703244727617
row_005563,0.8504149834199989
row_040028,0.028107424993486424
row_038855,0.6426275452310373
row_034928,0.16267969100209337
row_034477,0.04149744437763632
row_002719,0.48501369236605424
row_021428,0.03898136610387529
row_030944,0.0034506138180586394
row_003412,0.010443724683045106
row_040466,0.0707502025521987
row_001682,0.04043549424693962
row_019919,0.1908004824526457
row_002937,0.3092816299271524
row_047035,0.4954996388598645
row_031732,0.9792501751722096
row_045977,0.2632887906636775
row_045106,0.003863377713705384
row_022228,0.0012182172264420471
row_049542,0.02474946145877244
row_038421,0.958203281505148
row_020518,0.02045765925275645
row_046632,0.6833099155382153
row_018146,0.0018117924524388826
row_023579,0.13878245024402008
row_040791,0.05639186575188975
row_037081,0.00787674650481052
row_013444,0.8831848945343718
row_012609,0.06975007460045915
row_022616,0.15274955787708064
row_030124,0.04118976733658343
row_044997,0.32042401429262596
row_005250,0.15934999225577504
row_043399,0.02847812173943219
row_005332,0.032497899453735685
row_049952,0.05595937452461358
row_030066,0.05966467663633722
row_039871,0.01082377083042342
row_038119,0.00528710356481556
row_009529,0.12397403205268341
row_047277,0.12891829890285778
row_000678,0.8411553266620029
row_011821,0.05041849089054988
row_025034,0.7988876032324048
row_032414,0.057503986289222576
row_047959,0.14714604020466696
row_025256,0.3457601519354311
row_044162,0.004372355639685562
row_033975,0.0012244635079760112
row_003056,0.17174081138957284
row_007932,0.020444489411495168
row_007476,0.1483528249414788
row_044248,0.04496372322837679
row_015715,0.10991960376691458
row_045842,0.020649902443121138
row_040748,0.3757624900651725
row_048801,0.02136195035843726
row_026352,0.2159266464698204
row_023727,0.014246676825121603
row_023176,0.9336073572363192
row_003718,0.4359799073811417
row_028977,0.10298082785175519
row_031023,0.240970557689092
row_029616,0.32497344111318716
row_035919,0.10352481928445711
row_006267,0.31458067056875444
row_013842,0.621366175162831
row_005539,0.2360771804913868
row_010749,0.4420019060606659
row_004141,0.0047233063174584285
row_031094,0.0032818689597858153
row_027343,0.0070663809237370215
row_037716,0.2659835869935515
row_005176,0.04261276695645148
row_034413,0.2820077621991723
row_015548,0.035236807500827166
row_003055,0.07205816420990013
row_006218,0.038366929406017526
row_018270,0.0013423211250870625
row_008204,0.05762768094078743
row_012782,0.10796673088838732
row_037446,0.3808424532300112
row_015677,0.027260336547285446
row_000891,0.013544343784834509
row_013478,0.02540736495723564
row_013252,0.2017770989313083
row_000227,0.15896203912859597
row_008780,0.003149600044327769
row_042801,0.10905192147591451
row_037290,0.6416575500251775
row_001369,0.018688522905505385
row_032275,0.13504488161609096
row_025036,0.26462982894457693
row_011595,0.03410243571613215
row_039064,0.012398764620380661
row_006449,0.5692184274221802
row_023410,0.4537881913336442
row_039068,0.023032173460689455
row_018284,0.0372215746110032
row_022826,0.034226786891165234
row_047617,0.22877730237428354
row_032869,0.010649140214505205
row_011325,0.5856567248329512
row_004840,0.44246662607597376
row_000594,0.013229329620186412
row_018331,0.06721187272222795
row_032061,0.3495851730307226
row_020097,0.29580182967407176
row_026102,0.6993798045377393
row_037168,0.032008444462507314
row_009938,0.0003366166263529166
row_009523,0.06835175407287074
row_034691,0.9972542869456953
row_017151,0.27486249904015486
row_006874,0.05470592834198988
row_005008,0.3032638042296444
row_005178,0.314252976119059
row_002051,0.18240381149370796
row_001261,0.004529860156496164
row_016144,0.2840260741210117
row_008817,0.002682899022822377
row_019148,0.2893231553843401
row_028678,0.1201509729678773
row_003335,0.020685479710205432
row_006069,0.037096765973919296
row_046472,0.10350105889421553
row_043010,0.23294439427154798
row_012674,7.879873535585775e-05
row_024370,0.22471330910397513
row_014388,0.053282127306478584
row_002105,0.13692093160220645
row_032558,0.1297285088787277
row_039074,0.016282785624527972
row_040862,0.056477160661763705
row_041361,0.09343962163577434
row_028735,0.004381869729080234
row_036812,0.013747765952377604
row_047760,0.5470275195695254
row_048469,0.04812639800941926
row_001607,0.3552479666620771
row_043651,0.5290311508247941
row_028969,0.9923859896548182
row_023979,0.0054497875916118856
row_039458,0.0742812402726839
row_022272,0.10065873368849977
row_019640,0.0054309829280370136
row_032087,0.5074624889050451
row_020929,0.5411497586405757
row_027940,0.21085608579649703
row_014974,0.745902884166648
row_041681,0.004297698916197495
row_014556,0.22933285628569755
row_007193,0.5952717917585632
row_006495,0.0415181071810313
row_049464,0.01089868272556148
row_002611,0.005115072323396295
row_013791,0.08684225907865936
row_039912,0.005137162039007022
row_042672,0.06686142992454695
row_043556,0.005117863249943443
row_027929,0.029073014761137744
row_013336,0.8161602247853956
row_023585,0.0010674327311060209
row_000384,0.9716606986126332
row_042653,0.1500996904195079
row_005047,0.11431433226205119
row_035069,0.0006461444904392991
row_032595,0.007604055320603039
row_033045,0.014188032806402451
row_030476,0.1253711335839767
row_007478,0.2754787332432669
row_012892,0.517732565659061
row_036476,0.0024767970718394872
row_006147,0.009411339678969649
row_045596,0.0362706991418083
row_003898,0.007962581504375708
row_031503,0.07026414486315624
row_031150,0.20580220722394546
row_019697,0.035566182394481026
row_005524,0.6915161144731787
row_012128,0.0009645047386961429
row_020748,0.0009772728148339045
row_039384,0.39303353735112095
row_026906,0.0008604760646576176
row_006763,0.8260020808454932
row_003125,0.00048499284966093363
row_031490,0.9974065610557236
row_012558,0.03931384841787482
row_014997,0.022858827490221147
row_016768,0.04539657750551338
row_012324,0.8854938007437885
row_017657,0.09708294192304537
row_018585,0.05691728003620004
row_030945,0.0006618524948934305
row_027798,0.06885362351686698
row_022260,0.00994971393447989
row_018551,0.24921531394275168
row_001836,0.10968301048710584
row_020471,0.004776717588786855
row_022543,0.11504780328123199
row_044719,0.1989891324208429
row_027847,0.001725028895284509
row_041795,0.006626567029583242
row_037978,0.34661836949286895
row_006086,0.061597469839846625
row_016508,0.15210029564615052
row_014597,0.20124432012641005
row_030193,0.9742478117652645
row_035746,0.0025201305513711586
row_007642,0.03713784601284508
row_039697,0.19259813358751313
row_042382,0.0735306079117087
row_033117,0.06839404269315993
row_014300,0.33161363787414666
row_033744,0.01362223335121155
row_040074,0.2683289441460067
row_013067,0.398828992324813
row_011836,0.5831049078111634
row_021571,0.8821257808549982
row_010356,0.05260688731388109
row_023933,0.9262586903648415
row_032278,0.010683473544264042
row_022559,0.07402469740167981
row_027503,0.2614120102734517
row_033780,0.14564422766435
row_002818,0.21024961130193004
row_008378,0.3123410963660021
row_046279,0.010407331065891761
row_008697,0.0035208501324720054
row_034585,0.02179127289326028
row_035296,0.02284411049460552
row_036355,0.36789908635105734
row_018577,0.05775688595242363
row_031166,0.1986920155188688
row_028445,0.12149944586585518
row_049009,0.46399271663463637
row_043700,0.005011707687039304
row_041799,0.004021434392868413
row_011207,0.04760834205792353
row_042703,0.14954996984673435
row_026384,0.7624979091398867
row_045756,0.2502980753260055
row_011796,0.00808189535674885
row_036362,0.10772880347066663
row_036773,0.026919625838179292
row_007170,0.059559737046658165
row_029221,0.007066020263332326
row_007899,0.6030167622052505
row_010090,0.21809204305399194
row_025548,0.006986434083200555
row_045478,0.02184776899094009
row_044298,0.10485641833956445
row_042531,0.028515283254920795
row_047230,0.25841899769772403
row_014671,0.15734718120243038
row_010583,0.054912450116412624
row_035248,0.8067853222754294
row_024040,0.7641101190283736
row_011511,0.0021308598325508357
row_036235,0.0042225873423645
row_002886,0.18033712020383144
row_022824,0.09911680536927966
row_017527,0.016607223421086323
row_034744,0.1580927402747231
row_042953,0.17159542653802962
row_041257,0.0003407975005573697
row_016120,0.001912880880900015
row_047993,0.40455299516673526
row_013746,0.02200410127607867
row_023334,0.03941360260208711
row_029955,0.0012434454411054334
row_048979,0.04342302993503164
row_003843,0.018003884633645762
row_023501,0.08490633932011568
row_030352,0.006922390160796199
row_011330,0.8233527418203621
row_040268,0.03524627430804865
row_025177,0.16404116268059132
row_036375,0.017247782087644218
row_037241,0.016404302743003023
row_034947,0.008737954680801593
row_032198,0.07185406498330552
row_036302,0.011570203972966564
row_029825,0.49067875525621363
row_044878,0.04801866793425987
row_033927,0.01512520344802312
row_000252,0.010757862622911962
row_049817,0.00069410847522515
row_010728,0.012081278110964731
row_045009,0.22038759518265658
row_044838,0.10374379487974209
row_030314,0.07271197407867763
row_014958,0.8611866289644265
row_046092,0.9554329860586113
row_004339,0.038180787702561815
row_009943,0.027856857468072822
row_005818,0.07243912634591743
row_023043,0.957170452743998
row_002746,0.06967717695509797
row_030339,0.23099243774300982
row_022248,0.0014713064610700581
row_003433,0.006364457308609629
row_034766,0.0800507074724235
row_004966,0.8656958056620271
row_004818,0.027175650907092237
row_040347,0.08041291008941659
row_036496,0.011103428909672301
row_002732,0.003368573803358432
row_004005,0.000722862912461195
row_047762,0.1566795571733504
row_042498,0.15412010636082685
row_018545,0.330365958568094
row_011749,0.052430399176681845
row_017907,0.08024315078072222
row_008873,0.06337812822022482
row_006322,0.7814699501612518
row_013788,0.004449740261429884
row_024314,0.02070838064373209
row_028356,0.12509929189442273
row_023563,0.001349277409024929
row_031988,0.09597998996860363
row_041526,0.025045890373663345
row_020292,0.571185040288945
row_027527,0.34895984521084566
row_011281,0.02565162270215247
row_044242,0.48723942341744053
row_033373,0.011536778245108164
row_014483,0.49044719209162396
row_027836,0.2231276520802065
row_032007,0.9973425460352371
row_014175,0.8712680222144221
row_032781,0.28379738719988207
row_008885,0.006343668465759292
row_042374,0.38322469335428877
row_020487,0.014462368333062033
row_013555,0.013075035968547255
row_025168,0.0038462254012137883
row_026648,0.5782941189090731
row_030413,0.0029927811523502964
row_012171,0.014435866558917957
row_004947,0.002332850951481213
row_045325,0.06776300629996969
row_008607,0.3165837340669414
row_035441,0.13864349874806023
row_012294,0.024171904252788933
row_040988,0.14221701656604582
row_030386,0.181466030639672
row_031219,0.05957948263213489
row_030568,0.7908849021577739
row_013761,0.305170817097123
row_015390,0.3297600712765415
row_029150,0.01125898821163346
row_045367,0.027666136111029766
row_017130,0.001155954576225034
row_030647,0.0031247446804982676
row_021081,0.8311198902041738
row_001394,0.8793403840863598
row_036569,0.6171218878324582
row_008496,0.13080974436467174
row_018212,0.4584586574190608
row_041008,0.23685253293759034
row_004659,0.048685787109825886
row_021333,0.017166958875851204
row_021556,0.012999263075711136
row_007368,0.9385809667249615
row_039090,0.01124559629854003
row_003671,0.03353328174951852
row_030918,0.8066265059317289
row_004751,0.2512957769654382
row_007432,0.437749847868143
row_037450,0.04039052123807552
row_047718,0.014878590577546886
row_033163,0.008054822101387981
row_015687,0.0012220253288868538
row_008302,0.059275465083362656
row_026751,0.496089094554443
row_008976,0.09364995332087328
row_020702,0.1413167713193142
row_008653,0.013623560891175333
row_042394,0.3331830016851621
row_036602,0.009450114185664828
row_031947,0.10343315291192327
row_047409,0.900199506390628
row_007927,0.21833106543453537
row_027531,0.004589325687359294
row_023712,0.015803889348306933
row_033665,0.11154342643937051
row_032765,0.002346419220660275
row_044744,0.025185354882941973
row_028917,0.04900120618796185
row_047402,0.837842174546206
row_044468,0.988451125598557
row_016824,0.9423523815430477
row_048763,0.11560312368698286
row_015912,0.13537036673061403
row_007769,0.010907450038950307
row_026097,0.27372644228083415
row_011360,0.3789966526288123
row_046626,4.9920087791339224e-05
row_025019,0.026720564154989725
row_007760,0.6591102458353693
row_021847,0.350293723224359
row_007845,0.24755737222581586
row_039508,0.0018521430610848185
row_016448,0.03409492060147493
row_031931,0.09938263261518436
row_018618,0.021860918179674112
row_046449,0.006448835895596611
row_040248,0.4555939007570611
row_039689,0.01749808294101104
row_038469,0.786634405117314
row_015172,0.5652996403504591
row_020652,0.07870990087514543
row_027994,0.026044182333316086
row_017415,0.2787982663408176
row_024803,0.8658641324270852
row_027032,0.0044206176071057935
row_024521,0.33586657793050284
row_030341,0.9988819577253175
row_014940,0.12726732857143783
row_016926,0.01742467724375714
row_047579,0.4062713847262852
row_044693,0.11759043807526437
row_004893,0.009183188516956169
row_036129,0.05874259360276567
row_020007,0.004777576676499739
row_004950,0.050770916787755194
row_008223,0.10669357140454053
row_024032,0.029932885001119094
row_047021,0.019232313380873903
row_041320,0.07134393733298287
row_034555,0.3262324457630916
row_016868,0.04040069181182321
row_034629,0.6039854223096697
row_043793,0.0020563035340456616
row_040832,0.12669061278094076
row_023832,0.05119261759176533
row_026871,0.2133823663489078
row_018650,0.9989899524912882
row_021481,0.11528583309785578
row_031228,0.12812863840127153
row_028410,0.024193255924572377
row_021246,0.05412978924596774
row_008510,0.004854822521013537
row_006340,0.2182032326920353
row_021540,0.000568949734579114
row_030935,0.6601609051753435
row_014616,0.35026309039660003
row_000646,0.6181736091149199
row_008098,0.06068387918605739
row_044477,0.006123738028403414
row_012191,0.13997163789347558
row_043837,0.4280076722763635
row_044133,0.009242541713615155
row_045283,0.02549958650197963
row_037709,0.01235910286990337
row_033644,0.0736252836536184
row_027928,0.9716743119065835
row_024607,0.00520585091719205
row_035045,0.014927463289818177
row_045648,0.9656122975444928
row_024254,0.0026411750057040574
row_048514,0.03643771624391784
row_033325,0.2755238462202977
row_005052,0.005666554321766291
row_044462,0.05998498934674404
row_027144,0.9636269324908602
row_020521,0.2438890750360799
row_042515,0.8700025419672893
row_030749,0.019029816173621397
row_041715,0.12222999886747068
row_028990,0.3269189543954849
row_033444,0.14019542112093938
row_025273,0.8459855395700887
row_034019,0.23212751819918243
row_014708,0.1616610746407137
row_029657,0.6872412265943865
row_039933,0.0018193855667956028
row_010130,0.008607330194348785
row_023321,0.0021631273723537467
row_018372,0.01853996495856607
row_027620,0.17797225164158195
row_010773,0.007116889414061319
row_027241,0.030721036458400505
row_049564,0.06902094236850324
row_007549,0.01774182370652835
row_026364,0.913561874675237
row_021829,0.049774285653771164
row_048141,0.9993008620374256
row_046456,0.021392929921370957
row_045557,0.007111463789258668
row_006213,0.13059564284986894
row_039779,0.22012354990099287
row_028393,0.7917685137215094
row_002541,0.20834402581561554
row_040617,0.006960656001724928
row_045752,0.01940714636784595
row_005461,0.048406337241672585
row_026023,0.017659032945725767
row_017573,0.4812963012434321
row_004743,0.9955704105120986
row_032237,0.9650516213642514
row_036468,0.3142026465999396
row_025376,0.25174519124656825
row_004284,0.009043174824638086
row_044768,0.024332461016919632
row_008811,0.03159581641535992
row_019141,0.014265543980173422
row_001363,0.011913727327064161
row_039572,0.07372039364939978
row_007619,0.021077265020469894
row_013079,0.003667553905449637
row_004875,0.024800980878131883
row_040709,0.9950963732466521
row_003538,0.9996606266296619
row_019713,0.9931141009973501
row_000382,0.9870725245979891
row_015346,0.01024207415156572
row_024867,0.3549194739576624
row_045709,0.0712727498812882
row_014325,0.6155366343389959
row_045146,0.2168755689354042
row_037901,0.02559511846703121
row_024911,0.48801494146716157
row_026331,0.012397576648648993
row_012341,0.36161412071580196
row_044318,0.5402070213733854
row_047641,0.7259610112461843
row_020669,0.21256439024562757
row_008578,0.018181108218033353
row_003492,0.6830709923496223
row_000770,0.020658410126997845
row_013481,0.001568781253868374
row_038807,0.02066600318911585
row_005394,0.0339149308615273
row_003602,0.002046567198090469
row_030587,0.5196372481024533
row_002173,0.01909056145075501
row_030327,0.7886906195392912
row_040987,0.028161832274913687
row_005104,0.0338747031450197
row_002187,0.001486799773325033
row_037313,0.019028057544566945
row_026928,0.04502627852590224
row_011707,0.33790001036285633
row_039174,0.1745404217154358
row_048467,0.002411672436645872
row_034298,0.6595585194496179
row_016828,0.6210415905349476
row_005612,0.03864657844975229
row_036737,0.022358329098968625
row_015236,0.008151425491333127
row_021637,0.04304472167063608
row_012117,0.04786947905031527
row_018979,0.4327945862675264
row_019490,0.025124998913334525
row_030721,0.7457648083048732
row_023984,0.47405586323760196
row_003174,0.4237593163324233
row_025014,0.019255657428060662
row_012165,0.027017630921097453
row_005713,0.11146225952408022
row_042747,0.08401242257617929
row_021863,0.039257412447448264
row_004323,0.7895859458028985
row_018557,0.01032726873039685
row_047980,0.4803088469065559
row_043300,0.20319283702619367
row_046451,0.01401949252731761
row_025878,0.02585335056991991
row_026433,0.17156643904683752
row_004093,0.14576284408766743
row_003257,0.0668493612131267
row_013231,0.0422581377741674
row_025108,0.08777789672004335
row_046138,0.020056597265525555
row_031520,0.3832754095603407
row_040699,0.06965768951072855
row_048796,0.09775733449937109
row_023641,0.2119816668157689
row_036856,0.5365851221285106
row_021159,0.3112109544994933
row_009911,0.10901347044634246
row_022224,0.007579890990414429
row_035129,0.0022169667776882254
row_044070,0.21001368212455782
row_035457,0.015925102812894998
row_022180,0.1890660012415623
row_049333,0.9933641495549107
row_049062,0.9891375467891814
row_001514,0.07311130860989097
row_025319,0.21177875018376924
row_008605,0.004908373206353492
row_004134,0.0013872214837643865
row_019126,0.048911689502734564
row_000918,0.40219819762625925
row_041147,0.4967117824888893
row_002714,0.06011995430128282
row_040408,0.24103940016923414
row_015709,0.020305274985698476
row_001785,0.7003093486275708
row_044547,0.2107292061823814
row_047251,0.0670768699720304
row_018662,0.1899639734121781
row_010229,0.095449754166013
row_035548,0.02570031552896757
row_026556,0.48931579100909656
row_042094,0.006298119303218069
row_028754,0.5430683639043749
row_037352,0.01028186229874024
row_032439,0.0004539348581276431
row_009868,0.105600049521896
row_003258,0.1229915713938623
row_028902,0.06473906639013766
row_008056,0.7548361011919532
row_001700,0.6063119850567396
row_021268,0.169802049310782
row_024913,0.08416751565290492
row_030614,0.23812325520580266
row_037010,0.046180296233521344
row_012379,0.8169767521124448
row_030507,0.1673548040138908
row_024282,0.0010178368252528737
row_028866,0.043329582903344904
row_037036,0.71144771634681
row_048375,0.04545089592086794
row_005395,0.8465923256345762
row_044125,0.15558079130209596
row_011674,0.008027299558147951
row_004217,0.0033204240971257187
row_005564,0.5675097561099789
row_012115,0.24411748559598703
row_034615,0.21351920697194535
row_002161,0.08772998796565269
row_034455,0.6878077150863524
row_040073,0.6039030862856337
row_032950,0.000407587707674397
row_025755,0.4080063237108951
row_045424,0.061721900359039884
row_012527,0.3897558828808484
row_021681,0.006250667661461874
row_016692,0.15320059483669862
row_025772,0.7590830799003706
row_038218,0.0440038445865333
row_031651,0.003574984044400522
row_046522,0.3306307905031009
row_042433,0.015867498076838
row_043727,0.006144134144996139
row_043925,0.07688648636890437
row_017419,0.042631634513040896
row_049374,0.14092238151710582
row_031322,0.9343135822365166
row_026257,0.047939535162020736
row_017839,0.8364809834515433
row_020404,0.010848371117777936
row_034787,0.43938870174898836
row_039786,0.15108816581730203
row_036428,0.06444920114708938
row_029171,0.9012650852463212
row_030635,0.004930560953189487
row_003823,0.12369743393253568
row_009185,0.9716571493872693
row_038198,0.02237676530521684
row_037647,0.018339462883308438
row_010935,0.7040792828774364
row_020346,0.7837025279880072
row_043682,0.004100000863779334
row_019841,0.04044534433128501
row_018104,0.46385773156791676
row_038415,0.5673702670184476
row_038157,0.12394189904385643
row_043247,0.600543028866055
row_031191,0.06703187603049118
row_044117,0.007151698882957617
row_012235,0.7696928788336406
row_010897,0.007751743435278032
row_045179,0.0015109343543717574
row_049242,0.2079829035677345
row_014874,0.033467138993963384
row_010156,0.19357055948510402
row_041554,0.08236961503599534
row_044368,0.14128814766903378
row_035730,0.01795375569045357
row_018709,0.02264264733227735
row_044575,0.10968699542503725
row_018977,0.0008294350091732089
row_023536,0.47485173786564794
row_028813,0.2684167776658885
row_033309,0.5312078112829195
row_003640,0.02908153156041013
row_009693,0.2806768942951075
row_021322,0.06709824984747631
row_013734,0.04070332629970476
row_006863,0.006053450533278066
row_039725,0.2149045209186089
row_046457,0.35811284380468317
row_036728,0.01841752624588196
row_035389,0.00917984245671047
row_018278,0.963015876583594
row_007595,0.0011436583666916908
row_049756,0.010571007524324497
row_020345,0.012925715775379562
row_014909,0.043325232420494596
row_006638,0.0232304336466763
row_031192,0.007948212783683658
row_037013,0.43397299857503574
row_049100,0.6067090019416149
row_020298,0.9821014638293646
row_034899,0.05881911694842462
row_041383,0.07751995045337155
row_028919,0.08924804756473785
row_022511,0.6257541890913474
row_016123,0.1636722396535451
row_045901,0.02027118855516882
row_031785,0.8470327163084982
row_013715,0.022170545582118825
row_044852,0.0841653628759486
row_039034,0.9899760789908347
row_011570,0.10417307318847616
row_019964,0.607097439641071
row_031565,0.82448171008807
row_019015,0.006498576714769223
row_033887,0.007815546416237194
row_032597,0.43327764283609455
row_000376,0.1931255736236194
row_034112,0.006450023193276254
row_024616,0.12106269579826728
row_043388,0.0009709979419553885
row_020614,0.23173189441019215
row_027260,0.014633133053539998
row_009202,0.00261257647701356
row_005266,0.07595972112469801
row_025501,0.48481788445670654
row_038702,0.015505115586638458
row_046025,0.013529570380095987
row_046185,0.01753259382994168
row_023883,0.0027359312015216145
row_017604,0.14366134351077117
row_011541,0.005841413577548034
row_008665,0.152985621610188
row_012231,0.041287383098155
row_039095,0.15183071172981794
row_016634,0.0014356894993819082
row_041542,0.3515924560213296
row_013895,0.02098081131751423
row_019440,0.13392343089221814
row_000432,0.2913200610062521
row_009837,0.05143487864706948
row_011477,0.0053326564019276585
row_033926,0.08022103557133857
row_039834,0.06432191024212588
row_028933,0.028073337250510713
row_014028,0.2305116919687423
row_001196,0.27241475457522835
row_003562,0.028872517150374047
row_002803,0.04518504471436196
row_039659,0.001232698734577127
row_039982,0.006431731540926635
row_009397,0.07231632449514189
row_006436,0.00124147490862027
row_027472,0.10981843758566989
row_025398,0.8168233983435798
row_020103,0.00021970164539595084
row_016261,0.0710974536413885
row_029710,0.04980641978537718
row_047850,0.032189539217140566
row_047997,0.7537796538295198
row_026480,0.020845498598206405
row_044554,0.6441962580163387
row_033747,0.04896956997727923
row_015104,0.39373484045014917
row_006304,0.0005616593764029632
row_039038,0.8808472587121235
row_033180,0.42580810306604305
row_044484,0.3599896249434904
row_047077,0.026365208556867678
row_032139,0.22585992843560262
row_026190,0.0050204616601970155
row_032171,0.06146429503814379
row_044312,0.0009647959451549482
row_004563,0.26720425779783924
row_045042,0.11690159590952781
row_002434,0.3706720662422376
row_013577,0.047386957392898374
row_020732,0.0015315073110350637
row_001361,0.2968184940463281
row_039923,0.017494785288465167
row_046840,0.020137844311493923
row_003964,0.31371691765208987
row_035170,0.027422794094011018
row_038400,0.7659181432685758
row_049402,0.0033393472671512893
row_020172,0.9697971741891398
row_036526,0.4249049277698424
row_009477,0.05997218122137102
row_016601,0.14833850900723827
row_027278,0.009810522048707979
row_002899,0.306892637565236
row_012712,0.025623373697320314
row_036464,0.06342076457130595
row_029675,0.055604740881366695
row_018669,0.027799127360222393
row_033055,0.0036866150302525234
row_005684,0.10384488393523296
row_033427,0.15705280593993617
row_016531,0.14440095523568583
row_030312,0.3434753511623178
row_007173,0.005999013252980856
row_013264,0.07166257915305645
row_013446,0.006494214459657681
row_037795,0.23308954404028603
row_046375,0.7250949652937787
row_042872,0.5665389617395523
row_032036,0.02896536533948465
row_025184,0.22733258812363
row_035169,0.06061622067626692
row_017924,0.8112350957305027
row_009335,0.08073335897335521
row_011243,0.42691858605734284
row_028759,0.0011978007956771515
row_044631,0.02673246821443671
row_011534,0.5718073808628233
row_040607,0.1144118046986341
row_002019,0.033467312104520926
row_019068,0.0789065964885476
row_032618,0.7838474273813345
row_038063,0.08392004876230702
row_042687,0.007255869074123504
row_040382,0.014347730576296529
row_020888,0.0050718556776620455
row_036159,0.0008472653687208721
row_028749,0.24724220570728564
row_048927,0.3310518176041146
row_048259,0.2540964882650724
row_038365,0.0028025123459148567
row_048654,0.3675829865297534
row_026584,0.01614409883663527
row_022599,0.023848796610019957
row_038717,0.38156482711654716
row_028622,7.766840694004216e-05
row_007958,0.03324802298781503
row_035816,0.11315685842096129
row_047881,0.04181993837664725
row_001276,0.17787928093988042
row_049901,0.4375015125545321
row_019222,4.951034951724304e-05
row_026998,0.15582856768907283
row_001449,0.04231872952012141
row_007244,0.02010418143299076
row_030008,0.5947795792238836
row_044669,0.7438146070869663
row_005045,0.34039658796818634
row_031714,0.4197394127022587
row_022188,0.008754274592300272
row_005264,0.4191062390335791
row_001881,0.012159294606118013
row_037148,0.9988445920144757
row_013352,0.028741546075380535
row_008954,0.027075981126766364
row_018051,0.21901897795862518
row_009472,0.03558114302704038
row_032863,0.9515319571116713
row_048394,0.4875140915470794
row_034097,0.9121074184534841
row_007464,0.18687823344603088
row_019163,0.1251422718852044
row_018507,0.06039290076300592
row_049214,0.19128795666923207
row_030018,0.3294240359140184
row_024635,0.00682261594673574
row_008799,0.013370792136084818
row_035260,0.062209171357058675
row_006606,0.05946000982404621
row_001038,0.23854050380239675
row_036285,0.2053985538160907
row_011328,0.12491699460741623
row_011098,0.03405949600281149
row_002407,0.2933473735523145
row_015764,0.0625315584455522
row_032641,0.12187465701728409
row_026094,0.21899008275958573
row_042593,0.9073176760358415
row_031553,0.5226619513061217
row_001210,0.6910570345239564
row_006319,0.019088772350813247
row_043555,0.0007741605599505332
row_008398,0.008891128632435628
row_017229,0.4014410103607373
row_031460,0.43709979663597553
row_034556,0.012631821038483442
row_003311,0.00807635600784199
row_023435,0.7663647102248743
row_030872,0.02819643047460351
row_012794,0.014062116411427563
row_032300,0.1955129535831544
row_047110,0.00588407186241415
row_022078,0.0037004735377968003
row_029265,0.02367699867698002
row_008919,0.030905663053578634
row_001101,0.11244088631538879
row_037702,0.9538612963061882
row_022671,0.06209950835226303
row_007254,0.21021868776272584
row_040264,0.0465488791880301
row_027835,0.046323769650862545
row_013322,0.0005938511086100464
row_028798,0.08837051700742676
row_014281,0.9690526602160213
row_038649,0.631544956656549
row_019653,0.06234036751794597
row_002787,0.09744743190221752
row_026979,0.38589463242796607
row_039601,0.9813284474360546
row_010523,0.5454090012822566
row_027291,0.10665562181868236
row_035044,0.04343528367275075
row_048784,0.0035510702983770925
row_007680,0.007154317545992954
row_000777,0.09548181036813665
row_048996,0.06104193651465887
row_016425,0.03989973613947712
row_012230,0.001272334734023759
row_027921,0.21477570168771384
row_047779,0.7072289991914319
row_048766,0.029257419639783917
row_020911,0.2619528787405029
row_007052,0.04115984150389843
row_007442,0.011074774893017674
row_005288,0.00816762980583205
row_001494,0.11344529512374212
row_015582,0.008204861582307897
row_021970,0.04975832737218154
row_042418,0.009965167775994772
row_047236,0.1059300666586223
row_020060,0.009741257399715634
row_023282,0.08515650338537592
row_014639,0.17069271545418305
row_004194,0.005002764754666129
row_030607,0.0014388685997527326
row_028133,0.006539401982529492
row_045262,0.9134105149740841
row_038205,0.183517113290449
row_014907,0.07948543624248809
row_044159,0.0140318148874447
row_003668,0.2756179329324832
row_039309,0.011933381276448381
row_034548,0.022194952334182307
row_041740,0.000442246836208973
row_015797,0.009585223812001503
row_049848,0.0794052293621146
row_041448,0.0963245860296447
row_020550,0.35476617185076365
row_007935,0.010075922179493456
row_002497,0.028467661116599836
row_045789,0.17471185767985625
row_020241,0.026965572701852777
row_015227,0.002022514253227012
row_033741,0.021758671218385154
row_042590,0.6789291958843345
row_033650,0.2524536898805336
row_041643,0.020885352771102962
row_017683,0.7517278157889594
row_010509,0.5155688019099673
row_045971,0.6273267133668377
row_026689,0.0009280074370609431
row_027567,0.014385649362534477
row_006645,0.006746549410833551
row_029371,0.48695814157545303
row_042814,0.04850205733888663
row_045805,0.29075728159830566
row_020848,0.029115980334706578
row_000650,0.00011413044372064274
row_027534,0.07398193261322493
row_033671,0.04329991826838108
row_040674,0.008350719015434197
row_025291,0.0024922572613439247
row_026765,0.15713941518500366
row_030605,0.028273562265626825
row_003919,0.017536421943460213
row_022136,0.08013143101810109
row_021104,0.19616731803573614
row_015344,0.2597017071867463
row_005760,0.9414281541086388
row_002880,0.0017527746439612987
row_014768,0.47010233286855135
row_049650,0.13099721600239977
row_016375,0.053154352059504126
row_039317,0.12142311290170787
row_011830,0.045067590120415564
row_004930,0.13263380640103678
row_017411,0.7705818357821675
row_021363,0.17422099186663237
row_045625,0.0046099647363233055
row_036005,0.16693398037002885
row_031755,0.37938717793191057
row_012743,0.24112929933937455
row_035727,0.8239005920545713
row_007408,0.7070459948614387
row_019227,0.38837593195965925
row_021680,0.001654046160969519
row_026260,0.002209061356360289
row_035357,0.08540883521680279
row_046156,0.007982546754970099
row_048890,0.017901670679072206
row_027125,0.8599257050961377
row_028916,0.04989810841772519
row_037758,0.008177456568648352
row_023336,0.955794671467617
row_003134,0.018010152008035286
row_025876,0.5299698272644895
row_016077,0.10856238048077631
row_041811,0.41727375528669286
row_042661,0.3943276969175906
row_043454,0.005148465878694893
row_030329,0.4162024885012313
row_026738,0.029580414427579634
row_041510,0.16960282374719923
row_028197,0.043860899699474536
row_013777,0.002193508245424261
row_014969,0.008153409540634763
row_000120,0.01962958684129397
row_006886,0.014302233753672408
row_023163,0.5303959227331078
row_034579,0.07631348825893587
row_006311,0.7349936433979563
row_046758,0.021171271063604107
row_016777,0.09234523463424739
row_025940,0.2974791132255044
row_023135,0.63351079770832
row_003320,0.9449091548949061
row_016109,0.05207316336089354
row_026643,0.021473630078565557
row_008382,0.05576083438686281
row_024175,0.835382418979285
row_044598,0.8184009047932952
row_028018,0.00485677233727702
row_006703,0.007434688501512233
row_011589,0.22535331965054933
row_001467,0.35540826300515854
row_035099,0.3714423703805314
row_013696,0.046546606964572884
row_010912,0.24922463655251245
row_021264,4.176762338027393e-05
row_044164,0.2741997434720823
row_037754,0.016873838343025638
row_021147,0.0030267750328328005
row_043942,0.0034561287407920325
row_002550,0.026951847518375257
row_024808,0.0065500169428310846
row_023378,0.02907629777058968
row_000962,0.054102084011915116
row_000066,0.026858319176051398
row_006767,0.332576763089946
row_018120,0.05594301343139465
row_043045,0.09880250830704039
row_012159,0.4946522522796782
row_007604,0.42062389611625695
row_037833,0.015778449732260526
row_004911,0.0138800890766694
row_026912,0.02819101578145747
row_042898,0.0011683939674822245
row_043877,0.004410675290454796
row_035475,0.24466925161510145
row_034518,0.14844484698645585
row_042722,0.05070848710262016
row_002216,0.8738536498786982
row_038146,0.24463500305889455
row_016308,0.04738543376146396
row_030573,0.09757051982310534
row_000308,0.0004902826148300368
row_006835,0.00195398338791801
row_038317,0.5924611583087759
row_018033,0.9720592156647815
row_045344,0.01838027498740516
row_031311,0.27547398725133354
row_033788,0.07874446556550498
row_039516,0.06443843882186241
row_028257,0.4532343418895329
row_005353,0.04768650540677266
row_011626,0.19610443960415433
row_045932,0.001240722256820153
row_024520,0.8514322666700858
row_033472,0.23700618464755063
row_039005,0.21183401656589482
row_039658,0.9998608107687378
row_003247,0.300385641356303
row_030446,0.07250411610412942
row_038849,0.49547640328444764
row_036248,0.7831523783935942
row_023547,0.27179576193566135
row_044465,0.23054317834054114
row_009631,0.1790060325203856
row_036549,0.0008698505191524398
row_011499,0.04761183920337435
row_038890,0.0020160408241044108
row_014741,0.05308014858147409
row_043836,0.2766385031201882
row_019426,0.07801658069804354
row_018345,0.022456158425526417
row_036673,0.04052913493633071
row_041364,0.5676885342304312
row_045196,0.72897195856578
row_010531,0.3851993411855077
row_022236,0.00872493971094568
row_033244,0.7893150802702861
row_014507,0.0887808914200725
row_019805,0.43639790082569113
row_008440,0.03792813020630189
row_033503,0.0034533885686804646
row_029688,0.0019675924067131226
row_032375,0.10488158256514267
row_039331,0.6668077072991175
row_016834,0.6236832584151999
row_010793,0.0347631065675223
row_013060,0.4069878050018892
row_009885,0.0219843909353461
row_029760,0.02166593115773424
row_035387,0.20759606548489146
row_048365,0.9938832441356387
row_044892,0.9871986601297222
row_028882,0.14432849404095252
row_037781,0.15150952978998547
row_047301,0.9376513620444139
row_014570,0.35686971760076136
row_023409,0.3647965074223204
row_026737,0.031529680586243
row_031284,0.8625210484681015
row_038637,0.2700040233112095
row_009395,0.29580194563029955
row_015475,0.07362887198650576
row_041832,0.14114735917712284
row_016011,0.998529713817471
row_024156,0.2903809068314241
row_041350,0.395383864459378
row_002360,0.003938627226992815
row_010117,0.005788597779504006
row_013631,0.01000975104997311
row_009060,0.1682056635615979
row_010278,0.00012258681933464315
row_009214,0.014673959459098702
row_044790,0.09143426802753987
row_033936,0.014599606758260832
row_003995,0.08681392601010467
row_036855,0.07791026022024644
row_026878,0.08632500639749763
row_022712,0.005720549857114553
row_026069,0.039539948154135515
row_009762,0.9769428938436843
row_011778,0.622962891125681
row_001272,0.0031275129919160704
row_011485,0.012842226174926528
row_021260,0.026965872010272365
row_002557,0.06472035057626553
row_021225,0.05869009183240536
row_001580,0.25080267982641
row_047155,0.10811554671109908
row_018362,0.39228318258314454
row_016978,0.08649633453106495
row_031717,0.3105483130699543
row_034821,0.010419578491262693
row_039691,0.06705326968323448
row_018116,0.001992539740914367
row_025130,0.10543743198555029
row_006320,0.007590282336822783
row_047598,0.024226706422221893
row_026710,0.00017054811244570452
row_044872,0.025023411942008987
row_010198,0.2857745784526791
row_012939,0.13272452849698815
row_017624,0.9467175522077901
row_012491,0.17337199552636606
row_048428,0.22450530687702397
row_049534,0.6886664404049563
row_009443,0.005305550297045007
row_013890,0.6584941871571289
row_020111,0.08130104169326514
row_041966,0.07228386915331297
row_039909,0.14653543706160096
row_032923,0.2038528605064249
row_049634,0.06820048969992903
row_045671,0.00045587427595457673
row_036209,0.3530880303154075
row_041702,0.034291849230942445
row_044195,0.713107414030099
row_001036,0.1431801537228106
row_007019,0.006052710663104223
row_040757,0.17969504299918182
row_033884,0.004333718635723798
row_006169,0.013001710099921368
row_046706,0.09596093851791575
row_049879,0.006441320938535965
row_037934,0.2972726797777019
row_039340,0.047482884577229344
row_040380,0.08483259408813024
row_046450,0.2373867212223688
row_007950,0.0297826072850021
row_001120,0.20917995845376802
row_039884,0.28581603068037814
row_030025,0.11842858756622664
row_044734,0.008154224802052043
row_026724,0.6623360518416239
row_011302,0.135783528671994
row_014775,0.4883439436710687
row_016204,0.22781697423926683
row_013847,0.015094012280279455
row_030032,0.032993920400805295
row_031852,0.07807425274143238
row_007941,0.5264416840026643
row_026131,0.03615404056628391
row_032549,0.8856541422829339
row_014684,0.6632863039093676
row_015598,0.3963214389755797
row_040514,0.06938515782688376
row_022061,0.04081816238239525
row_019321,0.09058539294437552
row_007236,0.2548211228356858
row_009093,0.9758223788773428
row_020721,0.2627207214556149
row_022909,0.0020260542313219783
row_009923,0.20999305565233817
row_024578,0.00623458768534504
row_022661,0.0009798403308309753
row_026422,0.0005079420834109557
row_039386,0.2831804003092514
row_046172,0.04084177987742972
row_049052,0.48275844829282133
row_042742,0.358204818019424
row_004604,0.8903651487753429
row_012607,0.0007572951759816792
row_032151,0.0022193078447042946
row_034327,0.06301000109063724
row_012622,0.002590739256758264
row_001530,0.30139315666790106
row_015574,0.006022217707736034
row_038125,0.006437904893333941
row_043557,0.058741826644933125
row_029952,0.042983022626379305
row_048879,0.07373488190746928
row_000040,0.1352619004346834
row_011467,0.008593457414334952
row_040592,0.0011131975682194687
row_019421,0.005264078483456415
row_047711,0.06326228570798421
row_048278,0.30565689739608126
row_039852,0.0027044966086959116
row_028213,0.022152859442338725
row_030468,0.7147799718030698
row_039596,0.2411104775786583
row_034634,0.04707409179562181
row_024785,0.4724158326426857
row_030729,0.014840205769186762
row_045641,0.09890729821632627
row_032330,0.14799260143119664
row_010083,0.021348001921606786
row_006601,0.13475917862996242
row_009727,0.19877574268142084
row_038910,0.013547615385400466
row_032827,0.0007121296010890835
row_002609,0.018802793117923145
row_028115,0.04467484318452931
row_009225,0.06556687429735006
row_006800,0.4135760370543013
row_024024,0.12769285288588655
row_040070,0.0173703845984375
row_030492,0.016611056196599767
row_038633,0.020876885595755075
row_016997,0.020017350781626694
row_017981,0.052497369062210704
row_005301,0.008896354831789601
row_022570,0.044116517288197994
row_026346,0.08413728775015525
row_001529,0.020297918835572692
row_013718,0.9566467124674142
row_020908,0.0389447822096698
row_030837,0.6159316593074361
row_008244,0.09942434070463989
row_010483,0.026778182397318176
row_046650,0.12767145779584305
row_038181,0.001547355199927956
row_019751,0.9886815258144892
row_044178,0.16282235531941006
row_027852,0.05678338119473753
row_038793,0.5671135634242307
row_022636,0.2367311690046186
row_022284,0.7937381603325371
row_024141,0.8304497845130758
row_041271,0.07891642571917572
row_025913,0.0160121003666732
row_019513,0.44386768808287347
row_031966,0.5510185420671284
row_035997,0.00848706430994741
row_042911,0.006487005655339771
row_026191,0.004131023505573582
row_000997,0.14145847647602028
row_002514,0.4480392014098508
row_047048,0.07071643037730677
row_002065,0.37011480903906124
row_048173,0.013088109171327151
row_028107,0.08250150045830373
row_046966,0.02390364080875563
row_017860,0.0012149484306631588
row_010251,0.5487881838967075
row_018050,0.014645648415894604
row_025456,0.020717015505800813
row_042762,0.7070685080669774
row_047490,0.07102003180060543
row_045959,0.9075235388025142
row_049059,0.018954981791824824
row_024253,0.009506388765632945
row_021892,0.016898088994460277
row_008255,0.0018610326421627922
row_031531,0.018002850242082088
row_039207,0.21207895049181616
row_043175,0.15991153837740704
row_021839,0.2861295499872091
row_030236,0.01647470438082302
row_001649,0.018828269706030767
row_000322,0.09108852905978143
row_036632,0.9784978031083148
row_003700,0.4728940114139427
row_019274,0.021331546626544313
row_043443,0.28919061368854715
row_043943,0.002839135453790885
row_047307,0.8173716292651535
row_027392,0.00020663481400306604
row_007895,0.5347042112415198
row_005223,0.055509334054411996
row_021975,0.0015599361609670225
row_004973,0.669863959151782
row_003216,0.10001489808894194
row_023034,0.12755175800047372
row_023783,0.015361212835409295
row_029517,0.009931837104762451
row_004066,0.2927102596636372
row_022643,0.2557464199303638
row_022791,0.001992061888294397
row_040801,0.0031467126117533605
row_033597,0.5101557441383523
row_001777,0.00890805714997373
row_000357,0.2717290832027431
row_034474,0.1604295044207915
row_017814,0.06277635686861383
row_043344,0.010274585250731801
row_001743,0.5767964948520568
row_044877,0.00624507304396453
row_009929,0.057987328325535936
row_017090,0.032334539864652116
row_035682,0.0414930795579252
row_032721,0.15699116849385106
row_005757,0.24762540051375395
row_028724,0.12539534644431377
row_026092,0.0024691758878360474
row_033030,0.08277706975890117
row_019357,0.21040048764475544
row_024504,0.011609911880187571
row_046083,0.13606066845691325
row_000144,0.6409722353248383
row_016371,0.07275326482325782
row_003687,0.0031887792896315107
row_022223,0.8825436811851459
row_043303,0.004071703681671028
row_032126,6.0041694735454234e-05
row_011679,0.24162249547771847
row_038736,0.009307716407856556
row_037532,0.5003418389849094
row_013113,0.09208680121110159
row_044200,0.009961916435485645
row_045525,0.19756349445288934
row_037169,0.2597160947377226
row_018520,0.11580484785899148
row_012816,0.01052291128790819
row_002343,0.16617254470074735
row_047704,0.9378767223893264
row_038087,0.04078411208574111
row_024257,0.20068505637939188
row_021986,0.9551374999187907
row_010839,0.04417339658554607
row_001035,0.010331655416933105
row_009153,0.0034470914291175572
row_046495,0.006795427491186038
row_020163,0.405665612246144
row_048748,0.0026488830587283446
row_004643,0.4269327132259073
row_018443,0.002767379260260397
row_009560,0.023015723425691737
row_039399,0.5291125154595908
row_029084,0.018746030208332713
row_000913,0.9708933887412087
row_042851,0.005079227564446789
row_030214,0.07969256506065255
row_002287,0.6701507784226405
row_000722,0.04454173214281897
row_022856,0.035762375342659324
row_031603,0.22895740241733345
row_023920,0.09091244416542683
row_043492,0.7769669243684205
row_020777,0.8889865162354633
row_039582,0.8473071116396748
row_003239,0.005301809162627138
row_035305,0.04019404653771639
row_005753,0.9365289132265116
row_039258,0.8733482358124244
row_046392,0.00022498302658443178
row_023268,0.11164527308346857
row_035946,0.09098353485000223
row_030101,0.40113557900710906
row_037354,0.004480612864141343
row_048177,0.02071706460234471
row_008009,0.9603165599155015
row_002686,0.023849444534135966
row_004448,0.0808250550089361
row_045599,0.31641951911857696
row_027194,0.11008557347584023
row_039447,0.06497709003904686
row_009374,0.013026007214322545
row_017580,0.07103138942780127
row_013525,0.9857588324781877
row_035281,0.016448801093753556
row_040389,0.011852619794680826
row_025463,0.12563066012168417
row_038046,0.38210766342257974
row_010363,0.13092841255276227
row_015380,0.08432217001284431
row_049768,0.5356569076020938
row_013711,0.000954973167508104
row_045045,0.07039492417810998
row_043866,0.1659095472036697
row_041775,0.019503179780075174
row_030173,0.09406824794052172
row_016436,0.0012674214694664275
row_038169,0.1884522372405013
row_036480,0.003017959235229788
row_049619,0.012473967901174398
row_013115,0.004020238216157483
row_001149,0.060130304025968
row_005211,0.12481958967349456
row_024999,0.943662445440149
row_017886,0.7071448833237638
row_021995,0.3601516519307343
row_041209,0.995924921670704
row_030054,0.014431153859573005
row_014784,0.5459114403230454
row_007289,0.09942912277463414
row_042110,0.3712318354079182
row_008419,0.4825463925928057
row_018756,0.3556912544478988
row_048760,0.38651518650738964
row_038888,0.22662894646802736
row_036604,0.9892525348846756
row_028830,0.9972842821380657
row_009115,0.38528282058996866
row_043317,0.005143665027501458
row_019553,0.022732492843490208
row_028821,0.0030463609168308995
row_015033,0.13614872412402115
row_042318,0.00209930073281931
row_037955,0.1763280065001593
row_031532,0.32113173371065795
row_001882,0.14539608906436727
row_041243,0.07129226481910945
row_009588,0.04845653359043903
row_032469,0.9919248706777917
row_037948,0.037266993455369844
row_043845,0.015003334913515588
row_017546,0.0026255088793196595
row_048131,0.05678397585166859
row_016844,0.02138301546977737
row_039130,0.2675879869501185
row_026302,0.3924754278238916
row_033657,0.10839013280050372
row_031303,0.8024320390923029
row_046463,0.3448624827295055
row_022952,0.05339692559700747
row_013179,0.20053727249586034
row_049679,0.0010784185957184317
row_044109,0.8862089107682367
row_015206,0.009283684558548992
row_008599,0.18168788436796118
row_013963,0.0012221910699787167
row_024874,0.1398832729816519
row_022968,0.18892641284664533
row_036084,0.013259262319452025
row_038912,0.007328953463276719
row_027315,0.891411601774578
row_027997,0.0008255873336453558
row_010753,0.14340294837890666
row_028846,0.8526651078599056
row_012014,0.513442500304924
row_038939,0.11398079431522981
row_013670,0.00342501732288906
row_021729,0.00839642829603353
row_046132,0.08527475836472141
row_041762,0.020267103512503843
row_014729,0.01832324931872158
row_002768,0.029263357713961043
row_012278,0.09482080990380029
row_041570,0.06741974509879738
row_015388,0.1574052693134669
row_048651,0.03671594222519358
row_038411,0.5569742213517681
row_032708,0.042831051273755937
row_012184,0.4063243414912545
row_035344,0.5816442824796388
row_040770,0.6358126856805338
row_036092,0.007278728781155521
row_047308,0.500477697246668
row_021187,0.7763742382296508
row_031616,0.017240358822054706
row_046985,0.2962007490960799
row_004868,0.00966340433622348
row_023689,0.2075921948848695
row_018280,0.44281019568232705
row_010041,0.03916347997800269
row_007975,0.4995323056170794
row_004280,0.3520086718524622
row_023527,0.3736775752131257
row_005384,0.11871350157653399
row_049116,0.013320029818352393
row_036268,0.24577392062327058
row_041380,0.0054986145988687755
row_036025,0.016545503536871793
row_006288,0.09371595715600765
row_003005,0.728827580474543
row_010569,0.14195227905792113
row_007276,0.01887130730601677
row_013900,0.003818807284396919
row_034976,0.020927709349718663
row_037681,0.011462926213659123
row_020012,0.9997243847952404
row_032729,0.18798267046482112
row_022122,0.10181386078178131
row_018794,0.01926073376277767
row_007864,0.009811418514104303
row_008463,0.0012345128142526227
row_026514,0.9945323567227926
row_037744,0.005612511222117533
row_020664,0.010541759878958397
row_019161,0.07595814361016696
row_036676,0.6814518419809358
row_048239,0.006483216665962801
row_017833,0.030282366866727216
row_049194,0.1479057837703086
row_027222,0.014406409281928071
row_036930,0.4885881149523582
row_035701,0.16301488694271996
row_019443,0.016578480733421348
row_010265,0.0170516601197455
row_018466,0.011062375240480144
row_015793,0.017847125625418483
row_038388,0.7855982662100907
row_028966,0.6775236317848978
row_029551,0.0005524796109008989
row_031029,0.05319577637958262
row_019244,0.007568402976780239
row_027206,0.053980485094636585
row_000086,0.5972605588889133
row_013898,0.004756879243663195
row_040490,0.9208972365140796
row_029156,0.49860283200226935
row_012151,0.08899867222009658
row_022139,0.9335890094904551
row_040795,0.02201445453708416
row_004830,0.40874059900248133
row_001939,0.09870794475869327
row_036276,0.1437024310524316
row_001053,0.6692317714076047
row_004783,0.2807365519112562
row_012976,0.8312870044930726
row_009076,0.03570144438302418
row_032905,0.920886770800738
row_000059,0.09000518416874873
row_041535,0.2047816673511613
row_040842,0.09554912704525856
row_033886,0.14349047870900775
row_005309,0.16172691781095572
row_040320,0.2840575932861672
row_037305,0.6101183751318091
row_038604,0.04865302170227457
row_011495,0.9920473697477068
row_013621,0.9624702806814166
row_004781,0.29622684843210995
row_016391,0.08713821484229915
row_049796,0.15116745273462645
row_031279,0.046213377834910294
row_013843,0.000395901625674689
row_033704,0.06205232535571835
row_018139,0.7187955611671488
row_034447,0.07902305934724722
row_035697,0.25887961734057263
row_036618,0.010659392633697551
row_005949,0.0017329384131988751
row_023329,0.047450764598708346
row_038405,0.8619722284206772
row_034568,0.26163437561963276
row_048322,0.07777744747525231
row_001701,0.09770628405421222
row_042608,0.8098759369654578
row_007829,0.16093201330033244
row_022728,0.4599030645351425
row_049880,0.0026724776153853077
row_033308,0.08020463703051742
row_029590,0.20449011041976123
row_013056,0.030607794479995357
row_004814,0.006840144046054491
row_020877,0.0032965767454197197
row_049862,0.008348763714298204
row_008273,0.006846547153694226
row_019868,0.03609272829994542
row_048519,0.04955105690243491
row_012025,0.3306571507872156
row_014812,0.998577937753728
row_031942,0.23551373124286
row_020115,0.06992356982682495
row_015552,0.0705797947860174
row_031915,0.15737113045253232
row_015775,0.03687987263444067
row_033452,0.06523844532419946
row_018432,0.009099473761196804
row_027141,0.032920478684735785
row_035725,0.0028843970203013282
row_045264,0.01992089695237464
row_033148,0.12835531118491866
row_027752,0.1011364423386944
row_008291,0.000601587471502029
row_027034,0.001853753554572458
row_009892,0.0018675032545660303
row_002459,0.15101300025204684
row_039448,0.03380567841877463
row_008033,0.5338317853511503
row_021874,0.07338223261253167
row_036521,0.06681018455534288
row_001289,0.003520930708852805
row_011227,0.9294847923706778
row_013959,0.016997434074910802
row_006173,0.004325545829901193
row_046069,0.19081182449197678
row_035825,0.015874815387899418
row_048772,0.0031077300013124458
row_031201,0.037781626758115174
row_010810,0.9932589321869365
row_033625,0.2469099781870196
row_036002,0.016091339624829004
row_027463,0.44342360407044706
row_011359,0.385703678769327
row_007197,0.09935742611900852
row_030699,0.148782741616753
row_036290,0.07125912194215234
row_031969,0.009982449441248775
row_040236,0.23796478687660405
row_047198,0.8468557494676608
row_014823,0.0023995530912215156
row_016008,0.1798310992443582
row_017829,0.18039366501854123
row_026137,0.13518901091493946
row_038066,0.17309289329728875
row_027547,0.0006552248426541844
row_021269,0.02849098078683294
row_001605,0.007131706571342993
row_027424,0.008425454493905204
row_001129,0.194924664915485
row_021629,0.4672660005930112
row_020228,0.04852288140716286
row_004483,0.011810991816611587
row_038016,0.636650153728471
row_031124,0.15636421847223902
row_019024,0.011218562592972785
row_029400,0.02991353210634834
row_002800,0.07220665814800419
row_026539,0.12027885526473422
row_040036,0.39109191736943477
row_003713,0.10580718850361315
row_008272,0.03982945812058946
row_000031,0.05168582249973039
row_011479,0.26416892044839424
row_003742,0.5620583382393315
row_049416,0.039467948563871535
row_009666,0.9941060604661465
row_045941,0.1499789574630474
row_005591,0.5475436873676739
row_049855,0.001152499071435433
row_021704,0.5250535989909608
row_010954,0.05105525075639495
row_001240,0.14152333301221787
row_013399,0.010486267228615427
row_002735,0.29531344883367466
row_043256,0.3599168423398293
row_016106,0.9613018096158251
row_004819,0.001382210977821126
row_010973,0.9723194123082576
row_001236,0.4403279163929817
row_008007,0.005449879462123058
row_016806,0.018357303445629136
row_016472,0.9862696982811197
row_007611,0.07166957002300021
row_023249,0.030178344064266012
row_024558,0.016803479641294583
row_043920,0.005461308890056691
row_036360,0.04323214558033961
row_044498,0.0118017051464271
row_026074,0.015751145720155436
row_006386,0.14504079546244306
row_044762,0.44815123049100214
row_048787,0.1422245801305227
row_047162,0.7671013078371387
row_000353,0.3519589325724423
row_025375,0.7664679438747183
row_041609,0.17855245178680063
row_046260,0.31596670635173807
row_049718,0.013376418198846655
row_006336,0.007964804037552958
row_031530,0.13657557240858578
row_045573,0.4908319817152546
row_043646,0.9071609237857852
row_020133,0.5475209951461746
row_029234,0.5846846681490925
row_027341,0.04880370561424364
row_046734,0.006968583404933018
row_032398,0.551405441331111
row_048639,0.019602310280468285
row_043078,0.35571008044630725
row_037137,0.23168488648859936
row_046662,0.00044914078699799347
row_017866,0.15539644796001587
row_001614,0.7307263394636698
row_005687,0.6769956811611261
row_036738,0.08774790723923045
row_035471,0.8056629054121855
row_019067,0.27209661972885635
row_011742,0.013267141839786313
row_000605,0.9904550327922842
row_021426,0.013700983556438843
row_046947,0.890847690581266
row_032907,0.24519270351760494
row_026915,0.022473057122974528
row_049970,0.8796407313274917
row_032464,0.00693121312610053
row_024477,0.26349810113504474
row_028019,0.07814354657530467
row_016659,0.20304670416161855
row_010571,0.0049113801739002014
row_028743,0.016855718677756867
row_013117,0.9845149446726524
row_006942,0.3279523057081154
row_035721,0.4994833874328945
row_015883,0.21251668391701495
row_008324,0.7024663532327835
row_034880,0.5647228805465057
row_041532,0.9979057297491856
row_008269,0.8526190031656212
row_049476,0.04770296300454076
row_023891,0.40073409711368063
row_013258,0.04946501526277451
row_043745,0.005811172501911491
row_031318,0.4160629873872301
row_015751,0.002039471117278346
row_029316,0.05067570499923225
row_000936,0.007507459466072152
row_029750,0.011906900914861365
row_015716,0.046222834655293095
row_044722,0.5544193764238554
row_030463,0.011508998049960896
row_031980,0.22041571529118667
row_022245,0.9511533512527444
row_038668,0.07212108827404745
row_044823,0.8639375709481093
row_035998,0.02802753019168879
row_018425,0.028534349516439395
row_046291,0.28332341952904294
row_036574,0.0016543295660804377
row_036320,0.4633151576413473
row_017110,0.6327562749881733
row_025173,0.7915235642488101
row_049407,0.5504021131710843
