id,target
row_007104,0.1549203486531975
row_006043,0.011069206138895733
row_007861,0.008717554646280119
row_047137,0.016247107838454903
row_010138,0.028545583776456388
row_023073,0.0056894792551999964
row_035683,0.542800742365841
row_022781,0.038639777316818336
row_009191,0.0019031888449841331
row_032489,0.3028439716170532
row_015546,0.116190961903967
row_004831,0.01524353780397396
row_049662,0.27750618696433826
row_002801,0.030520637520146436
row_018161,0.29870095431437677
row_027564,0.04288974248404539
row_022650,0.9980086405011139
row_022115,0.07267215326042792
row_045437,0.019523556159431767
row_022832,0.0009345497888026698
row_048862,0.023463063653168408
row_014485,0.0009117922594659259
row_036301,0.00020883361323435144
row_043639,0.01599762257276787
row_010817,0.2702786027524353
row_022126,0.06107451141472744
row_010880,0.02816047566525366
row_012312,0.9565001920852412
row_005242,0.9629660302080679
row_027006,0.0025046157410513214
row_045606,0.35520745742938575
row_008741,0.4128520048015761
row_020854,0.20513010725814804
row_030178,0.0013379243780843927
row_046981,0.004747513979968067
row_025209,0.6083735186286231
row_024462,0.8418936845583433
row_017511,0.0008711575138206298
row_041636,0.0032234405715979905
row_013812,0.9326191401015617
row_005663,0.07768269962237669
row_005356,0.0014276852157243565
row_029800,0.001014241405462892
row_049910,0.007376119279953946
row_018548,0.0003694446383010516
row_000642,0.920489757359462
row_030807,0.012685526829545582
row_024854,0.9059459773103626
row_002522,0.00311929292457726
row_002142,0.0769775443404124
row_012057,0.2611066530163709
row_040457,0.021315109183606636
row_049293,0.6511961316407159
row_023111,0.9993325785881289
row_005843,0.03323105249548037
row_049938,0.3765521860258621
row_014835,0.17971807534040304
row_016185,0.0370493116160607
row_007562,0.7205813403190595
row_036421,0.014309904125478388
row_026147,0.010309517479847066
row_045442,0.03365605830419952
row_004975,0.06602156079329943
row_029879,0.2453359019984115
row_006837,0.0010837199031868052
row_000327,0.00013830673977822358
row_016161,0.0007842446128037356
row_013068,0.02147977892844134
row_044235,0.00455090100794672
row_044023,0.0033041267548404745
row_044257,0.770522356744321
row_042302,0.5472752329852674
row_008684,0.031229360229058662
row_030783,0.14153684957533835
row_009255,0.0032409538328211657
row_044451,0.10055667186623118
row_039440,0.06907277490715152
row_024100,0.5122037809921443
row_033299,0.08980962150384407
row_038958,0.013492230457699244
row_029612,0.29688226503323495
row_045755,0.8658943721852282
row_010657,0.2594227524599537
row_003539,0.9312883518691665
row_009953,0.7130155422927857
row_000094,0.0042551215195876305
row_000672,0.6607697444451021
row_048074,0.9891034605997119
row_006680,0.9927714844401966
row_024446,0.03808302059522087
row_031985,0.04905641729839275
row_012887,0.004535904860953691
row_012454,0.0018031525550461641
row_021921,0.14243504360118125
row_009619,0.06976644155986117
row_023309,0.008073823019746067
row_031495,0.0025566940152270735
row_003688,0.9740380990134109
row_009085,0.005803479873060285
row_020302,0.007132184815447205
row_000946,0.2728678913085683
row_045447,0.2261315689403401
row_038036,0.08784762754182451
row_014204,0.999865453499716
row_049040,0.005601828044360905
row_019373,0.0062525534796172184
row_018205,0.21108626213019574
row_003364,0.04474558463965255
row_037797,0.08202744656795641
row_037037,0.9888909755023636
row_027438,0.06527701128458216
row_031650,0.9993573700459589
row_028962,0.0006634048558931225
row_035130,0.005174360266595106
row_007831,0.04842902507549222
row_027355,0.911700573811492
row_022063,0.20801177164163723
row_031708,0.39196156352708417
row_042602,0.7863854423091264
row_038963,0.7846672881005239
row_021513,0.03267356501607492
row_002471,0.8004328523877643
row_025835,0.04281782488347382
row_031662,0.02267511969127442
row_048592,0.2806764250814549
row_013935,0.3468703870273015
row_002281,0.149823183934863
row_000862,0.024276953746652126
row_033695,0.0009316197630776391
row_030694,0.13091326333737632
row_010034,0.007760582295044313
row_002009,0.024727212075278695
row_004645,0.11439734981749043
row_034313,0.5298759625108116
row_017791,0.0006208755182332577
row_040624,0.9116566272522787
row_013860,0.012267032303367323
row_036127,0.003440434064263957
row_038664,0.3435395408481021
row_018594,0.012621034614771928
row_008921,0.007934540982629069
row_015833,0.42798515502749634
row_020932,0.15658960508227554
row_034995,0.010439111786757823
row_005860,0.6896641932875934
row_010064,0.38729005208121386
row_046230,0.060372123963026145
row_021398,0.0013193564064969477
row_028710,0.2653578922713197
row_011454,0.0007947616117363992
row_036435,0.014062289041206022
row_028518,0.0009359601141814862
row_030796,0.0005426128595543602
row_032541,0.19107539995463155
row_039766,0.10167578394011209
row_020421,0.007339316124544033
row_039862,0.9797263370946163
row_035359,0.0006236988438546162
row_007202,0.09818361368429394
row_034121,0.006764845104013956
row_002483,0.0035499074831366697
row_031221,0.004340182434594398
row_023730,0.00037383406725424473
row_018283,0.003921246644226453
row_047132,0.16868955764727378
row_021594,0.402854535483201
row_018809,0.14685613467271869
row_026910,0.02268925222462066
row_026041,0.676138834934357
row_032340,0.06595305974536818
row_020980,0.04601401397612019
row_048279,0.8969401558539842
row_002913,0.004647072068668939
row_025818,0.9246589489744362
row_000333,0.010369026730861543
row_042882,0.7483840217280635
row_007509,0.06569391943903805
row_019691,0.23881270520836592
row_043901,0.004302046606180007
row_033900,0.014975404516001194
row_026186,0.009470777549017005
row_014454,0.0034188265372427674
row_036765,0.023561107486258576
row_005322,0.011030641938992378
row_034332,0.8946200592873482
row_013289,0.02246109074879729
row_011493,0.007950298561727315
row_036925,0.001568068177336565
row_022186,0.006846851881268255
row_022961,0.6929113683863912
row_030951,0.029340367992405185
row_029339,0.009769068225655528
row_027191,0.9164342296378484
row_006484,0.9791531057832826
row_039211,0.006104737491479132
row_040580,0.11391894430728772
row_038856,0.06949442866760405
row_015352,0.0064628817766215615
row_008338,0.24401630640725594
row_005673,0.009345582974048841
row_022474,0.023393571632167
row_032677,0.2738250974469653
row_037470,0.00777719715848858
row_018228,0.014115242744289226
row_017346,0.047977462550974084
row_014844,0.0031322612648106794
row_047809,0.003513489257196633
row_006851,0.5678491011356409
row_034791,0.03629328941109909
row_047794,0.13157145200473486
row_001489,0.8487526732281672
row_022739,0.007142829916356353
row_016475,0.050120559707043766
row_002137,0.004936324652395166
row_035031,0.02294506812280087
row_042932,0.002635470353618606
row_033060,0.05375606151111669
row_041599,0.9425294377514369
row_000077,0.19555865801792194
row_048042,0.005708748658110289
row_005393,0.037842317632690504
row_007965,0.03364670345960755
row_009803,0.0005850504621827388
row_045740,0.016705412303069867
row_037117,0.021290526729903815
row_019829,0.2864958006240376
row_045303,0.10530748696230333
row_023525,0.5196954670973459
row_041621,0.0009343626452234736
row_011494,0.04771531696040105
row_000858,0.8219353912319844
row_025819,0.006830492580371023
row_034889,0.01894046453242475
row_005263,0.004899998659518714
row_009489,0.030247285711012616
row_013714,0.03925020848482455
row_001709,0.07070505237683881
row_009382,0.0033471810148360762
row_037165,0.06670660924545316
row_021184,0.23353515938397393
row_036560,0.04174861652499136
row_034905,0.2465188100497171
row_030859,0.023173984053822417
row_041797,0.0010523303431806614
row_021506,0.8812652410879447
row_008113,0.017658254450148732
row_028511,0.09801466879229452
row_020515,0.024870171965907892
row_038246,0.02768197677059313
row_005027,0.0020446152826242383
row_034760,0.012547437720924176
row_029069,0.0014807716656332502
row_001910,0.15013653213012065
row_026625,0.001915430541687212
row_036095,0.003946126676420711
row_021845,0.14672420876496506
row_046668,0.01849749391612294
row_029761,0.0009053940826866426
row_038584,0.16127587925495562
row_006579,0.2139322671115409
row_031629,0.47323672860332827
row_046809,0.03406600402686214
row_027851,0.008994769836628207
row_027069,0.5752213201269436
row_014929,0.03945675489102785
row_002531,0.017411900426965242
row_037886,0.39475399257666843
row_006061,0.9619878511023127
row_023649,0.021826174350703623
row_006760,0.687786096887785
row_025931,0.006352627180353706
row_047446,0.01517600369250193
row_028176,0.0016705767093794374
row_010155,0.1940529643234494
row_048699,0.10512690402270934
row_019808,0.9986988708011428
row_035427,0.04249687089425737
row_042393,0.02962571089016682
row_042780,0.981814891118411
row_012204,0.46306795943904533
row_000988,0.0008421437044711004
row_014632,0.26055936047882866
row_031595,0.7980131965597436
row_047286,0.07026626224430056
row_010945,0.0004325700518335589
row_043547,0.8085447973608445
row_025575,0.048328756594998384
row_037025,0.7592607947662094
row_040523,0.001789281433244343
row_005466,0.016139049697356942
row_041746,0.0006728606402351175
row_007675,0.22107574084498724
row_037622,0.01220922626847503
row_015117,0.5421486090018343
row_017507,0.0012716824477625678
row_033412,0.006550116357980258
row_033997,0.020003927729927366
row_048144,0.0008155561435871844
row_007359,0.001594468531566473
row_013232,0.41810591182778994
row_004587,0.054394000327863165
row_032920,0.5586392414491513
row_015444,0.8589182823001817
row_013624,0.02004758629347587
row_016353,0.004355515866052108
row_013627,0.020918963394880256
row_024071,0.011626282562841633
row_025959,0.005236189546574092
row_003423,0.12235090873525631
row_016473,0.9297009661975193
row_046377,0.14988734066769316
row_037692,0.03320883146787603
row_035108,0.01830530498934166
row_010998,0.8872186913323388
row_008695,0.9589420632602127
row_009473,0.01138141043897241
row_021650,0.008023671561447945
row_032908,0.20373158291704646
row_025402,0.8508870085961721
row_031534,0.41155084809122705
row_002781,0.020878897470416425
row_035233,0.01664366185860936
row_038710,0.06391980545512208
row_002313,0.018702873303381655
row_013960,0.7559901649052327
row_043341,0.8039527224496283
row_012280,0.00046404638144520227
row_037592,0.02715241938780733
row_002534,0.001048727150341817
row_049860,0.05117397467446544
row_013037,0.09462205364527582
row_034537,0.0004602056208998296
row_027665,0.013520217417676197
row_040718,0.0006086065959121021
row_024664,0.00937395074704311
row_010574,0.2711935076028915
row_023215,0.014876637803654877
row_047807,0.005366435443484034
row_003716,0.00024092639243520196
row_000474,0.06929251960820997
row_032960,0.06386253604635735
row_037746,0.014556834393008682
row_000669,0.04467770121389518
row_039326,0.9397672074193935
row_047452,0.007198447463478411
row_007187,0.9822106349644365
row_007612,0.002553560638416576
row_044616,0.2983546084857522
row_009701,0.03277246699915149
row_014987,0.6026837003448776
row_022038,0.0018932854411940643
row_037908,0.21016119359169802
row_020556,0.16041147829778873
row_028480,0.0008508296458295535
row_042641,0.03173448125329203
row_043627,0.02293017832940248
row_016110,0.0059171321270031175
row_027856,0.002624715044435961
row_028129,0.005131768046854262
row_031665,0.050610971775742024
row_013275,0.027260491591834315
row_015588,0.1190783108508546
row_046675,0.048714793273508146
row_027967,0.7443130136686033
row_032566,0.1060829402233101
row_015436,0.042296461205920254
row_017852,0.0792316754649108
row_022039,0.9575488174396811
row_035800,0.010890718349472967
row_005492,0.10626175854960279
row_048068,0.9488711153579114
row_008984,0.3472462982819742
row_032357,0.7646859502454902
row_043984,0.002692596384940443
row_042859,0.27513184989437245
row_017821,0.13716335050581052
row_005020,0.00505566716345853
row_016139,0.4205003102145675
row_031095,0.19974607523807722
row_043822,0.6011118545445179
row_010863,0.008672950004105734
row_048551,0.0059034176004679
row_041957,0.811980665337801
row_044517,0.020082820550092105
row_031172,0.005703606271084132
row_048947,0.704625561379811
row_044487,0.009635467464035308
row_001153,0.0008185548531796333
row_024832,0.23395132768622445
row_013249,0.10330503071765082
row_002799,0.08508703415004996
row_049522,0.3742237790823563
row_037750,0.24872206554369547
row_010778,0.3006634663050952
row_004000,0.0027915063649097296
row_024026,0.025779794735631516
row_003469,0.5183301874218896
row_035930,0.07471584642163809
row_048079,0.0011274310018435177
row_015535,0.22421438746452788
row_000295,0.024282264935067032
row_001257,0.01199706834422388
row_022893,0.7632443691290538
row_015771,0.017721774247772142
row_017583,0.023982334515056367
row_019471,0.4667942940491981
row_018249,0.3554441474056732
row_019836,0.005511630411603087
row_027671,0.06497038367048187
row_000475,0.0014489854517980238
row_033135,0.1524894872668048
row_003580,0.25083660618333137
row_032567,0.03837475821005851
row_029939,0.0043207268548568385
row_020811,0.055137261220525674
row_035494,0.0068990308590759246
row_015568,0.6812607530649978
row_033898,0.9769527250050786
row_017395,0.00805103851738006
row_016215,0.01882477182874298
row_048969,0.020640838055836858
row_011892,0.841647477918695
row_048036,0.13142153544471946
row_017525,0.22461120835427914
row_021798,0.0001081215023393076
row_002944,0.001986002255881892
row_015651,0.15825106451278884
row_013395,0.4631852987155808
row_017697,0.23672846196246702
row_029186,0.0033853495843718254
row_018595,0.9993600184286978
row_026902,0.025000714462806682
row_004838,0.3143876949820666
row_003543,0.006640759820018651
row_045477,0.006913515069100442
row_021725,0.005211245472643179
row_048133,0.7202189098538606
row_005101,0.45206543419856376
row_009584,0.03479396667283183
row_019063,0.01923868665601245
row_022488,0.001447788858044007
row_038295,0.00784657396446587
row_024545,0.0935497794581535
row_027753,0.010270884818211817
row_001887,0.0028478569418160546
row_008651,0.009717354757260321
row_045111,0.06474405636367105
row_046879,0.8719724818351788
row_033225,0.0027300542970958297
row_045911,0.010441771948326272
row_013789,0.14931944429922786
row_010220,0.19475617757788374
row_025845,0.6003757494479895
row_030509,0.23157608383616415
row_020941,0.003831087971173678
row_049328,0.13222675702066536
row_034984,0.6465411924676644
row_029867,0.681272644996747
row_016846,0.10237825010113767
row_005649,0.1866819174622199
row_000721,0.13517238395924563
row_021562,0.03314788076927054
row_044212,0.369074323561202
row_026953,0.10942144479869666
row_043284,0.008993815087138023
row_043697,0.4639367238972126
row_046797,0.029975478260875505
row_032413,0.0043334569865782465
row_047848,0.04119367218657354
row_011079,0.07689049239735102
row_028663,0.0736199469660265
row_047053,0.047565355772486155
row_020582,0.0972951280466104
row_029342,0.04726562992837821
row_049048,0.6462939097297091
row_022957,0.1253709404445252
row_008070,0.7978183323368395
row_001127,0.11717354277058523
row_005135,0.16534681626993952
row_001841,0.6987047135704448
row_011515,0.020522855458302004
row_004327,0.004373255516780683
row_031316,0.03320663706509629
row_005129,0.2546131498602551
row_031721,0.0019577256751073806
row_022143,0.07078003887207734
row_007333,0.9871193033879453
row_032291,0.1636021284085957
row_019687,0.015788460407048698
row_038551,0.000617210419516646
row_015438,0.019646893926509014
row_009783,0.006498884263547936
row_031822,0.04756400683672273
row_006423,0.011709767623031952
row_009524,0.25622062014577557
row_038773,0.0006322181224898994
row_019549,0.00032963625584277016
row_044333,0.0075278841467634715
row_034859,0.0037524452993908716
row_035763,0.01911841396467802
row_029814,0.04555467647774117
row_037505,0.000287926170832595
row_049207,0.02246473923997969
row_002553,0.004399083724455278
row_034410,0.000875799392306614
row_016684,0.13495881432944568
row_029544,0.09859977078798121
row_033291,0.14289939818884037
row_015040,0.0033710986921086502
row_012111,0.9893062858943922
row_017268,0.0022987235453441274
row_021987,0.019986258266270665
row_014563,0.02227850061344378
row_029286,0.1771303609119691
row_012944,0.051645675730568434
row_046907,0.9792888651938646
row_000269,0.03492737216853192
row_018685,0.018973079349091627
row_021735,0.44844300165966783
row_015054,0.0035188782559603883
row_024323,0.04607049362679263
row_017465,0.9279911373119473
row_014900,0.0010297873147051416
row_032068,0.002816393677501937
row_021234,0.5159171434406321
row_004732,0.98943553895529
row_006547,0.05414985756228925
row_027257,0.025295254194618085
row_046836,0.038848953567823176
row_027944,0.10657180590718811
row_048711,0.039413247922545955
row_034283,0.013465314750606918
row_030899,0.2455285759743242
row_009675,0.012141952833919147
row_034924,0.28690664667933374
row_009369,0.0006665942684958001
row_041126,0.9971958945554441
row_006028,0.08919503971806804
row_016317,0.17252084185658736
row_044944,0.0118067529931862
row_028148,0.16441365630897153
row_007860,0.018260863156802188
row_001863,0.21765062681555353
row_025123,0.6132979426126173
row_023242,0.4232376827966928
row_018305,0.5539085967589106
row_024609,0.8677431511698004
row_048543,0.004998234214009236
row_007182,0.15254767785259982
row_004550,0.028364980834896022
row_035782,0.024343581071298092
row_041396,0.13904859855850804
row_015705,0.4590993292711107
row_001604,0.061530801186708305
row_037520,0.009292763410523978
row_025276,0.012756159276041611
row_040697,0.0036320913456280293
row_048035,0.4949767722404703
row_026574,0.020113065944220167
row_016822,0.5313791945491985
row_013454,0.17440870924172258
row_018768,0.020410883813022567
row_049215,0.0410650966316759
row_038124,0.03534157447535629
row_021044,0.00045142530328993275
row_001378,0.2841273520814554
row_010016,7.392118802402005e-05
row_019101,0.9149663050677114
row_047253,0.0060890954024294865
row_029463,0.09703646909662891
row_035521,0.5418103473644292
row_042078,0.002135715235214888
row_011400,0.20403192157764063
row_004262,0.004634781746607966
row_030971,0.7418879644311879
row_001633,0.00755137318370242
row_030758,0.002242489354164874
row_045233,0.0010559109751427159
row_040313,0.17661580265915758
row_007463,0.0018140094164375746
row_043056,0.4930618551242426
row_035259,0.08384035530709506
row_026591,0.452048813282577
row_034382,0.0522443700322064
row_044928,0.7240260181581399
row_007795,0.13408845025651375
row_026526,0.15095397028490043
row_037842,0.0064398639831458725
row_023839,0.004503164871297015
row_007588,0.0029994319460978597
row_003613,0.0029535968902253988
row_032694,0.0017442294623417761
row_024397,0.047723593532448365
row_021606,0.09878965429394936
row_019234,0.1408940870409599
row_035868,0.00951874329753454
row_005640,0.8999006283137561
row_035016,0.027071148951364137
row_024378,0.0066105721544118135
row_027817,0.00880887188045794
row_022385,0.0023363377355766933
row_038494,0.12511114413492735
row_020733,0.19937963320393962
row_015114,0.05051045924000476
row_036459,0.0015151522019427922
row_001344,0.051262670970315546
row_009994,0.02343543414393978
row_023150,0.018530102355576096
row_026597,0.7429340037830591
row_011071,0.0010545140627839242
row_019411,0.06708189390235436
row_033463,0.001962744604579459
row_015600,0.0016607932434329396
row_035343,0.004509056252944833
row_023522,0.04349588929358733
row_004051,0.3641965110820117
row_012590,0.00027748395255450546
row_025161,0.1551590746426594
row_010360,0.3830154492603648
row_048046,0.05322339173593509
row_012459,0.16629624443629276
row_018543,0.13142608177773218
row_030068,0.005597952407194278
row_027171,0.001477037887887156
row_028054,0.002265565580122365
row_036177,0.003722686471129551
row_047176,0.3025684119630683
row_042875,0.022915208782950145
row_027084,0.3651233936315417
row_029472,0.6861627814599971
row_007748,0.07341033105040086
row_041626,0.13063792237054003
row_016980,0.7579203490698132
row_021636,0.0029217764027359918
row_040529,0.7539216004338783
row_020528,0.9556229190560556
row_023122,0.005902551818198889
row_014543,0.9827128447972203
row_032658,0.465277248407196
row_032100,0.04565994543160463
row_026265,0.2752531035155236
row_008797,0.20143587115127168
row_016972,0.0006734475763123047
row_017364,0.5373634674482878
row_043535,0.003947991830039235
row_022806,0.3555876460449762
row_019674,0.6709191115631362
row_019269,0.05024906198426689
row_047639,0.8523058409028628
row_009407,0.09585576915438118
row_030257,0.21714267886810384
row_028408,0.001348575336381792
row_031160,0.6649218955890797
row_003607,0.009030651003789206
row_017977,0.0009879269276681514
row_004534,0.00032073256142782443
row_023444,0.007139432213942249
row_012778,0.00022019210435246178
row_048446,0.5421281303246199
row_032700,0.0034535289574866863
row_014176,0.12316967370013959
row_031753,0.046967490128922366
row_026692,0.2511266524543261
row_045750,0.6155665644838316
row_016075,0.6712642149280446
row_045155,0.4293535946314631
row_016572,0.21834036196140694
row_029736,0.13505260789611306
row_000137,0.0018902049492774673
row_018532,0.002787840222781678
row_000956,0.7921573239966015
row_004874,0.038882927550793166
row_018059,0.014566227764490744
row_012440,0.9727837714421881
row_028826,0.0013916897302119356
row_037488,0.0752287579726346
row_035423,0.09393874754361717
row_013291,0.005231247233009205
row_037801,0.003140370280231852
row_046853,0.03273810912821919
row_032201,0.004374894055805279
row_043734,0.0007639049406262092
row_030070,0.43672381911770525
row_014953,0.5595161385540725
row_006520,0.8926934164204934
row_021894,0.20678537023201657
row_004720,0.00948386575076962
row_022465,0.006421700365746375
row_018209,0.9054412983073713
row_017183,0.03468690517480752
row_027988,0.5152574059840448
row_022295,0.008064162791473841
row_037925,0.11157514204058992
row_010227,0.8564630800335518
row_048641,0.006406653762231113
row_042554,0.09067535188402935
row_025349,0.8925459080841468
row_046768,0.06916809181053106
row_039670,0.0005747493184786025
row_007384,0.005413752429486505
row_007424,0.014893034574161917
row_021717,0.011388927046810016
row_047331,0.0005425665293962173
row_032212,0.6096425332405797
row_036456,0.0017382253855536389
row_011845,0.6278987645575188
row_027192,0.18889854887767304
row_046993,0.0019125698957915887
row_042829,0.03702035991876617
row_025204,0.09860370141817096
row_047985,0.00040402675987117237
row_026206,0.04058303113119254
row_033218,0.013522935610062998
row_002942,0.013938987542014525
row_033622,0.8500696829567501
row_020662,0.16578406698010664
row_014786,0.2507329719115193
row_016133,0.016854949300704084
row_005369,0.7565496263561332
row_003980,0.31999087632219836
row_037766,0.36366543733217943
row_024124,0.010680914505072534
row_042102,0.08247367829515924
row_029016,0.12486471994426233
row_013410,0.006872784900070682
row_008936,0.6985726691429788
row_016649,0.0009997772105353414
row_012478,0.13523281267116388
row_013189,0.002361231840075139
row_036661,7.394795147733333e-05
row_015129,0.017042966402588882
row_010082,0.11516977456480704
row_047041,0.1377589984947808
row_001248,0.0014252268568691023
row_049173,0.4637854285305246
row_036810,0.968464954421376
row_036920,0.024072475824982304
row_017902,0.0030113216921528597
row_014511,0.06858761469132482
row_038631,0.10639936105791226
row_045107,0.0069428435849230976
row_003566,0.9644894505789602
row_013314,0.07995977078859252
row_018355,0.5025437429732139
row_010426,0.9363481898061198
row_011738,0.0016119961780371231
row_013268,0.03206783339688752
row_004694,0.5249349996275707
row_041278,0.12097431158398482
row_037731,0.011703215129995398
row_030362,0.3705617214609566
row_040426,0.06491431150066258
row_048034,0.012554523437184554
row_032376,0.0019730046870948697
row_021042,0.002515580133639977
row_002445,0.4295996085077303
row_009370,0.1329921069272852
row_046314,0.06149676473629323
row_049133,0.5039297447455229
row_038152,0.2097889992655347
row_025593,0.9986775274768653
row_046409,0.01297856661343617
row_039466,0.6576200605846725
row_037679,0.0013802149321499584
row_032706,0.001076511064312602
row_049428,0.005094053802738549
row_028859,0.8228140305655137
row_000579,0.011112156495359933
row_030402,0.0011496373970233962
row_012802,0.1342405917577757
row_009201,0.04870994202356133
row_037773,0.0026927294567216744
row_005015,0.588050000993334
row_016074,0.7865006854750763
row_011807,0.34774120714245693
row_035425,0.6661980877687307
row_016328,0.042914256857572254
row_039215,0.1583579829247338
row_004710,0.9259890996643393
row_033386,0.09117443602489872
row_012306,0.05876126428754545
row_016255,0.000995255405808443
row_007650,0.007534174387205242
row_015313,0.00017769641781286173
row_021473,0.9527292177484973
row_018680,0.9566119304610874
row_028533,0.9336285983395408
row_019961,0.18502330966838423
row_029868,0.00783748224298612
row_046089,0.07159584540847287
row_013248,0.0037302908268071425
row_023001,0.027696876691619916
row_004495,0.1126345685968624
row_024623,0.03669917676302184
row_001515,0.03214233541733955
row_043129,0.08830490683307256
row_024414,0.04112647900844793
row_038522,0.03691099154271893
row_010620,0.09045535031044684
row_000890,0.0031015560476341034
row_029263,0.5855288940101799
row_046635,0.02379272760200181
row_034581,0.1809833880585935
row_021901,0.23869269553012734
row_016595,0.3818695954736751
row_012553,0.0063650123883906414
row_009729,0.16550881099229245
row_006118,0.7427607737722648
row_028316,0.019091520703462816
row_003303,0.03054055992744607
row_039152,0.3810670971201774
row_030021,0.0009895535208814515
row_049130,0.0028812177100589345
row_001373,0.7690939188228934
row_019268,0.9633940007800182
row_025639,0.02484555437591394
row_002234,0.6014453251255564
row_022868,0.05149095857174857
row_048684,0.007592055994999764
row_005004,0.009495501717185648
row_046440,0.16081338057104136
row_033843,0.09854937050625587
row_029149,0.9983051224761306
row_006544,0.005729892639488602
row_010704,0.0009106684212086883
row_046410,0.05213316763852768
row_025837,0.11584012121066024
row_029027,0.14858041803698777
row_029664,0.8878639516604003
row_027262,0.7293494217135873
row_008768,0.9872556207032848
row_032372,0.28501400006469696
row_017990,0.9903565495305157
row_010234,0.29322500102925864
row_026830,0.9972170435315352
row_046512,0.03443127344911647
row_049143,0.9986767264022134
row_023153,0.021785872152170874
row_029262,0.296355731187911
row_037189,0.36394429714178284
row_042966,0.002356526819553499
row_046453,0.31352894644158347
row_006397,0.0001343026222629527
row_021103,0.1849929237605743
row_023784,0.031163648701931654
row_015251,0.0021240514108335977
row_027188,0.029812942151072597
row_032657,0.001662846070483663
row_036639,0.5044813195562027
row_007093,0.9774589779880926
row_013620,0.031181190015280268
row_040234,0.2931506249931607
row_040292,0.002823924808402322
row_016476,0.12529929067565743
row_009744,0.7453199068500389
row_042286,0.03921980715220077
row_025995,0.5489238416466359
row_038220,0.4191643375050593
row_019860,0.7748200712624782
row_044295,0.03374553370823939
row_046024,0.4935726753033641
row_048344,0.35128945940391787
row_022697,0.57507977078985
row_036520,0.2219758753068222
row_047914,0.01321668538166398
row_043148,0.02378062763402305
row_016124,0.005622235287007417
row_039699,0.008510541383767774
row_025210,0.0005710384053688353
row_004373,0.3149577482351489
row_008030,0.0008525896475525299
row_026307,0.08216042725048371
row_021733,0.013655898069727357
row_040172,0.07948232738924475
row_008778,0.9936998155971533
row_002806,0.012920807128252576
row_049764,0.017087170652922173
row_031396,0.011246623991768874
row_017849,0.3591429447923799
row_007163,0.00018734774071579776
row_031782,0.1941343610622486
row_039471,0.01012503948753252
row_026766,0.24188849823261194
row_014133,0.00178988446826203
row_000654,0.7571957560953829
row_037718,0.35887520108390236
row_011598,0.0016820100623400464
row_031444,0.057363596963234904
row_015142,0.01330939111965003
row_022930,0.31910378676436674
row_009387,0.1376091622855256
row_039745,0.0019401665468120669
row_017495,0.2469577915345448
row_036298,0.023584965575885505
row_035777,0.0007478668409676318
row_042344,0.9364605569763768
row_029390,0.07625222771833495
row_034554,0.27714114597436396
row_031996,0.8349189153515428
row_016457,0.005250624990803274
row_003215,0.4604980796586555
row_014971,0.021190176395792317
row_021242,0.703334630466834
row_004286,0.10470173577065321
row_044971,0.23142812437212845
row_043892,0.002501625075613576
row_027028,0.18728873038937538
row_038389,0.003057352802174659
row_000690,0.19581917716034472
row_027981,0.8367516844171532
row_013507,0.22787711607283706
row_033377,0.006072374889050598
row_029978,0.00016392225517084818
row_000013,0.0022049173470667757
row_032515,0.003132765465729547
row_026870,0.016534989770532943
row_027828,0.007845875372191438
row_046625,0.10619525706122679
row_016245,0.9990023780418213
row_020676,0.012248028054315241
row_020105,0.012354790599950698
row_006992,0.8999848375280921
row_010383,0.050774985141877824
row_038731,0.008703679393464983
row_013628,0.00404276171698737
row_021100,0.011964530505293754
row_042487,0.25618533937636606
row_041700,0.05034813854200771
row_013965,0.009993181244550425
row_045519,0.14088083795139383
row_035502,0.2407170212750549
row_048770,0.020843679995128084
row_013486,0.301305023178521
row_042404,0.02824868887940938
row_015498,0.985643931057832
row_018628,0.008539584832648484
row_017359,0.08010821351077453
row_011202,0.38665432039586456
row_019480,0.9545772654489953
row_048101,0.0005124738661066721
row_027533,0.5091971690580529
row_045427,0.45074151244497024
row_023311,0.08865271677340453
row_031374,0.010197643359725945
row_010259,0.4752752077313283
row_024465,0.0014594119476223628
row_001325,0.01171411617559515
row_008004,0.012214973015089448
row_025564,0.7962344826390182
row_044035,0.19497674166518641
row_044482,0.07350969680809673
row_010961,0.38976039453525235
row_005151,0.054071471894934366
row_002572,0.00026804206018845146
row_010453,0.17405181825381483
row_015042,0.1079059364175215
row_021140,0.00274881657747215
row_017696,0.9946349097939169
row_024922,0.7112643947164003
row_034133,0.24315043797927585
row_042946,0.016664726757391102
row_017930,0.07541933996242331
row_008745,0.999133083372046
row_030832,0.07696511073552935
row_025318,0.01504721678155969
row_001613,0.1157024932315512
row_041771,0.22232509192664243
row_037748,0.001374380047831706
row_025477,0.00044653904950081667
row_029496,0.01539445938567531
row_010743,0.009074864697921499
row_005421,0.2707612281160686
row_018846,0.04481301244834111
row_030206,0.577890999458739
row_036178,0.009468878095195362
row_043462,0.0009411715884633329
row_025618,0.07907251430584683
row_023313,0.45028941505495934
row_018584,0.07140340555483081
row_032077,0.007801458509460237
row_012407,0.24069179869379015
row_038593,0.018195116698943886
row_046554,0.006481902208308882
row_010686,0.020126637475536228
row_037057,0.060616472640882796
row_033642,0.07989739739914255
row_046109,0.13401559143203198
row_022413,0.009335421456999875
row_048726,0.0013015348428014179
row_044968,0.9827989240068475
row_033637,0.7838833680016877
row_045940,0.02538584685401491
row_035940,0.04086648106154266
row_033101,0.0008092913294370805
row_026083,0.1715790192022662
row_019080,0.09648356252512097
row_018819,0.0034318155669228094
row_036615,0.05941391371522612
row_007208,0.707716336934187
row_048855,0.8343068601994901
row_029678,0.007117901986469498
row_048492,0.817575485556637
row_019700,0.4866185890823929
row_000503,0.018832987836593634
row_042925,0.11308914262556287
row_047815,0.01947776927208823
row_035803,0.5148373702797503
row_047744,0.21852814078674565
row_045844,0.008644113773927263
row_005091,0.2663232650001935
row_037604,0.35741255760193097
row_049450,0.9178461851566525
row_045531,0.8227086094618679
row_048680,0.0077143441184297345
row_014965,0.4142410211471001
row_035986,0.0239367243657158
row_020525,0.001578299813907352
row_027079,0.4611426383022881
row_037178,0.7132099740989511
row_005937,0.2971857066770302
row_036266,0.0012088336582578138
row_012076,0.005688924868267292
row_035597,0.0005495228609143733
row_008305,0.0003125611151995689
row_018082,0.0011754051662318434
row_006523,0.002268242522941016
row_030095,0.6845818969904789
row_019564,0.07766126559953876
row_037480,0.9613587913134477
row_027826,0.2579923626436025
row_041465,0.24237238699873515
row_038017,0.6705934994635411
row_016785,0.00312071646918843
row_035892,0.05999894657544732
row_030970,0.05162129643975757
row_018423,0.09201891313099758
row_046658,0.04981159598140754
row_033564,0.9955801748005353
row_045088,0.9545827467019732
row_001112,0.48255650623235974
row_033899,0.0026561476691372237
row_014854,0.032460939898715895
row_033089,0.01285902898644155
row_026502,0.6162958196327739
row_045612,0.15836886381286425
row_010400,0.061047070359177634
row_030871,0.4599035785122714
row_025206,0.07831172829446591
row_020678,0.007105853951761382
row_025471,0.017697618356281353
row_037059,0.01655219841998449
row_002200,0.09445565830320657
row_019505,0.01162708899361215
row_013616,0.19873505175439257
row_000371,0.40345986241072923
row_046220,0.032936162011336645
row_015293,0.017514381809334414
row_028473,0.02633746065340052
row_023653,0.02182845073643794
row_024010,0.0011993076147765321
row_020788,0.012932416185443043
row_014780,0.12188706630312739
row_031027,0.3353211905625404
row_032949,0.4354413773009398
row_038804,0.027131751274979916
row_002744,0.02505743354806106
row_000388,0.8528916235200861
row_036154,0.9701196082809299
row_012455,0.0006659775784000181
row_003459,0.14227103615203235
row_035207,0.0007935555176758703
row_019088,0.45913895890818845
row_001888,0.6318999849419568
row_025342,0.0005876488094126796
row_006237,0.00018850732963114476
row_005081,0.9262284132013943
row_027874,0.005466221891733261
row_040096,0.0041750255951999845
row_039897,0.00669781678120772
row_039015,0.5443121519968959
row_014197,0.02766172901593097
row_030002,0.026607334615522563
row_027886,0.013918293280199006
row_035276,0.5589650156694453
row_016019,0.045449696678604636
row_011563,0.0016782549863182403
row_021006,0.3182472622911972
row_026001,0.00396500665775158
row_024400,0.019809456272073794
row_008758,0.008000230735722228
row_020974,0.0006325553342216426
row_009048,0.005185752330093882
row_025891,0.25051656137155176
row_045589,0.03602345459392063
row_012480,0.008030530126777305
row_035843,0.05441586563474091
row_015937,0.0012462719184267693
row_026308,0.005071087992683631
row_043110,0.008241805890004027
row_048786,0.007438651519991444
row_009649,0.057801742470294716
row_027497,0.0035859220866896
row_009777,0.00362601592304002
row_000193,0.006573037857104477
row_041648,0.6508808978700185
row_027818,0.006961048138460758
row_007573,0.0005536237201074322
row_025783,0.180015531256557
row_009912,0.011883489257577791
row_040921,0.009037316075479565
row_018151,0.6551471610057692
row_040090,0.009330728845209607
row_024995,0.4666532674837872
row_000822,0.03749536565063254
row_001388,0.0008435809561437021
row_023180,0.023518648351102796
row_003243,0.7255638099018573
row_031226,0.005351570536065485
row_047418,0.0784141237133887
row_016909,0.003895110722977486
row_049350,0.0433974668528047
row_030912,0.19005248018155116
row_001858,0.3565217347271739
row_031975,0.0016055038503156496
row_025261,0.00021954344649175312
row_008029,0.010353937738909717
row_017989,0.0065597609475203525
row_026578,0.023890025038875957
row_014044,0.02205845521624566
row_028608,0.0250931428657799
row_035660,0.02254965452998481
row_033406,0.01699426297761986
row_044909,0.002831974221105631
row_043061,0.7135063896272985
row_015052,0.07798983909442726
row_035690,0.002194059382440725
row_011381,0.12712063557286224
row_011971,0.08391750485484466
row_004078,0.09150388397350444
row_042045,0.002056635528550672
row_021978,0.03044503767618938
row_039612,0.8838459101608086
row_015123,0.00012034168882245371
row_039260,0.00417092458218217
row_007313,0.0004697313666575496
row_033153,0.46505593422842817
row_027875,0.12117225471126683
row_030522,0.002243827497729724
row_028767,0.0005914086195778841
row_014561,0.03743748619525503
row_044480,0.47266364651626475
row_040848,0.21820928858675728
row_013040,0.5520503083792623
row_001044,0.9770379285628182
row_003018,0.17447894651147883
row_000201,0.03435644656376718
row_026010,0.005117986300255484
row_015564,0.0007438052410570498
row_014935,0.00037108532948319306
row_042237,0.0013421866783280478
row_014816,0.12737924010378462
row_034457,0.00409319628892313
row_008511,0.00043714557562035477
row_006928,0.03842174503564921
row_011110,0.025125586695618318
row_037853,0.07735876418835218
row_013559,0.6289961694854964
row_027333,0.013175244328839777
row_011123,0.02762753403036341
row_040979,0.9330551553927866
row_039373,0.0026067549044597594
row_049680,0.172913265795491
row_046059,0.09057245395339003
row_006607,0.013025582982644368
row_012112,0.02409911451707039
row_008488,0.08463914289488988
row_032134,0.1465402348709695
row_017787,0.728398165581988
row_041156,0.5756453175934029
row_023674,0.04140674911442874
row_033008,0.005241267980230498
row_032573,0.997601429660103
row_029291,0.192241284142923
row_043367,0.007023349057706419
row_037196,0.07298012048375778
row_009020,0.13192474032313778
row_010351,0.04422045094637054
row_005078,0.004778135946741374
row_008562,0.2944788775917463
row_040353,0.04944847620752992
row_045164,0.019697685581608376
row_015053,0.0010276402211548373
row_000733,0.9374769834842481
row_013943,0.026080618460283436
row_009240,0.13026692174657534
row_020767,0.8452933118394448
row_037896,0.006166273441249873
row_018671,0.011662190912717153
row_021461,0.0049893974986475655
row_048270,0.15330664593987667
row_022742,0.0032181647948760273
row_028359,0.9594767703787846
row_049110,0.007788819439545506
row_046831,0.004110549089616639
row_010904,0.0029298726209638234
row_030157,0.9226370952296443
row_001676,0.07555139701468287
row_049986,0.03701792544446386
row_026180,0.10830815129455318
row_016796,0.5023848859036335
row_006249,0.007517035304264753
row_030436,0.26793773289635575
row_013259,0.027107224920802205
row_047770,0.004641635375480402
row_031846,0.0053573659461863335
row_045195,0.5808494698446314
row_030164,0.01146179953346564
row_023968,0.008099371336189334
row_035231,0.005441437516881872
row_019064,0.1209694508995471
row_017770,0.8884819853028081
row_024330,0.4156754997307591
row_039608,0.010746459844426052
row_017610,0.7660932396282233
row_048128,0.04561516380437984
row_016456,0.00620731817653521
row_049456,0.8738839509968109
row_017669,0.12259832104208164
row_040301,0.03244648883241828
row_043487,0.004619702922240567
row_009928,0.0022403739922061136
row_015007,0.10919442527162168
row_042040,0.003191384727158315
row_018534,0.054775018354485165
row_049971,0.5951838516827839
row_028124,0.8447772829114231
row_018206,0.0069283257584680175
row_015113,0.03680831272288467
row_001899,0.8998353427696371
row_047434,0.4191734055048955
row_018538,0.045014558164140864
row_043851,0.026773226511071807
row_045724,0.04825766428228303
row_019601,0.5989105896696749
row_039173,0.9507078405856934
row_037951,0.8388733707968744
row_040636,0.07346183167718691
row_001673,0.006212857251289597
row_004869,0.0008261594196167017
row_045850,0.5397764047593383
row_021810,0.1471915171590193
row_042709,0.8119704258844933
row_001545,0.03490390339600821
row_048562,0.026768542296033152
row_013680,0.7639333852919562
row_048585,0.17290134703450288
row_002477,0.07588386628304959
row_024513,0.05583980467191744
row_026542,0.4705768162520788
row_023703,0.15822819412972516
row_009241,0.07445024830384304
row_019416,0.13461694953847986
row_034371,0.09000676849137448
row_029210,0.13357151849275004
row_014345,0.8444023879269305
row_020926,0.022377082207857942
row_007957,0.0001921557096847087
row_012327,0.5778597966625953
row_002276,0.006126361963408259
row_014314,0.8279234037251451
row_018442,0.005356938960500923
row_041539,0.3554954760548976
row_020856,0.026666666726895022
row_048360,0.0004871447564311126
row_025768,0.04074709889706981
row_027632,0.030311293930141384
row_028648,0.000765253652413437
row_010279,0.09848029153372574
row_048269,0.7570051182134772
row_016900,0.010886844622610966
row_017306,0.4361027360237914
row_027655,0.9305918888736793
row_005944,0.013056545453379427
row_003797,0.4595273493230042
row_043633,0.09066041241481292
row_038481,0.49068460517905604
row_047127,0.1047347673314114
row_036697,0.3383082758684266
row_011965,0.42457913583518275
row_034216,0.004042336773303169
row_049895,0.02156340373472101
row_028635,0.13263029374051083
row_048918,0.9039121158066555
row_022827,0.9965349626578498
row_048658,0.3053446475249176
row_004214,0.9184158504956729
row_039288,0.2943921006728377
row_039621,0.20110998308948297
row_011709,0.0004042673698899379
row_022080,0.00017687176660578072
row_047604,0.5911641548495087
row_009189,0.4452871279470036
row_022672,0.08936850583722221
row_025787,0.06389379817895094
row_023095,0.063342068357629
row_019060,0.013998307850479308
row_043360,0.9894370896211666
row_043907,0.0003648983986739495
row_029392,0.23477211900242986
row_018785,0.00417428446576666
row_022263,0.8885593131993412
row_013171,0.11295279792654135
row_025148,0.008983184001176437
row_048263,0.07497126705803285
row_004899,0.970723714335977
row_045165,0.004915340565157449
row_032259,0.025120012708951974
row_025346,0.06250028334285453
row_035292,0.049000501527912015
row_022625,0.004004333640377103
row_005067,0.24030392820318025
row_034728,0.008667995892200284
row_035781,0.056401094005192734
row_021164,0.01831245636883466
row_042738,0.027874044954585953
row_004388,0.8232922225929522
row_049922,0.31683272945761487
row_032306,0.006092793650421273
row_035977,0.014921167368953497
row_015688,0.01678776346300099
row_038097,0.20090777909011492
row_041711,0.9935971798693709
row_043366,0.008913421718859279
row_034561,0.9342867405950501
row_003589,0.2249078196049826
row_027446,0.602840295107647
row_007723,0.02392174498692584
row_042092,0.2070489055505385
row_009270,0.3618541291824346
row_034774,0.06670414178158032
row_034018,0.03224296292177051
row_022467,0.20536446575720574
row_019654,0.09401246520147864
row_048798,0.02206278672083331
row_036768,0.10044576525859396
row_018633,0.07360908410594745
row_012771,0.8538123419361766
row_024245,0.6734910214721893
row_005656,0.2518411303287713
row_008847,0.006555652992428752
row_026396,0.34064132070700803
row_035753,0.07619455952619779
row_004200,0.06903993212172159
row_034577,0.1469067881168375
row_024642,0.08416883582469645
row_039293,0.18123588253313536
row_035020,0.03851519832243312
row_021896,0.010717400265345749
row_036194,0.28264398283868897
row_014210,0.11410179922060344
row_019623,0.6494681574230927
row_042715,0.07395719525873397
row_012081,0.0001527847340428224
row_017096,0.0074330712949333844
row_048408,0.9196492429597374
row_025315,0.018261262466938422
row_002499,0.049073337200610787
row_025567,0.8296326611267574
row_043313,0.44520101392322414
row_009765,0.6936725810354964
row_010232,0.0627363720971813
row_027793,0.011797758997209104
row_025096,0.002798951526440651
row_042614,0.4954707233250182
row_042569,0.08241507465733527
row_029993,0.0014968664382858667
row_002643,0.06383904728591876
row_003438,0.971878517392895
row_006025,0.0022093564703865305
row_016550,0.005354912109663759
row_007167,0.04978314718831937
row_009721,0.018018260053325373
row_024021,0.039239325608958715
row_043599,0.3586084722605687
row_034587,0.9213459591027572
row_014899,0.1468593362146225
row_042322,0.2801976650330708
row_045454,0.024437960669311917
row_013006,0.8022917644230649
row_048176,0.013839672977328637
row_000467,0.0011416003957136105
row_004342,0.08813146424726898
row_048700,0.3479702055917974
row_048628,0.6290941293337929
row_013048,0.31381468614478086
row_018388,0.01003327034183831
row_038536,0.37180153731667637
row_024816,0.004102856551194515
row_023030,0.32544114962704657
row_043425,0.6362899415691854
row_024723,0.0038695927549413935
row_015739,0.04606203162889894
row_028740,0.008863467942957707
row_019660,0.052130053992072996
row_029231,0.015644866603600403
row_047966,0.12137421501368773
row_047312,0.03680215963817989
row_036300,0.022462615986626803
row_002710,0.010718580117380618
row_012243,0.003313751363432098
row_023962,0.09104131324304143
row_008753,0.20515490859490518
row_036234,0.7075901059799703
row_046826,0.15923182841926362
row_031489,0.018381563410424805
row_035925,0.07764929993814279
row_027458,0.12420945311845417
row_015343,0.02037415964574288
row_003586,0.6302471753442346
row_022173,0.0001744883546423584
row_019371,0.016355083765591156
row_002186,0.6302655745038187
row_020931,0.5537993633828001
row_033870,0.09584628311563459
row_014674,0.7891658457922693
row_030019,0.7871881331857516
row_020359,0.495977224981535
row_046147,0.3952976610021851
row_036284,0.001269372944669688
row_038313,0.9566270210939637
row_010370,0.001084216946934374
row_005941,0.6878632468076922
row_001762,0.9373235633557999
row_009298,0.07404074571424359
row_039249,0.01611082208346411
row_003298,0.0017160134370841492
row_044153,0.010482057771530374
row_037336,0.8124169903542636
row_031882,0.8954264082431247
row_004222,0.17336801659477724
row_015203,0.9158905202970925
row_004229,0.002416679468672549
row_031518,0.07094337701903228
row_016701,0.3102731432893726
row_036469,0.03898077534772034
row_023805,0.0007850345206963735
row_041940,0.11025733919801535
row_045627,0.199161976586458
row_027702,0.014829928184420265
row_031340,0.28479950630560663
row_031828,0.05197272825389075
row_044466,0.00029601672884737787
row_044905,0.0028438037785454883
row_028382,0.002217401171076079
row_030623,0.011739341023033242
row_021190,0.008833202072376702
row_007053,0.010218969336824583
row_017574,0.8821869431243492
row_013425,0.1304197268394528
row_007459,0.3771748774734948
row_047756,0.001636083489320118
row_031257,0.029838416403404202
row_008358,0.5611486236158161
row_025300,0.055164418198940725
row_013582,0.1499404212082981
row_047146,0.0035890741350840783
row_039223,0.025449705098651087
row_013339,0.7345990550312818
row_034269,0.021745511833309316
row_022490,0.0006182569599778594
row_025387,0.44384563167506896
row_034259,0.7193432242763195
row_025163,0.12756055591594573
row_016592,0.007335532800151824
row_013471,0.15223657745839206
row_024687,0.01709285806669391
row_014938,0.6824340663420004
row_042461,0.04418835353295764
row_047958,0.029480924132053003
row_006852,0.935335697463102
row_031417,0.8092275960425896
row_018711,0.9703650526195388
row_029714,0.5144426875508202
row_048063,0.9891558406278743
row_044384,0.045013723943734346
row_004564,0.000780105758420449
row_011003,0.00025128623231187826
row_006276,0.019906065488218494
row_014350,0.002147901699498522
row_018914,0.0004677075949992618
row_008715,0.13428075141724177
row_034557,0.0017864596240152722
row_011790,0.00858315770061509
row_026896,0.0013723231822998338
row_046267,0.041996653146390714
row_030537,0.5207939525456238
row_013795,0.004166640147021741
row_008942,0.037178670911508685
row_044587,0.0060197063614831035
row_036935,0.005386473410196829
row_029416,0.7457649085318148
row_002218,0.8579144070880363
row_005714,0.09953609612793671
row_038508,0.02394947155696319
row_048536,0.0009075516121398599
row_038976,0.01338965532717859
row_007879,0.9160991130271371
row_029765,0.9744522387461318
row_028271,0.08846709246540004
row_000992,0.5286297006239877
row_020027,0.326356072042862
row_014601,0.04196556114059031
row_036890,0.08321043378804548
row_006995,0.47254319302502373
row_022462,0.0068481892081054645
row_015191,0.9822361102804775
row_043725,0.013319760301261833
row_047825,0.5689256206447297
row_009320,0.014763868395593535
row_030585,0.007651705668669331
row_031872,0.002809717870091544
row_044501,0.14731920504755353
row_031540,0.038605309938718045
row_031878,0.03712728217235911
row_038659,0.016045877923665793
row_017097,0.008979642396160722
row_044009,0.23235507940946415
row_006325,0.0015675072318378225
row_011890,0.9861152635420048
row_006284,0.05388209476289247
row_007911,0.9031719729703346
row_035779,0.207316378053179
row_001726,0.024022378798599118
row_044819,0.7350459343969623
row_047738,0.014348236514731898
row_024765,0.20323262266219105
row_036493,0.3802144469074161
row_038569,0.2540958946579599
row_036499,0.9926653473460322
row_016755,0.0008353837231647139
row_015365,0.3208193307140608
row_018083,0.025404775878468882
row_004591,0.002575868587340148
row_009961,0.7012159904478736
row_032408,0.9998269368940872
row_014628,0.08174254759922495
row_012755,0.012025299765684292
row_012983,0.0010619354447717329
row_008359,0.004181847562388776
row_000714,0.02349513008946804
row_031365,0.41710381797346824
row_038171,0.0010008647587283095
row_046330,0.3054393286968446
row_012842,0.18389122344211428
row_007348,0.29456191864301506
row_036984,0.01766480541545184
row_044365,0.07583856954668157
row_006029,0.0042581862122140395
row_037852,0.019287463363707565
row_013328,0.7413635770183997
row_045172,0.002690311719809211
row_000443,0.8740594993268319
row_047456,0.1659837721485368
row_032530,0.011395397388020615
row_032225,0.012791158267857783
row_006936,0.031034126097467717
row_007135,0.0009496159690488961
row_007914,0.011481597755164979
row_020936,0.9252074310920796
row_049863,0.003912534655754241
row_048922,0.9449129886546905
row_045022,0.3135225274681065
row_001021,0.0001868794377405586
row_006027,0.2086728316282936
row_024511,0.017577450178618233
row_016386,0.034713323415838854
row_004614,0.053745584392086015
row_044695,0.08698272620268638
row_007572,0.02187471189397945
row_003707,0.054152885233221926
row_004642,0.3055261090786937
row_048840,0.9562174132717167
row_010126,0.018870602190411857
row_040174,0.150365282101733
row_030735,0.47897241773604765
row_029237,0.05165982406869149
row_029806,0.025588593613267898
row_027537,0.0034863418872458133
row_043595,0.28108451063371614
row_038454,0.011342883468256617
row_003362,0.016306416188881505
row_047471,0.2058764806659207
row_038300,0.0033865369710260862
row_016031,0.04200907396067753
row_017838,0.31449736241290355
row_018748,0.10644678005212634
row_007070,0.5606932254542241
row_007775,0.0005382406709790822
row_045819,0.01679356991934147
row_030956,0.9992433267427998
row_002453,0.8081126900354253
row_016101,0.0007446276489641227
row_003234,0.005836661837451836
row_023004,0.9237984221405087
row_006487,0.007872927603548935
row_039206,0.1092224762989008
row_047774,0.8210522243450741
row_049925,0.11780258911555816
row_015703,0.004225076117211663
row_014843,0.12237814741197885
row_010890,0.0028227833704805427
row_024717,0.1674001736661898
row_002725,0.030951199956729323
row_003475,0.12764833673041484
row_010380,0.022244278498865355
row_045439,0.003203855949668148
row_011497,0.05306760094870914
row_004523,0.31121428217642544
row_014406,0.9431685042781477
row_019200,0.4004450084688054
row_044052,0.04062156604862165
row_042289,0.2657859848049185
row_003409,0.9925731382563517
row_015130,0.08702516407699533
row_030999,0.5633265040777957
row_009947,0.004138036166230152
row_028893,0.9983945291976493
row_037987,0.04332357316186842
row_048115,0.002951980102740051
row_008981,0.004291374471341469
row_017463,0.17093740839428384
row_049448,0.19623531253677484
row_002651,0.01110222381310448
row_043999,0.022206567405245462
row_042081,0.005245591408718952
row_021163,0.05047939297659171
row_031111,0.02497183627215333
row_015247,0.32180622876532733
row_048622,0.39697448466149626
row_018921,0.006919358741917965
row_039377,0.47110548383474043
row_041263,0.0017498856346008455
row_018694,0.4191062007340188
row_008384,0.053093377068146486
row_015188,0.004427100695700973
row_006369,0.029855719117167917
row_045079,0.09917704334924607
row_013184,0.4384955730920341
row_020551,0.01706221822263491
row_015050,0.18812918056323374
row_048153,0.9554756341868591
row_047587,0.13000717291848443
row_015039,0.9850693691217473
row_037194,0.005176752935832693
row_038767,0.010430255347655917
row_034202,0.036434264920894716
row_046737,0.9429934021943166
row_011124,0.30725201413269476
row_041708,0.5676710965023666
row_040350,0.04613341153263485
row_004896,0.9120641101075736
row_021721,0.02360558882660731
row_016129,0.22833285910704051
row_028194,0.024655948739542494
row_025073,0.01244560065235567
row_009846,0.0007133017401175768
row_025104,0.0064134940935191434
row_049677,0.9555245513343541
row_034601,0.0025845321958411463
row_045274,0.0935992537722162
row_005022,0.32430546464038174
row_047511,0.013257001701219163
row_007413,0.6770165431428167
row_042093,0.0010198891546701998
row_014459,0.0024004287510544305
row_030188,0.014631607282740853
row_015167,0.11931240969324923
row_018959,0.007895431795105348
row_042893,0.003920761604405198
row_041412,0.11788374912662614
row_041175,0.008212843451330533
row_042708,0.006025921885079496
row_006168,0.2257929321889609
row_018831,0.02164464328252897
row_008194,0.0001726640130252014
row_003730,0.7790558788663747
row_003861,0.06458776715861268
row_038805,0.9197477912545208
row_019323,0.03266993174925981
row_037657,0.017259508044499702
row_036910,0.008112667279738363
row_028790,0.7321879630304715
row_019319,0.005725857476326758
row_044994,0.00041940246725624176
row_041592,0.9686781168071986
row_047551,0.02036464197129241
row_031241,0.0001459416778419276
row_001499,0.14900728531546453
row_047928,0.0030444527635660116
row_010088,0.9270932812516656
row_045501,0.0626913456965007
row_035042,0.2498381952350615
row_038741,0.9677137272268701
row_022646,0.011628897965571141
row_026851,0.03366949942389185
row_030697,0.04480140588468376
row_007780,0.9347594702240299
row_003146,0.9894958002946952
row_023753,0.34969637528838254
row_028536,0.9359790382316111
row_042480,0.0043035994549020665
row_039692,0.7730504918457628
row_018687,0.006331924214542498
row_031055,0.6146204329385324
row_031012,0.04184448373273932
row_042342,0.2103042360650648
row_021181,0.009094936868738388
row_048243,0.09773889491040932
row_027110,0.010395061248334041
row_017145,0.004407801242063593
row_013136,0.00897679134128418
row_044147,0.8386404364791635
row_000633,0.09616654847649068
row_017188,0.008466377236794881
row_028819,0.005173434890942525
row_023247,0.48306977188560907
row_047123,0.0016350319350643963
row_038901,0.039179222831055446
row_007766,0.025049842313582985
row_014607,0.34968946379098376
row_006510,0.8714285150976477
row_021020,0.043192396905493535
row_018899,0.023843528901275744
row_003437,0.008576625072651826
row_020855,0.011389040331832157
row_007696,0.01143599163495635
row_020561,0.19439876278856552
row_042655,0.2627377290019612
row_036939,0.007811193238284375
row_002322,0.9737430987447413
row_048851,0.9909348024869585
row_034891,0.014978014320740586
row_025972,0.24066612502669188
row_038865,0.026544246561667303
row_005609,0.008240906568781984
row_029432,0.006970827776354228
row_019500,0.005508674064067501
row_034747,0.9166932826649952
row_043770,0.025597763758152182
row_018260,0.5383726919183293
row_045099,0.06440047991776235
row_045974,0.013565841896223913
row_045835,0.015974461636626733
row_021413,0.6705534734362537
row_049701,0.0028462152502514385
row_024469,0.36170982621834685
row_017549,0.7472447857213744
row_029323,0.16127836413311686
row_034815,0.19049724859371944
row_004396,0.9596161272877319
row_008848,0.24353214777292334
row_033604,0.11794273066745055
row_042003,0.00045807002251801185
row_049008,0.0006592840385817835
row_038406,0.40825537076906454
row_036225,0.00033190191495772477
row_008191,0.982337622323155
row_006726,0.16737290106628533
row_005308,0.0024950745622282686
row_000821,0.1987182172696648
row_011366,0.01298089518023849
row_016052,0.5728769494802934
row_024695,0.02067759077650014
row_035972,0.2889905736786549
row_024492,0.07436694033756966
row_002961,0.024173574244744013
row_033032,0.001296984078164703
row_044456,0.024812070796117122
row_003170,0.0497019018247054
row_006089,0.018949816748709873
row_017728,0.012497991851202187
row_039221,0.197118507394947
row_034314,0.09549724207760613
row_005750,0.5817586231115236
row_002628,0.05395251132466026
row_039464,0.17525613538119242
row_025005,0.5902185188903257
row_023611,0.18538544218283873
row_047690,0.36685200206070023
row_026393,0.7977525065084825
row_025584,0.12752497093799076
row_034540,0.007840719172505754
row_001730,0.11332493661375015
row_011129,0.058882575215995735
row_009853,0.001923819181016095
row_015303,0.13106507045323898
row_032318,0.8782723687625268
row_003753,0.3836059830111449
row_021359,0.00018981397086913462
row_012497,0.0076152512888445585
row_013096,0.020522834928445085
row_025308,0.04733269766823243
row_021930,0.015318336502765886
row_021815,0.7898055274234997
row_010692,0.4986376624973029
row_021937,0.9995076907676193
row_019150,0.2908176254147711
row_030005,0.01423866403581386
row_015559,0.5988916335866272
row_048254,0.00010267042747718294
row_001249,0.11137825616971944
row_031864,0.002338319209840289
row_010645,0.006101426502398479
row_016809,0.0009678606191747105
row_030536,0.0062131904042761876
row_035534,0.03384958067882186
row_015086,0.006863309914433375
row_010435,0.0470869601642407
row_024560,0.40861161575134874
row_011364,0.005301406980507859
row_026043,0.0035373360345339207
row_044427,0.015468309252827666
row_038988,0.9760913446749305
row_000248,0.9963316335563224
row_023632,0.01515149249698191
row_037760,0.05791627133048871
row_048557,0.03284484884700973
row_024732,0.004383220542356906
row_035435,0.024661333925211994
row_038955,0.08201088664505363
row_043716,0.022608385434143622
row_002544,0.23633098486708193
row_002086,0.004119604410773452
row_041155,0.06948966714017799
row_024294,0.028152227685838273
row_020038,0.019560795646690946
row_042969,0.5966680437673033
row_010664,0.29796402372800074
row_008739,0.701551447701259
row_013482,0.06837948427573048
row_026440,0.8694147035921389
row_013445,0.03279118844787623
row_022484,0.007878295993754223
row_019185,0.000898655936768739
row_013554,0.03765243451191767
row_024843,0.8034808686885809
row_023436,0.024658292891238266
row_013194,0.033859731942892365
row_045089,0.023019741605873997
row_024595,0.3108395084201329
row_048411,0.46403666805388866
row_003036,0.004664961632576425
row_047530,0.03859544585560067
row_032435,0.0014396546376768556
row_016919,0.028257269129708554
row_041154,0.1483386556861689
row_000762,0.007589733423358289
row_021327,0.008739998572971712
row_047367,0.008399978073714922
row_037968,0.015457794904032209
row_013450,0.9998174881882291
row_022433,0.013485326686641017
row_012830,0.4775126257514675
row_011967,0.03160068870318518
row_001596,0.9977606551042578
row_019113,0.6799668714466515
row_003782,0.10473148346113888
row_015335,0.0006949683272989962
row_035382,0.00029115218577731165
row_033133,0.004866277990962263
row_013678,0.004972342333269097
row_043850,0.8867593940774608
row_034818,0.5106142914137473
row_007422,0.00263860652184628
row_046058,0.11285612149656785
row_008922,0.04861532803723832
row_017152,0.4692586134953009
row_005541,0.11195941871908326
row_029204,0.05711333687915252
row_036957,0.6344523130671248
row_002385,0.004091847170762066
row_028270,0.018726186373475402
row_014580,0.9125241480782506
row_015028,0.022866085358380146
row_044476,0.057538460472406384
row_036261,0.034109478355360795
row_012403,0.91098658313428
row_031336,0.008684298301321607
row_011604,0.007753893111785454
row_049319,0.05684235206055649
row_039720,0.01792291918419981
row_006508,0.02220462724486904
row_006298,0.27197676071673865
row_026468,0.8708651596938396
row_026573,0.0015081965055370214
row_039696,0.2428337819053489
row_048997,0.0007092833998585289
row_041879,0.8945613086711575
row_042892,0.9092602967648367
row_007894,0.06724170419392901
row_021627,0.0010103472173509775
row_013574,0.003051524076038908
row_039876,0.009057950840126916
row_029314,0.001008523553592786
row_005812,0.19070306589160146
row_016192,0.7458935393813495
row_043438,0.045244098655016406
row_038697,0.09818952306135735
row_029770,0.5999268906873434
row_003988,0.004216090369665596
row_025117,0.00709598233811225
row_015931,0.0052226264255416256
row_004144,0.0016324962669977496
row_004095,0.00039049564886480345
row_048471,0.0006856059568363595
row_046219,0.02219536369979308
row_041478,0.10837538969157762
row_020092,0.003199792443358092
row_018972,0.04639094325420874
row_007410,0.005970208706591613
row_038049,0.4477095297569582
row_046321,0.1355937887593303
row_027207,0.010996337792408904
row_016569,0.011277967573254312
row_000867,0.8693090513417265
row_038499,0.0002826859824193259
row_034120,0.002109724985831444
row_041515,0.0038548365810715944
row_035035,0.012603101880022574
row_010207,0.012978332024647467
row_004227,0.005662433919217318
row_018792,0.6431294413767493
row_045774,0.24824826101443756
row_036511,0.036573640949099435
row_037550,0.020991301015920266
row_042713,0.6706368182270411
row_022325,0.03962350607863155
row_002682,0.01768747123688164
row_026461,0.005753719679401546
row_017445,0.001641517396873401
row_036026,0.019955504182927627
row_043601,0.0073252367865637704
row_041085,0.3893878457327982
row_008949,0.0066284377717741845
row_041839,0.0868292075518073
row_014807,0.895639486535729
row_000827,0.006738777551530749
row_028634,0.004148457723608481
row_025983,0.0019402693949233084
row_001306,0.2977928778644332
row_002465,0.014642060865860125
row_003599,0.012366628352976104
row_028779,0.025657125256632364
row_026185,0.014364559280024109
row_047370,0.02561569045959571
row_012603,0.025503406832893222
row_004502,0.19040575251230193
row_033914,0.03558865086218014
row_036977,0.9759850174538082
row_008376,0.05774178856917323
row_043238,0.4757763975425655
row_043187,0.9818123717677463
row_033106,0.018602879173817186
row_027286,0.03525378330390269
row_034070,0.19852239023593507
row_024926,0.9711413972101418
row_048571,0.04172461976722192
row_015336,0.003688683789297027
row_016324,0.0661631656220483
row_002207,0.030837672896111185
row_026255,0.0027092382179018074
row_032830,0.04417612616694506
row_034060,0.13388283949149826
row_000526,0.47518735850033295
row_019816,0.030276495037638317
row_048188,0.052186701345024844
row_022169,0.08202940188479727
row_001961,0.0200598521094066
row_020320,0.1874641018445264
row_007296,0.03127298704563106
row_036727,0.9054413412244389
row_021120,0.00505121037672676
row_019761,0.002715241062959364
row_021091,0.26899046943859994
row_042509,0.00297194619936791
row_006516,0.008507410854919078
row_015322,0.0007077398346623864
row_011378,0.020789243555679543
row_000583,0.0010570208779510733
row_043259,0.013152880290219273
row_040710,0.000370250494902207
row_002197,0.0013251772641653975
row_026125,0.49003071197526127
row_012686,0.10072521525775342
row_000175,0.04938904370996176
row_027876,0.003039486671590983
row_016357,0.0021761164580297687
row_045488,0.006477073761314019
row_042939,0.046354879424529094
row_025363,0.0020347344004391322
row_045899,0.01089127180811799
row_037105,0.001795148294953627
row_031270,0.0636636431815835
row_014328,0.015967655229983623
row_030626,0.1893090197972403
row_031999,0.08641385471659843
row_034865,0.013269711712129015
row_035823,0.6858360552829866
row_035168,0.8836748570926639
row_024363,0.10119088462537706
row_008558,0.33336107854886865
row_046252,0.028359981749008684
row_015455,0.06723162185521159
row_013585,0.11231220808751363
row_041333,0.10741174540277017
row_048630,0.001788798570676642
row_045651,0.0009644038711588002
row_027905,0.01730777708942958
row_002530,0.9977582961933754
row_021968,0.9877698141033078
row_040412,0.08256874915290345
row_001379,0.004013451862773741
row_016915,0.35369286800899014
row_020934,0.03825225711661394
row_043622,0.0014002378485108026
row_040856,0.0008459270433251229
row_007522,0.0022023085638149145
row_018208,0.4321542525682384
row_037721,0.012594966335171863
row_035861,0.8808282352967219
row_016455,0.0023770565076680888
row_038279,0.7034857247594443
row_011794,0.8343779328249684
row_011453,0.3550567875431899
row_047315,0.010467376872382875
row_000234,0.018958320546898576
row_023617,0.00024769650545433
row_044149,0.9068655916010377
row_015125,0.01232928054411833
row_032233,0.005529321430710222
row_046272,0.009924329007913499
row_014381,0.3074256128826604
row_024271,0.0211614484969301
row_030930,0.3485962894780912
row_011195,0.016628102211368193
row_039765,0.11734441306076618
row_009475,0.07892542532789187
row_014945,0.006132601053495142
row_002163,0.009677623169878255
row_006636,0.0009699402503692761
row_005667,0.0022440859526469442
row_016488,0.9986602395337117
row_041662,0.004245485279695473
row_041549,0.010115078036222426
row_034934,0.018482965965333647
row_017853,0.003670995414409299
row_002723,0.11973108033571055
row_033708,0.000247542678464283
row_012036,0.006713513597128388
row_031868,0.8861349178398342
row_032033,0.5408903795919633
row_006087,0.002268124500544702
row_018241,0.0030331707239616814
row_036414,0.002345742828613654
row_028878,0.06390373062731956
row_034322,0.00959385206461512
row_029046,0.9264635898129276
row_022980,0.9393372813608023
row_025495,0.030606051531022117
row_031510,0.03424426927158993
row_001712,0.0025732896242211646
row_038676,0.915404214754398
row_015242,0.9396697443214717
row_039241,0.004278511287999538
row_016716,0.991946884806264
row_034311,0.02831453713016241
row_034281,0.011629084687939478
row_009268,0.02218479068847124
row_024336,0.07094558563553943
row_034663,0.9240319698192672
row_001537,0.0011609697324040952
row_029111,0.004113250898710254
row_019364,0.3220635068320783
row_045132,0.6270772514781533
row_003863,0.01087730881834637
row_026981,0.6712513773923083
row_028897,0.27019629904005976
row_001995,0.01853729582576182
row_026248,0.6540967859533421
row_037606,0.32642449029142856
row_043322,0.012114746824007705
row_007069,0.7322398389796247
row_039812,0.2840581601879029
row_001775,0.16137346835459934
row_012351,0.04163458658607552
row_004235,0.010582428036861656
row_019690,0.36605833225258466
row_000661,0.015343646426673203
row_049912,0.0032276443474725373
row_003271,0.21807658695128931
row_047487,0.16986359577886787
row_040552,0.057728568976121296
row_028659,0.6538668973151046
row_017202,0.5505701091792059
row_039873,0.003777391873077982
row_014007,0.271504674358
row_034431,0.018587456072203936
row_017184,0.004708167477268937
row_018911,0.44977086535104305
row_026957,0.34583208686613454
row_005328,0.08228345685981638
row_034350,0.0038313708549382965
row_015469,0.00031028984396479117
row_037131,0.7137001204445478
row_038827,0.0028980378285872466
row_030152,0.017186345142432998
row_031458,0.010644511127395844
row_010470,0.9661307719235753
row_019940,0.9963112576689811
row_009193,0.04061507686617697
row_032794,0.06935713518186061
row_028142,0.02633793005690966
row_009847,0.1297355731704093
row_024704,0.012910790837466964
row_014872,0.0009715070414251752
row_014972,0.0582892088021589
row_001651,0.0012656118290125514
row_018721,0.017626723446316606
row_043510,0.02280280406311931
row_033767,0.026096676027827084
row_045905,0.00601281022433206
row_034153,0.9994299533059492
row_033156,0.27373598105347935
row_016651,0.6588017620728506
row_028224,0.22125144234157984
row_000413,0.9836553563628546
row_000591,0.0024642874973955916
row_046828,0.023824688960337626
row_011050,0.03120360487444072
row_044103,0.004437347302692887
row_015732,0.05774015142334558
row_039426,0.314449031845418
row_016614,0.00394757285675068
row_043351,0.02016663151382412
row_003489,0.011510515671421568
row_022946,0.005442928326164886
row_022988,0.02683676227675637
row_023198,0.0003556390499250327
row_003004,0.3744619223289043
row_047562,0.05798453937927618
row_006624,0.0027250569372556746
row_015064,0.026157125015445298
row_002412,0.005794046298568238
row_025679,0.015995744636883677
row_026372,0.682168259452377
row_037395,0.014558166025664529
row_002848,0.04004499790441514
row_016047,0.49098304805617937
row_006657,0.024179444406788812
row_036267,0.18771449709246116
row_025370,0.0055060932661801665
row_014770,0.013867178833681501
row_007574,0.06873750104225908
row_038235,0.35738608868979826
row_025124,0.6137304841290363
row_034114,0.12349174943601145
row_036651,0.0981776372115267
row_012675,0.008837789712505185
row_038800,0.1095582043157317
row_003561,0.08926456183671312
row_044890,0.03023095063837937
row_041703,0.013505426765616512
row_014640,0.7113881904147998
row_013284,0.004283932762739264
row_000704,0.012007068997118833
row_010350,0.23353215140064187
row_034055,0.9723961628671322
row_021418,0.12425089936534321
row_008491,0.018408212946792495
row_042610,0.78623718668742
row_029451,0.022962306553407565
row_028702,0.33757178141219835
row_028514,0.006400528081565635
row_031452,0.8857499980782114
row_007983,0.1117317068931979
row_019593,0.00318123559584958
row_021056,0.045502306079742455
row_032205,0.1702507649229451
row_010050,0.6820354606174782
row_048327,0.00380905139378565
row_025614,0.02915465677598388
row_033413,0.7522340199828317
row_008054,0.0028595502563041517
row_007123,0.06318629910215454
row_043938,0.003413323116739166
row_029289,0.08644221080110143
row_035131,0.028629985094223428
row_039182,0.8233469987128711
row_004535,0.008295266861784958
row_021514,0.015690543714020767
row_014316,0.6007952094676109
row_039321,0.07966507933941232
row_047467,0.11557167861903454
row_035623,0.9601213369608826
row_024123,0.036628884711155746
row_026973,0.014202685918117759
row_026847,0.380685679493186
row_011426,0.5927968371981038
row_000419,0.7817401265632752
row_012757,0.12727513618719188
row_001728,0.0033272724421501794
row_017529,0.4500252907971804
row_013853,0.01804366690591738
row_043212,0.024157353856941226
row_014205,0.004837351331854118
row_002021,0.07132407671350613
row_040834,0.002729186932624537
row_007224,0.019108072771669753
row_039242,0.016628844625378617
row_048666,0.9440080985421021
row_019655,0.004547959701629191
row_007249,0.005838601858026744
row_042138,0.0010083247536106764
row_033420,0.3853763198021321
row_012839,0.9826134385920957
row_046868,0.06600187493079972
row_015640,0.8479418651819546
row_030744,0.0014184999625460445
row_039179,0.017325936517722677
row_022555,0.019100336208230005
row_031163,0.000514840150963803
row_020428,0.03929278750705079
row_008594,0.028250733452436557
row_003553,0.06817848433753146
row_042995,0.009591089121147239
row_035529,0.2628520036553749
row_005810,0.9126957319681859
row_022719,0.429654636361409
row_021761,0.028306698105846875
row_004412,0.36389481446664257
row_017985,0.06947250283713965
row_030602,0.04464766458451551
row_010181,0.05753111840363112
row_013101,0.05600430765828985
row_048816,0.6702651033193304
row_048566,0.15099295683234
row_028628,0.9903457674152832
row_041684,0.00017273739901912596
row_012504,0.01492247550164776
row_044829,0.016690815109718052
row_038196,0.3502634907892687
row_041091,0.4537707332344128
row_010999,0.014091611612416335
row_043169,0.009767700294432
row_031152,0.0026277740909507736
row_026446,0.0007879403009367317
row_009896,0.005430119669021298
row_008973,0.02026743800951528
row_000771,0.23368187541455765
row_045675,0.12026271606058024
row_026647,0.42331696494625415
row_024784,0.002492822812835493
row_013813,0.035969041045395375
row_007884,0.008433393782419831
row_009621,0.6353824961467702
row_016487,0.011675334390352317
row_045272,0.01434922917179125
row_029388,0.053253119997058125
row_001870,0.3350704598956075
row_022731,0.12349460114199674
row_032614,0.9475380752572526
row_035367,0.08288628271707409
row_027613,0.008116010893333166
row_039868,0.029871348617121717
row_005117,0.020290997333052143
row_001780,0.0027526356754121895
row_010546,0.021911796665269996
row_046852,0.0005718530853222946
row_040364,0.11842576843639387
row_043270,0.0017101241776655027
row_036982,0.0013231350432506422
row_020771,0.0010846859039510878
row_036383,0.036507086793621066
row_011150,0.00092072012616784
row_010094,0.01298154162228726
row_001626,0.7564222350921015
row_040790,0.4543463949758673
row_020740,0.030794273874117786
row_009681,0.01932151560924651
row_009024,0.009073745408610428
row_010987,0.036674062699875935
row_038357,0.01651492281411762
row_043723,0.0007075470746660514
row_030788,0.011903423783462307
row_049172,0.30413865128389916
row_028961,0.0025265124175854452
row_031612,0.18837442029886586
row_027250,0.016341389679958396
row_009108,0.038904883805931954
row_028040,0.018932386168641773
row_010238,0.05758460421863929
row_046080,0.0070435543893814755
row_049224,0.017738761763724246
row_020833,0.012409124799182021
row_040510,0.004671813611267745
row_024847,0.5273682141676473
row_000015,0.07492050094365243
row_033850,0.7146478339952117
row_001258,0.7262891524179558
row_024643,0.0418059698333747
row_044084,0.045055860399087044
row_026718,0.13142753572205776
row_005864,0.8732588595092622
row_026048,0.0028854603677395466
row_004524,0.003136914047119792
row_011001,0.4705086973491016
row_042903,0.0006520393575360552
row_007396,0.027207441245052016
row_046498,0.0024978501159145607
row_018849,0.6886463031742907
row_037637,0.0024121519562518897
row_007371,0.014150675206378865
row_047761,0.018979386700011903
row_043564,0.050321487298022445
row_002107,0.00030219130160377163
row_048521,0.026099284327038088
row_038302,0.9352340850071269
row_039604,0.024717038004181936
row_025574,0.882688149142928
row_037463,0.008389853392713162
row_033069,0.00198525821328055
row_019908,0.0014590772541512335
row_007658,0.008546530292351267
row_007456,0.0026975843804181395
row_022106,0.015221383834932208
row_015633,0.0008717323317866667
row_003615,0.0066678388999070375
row_040833,0.00551177339338212
row_048602,0.13444333454542404
row_040680,0.5516813449675433
row_003057,0.00133426120864696
row_028244,0.39749256909134056
row_048527,0.01864755939906279
row_017986,0.056189543856002847
row_002857,0.05141558359646879
row_020145,0.09233025771247998
row_046197,0.581238002826031
row_032598,0.9779313131560019
row_010049,0.9618950286449717
row_023327,0.006533099974475011
row_014801,0.6785487549054902
row_046077,0.019478686800028608
row_005316,0.013278406947928494
row_000260,0.022462640491958712
row_026159,0.07674695565545671
row_009003,0.05409286114357375
row_018144,0.31044500868695596
row_043976,0.967703476936335
row_027977,0.0043439425122821715
row_026946,0.06449610001412286
row_042852,0.05400474128660748
row_009653,0.014235864814896398
row_032586,0.20751944411635123
row_000280,0.003674615081936792
row_020859,0.9515364912701086
row_043142,0.007207161309596648
row_018113,0.0007769864105707791
row_028068,0.031439877753704305
row_021497,0.0020997980645246763
row_010770,0.2984279574320647
row_021463,0.06987455395444866
row_024445,0.7728593191599868
row_037439,0.05173489986717464
row_049065,0.003663900037696411
row_040181,0.050824957853383326
row_018682,0.07168152526526848
row_029727,0.057442620349336525
row_039598,0.9709495420152345
row_035893,0.9655683414941368
row_013727,0.03504308301800776
row_014285,0.013986113346297084
row_005910,0.003728518819555256
row_025789,0.9618890381678485
row_021785,0.3403855806663872
row_044245,0.03948111913597641
row_035949,0.8532643376952403
row_039166,0.0027964917058651345
row_011897,0.1650336410219562
row_012833,0.22556629682280857
row_009785,0.03711905486896276
row_019966,0.06166883798592862
row_010462,0.010522984658419882
row_038645,0.07892231502014131
row_002054,0.004267444945676226
row_026362,0.0025521297259038485
row_032845,0.034204057411920924
row_019769,0.7165183196683074
row_009893,0.004230760194370757
row_029209,0.0051608976710412705
row_006261,0.04433927872195505
row_005046,0.4688877310594411
row_021931,0.02513993712587577
row_019953,0.08364276194651685
row_023855,0.1177408467236495
row_026132,0.006307320442018641
row_014171,0.21906273700219533
row_010078,0.15032212217360746
row_029189,0.14434881014913423
row_005198,0.08420036885066834
row_034904,0.001108345188967989
row_036704,0.12243779748819719
row_014135,0.003073914304047151
row_017345,0.03570570073289805
row_010031,0.0022354366648424475
row_041491,0.6521659439862117
row_005929,0.014508024227502516
row_042176,0.018134411048268097
row_004942,0.047652484902135916
row_001867,0.009398199054137274
row_045809,0.00430805112382173
row_036711,0.0003154816603522693
row_000559,0.005442109358122592
row_033025,0.0041495889210819235
row_017502,0.16335613622121442
row_005873,0.03587281606655401
row_013996,0.030697957750477962
row_043930,0.9870155012986537
row_011827,0.3838165280597186
row_015590,0.6329117871230506
row_038734,0.15370509153848733
row_024362,0.943309690881133
row_043544,0.7798411960847704
row_012854,0.010531260513808377
row_010716,0.044687536478337564
row_020660,0.0016226552274141723
row_027282,0.013369048239588807
row_024392,0.04029236132537273
row_024771,0.002740918280421514
row_038852,0.01956547791112275
row_045961,0.0006037790194355666
row_016816,0.001446786608493872
row_004453,0.24719007242536994
row_014318,0.01863856902234282
row_039028,0.022064107880173045
row_010293,0.009037374498668687
row_045872,0.9956735526373638
row_028943,0.0028229735232508293
row_030500,0.4069384074932907
row_000513,0.22020467813803912
row_017012,0.47359122917510643
row_042407,0.5724871518915494
row_030802,0.2595188583359775
row_041837,0.006624415848356179
row_038228,0.47181098035091124
row_040266,0.008740957224937255
row_035243,0.01272747302113084
row_040414,0.021640503252086225
row_047267,0.42017493135373807
row_048099,0.017527115149980933
row_033231,0.010611107103239282
row_013971,0.001011080931649049
row_015414,0.41372838783960725
row_020558,0.04156529043800428
row_021880,0.0187685869609774
row_020412,0.036457957054618344
row_022589,0.0005107926024439551
row_003531,0.016274992835198236
row_002140,0.022635048170343255
row_046295,0.0213899347463721
row_023524,0.15264407204715916
row_011448,0.03861155506678094
row_030853,0.018294798580759695
row_032852,0.07940356726117974
row_031494,0.0015210390630062108
row_006242,0.2458835538646748
row_030366,0.3161483682402801
row_023413,0.03933645113787677
row_048436,0.4134892157515633
row_000572,0.005024433383976632
row_038184,0.01739360961376637
row_001695,0.0054376363007348945
row_048180,0.16350932927332326
row_000886,0.6618197290965236
row_035510,0.003177701794379235
row_031968,0.03358870125510773
row_019158,0.004958187841333847
row_011226,0.07844178446464968
row_024207,0.023504644849708684
row_010913,0.004991869622503097
row_007720,0.09772002650462487
row_029173,0.055352611088469526
row_036204,0.6793894823920048
row_024394,0.016475775937032897
row_040818,0.11820716712135822
row_007949,0.005598284845793301
row_005892,0.0010122355632319942
row_048573,0.022441762364700222
row_000879,0.9387919889812811
row_029260,0.12888209841970222
row_032656,0.001154219211221319
row_038820,0.956586871606907
row_016565,0.010200025595860833
row_034802,0.30203701451353504
row_019835,0.57189747793983
row_042343,0.0041750755861941335
row_027979,0.148931840184044
row_014163,0.008230692733445679
row_006005,0.001526741604453135
row_041606,0.7412125369759117
row_028729,0.5524244642751499
row_047108,0.005443416660596177
row_043445,0.02698308563652742
row_004303,0.40944548521822405
row_017155,0.00024318806553197788
row_027914,0.06670999662720443
row_035312,0.0004321451187535979
row_049772,0.0036197520267703567
row_048952,0.8876493876116914
row_044221,0.3253902971924949
row_049570,0.18968521166957353
row_019054,0.03464183737435118
row_034109,0.06367853853465814
row_016633,0.00266220493973058
row_006156,0.005605235176103689
row_025102,0.17598332585783066
row_010909,0.017715766242411328
row_014492,0.055101922146845596
row_011058,0.03969186622468504
row_001916,0.0019055761504341044
row_030053,0.07521304012913359
row_029180,0.0228975772116062
row_044596,0.09746976949991246
row_000875,0.13280055639644506
row_049323,0.8276869293920761
row_028350,0.0011883287417758955
row_013316,0.02054615144708586
row_030417,0.3897520485910917
row_016566,0.8941777743773557
row_021057,0.6638009819283143
row_049943,0.3528026614126436
row_043140,0.0353349381018079
row_025286,0.40061775433948843
row_037941,0.21007879181738678
row_034029,0.0332953314958505
row_023996,0.01832088075151421
row_027094,0.8583446130422517
row_020074,0.010572423109365561
row_033904,0.03188381068563994
row_011758,0.04874509386638089
row_007376,0.0027145344812248887
row_005315,0.006659292284294475
row_027505,0.05023333713457046
row_036478,0.048161036855856466
row_026453,0.021228515458432278
row_011234,0.0014753493968821198
row_006183,0.03077748018374845
row_044589,0.008002064315994713
row_026328,0.005077687107438767
row_036996,0.4525576959687764
row_016001,0.019815681870845845
row_011851,0.027368004870817794
row_001133,0.13071099341528208
row_046301,0.0009159341077014893
row_039362,0.001017801710140188
row_020554,0.003799973905112656
row_010366,0.2667056398413154
row_013315,0.014528702413654775
row_013933,0.020006753162244102
row_029742,0.13176358304068556
row_011839,0.007532505017957153
row_008894,0.9842581721842252
row_006091,0.668202353401601
row_031519,0.05562610128084871
row_042430,0.7277267370860817
row_009134,0.03275881583817549
row_033479,0.04600636592683453
row_006615,0.32429210975307243
row_042290,0.004328880696768792
row_021397,0.038345623701059366
row_043475,0.004978821325135197
row_027897,0.007138112679038806
row_024791,0.001997081362181361
row_042151,0.34756428049449944
row_001063,0.0029980746913320223
row_041679,0.9980017861498637
row_013353,0.4167674181329733
row_006266,0.040716320770975575
row_005038,0.7064790836268152
row_041748,0.7200006983233347
row_031151,0.2144966635400601
row_043513,0.016330861320381376
row_032797,0.00727133889500184
row_017453,0.46076929210254347
row_009561,0.05213165503599739
row_033445,0.01443451448262511
row_034622,0.003857340795605306
row_013367,0.18151536470049034
row_017237,0.00014595854929209742
row_016940,0.9568697152027688
row_005042,0.17612794589546923
row_042401,0.013729880763982962
row_047747,0.02656503505102518
row_032344,0.004932901556508276
row_045575,0.007354562960927239
row_033132,0.13225445760779245
row_015655,0.015118086471771722
row_029628,0.045778298473582495
row_019689,0.018905091338938224
row_024144,0.3510454224883016
row_002603,0.00943344827838608
row_042211,0.04879772369238497
row_017540,0.019229200673334054
row_032790,0.18941882479767086
row_028200,0.010160539411580427
row_030969,0.04629977607672144
row_039533,0.045211059029616654
row_038314,0.005130248610019636
row_012809,0.8389250067081172
row_019305,0.0005732318612687543
row_006022,0.04029856739889954
row_007754,0.024422391364358313
row_021367,0.17359481805470545
row_018308,0.0035123160416315126
row_041408,0.019813754408527128
row_028453,0.0006530435516852481
row_046261,0.04832505754824593
row_037304,0.04054824589334478
row_003816,0.39082387763702986
row_034400,0.9608278253383842
row_016346,0.7262335094806958
row_013038,0.3230801857526872
row_026481,0.006112388984949941
row_023237,0.03634847037852903
row_048740,0.05741520955419454
row_023210,0.9835995704728816
row_012599,0.5293921465836087
row_035621,0.009306885429949298
row_042950,0.0011318565394148182
row_030014,0.05337171848851085
row_044348,0.013289788708761347
row_042657,0.06956903118603049
row_037399,0.0033570670990126176
row_027955,0.913943367266796
row_011682,0.9264214027007431
row_023895,0.00924664226216932
row_041654,0.987915492095127
row_029849,0.01061630937112934
row_027090,0.013762460662480235
row_005260,0.20895585789080173
row_005066,0.023185563223149543
row_025165,0.4964773093966465
row_038782,0.010221030182122056
row_006279,0.00847615886545146
row_005759,0.014888983030841336
row_013702,0.9490443357813629
row_028425,0.008653780423701705
row_045882,0.006355112773515178
row_018047,0.0005987361123749542
row_019144,0.012085605194258197
row_018180,0.0005821085346028906
row_029326,0.045728350550831603
row_016832,0.012580567297850578
row_017388,0.313981421810786
row_047696,0.2785642088494349
row_005157,0.0026370792825590158
row_045416,0.014642730746861045
row_037242,0.939124962930476
row_021909,0.20776612526297125
row_010469,0.0019258856527194774
row_013437,0.11844351954940992
row_009663,0.2532554500998333
row_030634,0.97059944389226
row_022018,0.035191122038007235
row_037107,0.01830221689041682
row_042958,0.9539653718172331
row_047695,0.009400949060175004
row_021827,0.007115499521531565
row_049981,0.0013683864578251654
row_018469,0.18084268789893732
row_035633,0.9550382113747616
row_031740,0.12326708735772043
row_032821,0.03680735993116748
row_015479,0.7381582701467719
row_016247,0.0016532679401807093
row_010152,0.418832985814238
row_042632,0.015707942912213894
row_013134,0.011059219364614055
row_002251,0.4308507008937845
row_011930,0.7633971351898385
row_006499,0.001643858759507305
row_040792,0.08822241483867821
row_032075,0.2819864233453359
row_001347,0.8858195452128691
row_001735,0.023883457713139683
row_008085,0.9477503206181419
row_048863,0.0017775783242562136
row_041731,0.06245207518237973
row_007955,0.4537832754501655
row_021924,0.00429774464976197
row_021071,0.09958886295649601
row_024600,0.0013939427880578256
row_041118,0.15810838352404064
row_034719,0.05221382927638213
row_032333,0.0012702253620638663
row_027846,0.032335268003103323
row_025666,0.0019383278682739982
row_046643,0.05920420479652753
row_038366,0.01080939357619733
row_043762,0.1257504826795945
row_046667,0.08618730414623628
row_011407,0.05788675766361932
row_015318,0.37315768800818894
row_033867,0.0013623978572752926
row_033456,0.04533526348765356
row_030107,0.003581650250384604
row_023295,0.011823745244882698
row_000726,0.03677726899558157
row_030306,0.10767305218277226
row_010841,0.0036605316735374006
row_024217,0.8932902926361584
row_010964,0.025608457363014092
row_001745,0.06897142616934868
row_045070,0.017857288143667653
row_020511,0.9986785752154361
row_000199,0.3004006836184158
row_036692,0.011142521004245228
row_044156,0.1846273971249132
row_031429,0.012051260784589443
row_005778,0.21990944852111619
row_032707,0.007118664099485626
row_023085,0.29895172431794614
row_028727,0.4334154260444562
row_044965,0.6316546650491247
row_021043,0.010687915004067747
row_001679,0.04278754870451541
row_045453,0.12892188983532132
row_006293,0.007113347050078916
row_046837,0.003522458586386557
row_017334,0.002931762569144917
row_013720,0.01746723794920178
row_022250,0.7818219110989633
row_008927,0.9654424192736596
row_009869,0.00642214466739933
row_034658,0.023498072796083652
row_041069,0.03630413791956375
row_041084,0.00712126564836717
row_047387,0.3781355506690954
row_014077,0.003957683804570465
row_006081,0.0056741702693016375
row_040196,0.002441635272104433
row_005603,0.04284529600875474
row_047433,0.4461152570806556
row_039735,0.6732782552951613
row_036231,0.0038759109080697355
row_007260,0.0864167543430373
row_015447,0.4719526845761857
row_006960,0.002065127714877972
row_039803,0.07488024192859391
row_048483,0.003648620790602547
row_045733,0.005951114988466863
row_045530,0.005833356916280214
row_023144,0.03461206419536334
row_011597,0.024423945190132308
row_015503,0.09617436139862956
row_020004,0.4438913873008989
row_042036,0.001702243289266782
row_008851,0.025044067007145395
row_041137,0.40532647909678987
row_009942,0.0014572663073139397
row_038730,0.0029593074616136774
row_036652,0.2779620328087755
row_019250,0.016986997834431784
row_028870,0.00024333513811411326
row_009360,0.1361282501847565
row_037872,0.0011593153767106609
row_000878,0.6434672312804953
row_023379,0.6338963248490906
row_033909,0.6662654481762528
row_034616,0.007359357977031453
row_025417,0.0022510141390897184
row_041418,0.0006124488154974673
row_023945,0.3805922982295111
row_000375,0.8227817109849701
row_011893,0.02246390998733468
row_033026,0.07060639799388078
row_039762,0.0006894923581622779
row_005007,0.049638117637925916
row_024464,0.008094407815883688
row_012950,0.042835335111109464
row_030631,0.5491018656441637
row_037378,0.7716340399787829
row_011590,0.022377405769104908
row_047659,0.04314942568081816
row_032400,0.449475653406557
row_020814,0.12015933532225127
row_001527,0.1439115505629196
row_012331,0.0075300535005067525
row_040294,0.04054254029761986
row_009263,0.01060304197189542
row_035033,0.0019147607576826624
row_046941,0.3651191866969
row_015744,0.12726567172194336
row_047489,0.15579152156388096
row_042470,0.024249603604856455
row_032024,0.06875938408079417
row_012773,0.006852410597324037
row_002520,0.9816009230175351
row_007378,0.006541653646233794
row_029821,0.027983894639413205
row_028406,0.00017128162017318667
row_017626,0.6534555837217991
row_000525,0.010668993737824083
row_020051,0.42018946806318896
row_005574,0.3991438283331641
row_040265,0.23422989839131864
row_015461,0.024324276002558088
row_028078,0.4898702470648048
row_008912,0.06744828574779675
row_040640,0.011584855980167893
row_029145,0.06648139950339153
row_000056,0.02451397757143451
row_030009,0.9830436007346792
row_009084,0.0025693893714233496
row_004532,0.01758742182193205
row_032480,0.006600031985285815
row_019638,0.0005865506699192369
row_027717,0.013476542880341709
row_031096,0.0009411773566934236
row_036991,0.08798965681689157
row_009195,0.01254281005937426
row_007394,0.9886985053146655
row_041486,0.5600065656324025
row_017955,0.019746020905084337
row_008015,0.4876964816993319
row_022991,0.9568702559112611
row_037073,0.042095821557093044
row_014304,0.001042066359953794
row_026990,0.003095845163815687
row_032816,0.11435387085621607
row_037646,0.39545321529760047
row_027938,0.041828496469872044
row_036667,0.005609254074559208
row_038272,0.38395480387127867
row_010654,0.14169788359900723
row_032991,0.01593139941920678
row_007699,0.0006859550111236702
row_049897,0.2292393447215374
row_013773,0.004929816552511936
row_043332,0.230526345193214
row_014748,0.007982263766557694
row_029925,0.031014819890817284
row_000428,0.3184506107522312
row_049171,0.007397111911970743
row_045186,0.0159630810006086
row_010286,0.004392063962613168
row_034643,0.0021563361196584347
row_028349,0.034869571187650966
row_014146,0.9116781980160256
row_017447,0.007695685983584754
row_049919,0.4380586031772287
row_046248,0.02642984811320204
row_037659,0.06380193373675752
row_029649,0.004190063259769754
row_000849,0.8311539332105536
row_018039,0.28507483823374474
row_017969,0.29748242356695664
row_003513,0.0016416150673556884
row_009415,0.19538367097562653
row_048582,0.09558469256316024
row_029995,0.4851359896414819
row_023182,0.06035749351602847
row_020017,0.006065983512886861
row_009125,0.0870973657446534
row_013924,0.5448528290046726
row_040284,0.010269542293775469
row_040672,0.009000227097198702
row_048779,0.020823230071513155
row_000535,0.10999462954337043
row_014128,0.18052026314709343
row_028442,0.007806492697021568
row_014859,0.06050315421967283
row_007307,0.003411446271688235
row_035926,0.81294687868111
row_037056,0.708706388015817
row_010786,0.8816883367503884
row_041682,0.002756617539694413
row_025406,0.0010259065879444018
row_017812,0.04239186486396284
row_024726,0.3611550916999769
row_042326,0.007790628518922187
row_025953,0.020257828660346592
row_029904,0.09162300505636216
row_020445,0.05123464577539985
row_016719,0.017411839360931217
row_033078,0.014282060260951222
row_040638,0.2726157467272368
row_004976,0.17705434344237844
row_038342,0.7260321219018142
row_035388,0.23738462276733194
row_034460,0.7485261907901404
row_009852,0.013495398275913577
row_046062,0.0777283136737784
row_044788,0.6796918246838706
row_014704,0.018848712816677504
row_018597,0.015538859580422247
row_040671,0.0030358551131672287
row_048624,0.28178689903973797
row_034700,0.003911385845021618
row_025444,0.07763525740201833
row_046488,0.004335422654737178
row_000785,0.002099184750238511
row_004268,0.6283049805501703
row_013018,0.0055434922762706345
row_012298,0.6778094176391641
row_033532,0.07033044265057567
row_002171,0.045562012769055214
row_042981,0.0001952092431752262
row_000446,0.07668920414399615
row_015492,0.0068942556567166535
row_046628,0.0057455189732058135
row_007433,0.026667236995594968
row_038821,0.058165270549253786
row_017884,0.07933950187566054
row_014949,0.2039425799548489
row_016211,0.8498243595101164
row_042897,0.09524548016221962
row_021850,0.0007149984111014674
row_007767,0.3886242809334969
row_022217,0.3359732437706146
row_022438,0.19324518373092217
row_019072,0.5143962802030813
row_047213,0.010585836240396475
row_006478,0.0004030359702656537
row_042269,0.014630757596640861
row_008569,0.02919560124693732
row_042297,0.02972477749571877
row_025722,0.9564581482985673
row_047116,0.0030764534687599725
row_034193,0.00042562625171777864
row_032670,0.003941462620804681
row_010316,0.13119435726461745
row_041025,0.011722449919762047
row_012086,0.0002596852812080598
row_022070,0.18122947822326974
row_027676,0.0229335003940896
row_020755,0.033701472764390984
row_014119,0.0060240635840089225
row_015695,0.021536041017275204
row_039144,0.6263322388877383
row_031910,0.2972074718952342
row_011975,0.038363130019638585
row_038966,0.14771341325146448
row_002113,0.010686561278792991
row_037442,0.08531314272616913
row_038787,0.9020172925130839
row_033786,0.11726439348758942
row_023571,0.9461073127119154
row_027993,0.0017493519513896594
row_041289,0.05540525344419926
row_003140,0.006679937124417827
row_003930,0.001461044361471702
row_047920,0.018683492762142685
row_001382,0.005455782353070189
row_027822,0.015618083209406832
row_049524,0.052147377199438655
row_045326,0.051949986827036464
row_000102,0.7041304622041907
row_008760,0.0084747651305461
row_040022,0.1725851334555574
row_013911,0.06515940221592573
row_030577,0.7812112015981276
row_004776,0.5273078127879973
row_022420,0.009565167466607597
row_031958,0.28057319767025923
row_000860,0.006959920030817102
row_040187,0.003573529663222957
row_036163,0.9917149553159789
row_011985,0.08492962713883595
row_033139,0.1824070679007672
row_045895,0.009285364373649017
row_014824,0.06399048794964793
row_000629,0.08281500166556409
row_021388,0.3517084609014993
row_006285,0.046015510841427534
row_048452,0.22120570516059948
row_032998,0.00214247812581527
row_039906,0.02881896944605935
row_041928,0.00132678315608369
row_044769,0.034092411478194196
row_019336,0.005453466369759755
row_012293,0.0009108053305014824
row_023888,0.1128117219607
row_005897,0.09728068592793827
row_032466,0.0913007468049689
row_039383,0.2502539780278738
row_049823,0.003650652908958699
row_043980,0.8788443020453164
row_037187,0.14287907605710648
row_003520,0.010442597786673653
row_009973,0.06822917730439543
row_021781,0.9997349715804879
row_044656,0.26155964554068234
row_021622,0.28016066400160566
row_018153,0.1506969307687202
row_006634,0.001114117802262067
row_039200,0.005815138847035958
row_048673,0.4946959463530294
row_034169,0.176598321197519
row_014893,0.01649147242569053
row_035706,0.002259520196781897
row_028230,0.9953470778379041
row_035503,0.007918857070390826
row_016582,0.18862310583813627
row_010421,0.042619050689206676
row_048496,0.9313575185099358
row_026056,0.008380299631850418
row_005233,0.0018110063668003928
row_003407,0.029640433457032225
row_005787,0.8860050237633434
row_010992,0.004343703204021201
row_047172,0.8122404774548143
row_009583,0.9924682251754467
row_035703,0.9087494629430837
row_020909,0.0010799928140797542
row_012088,0.49284519917597025
row_004009,0.007836508655321591
row_040555,0.6291061784524232
row_034647,0.010100511533103675
row_027123,0.038298152483316965
row_028297,0.22795496034565702
row_021846,0.0023139932456457805
row_033992,0.8937592630951866
row_013741,0.01613059313900507
row_030986,0.014512519149934287
row_006824,0.0023925345344662824
row_000681,0.026610362441035193
row_003118,0.11416847760601187
row_016960,0.07047790505009453
row_009122,0.07494517507492374
row_016398,0.09957744024624555
row_005705,0.9216610537969909
row_007893,0.08486294518727217
row_008812,0.04553932368143569
row_023842,0.010035329671553841
row_000894,0.0016471598535256955
row_040926,0.9395674407756823
row_016083,0.0005650008156379053
row_005938,0.0005630448781713364
row_034480,0.5399179539324781
row_033713,0.9163446017014948
row_026448,0.0761169302836787
row_039540,0.010463606512418585
row_048872,0.41351024879029896
row_013569,0.7197912666504523
row_021819,0.24379841575137934
row_010023,0.016757649804589627
row_018826,0.31785132654211223
row_024015,0.10187528897201456
row_018335,0.03344062365566879
row_013240,0.005456256988086828
row_000153,0.0028081053226286998
row_006110,0.0008255986251773524
row_004920,0.03669646543233362
row_023168,0.127064433357498
row_037012,0.2642739562103018
row_031903,0.00047125570332335926
row_017496,0.010560839538265964
row_026478,0.010668428280310342
row_049543,0.005421934235896933
row_026252,0.033161481432233596
row_016689,0.0008534097133164116
row_047056,0.8933945644319996
row_004506,0.0027117951376057856
row_005340,0.17954199649034974
row_029395,0.003988351307277814
row_028392,0.5357681183049955
row_028833,0.0017116820357533928
row_024690,0.4481749275840193
row_017590,0.7022109044632885
row_009446,0.0037855593621945777
row_011639,0.012665488901664426
row_013779,0.07980684983482443
row_025199,0.07627050853193837
row_014813,0.5123986224017322
row_047934,0.002596514903502247
row_006297,0.048035592174824254
row_021053,0.0017300369140748658
row_016753,0.0006141684152230385
row_018152,0.9072216828545245
row_014472,0.006620193071033034
row_025566,0.9797800699206418
row_023627,0.687297223806832
row_036160,0.0006497380351953664
row_018230,0.04099122826288319
row_034358,0.0009412584243268477
row_036700,0.14121912172473491
row_006174,0.033748538781381295
row_049667,0.004110022527520995
row_010724,0.018915183650542896
row_001860,0.16887014169270606
row_039998,0.14061086818512789
row_046283,0.0006022941583434663
row_017104,0.31248724068932116
row_044931,0.03661593806384893
row_048768,0.003260064040729877
row_019138,0.8702831967701868
row_028273,0.007470774626207874
row_027941,0.08368182040971066
row_027607,0.0003502435460246378
row_010883,0.004000412591006422
row_039472,0.470964756464512
row_025908,0.014635007591918034
row_006331,0.5303777925884808
row_024122,0.9014857760609959
row_006391,0.04413782253701878
row_033727,0.031865929160552926
row_031330,0.03803719520833416
row_044634,0.020981779104579424
row_015175,0.0073698535133567
row_039796,0.003736247550268278
row_027577,0.0027283167647618248
row_045695,0.7864891501636966
row_029135,0.027295358737326494
row_002685,0.05677273326260296
row_046371,0.016884446381891013
row_040942,0.002043593303363501
row_045110,0.0048148656217414446
row_029578,0.013722919454876992
row_020654,0.06273459238039307
row_043748,0.0021928328331301972
row_016674,0.5599053136786104
row_043694,0.24839963053362943
row_000081,0.7630612376648384
row_019727,0.0024304804602031872
row_033363,0.004183046508298358
row_022007,0.011757522500327685
row_041637,0.0277977680574391
row_021667,0.006259243622784288
row_038403,0.9289661165236734
row_014150,0.9911609470763204
row_046268,0.256742636028572
row_013733,0.02294647144672603
row_045313,0.0028220549485468483
row_038106,0.32963663601565224
row_025250,0.027616555605929887
row_043237,0.3001932702522841
row_046319,0.05467450939833398
row_014797,0.8443230884937956
row_038141,0.02791085941405669
row_010581,0.11797204232749195
row_007826,0.015145242898076056
row_012775,0.08796002303251982
row_021916,0.09357747547586168
row_045715,0.0030957702062970366
row_048923,0.12342597480296072
row_015090,0.020170330416184806
row_038281,0.22972502650041732
row_022767,0.002753355698760969
row_004482,0.2285342368748484
row_036221,0.1474045227284528
row_006857,0.011107835753241905
row_011858,0.07894921692753742
row_031040,0.02242794442495235
row_048825,0.007230012625986486
row_037118,0.8090218266204084
row_023151,0.056612062374000474
row_001046,0.0020360029227030783
row_003327,0.000351061705011665
row_004119,0.001970741619578746
row_028363,0.03539453886932642
row_022440,0.004190273056655283
row_002872,0.9740043234276017
row_015724,0.0015359062728352037
row_015545,0.4603440640064377
row_001150,0.019808242086868003
row_012250,0.01587898076156433
row_027158,0.15517224350679482
row_005474,0.025915145454706294
row_012694,0.03879169751812577
row_010781,0.014948759230887877
row_027969,0.004736515425036242
row_035160,0.011483001258079951
row_032947,0.03517652508585751
row_040711,0.06857406495301
row_021227,0.016165091971675028
row_041087,0.809695727804445
row_047652,0.25964083551944367
row_019639,0.009167646649208048
row_047102,0.002573741519547748
row_023640,0.06105672301941243
row_026014,0.022730991244003983
row_045311,0.020299046933876616
row_042087,0.1154678144315286
row_019326,0.3473589458525867
row_025581,0.01679700515825218
row_046723,0.03016342569657304
row_007528,0.004987168177447789
row_038074,0.012716181018273702
row_043404,0.9042102874126042
row_011556,0.08135146200598069
row_027378,0.00012668909240816942
row_001014,0.4302983634617918
row_024195,0.6889359654774475
row_033194,0.29125319656089904
row_024621,0.00914571368883673
row_027673,0.25684602824988967
row_028912,0.7611630241999301
row_044564,0.11600892356513416
row_049939,0.49031904101452856
row_030426,0.003305323120510095
row_006008,0.0819062354598561
row_036423,0.005655691005192184
row_013211,0.06414606202997916
row_019466,0.9793811128291584
row_009515,0.005995150438205858
row_019346,0.018189803423845206
row_045254,0.006280421058110108
row_003008,0.9850468797846573
row_020809,0.12825340539294303
row_002344,0.07655695207443117
row_035268,0.7391151913541399
row_049199,0.9424025569207023
row_044449,0.027670835673365025
row_018175,0.1513762586598387
row_024680,0.03985101424309191
row_001783,0.8020200312631602
row_000457,0.0024967413736217844
row_027388,0.009942494913100022
row_049250,0.6111898549187311
row_032767,0.021855548680054036
row_049390,0.020089972108789444
row_022294,0.005953508632442547
row_047219,0.1746211666253216
row_020670,0.0036645887356526264
row_046390,0.01159593653793248
row_018949,0.12323279706186638
row_028703,0.3563708274631501
row_032948,0.05723810633094381
row_004450,0.22980856458023965
row_034868,0.04541954005773812
row_045970,0.63122751628913
row_010874,0.02625134162675402
row_031705,0.3494071311954664
row_008287,0.0033157288281688386
row_008782,0.02157568370454205
row_013966,0.610200633191416
row_002309,0.021192951644198044
row_007768,0.14470107179598501
row_034793,0.005394052346434216
row_049845,0.009901143745228956
row_048366,0.06504444832801627
row_030003,0.024480494770796342
row_021508,0.0728319733079236
row_008428,0.08663472297244537
row_004617,0.005882388973378496
row_014031,0.9892301622384996
row_025734,0.0015782430106334314
row_005590,0.025748559487597248
row_019945,0.005265635372128206
row_010777,0.01079100569258003
row_003127,0.9929501154258898
row_000815,0.5926944575713856
row_028275,0.7112800144631833
row_049649,0.037899957901026515
row_037068,0.006200163411333664
row_025394,0.03129544051459953
row_022611,0.031338251668455004
row_017910,0.12651323541436776
row_027220,0.9527992793884414
row_022949,0.30155643256352943
row_033082,0.21405192759387415
row_044088,0.16733472422670362
row_049027,0.06933276078315126
row_045915,0.3501650206196092
row_031002,0.1358689331753162
row_032037,0.037921245847760965
row_033331,0.0025431149547492206
row_036046,0.06718214207790743
row_049054,0.33084212579266603
row_015302,0.1098065087164089
row_022291,0.09428382591122526
row_032565,0.5370971376373161
row_033658,0.1283530904319583
row_004624,0.027678122521159292
row_014259,0.011597357643522963
row_035006,0.0009197998159279383
row_024458,0.2123375889878121
row_021903,0.029819579388701768
row_018630,0.012923994023527296
row_021600,0.012203806716567307
row_016709,0.11388821080542666
row_022040,0.00819487232595232
row_038249,0.025282603083441033
row_033865,0.2600931823227072
row_047813,0.1100542910447963
row_015224,0.012434294631102752
row_004994,0.197618918206498
row_006135,0.009282049619612345
row_020142,0.3484233044949982
row_035963,0.02959827378329576
row_019736,0.06301062862159298
row_036625,0.0072885176134851425
row_025743,0.9781301814378185
row_036858,0.14416868256930115
row_025622,0.0044392207154625545
row_003768,0.0030352054690483284
row_001022,0.7586566181789017
row_005061,0.5880023765404342
row_043485,0.007818380101513237
row_037905,0.045338393304482714
row_022071,0.4748749733175254
row_036514,0.12167344992472374
row_034639,0.00113132141472342
row_047964,0.0032324393849938477
row_003442,0.9892070397418304
row_013343,0.7725353225725132
row_009361,0.0015718823803629264
row_014383,0.023861192926125912
row_027925,0.0014927159805175015
row_028670,0.6468333323505596
row_037264,0.0030157372650162105
row_012559,0.4646741972047396
row_011998,0.37133727061615024
row_007064,0.0004903649567962808
row_022746,0.3178945489049668
row_043495,0.02518654292294286
row_039872,0.000978121082642569
row_024344,0.24867477131124616
row_009175,0.061466052943212474
row_023857,0.06948807254335611
row_039203,0.8282144749560899
row_042869,0.0008093075580354996
row_010473,0.04789042294686
row_027456,0.03465071457225927
row_039694,0.0010169044865723299
row_006705,0.00026530817291749376
row_036587,0.02508714120620592
row_046207,0.13106696306897936
row_018847,0.16411101477369003
row_028883,0.07121725043942556
row_036392,0.04522638327919281
row_039643,0.0037128534571889815
row_049991,0.0017298338269784417
row_016840,0.07046052843931416
row_027644,0.9990148590097738
row_012347,0.3041844020352208
row_013463,0.6275754985939838
row_026449,0.02336525558023723
row_012695,0.3400135382358073
row_031666,0.4110186006350907
row_038156,0.007548041982803768
row_014539,0.01044220344392009
row_043501,0.11338993138326318
row_039534,0.8358918998015871
row_032659,0.16864880208753483
row_021228,0.0007861162354777069
row_001146,0.0021945019997822307
row_030284,0.10562941605707994
row_037301,0.008542190534845418
row_033490,0.16223065020882735
row_020299,0.7427739355947163
row_009082,0.12546606020125078
row_030043,0.0185845508814655
row_022857,0.35878661884664503
row_003026,0.003341002167635782
row_004479,0.0002647015586013835
row_036512,0.004806163224334305
row_039135,0.9294246194278546
row_034360,0.6343962219965894
row_044238,0.6810498906275309
row_024957,0.0015151527744498743
row_028487,0.005183294349990954
row_033813,0.34669411860345883
row_039866,0.00363228530075665
row_032308,0.010041173149433763
row_030080,0.18776093881491152
row_032292,0.0045809557115253415
row_009448,0.012533464722765515
row_014851,0.2639829386670239
row_018440,0.004237157593991015
row_029200,0.0017471030795510698
row_013246,0.013277015808499788
row_040771,0.009867531361461186
row_041104,0.005650092936378183
row_024564,0.5613115933205343
row_034341,0.06265682887227601
row_000982,0.002595117761968358
row_017299,0.049718067798750015
row_038207,0.7524728468193888
row_010089,0.0986546928678577
row_035794,0.21347936620414076
row_033316,0.08523959446112321
row_016126,0.008241901794294336
row_020157,0.050150764692259125
row_007316,0.02354968145676597
row_026833,0.8934015234964948
row_002564,0.0009478310589755684
row_038978,0.01938583681257489
row_015211,0.02518089290183611
row_034804,0.01455501309868386
row_015296,0.0024898344931837658
row_001292,0.9900075090934294
row_015397,0.0016097646507893194
row_048283,0.021588304824784015
row_040038,0.17677006342102816
row_047791,0.026410425178407332
row_045369,0.03418260422406817
row_037796,0.01568911858282411
row_039815,0.0013095320770894945
row_031142,0.9983978512673338
row_036380,0.0014277864030877102
row_004226,0.014672632703903664
row_023887,0.09653919991909735
row_023872,0.0732962826404121
row_018558,0.03209936749635876
row_005802,0.21174836395829372
row_045400,0.12701220663356402
row_041680,0.058993363376638824
row_045214,0.0275990782630301
row_038012,0.00016059810034536927
row_009931,0.00451094089832283
row_042510,0.01766091715101326
row_043909,0.998701708498893
row_004138,0.789358180328926
row_010862,0.1383994211473832
row_036956,0.0011521130115635582
row_035709,0.02538996381348225
row_000307,0.9720566180383979
row_019428,0.00034525340975826634
row_022408,0.002455553942036589
row_006568,0.04739615882590903
row_014553,0.00216649755650165
row_024074,0.3518326310034043
row_021715,0.011553760490522808
row_017482,0.007058313907311295
row_015943,0.9316755412641591
row_005397,0.07535563246399589
row_045452,0.14076303997268527
row_020039,0.001962925931964961
row_006066,0.7042252796715848
row_006813,0.06821736324255606
row_012167,0.005003209483412539
row_045771,0.03922418694077663
row_032443,0.10303151947417982
row_027526,0.06257267196861975
row_038705,0.04299572855294039
row_011100,0.03710281985020355
row_005781,0.04934397467888405
row_024311,0.08603614739265074
row_008565,0.9431638038852932
row_024427,0.6821264816762522
row_008617,0.001446687374119979
row_049026,0.043310588377627114
row_027698,0.027493828554771463
row_029878,0.020220961808293147
row_021072,0.520664638726438
row_028799,0.001603513373171572
row_020056,0.0012479364365289927
row_048912,0.005987815207317668
row_043947,0.038094335460960055
row_001454,0.029579603331468227
row_017659,0.6732246226949553
row_000961,0.9454756226924859
row_009311,0.55003970763247
row_046166,0.023076863617657692
row_048410,0.23918117286317914
row_009636,0.022518423239813214
row_041983,0.76054159486725
row_001812,0.0009577592070808418
row_002811,0.008934316061820614
row_006493,0.022529130144392374
row_025109,0.006634387081883761
row_010411,0.45799389787406364
row_040001,0.027335742315618528
row_017665,0.03725033145572806
row_005310,0.03451606339903144
row_007988,0.003571652736962904
row_047708,0.7245670406745041
row_016661,0.04242352671608127
row_047228,0.007535917884406275
row_033297,0.8617040855414996
row_001711,0.03328669625714536
row_046322,0.09073104857693373
row_032385,0.17147563839417754
row_024022,0.018211033611499006
row_003003,0.13074886409889733
row_045133,0.0005711683614896942
row_041909,0.9193608506018766
row_013615,0.0018107358123708932
row_014791,0.00345743046026201
row_042231,0.0224559022982339
row_045902,0.016732772775849863
row_023426,0.24275616911325926
row_045086,0.14822564865172194
row_048207,0.1496116848651475
row_020447,0.1840614114430688
row_001047,0.017829731150044187
row_040203,0.07975162141721819
row_003775,0.2765310533695277
row_039039,0.03703541260153097
row_012817,0.006530053316569262
row_006754,0.03026561033683616
row_008026,0.0002990381192741105
row_005558,0.062276044645608576
row_006785,0.03792001919868985
row_024466,0.005390988967461067
row_013125,0.003959815116206268
row_031794,0.20461427952026248
row_008356,0.4517639035370315
row_026533,0.13136524442484193
row_027703,0.0006460494587185398
row_011927,0.1606860583111895
row_008529,0.0012770783498356137
row_023305,0.006160010898824291
row_000266,0.04756212646083709
row_043188,0.0008837253209654943
row_020861,0.015570931115550754
row_024506,0.49701840195001806
row_019447,0.09374432757148313
row_025227,0.06173843948437763
row_038136,0.011208957467466703
row_025705,0.4129218022805612
row_031213,0.9722024751038597
row_001354,0.6324662711543431
row_041989,0.9243855823595207
row_015280,0.6484455597128207
row_003045,0.1603959621913935
row_008280,0.03388350444737398
row_036391,0.007135315804546729
row_009700,0.002824949812298211
row_031739,0.4546290506735111
row_029137,0.03957174314542626
row_044474,0.05558978559557377
row_003943,0.001436399329688575
row_040328,0.18470868404650223
row_046889,0.6986254235346824
row_049020,0.00046995609262094124
row_031756,0.8474865501719349
row_032471,0.002019517627428606
row_030964,0.9712524536579832
row_012038,0.32847844857309416
row_014022,0.3026176979554375
row_035990,0.017959731512179434
row_028056,0.06538322081169147
row_029797,0.21732177105865796
row_017193,0.002727171161620662
row_032553,0.06833373873556944
row_026714,0.015752585058552173
row_019584,0.01423296379680682
row_026420,0.022326913661394845
row_040590,0.002065613803628568
row_016014,0.0842312578230575
row_019448,0.024588962776692567
row_020879,0.0019945676542462653
row_013922,0.032838049109390935
row_048520,0.0480451383908532
row_013046,0.0028245322923464372
row_035647,0.019737989909407914
row_035241,0.6292539207259794
row_044130,0.20892827459802477
row_035838,0.016794059769039943
row_009823,0.6090180148292027
row_036485,0.0415532054867545
row_039819,0.024620793478314258
row_027756,0.06295836580552223
row_028247,0.6515367707697886
row_005297,0.10396351969906328
row_008556,0.006933713861520881
row_045988,0.10011232814215469
row_031220,0.14573215448592888
row_044196,0.02588966722047431
row_019990,0.1598540069182275
row_017684,0.1716108101688698
row_039065,0.2512629196425978
row_017177,0.031109462899344596
row_029194,0.38350284286604785
row_020496,0.8958107847283826
row_010600,0.43924356369004197
row_030347,0.00973642947274952
row_035775,0.19287412575143123
row_049833,0.002928761941237811
row_041905,0.02982935693887542
row_044185,0.7037243023586159
row_000998,0.061598922632198815
row_007797,0.04624762242337361
row_002160,0.006606869374099982
row_040171,0.06510624756787707
row_029781,0.001468809554222511
row_035499,0.9428479562741398
row_045192,0.06584020354007772
row_028060,0.06917054531723005
row_030354,0.0001591929216420639
row_047686,0.058616700142803915
row_010530,0.4550894347155433
row_020711,0.0351577682489028
row_039679,0.19176026696967768
row_002668,0.0010855667770183976
row_047601,0.0023321084093200764
row_008566,0.00048406575587568994
row_036775,0.016859845772134
row_036254,0.06456854880471447
row_039190,0.07251414792903653
row_039270,0.854533606243266
row_006528,0.05058268660883277
row_049546,0.04793009337551053
row_035881,0.0466870585303963
row_045280,0.007123675753233778
row_026045,0.003222508111988379
row_010741,0.04394802825122298
row_002764,0.4153032470136965
row_048959,0.005107216121056163
row_016277,0.02702061176611494
row_046605,0.007716852231871283
row_023693,0.07411892513157656
row_034572,0.5205883219772738
row_038511,0.977569128586763
row_035450,0.002248339401651217
row_024688,0.029043450732723235
row_032764,0.011367404795874276
row_039072,0.007282211257352711
row_013262,0.16468064082931605
row_043203,0.0010051608355646218
row_020117,0.01756851108255265
row_031613,0.01046762389719123
row_045000,0.028344684901951384
row_031788,0.00251383007242827
row_030309,0.002569677385352683
row_026212,0.3825761231430394
row_040762,0.8765206111884282
row_045851,0.0010934989959291653
row_029461,0.004545318385368857
row_019589,0.006836735805646688
row_000751,0.7708380363133092
row_025979,0.5659750942496588
row_000799,0.005444911125013763
row_024938,0.004690303344532412
row_029651,0.9993201960390419
row_044263,0.16346575392797863
row_001461,0.031577763516010625
row_029525,0.035377262869947954
row_006567,0.0014846032822001145
row_005573,0.0008099314528428804
row_044694,0.07443735909079777
row_002437,0.128043806055718
row_009064,0.02521107752496906
row_031876,0.0201475105790693
row_008802,0.01938520163108268
row_037433,0.9793494158589985
row_013730,0.024534145056680574
row_043463,0.014806016413886427
row_005093,0.0010059355105306199
row_035983,0.005684434066123724
row_034759,0.0019373379318396904
row_040847,0.10794838844717333
row_003030,0.03926633229662172
row_029346,0.0037003019288771905
row_039693,0.032548097851297
row_047706,0.06798730130313978
row_006920,0.002515031489487688
row_005213,0.5117888753327532
row_029709,0.09154232338161612
row_001211,0.006263114737255157
row_015202,0.050919600902663335
row_010756,0.03342378133293901
row_048354,0.6225703398129597
row_045246,0.6230516932013891
row_029359,0.8877524454441613
row_044562,0.9951755749397312
row_011855,0.0033473831590638886
row_030916,0.014766748351963266
row_011701,0.017284618068891734
row_024250,0.022545248492095674
row_032894,0.004224282540583344
row_043033,0.017091983488503406
row_046954,0.0004375078468409285
row_016811,0.015289150632018694
row_018738,0.3213471977530647
row_019636,0.24297351057898486
row_023081,0.05587152132786933
row_038044,0.0025300411997542308
row_027160,0.009474349558195642
row_039527,0.0703372435147626
row_025369,0.0015144866415670907
row_023286,0.04448647088893251
row_017687,0.502241853733616
row_008219,0.033907516160606666
row_008821,0.00047830909743267055
row_019824,0.13030536565364825
row_036022,0.018409553084173556
row_010877,0.02257383917731372
row_040534,0.03346900583619496
row_027653,0.044616990092332894
row_011873,0.0028212153693401684
row_048847,0.001791114949637555
row_042922,0.024563131460315683
row_001450,0.04798934695678491
row_039996,0.009421716187057137
row_044201,0.0011942831389037756
row_000991,0.026422075663308547
row_040105,0.02687165503017935
row_045764,0.8734617566756646
row_037658,0.06753853423582684
row_024945,0.10278373388901509
row_011322,0.004879817629435223
row_038386,0.27890300891353553
row_004542,0.03840648982635109
row_027204,0.004336792782572748
row_042817,0.5497609659884228
row_037045,0.010371127179699109
row_038952,0.001571007236030977
row_033332,0.1791851889973648
row_019610,0.2508714915840123
row_037469,0.3239589079731081
row_005436,0.0019778303231106084
row_018810,0.2764520908630637
row_007353,0.013500214235237225
row_015995,0.6315462137838176
row_049032,0.0020542992321359154
row_004208,0.006968547062699792
row_014504,0.016463086453056157
row_020583,0.004880099401947208
row_028959,0.9960486974097025
row_023384,0.44547350313277534
row_011087,0.05264252289348956
row_016029,0.2170643818125117
row_010179,0.20419479479316624
row_011708,0.010225628517895335
row_027478,0.04783548178267977
row_043577,0.010245067325358364
row_013967,0.020330971064689167
row_049124,0.000556663876746349
row_023104,0.04724872108809722
row_032650,0.00821157792643673
row_006009,0.6556465909081929
row_006410,0.11781325736708384
row_032975,0.012646041814486522
row_018954,0.0289826694042811
row_029866,0.06015810784537562
row_049364,0.004600939795668723
row_002285,0.004730992370044988
row_021522,0.9380914217142323
row_029492,0.18049202177410553
row_001395,0.073603378794208
row_049085,0.007408733188215479
row_042935,0.6183211776026367
row_004175,0.03332381582503383
row_017114,0.8989854666704945
row_018925,0.0056033271308751475
row_038433,0.47062028226295805
row_012431,0.04839791254783054
row_030662,0.02802331010840163
row_018337,0.04377968879815673
row_014271,0.02566391747587209
row_002521,0.0005576118690917567
row_014037,0.12912151506194292
row_010431,0.0713929935718661
row_034025,0.005729770165646446
row_027098,0.008543070710265924
row_025670,0.19675638267291148
row_039395,0.5404414478994234
row_025610,0.041586030636504165
row_037221,0.0034289814634912283
row_032253,0.18247551795393466
row_025293,0.0032994041956937907
row_048007,0.3638546041273374
row_023440,0.37746918832692744
row_046481,0.16144979169950072
row_014086,0.014559743196337316
row_012664,0.026494890474976406
row_046996,0.09893487301900887
row_038122,0.6033574623517562
row_012039,0.3370273176015065
row_040185,0.1434160438238734
row_014876,0.0005753664448459651
row_032099,0.0011408465377775994
row_028863,0.04470322713649282
row_005605,0.00934075828374932
row_033964,0.02246120920706987
row_007513,0.0019773163591424027
row_029802,0.085719388118089
row_017449,0.00023558962532657868
row_006376,0.0010233654832342547
row_033307,0.0006552758078446936
row_029640,0.00858399722496863
row_025472,0.4404497364205417
row_008857,0.02746021011066988
row_003710,0.3293296927341647
row_014130,0.19756671981952484
row_029163,0.11980575411536058
row_018743,0.41955412047528934
row_000676,0.336340044208288
row_025410,0.0010381416900061837
row_000222,0.9790403711416508
row_024027,0.02079234375857776
row_043343,0.998720980931275
row_007701,0.6571900113131388
row_025122,0.04972464679730661
row_014700,0.0004644367904471266
row_042967,0.13759902626379505
row_000463,0.03522355309492455
row_030756,0.1141635176849717
row_027663,0.04550757232450213
row_016282,0.003434772987111788
row_025865,0.0025000939912253953
row_019694,0.0051069917256161
row_008779,0.4628944789210809
row_018990,0.11312697629089338
row_044718,0.0010833734910900786
row_049376,0.14110387277182262
row_003336,0.052390170056381635
row_004433,0.0021727216264523287
row_029357,0.5397465128970566
row_003111,0.004302875738664628
row_041584,0.00401139846854916
row_044092,0.15099580287354517
row_039879,0.022708258673133058
row_021185,0.3508239814105751
row_030491,0.19497144585583698
row_031777,0.0037070980198784208
row_048938,0.27728083762156386
row_048489,0.014508235648772771
row_041076,0.90854572189478
row_008067,0.029330829986460104
row_043959,0.01792950274899841
row_017965,0.09007882041962102
row_030132,0.04688172364177797
row_021542,0.000246331486666227
row_025403,0.003211426951986746
row_012978,0.00463666854089817
row_038101,0.0016925204779672342
row_034318,0.011446956974265395
row_013132,0.18559308501333038
row_046529,0.8215530886226886
row_004065,0.061130222970756376
row_036733,0.022775701298204356
row_017274,0.8416668021537485
row_043198,0.11367127426015416
row_004233,0.7832864573210762
row_046480,0.10585238169503385
row_003504,0.037258322879777366
row_032453,0.21095630195206266
row_048321,0.0064620088163393685
row_047122,0.0624608799578575
row_017725,0.02145452991196017
row_043350,0.0013829640502948928
row_034223,0.38483679559175754
row_004192,0.002668758248266001
row_009562,0.36451547858826766
row_004475,0.9966291887115782
row_031899,0.9819175223899892
row_038399,0.010425349674351696
row_030336,0.006500494032640303
row_010535,0.13939936048110668
row_041765,0.021757025611133362
row_003117,0.17456191036921223
row_021331,0.03041125805591142
row_014229,0.020675593160381995
row_022797,0.2735263010556567
row_026375,0.23957397587621979
row_035586,0.39391950296296674
row_017522,0.43959639986027094
row_049160,0.01754878042283618
row_049480,0.7863669494867146
row_007892,0.020033075785626603
row_002925,0.1095823659846518
row_014101,0.0003694247400732144
row_003233,0.00808038491528747
row_038370,0.002098375274381198
row_006039,0.9348014914326229
row_043179,0.11089287335123994
row_006784,0.026036602116317573
row_048749,0.043024142834887834
row_012891,0.004827308324279615
row_028467,0.005305431493188369
row_029454,0.019751697874366758
row_029990,0.7379336559195132
row_011169,0.7140245303615491
row_018824,0.013105499225082824
row_016805,0.8881593083282087
row_023989,0.8889183388649907
row_040823,0.007148225105726815
row_028302,0.002750653313471555
row_005094,0.03969840240690387
row_014443,0.007809216309303815
row_043863,0.005229911759616878
row_035434,0.0016026099619155924
row_033724,0.07009031241374426
row_036665,0.03541962619755913
row_003449,0.020633370553401843
row_016967,0.02478914136984797
row_000317,0.032810844369026766
row_026434,0.0023253040794095387
row_019767,0.31265081619851637
row_031125,0.08882000150299812
row_023785,0.33474896127498854
row_028338,0.8751070835235637
row_040689,0.0033005228644725727
row_018698,0.03009086570163804
row_028875,0.05226082870875088
row_015337,0.0015884355961145373
row_005118,0.31403554257130734
row_015719,0.004307175227467193
row_048390,0.022912306615290794
row_007029,0.0017666072401821941
row_049399,0.007873488369163597
row_007495,0.6177555844111967
row_025266,0.011860340675751594
row_032472,0.7769128533722651
row_016116,0.6024036143517528
row_034483,0.9239296313971135
row_026873,0.035138697498201185
row_038022,0.003455928579637343
row_010660,0.1195925319154881
row_003424,0.01586153196621177
row_000290,0.19224768376943316
row_021061,0.051727263594770596
row_023847,0.0016914669502498343
row_004986,0.14688124542830053
row_023584,0.0006984997676268787
row_000258,0.08189067628436471
row_048512,0.8379410754268629
row_040658,0.11308145766998243
row_038419,0.0031205879277471215
row_008127,0.026667133230188638
row_035795,0.002503211148235466
row_038414,0.13639290468413084
row_036395,0.08695370277132566
row_048431,0.003060883803406277
row_038686,0.363731464430768
row_037640,0.05059762733334321
row_029758,0.1714094877614678
row_028344,0.48568301221741467
row_001304,0.020646986919694393
row_019213,0.08474656431438075
row_012676,0.0036142177840072206
row_018938,0.018112899764230268
row_019867,0.0009864427592356216
row_034376,0.002117853566644908
row_003821,0.00586497586887934
row_017750,0.7225578483127394
row_047710,0.05530294083209296
row_027454,0.03858207365841072
row_003793,0.026228895321343638
row_028360,0.017616163139776157
row_035051,0.02431881052674797
row_019451,0.0040988500624393924
row_010458,0.9217290467781957
row_006840,0.006699180004768884
row_015984,0.27012943995406374
row_035815,0.03220217838148729
row_030438,0.0016453550534912503
row_029997,0.9966265755649963
row_032269,0.035214941873162126
row_028684,0.004374649952784431
row_014650,0.0074891093678561855
row_014132,0.00143569974960545
row_019391,0.027196861158631177
row_023450,0.0034468274908017564
row_001556,0.0018223615565110783
row_049644,0.6519276740997972
row_045465,0.05789624781465621
row_023969,0.006259732135146599
row_020683,0.5839981401492861
row_010646,0.015959241493266652
row_022301,0.0686145588422566
row_026264,0.04017377024346688
row_029168,0.6296121634325079
row_037912,0.00948631472645199
row_028071,0.753503014341136
row_039033,0.9183676136474531
row_005049,0.09357252441340082
row_013153,0.01161147005759412
row_017709,0.03326065787126689
row_028526,0.42043214184537964
row_042778,0.5345615715820242
row_014994,0.23837916073035656
row_039711,0.9049403559059518
row_021582,0.037403603367211595
row_036844,0.08206243341307717
row_012435,0.11907991431409677
row_036864,0.009807499350506994
row_029424,0.06345309246183718
row_028527,0.03690973656771781
row_027133,0.010305255271625858
row_004142,0.027754706542600833
row_021299,0.3653810997954366
row_034059,0.08491883897356681
row_002020,0.9927499833347623
row_049491,0.5305862414587981
row_024965,0.16739798177835236
row_043484,0.03364380993866734
row_004738,0.3892891635845837
row_026824,0.014950420514705182
row_034458,0.009779673049457349
row_029831,0.2653434724090522
row_023074,0.026826295657607108
row_022722,0.02018189024513236
row_034267,0.036541523012500535
row_025925,0.022607880705458095
row_025675,0.4565386735881415
row_009712,0.007760383337557675
row_008404,0.2821454506184187
row_017206,0.0006672992097045777
row_035707,0.012224488379874427
row_009338,0.0016436202968064548
row_041425,0.016253694437059044
row_045403,0.020025134963130638
row_037050,0.62238653220992
row_046422,0.0061645250953155
row_022800,0.8570033844961318
row_020417,0.0025046362791380228
row_005999,0.3935343000690031
row_007841,0.007501641182587362
row_035716,0.8254169540030478
row_000816,0.17797605079716244
row_033061,0.012940480182588641
row_004038,0.02108855767206556
row_031761,0.529239028308445
row_036432,0.02068841605991999
row_039058,0.12395477451775712
row_021990,0.09739295938100873
row_017870,0.032187576131551335
row_003619,0.016630009007989586
row_019183,0.04849361581918732
row_047303,0.007053630694354127
row_008623,0.03261325575494293
row_040961,0.23956260212547967
row_018448,0.05332619977421443
row_019048,0.000531834033303429
row_038261,0.14660799747681838
row_009247,0.022130810144739162
row_041534,0.3103211962913301
row_025661,0.32595529049350214
row_011046,0.006757967375602767
row_037150,0.0028468033826261263
row_032568,0.993436845277734
row_006961,0.1214995287472601
row_029690,0.6129175089738695
row_020433,0.07699621460600897
row_002826,0.009872413038704177
row_002617,0.00036090950705361196
row_040949,0.5402515010871967
row_004187,0.2763356053343894
row_030649,0.3956555010719592
row_026947,0.033773458039896516
row_017459,0.07981691191942543
row_008887,0.014616678413264523
row_034874,0.02685247545727713
row_033096,0.005213920132898378
row_030997,0.7073140933311337
row_014852,0.004802849124888458
row_042222,0.9322200298488097
row_045814,0.00980391626486213
row_027335,0.018156602674125305
row_027193,0.5701767609792187
row_022459,0.1800592617524526
row_010899,0.08835455041353722
row_020124,0.03641819719946437
row_009340,0.006399703930402038
row_030806,0.0045938729802231845
row_003028,0.022915735137857347
row_021001,0.11169215746860499
row_048636,0.8311603993645768
row_018943,0.0029366120514501847
row_047075,0.012059081595434961
row_028868,0.00793928763271489
row_025688,0.20935739611957446
row_023110,0.00909942297593333
row_017556,0.7045295523583318
row_023959,0.006526710273462637
row_006388,0.8973553411350627
row_004215,0.0022170477157335763
row_026081,0.8889586321740183
row_029322,0.00765195518161212
row_018613,0.6818897387954053
row_041292,0.04840182158244011
row_047778,0.05615321474356803
row_010578,0.0079461012045558
row_038650,0.0017484137127096902
row_018732,0.010084095033445336
row_027870,0.26920117305707714
row_013320,0.12528883039911487
row_029274,0.00513010541703486
row_027095,0.1112120222620797
row_021391,0.020022860042820383
row_035370,0.009172662006812837
row_047691,0.009334188368753809
row_022411,0.27878929728351354
row_024572,0.0050776383962028914
row_049597,0.015534756036441201
row_008331,0.0023581231203849634
row_000362,0.002099932306348247
row_037625,0.798734113519521
row_027276,0.00273209896532106
row_023995,0.5998274657496866
row_040002,0.009304975890416473
row_043306,0.18250521681705503
row_030196,0.10891127788976131
row_026969,0.30263157174549243
row_013029,0.05328005184340167
row_013601,0.007992915963910259
row_015413,0.002613476214942141
row_018928,0.6258665547267293
row_046772,0.016247803125358323
row_035509,0.01979258180822219
row_014415,0.004588818369713929
row_044419,0.017939250224542447
row_039838,0.298405247442577
row_011991,0.9941995404466344
row_039562,0.03697663731835825
row_021612,0.001654060754708155
row_049933,0.0019172892153395931
row_046013,0.006622258661753134
row_032743,0.09713557600318794
row_041100,0.02536186082959047
row_000254,0.015700657485602208
row_038574,0.33200339155880715
row_049769,0.011871093292957179
row_032763,0.03755362001551531
row_044632,0.0005867920698950998
row_032569,0.6600156146261673
row_001945,0.054137205907347975
row_034196,0.001518020701177685
row_019265,0.9918502682434218
row_010682,0.4818362669177114
row_026686,0.11793082303704251
row_005026,0.05734617647938683
row_038822,0.005143676880161724
row_017493,0.04372566185495834
row_016337,0.05949302437179116
row_034938,0.075260954174968
row_018800,0.007079999756937624
row_020052,0.3359230703909541
row_005886,0.01370241757042241
row_048215,0.1234153775148412
row_038895,0.3960113589269076
row_026219,0.0008027757107953475
row_029560,0.15912276935976294
row_005189,0.13476423328339493
row_019770,0.0010837630195674633
row_009000,0.0037627883404333824
row_016503,0.8047072692232523
row_025773,0.471670226647284
row_006967,0.0014552612082065174
row_032179,0.0049570769960608375
row_041858,0.008504891620467775
row_030198,0.41981242659473883
row_025833,0.13133396082890408
row_031625,0.0056936782915297515
row_020295,0.02428038345665153
row_032425,0.017367580465789234
row_006219,0.08972318719496708
row_002648,0.21086103322451588
row_034810,0.020403347921473237
row_024104,0.09292437159622788
row_046545,0.4067194389106009
row_026768,0.8391354664642667
row_030271,0.012279985465669349
row_024093,0.024984664515152268
row_037289,0.4267913012751821
row_040786,0.01939245594326225
row_022345,0.0009256656132682275
row_020597,0.0020325592487597083
row_038225,0.23799727934194048
row_030444,0.012302082730058927
row_032288,0.057882859379673024
row_007800,0.04163618002329611
row_017841,0.03724961256636778
row_024910,0.14730242954152636
row_005977,0.08419713428458425
row_006021,0.033952114800002424
row_049205,0.06718978043965629
row_040898,0.0018189638689287344
row_043002,0.8923650440255355
row_003655,0.008044889679740036
row_047926,0.023234055782402202
row_012103,0.006195979340852372
row_022069,0.008052499356470677
row_009679,0.44694397189420726
row_017437,0.13318716614281653
row_018428,0.04035167570472466
row_037684,0.06400869305679295
row_036980,0.0067520917799546295
row_037906,0.3503238250042481
row_004848,0.0509051409095218
row_045564,0.3532661773959944
row_049237,0.0016224722463170625
row_034761,0.43899639821953834
row_020548,0.29696968731809914
row_024030,0.004440265450874316
row_040077,0.005594506094125915
row_000768,0.0006693391112176696
row_035931,0.06007424635633639
row_008685,0.011088572370398475
row_048803,0.5174158338596232
row_044961,0.020549256140253745
row_020590,0.0021866411725636097
row_025132,0.926671869394602
row_007080,0.02790036810995231
row_018257,0.10153041252698908
row_014662,0.7675116781428518
row_044122,0.03554856797347735
row_007392,0.7012603970582265
row_039150,0.07025846316527846
row_029478,0.0022128513988516605
row_042169,0.9945742498355032
row_049571,0.0051981659696501625
row_023497,0.0005672874849121808
row_004881,0.2678119105095153
row_027767,0.0026442068416516603
row_007647,0.025794542065256047
row_012488,0.534392733317737
row_039674,0.0021160175704735378
row_037055,0.2845405935833611
row_003453,0.27924683508909504
row_002046,0.9947147719627335
row_036106,0.13008814263865176
row_014489,0.4455073370020435
row_023024,0.4882986784768378
row_046251,0.3322363736793276
row_007243,0.6105770217280773
row_030586,0.10950925016128801
row_026709,0.017977502688016588
row_049411,0.0002481399193201998
row_019776,0.0007003061096434738
row_041013,0.1377664096788075
row_029950,0.024850460744156547
row_016761,0.2900490804979173
row_017392,0.13230878675781974
row_016034,0.9269886729865242
row_031070,0.014187650351965259
row_012826,0.6053898526489113
row_012751,0.001226737839853305
row_040768,0.1803295794931886
row_027266,0.03581965511645644
row_003752,0.011563395888463964
row_043966,0.026602447539185496
row_042142,0.3446467449957769
row_037329,0.0009588440645918974
row_021193,0.5836277451674868
row_043358,0.043955978079778565
row_000996,0.023157368996111455
row_007200,0.3239029945090536
row_018569,0.8825752112659584
row_017552,0.013990250464290059
row_026688,0.014860822899201308
row_025321,0.00629249544410004
row_003128,0.25159713800147787
row_002426,0.017988508516276706
row_017925,0.0005817580189150592
row_006441,0.009180851912958048
row_036540,0.0017341428263265707
row_012010,0.0942697560267433
row_020802,0.36404937259292436
row_028466,0.34382926769956557
row_020858,0.0021664016648582857
row_038790,0.9832039299391577
row_040533,0.9856181172051682
row_020277,0.5650407282195113
row_022870,0.0028312239702459733
row_004633,0.018037865784101374
row_008934,0.7472232419446584
row_011782,0.004358386394983623
row_002080,0.44788551976602875
row_033014,0.36168906727796923
row_013100,0.2390967249784689
row_026521,0.08638062325007469
row_047103,0.004646214279758748
row_027399,0.15488808023869732
row_039940,0.1284521213064444
row_029965,0.01968114217852557
row_046076,0.04151953348776142
row_021442,0.000917625731106742
row_000331,0.7363596790770593
row_046470,0.17266788547535686
row_016497,0.0011257298846163153
row_007502,0.010023592344485688
row_006581,0.012968818341807615
row_024671,0.06725878680845992
row_041876,0.8978459414834621
row_042841,0.16284333320698427
row_038429,0.002541777345172475
row_048638,0.8799255797600084
row_029608,0.0018031752039514002
row_036436,0.002971343198578827
row_012571,0.005754240922857044
row_009333,0.9091713207318395
row_027643,0.1317855455725402
row_039633,0.0012458028646964666
row_008743,0.04516657931064995
row_014773,0.4216232160227173
row_044075,0.001064928329705351
row_000138,0.07977831941780916
row_031422,0.11243804452105123
row_016434,0.01830287031982221
row_021379,0.290148826954896
row_003662,0.023616324618728927
row_030873,0.17441392514936516
row_021609,0.0007017859566838895
row_034386,0.4565171543373283
row_041417,0.032837621396219756
row_036541,0.005558322938756144
row_037140,0.004877838899177917
row_004734,0.9751566345328497
row_000184,0.010697396875641592
row_025636,0.06667114404143035
row_034187,0.25067377292567133
row_046308,0.0024127279129810405
row_019985,0.6954450145783938
row_008044,0.014492104405527003
row_001241,0.3574037623129602
row_010273,0.9789037496675063
row_018564,0.007877054347407776
row_049378,0.00883183381518166
row_014655,0.0008313720111197622
row_037246,0.8300591521665096
row_038573,0.848779900424404
row_044946,0.9949447834724221
row_033019,0.08945592734024915
row_012193,0.01067231091668886
row_038107,0.9932485648862156
row_034517,0.060538621884095416
row_033544,0.785066363027792
row_019382,0.11132903893705609
row_041102,0.33999946294859795
row_006943,0.014467834892895244
row_032780,0.006770945846800609
row_046871,0.09898366658499003
row_049693,0.05137603555773273
row_011880,0.003238418382184248
row_003223,0.07996066306199552
row_044161,0.004174079182267926
row_029820,0.46792655514492576
row_009650,0.0047374832964142445
row_002540,0.002778539580760478
row_015858,0.017557310221459475
row_026386,0.06525880530889265
row_035071,0.19027088313944748
row_005988,0.43200033887776407
row_025393,0.8417338246792136
row_047910,0.028490283940005603
row_022623,0.4457360538370952
row_043185,0.023989422284347525
row_026726,0.02876086322536867
row_005582,0.542768658030566
row_022391,0.4931573241306831
row_026443,0.019606319501025905
row_030252,0.1155633922088884
row_027520,0.0021203539322295272
row_042818,0.9817340081615297
row_009462,0.06204552628899997
row_041387,0.007523026153512847
row_001800,0.24463939557056597
row_014530,0.011280051915399244
row_015733,0.0005130920421149945
row_013978,0.0017044553020663174
row_017194,0.0009447714462277198
row_015136,0.024651234762867475
row_005680,0.0023171015539741237
row_008177,0.030631198491274315
row_012555,0.37331343635381536
row_049014,0.003168776596720656
row_032407,0.021040633062257254
row_000664,0.3812971677127176
row_039936,0.033533758482252575
row_027465,0.07955871646230116
row_046360,0.04510615931757139
row_033157,0.1451609227049794
row_034266,0.4421968079399259
row_038002,0.9818452348454356
row_013986,0.003811328764827544
row_026968,0.2563961545032506
row_023400,0.019384392786331882
row_013008,0.6203030038909326
row_037603,0.09706249657228716
row_017018,0.10317547125268842
row_000393,0.15149034992844063
row_022100,0.011408236128301429
row_041487,0.017634363660529607
row_046636,0.2946883613614029
row_043989,0.8175961690171429
row_029512,0.03147088531261637
row_003869,0.06708792588556817
row_031880,0.004842789826156378
row_013676,0.0007186371484217976
row_045358,0.012027642122109335
row_005797,0.05531302296959191
row_044862,0.17777621841919672
row_038549,0.9853011588670115
row_010109,0.40476913023998484
row_012924,0.0644826858891634
row_002323,0.06348305273544945
row_028581,0.965868385276662
row_032540,0.7855744330285466
row_009431,0.008625821525274201
row_015539,0.003871334009222583
row_047365,0.022004241173596072
row_033179,0.8311648796959413
row_013703,0.007335288322625607
row_000097,0.2073748002340286
row_031605,0.01736169684443715
row_000656,0.09595687301961961
row_049166,0.003995921838330684
row_012474,0.619108128991938
row_030232,0.027714330627173326
row_021440,0.020574571199377785
row_015618,0.000422780573816168
row_034676,0.08049383192510823
row_029232,0.150814618264141
row_002552,0.1615375975911395
row_046020,0.007994852563043484
row_007937,0.0010142758830805373
row_022974,0.1295530990530184
row_006205,0.8567192027983861
row_048338,0.03559194484496527
row_024321,0.003121752322946041
row_017473,0.8553407566206801
row_041362,0.002857888490251827
row_018825,0.06385865564725698
row_007369,0.6372814299003261
row_004110,0.00104022899282451
row_022012,0.24529745187777893
row_007407,0.15441039416227129
row_017917,0.009582737660424574
row_034592,0.011889481871118627
row_045766,0.8981149485925343
row_022452,0.8607320207945565
row_045377,0.9047118724159253
row_049914,0.07091636472908076
row_006866,0.8684709391334278
row_031117,0.0020645840495768395
row_031170,0.035715950372730766
row_034939,0.37953749482813537
row_012228,0.015132320160643158
row_040982,0.0968662056115078
row_005075,0.00016749256145167643
row_023026,0.01064385358932863
row_014966,0.00027750435492783954
row_011324,0.0011842640044960754
row_029819,0.029347790981409064
row_008282,0.9825769765370163
row_016463,0.028758838885178134
row_019366,0.03872630058438033
row_016175,0.07585698586780806
row_013116,0.9848201167854177
row_045528,0.00018165887398232972
row_042890,0.8572694499827584
row_031929,0.011243952403024393
row_016975,0.022264314856336582
row_037047,0.12678265081035717
row_033729,0.028757942148704467
row_034324,0.006563210047607364
row_018769,0.10022841720565348
row_049208,0.006861451355151169
row_008365,0.18208913249965844
row_031263,0.38933802205983514
row_023503,0.46232721986981096
row_019402,0.0031491761757235603
row_027050,0.01677037408662801
row_037171,0.07215648725965229
row_001162,0.03088989747560801
row_049429,0.06300066100695806
row_028817,0.714864050017796
row_016023,0.06263778293974662
row_039987,0.5721572089988906
row_041247,0.23948292576738786
row_031102,0.0004692767732169345
row_017517,0.035447662309920025
row_003999,0.012857089031268618
row_025609,0.014078479612629011
row_019360,0.0055341894284567685
row_006885,0.9370390692294429
row_020626,0.0028547340034528372
row_012011,0.9553171162107857
row_000502,0.031087569068814
row_043597,0.02563192024539506
row_038628,0.010244844551459232
row_015000,0.01109222674911423
row_038863,0.06222410338691082
row_020091,0.033376362367477444
row_007045,0.03177208980246587
row_026401,0.4077116228613535
row_044114,0.14392908312161945
row_015445,0.03822998617743969
row_008396,0.016968265470179992
row_039115,0.043427784390287966
row_021039,0.05819105037093549
row_018654,0.013275503706815803
row_023590,0.0020549030005609543
row_036839,0.9921196310368955
row_049218,0.0390274973943156
row_026223,0.9744520436935477
row_012152,0.0424965682278809
row_027960,0.008497921073635444
row_001318,0.0017418430796025265
row_047932,0.7053036576670306
row_045336,0.04891682666235029
row_019206,0.01385624457729449
row_022880,0.03135542720834072
row_009615,0.0033251355674962287
row_017287,0.04473677099038152
row_039462,0.038600669102643176
row_021823,0.2702157018182041
row_001322,0.0007038156335592404
row_023631,0.9286670559092901
row_020304,0.027803362295252022
row_017300,0.016202200688145346
row_026437,0.02328661341130608
row_011857,0.08899704213631587
row_026380,0.29338104484263444
row_048190,0.034951792998286525
row_016243,0.036665888820315004
row_025691,0.711604649229204
row_045395,0.03116169022354538
row_042183,0.037950869731513535
row_015267,0.014448756482479539
row_017370,0.06103486164410862
row_024225,0.05702316143200331
row_032832,0.999571257859751
row_037919,0.004740212268446635
row_037215,0.4206813571341269
row_041006,0.048564709299939966
row_005113,0.019212535739695814
row_013359,0.002282082219136321
row_033700,0.8193410875390745
row_008929,0.7819378461506757
row_026211,0.028321647975936653
row_035413,0.3040204884291639
row_026084,0.0027836600347305217
row_022592,0.12543930782124427
row_016532,0.49852933521176834
row_036371,0.05033935418305742
row_030262,0.14434160922300834
row_048799,0.05680634561771789
row_037319,0.1307953492019811
row_048511,0.02361969573565166
row_033664,0.00022962967747748326
row_008095,0.017339841963451803
row_049942,0.008321529476496583
row_010480,0.8210527644353338
row_011989,0.014703882607224954
row_025991,0.00539336168031018
row_028475,0.3666787006211392
row_026621,0.7531371125977359
row_031734,0.0025833308972095354
row_042182,0.08696078229786139
row_023775,0.9935430156178857
row_041490,0.006550419923512582
row_030289,0.8729452199826625
row_049270,0.12450740012819758
row_038757,0.007785775953158738
row_008188,0.004213978525626575
row_021646,0.034903995979726085
row_039953,0.0040236453706923615
row_021963,0.18116464694040044
row_010395,0.6601778093542582
row_044690,0.25006012800627264
row_003488,0.029173862757074665
row_027107,0.009557651612396528
row_032770,0.14125600243366454
row_016362,0.001972726953986475
row_003086,0.16533298671040478
row_005437,0.4100100741058046
row_045335,0.058917808396492896
row_040367,0.051814968440902866
row_030393,0.9231463716868835
row_044661,0.003752901735757853
row_046891,0.9412981734926176
row_022869,0.03641348512183654
row_033499,0.08566203382864085
row_008264,0.09212542424043259
row_005108,0.06030530121273307
row_004162,0.0006897988534059408
row_042605,0.9358236193405776
row_034785,0.07196211958543286
row_040008,0.005568309066035697
row_009162,0.017780838905752466
row_025824,0.277291279186089
row_021972,0.5872518648698006
row_013882,0.003361120364577586
row_024326,0.04906875539511778
row_036513,0.0165784186475192
row_049995,0.8033524331556975
row_009146,0.8764534602903462
row_000927,0.09950548135685806
row_001017,0.004199218823898437
row_002936,0.9964446263179696
row_049113,0.2917810089049854
row_010498,0.016417675935058988
row_012302,0.010027503869663043
row_015813,0.005989254453831418
row_020462,0.017782672663780884
row_031259,0.786537495729179
row_042068,0.0034581393644310754
row_001422,0.3015687868340498
row_035258,0.0056197355413881225
row_038723,0.008384770881455507
row_006023,0.008701567789688275
row_020279,0.005616009346505824
row_031964,0.04349064298752988
row_037574,0.07415287038440437
row_017434,0.361447980929911
row_019562,0.10024365851106858
row_022191,0.04602372712691437
row_001787,0.7348012223535347
row_047469,0.5896630699823178
row_021408,0.04979357188867855
row_019983,0.3802540977663135
row_044766,0.004034640843183773
row_043012,0.01575110289910584
row_005754,0.02068018350524397
row_023581,0.0015928496439913337
row_047464,0.009710139339616017
row_046741,0.0714083680847945
row_001578,0.0002555794419011801
row_024645,0.07026437992205627
row_011507,0.06697281544801481
row_044110,0.04199959045483682
row_017490,0.014669700444581
row_004282,0.11639524993602886
row_027898,0.007816551117604624
row_004004,0.06341154093993144
row_043396,0.05979104135800921
row_028395,0.2817530714314803
row_032915,0.03288189483886818
row_013633,0.0039298241999808844
row_037976,0.030096700172061522
row_016115,0.8748344698558324
row_004541,0.012758991245696596
row_001667,0.004871656800983096
row_021330,0.35938500284057223
row_020484,0.29966625374225053
row_044319,0.18843005490753217
row_027862,0.001781687402989547
row_041024,0.001633758873097519
row_042227,0.03907806187744096
row_025071,0.0030941057649017116
row_007846,0.9545246833711839
row_048371,0.19024196055897644
row_013907,0.15312321201863263
row_001128,0.034746305083582806
row_004354,0.44944596575608536
row_026251,0.0007895244212920803
row_045544,0.06996079081303636
row_002637,0.3255106846896386
row_029567,0.7218115441176275
row_008016,0.07183302798660814
row_021082,0.008956554411239161
row_042836,0.8798018805644439
row_025676,0.6511448016461625
row_011548,0.0009178047272922071
row_037279,0.11057263711120016
row_011818,0.03865681268402941
row_049310,0.03333766681225463
row_000510,0.3483685822960771
row_004788,0.0023079864925772816
row_002827,0.0236093160860094
row_013694,0.1432272060091621
row_024744,0.9959378763857537
row_018736,0.0103441532002034
row_009796,0.0014631745136432946
row_034247,0.26471473467233253
row_039254,0.029826224119234447
row_031874,0.11026557497967888
row_003432,0.001433188029448381
row_023023,0.13205053809262124
row_002183,0.9873895306002869
row_015753,0.0025037101545149223
row_048473,0.0010562939518612032
row_009463,0.002777442641182418
row_009499,0.01778055897157423
row_016238,0.01719002264196993
row_035791,0.3730831637379132
row_017109,0.228463811008129
row_010162,0.005174934291103507
row_006641,0.005224200154424691
row_032793,0.019459824272660294
row_039542,0.8787264739035934
row_042161,0.02038301124510942
row_010910,0.03709288613954181
row_002206,0.014381760566281971
row_042901,0.5306744113568902
row_005831,0.003639055927511519
row_002918,0.018658028853113354
row_002917,0.7478769476105559
row_046079,0.15126080762544453
row_028037,0.169722365598844
row_008899,0.8976784513960351
row_003990,0.051567520640412506
row_005354,0.39196909948023867
row_000422,0.001993551101859827
row_031773,0.011346503897937251
row_033334,0.016516767951564152
row_048615,0.021741597585383528
row_035048,0.011411743523435675
row_047832,0.35707271351379666
row_012110,0.019747072900665175
row_048964,0.00223426055040078
row_023735,0.4905455493152343
row_033392,0.7077192453913425
row_043401,0.9585685132534659
row_041456,0.03723369607590569
row_025212,0.00029990789031169104
row_023828,0.0403722748428127
row_034135,0.04306403291080988
row_027334,0.006852102098585096
row_047406,0.014553758044916643
row_033534,0.17940176557889553
row_020876,0.921052104417478
row_030096,0.8566826657704765
row_008505,0.05246346161739536
row_012441,0.5578308764456384
row_029743,0.36620865364620564
row_003456,0.06426966931288974
row_029707,0.028955789537529555
row_033318,0.011107257567195659
row_038311,0.0163176400434967
row_001266,0.9658587724500596
row_043038,0.021152016551351058
row_019681,0.36488447280578895
row_046890,0.0074237081160611
row_009900,0.4951791769899711
row_040431,0.0977106382461882
row_019797,0.006161674974369924
row_008979,0.000391861580583406
row_041859,0.00793286407358143
row_037000,0.05199258185738977
row_034439,0.7969459163353974
row_014730,0.2526817606353449
row_022330,0.07843242451795131
row_024574,0.0965015547482933
row_004408,0.001525327361042152
row_031632,0.44683010335746637
row_030052,0.8712624423423544
row_028482,0.017562631111693337
row_002272,0.45379663207179055
row_027652,0.919862771917859
row_048335,0.5123911086269713
row_018941,0.0390417491334076
row_017918,0.3382563213657521
row_042304,0.006278071977358708
row_022175,0.43379724085185234
row_041581,0.015260895067923193
row_030733,0.0015961980920049502
row_023860,0.09659285945363882
row_023054,0.003368234276708361
row_013765,0.009307125605644818
row_041036,0.002754816105755432
row_033512,0.21475419768757617
row_001933,0.007415360827602989
row_012849,0.09988769103500268
row_047707,0.33296803915314044
row_030208,0.029606504445775766
row_030660,0.6006145541225891
row_028851,0.017215801336551977
row_006240,0.00461654074565447
row_014798,0.049445973106734806
row_002518,0.38467912524221903
row_046503,0.5630818336331365
row_009286,0.7879933559388717
row_011854,0.00444438777058382
row_032114,0.5619960003996323
row_027849,0.16805112769076574
row_001401,0.008704739140845017
row_007136,0.013051588641018989
row_008090,0.14964757870467665
row_020847,0.0631303640153825
row_010577,0.13827368845920973
row_006050,0.09845842110988134
row_032018,0.007916291178630496
row_000306,0.4826257191680984
row_028610,0.0024274728718776204
row_000637,0.004720237336276647
row_027923,0.002038657634909993
row_029556,0.00013183684793193712
row_005844,0.7250137477951504
row_017896,0.5400943942988039
row_022527,0.2409995960132722
row_026148,0.005438025520488844
row_027738,0.3298970120691907
row_031335,0.4631165500381218
row_012500,0.689532718769746
row_019819,0.052720785859534026
row_012034,0.04195337456986174
row_021380,0.8974414586251475
row_022481,0.0031232835592855533
row_046232,0.0025588267130582532
row_035805,0.013963309985244362
row_041656,0.09460337381302235
row_015068,0.01584169271782788
row_025550,0.1233331107169409
row_017033,0.3758233767863251
row_038583,0.9943352987323993
row_003196,0.012788331982140671
row_041452,0.28296544619300146
row_008827,0.012748659019800136
row_001333,0.3404813602692545
row_008846,0.1478422793250754
row_024039,0.007476789049201482
row_007303,0.0013728785661622455
row_016767,0.43874305168285654
row_038455,0.046150886148646764
row_037672,0.002172604272705515
row_032654,0.978658257680589
row_036427,0.02140240907130987
row_040337,0.4045419878346324
row_031618,0.029487371809244434
row_042638,0.0033341024356276323
row_036922,0.17001738435337707
row_024584,0.49759884558661566
row_043525,0.003369831564831256
row_028167,0.03176863298992856
row_013407,0.4211256304687633
row_032003,0.055237226201993776
row_008437,0.011672152548925983
row_038669,0.21587978277996445
row_002916,0.20849144306177594
row_020464,0.009801782378587521
row_028396,0.020547219870606828
row_041414,0.13042399214101746
row_007538,0.01819477775989506
row_003181,0.005622795543680993
row_030762,0.0036250388331805165
row_012760,0.004052135568755476
row_035905,0.02828231664943513
row_031867,0.0012990493231997632
row_004468,0.0005898073088771879
row_038056,0.0015713122441425897
row_047547,0.028673582691866793
row_047430,0.15231854097094732
row_049659,0.024113071462822214
row_027704,0.0009082234271628116
row_009987,0.20802555332257716
row_047700,0.0005551490091820209
row_024076,0.0972259259355997
row_019748,0.004037243508687821
row_040252,0.06681926708109194
row_046804,0.47508282058933404
row_046633,0.21314195571006816
row_029508,0.025701345773979405
row_020549,0.18874879466096425
row_047703,0.06005497200415426
row_007382,0.01195695565241134
row_028463,0.4551827275343587
row_001350,0.00885785433099822
row_015684,0.45811432564950116
row_041284,0.00803204415045608
row_039093,0.025681746210889148
row_008914,0.004827053646160781
row_001659,0.19225477123333518
row_037920,0.000866735065101887
row_021304,0.004040926062252484
row_034366,0.016940400427770355
row_044274,0.007604160840014652
row_035456,0.13962966822368714
row_005553,0.21670108008613834
row_016801,0.26337401208402594
row_017282,0.0031053249762889703
row_036342,0.04221403165091077
row_043134,0.24842689767262133
row_005164,0.892052864275746
row_013140,0.9716129133945532
row_020095,0.00044750627988642574
row_035008,0.8762936777307837
row_040586,0.12460721257542827
row_028021,0.5911778380255551
row_022226,0.0010427720449605168
row_034502,0.16093870346003014
row_036038,0.0007045936712136469
row_013385,0.0792578886436822
row_038439,0.14027785649167943
row_017518,0.0031338435748962277
row_042357,0.008104218945464953
row_022842,0.0027787330269581282
row_023734,0.0842082708749735
row_028164,0.006789595449670335
row_045030,0.3328615599518197
row_017649,0.3453036873257757
row_036578,0.011386025793076609
row_040972,0.0007405420798812578
row_004779,0.018452104757337648
row_007606,0.020031477421982434
row_035938,0.5853986239736577
row_019118,0.049561743053507336
row_014448,0.6236130115707719
row_004415,0.39805996752269107
row_045682,0.14103882533408554
row_037355,0.04337308712850509
row_024959,0.9949022841519476
row_015629,0.5539278322111405
row_043027,0.15740153789054936
row_015005,0.9644866941101368
row_029498,0.040021059585935284
row_036220,0.02382130720272104
row_018754,0.1381122348321569
row_026355,0.0920388810482468
row_007485,0.06883129685539228
row_043325,0.062301875563139625
row_030440,0.047524690919898936
row_038538,0.8066040341908974
row_002533,0.0386873874986935
row_046107,0.4282839246129089
row_020265,0.0029565949144565577
row_020072,0.008579913670130637
row_044918,0.020405805857268183
row_044991,0.5359126504808549
row_032774,0.9854803491978749
row_022496,0.28307685128806087
row_007904,0.4629703650599655
row_008477,0.024772202474297025
row_039889,0.007229043759474244
row_002454,0.9200152885648231
row_045515,0.0026481505996412674
row_040864,0.13213150403642573
row_014115,0.09943949684870709
row_035077,0.20484533875666452
row_007587,0.04973034021984227
row_017647,0.4731580996493124
row_037881,0.3415635068872249
row_026962,0.10843627913067375
row_014009,0.009494562964812013
row_025457,0.9196018347569052
row_037671,0.004981139074835325
row_025067,0.8814529201301001
row_017019,0.030441765244358432
row_029465,0.00025433640131788395
row_030199,0.17508171003292855
row_041407,0.0036556731093951764
row_023804,0.0033167396626230276
row_026227,0.03544839534607303
row_041651,0.09776893672573655
row_040610,0.981113168962498
row_047419,0.08050702082159132
row_023405,0.04470883482456023
row_012961,0.010632695823143771
row_040501,0.01879374564315157
row_000391,0.9775736023647381
row_030688,0.0031892784343132696
row_043670,0.7354785066218957
row_045587,0.8238066818766654
row_047322,0.9508806427283567
row_030296,0.08383400226858793
row_030892,0.98723389137969
row_029569,0.0045936053028989565
row_028923,0.12457310811041623
row_030978,0.010575880565289027
row_034877,0.003932855921434306
row_018713,0.23066713940571193
row_003913,0.6170096897853659
row_013550,0.9197206464498668
row_022764,0.0063835872863821615
row_047821,0.11950695593823539
row_009775,0.24504390525593825
row_030540,0.0025258482364316362
row_027360,0.01008517154219788
row_009907,0.01127997326526861
row_021546,0.013627011692480668
row_027588,0.1323414823273219
row_039044,0.990813524441846
row_049821,0.0010930486820785192
row_022926,0.030401967157246735
row_022421,0.8891209633427478
row_046404,0.0035037213520093726
row_035123,0.0009352735907225636
row_006409,0.008418165780935094
row_012964,0.06884269154479285
row_023973,0.9737063091511724
row_003719,0.06172488577058345
row_002134,0.1096295858343756
row_007534,0.010898930282100578
row_025532,0.016034353994605337
row_012837,0.9020304533396066
row_025252,0.02968492084880906
row_014591,0.18296825206974446
row_026750,0.004119137134780563
row_012213,0.9090522015994034
row_016221,0.01391972735512279
row_013226,0.0009744823209437965
row_024783,0.7044233313389391
row_022249,0.01748683822490141
row_005360,0.26485565501457137
row_036244,0.15173896827494926
row_046161,0.9916361625973251
row_006112,0.15476070621989985
row_023217,0.0015443284924450942
row_039393,0.01323138449947774
row_036621,0.038574158689288644
row_044447,0.06910757894003862
row_048607,0.00289092558088484
row_014391,0.243040912287986
row_002606,0.02638656166377392
row_043346,0.001649941076909558
row_020245,0.08400910176214899
row_036712,0.2436026324366344
row_021859,0.006436089795560512
row_045797,0.0023288932253239473
row_034903,0.0013255846268242098
row_006058,0.8670029576201935
row_015849,0.01810711927222528
row_044166,0.273468153648701
row_035491,0.05132587991844991
row_034992,0.004759446559279961
row_008601,0.017693818713707087
row_034911,0.015325314348386907
row_001741,0.03820568503255711
row_014584,0.0017943978689669597
row_009275,0.006487278662985068
row_005786,0.0316911888313256
row_001376,0.00031523930570541593
row_015003,0.04413582663306299
row_003517,0.030457169366581684
row_047930,0.007291116802268326
row_040451,0.15258672583578498
row_002249,0.3518261400409009
row_025089,0.9614469347759188
row_038834,0.9429541561139807
row_020939,0.06777879393241869
row_018430,0.1232389398204284
row_016953,0.008736018126441909
row_035993,0.004154520881261778
row_021574,0.017041230348672127
row_025000,0.022260903688403867
row_039972,0.002571833781657786
row_044856,0.4054638379368965
row_022919,0.10846893057686925
row_022510,0.24387864766696715
row_012540,0.02809463099130048
row_031402,0.0009452143613496381
row_022568,0.02556408815859309
row_017382,0.05881678089014674
row_009711,0.8951200441431438
row_040576,0.015024600572600022
row_031131,0.23708033878641105
row_013296,0.0014697220866053367
row_017279,0.20887003976029836
row_038162,0.03541209018002611
row_037391,0.023001996946840974
row_032890,0.015232148313419751
row_044123,0.5638090769995825
row_046641,0.9911204166346785
row_010044,0.026750105801467864
row_016873,0.8122305878986842
row_026975,0.04768533023644603
row_026888,0.05467639753845433
row_002724,0.2040255952437717
row_013197,0.11096196488510662
row_005276,0.3291417283239651
row_031419,0.0068385588264715915
row_006416,0.013255912957986251
row_012885,0.22486594448660036
row_030058,0.024369663471417755
row_021029,0.056389509186684374
row_025133,0.9586218134893079
row_023267,0.7411462145981309
row_006809,0.9051017495485144
row_037660,0.12179700048193604
row_009813,0.001077382775891921
row_007471,0.0032961538313298596
row_002339,0.013664824598134987
row_014403,0.40188395150815803
row_038516,0.027106972302662933
row_021031,0.07529005527135763
row_006422,0.1227628193202348
row_035516,0.003504245699958814
row_016888,0.05586126630025829
row_016752,0.6027665987273161
row_024748,0.11119502215569443
row_033131,0.0071104364991394
row_001341,0.008106133973109617
row_034387,0.837209040791879
row_026838,0.03206455038704372
row_007888,0.14575992312953212
row_020438,0.08670562051254607
row_046259,0.10021951635794492
row_045657,0.2669804817489528
row_008224,0.013687484843811808
row_020128,0.0023360472465393067
row_037297,0.004301120045986905
row_040733,0.002720303216388049
row_018015,0.8246403504521513
row_038501,0.003759700887790575
row_007682,0.3719721770257611
row_028461,0.0008883275641465739
row_032582,0.015074857090034905
row_042499,0.002848895876046137
row_023039,0.7418387110626081
row_048454,0.008749810820901613
row_015400,0.001666018481861465
row_012102,0.005617489446399951
row_039432,0.00041965105822830916
row_045184,0.012524186795859796
row_043077,0.8163360431487359
row_024251,0.021691758994972034
row_017641,0.10485206632080156
row_009421,0.021875172678452237
row_030026,0.004676271793933363
row_029282,0.16622332206831242
row_033428,0.9624122985895208
row_045366,0.9561484312199837
row_049025,0.9901308242794188
row_007109,0.026935165230113134
row_025856,0.004245871323281177
row_019052,0.043723869902793214
row_044735,0.0031121502793514024
row_008675,0.015385439627562707
row_022876,0.7759146750192496
row_014360,0.36709011565472277
row_012442,0.36141063682276153
row_012799,0.3383805061478345
row_031360,0.013415935206007479
row_017562,0.018811043653746504
row_024472,0.014015473284401978
row_015979,0.0005748061461920318
row_004143,0.00038140696584282676
row_044094,0.6585563801657961
row_017836,0.019410086551852355
row_043758,0.1418386609792745
row_020993,0.5668546758572341
row_007691,0.9948901966328062
row_038846,0.04521081794469845
row_018346,0.5583999197582132
row_038906,0.24902118457424066
row_011773,0.04810205293250835
row_011186,0.018562698074449824
row_022412,0.01131637813346206
row_034725,0.30396898651349313
row_009692,0.7545818445020781
row_016951,0.8930799639917096
row_025912,0.007901787938783402
row_027844,0.002342349630301548
row_028543,0.03190314676242089
row_005875,0.08258844087134057
row_008694,0.002016965313277635
row_044593,0.005516945846695207
row_004205,0.4020152280159715
row_035106,0.754312349199955
row_018678,0.4494052775037831
row_017307,0.03052429561833472
row_021467,0.1274120058386373
row_019386,0.010988692754138382
row_044981,0.21867034270949487
row_036379,0.029460194485053787
row_040939,0.0011804260248269723
row_043630,0.9290469082492019
row_037898,0.12829793892670707
row_039496,0.042988397466812045
row_010501,0.9921829652992896
row_016669,0.003991012592085472
row_021105,0.27702869473425473
row_034286,0.9553305790412918
row_027622,0.09809394803161868
row_017895,0.06779801622387131
row_026562,0.0008529296673438146
row_039116,0.02421053104790911
row_038216,0.018462265774869292
row_010015,0.1866867369388288
row_044186,0.9493494278235423
row_027718,0.0067917176828898316
row_042065,0.003814671168974421
row_041231,0.009468589409933404
row_014269,0.0037007130667884975
row_009404,0.1391535099876206
row_040907,0.018226817794649772
row_009019,0.05363923843578326
row_001260,0.35640438535826074
row_018379,0.8669902033711643
row_031574,0.09649109983420573
row_003480,0.12976087010951284
row_018072,0.0006750330620920247
row_028873,0.011993453331771903
row_030285,0.4100213021445186
row_037863,0.14179062855101568
row_003838,0.18051191065499525
row_034975,0.15064593226987996
row_012150,0.9889135963524155
row_013793,0.050094286863779716
row_016022,0.3692904319713499
row_011460,0.0011787761251805405
row_021282,0.4447521752796121
row_005272,0.014043461650001735
row_006045,0.007351884815402337
row_034749,0.18748213786993687
row_030237,0.07537289336983592
row_023605,0.028123892317654307
row_049859,0.9995854507550181
row_023879,0.005288699116335644
row_010002,0.30833939034064456
row_019117,0.05463147209659476
row_047206,0.4023850613976979
row_015073,0.40026629239441847
row_019948,0.5649372864610278
row_033094,0.0004298260693741394
row_002244,0.007774595959112122
row_017333,0.08822520229668689
row_010096,0.9159277951221344
row_004758,0.4450758274119929
row_007292,0.038414143029154454
row_027801,0.002560896504673468
row_045697,0.2942401217370925
row_000933,0.003815576954176121
row_009917,0.016120299575413347
row_022241,0.004485598055904917
row_002088,0.06987639434893625
row_046192,0.0011809329782553322
row_042518,0.00303006770610155
row_012094,0.05988314717160427
row_021357,0.038093028602029885
row_015415,0.011387350790576551
row_004685,0.2814500893959065
row_037761,0.7388729641638422
row_018100,0.0030566307714109675
row_048253,0.0243372003257959
row_031042,0.2267072883792641
row_048550,0.11790685390180362
row_039451,0.012234889086104213
row_016149,0.008144147748950836
row_013725,0.02401777773545835
row_044701,0.01818819905630002
row_033776,0.10435277137343678
row_006189,0.012045388456448954
row_017597,0.12341578474644059
row_018731,0.0024888668353517268
row_033111,0.020459770002705366
row_048913,0.013357429044885573
row_030722,0.0027721967391969938
row_004230,0.0028482474444784874
row_005358,0.06067439547218614
row_030937,0.20528818020845774
row_047319,0.045262249731030914
row_015998,0.038427411456670585
row_002977,0.2907539687155766
row_039677,0.00305656547826109
row_021479,0.0023395130125426684
row_043650,0.016243775459218637
row_011313,0.6141781983383615
row_044408,0.00014948930048263293
row_024742,0.7506859002008909
row_006083,0.026884042519973256
row_003975,0.010324650100842155
row_022334,0.7356892397962854
row_047861,0.04044761581519514
row_033905,0.3023521476820771
row_011482,0.00299393229392745
row_004884,0.9553184970447285
row_032788,0.17053470998980744
row_044833,0.5846081496460982
row_049627,0.0011044248236808877
row_004203,0.3528022179622137
row_024417,0.054027951998410234
row_004060,0.06534609236877804
row_034118,0.0034291465800876087
row_025990,0.011638832403180437
row_011236,0.4255392725116003
row_005261,0.0010613511058477933
row_034600,0.028958824207010545
row_029176,0.10518058277259637
row_010628,0.7890636034468868
row_005231,0.006237626406538731
row_039545,0.033574379975828475
row_018727,0.9232351097991766
row_018516,0.8751278644697469
row_001412,0.0025261682993252487
row_044639,0.0012733921768125042
row_032103,0.10514893979627818
row_041664,0.6453930364097137
row_023657,0.112004403626866
row_020441,0.6875147280143596
row_016994,0.011522309702990115
row_004610,0.006490484360392321
row_029218,0.28762523494238196
row_009518,0.9516842032788452
row_027985,0.019449103895919594
row_017992,0.16665290294201668
row_049093,0.011330405482952784
row_048943,0.0156462489481201
row_010032,0.02632068472502806
row_017636,0.9679669833469385
row_022790,0.23652024221167367
row_022932,0.004773219488856573
row_044916,0.11663028918214963
row_038341,0.011615765172600637
row_003809,0.009988337929601243
row_016616,0.006123326881295767
row_031609,0.024915444249947825
row_002220,0.013672476509287145
row_016191,0.03392429256383774
row_043882,0.2253608375043134
row_038836,0.19586360243934853
row_024179,0.04063395259789437
row_017792,0.0944010655919365
row_038347,0.8119753577442637
row_037324,0.035163580490123136
row_038291,0.14764173900293812
row_007138,0.05279988330800395
row_043611,0.004404527666068163
row_040323,0.06460697742236406
row_019522,0.04459117297077762
row_039188,0.14441184100136123
row_016617,0.0031489347346268745
row_022502,0.4263405929642371
row_028778,0.0003625474516465375
row_043089,0.021069783512513887
row_038970,0.024376415470884327
row_018939,0.04507188005194101
row_015710,0.6726922309142276
row_036518,0.8528269162172367
row_045023,0.16847493820179418
row_030330,0.027660316979366942
row_042716,0.0018374219396838445
row_037177,0.019117938656182693
row_002489,0.001169294338841497
row_043522,0.06910556486039722
row_015603,0.8961234865680201
row_022303,0.17653515022612548
row_039157,0.00851252220375441
row_010783,0.00643511807516032
row_047814,0.09459206238022175
row_040406,0.9023271563906551
row_035760,0.9984805116395951
row_004423,0.002254978117358063
row_035036,0.016207880224653262
row_037128,0.003435325894268912
row_038696,0.4718273414157596
row_009083,0.1014568207745909
row_014878,0.0009641859271223114
row_040239,0.10388496360574655
row_035608,0.3130621149422108
row_017863,0.016386955363087322
row_038898,0.3585633153106009
row_016170,0.025509119665143208
row_033731,0.019814310219200555
row_001268,0.747771243123455
row_026923,0.005942968064959326
row_033221,0.017131312420034937
row_008195,0.0005773152483145454
row_021183,0.0008162154733056074
row_002984,0.37350161893595024
row_009363,0.01593616385491041
row_005196,0.004666274858289186
row_010924,0.0005289351754891513
row_049213,0.007884217732138125
row_003246,0.0004223063787376946
row_032674,0.0008299830804963324
row_003325,0.011754528206663927
row_036495,0.00024372572786189437
row_035019,0.003269959402922854
row_036509,0.07352507240998243
row_017627,0.07936076927209812
row_013806,0.028607999352872875
row_036739,0.01680547704742893
row_007599,0.001995138310405817
row_045117,0.050271919264958644
row_010416,0.004048846003469049
row_035488,0.00763239159230605
row_012366,0.004197557761949668
row_000541,0.019516670927597568
row_042389,0.016511925947253595
row_045486,0.8929030902548176
row_027908,0.007811949671547451
row_028295,0.08114889355864599
row_047484,0.03575379666581273
row_048126,0.08228862073030997
row_018245,0.0073802292153632406
row_011024,0.8527299344280923
row_031325,0.5980192499469642
row_015759,0.003176987796073605
row_005290,0.932491524684397
row_005712,0.0006041114773164336
row_020960,0.1716479191513041
row_029309,0.2895255724465258
row_034955,0.18144213935261977
row_028439,0.9983867926319752
row_022508,0.005074766090055198
row_008937,0.01899397732260998
row_016794,0.0114675662013285
row_005372,0.0001336167576896303
row_048167,0.008497289380407398
row_010218,0.13150143797612496
row_017281,0.14350050716025553
row_032429,0.9814652864725132
row_026761,0.3270946911667223
row_014053,0.0054032901765029145
row_025064,0.02411420114868821
row_018455,0.007428225520567791
row_022285,0.2815161266641468
row_006762,0.7215997032722316
row_024475,0.14928512681222464
row_026109,0.023483221340627095
row_002968,0.11919738823474214
row_022900,0.007986251307983815
row_036523,0.8353442940947208
row_002093,0.0682629939087417
row_010788,0.0015448417230359175
row_038695,0.00046104432327107953
row_015663,0.17093981994564944
row_018692,0.014047747412185058
row_023355,0.04944310745446866
row_046287,0.7325116039293175
row_024739,0.0016752167383537679
row_036350,0.0003248325503298985
row_015925,0.016978561943652996
row_049984,0.2995387936326924
row_022935,0.004391997156799456
row_009438,0.7689247960284703
row_040612,0.00901264021065661
row_042223,0.011960720924991775
row_047527,0.03548497322411706
row_027243,0.0607222307197554
row_038617,0.008122920724049168
row_023698,0.05039952760116516
row_013955,0.8804192229049194
row_016220,0.314481802261631
row_045968,0.1096591972276128
row_006746,0.025552592039408357
row_013091,0.29941088872541644
row_044093,0.997265548019337
row_042055,0.02801511258231432
row_002030,0.03665443530465212
row_004145,0.04214437130312288
row_008465,0.04010928057100862
row_028632,0.9875280381511301
row_021319,0.065161734355236
row_029668,0.16449161818231023
row_023479,0.002131488686680057
row_034735,0.5076147869647378
row_022634,0.1431891872026189
row_012318,0.06016512622480097
row_047268,0.004084820139460137
row_029446,0.05039171003087268
row_029343,0.037714607538570796
row_013774,0.6928402036422872
row_020923,0.001604012230732339
row_012248,0.1401080949452792
row_018955,0.03828179419537289
row_027064,0.003762375890613508
row_043588,0.005589032975056269
row_013602,0.027965430829078212
row_026278,0.028891573830617114
row_018380,0.20408822549271588
row_027795,0.4313451731534421
row_030504,0.009177095143822544
row_003693,0.09327722664027632
row_028992,0.0008150107447687725
row_011061,0.16619919638214348
row_048708,0.0009857947522777806
row_035468,0.5627721804271801
row_027541,0.0653675362457785
row_001942,0.10420508882415917
row_026360,0.02891865269179309
row_034910,0.07047742385441919
row_021791,0.726498768880198
row_021943,0.0154106804413161
row_023206,0.7247344323491546
row_038440,0.04452972064651103
row_018055,0.020131400236306492
row_008596,0.1424127322995662
row_024583,0.004331836425718745
row_004320,0.023396077152743285
row_015848,0.0008468116099340806
row_036112,0.00781702850234068
row_043302,0.3127499533209247
row_026039,0.8484321278848682
row_005373,0.869515110205617
row_018396,0.9820403455019048
row_042837,0.9746556582288065
row_039442,0.9858913800071825
row_005363,0.011807035708581779
row_035004,0.6897137338391941
row_001313,0.9801785537203671
row_000658,0.010659756628769968
row_041503,0.29687916339659914
row_007377,0.03084808350078446
row_008449,0.019459565629000513
row_012746,0.14024750826526608
row_028353,0.9933497455564078
row_039354,0.00022042090038669392
row_025213,0.0012493031134390917
row_020588,0.05349344368014555
row_036913,0.7502906593137454
row_025140,0.7906251945203852
row_014261,0.1332416552731597
row_029683,0.015154884391192724
row_047062,0.04853958638869919
row_043464,0.0032571538098013528
row_016183,0.010515139414793052
row_021174,0.000833103655387468
row_032218,0.06206261326358856
row_017369,0.5446919907778546
row_005599,0.8304424844818141
row_044509,0.4300737210347933
row_004249,0.00022762650848376703
row_022959,0.03281404596672795
row_035409,0.00301496795570576
row_035962,0.06533076307486785
row_030177,0.0017513184953079405
row_031343,0.006713583203686709
row_016556,0.00359246242837893
row_009512,0.9529954809651252
row_005442,0.0037210057246877776
row_035265,0.0061492982998512325
row_030111,0.9754565520320897
row_032478,0.3931151513708899
row_036199,0.1138551150452904
row_023395,0.005609169694008304
row_035333,0.0804810481439679
row_040385,0.5306796216857872
row_000543,0.5201544677926287
row_012362,0.0030375271057506785
row_023749,0.08782059446272186
row_042446,0.003589647058985972
row_018373,0.30774049669721304
row_039126,0.018300331907919295
row_005517,0.12103730378857513
row_032590,0.010575316544564489
row_042054,0.9905402785775655
row_002773,0.628463411791996
row_038166,0.004983581730690041
row_023476,0.7020197853428074
row_040777,0.44317629563336325
row_023628,0.0010611002361913652
row_033237,0.0019470693101919694
row_029141,0.00047961658457824403
row_024971,0.7106267149616178
row_041019,0.003490889937868075
row_047566,0.8180276197332234
row_038639,0.02145545420992323
row_008109,0.02326383279937369
row_025916,0.020726815060893595
row_031982,0.46358878066531856
row_048734,0.1264241212792492
row_018259,0.0007239590853598192
row_002126,0.11572654550974851
row_020913,0.051947547432061404
row_024057,0.0006086139570702827
row_037786,0.9577734717643527
row_044010,0.0034537581996595184
row_008538,0.013681914212535581
row_035655,0.2977184493121658
row_010958,0.9913270903407948
row_024487,0.8801270811153972
row_023696,0.26782835968380386
row_036247,0.18239442955365232
row_015406,0.09743573491537152
row_027672,0.012905877682822179
row_023595,0.3416936179642536
row_039205,0.0010582932699904192
row_046834,0.5740391466633769
row_002599,0.13391664196683722
row_004548,0.006002925366761075
row_003523,0.013743630442951167
row_014232,0.004384218401475733
row_018374,0.028833225588135714
row_004243,0.45676347638210013
row_028210,0.9287351412153119
row_032940,0.46791471608703733
row_022469,0.023263080440175974
row_019934,0.15212318370893063
row_028383,0.17053748444870212
row_021805,0.20663278242876454
row_042864,0.9164333419935617
row_029457,0.09036852449192675
row_003820,0.6403789343378411
row_022977,0.00039239499436882313
row_037525,0.001216395428580249
row_014456,0.1369803108185564
row_008486,0.0055869440558588565
row_042576,0.0007140773580735631
row_035315,0.4702751246163753
row_026635,0.09034575592566961
row_040376,0.003610867831849363
row_022348,0.7750188873692687
row_015115,0.005806659517785539
row_022057,0.10711467417126247
row_016070,0.848227079261242
row_016276,0.0388530171380954
row_028624,0.2640646026118589
row_030319,0.0763561260914137
row_011844,0.6473377808260316
row_012305,0.1320408791524273
row_023716,0.0011479595445102932
row_014739,0.5454288444577077
row_034739,0.9916376956619614
row_036243,0.057395651876231205
row_003889,0.3348759924393989
row_027606,0.005808765021916813
row_033484,0.01102519759382447
row_004411,0.07798579464097888
row_048019,0.006116312811068866
row_021914,0.0008675582534865743
row_030273,0.014011258314191505
row_015489,0.2712656532662062
row_012452,0.0049531077636442615
row_040375,0.010488227229835136
row_036226,0.11321161156869576
row_003484,0.009517865349618432
row_003491,0.011210794652921042
row_006259,0.09994424448285678
row_036774,0.7312795742595567
row_026903,0.33824926070402866
row_003839,0.0028998328231024197
row_044205,0.10437674185989246
row_033176,0.010556942027898204
row_000793,0.0024356449186592384
row_032345,0.03385209717990246
row_033707,0.0008558846604828945
row_017921,0.0004461331898298134
row_026430,0.4437790968168458
row_044955,0.018552135113306986
row_004092,0.2663363045763509
row_044879,0.013690897547123264
row_038893,0.09192809019734871
row_041803,0.021150944463631933
row_044847,0.02686136763591118
row_008123,0.6049669588707524
row_019124,0.003418897270355151
row_035973,0.334411927732981
row_035642,0.6468714446493501
row_015700,0.21522927485434806
row_047107,0.027852195984334627
row_040388,0.050597663143453556
row_049588,0.3871937532756874
row_008013,0.00015297076892350082
row_009539,0.014943651570322321
row_013442,0.4456282506011049
row_031810,0.007846437321941941
row_023796,0.0023632910902241966
row_041206,0.9360342274865556
row_049269,0.009227361644034213
row_023416,0.3162555362210546
row_040190,0.012940167241822422
row_014187,0.22478998427948932
row_044891,0.006499472387333441
row_035713,0.018307218811227936
row_023261,0.06446049420974033
row_003786,0.6725941090676677
row_022529,0.019094874581057634
row_030740,0.3401712203216424
row_046751,0.03838250306939323
row_031832,0.19538917158529162
row_005881,0.020993252426523917
row_005323,0.32873553593637134
row_033549,0.4644496873964967
row_042351,0.017216514637294213
row_013080,0.025867997352805934
row_040602,0.09890137145400149
row_029971,0.0024705722681152356
row_021194,0.45428100946744965
row_034326,0.07263614520065637
row_034797,0.0018715357152968906
row_022747,0.9787852772881163
row_045438,0.7466755779863796
row_009714,0.4774976184972054
row_040224,0.000991560603804111
row_028049,0.08371196817489934
row_046774,0.054550550935389804
row_003699,0.00320042010228653
row_039412,0.026117377009172067
row_000725,0.588549725872516
row_042800,0.12963045510835122
row_025984,0.9735708236178356
row_045197,0.020373867702631235
row_034167,0.0012358034305374082
row_043776,0.004390211398917203
row_024129,0.015851074487289007
row_030303,0.0007454057009280907
row_043131,0.0017773162414846074
row_043584,0.41975690237888846
row_033563,0.05728246565273348
row_016010,0.2510187900344177
row_020571,0.04307639953618839
row_028284,0.012213857443630714
row_026285,0.01793779820966584
row_002266,0.0015048536982414755
row_032072,0.23745386382218497
row_009834,0.024714823766053728
row_028435,0.1796210534613685
row_027174,0.7782370719733364
row_039232,0.009707289362915272
row_012725,0.005441266212959462
row_031825,0.009638362204676374
row_024149,0.13875695821357917
row_013301,0.46529319233795924
row_011027,0.7351284165721652
row_031087,0.1292292870676717
row_030088,0.0077776660817712355
row_022846,0.004110502024970744
row_006277,0.8314153562474456
row_025544,0.06321691737313913
row_046124,0.9222404838751562
row_043136,0.1683437108969534
row_028165,0.002968816017978501
row_027562,0.03487390450336438
row_002568,0.0748847578958822
row_046982,0.8220866957239706
row_023199,0.0057791384545583385
row_049091,0.8666151788793833
row_002690,0.027371521161688953
row_007719,0.015208926037383755
row_047098,0.0016063458964816408
row_037245,0.524467376699334
row_039708,0.022089132765156033
row_016798,0.0024563358496870733
row_017297,0.3725496732538193
row_023765,0.00037050665634724196
row_039944,0.00855584624372291
row_043394,0.0029842926746117496
row_032679,0.0349455220120518
row_003963,0.009469684676866857
row_012973,6.406175038447314e-05
row_008142,0.5077337137669732
row_030049,0.3887118293525635
row_026577,0.6624826643948359
row_032135,0.06262117337331043
row_011278,0.04042507941554896
row_005187,0.028549338041708495
row_009310,0.1767110362972374
row_030858,0.02345448150618837
row_038361,0.011199312569178827
row_021944,0.873312206148401
row_013851,0.14674127956781433
row_008472,0.03950605794305048
row_001135,0.0038926202190816307
row_030977,0.0004859263706450593
row_049088,0.005457250446919656
row_020681,0.7318656784598184
row_038189,0.02213905118934651
row_016938,0.004839342359911173
row_045993,0.0009400309950363065
row_033749,0.02931247688591403
row_010943,0.6775997586234188
row_003647,0.05932132231752083
row_025626,0.4479864914201099
row_008277,0.7234502312451069
row_025427,0.002790974778638711
row_036141,0.03549187550684475
row_045796,0.04360448231231931
row_046832,0.0005606051985921642
row_005670,0.0021460472293768043
row_042691,0.07004362803382247
row_018631,0.21324322222782732
row_011229,0.057366214724904024
row_040316,0.04802113740561344
row_019714,0.0007737262950355314
row_015594,0.16396502651043815
row_039724,0.11317181474272157
row_047763,0.05951490365764978
row_030946,0.2901084664435649
row_013265,0.08887985540085613
row_000979,0.3159373525767634
row_040110,0.06347321916163325
row_039968,0.01742872789180412
row_001830,0.90985209612319
row_044761,0.005963750404919088
row_025508,0.00794458317947311
row_036787,0.11130403904445854
row_007646,0.15766015740174166
row_012530,0.05315607623741278
row_017980,0.42455610473580735
row_039931,0.021795271953293505
row_024931,0.7010668661327779
row_038853,0.9154483018991187
row_000363,0.004162648160692084
row_007126,0.017051688199764086
row_031090,0.0019353298818004336
row_005745,0.4266840871917681
row_000134,0.03694059959399984
row_034732,0.16932473184435823
row_040087,0.09126916676653335
row_025868,0.944264614036541
row_046759,0.5560705038928477
row_032108,0.026980048306783046
row_037572,0.0016486655059859152
row_027240,0.003659298604558078
row_015037,0.12693349479880228
row_042532,0.8893413100218867
row_018133,0.11872611366985823
row_045243,0.005414206851899351
row_027765,0.019982968363713962
row_029448,0.005553695478571471
row_008342,0.005475720085085698
row_049084,0.011514339065689102
row_003918,0.001665367720494864
row_007580,0.014459952602457356
row_026741,0.0005784686854792577
row_017011,0.9997093637637843
row_037563,0.015893753236558658
row_025762,0.0027284705484045668
row_021661,0.0804630726226768
row_029844,0.010812970978825234
row_011314,0.01599530238743535
row_006057,0.3015909913033969
row_021019,0.011561891152128785
row_043076,0.03764903479622458
row_027187,0.0025213353605104097
row_036197,0.046877755563318094
row_033818,0.008803359302154104
row_035978,0.03663791217131183
row_038656,0.32495921346698387
row_031477,0.018776779657497408
row_037216,0.02286698487159162
row_031583,0.8021399795023588
row_025382,0.000575305273270973
row_046148,0.02179147898650166
row_021441,0.0976600961559223
row_045987,0.8622844283710797
row_009704,0.2077058548664088
row_041519,0.15256655360134602
row_048372,0.0002277808939711223
row_012932,0.05589001973711234
row_000149,0.08073237838346264
row_041594,0.013638625696675918
row_032320,0.15880653276962597
row_021312,0.09698950500035534
row_035043,0.1011434246220783
row_034243,0.000867165813582319
row_003180,0.9593049492450854
row_038521,0.5176400243008074
row_002238,0.07420055642061872
row_032394,0.4805988836281984
row_046434,0.11490228958035988
row_018397,0.009652796043471959
row_027787,0.06857122886413672
row_044531,0.05704747531715999
row_013120,0.32243259222225423
row_043534,0.8999688547530278
row_041395,0.11344051228161171
row_027178,0.08414953788254852
row_001847,0.10860526319397112
row_027797,0.03141108925604775
row_013905,0.14260589162096438
row_030343,0.013857116831240555
row_033663,0.6991133833331428
row_009949,0.009203562863028064
row_006055,0.002151601755887454
row_022194,0.7533818892482608
row_008809,0.011782268668784707
row_013280,0.012320374906198146
row_017001,0.030669401573588502
row_034991,0.032413390058073185
row_039896,0.30136791636277854
row_007592,0.4873945542834813
row_031645,0.31126323922422816
row_036543,0.00034845698318985594
row_027791,0.015141700958785096
row_005543,0.003339878957309909
row_001297,0.24096971567722603
row_042728,0.48167058972326066
row_021490,0.002527179358440296
row_027888,0.9208646037886777
row_030482,0.007306057879284373
row_012708,0.3458569367654995
row_037034,0.3391811688724853
row_016102,0.9992055838130064
row_042924,0.3867977099518267
row_012578,0.5411870324113469
row_002776,0.0020150466656942093
row_020935,0.7029739386249337
row_021022,0.5070388813778322
row_010182,0.016712478279542347
row_014569,0.0031979859214013345
row_007508,0.22448212632598305
row_040873,0.08080608024815188
row_035159,0.004460031800416687
row_009231,0.612998041854562
row_048334,0.10741547566711251
row_039714,0.05776538086079326
row_004712,0.7774406489360514
row_011391,0.09639339393404878
row_022766,0.2521967957081491
row_015256,0.023080776561479624
row_002501,0.23172732061212842
row_007190,0.003637351286006879
row_029093,0.0029141848191262198
row_041268,0.10838947676642914
row_029991,0.02967015035971911
row_012245,0.024900810266845794
row_039666,0.9239282815681623
row_047626,0.03208071267847684
row_009205,0.11492161799276601
row_048824,0.02167504408873824
row_034638,0.5444978288119277
row_036568,0.25741362314009464
row_010282,0.010243976222936447
row_038288,0.35381612359410036
row_027159,0.05374245213878835
row_027684,0.004310652349598588
row_031064,0.0009260948168670472
row_039746,0.1591162680964522
row_010984,0.012032052563457017
row_004567,0.035060550151879186
row_046006,0.48154748782227613
row_004795,0.20027252911138604
row_005758,0.008254280053286212
row_032083,0.08834760289202598
row_012244,0.6459380380084004
row_028222,0.5042960198029246
row_045508,0.0020712416624993706
row_034897,0.06498645394298053
row_022891,0.22933248713021867
row_002393,0.036536866602711944
row_009371,0.963451212476334
row_029272,0.2468862223132873
row_011004,0.07177684334951581
row_004364,0.026250155769257672
row_026619,0.38416558276788804
row_048721,0.009875542378739487
row_018000,0.03264711389298156
row_049681,0.007431470802243759
row_035832,0.9404451535811921
row_033353,0.006252642105353463
row_032064,0.058407951255784865
row_040473,0.14184485319196144
row_033954,0.0068570741174051476
row_014184,0.09245830763427462
row_008261,0.575840355067008
row_030972,0.7920859539918025
row_018258,0.03511184724790704
row_000122,0.23419041853767386
row_039841,0.8362948914667295
row_024140,0.0016387774361905478
row_004059,0.07247980480289463
row_019871,0.022707381688900106
row_004343,0.025255217933494636
row_020795,0.016273689502997252
row_018324,0.045484750221260126
row_018744,0.05324782469227088
row_007099,0.12121384618988533
row_025769,0.0027108251339601997
row_023278,0.06281073820753919
row_000865,0.0236754346091926
row_045134,0.001085503063076101
row_037062,0.9927227098647763
row_034251,0.016809931479769558
row_015554,0.738885754270103
row_028574,0.005862855293175017
row_041127,0.0019682226979810427
row_035536,0.12633435927496917
row_015106,0.06625755086643864
row_000019,0.005025588993060229
row_034001,0.023572519374009646
row_009400,0.33024065097205607
row_042125,0.02366183321985287
row_014126,0.0007025758473579469
row_022874,0.005706200782810006
row_003099,0.10255659131492095
row_042241,0.012436040823526584
row_003591,0.02784358937280073
row_038980,0.07344839110652436
row_047972,0.0007358801321303268
row_009390,0.001126894972518149
row_011648,0.010519146032224213
row_004803,0.006070252021849914
row_031207,0.06402987923126777
row_023003,0.7551353568135184
row_016096,0.029100461421479994
row_013846,0.07416703521537633
row_011596,0.03927656144013889
row_023806,0.0326306560406233
row_009157,0.1842408991704314
row_032458,0.22344449069692654
row_038518,0.04873396478623426
row_031331,0.1324401346654729
row_017091,0.5665393331501587
row_009106,0.41256770349916877
row_041540,0.038131552281901
row_022225,0.006256000635517626
row_036868,0.0006045035789769466
row_008017,0.17076826535372963
row_003291,0.007256450574703501
row_037565,0.003569453210008254
row_032467,0.8966181260883688
row_002192,0.5741716939048849
row_007770,0.05398070156380874
row_031175,0.0238194166476084
row_038897,0.001806120130865181
row_017553,0.0005480942383375971
row_048675,0.005255780249277942
row_041969,0.04469029090926487
row_017541,0.6486483891557816
row_031386,0.000752883763463512
row_018128,0.0781640108377858
row_024348,0.3832311369206148
row_002634,0.023832054535725657
row_036503,0.009268532915419028
row_024699,0.007507520947209215
row_041498,0.2848532524709911
row_031266,0.07362388544048577
row_016800,0.030850818567613795
row_023306,0.01991466987090864
row_005776,0.0011375707902361212
row_040738,0.02179453658101059
row_021038,0.01925754384320847
row_025499,0.04636792359726717
row_012581,0.002702579760500845
row_025929,0.38490335116964075
row_035172,0.044927637066210384
row_031457,0.47290532565882387
row_001224,0.12947813385926465
row_032756,0.02253290804476158
row_037218,0.02853617658912412
row_010479,0.8455691450039133
row_028400,0.36278210854020965
row_042051,0.3185646477064618
row_029283,0.001241275968209491
row_015578,0.00214762306794548
row_007040,0.03480023353090264
row_002688,0.0010855961231488027
row_012948,0.004808349110818567
row_033371,0.011972833093317925
row_045064,0.010971572904428573
row_026667,0.05469250264223773
row_039611,0.10606241707590947
row_021233,0.04142193916813464
row_008160,0.11237754873949726
row_048606,0.021469324890101737
row_042647,0.15525780982011247
row_011689,0.07398501426783695
row_033450,0.02172624104286646
row_048898,0.014590012914513801
row_042074,0.06648689704967273
row_014296,0.9814237719488059
row_001641,0.7473914671975215
row_018061,0.2043413994110001
row_043243,0.0566944144399375
row_043041,0.14736931604731027
row_045066,0.07541975392556394
row_031961,0.08339473107896073
row_046190,0.03590436523219595
row_010618,0.003427449789629552
row_014237,0.1401624175606602
row_019664,0.1142712462692699
row_033424,0.00413858585002458
row_035448,0.416665462479348
row_006115,0.0031190058284886533
row_043035,0.11942035725686488
row_038203,0.004191141200916564
row_039651,0.06602012811459448
row_027524,0.13359291783535662
row_034182,0.012914995864462533
row_045202,0.020109453241145853
row_001229,0.002955378238173955
row_006494,0.012892190832599711
row_049468,0.01403320515369721
row_017481,0.04686347818358686
row_004646,0.8127592963606441
row_013158,0.004510003351642185
row_010997,0.026830499326257723
row_033288,0.040567752925482134
row_020008,0.025250089158141586
row_010687,0.0025435182756307962
row_006987,0.0009026126109326206
row_038416,0.9503210211960885
row_009905,0.000960593498013917
row_038139,0.015602008577943876
row_029071,0.029096184548362953
row_012917,0.9446697451270437
row_017564,0.1626252795256489
row_004817,0.9077509466156991
row_008247,0.04557134029634552
row_010248,0.01235086324038577
row_038858,0.9662771106178043
row_031582,0.09551311333378916
row_042392,0.003725861369974773
row_025766,0.013492642753946264
row_013207,0.0350378700235466
row_026880,0.007877976437705008
row_005604,0.7492436542129716
row_039298,0.07825874373720618
row_016189,0.1045753005304084
row_002148,0.05979251481788535
row_002034,0.0030729937085736763
row_032094,0.010180330409254906
row_049538,0.012741882561656714
row_012330,0.09617226694709871
row_017526,0.9873490877397567
row_009722,0.7975450187995133
row_042535,0.05915545645167793
row_044049,0.2325121492103956
row_042154,0.019567505291962533
row_029746,0.019198033977941956
row_046766,0.021389469361350156
row_046359,0.05028586155624625
row_049739,0.07331869611885033
row_034636,0.004268679485221207
row_022178,0.009568717760150811
row_020835,0.003828178458867705
row_008069,0.0070587552610740095
row_005100,0.07352711541249224
row_024402,0.3978795198212636
row_035361,0.08612606703460803
row_035818,0.06804026023027848
row_007059,0.004729661331501033
row_004790,0.1734295297447137
row_037687,0.947555677611097
row_014480,0.05048172502418161
row_015067,0.02716062108450249
row_031529,0.0002654902175332122
row_047827,0.0004645057444502945
row_029213,0.032586610743226475
row_041167,0.04612923317055187
row_036445,0.010043908656507276
row_013583,0.6238866086493919
row_024275,0.3288672476724119
row_031736,0.193183057914132
row_040914,0.3604929053129172
row_028098,0.013444996407354064
row_034583,0.017433291012479014
row_005935,0.9061622553411073
row_031560,0.04216016635390545
row_037612,0.07879026914550505
row_021314,0.3808468396881571
row_031856,0.016663303165231246
row_030789,0.02144123050040765
row_028423,0.0066780702812049494
row_021386,0.017199590505497728
row_043977,0.0033500858053375016
row_025271,0.022364479074469056
row_002248,0.0054023685313015065
row_022819,0.0022690955690145647
row_003189,0.00410758147091483
row_026076,0.23876525874087087
row_025316,0.8850747692694356
row_016265,0.9914091215751373
row_024125,0.9156586099354197
row_048416,0.009011116207142466
row_017754,0.001887934665525249
row_024176,0.0005535298737088486
row_029655,0.6020028453434121
row_002328,0.012570540640051382
row_037966,0.013195022902688374
row_021743,0.1350381190015728
row_046781,0.019812625757145416
row_005379,0.045957193563090463
row_024145,0.15062222823586532
row_017782,0.3118756537653562
row_029704,0.023357568613655448
row_018094,0.007016334727328676
row_040170,0.015185716061677904
row_038967,0.012622325386279517
row_009353,0.01186707421382995
row_007765,0.06765211074290586
row_045324,0.0020898904181842664
row_026646,0.04103348005708411
row_033645,0.05199934026930936
row_031547,0.02743449533091189
row_026310,0.42642298951225516
row_001513,0.235545180160221
row_049412,0.05515609400543444
row_029948,0.00458975332344508
row_003842,0.0922656710971077
row_024059,0.05317528196660976
row_040272,0.01377392074557669
row_049741,0.9589094638898321
row_032089,0.40675535215401104
row_018223,0.008456279643975407
row_030501,0.0027589116177888376
row_034293,0.21913876204288943
row_039617,0.23991755400983913
row_012765,0.004301505691701278
row_024868,0.9087664552831274
row_032441,0.07633460278370607
row_011022,0.10168201253533235
row_026832,0.10058206348741762
row_035208,0.009615330433583966
row_047063,0.9792633912210749
row_033197,0.000832563441428421
row_030382,0.17237221817804493
row_014085,0.001686288953582353
row_046494,0.08506023745978232
row_015196,0.6807086909709313
row_025650,0.0785718753729707
row_010603,0.019411612123667474
row_008175,0.016766453946139504
row_002754,0.1324052016203876
row_024260,0.001649967426401577
row_030145,0.040782730062379695
row_022907,0.005075267420484845
row_026231,0.256072727975373
row_026262,0.014107909956172593
row_032924,0.010603700565123319
row_049582,0.07360137922433532
row_008737,0.4515394082568041
row_024638,0.12697703674043842
row_030137,0.012443858465876251
row_000548,0.42399452614056143
row_049120,0.09553058450832509
row_004856,0.0038595884628095166
row_048486,0.0007972008879419422
row_044614,0.014813015284785187
row_047068,0.30802616368877306
row_007928,0.012068286944329052
row_021841,0.4900324355542392
row_026886,0.6095492104970831
row_041341,0.20577836341456063
row_009436,0.005984011553911538
row_049553,0.11665047695318631
row_012777,0.010337754659990242
row_006187,0.0004942386339207425
row_001137,0.9944710291892868
row_048030,0.8349578622282712
row_028603,0.8335285739194718
row_009658,0.02051545652323772
row_041644,0.055534285271026204
row_041057,0.10161224530427126
row_042077,0.2292678374422377
row_044962,0.011031113466669979
row_003799,0.5199459288672121
row_040363,0.2052468074074662
row_013466,0.5714193537088565
row_047658,0.5655671455330072
row_047812,0.0006386250117219853
row_021799,0.08731307644616076
row_022473,0.015068254109890702
row_001994,0.3862626054748721
row_046331,0.0014240634545935316
row_038485,0.05690635662716215
row_011190,0.031639656009362464
row_048041,0.051096938384232855
row_019506,0.007062699675610852
row_003175,0.5109454952840387
row_009863,0.0023761767024630207
row_032148,0.9956032518090346
row_024527,0.7756057594727211
row_014419,0.9566819820414704
row_015501,0.9971311670931513
row_040422,0.8480185932954747
row_037015,0.02844985977950875
row_030012,0.7034235600631046
row_011355,0.0014603281206023093
row_031407,0.5863418479403907
row_025311,0.0011426420588512539
row_039459,0.024425157899513737
row_010873,0.008935454884255293
row_049192,0.031875608471982585
row_021210,0.004985724572434397
row_045143,0.001689345104354092
row_023502,0.018138097776540987
row_021801,0.057341732194232435
row_007716,0.025364519202147284
row_040075,0.0017159360861587912
row_035911,0.016819437866914047
row_036365,0.9930810420169466
row_029916,0.020569225333967482
row_024835,0.0132009966099946
row_031224,0.02182746495688081
row_043195,0.0014626198019196252
row_034206,0.006892635506386201
row_032162,0.9488968359594657
row_011135,0.062006998703348234
row_026976,0.047234909822237554
row_006565,0.005672176210377828
row_030302,0.1239641753265964
row_031043,0.5996477666510919
row_010490,0.3446096203650843
row_024229,0.06109858366566476
row_001478,0.09128045403174473
row_002355,0.20610765164258438
row_032065,0.0025468999265860067
row_047083,0.10540839654142034
row_028324,0.09311575503308182
row_000910,0.9994052112290288
row_016267,0.08754900728552953
row_045494,0.0006085048762671477
row_040333,0.020956017032455285
row_037322,0.502786376086007
row_035743,0.018789643677201758
row_017516,0.06622096957519441
row_016244,0.017004238972043187
row_047180,0.2687784356289375
row_033290,0.09716216409111746
row_037040,0.20148677828900052
row_008941,0.5519915185048714
row_003936,0.014269806726323112
row_040502,0.12889179129486344
row_017432,0.05500072885759167
row_007438,0.2576566859857403
row_032153,0.1473155605487409
row_039476,0.0025297884614781567
row_029873,0.3897034408720054
row_043656,0.0040803852692768185
row_028949,0.00033932940859071923
row_037376,0.006649643461657605
row_005216,0.07413575604195138
row_049206,0.021140497842424385
row_004353,0.13212463373071215
row_029734,0.011703811457182382
row_037473,0.02698706840849701
row_031962,0.5748984363217248
row_011811,0.23956193914757806
row_020685,0.29379772922747033
row_033361,0.18551517650636942
row_014243,0.0021756136089834425
row_048230,0.06285113245308412
row_014615,0.05074710681647101
row_018741,0.38311255550890516
row_007973,0.567934584954922
row_009166,0.0339956790415662
row_000168,0.017708194268052452
row_045699,0.019060125398844684
row_025822,0.07537162602260185
row_033398,0.03152847295521113
row_031346,0.5519223441932565
row_048820,0.07490452731672358
row_020928,0.01773417009171006
row_045071,0.035257195100760204
row_047472,0.0008485892476790215
row_042251,0.9251303737383902
row_040997,0.46831585793673336
row_005995,0.00039875743168431207
row_027176,0.2323989531732862
row_008274,0.0013276512288557926
row_032736,0.12226183408703695
row_023115,0.25768752911614257
row_035658,0.6943226148414634
row_006138,0.0006689355622548506
row_019130,0.17918729576486275
row_002670,0.06923459265961535
row_006255,0.03868616749782219
row_005651,0.055498708887099034
row_043855,0.2512107511551303
row_007423,0.0012639144879723013
row_015812,0.168024264775363
row_020155,0.006014644200223723
row_033097,0.042980035462738445
row_015553,0.15221639019756095
row_022704,0.34317233658887686
row_003426,0.028493031030866013
row_040870,0.006816833666761168
row_018277,0.0030297998732034493
row_012800,0.0017656614227762376
row_022376,0.9924451133076155
row_020749,0.013296998535563796
row_031281,0.054966919578904705
row_006067,0.12463829653308874
row_021638,0.774813702243644
row_018006,0.117686991208363
row_004970,0.6878213172373799
row_030920,0.8725044381919982
row_005158,0.10562736271832485
row_018533,0.021056917771517237
row_031675,0.13196199469150915
row_045182,0.27564048314573447
row_016486,0.008673598022030595
row_027619,0.06279423664384014
row_011940,0.0013718282765984296
row_042795,0.6304469874832127
row_002718,0.0906545306063389
row_001909,0.0028186528033827688
row_023271,0.12524165373565044
row_000197,0.0004804779735600158
row_029271,0.028137033831883575
row_003093,0.000606684022343692
row_008884,0.06351812594755038
row_036034,0.0831518721128904
row_046581,0.48302521037295476
row_049370,0.2530514213789294
row_002929,0.7799527097518383
row_024213,0.12797418814648479
row_026438,0.0019818706492579228
row_037866,0.00502448961877431
row_043730,0.04935963277408889
row_017971,0.0015531072369835864
row_029192,0.002010339350604134
row_031987,0.00420016174125388
row_044627,0.02198246866999149
row_001416,0.057921829847101376
row_033596,0.997808677495185
row_043986,0.0743207749217138
row_023233,0.9853331300826483
row_025624,0.9160187803801507
row_038402,0.08422867249186651
row_039922,0.872851681617494
row_016911,0.26851440062296533
row_006437,0.021012432416721457
row_017788,0.310594450379063
row_000518,0.5045251346542673
row_049258,0.0860872245317325
row_026702,0.001452061041712184
row_036532,0.41027820734577636
row_041475,0.24705023113121138
row_017901,0.0011047288917941551
row_005041,0.01944664820900457
row_017480,0.03737749823093688
row_010454,0.8913764679039679
row_031554,0.0016323398798210342
row_011551,0.05045916534331363
row_023087,0.286280312550546
row_017085,0.0014019215702102542
row_044985,0.03432243141395044
row_049408,0.544018735627537
row_012875,0.006281619077984814
row_003885,0.0032751746158474052
row_025956,0.21099650476226844
row_045329,0.266421528816431
row_022840,0.9506277363731194
row_038293,0.3112446250227909
row_038364,0.009773014952776805
row_039924,0.0016010890819924176
row_018092,0.07481239544510616
row_047486,0.06226859672540097
row_048318,0.1605962765914886
row_035464,0.35460227705593433
row_011393,0.002227010673388508
row_044376,0.9916953502956755
row_006264,0.07170826446360433
row_032892,0.008535162434130607
row_019527,0.7412123024655405
row_022161,0.09020618143454683
row_017593,0.032627308990793684
row_013059,0.0007357658758636924
row_047037,0.0057311635435642605
row_033431,0.9372021930960078
row_010242,0.0020665319168620797
row_031348,0.025203909742919185
row_043752,0.14233968064715322
row_037028,0.1189888706290569
row_046779,0.8650189466278007
row_047488,0.8343023419377827
row_038067,0.4213813826334794
row_025445,0.005923848573764229
row_043994,0.1159309408836536
row_034065,0.963077769780052
row_037651,0.17689578059562383
row_016351,0.31490837992686194
row_036263,0.011381097551333449
row_018233,0.04341162721553024
row_023403,0.044817469808265974
row_020605,0.8230303751316407
row_048717,0.028303106978755557
row_043740,0.007223532788914845
row_043320,0.1427186926243472
row_038274,0.02408848348340443
row_009194,0.7455216681971998
row_045462,0.9153976241617257
row_007738,0.022824550262588016
row_046763,0.041072891122818984
row_036390,0.004121796533172774
row_041286,0.3345388487926616
row_020952,0.2827896979589393
row_013245,0.003985883737642909
row_025075,0.04760981198866519
row_026675,0.21803142192049726
row_030484,0.017218461111685873
row_011347,0.005709534594120679
row_006986,0.014912471033333041
row_020134,0.3445083838154058
row_045693,0.011642827928356303
row_030525,0.4562846847413856
row_044383,0.06821077867515828
row_047840,0.0005910037449058591
row_009196,0.002885371010020849
row_010005,0.3143735859940445
row_001020,0.04684812372192794
row_011535,0.12197130128204121
row_020547,0.1310760375563474
row_015806,0.17788472085795057
row_039973,0.9999640593540104
row_038932,0.6798753525658916
row_006020,0.027572797054975496
row_003915,0.20337039487995195
row_021113,0.002234480806125356
row_001214,0.005492311589029526
row_032509,0.040063946083340046
row_041833,0.019709137441796767
row_031310,0.8926727066937695
row_016857,0.0045887932914136275
row_044818,0.7813062715624683
row_027058,0.021182167103539696
row_010782,0.1305705236893035
row_041732,0.044074096471595145
row_023867,0.00414458662331284
row_019249,0.02010628413634302
row_036213,0.0016458324608127639
row_017014,0.0011098640822746204
row_033874,0.00909620785415781
row_014033,0.0005048231877389451
row_031934,0.064640772620763
row_039397,0.034769997791014244
row_045829,0.002409206931836452
row_032888,0.013871753116169136
row_025504,0.6245639405080906
row_041872,0.005890983661766638
row_014131,0.26867301739194965
row_017209,0.1227357100406858
row_000531,0.006370435544409939
row_008034,0.7262258378081254
row_014236,0.1845808383306342
row_034858,0.0011464354835039592
row_025233,0.0005999082295255889
row_044302,0.007978224146210772
row_018998,0.99979482187761
row_028258,0.8917923948591662
row_008289,0.06969839632273381
row_016164,0.881288215778948
row_003091,0.015578817073366735
row_014390,0.004059433333157918
row_020763,0.48950126796809484
row_025189,0.7442311267612969
row_011346,0.0001267841012489565
row_009713,0.5944677770935118
row_023116,0.0007972683127313347
row_032979,0.037057211768771164
row_026942,0.053413577640732436
row_046474,0.8870855807121749
row_032613,0.007649668548769668
row_027128,0.008815933582788052
row_016502,0.2641247408487084
row_012065,0.09921565322639939
row_021996,0.010844872724772657
row_035290,0.18327749234708757
row_037883,0.9761771832637147
row_038301,0.6485249485385298
row_016097,0.0010259192178608608
row_026952,0.32939383273456907
row_005095,0.10564466752397875
row_039530,0.012290546307571997
row_036307,0.008979677949903894
row_022783,0.14511117307445467
row_018354,0.01795456197903945
row_023427,0.12107920174057
row_001934,0.002695931046673253
row_036778,0.04684020083615039
row_018318,0.013449768798319285
row_001889,0.005159804545909473
row_046606,0.005070657414753549
row_020394,0.11554405036221205
row_001447,0.7248098870389732
row_027377,0.017836241525068918
row_031723,0.8952525768566645
row_035531,0.002929143972388513
row_048043,0.36739717691944157
row_013932,0.034763206860664635
row_046962,0.000998404075708269
row_033893,0.1386076077612212
row_048302,0.1140410383743914
row_007948,0.8414377915830876
row_026905,0.9723559549974355
row_014263,0.7964506428054265
row_013431,0.000360951826532751
row_043264,0.01961645655381607
row_013293,0.05904068000437571
row_047398,0.19456987248381866
row_003983,0.007252862575088415
row_004130,0.03028277193425736
row_019853,0.6975333090419849
row_040436,0.16020936577974468
row_000284,0.0030079457204899252
row_046748,0.010357064124964854
row_001362,0.07984647956576511
row_002037,0.5133120875086414
row_012031,0.005091497661185663
row_021394,0.002166368646348818
row_045524,0.44547504535297483
row_033847,0.23447989531803679
row_022501,0.005616370125434485
row_025338,0.019842431334900195
row_004753,0.02488173762253468
row_029667,0.728205161072389
row_017637,0.2193836862794187
row_049674,0.43551323472669123
row_042850,0.02933277108881495
row_039886,0.03715919206103973
row_036139,0.006357159798085375
row_033201,0.0074191414264909725
row_031762,0.028037262032170124
row_044373,0.02368369817450192
row_002783,0.018631812181481234
row_030381,0.14917518387087142
row_005568,0.21769536731235506
row_039772,0.001553999676467014
row_031377,0.29284774202652086
row_024780,0.007697334371958207
row_045130,0.0003229107544754816
row_025680,0.5031911655171187
row_028927,0.7062024641326244
row_044684,0.008176577812466244
row_026921,0.12386552995085678
row_020168,0.02151017525415708
row_008231,0.21227235887441007
row_044213,0.0015390443745121054
row_042282,0.048389722996332714
row_029946,0.9662236893692846
row_036505,0.01134223751086382
row_020160,0.007861819707056765
row_013864,0.3755464591521998
row_013899,0.03668507705638637
row_041537,0.025851437561614704
row_007205,0.9944669653950584
row_035126,0.006505240005794098
row_004588,0.032102321853615334
row_045702,0.07927317174232405
row_014957,0.35649700782749505
row_005404,0.4819892067452004
row_024315,0.00460090149173652
row_002841,0.32455614362959007
row_018553,0.24395512313321777
row_026612,0.015464638191726223
row_033020,0.023818781114282185
row_042373,0.9947261369967264
row_046170,0.01601037678166589
row_011082,0.1421107368807372
row_042225,0.20942866407180655
row_029066,0.9945990949752866
row_042679,0.0014128771714507521
row_006699,0.03747925544638542
row_031836,0.33414035409225334
row_028633,0.06959706133606003
row_001810,0.5923395861030056
row_017075,0.05494896893420061
row_036172,0.7378073952253182
row_016236,0.5347169139242717
row_046199,0.015069461690509238
row_031568,0.04943953344115324
row_009633,0.6596391887953326
row_033924,0.023613889919598306
row_020991,0.9308913624794203
row_029151,0.009333440431292094
row_029385,0.020641791807551355
row_031617,0.018025738952501154
row_039178,0.05283509788709477
row_016091,0.008976928844072463
row_040423,0.03143659407554313
row_021712,0.7174894530291435
row_022341,0.987361506549477
row_028132,0.10614700928454901
row_035107,0.4922086852877682
row_021961,0.4191827325863478
row_013357,0.052299773391587624
row_009367,0.6443587810107484
row_035393,0.04573057310371747
row_026569,0.018591913441078495
row_041709,0.01954753526178038
row_024552,0.3635688242468105
row_039162,0.12311678688115485
row_034538,0.020485932584378183
row_021130,0.10130153047324476
row_010442,0.19240320497596744
row_001411,0.21762866658357244
row_026305,0.3414635223131399
row_031362,0.07363471146632988
row_002035,0.026611988213230842
row_031541,0.0018873766312063715
row_044044,0.006536819264382522
row_049424,0.056590545125806926
row_026087,0.04131960744339826
row_016445,0.6519418225865442
row_024737,0.8771381101848027
row_032843,0.019255731794574668
row_022933,0.052850242992935566
row_044927,0.009187563274017959
row_026040,0.846002785237789
row_042249,0.0003906605582033549
row_032741,0.0025804845224470254
row_019525,0.9435193332051546
row_000608,0.6007011253868146
row_012895,0.037275374313879193
row_049851,0.052788568399403026
row_007665,0.05702392747935892
row_031557,0.007216893874269122
row_008476,0.5630293377498727
row_007519,0.030493523549695686
row_021865,0.013782441332105102
row_004049,0.02633843043709127
row_045732,0.1648118029025829
row_044448,0.0013717281998755575
row_033993,0.17896552544583452
row_018052,0.0042271680768765215
row_024721,0.1889506952998293
row_006001,0.005533161066257291
row_019590,0.0069215954394178875
row_019370,0.016625095153462652
row_013535,0.30770598853899506
row_022123,0.01746800969164133
row_049841,0.010961841674867275
row_011546,0.18341618515678346
row_021720,0.003207158879083791
row_031134,0.2683588408797102
row_043761,0.035430722191037343
row_014827,0.05345011036436259
row_006131,0.004280243879661609
row_014776,0.04341856792941969
row_034402,0.04085576724473958
row_000921,0.08586176499467292
row_013369,0.09728639049208831
row_006864,0.019219517958914783
row_015722,0.004167209160641287
row_017241,0.0035093547910455356
row_026169,0.6387431920351015
row_046822,0.05767384596362563
row_013563,0.003857075032123661
row_027134,0.4959984856740417
row_007643,0.0012853748548296922
row_006201,0.0693115205712806
row_031320,0.9307949219363334
row_014865,0.28706146384195746
row_045623,0.9644852860226265
row_000730,0.030780535869820397
row_024489,0.046623187756851765
row_043057,0.9326856163147069
row_038585,0.08076581631163655
row_044077,0.0516954448726709
row_021820,0.5193184787009621
row_048293,0.0040703278616364864
row_012744,0.004993390649001513
row_012886,0.0036674885621637474
row_005854,0.04104474089071584
row_015056,0.13500495841349164
row_034367,0.002337413816334716
row_039061,0.00283822804210563
row_019492,0.23365948313908244
row_022838,0.008802291467458798
row_000716,0.4551223742435827
row_016339,0.009695987108716083
row_038894,0.09644088504162739
row_013072,0.009401662192245879
row_033851,0.5246820898006146
row_048111,0.1314318924251166
row_003772,0.8256587416000796
row_000133,0.01352255507330275
row_018304,0.46722320957382835
row_028484,0.8390392014964877
row_015776,0.05737876526030562
row_004322,0.024962173125786902
row_008523,0.024126243234270595
row_020697,0.5726939953744805
row_002101,0.4100413300328819
row_011329,0.055275961455318955
row_041444,0.025554056840668114
row_001065,0.07687966155299403
row_027100,0.02737460835789653
row_010280,0.8571116672952652
row_029637,0.0019162086293097208
row_037250,0.049968002199704285
row_030881,0.009090273681107739
row_000748,0.0034950853608198247
row_013087,0.34054280275109783
row_032584,0.07732554380343332
row_049561,0.8689541752471154
row_006596,0.012110592991356587
row_029164,0.9800172323380546
row_043392,0.0006852778812990218
row_040554,0.6932625740038454
row_001332,0.10102513099716595
row_042101,0.04169988437057635
row_019405,0.01809888753165141
row_021154,0.33252399066821997
row_045690,0.9284569694351928
row_016853,0.005384191526609275
row_036886,0.22686645983019743
row_024236,0.008422144328068976
row_040522,0.4136321946046809
row_038571,0.0036936628024235962
row_025389,0.42888273815300976
row_034095,0.06441914681533807
row_008484,0.2752352958221908
row_009029,0.8465819704247102
row_044827,0.0005246763417290332
row_018210,0.007321247134658653
row_014508,0.005712682257678936
row_017946,0.9755508927827594
row_004455,0.11421037003597438
row_046659,0.05175397018078243
row_047906,0.018459093228720917
row_030588,0.38120141868349894
row_027600,0.4567541931258813
row_022196,0.479362372573938
row_028144,0.7852280295564361
row_001594,0.06221546691266051
row_011729,0.13129063490836634
row_029836,0.14380665388697988
row_017112,0.01284105891908014
row_001140,0.057391014260884346
row_016350,0.41372677783147216
row_002703,0.012207512770031388
row_038480,0.010953051518068534
row_033696,0.5242705248986551
row_007627,0.7531921818891697
row_009745,0.6814291557827533
row_027821,0.056659474633842785
row_043026,0.11336406632405575
row_046588,0.30039965384757616
row_017947,0.00243641948336418
row_033559,0.012828302042807728
row_027602,0.0034409049779641414
row_035591,0.0009574312095290107
row_039683,0.0018046609329194511
row_016042,0.2770470624789966
row_022343,0.45002028090111845
row_038744,0.5197073134257469
row_033998,0.0017913440105067325
row_036899,0.02803241315402548
row_048598,0.03233885694864465
row_037777,0.0004686873150633929
row_036216,0.01108075446053506
row_027585,0.020430071744914968
row_041468,0.0021983503956430495
row_000906,0.13433012845815287
row_015856,0.5311610650074663
row_033073,0.5116369761498731
row_021554,0.023571080790750976
row_039800,0.30888242750360007
row_048466,0.003174085827141647
row_038286,0.041560926412367694
row_024741,0.10959798725489768
row_021888,0.030978021214656492
row_043967,0.07585862181327675
row_025907,0.0029360288432308886
row_030419,0.009909415000991708
row_008583,0.6050354175394502
row_046068,0.04675138379394294
row_038674,0.0009480287193883663
row_038972,0.05645735500582944
row_012517,0.13235323113328779
row_003037,0.11723189268614836
row_048725,0.06120265013145259
row_029064,0.0072763147262205835
row_045010,0.09776936583778856
row_026283,0.18538100157286685
row_031011,0.006437724215889311
row_042514,0.628125553469561
row_001725,0.03404265802012057
row_018790,0.7479062765019924
row_037038,0.2964602018298658
row_025205,0.0019272764619959436
row_012846,0.02365061302270097
row_036385,0.08739950234236459
row_025901,0.9979175292633237
row_002032,0.8762841337422992
row_003552,0.0003516622601220067
row_015540,0.6951218225760654
row_033017,0.02776182345471667
row_018036,0.9480104533094668
row_005508,0.36848823194282104
row_044261,0.007600457403114539
row_012705,0.004792889522435314
row_025969,0.36645604004367804
row_046452,0.000837333395006546
row_003991,0.06259606058177217
row_030456,0.10483360482196091
row_015901,0.02223979712819678
row_042685,0.08619122665973958
row_012164,0.004480758684447416
row_032127,0.0024595551979749554
row_046380,0.3653837163545
row_031813,0.00267044824006094
row_044496,0.0015197104991227042
row_042671,0.00048543546157837767
row_011372,0.08855181311541505
row_035166,0.820926360904925
row_040377,0.0035362849310322272
row_017835,0.0297480772695612
row_046756,0.0016660628956302439
row_001952,0.013864384782026649
row_009627,0.31931999274746725
row_025806,0.004326944362652348
row_047510,0.04710742653965012
row_037337,0.09975138046482356
row_015176,0.26754092210911157
row_028112,0.03971654559246261
row_041580,0.06183640083783565
row_045712,0.0008434988176878066
row_031178,0.011446125326265625
row_036609,0.1668038239792608
row_041470,0.11232492003197804
row_015630,0.050192510665860904
row_017578,0.9813792756095404
row_005905,0.0884440746140384
row_043583,0.13496112838246482
row_022637,0.08378390572169991
row_022363,0.01308646545470616
row_034630,0.0716725797544666
row_023824,0.11086128387800336
row_025431,0.002443114909806131
row_015532,0.07589780063998339
row_018220,0.008160674047409939
row_038359,0.07759911625039348
row_024973,0.011324247826077768
row_011255,0.774527781525172
row_043523,0.0026166238296992106
row_034166,0.011254896312187441
row_041078,0.004597884844689037
row_005144,0.010961160388981272
row_041755,0.019775963266457034
row_029078,0.0013193175184992335
row_018660,0.07090137427306997
row_048608,0.9019680799229988
row_019701,0.9791351035107296
row_027843,0.06498218265530566
row_022176,0.014842286132393752
row_018099,0.13362414301754066
row_013095,0.006670173482073364
row_024422,0.7771080871665584
row_006795,0.5385905406644053
row_013064,0.6870745495853474
row_042934,0.19067038016677146
row_014103,0.8202214748393121
row_046225,0.06927510190571301
row_027764,0.0041094523966150286
row_037389,0.04641206106071584
row_035511,0.23726840782073488
row_032174,0.6252793265259395
row_022521,0.5003712232528933
row_042496,7.505119534032635e-05
row_027308,0.012551433549853967
row_027599,0.11156936297807474
row_032512,0.0005117623499956085
row_048693,0.2968319469162009
row_012723,0.947627257173803
row_017365,0.0013290843270485234
row_002998,0.438848200125145
row_045646,0.9262673936326954
row_011055,0.5787845651523323
row_046091,0.07249201812439969
row_021245,0.013008673265821892
row_027061,0.6033255428580665
row_024390,0.004453263176745111
row_027855,0.18478447365983797
row_032896,0.333057672199177
row_010700,0.6444046812905146
row_005834,0.013415501703821412
row_024747,0.0006615129192543761
row_040737,0.013887967981864703
row_037126,0.14076885771903155
row_021998,0.8751812561448138
row_043708,0.22182458546897632
row_033054,0.3545433404371991
row_031569,0.5461455974408145
row_040960,0.4736811397223835
row_024724,0.06107699855247454
row_045567,0.0038437056933899997
row_040242,0.0018296094192440293
row_032271,0.0024939021285093313
row_015948,0.0029213562095289363
row_004372,0.0513592276589451
row_005412,0.08320258520509331
row_000472,0.10352724372048373
row_026634,0.007347690923973908
row_037175,0.0002450201902755806
row_025016,0.0016954292891925625
row_019680,0.004025851253079463
row_018431,0.003895679917501489
row_021015,0.007502203371288196
row_006489,0.002751339096273859
row_024261,0.009820651701057852
row_016335,0.9811467206310146
row_033772,0.6226680740451183
row_032969,0.0023026008687818587
row_041142,0.2549529441296848
row_029050,0.02410164937081403
row_025646,0.9998997610899496
row_034393,0.4615532264912074
row_008065,0.07497214742112392
row_026668,0.008666977592070609
row_018454,0.9131952852377812
row_002057,0.5051503975920556
row_024147,0.028913386035376167
row_021656,0.002842818858422795
row_002188,0.5716023741636345
row_026172,0.3390980025003678
row_012444,0.8746395879208666
row_032535,0.004042195342890791
row_029375,0.0009061997283762272
row_025059,0.00014162911990230222
row_037697,0.00891960531822435
row_031121,0.2410831169346386
row_013084,0.873590794674501
row_016812,0.5775494583933457
row_000808,0.04962708305426201
row_025388,0.3741749256141316
row_030563,0.04529294539015279
row_015950,0.19573883581708892
row_035916,0.0022610280198066424
row_048650,0.007791581009631144
row_036767,0.8955018844353093
row_003172,0.09794890487760637
row_012522,0.0021003259423451916
row_032409,0.18726910234863986
row_043496,0.46223470342303613
row_023736,0.007134436936131242
row_018788,0.7550752654175027
row_007698,0.01597543596000293
row_011865,0.0012029169941165535
row_018310,0.009362399982665187
row_034871,0.022443279506028476
row_016985,0.0016240902769342495
row_015985,0.053941597659277106
row_001804,0.014203971352905796
row_036755,0.7680865790872653
row_023556,0.008789671923592087
row_020130,0.006848271626757241
row_025746,0.029832275732275208
row_002047,0.004409832083455923
row_009604,0.2749613049568526
row_009401,0.019549131058718427
row_043830,0.052271308132572955
row_007128,0.022043556287105505
row_026874,0.007574267982540162
row_033932,0.33236221945424405
row_030983,0.6680991791378682
row_020924,0.0024035525010315103
row_039053,0.003549511745168537
row_003119,0.02269964700540273
row_033021,0.0047208474081168565
row_026290,0.03467835025036059
row_040520,0.20268924172218755
row_044150,0.004500164786778481
row_045251,0.007017678613463039
row_044503,0.124654280830648
row_049635,0.0003232053917524118
row_040335,0.008202517456275133
row_012665,0.011522121963816518
row_023997,0.13269881886956786
row_006371,0.0006685415466397491
row_013027,0.8412237860058266
row_025351,0.02714977523603163
row_008668,0.05888024472850218
row_032250,0.20248626579213586
row_042588,0.9587549752617434
row_009040,0.008017896107762755
row_010736,0.39106060577497004
row_028523,0.029817322284688086
row_024358,0.008176998206307406
row_022181,0.6461537632552192
row_020910,0.21846722001417596
row_000438,0.060973761657543854
row_022576,0.2801767269566722
row_006656,0.09665146744376533
row_030532,0.11375905448270214
row_018102,0.10988307091883166
row_043531,0.20949418420076546
row_020275,0.0809453123477161
row_041927,0.0013893397782400363
row_009922,0.9302235671200083
row_025347,0.0011812818323743172
row_026557,0.03016604238410176
row_002614,0.09780505592805452
row_044544,0.014499270144139228
row_023146,0.09059549465130962
row_012940,0.0014865610779082924
row_022544,0.004913209071495387
row_005302,0.022871717963117797
row_018755,0.013677561948428745
row_012013,0.009194424405412627
row_028587,0.004495740527403628
row_011771,0.11632557778413456
row_030097,0.13436932563042778
row_024060,0.038504150953483356
row_007079,0.048481718489849196
row_045001,0.0004414639040786562
row_023690,0.06505429830845144
row_045565,0.6679078347475766
row_001199,0.10983947220041139
row_039305,0.02763258713381951
row_017914,0.06680176146794377
row_033482,0.9115830348176803
row_009496,0.9313115152683908
row_031234,0.3255069028610751
row_007974,0.00017008102500225449
row_020687,0.0865945397859461
row_047040,0.30206874177654314
row_005433,0.013939606498508282
row_032143,0.12326731157493041
row_039089,0.9319425230794695
row_015788,0.006888782554815966
row_015298,0.0365493817395114
row_003349,0.03918206983954301
row_023786,0.02527779096301587
row_000917,0.3282697779030313
row_005467,0.021455897083306155
row_005936,0.08557125628687742
row_037623,0.006120189700921033
row_007179,0.03599169027043898
row_019221,0.0025952072829950796
row_028980,0.0021067320462697285
row_028051,0.011135272781428649
row_023431,0.08057927977246443
row_001958,0.0343654567600287
row_001471,0.40752476054298803
row_030637,0.03995775987916281
row_036078,0.23138048344485518
row_013300,0.0016207218407525
row_031741,0.02308670930065637
row_036835,0.010405266567913931
row_023454,0.0009857174385514663
row_030158,0.032751485085861815
row_035135,0.012510503204565215
row_000790,0.4124629828330163
row_017751,0.0021892809944445016
row_036654,0.011537510174241906
row_012046,0.11110202228337523
row_030118,0.012182973465653854
row_005724,0.05971731249611191
row_042287,0.005047196973755651
row_049483,0.01780800543867984
row_008495,0.06974544243079353
row_024946,0.006514377772485912
row_038688,0.029097028757166986
row_034227,0.07765627718864168
row_039105,0.6234283829431976
row_031700,0.1410899004746805
row_002038,0.011894541595050498
row_013669,0.015465084181239987
row_022504,0.02587321567117079
row_024234,0.046831759112027097
row_028642,0.036300971750856594
row_041110,0.12675674486910377
row_020032,0.8779443824254188
row_035991,0.75752522318814
row_031434,0.05832221555811762
row_003485,0.014955769395316364
row_008771,0.04286433006503578
row_026390,0.3245495484971693
row_001868,0.025889181507613424
row_008664,0.706122371360764
row_013330,0.6525284670614765
row_044438,0.035421190980871604
row_043995,0.0034151519219722663
row_008312,0.06989033314505498
row_027081,0.022649445281672325
row_028553,0.0811342731954131
row_022476,0.7382761341559235
row_021281,0.00015937031862719224
row_028261,0.06540030874350712
row_034788,0.8430207002832125
row_027292,0.9336922969094126
row_028235,0.007501530227037233
row_036138,0.00038277926948194325
row_025021,0.992222540754209
row_004919,0.004339991902503893
row_045708,0.021936518415871836
row_048516,0.4219439601895067
row_013565,0.08269739228777466
row_009710,0.3227421549456689
row_028266,0.36057974302309004
row_034145,0.09496181027808662
row_019649,0.009184941517183926
row_031859,0.03337951209609848
row_011587,0.4068263124398068
row_045301,0.0402093212665686
row_027674,0.0034501425695930175
row_027009,0.04003082064449408
row_000082,0.004536084248331885
row_016727,0.013604339740593186
row_049387,0.018684325809538938
row_048162,0.0833458079860027
row_025524,0.017483160041403413
row_020712,0.11901437536717675
row_043687,0.006467657756293362
row_004913,0.07451335180618786
row_005076,0.032895546263013255
row_018447,0.003434053359385499
row_034782,0.007171437901049351
row_008100,0.4125811218413901
row_026993,0.05246185109305876
row_017505,0.7700663920107147
row_001086,0.09501530063996878
row_000127,0.4418379568873298
row_025914,0.005101894995546782
row_043364,0.07039372080182557
row_033777,0.0018295376025353983
row_028909,0.5472153385708486
row_010871,0.4127456131359062
row_048924,0.39729016930248684
row_023429,0.008765097197168973
row_049490,0.34872913824947455
row_005597,0.0012252825422746545
row_040931,0.3811766848392827
row_039294,0.12130673032245098
row_027668,0.03519101743902454
row_042162,0.46199021145505853
row_039420,0.35396979912454835
row_014657,0.2761055610282688
row_034444,0.019373296240237932
row_006157,0.026251467020126328
row_048706,0.07855637805480897
row_006394,0.008366645028730909
row_024241,0.7543927675748363
row_041559,0.08668624839369836
row_007207,0.015608806258194198
row_009234,0.11301500741287382
row_041111,0.10183345726571653
row_016048,0.04396974418401317
row_025385,0.5674053834013049
row_022428,0.6689237189438009
row_049873,0.03986663564837903
row_030488,0.006314301162606716
row_008749,0.0009413125940876246
row_010084,0.03668689314023977
row_014016,0.23328970093188034
row_027739,0.002414975488651354
row_046849,0.01675914523033159
row_016269,0.48963596515687174
row_007151,0.3269308503259313
row_007061,0.9528316441684054
row_006251,0.016565044827441627
row_004955,0.005477567446326879
row_032462,0.01880125807670168
row_007381,0.021701844120412445
row_036528,0.02269518178866791
row_029014,0.006485464180023102
row_026682,0.0008510190883561988
row_036907,0.007879831122956135
row_029744,0.4434895530864021
row_039964,0.12467279581300314
row_049621,0.24398614891055298
row_041531,0.0018046978151322547
row_022103,0.00017468504489935688
row_004852,0.04163740379140877
row_019465,0.998672336319421
row_021593,0.2675977970617547
row_028227,0.00025847130184933445
row_010556,0.06964153172162146
row_004438,0.9648756090961065
row_011678,0.19126777028320635
row_038832,0.7349095410357204
row_045204,0.003600250153837409
row_036135,0.2169230573387929
row_011559,0.9933404415032988
row_029776,0.0008463341284125792
row_005497,0.003525188729339047
row_047974,0.11074882485103513
row_009838,0.0003128036576529017
row_041150,0.5943242817246344
row_003764,0.007417527756282732
row_010587,0.01623639323689891
row_019909,0.0070252153833015646
row_026351,0.11172482151138938
row_043417,0.001008702350621468
row_018066,0.08649379218063549
row_015878,0.004314776956209807
row_049690,0.034430795317365696
row_008284,0.24673026159625772
row_041530,0.4762189445749121
row_029096,0.00285275943800978
row_014923,0.002345339300142296
row_009103,0.017923234188671318
row_019273,0.008461793356616194
row_046864,0.06047683534904175
row_030554,0.02348494964847875
row_018640,0.00409287221052179
row_011120,0.3320561316286182
row_022954,0.035117804530259804
row_007589,0.9870105080889798
row_024431,0.08330141424644155
row_038262,0.1240851983148545
row_025197,0.5502280204493906
row_042524,0.018741209312071606
row_042239,0.04720553115354517
row_035653,0.013181506936874907
row_039890,0.013914349062346298
row_014477,0.019668777738222364
row_032559,0.8865630221174112
row_005485,0.6043546504801084
row_047463,0.08183960836069669
row_035751,0.10725182610060864
row_022327,0.03556959854338485
row_010970,0.9922840260780217
row_017380,0.006815958733580156
row_028430,0.0021696054889240664
row_038681,0.007425056572728412
row_045681,0.9631179245319496
row_011756,0.00949221626751669
row_028291,0.5350439334388825
row_023568,0.3360912168995191
row_010828,0.21435442121992623
row_045799,0.013505472713631807
row_036214,0.03990436602147571
row_036553,0.0031012072171249295
row_049778,0.05400173734140973
row_033935,0.9843523537738562
row_037132,0.05268542667116036
row_027027,0.0017156569636718232
row_045808,0.9346714764118109
row_044006,0.5430540887349153
row_047560,0.0018691706113502585
row_028120,0.04816033828561059
row_012018,0.23135509170965737
row_000014,0.021542088928364404
row_001650,0.13859871292205192
row_007551,0.09517060860190237
row_028267,0.0029412993383597695
row_001524,0.01796886320210048
row_017551,0.08192161722245629
row_032539,0.26039662439589023
row_012959,0.03011349923299153
row_004075,0.003641679043201561
row_012863,0.13483604749459868
row_009249,6.39576492186489e-05
row_011428,0.0033601315697576353
row_043820,0.001588852804054264
row_016446,0.00167907380448619
row_040581,0.027360557336291867
row_007370,0.01085857731215527
row_031764,0.07805937952559502
row_020104,0.00027298359605103294
row_002965,0.0394434413267728
row_024505,0.9411357943630885
row_043910,0.0020199568991344703
row_033496,0.10751490975302713
row_020416,0.04530379540099373
row_048282,0.026766889524792423
row_010221,0.6119324397806022
row_010804,0.14411562336222508
row_022525,0.002882904285592391
row_045779,0.5272883456069006
row_008839,0.004932836000959747
row_013200,0.18327668149490128
row_013769,0.002239239612991699
row_024064,0.02381525054329262
row_045282,0.009671779221259239
row_030246,0.01040608251792788
row_041398,0.005159522669137559
row_015059,0.8878182151679117
row_024817,0.9683921514909497
row_008132,0.2837093405444107
row_049158,0.9999744031689979
row_035076,0.03701628023021956
row_039434,0.0011723334271209348
row_040567,0.0006041559937821583
row_010423,0.053437115149307504
row_034628,0.16634083560034388
row_042368,0.23183891776363846
row_002926,0.7895456769392714
row_013349,0.005576075517670645
row_041314,0.9640360915702306
row_029421,0.0015205449599582962
row_009176,0.07362524630969397
row_021405,0.024186643744162017
row_011645,0.006334856647983905
row_040716,0.07043854731164788
row_035052,0.031540344584082246
row_024451,0.9618771792166965
row_039818,0.11736909294146987
row_020761,0.04488762061067827
row_015679,0.0015252580062234992
row_021470,0.004981893206289085
row_044420,0.18864731451217617
row_001595,0.12888137043668849
row_025690,0.16662585805452326
row_019120,0.005465359167039848
row_039220,0.2664158263908914
row_022045,0.09944151790847253
row_011848,0.02874235990084723
row_047882,0.023345204652997234
row_029133,0.5935123911443816
row_040657,0.030291498789846456
row_011792,0.003260335028234486
row_018991,0.008203250036917388
row_013435,0.10449919403178154
row_037135,0.25589875801817796
row_001861,0.2873371647202553
row_014262,0.2913759318554162
row_019661,0.013190641462488115
row_002380,0.05713664355432568
row_006247,0.0483022000972623
row_015873,0.006385219365183856
row_040766,0.004334933268087998
row_023795,0.00110454061351576
row_014651,0.0016142064692269127
row_002602,0.03235135845454125
row_041541,0.006290523912152584
row_006740,0.8001660736804418
row_006120,0.3184450739937138
row_043756,0.06329185816323936
row_008464,0.019454803713388036
row_045539,0.0066229328763139595
row_029979,0.0020173521560774227
row_028502,0.0011932045237610272
row_045649,0.27308074410220623
row_045151,0.05267410652413185
row_046424,0.05499939381092106
row_023216,0.011068874403475402
row_013415,0.0034845455600040556
row_015297,0.15143101956405677
row_005874,0.01999475853009322
row_003737,0.24303159184002243
row_002666,0.4813024311402448
row_015221,0.2731975861524941
row_046510,0.5101147036160613
row_041259,0.8837109504063249
row_014670,0.7214074690633921
row_018983,0.34490603004307707
row_016583,0.0029644957737329715
row_032922,0.008839537658019304
row_024888,0.10467869760034867
row_046600,0.41239792476387854
row_034294,0.98693604704073
row_040749,0.02298405028912585
row_000948,0.020767076101391883
row_004028,0.000549066363211631
row_012129,0.01784195997683082
row_005058,0.005009344252094097
row_032141,0.0034871913638396296
row_038812,0.019946883847091885
row_014305,0.4458141705954357
row_029160,0.009223312379926876
row_037591,0.31287087906948324
row_013354,0.6617582532392954
row_036710,0.007090106405711494
row_015918,0.024422282474468437
row_009105,0.009149334947521882
row_011730,0.9891276200667902
row_024697,0.3742715197893559
row_003135,0.029883304362621804
row_026603,0.018491777994787746
row_003528,0.6248944312142515
row_006068,0.19579561606171375
row_007946,0.0004954951364571235
row_000643,0.007871925399411638
row_003441,0.7133913722082942
row_036250,0.022444349321843717
row_037162,0.04732461391135642
row_014829,0.030339230647034112
row_048873,0.017356671286391814
row_028159,0.008808838719047146
row_004959,0.01653033223874142
row_012428,0.00913660609183824
row_000079,0.03209506480490795
row_003372,0.015316913453857009
row_043444,0.045651988307646094
row_000274,0.6848120917222646
row_012805,0.004878256395394228
row_005569,0.08767056019738827
row_022269,0.025765836633809443
row_043537,0.014720975892873243
row_007822,0.1561896368696669
row_013755,0.24195957718192468
row_025628,0.11923107149820862
row_000389,0.08449901400377609
row_006917,0.5661462827858283
row_042247,0.26176109703015726
row_003288,0.003760302433733255
row_005278,0.7394127712378514
row_020259,0.0037314507336390136
row_013520,0.7885978234197933
row_000486,0.01161501133609178
row_014469,0.00459288840910368
row_006301,0.0038493879615680267
row_039553,0.5018921044726915
row_046644,0.0773355962351532
row_025175,0.0377059708653627
row_028047,0.8360601876528267
row_018733,0.01804240733191744
row_017643,0.3252102497122472
row_043498,0.025714529519212263
row_008773,0.09323265735799519
row_006185,0.5037332480559594
row_010163,0.003083111569857762
row_036945,0.11052801469965579
row_007918,0.99499929220377
row_011250,0.001979506474524009
row_040775,0.8599065956613064
row_042879,0.0009703578777857835
row_008170,0.014495138714069126
row_037737,0.004966369705892342
row_004129,0.06665578711443655
row_023810,0.0015132765350069084
row_022218,0.05047241204703216
row_030041,0.01783954894801145
row_042320,0.006269831174207886
row_043328,0.08568146184802711
row_017856,0.012978907460552901
row_033667,0.5509959232692143
row_003646,0.0005810119158691843
row_030914,0.014883940228112492
row_023597,0.014836135760293355
row_010885,0.024964527825171064
row_042136,0.00475497065186981
row_028847,0.0050478121124488745
row_046760,0.4068773920606238
row_046469,0.00994136319984522
row_040605,0.976526331852274
row_009437,0.05871361272216617
row_027280,0.0032819476243383175
row_039713,0.010996018667387421
row_034072,0.11120322729350347
row_029087,0.008764828522295981
row_035921,0.27040745419281637
row_041995,0.0016939183849605205
row_024875,0.022246881860558513
row_022715,0.03355143108753072
row_031479,0.0036088532361337813
row_024419,0.0633474743546335
row_020376,0.09310572663935596
row_042849,0.8701411269226172
row_006479,0.012296619796328408
row_038240,0.013825580164368972
row_014476,0.012311144697296486
row_008835,0.003606295773879352
row_021465,0.008805353933304004
row_031845,0.7265941650670092
row_039291,0.005791459172650607
row_008630,0.9883284132237359
row_023200,0.9822797545911675
row_032957,0.01147929083580338
row_028835,0.10062888547328307
row_040278,0.005666236181575735
row_047719,0.13481726240224665
row_003696,0.9005631826134362
row_004281,0.00047099322660573944
row_001993,0.003449616348258196
row_033852,0.0044868677696756655
row_027662,0.002436110562550205
row_014484,0.002335362390850339
row_013823,0.10273372870851016
row_048631,0.2926387955391741
row_032898,0.0008852159292775708
row_034007,0.47229829219226976
row_008022,0.2705531203714603
row_043767,0.0018481105013909347
row_035385,0.02896936876612203
row_031884,0.5874310966546308
row_002241,0.37234436632732465
row_035461,0.22039645356880927
row_007144,0.4419776686039305
row_043088,0.008798350817314593
row_013417,0.022767578161360862
row_020090,0.0016268315690514262
row_004287,0.5442609883478988
row_028860,0.18629043736791265
row_022886,0.14346904795523455
row_031720,0.0035937869880970598
row_003390,0.3670690520423223
row_029999,0.6732646496680529
row_033508,0.6175310929568109
row_021385,0.04731308244371117
row_043921,0.021374108445594935
row_006799,0.005863104812683559
row_043383,0.07190223985988392
row_037624,0.013244014326053896
row_022127,0.017280224776099966
row_041577,0.40977829200373306
row_030367,0.0032254148364232005
row_005939,0.0018581373495272307
row_043166,0.1035182182866308
row_009934,0.0047986139405919006
row_031854,0.9567010813772562
row_001737,0.07769619936431649
row_004721,0.018278349441255486
row_016173,0.0035015588817149572
row_043804,0.06127001461879204
row_036345,0.17219255261797312
row_021678,0.004420113653456781
row_014287,0.002620872506466893
row_009091,0.9412368798493725
row_024387,0.0039570003498529535
row_001040,0.004604672652627778
row_030305,0.13031010064427634
row_025748,0.0015257206368977558
row_006080,0.0013636101857978063
row_035518,0.9179273564061066
row_045029,0.9561793429530411
row_015446,0.016994383626705665
row_015307,0.6905040294685055
row_009302,0.9987863746015021
row_037227,0.13713244966932744
row_034505,0.3839562978638463
row_031440,0.032238147578444766
row_018942,0.5380856325099943
row_049997,0.012939647678889676
row_020608,0.37574808465633924
row_037500,0.09801397269352656
row_025592,0.985902038424775
row_035013,0.011563255167360367
row_019875,0.09343231949329157
row_041120,0.5878511758156227
row_028620,0.8824399538346337
row_002817,0.003894383086113324
row_021137,0.9762373718516384
row_040829,0.006119256632362732
row_017968,0.045757573392988846
row_028548,0.13216072780679686
row_010816,0.018422798642080573
row_002592,0.540251663073238
row_013945,0.005748723876856241
row_024494,0.028585538954585425
row_007707,0.0233681741250527
row_044998,0.18895108862888285
row_036726,0.20100527636817575
row_002619,0.03404806094454067
row_013375,0.21839343045880563
row_011203,0.7752204140419969
row_009325,0.023026506959458334
row_041894,0.06968315245761683
row_033763,0.031447688587296733
row_047474,0.0032898018185283004
row_024102,0.00490389704545775
row_030469,0.9506130217122452
row_044455,0.04316677885083774
row_027857,0.5652972041927484
row_025381,0.00042971255097501513
row_015527,0.05195329643580646
row_009551,0.8641242752392528
row_046348,0.7975571347170723
row_020793,0.0015223064810048054
row_007994,0.16546543665239896
row_000794,0.3521786225752318
row_005215,0.019225627065058443
row_044317,0.08938110684749462
row_018149,0.4300890198703138
row_034506,0.012314498512027343
row_033976,0.047904215195306576
row_035555,0.1905893289721689
row_020610,0.006169082418155701
row_022913,0.08149110581466942
row_042861,0.003021949113825156
row_002832,0.01910204622298675
row_043527,0.683657548209661
row_043329,0.2232278250110564
row_037006,0.2567344430931377
row_002145,0.185137554761883
row_019783,0.7817069281190058
row_001275,0.006917190048993481
row_049805,0.0007089659667994345
row_023833,0.7183592075661057
row_002039,0.9810783654630745
row_007259,0.16120956184784616
row_042001,0.9431668389432065
row_009495,0.1540084043694007
row_027459,0.0023911597648407557
row_004928,0.015073421791218707
row_016107,0.006072629976643786
row_040804,0.016001660868727667
row_002582,0.48267709297213185
row_002357,0.027545876345119204
row_040227,0.05893949928665824
row_019296,0.034280332638730794
row_022073,0.016254976548974752
row_018712,0.01249433935952961
row_024084,0.12932871102526433
row_000400,0.06566416185810767
row_042690,0.9922821847114397
row_034014,0.484730435310633
row_022666,0.006398528768781791
row_010602,0.0235610948315223
row_009128,0.3273884612319841
row_041923,0.8002019061666662
row_044640,0.04434437881957748
row_009690,0.03728043309125609
row_004293,0.02368961534789247
row_031254,0.01976631068596974
row_027615,0.9876215161466289
row_047414,0.9948768879150796
row_040433,0.23517322943766036
row_009359,0.006684988841679101
row_041670,0.005049777421123184
row_007804,0.0009233503512532656
row_038902,0.33779037830844166
row_006026,0.1149923019637489
row_003304,0.0004297443119026723
row_006161,0.9280327556450004
row_005389,0.5758615491121449
row_014266,0.09842661944354719
row_002842,0.005470812667687697
row_031750,0.03276720017787679
row_001935,0.6709410413482817
row_018281,0.9158403795688168
row_024786,0.022594273475151867
row_029665,0.0034988555481731865
row_019248,0.0061490673920595075
row_009595,0.018880020014783335
row_033628,0.03182832727345394
row_014759,0.2455289780691799
row_004625,0.020318841746025083
row_022399,0.957640728750262
row_046593,0.0038210183773998685
row_017994,0.017522408420414685
row_015522,0.026603034710757766
row_030317,0.005171545263417398
row_012977,0.8651357568241955
row_015868,0.00032783750713424734
row_018093,0.0021089610062314337
row_047590,0.0012606395279880131
row_034415,0.00023329779823223485
row_004213,0.008528725879996486
row_037195,0.9074815677208355
row_038306,0.6890304706803774
row_016037,0.9967016457146022
row_017311,0.002782495604726946
row_006770,0.6767412642936825
row_007614,0.01187417192703977
row_016108,0.03268543622190999
row_014703,0.04367818155624953
row_036917,0.897648338189083
row_003578,0.0353851584306367
row_009724,0.05927060783583073
row_025294,0.002005717048592939
row_037323,0.0028476873512332627
row_028313,0.004732113937713402
row_014357,0.23388332008141008
row_044740,0.07723816629526133
row_030760,0.002600980138145001
row_039869,0.3320822709198142
row_004219,0.32033907735395006
row_048419,0.04923323689204849
row_035304,0.0049107577178901145
row_049311,0.1346193431630949
row_026501,0.5287725532037476
row_027768,0.0010628832315963386
row_031997,0.0006581546554909514
row_021642,0.9273757061813661
row_020284,0.22612513616067567
row_019924,0.03119979229052829
row_049807,0.03321223597377017
row_041707,0.07402381612163624
row_042266,0.0075083755728747835
row_025172,0.029660232026520912
row_009738,0.004859073426219362
row_035607,0.002332662382057804
row_048709,0.01369733999419874
row_039620,0.06527031223923219
row_027943,0.37347476277868724
row_038165,0.2762915084990792
row_024161,0.01974876758052615
row_027242,0.1296217704117707
row_012861,0.018212569756781465
row_003516,0.0010096836386670708
row_004361,0.3267451669889418
row_019077,0.025895325349554247
row_049911,0.014091968130348994
row_037583,0.04885357738284923
row_023807,0.8370398108221632
row_004949,0.7461534198822195
row_034869,0.8344631539654979
row_045319,0.01306210531962276
row_024468,0.0018639219902877372
row_045445,0.016823277787978486
row_037547,0.48334795841342787
row_027054,0.032752680303599103
row_013382,0.09483673064232687
row_023987,0.015274778497587729
row_003153,0.007881963606363727
row_026543,0.02603069443805105
row_008810,0.8098324031417684
row_034365,0.1842193086530528
row_038382,0.02864089405439134
row_015757,0.02081111972404018
row_037581,0.5421412531087795
row_036210,0.3325295841926588
row_033344,0.014355832864477685
row_038498,0.41608311843853324
row_031901,0.5815240020208428
row_042694,0.9824285700575321
row_024078,0.8927565582380207
row_004402,0.17163595160259335
row_028995,0.5358932317160917
row_003043,0.004172919945977544
row_037432,0.749480564063011
row_015170,0.6847435925374767
row_018062,0.0008529914632534896
row_014127,0.35361142676653495
row_012311,0.027293309416392842
row_032859,0.9981728948840431
row_006119,0.451544165101392
row_008117,0.07771096928030077
row_011048,0.1452041415054839
row_012835,0.05118236075971513
row_006614,0.1791443469230088
row_019429,0.0031761929304122637
row_034613,0.4870937922876439
row_042943,0.02190249757887872
row_003017,0.002108419972689503
row_023622,0.032963638730280194
row_010048,0.08286289574460454
row_014113,0.031568730170885316
row_048430,0.8008206172878406
row_023360,0.07963757282113587
row_020933,0.0036629314970008492
row_001165,0.26048258879148256
row_048883,0.006965908904850457
row_023097,0.012924404743961167
row_038489,0.9198800998726037
row_047524,0.014078451931830634
row_019177,0.030330374500238146
row_027587,0.20304215353224492
row_027714,0.02374884278561611
row_017661,0.007649125042863501
row_023849,0.9996891720818748
row_019327,0.012849782409337693
row_029656,0.9483582309140726
row_045249,0.010976738971268706
row_039049,0.028890547851026835
row_017416,0.044409975088851035
row_014219,0.019540491721406733
row_033521,0.48816903175828175
row_045035,0.11049596285779471
row_011358,0.1723166228627603
row_033365,0.07913550471600801
row_037438,0.002385241629549942
row_006922,0.027762520721796406
row_037099,0.00593218451285522
row_028184,0.02022710486951924
row_001907,0.7447562971158282
row_029886,0.8306308410258477
row_049784,0.003071357619890009
row_049003,0.005967461517110961
row_004359,0.0013415844656243865
row_016410,0.000855473181767066
row_006274,0.11736496611385488
row_045457,0.23462254795444434
row_002981,0.022038809478405766
row_026436,0.5166313326520418
row_029511,0.842204477333975
row_037139,0.10406449636120173
row_036702,0.510841838210194
row_032522,0.0027695130145321523
row_049632,0.8449206767513786
row_008943,0.09981819970545049
row_031119,0.009759717967243684
row_038552,0.007302588079653802
row_007903,0.009543858545010674
row_021529,0.15860886804804625
row_023993,0.0055760302036318155
row_030397,0.9890523777894062
row_004981,0.009827068285644964
row_042750,0.06874008217804355
row_017319,0.011763770121115494
row_036470,0.029709974577419702
row_017103,0.004295485209253687
row_032602,0.023950572528289863
row_017385,0.0028531416125553042
row_019374,0.02367173404311114
row_029614,0.36506786540989344
row_009346,0.02170861771522089
row_025174,0.8526939030209725
row_008430,0.898886218362532
row_008600,0.005274781474956997
row_004839,0.12652362986658686
row_023022,0.2872369262962228
row_026333,0.001288307686712961
row_037027,0.015577127430178044
row_049789,0.0062721326691147815
row_044325,0.0016456994413069374
row_009742,0.0006209414609743845
row_033379,0.7464087101384356
row_011871,0.18512579776360527
row_043540,0.0013722095063521868
row_023064,0.2420426986992686
row_000405,0.978051205417065
row_014465,0.5554388439805837
row_047275,0.9951386072761453
row_008407,0.007270064629818021
row_000723,0.07621070986716709
row_034783,0.661652797948196
row_021064,0.025464402940953115
row_012557,0.5988928213932697
row_001100,0.15058965230253316
row_002780,0.0009765340371198024
row_012649,0.056910775577638406
row_021261,0.005582107125209221
row_007654,0.8910165044630256
row_043988,0.1063402252264896
row_005230,0.8376727912132317
row_043267,0.012418423363631557
row_024966,0.25791628117413024
row_022810,0.006236229111687296
row_009811,0.07800251353328007
row_015936,0.018911998828778198
row_017607,0.006780162460789751
row_023107,0.018459961040483554
row_000068,0.0015505847520719174
row_044703,0.016178652435496932
row_018813,0.06992846886741469
row_014727,0.052984386196646305
row_032020,0.7200642063087375
row_023161,0.6563843423029234
row_047924,0.016855039828264834
row_040703,0.855632329406437
row_014933,0.2968117067902458
row_035313,0.09081714982801302
row_024355,0.006821873543835421
row_027859,0.5932305370437992
row_014366,0.03993161290103254
row_035811,0.9194244664651049
row_028255,0.04747463766617755
row_025327,0.017351827487973405
row_034349,0.0008514599297072608
row_028245,0.11196368026140809
row_022652,0.007723094326761798
row_014238,0.7309644881146808
row_043779,0.000866524880868012
row_012077,0.001922052470528173
row_007883,0.04806225973704068
row_042796,0.005241904099033082
row_007718,0.1254570481508966
row_000873,0.055258696921589655
row_013551,0.023672032924645967
row_046017,0.06553009658685742
row_024028,0.011736757243058947
row_044650,0.026044769821326988
row_036695,0.014015168554793622
row_023187,0.09729813815116806
row_043744,0.0007140283371389445
row_022922,0.9514475709525901
row_011789,0.44659485346692973
row_002361,0.3993555511147999
row_021427,0.009090691724448926
row_031072,0.0012688615111655069
row_036898,0.016214454322633125
row_004170,0.04211230182804543
row_046302,0.023085754787004423
row_004001,0.01827190748010869
row_013982,0.004662176471209559
row_020962,0.6640114340605832
row_044737,0.4848269789485608
row_002846,0.2440139140337564
row_001113,0.07421127510984746
row_012640,0.018718833819473642
row_014363,0.9457415613358064
row_038587,0.0637526576673579
row_029588,0.8181190203137049
row_029778,0.012079173242739756
row_026471,0.11691212011123438
row_039623,0.10856772454879264
row_037001,0.0035016847600212423
row_040800,0.001132381993787051
row_033624,0.4606069609714714
row_048613,0.9074038909970934
row_029494,0.03145689404456751
row_016378,0.5903851555982814
row_042253,0.35750681793943956
row_024087,0.0058780020719122255
row_029321,0.22434126611553426
row_004157,0.016842318430508107
row_044426,0.024331728482044266
row_047149,0.997378402885397
row_039075,0.005667455633887649
row_036147,0.0011676823875845287
row_037545,0.03823073464654907
row_042285,0.01405669510140004
row_014956,0.005495825112717593
row_003653,0.022552447754175732
row_000011,0.00031446313111207737
row_033169,0.1918251469690666
row_014894,0.00025150615245855633
row_043450,0.024229441051628414
row_013784,0.11515937553631236
row_015245,0.0011404203001385395
row_039791,0.02075995279577873
row_036473,0.020155262482851124
row_010144,0.011724203976092444
row_047431,0.05707426957214427
row_010275,0.36400595926886037
row_012135,0.015569717194363604
row_022552,0.04530286832534798
row_024778,0.03753237830432775
row_046712,0.5206389584672231
row_031349,0.15090134306723774
row_040416,0.1786725193325772
row_014609,0.05171821186528632
row_039661,0.003292139997032186
row_045588,0.9973674316153639
row_004393,0.022296769858635563
row_023139,0.020398391287403728
row_004749,0.9292788229347595
row_030541,0.2287984411005643
row_032611,0.3731722639205382
row_016323,0.004366479045850323
row_012901,0.013804374474675104
row_031081,0.0907884108958263
row_007480,0.6809008014398299
row_047072,0.001806348747677015
row_041697,0.011358508180797863
row_045692,0.022636955032941476
row_027353,0.04963139365529436
row_001034,0.43233052561838226
row_038230,0.2650760032681955
row_039958,0.003940169280263494
row_034315,0.09360571257141774
row_034486,0.0027473187187882202
row_008037,0.03222025488085747
row_014774,0.0064655562757966085
row_037571,0.02239525186552574
row_025834,0.3760719942150223
row_039016,0.9052277370931512
row_038738,0.18713098915574983
row_033104,0.7841102482081111
row_033894,0.043080318341142516
row_040270,0.008365304591535427
row_032194,0.009302321623403139
row_024023,0.0031709415273271113
row_000135,0.6473923158842939
row_009087,0.08587741257744341
row_030695,0.32977624572878816
row_012349,0.6585031622584987
row_000680,0.9276755675696763
row_041979,0.6581012203750235
row_042880,0.027540568862614894
row_008832,0.002654956489403523
row_022010,0.002388135914480665
row_037492,0.007699388478457749
row_014242,0.10256598173554901
row_042462,0.003980062617707981
row_003312,0.5768006321446042
row_046444,0.1835898597056517
row_041895,0.003599994965401914
row_034876,0.04708415364076678
row_035377,0.2698899200318163
row_032847,0.9397925975099555
row_001582,0.08034355050929187
row_021196,0.8073256351616288
row_012963,0.32541108727215556
row_028036,0.8958966851300513
row_042902,0.006291435335325313
row_036538,0.03977787192896602
row_023729,0.006254501709820051
row_002820,0.005627736713225301
row_007715,0.00644385601946574
row_009654,0.0006042695521951903
row_011592,0.5278436621370984
row_039282,0.24043970267010342
row_007706,0.06996373895505403
row_033396,0.3588285908434991
row_018674,0.9863402974794083
row_039848,0.003722958720731541
row_023725,0.21408228322579778
row_040130,0.0028554700880457644
row_022335,0.01198411711100332
row_032295,0.002499136123306542
row_030752,0.1940676858264576
row_030315,0.5840229239892277
row_015378,0.05253232947489801
row_036198,0.33551294487669137
row_010452,0.12324521193340479
row_012075,0.0023880950940651127
row_036030,0.010290561071547117
row_009525,0.5672463047711399
row_018317,0.0020217351019003672
row_029840,0.0006046003957678331
row_020314,0.047546895607333536
row_032836,0.2206631252813203
row_042143,0.40613098965557587
row_026744,0.5913965990904849
row_036120,0.18490917345581748
row_003905,0.0236802320536205
row_010608,0.003539134259679376
row_004385,0.18471189838486904
row_045947,0.038485283905457364
row_004882,0.3773553268839529
row_038132,0.018965371861571125
row_045626,0.0008272431168651803
row_013929,0.007699853588826246
row_041959,0.01052487169590315
row_007088,0.013401644586718359
row_018453,0.9968500353812164
row_001406,0.007533012723088109
row_044653,0.8366109097999938
row_001479,0.0025931811356065706
row_028723,0.8520583628921004
row_019004,0.9481282666292411
row_031420,0.3315277339898847
row_007902,0.02285626951195015
row_030617,0.8463322248007028
row_041358,0.17075250315483584
row_044859,0.26157470866340204
row_019740,0.003766977802900136
row_001171,0.5689056258220856
row_029020,0.007804417462609062
row_006877,0.2095671213937799
row_016784,0.0061350498301749636
row_004265,0.014034513926876378
row_003401,0.03845445786946723
row_048368,0.030763955294363432
row_019280,0.3918358435987546
row_032930,0.15362652067725083
row_033252,0.051612459944055764
row_029674,0.0008693104441102879
row_009041,0.6752621153708688
row_043889,0.008590084793408807
row_003249,0.09426520197280312
row_003013,0.02720946177206637
row_041483,0.000585009975222858
row_043860,0.023153308720369897
row_026520,0.07120984410872223
row_035573,0.9956116040399617
row_041215,0.007649734853323306
row_046973,0.022991099718371297
row_029240,0.06607626070793433
row_042466,0.16370389249041045
row_031839,0.12273311037611202
row_047977,0.019314512019903092
row_012012,0.18037672580039046
row_007787,0.05587902248349031
row_011955,0.02806223413056837
row_030279,0.9919666049642836
row_007373,0.05337361163026546
row_015249,0.021583030708689797
row_014260,0.1243872732745359
row_019171,0.0027334572051172334
row_036582,0.005936596250719233
row_000341,0.4310241393848272
row_000002,0.02052632032086191
row_002669,0.4985672470853801
row_024135,0.04301111982966983
row_025836,0.9907817953936182
row_005125,0.39220969590606525
row_040156,0.35944948831259604
row_005943,0.000978185307320594
row_017235,0.044926225099034524
row_010502,0.08113326155276464
row_003015,0.003026476768319056
row_044036,0.0009131057075407515
row_009876,0.03746056688276143
row_009812,0.07794811919433545
row_040611,0.0996733345118237
row_045278,0.18868367963233282
row_018884,0.08014902497894796
row_003868,0.0009446439412377915
row_006668,0.05034904091647336
row_005324,0.15141831771582653
row_038555,0.6451801764903237
row_009568,0.30722619217694913
row_044064,0.0598280342752641
row_031215,0.07417492775009563
row_011514,0.009306064153756777
row_025449,0.0031212713327168997
row_016405,0.022369302403737325
row_013163,0.011198225311533147
row_014668,0.7121839011759094
row_030801,0.08430674816543948
row_016421,0.5981782558976029
row_025629,0.012897892174798671
row_037513,0.9901616623807974
row_005918,0.016969694497341425
row_003822,0.027759590744882864
row_016839,0.009087829382901992
row_029081,0.04080608935655215
row_016146,0.7017896083815764
row_024258,0.008013449168713351
row_033930,0.22649728729612612
row_031692,0.9636370007057645
row_000276,0.002698968005406828
row_041689,0.5534958604296852
row_035474,0.3441116431670823
row_034775,0.08217082340652147
row_011408,0.02513092240312753
row_029958,0.05566373322297185
row_026476,0.026722627132076713
row_012982,0.0493510232020587
row_002940,0.0004659812467089601
row_019372,0.00558411061272981
row_020294,0.008108701896151772
row_021310,0.04214234250459377
row_009262,0.11272097861310292
row_024226,0.04545964816805944
row_043760,0.652272149992936
row_003679,0.40638826181903387
row_041198,0.0018091008902156522
row_028444,0.5220883017399719
row_011580,0.07858107288095295
row_004972,0.005314014098455931
row_041347,0.9226022919435118
row_045773,0.017441056222582893
row_011327,0.05064443229376986
row_022022,0.026931852652435362
row_025282,0.11304970438673949
row_030917,0.0255950653407789
row_010947,0.055858329635268614
row_008613,0.25714029896259927
row_017462,0.029009259501542782
row_021432,0.0013744802282992011
row_043157,0.08984185264185232
row_017218,0.7569568138627707
row_015030,0.44920761499428175
row_042137,0.963073850593776
row_004228,0.014202323613851287
row_013775,0.0662121501963522
row_000958,0.012129553935260282
row_013617,0.012230862566369778
row_001432,0.9928696784968437
row_014848,0.8041449083943092
row_017015,0.9956209670756768
row_020688,0.2054131784240389
row_036671,0.002695611897682347
row_025330,0.7944826447250204
row_027827,0.008847511104536096
row_037530,0.006351974998664984
row_047749,0.8123005143826733
row_048985,0.022483574861516146
row_015359,0.07473878035614986
row_040831,0.027116189837028945
row_004413,0.07538868146768314
row_007697,0.004791721481254912
row_016158,0.22988346791125955
row_010851,0.060026286536682634
row_048349,0.005965924265441695
row_006794,0.28066121118403675
row_036045,0.9484440227955059
row_037327,0.03378529949879399
row_013373,0.0011081228122716363
row_029986,0.019988655401042728
row_037283,0.22667619687288051
row_031892,0.8937290324591253
row_028770,0.0983487639499016
row_016544,0.28960154241682523
row_031941,0.0024315259019795856
row_027854,0.3581348527444439
row_015737,0.08914159965255009
row_019807,0.44215864428025864
row_045100,0.019875683030101694
row_022567,0.004219600556447103
row_025027,0.017597281946943325
row_009991,0.12750714315736558
row_036028,0.0010941391035499957
row_009434,0.265157700124292
row_025280,0.998801965015029
row_033351,0.00039483989915365086
row_013474,0.09887117034460546
row_048301,0.04515126572581743
row_041174,0.02173717709422761
row_032838,0.3007028225911912
row_003559,0.03845058218015716
row_003818,0.019837333473946034
row_014868,0.0008867977094075102
row_033300,0.44628175425114325
row_042329,0.4945715547938918
row_011828,0.02821827882156117
row_004216,0.03113522914897717
row_048286,0.0101959100793761
row_049595,0.013583590408302662
row_036425,0.44445309673138944
row_049583,0.00717942684520853
row_005998,0.07086664468527175
row_042476,0.8761445134900531
row_006380,0.01561747492109619
row_011508,0.01542452221410546
row_024174,0.13035846531022605
row_042941,0.0015152138323120475
row_043178,0.010132791798439402
row_012868,0.5780415512048686
row_025715,0.00673168745874883
row_039009,0.0459984109665318
row_024603,0.0857068705928502
row_015200,0.012976761653988035
row_007444,0.10404640346129054
row_046648,0.22541291655804502
row_042008,0.6139781412640855
row_037379,0.006154243841891245
row_037084,0.9468283180394553
row_044934,0.6774901891296496
row_012834,0.39013373213797264
row_040011,0.45576660381415757
row_042688,0.3298846193864394
row_011617,0.06969723339657186
row_015772,0.057264090118393805
row_024196,0.015982838861141494
row_025997,0.27806810480218247
row_001048,0.009120873838409323
row_040521,0.0018951257915237713
row_012050,0.5683607441633619
row_033605,0.003811641629793735
row_006122,0.0006209709596405062
row_006149,0.017322398853038653
row_022547,0.011375377684977006
row_018065,0.005985192420870796
row_008917,0.10527178376540053
row_034036,0.016976490059662924
row_006420,0.020432842963821196
row_035487,0.3391683153714764
row_039657,0.0005312689337615961
row_013664,0.0011933383051180926
row_018376,0.4324603791291662
row_009880,0.05467953737783071
row_002469,0.0005577019430353847
row_028389,0.0018808543167998014
row_044526,0.001900332220153246
row_024001,0.0005895586760882112
row_002209,0.0009617759874380963
row_047359,0.0005095629186543482
row_023707,0.001086835603554258
row_005878,0.03484106968404785
row_022500,0.879398098881669
row_008722,0.3459857413104863
row_000852,0.0028439525811587542
row_013364,0.3225453451593967
row_009841,0.0012652009336945264
row_013540,0.008134097344718878
row_044834,0.05200860089073776
row_008409,0.04853986880782877
row_005691,0.0047835161165332265
row_017032,0.9945190715039948
row_024381,0.0026027665750345836
row_042175,0.01020957710322953
row_003875,0.24924624104526877
row_047585,0.19042692820512386
row_019946,0.002209419502105445
row_024334,0.10261214188469515
row_031727,0.3012760512782952
row_015408,0.3278241157728348
row_016493,0.812743783139179
row_004921,0.2322938411040931
row_019190,0.07902721604260009
row_029534,0.0017969036719202485
row_028658,0.004497083780789796
row_028756,0.0029943449281283102
row_012727,0.02713542798016405
row_006435,0.1580868888551618
row_011518,0.008822577095713125
row_035351,0.02802785343687916
row_015725,0.0006646425205082706
row_019021,0.12343802752194667
row_032417,0.0007086358509094467
row_013705,0.07722213754500283
row_017633,0.030401573916246583
row_011336,0.017283971643699512
row_009974,0.0704032061314451
row_044518,0.2545908090680277
row_013662,0.07932735993990915
row_005515,0.6699637984671543
row_047591,0.21420211648621693
row_048895,0.4862353413403724
row_022243,0.021413307473982873
row_032997,0.9134095178056043
row_040869,0.022368791912228254
row_048590,0.055528528075205856
row_037633,0.4066599690838663
row_010258,0.032530753752643846
row_030674,0.0004664033789181576
row_048671,0.8224020810250476
row_031432,0.07433950077525824
row_016079,0.2142931818170517
row_022640,0.023254511967521905
row_007401,0.3330172620792369
row_015708,0.003367838103738372
row_049599,0.02677682924080173
row_007083,0.0489454391722561
row_022556,0.034155694032781764
row_049103,0.0054327137177825275
row_018138,0.04219218485140078
row_020339,0.1075562550002153
row_017174,0.02429255983769817
row_001938,0.19277377769806608
row_017741,0.9791849587956887
row_006707,0.9938633716036854
row_041950,0.014971328802275313
row_020552,0.008719165540620062
row_043281,0.005266730842014409
row_049273,0.013291053188506916
row_034278,0.08387672844615818
row_048364,0.011315034097957826
row_000454,0.030390399112888766
row_021709,0.012688544605343986
row_011625,0.23081104896313503
row_026339,0.40704732159258405
row_041415,0.9982715094331671
row_017452,0.021350344052868495
row_012448,0.005011953062568993
row_037437,0.013149375631518086
row_011970,0.9998058967779069
row_043221,0.005908840093120256
row_031244,0.37425959432649236
row_031900,0.0010249987795919887
row_001009,0.12296898489133438
row_028761,0.9765770846265446
row_019301,0.001734084356031485
row_007842,0.1479009748862041
row_022174,0.03279580883082348
row_021218,0.0029155601768477736
row_044233,0.019313245218866897
row_047417,0.0803154019898061
row_017543,0.009985962714106901
row_044452,0.014434759166498737
row_020288,0.006137777478614516
row_011019,0.04874302328816882
row_032925,0.17473243386421378
row_018589,0.0016017282593787563
row_041246,0.011070450376954867
row_038283,0.00397679752977694
row_039389,0.004511067507206268
row_010047,0.015690947241541516
row_016142,0.008835254168607502
row_004579,0.058664237166532164
row_014737,0.006623251365787412
row_024220,0.0015870517208038466
row_005607,0.0021131181733506465
row_030995,0.25932934866583957
row_040574,0.6478366340587349
row_029034,0.8816146359518956
row_032200,0.001447253048529611
row_041705,0.9122870973170386
row_019764,0.12998435682509243
row_001552,0.06934007407350974
row_049751,0.013434686759840843
row_033995,0.4426677418109589
row_018815,0.0021875271086526727
row_000408,0.2806462870979255
row_030741,0.08738898223740847
row_047271,0.03446976368401072
row_025863,0.009595248216441922
row_031657,0.5483429421112971
row_017929,0.011552429984639123
row_001846,0.007871336299320068
row_017608,0.008638005312735841
row_041867,0.009256071466410337
row_034689,0.0013120663319706753
row_046524,0.003188421647200714
row_023822,0.26044267924521647
row_024719,0.9972465229220056
row_046900,0.22750365694024094
row_034845,0.1987393214455486
row_049105,0.9985576667529578
row_007357,0.010076488045497555
row_024162,0.057799919348898054
row_044796,0.00618338598722067
row_009092,0.06717643040720686
row_041556,0.27124683771479413
row_048050,0.06374644251733436
row_001497,0.1653563375894858
row_006572,0.053953597642955195
row_010532,0.6484484844338527
row_006278,0.03638483627941891
row_029695,0.05624189228860789
row_024844,0.005623762268320168
row_044410,0.4545513997253573
row_007491,0.0007164406876935969
row_030239,0.15272531282359142
row_001159,0.32631265126902653
row_038231,0.2770011804122616
row_004073,0.0005066895523213196
row_010615,0.11100116220330476
row_048738,0.7905189554003711
row_024740,0.04609078674629164
row_044259,0.006902061265507464
row_037228,0.04088641236537776
row_033370,0.011087723672699978
row_049352,0.021126625124143948
row_028220,0.005925860759857271
row_038619,0.0026246878702919
row_046801,0.044512795477924846
row_017360,0.07462692739773436
row_037544,0.0042478029256377186
row_036044,0.008809023349339612
row_011446,0.2578579250294165
row_026042,0.01618023298826391
row_011208,0.5007592326716206
row_035546,0.8618715716295464
row_033454,0.5145267606115784
row_015421,0.8099302522612358
row_047336,0.036641675720169055
row_009204,0.007684562061692344
row_020365,0.046869242644079795
row_045969,0.1416761881433189
row_042584,0.8936556162225676
row_044659,0.004479600023245594
row_003928,0.002067874052037556
row_016836,0.05097040291811444
row_003614,0.001161807877874618
row_048533,0.10043360174233429
row_026754,0.9943090866321148
row_022994,0.16135453070342015
row_006071,0.045904253013218994
row_019367,0.19556335293189625
row_000752,0.09195607005503886
row_004740,0.024791221699790623
row_035237,0.0008163218904296652
row_012172,0.053740391515116705
row_016818,0.0007483126645600134
row_020843,0.027747197672541433
row_036589,0.49703315766763717
row_022520,0.39984568823059913
row_025070,0.004578652819764517
row_024227,0.03885295576253484
row_036932,0.9813211632087748
row_022872,0.008638078020549772
row_033285,0.8396277422428945
row_022828,0.022185080015534223
row_039161,0.08945823372064332
row_023523,0.006134170624462406
row_040023,0.9403217105318383
row_030090,0.0009710576720833474
row_025948,0.09488684961087131
row_007744,0.017330705806685488
row_041296,0.01149808492431624
row_048574,0.0031452959607504447
row_044533,0.07140353375987327
row_010815,0.6908622290875494
row_049868,0.09345656909781137
row_048108,0.6595555996784038
row_008701,0.1949614834437522
row_040500,0.0773321943162374
row_017611,0.10494182858628105
row_004863,0.5998692911451969
row_014856,0.08141994963387007
row_048761,0.47840773838822404
row_019579,0.0173183373925549
row_023117,0.0011534828969188054
row_011644,0.38164607348194407
row_032265,0.9084994602397717
row_049426,0.01375935229923399
row_018730,0.061240654352091965
row_034829,0.0015830139417857953
row_035572,0.005522879761004453
row_009151,0.15631137139033213
row_021496,0.5002795515313553
row_049459,0.063360970290736
row_031248,0.326746647712894
row_009543,0.00778679516530446
row_001671,0.32571237273399306
row_020269,0.3133847299861639
row_021579,0.016083455628377843
row_039767,0.015979007542563626
row_010161,0.005305540301736357
row_038479,0.032881884144310126
row_021902,0.001482378097018032
row_006807,0.9918535280099627
row_015581,0.0008926334553741146
row_000180,0.05191357839598297
row_015699,0.004406902173442219
row_030959,0.17452392433689862
row_034801,0.6356810955972396
row_018140,0.00023581177563018464
row_036682,0.3054795359976388
row_041881,0.0607453056194877
row_036498,0.12458971436435538
row_004979,0.01068259859912077
row_033254,0.5216765913934227
row_005292,0.1874178545742632
row_049620,0.007586499388834261
row_022630,0.6973270140922448
row_000514,0.0005011154911133118
row_032468,0.004220825095251211
row_031068,0.48684629627417847
row_017153,0.13914673557339746
row_008441,0.006927329277847609
row_021068,0.013733806625563984
row_048417,0.10479584920018348
row_017368,0.0743973975147702
row_023960,0.7363556286978103
row_028545,0.035076718419826014
row_027691,0.006041472418183699
row_002784,0.02311716925390231
row_009660,0.7513907183304348
row_031326,0.9741231558295407
row_030383,0.19794788263928906
row_026663,0.024353753373465632
row_001803,0.7808063251192902
row_000698,0.046740140530992874
row_025594,0.016818081736817942
row_034340,0.13898376617033645
row_009167,0.2216961011630438
row_038160,0.5860690859305695
row_003115,0.05246475262217731
row_030338,0.05949526505134121
row_034472,0.002932060561977566
row_012416,0.006176671499067998
row_008153,0.021158218268500728
row_019598,0.11136938081155422
row_031400,0.0007272052528891611
row_007996,0.0010682716191792194
row_043785,0.03974818803826385
row_031255,0.023107035438701077
row_014588,0.009338068061741978
row_018285,0.023593516821658504
row_013062,0.08391784324597817
row_049979,0.003130866775494696
row_006661,0.9955191686638026
row_039743,0.00851470375039767
row_033697,0.12938801593483928
row_043449,0.13578055223432833
row_036836,0.15787873454700938
row_021046,0.15674227238543773
row_035368,0.9289264603248873
row_044328,0.8409235865126371
row_042405,0.1450031604752094
row_029716,0.09026587762555413
row_027327,0.12007170318997994
row_041432,0.06538035943330456
row_018242,0.03343681193055305
row_001003,0.8296099874230457
row_044345,0.8591193418408555
row_003139,0.9040425356481
row_030598,0.7184753395321262
row_049162,0.06527890733211694
row_003178,0.21373701329030326
row_014892,0.7323416798618808
row_000969,0.0018492533313110631
row_019706,0.31846139982515886
row_015433,0.8888978842595591
row_006658,0.00972564279879706
row_040909,0.17082848937465456
row_019283,0.00823133978830073
row_000636,0.018891817346741155
row_049477,0.015816393862341106
row_008958,0.003598577712520253
row_001740,0.005617173639882252
row_008557,0.014834226828422146
row_021192,0.016503345587326686
row_049618,0.040032359071896687
row_029845,0.010899151634545114
row_012965,0.057323822511710434
row_043560,0.45570920509958157
row_037793,0.004169824406588991
row_013401,0.014322836498907938
row_035619,0.14824020104793617
row_032840,0.009400047192420208
row_010768,0.010652655696055016
row_037844,0.06401201851901628
row_004522,0.004619754035476427
row_002229,0.0017785877562238256
row_032027,0.17170121384240697
row_027646,0.9552063290511824
row_041812,0.005563711188839711
row_035770,0.018329003042220234
row_032465,0.006856369440126054
row_026158,0.00213040860438291
row_004072,0.01551224147494692
row_045817,0.004654698275912965
row_002369,0.17748157159960967
row_006927,0.06119830790965653
row_023032,0.008737381356697724
row_032168,0.053065351587046866
row_025740,0.0021627869470803454
row_026790,0.012656361132670602
row_049401,0.13215402184528952
row_006971,0.0010427246637615285
row_040751,0.007735741727577118
row_010283,0.0017952232964822947
row_021412,0.002952182942660463
row_037369,0.09364462527028726
row_047254,0.009762909183843455
row_009980,0.002011009412563427
row_002752,0.17942807039999184
row_034171,0.658048632070056
row_014720,0.005466643641552416
row_048326,0.788478597626979
row_039394,0.003162159237980984
row_024067,0.0007606973370198409
row_008086,0.009064645888098662
row_040885,0.35479505067005795
row_021014,0.24874430123485328
row_005505,0.29967927623645163
row_036800,0.038519903732243864
row_030385,0.1650957708266798
row_045608,0.052127838112174446
row_001280,0.0865933122327136
row_031135,0.04741600306584332
row_031743,0.030943623665550236
row_000689,0.005149594008764578
row_001342,0.034240127322000734
row_046647,0.7565471943064164
row_035504,0.001551023176716319
row_043917,0.4152061722628104
row_006570,0.023964551462140007
row_027395,0.008284738350326427
row_034071,0.2372795344559848
row_040575,0.6713414629374478
row_001161,0.28049209892986326
row_032536,0.003244003877936806
row_044957,0.026999014373601266
row_022944,0.0016009394244212395
row_006674,0.02398874493804515
row_001541,0.9406380542240149
row_012358,0.06942720130792851
row_043074,0.08463544824291319
row_037210,0.9031080788119092
row_040970,0.46015857383078446
row_028174,0.030457275583643487
row_023760,0.012012597209731194
row_010714,0.0007950668600027384
row_047903,0.8004080200374385
row_000156,0.004644137673579041
row_007969,0.34748771504503645
row_015819,0.00027758152193120664
row_033003,0.43630830643422236
row_021818,0.2725389291805221
row_046071,0.5587159939466476
row_005237,0.4064074513486734
row_029864,0.0069178466964087155
row_044168,0.007468639635044304
row_032348,0.10992854701191505
row_029547,0.14140729999361737
row_029439,0.7992342899844931
row_003832,0.0023753147804748626
row_027075,0.5412685704002107
row_005571,0.7078459733813074
row_027755,0.060773237534345596
row_007813,0.04958676514571081
row_005803,0.3818170659813406
row_015993,0.047067721846381645
row_020598,0.06549857142585101
row_018502,0.9934272466395362
row_008128,0.002735480083875393
row_024183,0.10028575321891657
row_040387,0.0012899279480954684
row_008581,0.0031738361358117123
row_037764,0.013750011443432531
row_020882,0.0007932139535612591
row_033414,0.24206305397510092
row_016858,0.025437350421293164
row_013234,0.011525490209048276
row_006631,0.049924386951291706
row_020958,0.00717388042220149
row_045414,0.038257437223386606
row_007285,0.008951742033132471
row_040743,0.01477193465663416
row_040286,0.399415146555335
row_006186,0.00036603932692410294
row_004870,0.014352624505848241
row_045598,0.00745170876581716
row_022883,0.6679344999891759
row_012889,0.00022406070608608545
row_038781,0.034105245449291256
row_003854,0.9560035215355955
row_023792,0.8940363436367039
row_028474,0.026886686370984014
row_028347,0.16676878783008098
row_010012,0.009755125158622476
row_008528,0.002375411607916095
row_029481,0.007432433025656225
row_029632,0.027303943416335928
row_012615,0.1853161271866186
row_014982,0.06524683453178302
row_009435,0.004085012524917255
row_041611,0.9742401616646386
row_040682,0.046409286558767714
row_010374,0.3556947829752253
row_017426,0.21361999635022053
row_013989,0.00032570682536297256
row_010542,0.7301311529681251
row_028308,0.06865001462512525
row_044494,0.0021698681482121775
row_000207,0.11098063447801959
row_002814,0.08928769436386244
row_023398,0.003458849555278263
row_014321,0.02657589861790816
row_009755,0.7756347064350684
row_020845,0.007968696023573058
row_026615,0.014174232967599797
row_016151,0.0015452426863060433
row_033022,0.003953714844957353
row_029369,0.0381800400475104
row_024691,0.1133966172809617
row_001503,0.004235882266477857
row_015817,0.023943988658306686
row_001163,0.033790710416777524
row_038537,0.004948733313643121
row_003503,0.05273692864081803
row_037112,0.03849597236410093
row_003855,0.9964773984772182
row_028063,0.4476475493195065
row_007469,0.8468919957101574
row_019546,0.9818470475985103
row_000647,0.00035023548463576117
row_044912,0.005552488772909071
row_016715,0.25552525554862154
row_049057,0.0008277836820142608
row_029327,0.08311028595088389
row_042007,0.0949297593242502
row_007253,0.023290508152944468
row_040947,0.9962394518974144
row_043245,0.02153238904162995
row_027421,0.02082057005074143
row_016160,0.03575901691557946
row_030992,0.6918255012867074
row_016412,0.033393925755863765
row_048715,0.060028464692116194
row_038226,0.0014318705987844908
row_009771,0.0006228965796755072
row_001990,0.0033946617559058954
row_033409,0.20722300294661494
row_031488,0.00030147711294818236
row_017446,0.025476085527967644
row_006256,0.045427572495347075
row_036073,0.8129447551680845
row_049686,0.26303968670035827
row_042098,0.05677808899212723
row_031132,0.00673077038434772
row_026659,0.011335586534795609
row_028025,0.06482945187215239
row_014665,0.03736864220745005
row_030592,0.011165523251457485
row_014738,0.009702764535231112
row_030664,0.11294610260519036
row_042976,0.003189827568818407
row_022187,0.949863839666622
row_019464,0.018561856152870534
row_040978,0.9424129213190016
row_031528,0.7555264488087082
row_003781,0.799093044072326
row_025569,0.14303659068790042
row_024727,0.5439651618655426
row_003317,0.04236491377495069
row_032823,0.05821754911869417
row_017961,0.8333436797283489
row_006098,0.004069174320808359
row_040963,0.208663256635104
row_023145,0.03924644398974343
row_034051,0.004336370113059123
row_029572,0.7105052014631793
row_029774,0.9212292209812519
row_045017,0.828588835003266
row_048871,0.0338492424129625
row_032280,0.12842311904778644
row_044223,0.8955153876156988
row_033829,0.012400090762353221
row_027640,0.8359724918146706
row_006042,0.9722199844400006
row_005317,0.00693795241021321
row_008233,0.27736306778423936
row_026803,0.06660548038824737
row_011609,0.16690382120576763
row_040767,0.016721460200181962
row_013070,0.18225050039248963
row_001287,0.00029384509234012675
row_025799,0.0049482301535016225
row_036043,0.009653869616950748
row_025621,0.06268345066549473
row_034362,0.0004667597820398177
row_013721,0.07386080435147854
row_033801,4.771336993347886e-05
row_009009,0.008646889759103132
row_048114,0.05066047120508202
row_002001,0.9025122645470607
row_021811,0.23226763207340206
row_013388,0.000509430386058542
row_027625,0.04371386735930938
row_042724,6.301593455529264e-05
row_045173,0.10157408626131528
row_045509,0.14344063481121203
row_009284,0.0572944357696302
row_038462,0.01809410925415914
row_011950,0.0031183589272369317
row_040595,0.4950297842840879
row_046257,0.010481525785470657
row_026513,0.034769326067153244
row_014409,0.1331270830406341
row_036895,0.46817236154250313
row_019963,0.26136112391274674
row_004664,0.257133234399171
row_012993,0.03830942162578875
row_030548,0.05892354748146921
row_042144,0.010668628442308252
row_046437,0.0010529374401102725
row_000830,0.0032631156816009246
row_034397,0.9313591683135867
row_004257,0.0006506819854948141
row_004754,0.017331155288137175
row_049474,0.6041686979752787
row_037792,0.015439957457521412
row_032967,0.21830562975249518
row_011560,0.02643201652041839
row_019414,0.0028521195298965283
row_022221,0.28978034789685936
row_004098,0.18128016651861417
row_003970,0.43255823570203517
row_023226,0.013538479479053801
row_048292,0.005665422020359407
row_016020,0.003331782191325627
row_045945,0.6570558015193626
row_006616,0.18801442150193362
row_044948,0.05478576064207452
row_004486,0.9266706669447323
row_026492,0.028550445172204144
row_006446,0.010178586242895705
row_017923,0.004976775145436328
row_015417,0.007965349769250916
row_039314,0.0679939090415733
row_005686,0.9668310925277058
row_048610,0.1093405433940051
row_024637,0.001261306885087498
row_028462,0.004287261351477685
row_023348,0.1697128460818206
row_032238,0.5998079899350793
row_044184,0.03177483774277809
row_045078,0.018027864463738223
row_000994,0.0008066511644334326
row_048564,0.13050791564079273
row_008180,0.004981998198202633
row_029246,0.0918274072371838
row_001978,0.3501700978445673
row_008143,0.4798122344719249
row_042073,0.004395348236577538
row_035421,0.18167226034220732
row_008035,0.0031004894909293255
row_040850,0.016836692535652252
row_000734,0.11444732359433267
row_034627,0.0033594457074912092
row_029996,0.007471772239265367
row_049605,0.6362191693028877
row_029872,0.009796464178587056
row_039492,0.7732472519145365
row_010650,0.159414335629319
row_048732,0.13211353223381045
row_020010,0.12673962121931542
row_025105,0.017821969873916394
row_014062,0.014127262153457889
row_012343,0.11027548346757872
row_025412,0.0018265044649511217
row_044771,0.6825605673878711
row_006225,0.0915863609257172
row_012595,0.05509862562716005
row_031364,0.9781478360334149
row_010551,0.4115067921728968
row_010610,0.027539371401139608
row_018568,0.0020810492859192793
row_025536,0.5118327167756346
row_034542,0.001898695359420385
row_023071,0.9881800485083009
row_013879,0.278856927449745
row_017591,0.022383065355932902
row_035067,0.8394999822155474
row_038918,0.8649111362556121
row_045891,0.5168218504767788
row_031838,0.017849081123484812
row_008193,0.05892306430022274
row_006283,0.1009199165048723
row_014428,0.06001027270888862
row_048899,0.001959763950682532
row_010381,0.9012054008012033
row_046819,0.20721838213739763
row_016713,0.02463972571741776
row_000342,0.009573682463752193
row_045865,0.5771376989071755
row_017737,0.00805806160924854
row_049705,0.0009183591373356347
row_016696,0.3108794885256874
row_023371,0.0013806791934795986
row_043220,0.0039637584201468925
row_031383,0.15231206187166052
row_022109,0.0026674498867462933
row_003904,0.09047359685143753
row_000555,0.03928741224085902
row_024976,0.036198488947264615
row_035269,0.0002630930836092822
row_016460,0.05273151681516701
row_042568,0.9684257464859005
row_018875,0.014178103397634978
row_005578,0.001389350360067284
row_018947,0.0019212271439046965
row_004055,0.7869805311093154
row_044249,0.0015594040406643232
row_030416,0.006723082140577371
row_044393,0.031211374199497974
row_015907,0.0777125186456589
row_028618,0.01812646686324079
row_010246,0.08694878600837498
row_004771,0.32808475289176803
row_005877,0.045849744904599095
row_002390,0.11606332406010009
row_028973,0.9884301218396659
row_048104,0.0023101613244534335
row_012344,0.0028690639418374473
row_033860,0.0006113802541362882
row_015750,0.33704383698799956
row_030089,0.0056003052141688145
row_007115,0.00959672841467418
row_007096,0.43785624708369286
row_046594,0.18511740746550473
row_011693,0.0166140114261529
row_018121,0.003935215532130695
row_006108,0.32127734507657735
row_006651,0.0363723314201158
row_016847,0.05183601241813562
row_034523,0.2291188181424457
row_017760,0.9911614661352591
row_046948,0.06666364349649556
row_048504,0.005826687412502469
row_018375,0.0010842182967100691
row_020084,0.16027881648484524
row_002566,0.44507734549885897
row_028178,0.0015072752843309739
row_015226,0.004457934899483234
row_034582,0.0011339693705668306
row_036166,0.0051661993664263335
row_048679,0.002375898398669908
row_049375,0.611157771855769
row_030599,0.002709587285993299
row_041205,0.029425218360089996
row_044145,0.05262691726902455
row_021605,0.004063835513669217
row_007568,0.013359100783677207
row_035967,0.07699729599649008
row_040677,0.013294991221232675
row_049007,0.5271074357215974
row_023463,0.8664759343614953
row_030940,0.0023888550601851143
row_014767,0.8557873041163826
row_046844,0.46552444102847335
row_012565,0.34049799661374996
row_004264,0.36187590504807104
row_003176,0.8678716337059111
row_012658,0.7129003310965659
row_027309,0.19274629545862332
row_017698,0.7802990591258882
row_049567,0.031608587349828104
row_037897,0.011149410308052405
row_020325,0.0003229767672775039
row_024806,0.1383755590155334
row_039415,0.06806767397124838
row_027487,0.3956998833941606
row_001718,0.00879057999001965
row_049531,0.003929236139956223
row_035223,0.5467887669959888
row_044472,0.048120995148848614
row_038140,0.00031670750762065867
row_040080,0.00819299906674565
row_034511,0.06689908412228136
row_005083,0.5782837007408187
row_012059,0.1339905185758167
row_046856,0.24688886532567536
row_024170,0.005541456982660144
row_037483,0.02986644841651479
row_049829,0.1724222813087291
row_027294,0.9749956273107684
row_005675,0.17221245972225982
row_030782,0.017762776884257207
row_045081,0.1962282658673532
row_023270,0.42965428981020776
row_038018,0.1383522650052707
row_036905,0.008274481060438743
row_024568,0.004996184160337083
row_041368,0.00288171005735137
row_018841,0.0017298678130712136
row_015308,0.005407681368689436
row_005598,0.02637792762536104
row_023423,0.8671285719664391
row_013810,0.0032017315096552084
row_000043,0.016955975978055413
row_002448,0.2825270759019102
row_028458,0.002413290467887113
row_023112,0.06540445081641622
row_013607,0.6165835446203227
row_001917,0.010115139076547767
row_016817,0.2091239397635083
row_036333,0.002169494219752387
row_037011,0.009730625353663806
row_015276,0.0703796957719738
row_029015,0.6614804671716278
row_010857,0.07841825301808866
row_013162,0.12167495984120118
row_013069,0.0067119168189705295
row_043246,0.006611213297016906
row_024807,0.0002426458592890188
row_004560,0.9305611244019134
row_016969,0.38190945432183754
row_029147,0.004539752764662908
row_049896,0.14568514688883305
row_008869,0.05213539627571147
row_040734,0.04492696316225763
row_045757,0.018074011477463604
row_030826,0.002067838744400561
row_017779,0.0014677891072924954
row_017198,0.0011549844980890812
row_021318,0.8810860167957424
row_017653,0.005306337986811004
row_004027,0.1931656051266931
row_021016,0.339090016901599
row_048396,0.10186558935455897
row_007623,0.0018459186037153954
row_028786,0.12327009126994506
row_042497,0.02338020148596526
row_042699,0.010156906183953585
row_026332,0.03308117709779377
row_023303,0.989631507541535
row_035280,0.44426550662333936
row_037368,0.000759523549834639
row_045521,0.026686481683130064
row_021048,0.9924086676519893
row_049434,0.5714856150630371
row_036577,0.0011342104174045249
row_027648,0.25314191918632545
row_048219,0.464026115131548
row_038158,0.04649190431300945
row_008974,0.5834248198345534
row_033304,0.8208655268718456
row_039427,0.6761188063482038
row_023914,0.04157272870349627
row_042506,0.05103523746865584
row_012123,0.07442006761694898
row_006575,0.3595143860330014
row_006654,0.7678197526600828
row_012199,0.9887336716512498
row_037740,0.4262389194173609
row_000717,0.5475642300069032
row_003551,0.046717853059232
row_043476,0.012373285816820383
row_023737,0.0010053573002553695
row_004251,0.30604340112906536
row_048812,0.9422322484496474
row_009795,0.057423623273600254
row_029377,0.012334396762928109
row_008120,0.1547863088119288
row_000125,0.03852725021827433
row_012596,0.037048632136002194
row_041042,0.28905034165295507
row_012121,0.003374151006570253
row_045542,0.0070927212988394885
row_037249,0.011061418236460632
row_024668,0.2549027562636091
row_018592,0.0009816942846791246
row_017064,0.13879498664088374
row_039655,0.12435199428768101
row_028556,0.29686772722483723
row_003784,0.011380558841806375
row_013286,0.0031654091144531563
row_039133,0.8131293098969673
row_045890,0.39679673080876926
row_023926,0.03287083412467715
row_023769,0.00830081403782134
row_020864,0.008873942376004728
row_015799,0.4844463861028805
row_013244,0.12066387831380719
row_014214,0.3388539721087366
row_015228,0.016334630858993282
row_049308,0.003630869156196148
row_038478,0.23410689059232306
row_009802,0.05916612160829287
row_039742,0.1985393610748952
row_021277,0.015773472050241162
row_030589,0.0038705670288021322
row_023434,0.9878822595833253
row_045113,0.06902533122373293
row_006194,0.11616914018914141
row_027186,0.007246429662314391
row_004577,0.9171226401314728
row_006990,0.016243714029262318
row_003455,0.13583128536327949
row_040753,0.005901729315687809
row_049926,0.0016718100591132138
row_036006,0.002426939322062002
row_026909,0.11387738377717682
row_002761,0.16128907483096594
row_033451,0.004915483143915753
row_013014,0.004426176534203763
row_005532,0.9552321833348681
row_026788,0.11704995731146282
row_039209,0.005572603570697457
row_000896,0.2088499788391749
row_023411,0.05407178903596055
row_017809,0.015140115735976754
row_038927,0.8775133198726598
row_037667,0.6793852814206492
row_031091,0.024747873135132003
row_018487,0.6189186741435831
row_017892,0.00021895358183670778
row_035698,0.0019913284890915274
row_028577,0.031065189219256516
row_006235,0.09476545084181226
row_003890,0.5004652833143433
row_046765,0.019561102868670056
row_042846,0.037470630028865644
row_038879,0.42662672633736165
row_048567,0.001657331582280266
row_032935,0.7633938247414216
row_047259,0.0025770303951123765
row_000189,0.04949156271256982
row_044720,0.16210037494884771
row_025664,0.002608293274320242
row_043609,0.014774677891572259
row_039177,0.04372143068528259
row_038602,0.001146946504699167
row_048821,0.006159511985015143
row_028811,0.004130388893090576
row_000613,0.04402229682613657
row_008956,0.00274987522975122
row_035979,0.09674510058927592
row_000423,0.0218182191054922
row_038795,0.020554930394800008
row_033198,0.09387018273690734
row_019573,0.09950071762482876
row_041443,0.16872030881846464
row_021747,0.24805048562774068
row_019865,0.5223121320570528
row_019621,0.1339615223785631
row_028441,0.0006923597136220968
row_004608,0.136616109087354
row_005185,0.001829861807351646
row_021626,0.0067856728093274015
row_046458,0.07215344650878926
row_002417,0.009303785342483856
row_005913,0.14976979758522307
row_040167,0.3651900582486992
row_039948,0.04851912481312662
row_008738,0.16752228769103003
row_025307,0.352508724462956
row_000089,0.002492578339795783
row_044463,0.631286168015345
row_013021,0.9384522856082579
row_022976,0.005176520793904481
row_024954,0.03663090704327048
row_024132,0.0027503947974768356
row_032937,0.18372146543884044
row_039593,0.5195737213891126
row_019548,0.003141347691874478
row_003672,0.03165243170746233
row_028540,0.014152475912443441
row_000460,0.4595119525092225
row_000142,0.20127646615649308
row_009890,0.0015795265498860444
row_038362,0.0009709897701133741
row_006731,0.996356943041932
row_017195,0.014422504712988083
row_033395,0.965996939462608
row_037936,0.19876874607808093
row_038032,0.021366482947375316
row_015409,0.0002806729852715163
row_023826,0.7495238204187142
row_034069,0.012935093732153392
row_036151,0.0006729471627230515
row_039719,0.6388607155892284
row_033631,0.00919475656221055
row_000278,0.031222150421680642
row_034751,0.014977253396191971
row_001865,0.8720545362002872
row_017808,0.0006119139182482815
row_016537,0.009637944467707181
row_039554,0.019928211208515192
row_029129,0.2682928744706989
row_028692,0.030833299435647502
row_005450,0.9881247578395691
row_003802,0.0019735186868877373
row_025864,0.5369373043231235
row_040401,0.24253497752575662
row_000800,0.2506267672469513
row_041761,0.424153244437301
row_022084,0.0007565428647043822
row_014310,0.0003104957760922711
row_012471,0.011148254122579524
row_018347,0.1981726135077601
row_004447,0.04025443587625711
row_033031,0.04970956325121833
row_037922,0.056515750434036435
row_001557,0.04290652315822094
row_032230,0.9477165832468976
row_032096,0.007912671420316143
row_021960,0.02223513404072745
row_006758,0.02097225213222311
row_024540,0.29060827867472616
row_019803,0.2989215060433219
row_025960,0.7882233269966893
row_006221,0.0030273953142944503
row_019599,0.9388816429068692
row_025918,0.02255050861483303
row_047399,0.05615298928891805
row_037649,0.04624785293819993
row_036557,0.0004778748121323742
row_017563,0.06978104156822874
row_040536,0.08198139213392398
row_025602,0.003198492958405624
row_049216,0.048397568844381775
row_024070,0.009346077637915784
row_011037,0.1216203370535626
row_011605,0.029763456837355904
row_022743,0.45645488035623755
row_013180,0.021647505015324094
row_016166,0.05419431197820777
row_028694,0.0009712518831763708
row_023624,0.5203681042253047
row_030331,0.0514135147429141
row_043227,0.0007864659988184252
row_047772,0.12973503165730774
row_013166,0.07696341384984524
row_003804,0.023682576442617655
row_037318,0.1799242981990875
row_036472,0.007935136787955882
row_036866,0.0001172045185733787
row_012739,0.05363738187632613
row_043216,0.0014364009057452548
row_020354,0.7708245852707128
row_028378,0.21238415403854494
row_040368,0.04276088527070763
row_014189,0.01161355216806007
row_037813,0.7896254408796508
row_005273,0.07832015962814454
row_030773,0.2728688969794632
row_034701,0.0090049414006611
row_041194,0.1608287294026058
row_026770,0.9923963296423094
row_000701,0.25278436181280994
row_046398,0.012949253434809295
row_023350,0.3421477420152436
row_014488,0.0009838316286695378
row_044403,0.268067046208783
row_031564,0.0013782270468759522
row_018070,0.0058348182883876335
row_038193,0.0075764658950373195
row_049445,0.944826663986295
row_044625,0.0015944437518011089
row_041961,0.021581109356622052
row_010500,0.24760632677041183
row_005382,0.07772125420254522
row_042090,0.08308870731700675
row_032608,0.0009745579812242213
row_041403,0.0008154783596991194
row_042216,0.011190494490804963
row_013024,0.0001835202217493396
row_042203,0.035564095804917484
row_029017,0.0006356627779758978
row_001206,0.8293661416692588
row_024640,0.057622895726196215
row_041326,0.9820529331113812
row_047167,0.0032477016256631137
row_003398,0.08656372558707337
row_002155,0.8097577509182413
row_017855,0.3996789283658528
row_017257,0.001027314577272074
row_047589,0.002134760164549025
row_021334,0.0016810341693196363
row_023078,0.0009723859266359457
row_041751,0.059253692716105574
row_042379,0.07948550607728333
row_000402,0.08622807609360539
row_024768,0.4681862126514901
row_015846,0.6527562044022419
row_019666,0.15006055311308467
row_009391,0.350329026243065
row_014908,0.014673271115295138
row_046959,0.0005488019663847003
row_029115,0.1897053773756342
row_023488,0.1854229879985775
row_033606,0.8971603149788184
row_045404,0.22160337792092433
row_026836,0.9660666788342277
row_034750,0.09613739759534404
row_026376,0.24132222116678123
row_004804,0.0025715434789273382
row_030998,0.007801178117496282
row_028182,0.8326808314462653
row_005974,0.2095376854594311
row_022785,0.028174462797010285
row_021037,0.7694154712958478
row_014195,0.1702955749801052
row_032082,0.30397756079580607
row_044770,0.01933083345848812
row_018891,0.006948461005163936
row_019910,0.03206987133685378
row_010522,0.13673184268998106
row_018799,0.017430147798371383
row_009260,0.3727342684695935
row_026284,0.05123080846635862
row_026760,0.3064005347438744
row_020727,0.015038145398443808
row_047334,0.00045079879172334663
row_029440,0.6664612172776513
row_021222,0.0769175888997114
row_022769,0.00012342404812499064
row_015317,0.007418320576367482
row_015909,0.02282810101848777
row_038779,0.0014609559005071954
row_035022,0.139212776088025
row_020202,0.0010121596600992204
row_030777,0.17795730494084935
row_005882,0.811270549178131
row_015593,0.7383507903214163
row_007789,0.3240961119648062
row_004503,0.0005506373119578889
row_010647,0.9815918739602926
row_034703,0.05592961813870095
row_037597,0.005428489207752681
row_017500,0.004032578507803643
row_042974,0.5669366641831962
row_019852,0.05969053383276091
row_007929,0.0010900714881387323
row_012750,0.01629140695383709
row_003938,0.07302911586704239
row_016477,0.27192226330564007
row_010677,0.09479187668962955
row_028686,0.006827213513600723
row_031180,0.0009427992308438305
row_014555,0.10118434191243261
row_014413,0.31754083202790606
row_022111,0.011898372470341236
row_014638,0.10668064037205124
row_006690,0.27595848504637926
row_030290,0.04919820727761523
row_045300,0.5665073545240685
row_005257,0.18188701009404593
row_016263,0.0664769919815366
row_045349,0.0003995579543370975
row_021780,0.010109733116834562
row_013557,0.03437218419150544
row_000334,0.6365127268248667
row_010722,0.02626815357997028
row_041947,0.0022695816213279597
row_018582,0.008808046270281082
row_019923,0.024049846863324707
row_023901,0.11383940515491157
row_046762,0.05154695545682326
row_007796,0.09599098108408412
row_013427,0.21884778954387182
row_001585,0.4137046692722433
row_011093,0.018528648799228102
row_015102,0.8744589266701518
row_027422,0.02264729004385292
row_001458,0.992693989530259
row_047036,0.03769425469440215
row_030104,0.5026863844949149
row_027799,0.006940283780265115
row_002386,0.3325015839990436
row_034257,0.0025886124998313422
row_034854,0.14555204434107405
row_034982,0.013249205137578109
row_010733,0.4111447638385071
row_025097,0.01822928972682543
row_041400,0.06875108074258882
row_039548,0.04293881343106877
row_042832,0.04566239208520205
row_037106,0.45040395398462924
row_031744,0.928514740804231
row_031301,0.13400538593123507
row_010284,0.3824018015079814
row_032483,0.03981208611839594
row_028438,0.0003670829855459314
row_018560,0.04768615125158083
row_026320,0.22358241379655752
row_043143,0.010422710254735778
row_018852,0.001838146278326465
row_045893,0.36984994022269896
row_016700,0.011185644881956308
row_010906,0.4173264531851716
row_046789,0.7672137726651986
row_043817,0.09658981821615086
row_046585,0.818121150580566
row_008325,0.006028969014915548
row_041337,0.002886383704484799
row_043004,0.02408015811125157
row_029406,0.010447664192590897
row_040476,0.016082236053239492
row_022278,0.40421689531342736
row_043505,0.01523696878586502
row_040136,0.227668271062936
row_006339,0.0009817848737811872
row_009283,0.0038030859219946676
row_022048,0.036829007724144734
row_043408,0.006371016074713994
row_019356,0.0022586696997093877
row_013063,0.29250908238611434
row_015571,0.12561516385406174
row_003950,0.9669519136082577
row_008002,0.003777128265586136
row_005106,0.02869057250196106
row_013776,0.9075260702356311
row_001138,0.010514303470810843
row_044229,0.9875428056592145
row_010209,0.9325620876826405
row_035348,0.5235472420370632
row_003190,0.091321157717593
row_032746,0.11584285916072691
row_032964,0.14595214249717325
row_006393,0.02372139491050021
row_048112,0.4309371395000508
row_003858,0.047100196122935346
row_008292,0.03654172445316468
row_020065,0.7816531420943984
row_006970,0.014737444182615213
row_034867,0.01752671083438366
row_010774,0.03815908071147941
row_023670,0.0658299988457554
row_046956,0.013368789402126562
row_016807,0.006565703034759338
row_020706,0.00349642977506079
row_034204,0.008796602784775995
row_004890,0.0409937386167914
row_033652,0.014785174920219472
row_012829,0.006089545318012687
row_020059,0.9611089978871881
row_028510,0.06610643149670371
row_016237,0.09743277938498522
row_011029,0.387107151900757
row_028946,0.009089864719561459
row_025753,0.2353962695192809
row_038936,0.01410201485059304
row_012127,0.1003678890480168
row_021789,0.004700559806433288
row_039425,0.30365286015282406
row_013949,0.014245358921011376
row_019809,0.08372525312887838
row_025667,0.9934359026066185
row_027937,0.026330071955604235
row_003876,0.02452851850471053
row_019242,0.1313881594677027
row_045205,0.010014434853023724
row_028989,0.0027001803838451375
row_040047,0.002536955553030325
row_045553,0.001802518451313189
row_025875,0.047429496398903245
row_040304,0.03660400838748853
row_023658,0.0074672532649723575
row_003001,0.0036461265528816415
row_037295,0.8230390349062511
row_012774,0.0627348464292029
row_029638,0.05760063668696337
row_014790,0.26807053844093054
row_036961,0.02565714306729505
row_004378,0.0010002147964645485
row_025760,0.012238014217832665
row_031101,0.7822229450669852
row_024324,0.019799042200676013
row_023245,0.004684298042885187
row_010800,0.021906696009438672
row_040472,0.003144156685854837
row_008892,0.014561524699872307
row_009685,0.606194261878916
row_012260,0.01140326954308765
row_047032,0.2810978147977237
row_008863,0.01158580119785879
row_042816,0.628557208649912
row_023312,0.009636814602197378
row_006682,0.006113921582404816
row_023483,0.0007346136975198898
row_010006,0.0231716799715089
row_031041,0.08903862413778627
row_008108,0.5502039963277281
row_032023,0.2737509661970188
row_018926,0.46053334275715047
row_029022,0.9294829074797938
row_012998,0.08969377821207505
row_041488,0.01340302359506691
row_015643,0.06280274955220379
row_003473,0.919709145647631
row_003173,0.025613653841135103
row_033607,0.14047924718178917
row_047177,0.05303782725029273
row_030030,0.7077389891930929
row_007523,0.28319369714400866
row_029951,0.1758629090633383
row_039733,0.015118321644829392
row_041386,0.012336041872744058
row_001496,0.001225725786169434
row_009080,0.9601232683834703
row_028920,0.2135720615204635
row_006858,0.008342908665192729
row_003557,0.04489294227143694
row_001188,0.01072900156585795
row_036679,0.7609852128118443
row_002097,0.02958678631861695
row_016862,0.5726164218118888
row_011982,0.0050805580771713064
row_028951,0.10980460882397318
row_018857,0.030077400678335708
row_049086,0.052672236000398664
row_004971,0.011173620813313814
row_033680,0.0909738050726345
row_003315,0.023678326948602148
row_010241,0.04479263979435233
row_008548,0.11330104570650347
row_040702,0.0029472333696291876
row_028517,0.053639027942705524
row_004777,0.0024653321697019294
row_005071,0.004647490116185389
row_045109,0.32101667048752386
row_048660,0.10849384653433719
row_004018,0.7027626085769327
row_010357,0.0011122542057403879
row_004471,0.053630497101753376
row_022901,0.44126666765563927
row_017664,0.015765099045386213
row_027515,0.024703329158113647
row_007033,0.027703054934045835
row_015754,0.2837602284016218
row_011801,0.0012061671469393498
row_035688,0.07563065493657764
row_039099,0.14533440885385007
row_035330,0.005907186016274399
row_018222,0.006203148341419041
row_020230,0.9849967852147677
row_022587,0.12928608961714128
row_003460,0.0005798746260833225
row_021488,0.03151171561170997
row_029818,0.38830598178257175
row_026423,0.03974567315457183
row_003415,0.0005091577521250279
row_014423,0.011594002360238387
row_007669,0.12581662651671274
row_003191,0.008399941350427783
row_004699,0.09719697809437759
row_022396,0.014748372167205792
row_021223,0.3087629942217968
row_007851,0.055692660341929594
row_007178,0.06456793948006943
row_033811,0.04780981929247125
row_011344,0.2110312715931246
row_010403,0.0024235468403621075
row_029906,0.001125144548505646
row_036878,0.9983174438156095
row_021420,0.8314710215584071
row_008124,0.14276468239398446
row_042022,0.006310933799931902
row_017004,0.017418512752057694
row_017093,0.010062783714787683
row_046318,0.28822700058095474
row_047492,0.02618620210811588
row_012692,0.16764927465301824
row_042215,0.06435235556990707
row_029226,0.0008255610432922395
row_038418,0.9955321430848623
row_021251,0.0015324066956089574
row_022628,0.0029860472188976486
row_043106,0.06806201805360441
row_017877,0.9984529131186375
row_006318,0.958462887925929
row_037798,0.0014244626032241874
row_038239,0.12327543194547681
row_024921,0.02809719336034073
row_036516,0.9477418661037729
row_042830,0.8138938406066294
row_010376,0.10385858917802213
row_013893,0.0097029939640021
row_017170,0.00026171111525380306
row_016360,0.21275356088317943
row_030747,0.02988014154249423
row_009691,0.9748656812290466
row_045526,0.05903693272446928
row_028530,0.9814773190603265
row_018399,0.06714288078148782
row_029074,0.021223530055366625
row_026077,0.23408320555842757
row_033531,0.03101739890891042
row_018723,0.08472126560477017
row_032615,0.6939607875312775
row_003295,0.0027632158203161287
row_021060,0.03657327197225878
row_047297,0.01305002486283713
row_011170,0.9751162536238034
row_009677,0.015423994522149086
row_019217,0.0372477408354701
row_035202,0.005641636354468159
row_019137,0.02177480205621133
row_021935,0.7077795363099704
row_046127,0.011286978885473156
row_022099,0.011762067114307188
row_027841,0.007316834318768791
row_007075,0.0200981959287237
row_014441,0.14605160137017317
row_003329,0.003705505590799627
row_038460,0.014449886007854502
row_019854,0.005193948252673396
row_012411,0.005161844624041121
row_000062,0.019853918602225636
row_047896,0.6263343533925403
row_042478,0.1026187501805862
row_009023,0.23556062516729057
row_021633,0.16473133015655214
row_023885,0.0004318469483874617
row_013596,0.09545534426786209
row_009001,0.01814583694573623
row_046415,0.7439193956699055
row_011099,0.07235022465777358
row_005537,0.002855681841980777
row_016447,0.2750181296069768
row_018148,0.0004453994538907353
row_012787,0.064092796493343
row_043354,0.48986079522001696
row_046769,0.1593031314741502
row_028003,0.006867707540857524
row_037753,0.004700308794836232
row_032373,0.004371161331617645
row_030001,0.41022048126543914
row_021851,0.03018414605376509
row_022753,0.06661330779006781
row_003564,0.014439718561479457
row_043695,0.0010850664825590634
row_045944,0.004927874018652119
row_011085,0.6585132614805993
row_034235,0.007952838238690864
row_019085,0.0022015884292268524
row_022831,0.015051001576953995
row_030709,0.043228364743405114
row_028705,0.830135695719091
row_044350,0.021928534367962597
row_020616,0.014819907718032292
row_014533,0.003018925343646414
row_017442,0.01167586094704217
row_007094,0.006037171538219293
row_013362,0.003257393461961739
row_036999,0.8342032024744297
row_023162,0.4022761463102987
row_011368,0.016451073201508497
row_041794,0.2294712299778813
row_023938,0.00047159095092398666
row_030705,0.0212335908426404
row_040211,0.014670496782270464
row_001348,0.013648676042527964
row_017757,0.051583087637279826
row_019010,0.011689180511529652
row_048116,0.7684011017558794
row_032355,0.38918247584382143
row_031267,0.6700496203903598
row_003864,0.02571544583942637
row_019642,0.005549226742051424
row_036201,0.056571900125547775
row_000546,0.5017069100376174
row_023031,0.02579929331112859
row_005030,0.01976239456116851
row_039997,0.9380632018444887
row_035615,0.0019703488769584805
row_007629,0.13108960730300545
row_018081,0.3614249655678616
row_037461,0.0071852230906248775
row_005917,0.012337497701504907
row_045260,0.0039047910996868273
row_029079,0.012282258548286023
row_024980,0.034085876255024544
row_023528,0.5697738268454153
row_033016,0.24186020540546746
row_043427,0.01073424403410686
row_004829,0.008547360443014473
row_006117,0.04348506392367945
row_019468,0.360390804746086
row_028287,0.07953298978271679
row_009533,0.09928443944189938
row_028693,0.0009339331008884292
row_006602,0.17302273240778873
row_002144,0.6540092677963688
row_033961,0.004841744006461236
row_035517,0.019175029054562556
row_014437,0.9996006066165688
row_026496,0.0006471360262434979
row_024239,0.00030446876409391906
row_033155,0.004184097200845634
row_020381,0.06599201849198591
row_040043,0.3237301948579171
row_000169,0.0002620004332453284
row_009025,0.42246894248859057
row_000078,0.8464972497766541
row_045455,0.005206211411851965
row_005833,0.2992208650036104
row_010822,0.013718343372911425
row_044443,0.0007142907828089607
row_030927,0.050707626098226204
row_012400,0.03828182064900953
row_016804,0.04609233183970327
row_029333,0.9246124795642948
row_044525,0.6205345337679129
row_011080,0.004958809091225128
row_046845,0.020126426937667963
row_032113,0.5431827921268373
row_028793,0.0185845999371821
row_007784,0.013766369416024608
row_044510,0.013086795388994056
row_000795,0.09271118078415864
row_011824,0.060445685452611045
row_026053,0.18419115495744343
row_018587,0.17378899619198254
row_042673,0.00838185945215602
row_042364,0.3564154164745135
row_018789,0.027198720312322632
row_002632,0.7847066425696
row_039960,0.25192480999174666
row_008350,0.11718984355441693
row_031563,0.29157318046864444
row_034104,0.010729689979030652
row_005110,0.014107718574752442
row_021794,0.08914609866403041
row_037942,0.0029657606856530426
row_015420,0.13999273666022427
row_032563,0.32842714536974643
row_019377,0.6280867957197859
row_049750,0.07293462608715376
row_024833,0.05767894633699308
row_001208,0.06189318347404068
row_044535,0.2673796275121439
row_048793,0.47231522005588916
row_017047,0.004114751317118433
row_018752,0.10337812126612501
row_037703,0.24803508972745544
row_017828,0.06223227439442158
row_005063,0.008045346350406286
row_006723,0.002962306448630811
row_032071,0.6003880717633135
row_015541,0.0025632701340436185
row_036467,0.0341649073100687
row_033632,0.6750854001140506
row_022540,0.13336254535101932
row_025729,0.5626318466348756
row_037526,0.08578899510953086
row_027731,0.06419915454529915
row_038938,0.5873491885806205
row_046574,0.007905049485782452
row_037201,0.015555799897634228
row_043021,0.9987612771285989
row_012908,0.10727234500785345
row_015393,0.21993793129494482
row_036981,0.6569178076678468
row_023147,0.4419945943648627
row_022939,0.08450007653155443
row_016392,0.003857614757721138
row_043379,0.9459876179999936
row_014785,0.044779531736273914
row_034423,0.9692122364020592
row_009728,0.0790971236869505
row_044105,0.019195211268167794
row_018715,0.009402967607399252
row_046057,0.00011852481147262192
row_013076,0.12455324190913407
row_018486,0.00605790749089442
row_041264,0.05595923698599685
row_019300,0.1446520045420194
row_010175,0.0034125240266644793
row_017949,0.008538652893214777
row_002153,0.8742510347802753
row_016039,0.05545541814875159
row_049348,0.04302363020206423
row_019036,0.001605665932098354
row_040046,0.0012343108241753737
row_018519,0.033064217286151436
row_001808,0.0072794041275791215
row_001948,0.16649981640429787
row_010621,0.08011342539373305
row_016705,0.6017941856530096
row_035165,0.2333272046484795
row_031206,0.8200733136393931
row_019545,0.025392250796131662
row_012509,0.01685139164572215
row_042552,0.0048594238873538986
row_044277,0.010675463886800726
row_049180,0.8629254660174929
row_014682,0.022094289082528754
row_042477,0.08988770333667549
row_022346,0.6181274915451254
row_013511,0.0015673707568029693
row_014726,0.06683339658934576
row_038982,0.2688056537626794
row_007358,0.002224395622455626
row_021793,0.13266149982388853
row_047333,0.03317130275655435
row_034753,0.7746815236122151
row_032358,0.007157143253446975
row_007529,0.630240042685732
row_007331,0.16626365857920922
row_019043,0.43150682005062413
row_009537,0.015450597570213557
row_031060,0.8304806772474861
row_007757,0.20505552763121904
row_011544,0.0093931628479717
row_023943,0.02851520865266674
row_017634,0.0030736947864227386
row_033384,0.011790545764517288
row_044431,0.4645845569846774
row_025683,0.013023413492165743
row_020235,0.433052354013176
row_020212,0.0017846982317074821
row_015555,0.010134409344007663
row_001570,0.441653423526061
row_009574,0.007794165586890337
row_042719,0.03731051329871646
row_004628,0.6837270635352285
row_038809,0.029131403496231296
row_018021,0.016546982159276476
row_023518,0.0111283508401469
row_040553,0.04554340763506964
row_032901,0.29298912546709877
row_035116,0.7102888873315794
row_031627,0.020445970805622892
row_005269,0.9111220487296816
row_001834,0.015777034495605188
row_006831,0.012177931131356562
row_030518,0.8713151955689612
row_000404,0.03907930515112515
row_039861,0.9247651465108042
row_025825,0.2931313473454662
row_014422,0.7118212140804168
row_042062,0.007467392235448297
row_000309,0.019454666704423945
row_038601,6.312575365081136e-05
row_040623,0.016376094121763926
row_026225,0.09073366295077405
row_048450,0.044004752968797085
row_049815,0.12769934985007447
row_045263,0.20099531290938388
row_035806,0.03146625878905536
row_024585,0.013465167086652383
row_010934,0.789683407439012
row_043580,0.8767447637748054
row_025514,0.021583197213909656
row_023580,0.1277872907392915
row_038957,0.04672107915073356
row_005800,0.8041551924300442
row_044590,0.10384605733834135
row_011466,0.024710658431547614
row_006876,0.03122660528575896
row_015781,0.5625287024460365
row_036256,0.9701824171472695
row_028839,0.019354216876506892
row_019019,0.09161736098702719
row_049909,0.03867363037453726
row_046100,0.050667903341753404
row_037080,0.2533832418813839
row_041723,0.016607102254720674
row_004271,0.8613085982166362
row_008192,0.4879720747018677
row_004241,0.00449801191947915
row_019772,0.998274975975421
row_001116,0.2576164198109298
row_041749,0.020511008578484168
row_042440,0.24738848367443994
row_033978,0.10182073784851871
row_040840,0.053979480030743834
row_029564,0.001138789612767953
row_022973,0.0027532368030155057
row_006844,0.47780483315565364
row_037380,0.01079818010217871
row_027138,0.2660717863636397
row_004620,0.03512144283997595
row_001754,0.002262242106815053
row_041495,0.002593547431729688
row_040210,0.053184764292040373
row_014188,0.30326628885274903
row_030394,0.955912366469123
row_045811,0.4489347797900927
row_038942,0.00022495304435626978
row_016384,0.0025381489648325295
row_049713,0.48515428336200944
row_005480,0.00774450347555145
row_040162,0.04714651412542358
row_026743,0.07625638980431397
row_011436,0.16988825023232806
row_044272,0.007811997670456697
row_039079,0.5665613799438075
row_032710,0.9565791280672159
row_039155,0.9655778933804524
row_011142,0.0008856929079887997
row_018493,0.0014823994435404933
row_015996,0.902074622255899
row_022618,0.012582980761525349
row_038131,0.005618184665147714
row_040215,0.00019227702137483168
row_042214,0.9755389138091436
row_031256,0.0379074820740189
row_043196,0.018165934272525972
row_027783,0.0399492686284671
row_023818,0.0010040252924826353
row_021783,0.1459154927569182
row_009734,0.14774805488259443
row_020562,0.0018593220554401944
row_043369,0.017902563523783815
row_024674,0.03990713002860104
row_000080,0.9531987365540969
row_040026,0.6888848445749528
row_032661,0.03756103818572024
row_046935,0.0017012812766052045
row_021365,0.00016675089545226522
row_006163,0.0991207445735527
row_025774,0.0022650853563679126
row_002743,0.0047394248682015964
row_016500,0.010098881808052714
row_005119,0.03638127553782358
row_023958,0.8670673986268171
row_015824,0.012152647501262033
row_047104,0.013805990330096498
row_033119,0.08322151496370832
row_014177,0.004314024665721398
row_001536,0.024590999280062076
row_002394,0.0436559281440222
row_040594,0.15056312289806972
row_012957,0.012459972395634438
row_045584,0.859569557033783
row_024126,0.002215062665225712
row_009292,0.027114195001014346
row_014004,0.9669651093266596
row_032173,0.0008341452260176384
row_020894,0.9879667929643007
row_005592,0.02262279197723361
row_028623,0.006299259226265955
row_026208,0.004495617382838673
row_038996,0.04618198792756649
row_027873,0.22192497010132722
row_028312,0.02750386371849151
row_025920,0.12074324604262768
row_016340,0.016800033357016783
row_035821,0.02012846542886861
row_049734,0.00617656012981909
row_013642,0.5361899996849795
row_025976,0.050235263659969345
row_013106,0.13787988413552923
row_049347,0.011849932504192142
row_039817,0.004195425527922689
row_022775,0.02531136446890501
row_016313,0.07470851832612369
row_013287,0.018664693951188686
row_043286,0.012175918949605676
row_003268,0.05861441120093242
row_011759,0.0010405830839398736
row_013157,0.0018900967032440337
row_005567,0.0020070695833315916
row_015272,0.7761344908826375
row_021984,0.011786377794499661
row_045534,0.9106067169915277
row_014799,0.3757065109729402
row_020315,0.0010219435649038006
row_037384,0.09408184822022626
row_020169,0.08426290997217338
row_034958,0.001774335472876399
row_028116,0.8189892027342799
row_033404,0.01374732975125562
row_013539,0.012378615138258952
row_008421,0.016515947797398924
row_001920,0.02719942577350217
row_028476,0.010523284188720937
row_034012,0.008679736479306864
row_045031,0.837877265235687
row_007733,0.03258273837679068
row_014641,0.06937768566611752
row_038077,0.2725747823893419
row_022884,0.19380104548246258
row_028930,0.000541751096100421
row_022850,0.009179974394601333
row_017810,0.29199348801121283
row_027295,0.03537219928806428
row_015528,0.009384157955557316
row_031746,0.9179142903136008
row_038620,0.9826492374691314
row_003405,0.039942158981002306
row_030261,0.5860464093685268
row_037839,0.0022721152192464026
row_031816,0.8153834795257566
row_027724,0.03506854771814543
row_013681,0.020870205661582743
row_043293,0.1920605273151047
row_048413,0.016021259512060206
row_030755,0.027149010465378192
row_031626,0.002765955833428042
row_043856,0.0022498424357937845
row_023498,0.017477033892094783
row_004446,0.2277213404035562
row_049944,0.0012365062736163924
row_043713,0.0946407035755791
row_019288,0.060055382909130185
row_019978,0.012351300639020738
row_020351,0.8380066585803451
row_027231,0.003891623667226884
row_007824,0.9643933056981501
row_046346,0.1052726470489351
row_029308,0.013504331109137032
row_003942,0.08267650052025499
row_000221,0.0010974539991858224
row_009368,0.4137616375487485
row_015900,0.015479950195491483
row_019259,0.051508673968069615
row_007511,0.0007061231882178867
row_039030,0.0026280052341095027
row_048832,0.010741645925740027
row_003870,0.0024483793068992353
row_030265,0.0004066803326159047
row_046640,0.4735234279184735
row_037247,0.004696479474252435
row_043832,0.2322064023459248
row_016209,0.008684591271868531
row_027920,0.05671602526578403
row_009172,0.009408349429509431
row_000999,0.9401129354313611
row_020708,0.01031464732299038
row_013206,0.045265819492547814
row_004992,0.01818139877500544
row_048238,0.006476459016445171
row_044377,0.26873179906730227
row_010827,0.006184565802746206
row_029125,0.002708509949001632
row_022699,0.06759785763193146
row_019209,0.013906904561184133
row_015690,0.005501223777554055
row_009033,0.173407853687285
row_042788,0.005057812373589017
row_032350,0.05115994160414836
row_011586,0.470138976337294
row_030093,0.013645894713202957
row_037333,0.0008764810613779798
row_046129,0.8601895812102153
row_024841,0.2864431002409457
row_042079,0.017930640566155204
row_000893,0.006977266580943678
row_038195,0.001377912876807368
row_035472,0.16324181149492406
row_013368,0.0702388055879828
row_009750,0.3227584953828058
row_040633,0.0033633108507509237
row_049573,0.06457555682071968
row_007262,0.01713931901154598
row_017539,0.0009648956687612567
row_021557,0.43178018868754264
row_040646,0.03092292618941182
row_029799,0.026678975893660348
row_036389,0.023845690243846293
row_024627,0.08894536210941166
row_048623,0.023725723893592676
row_014030,0.993600357910621
row_025235,0.0025254896186605166
row_049135,0.16470372915156536
row_039040,0.009201684251186762
row_033524,0.001337270182782793
row_028809,0.0973323595861628
row_007608,0.033351440427352164
row_048445,0.7707384796262918
row_035627,0.3748790907795289
row_048539,0.2692936049758796
row_032976,0.0005423159426909775
row_006349,0.0003826444032130132
row_031398,0.10191252301473536
row_046115,0.1276563194333447
row_039512,0.0033931777222057143
row_037238,0.5799587175036997
row_002755,0.007307472088964306
row_022888,0.6843831374382348
row_047640,0.40537493047475115
row_013837,0.42227375488876256
row_001554,0.05404470106821917
row_011652,0.005383474227861781
row_015441,0.006094738863425475
row_022418,0.0006702907347543418
row_015452,0.04846540181852152
row_031858,0.014402453613226658
row_035180,0.7312299059293752
row_002950,0.07345032725180677
row_007143,0.47243249787582753
row_042731,0.023704176302696806
row_008366,0.1498816628309269
row_026395,0.04739022451582548
row_024054,0.05783061456623867
row_001055,0.035869686401037194
row_024914,0.24130489491439522
row_002008,0.007077740603707278
row_021913,0.0013805445365193203
row_018860,0.003648217665761879
row_008265,0.01545801784090995
row_016026,0.5478067138641131
row_021089,0.9822850565590652
row_040101,0.00454287681211488
row_029595,0.6332787523228152
row_026510,0.34089760934385277
row_039682,0.5513929057201619
row_049094,0.006234723107569465
row_008415,0.009878796010473069
row_011009,0.09871168883521254
row_031535,0.5172853340802481
row_011713,0.4387752175074715
row_016757,0.4903100713411651
row_042384,0.069231231168789
row_037115,0.03407536654592495
row_016797,0.46215870739435466
row_008677,0.07431871212196868
row_035829,0.06705635007606517
row_007713,0.20407743515800217
row_023948,0.007759128979457799
row_045798,0.42175903467138204
row_019668,0.007831697895735571
row_044428,0.0016214339203680537
row_031269,0.7651666318146724
row_032155,0.7838200924912788
row_008561,0.2142797646524353
row_021592,0.1129154679907923
row_018714,0.0006332537888065012
row_024677,0.0018860142755275804
row_046277,0.7286783358926427
row_047052,0.010981123569346834
row_037770,0.009883581055877257
row_046655,0.005162148888352188
row_043224,0.02719469345523668
row_031614,0.0029252824188134895
row_040938,0.004196934112922699
row_046547,0.014674517750740905
row_009038,0.007308546385716545
row_000339,0.294188649750525
row_029788,0.05237798020858337
row_045942,0.014455860366848015
row_027346,0.03930655156024214
row_045983,0.19936529595129462
row_008687,0.010703303234941284
row_037382,0.004314721495137609
row_037870,0.22681195129499496
row_039974,0.028909283731991465
row_014074,0.14636483659981606
row_015635,0.006884686639521728
row_023509,0.0073984647632770375
row_034624,0.013279472817921335
row_034030,0.1543558691317288
row_048058,0.024741626209097468
row_038034,0.00014002762413862813
row_023986,0.993034795861297
row_003493,0.1271965355597215
row_011785,0.0010380069209058019
row_032698,0.018413186071528486
row_039101,0.34860531466913286
row_039153,0.8734045482374891
row_043786,0.029498536371444527
row_046528,0.09604793027731298
row_009769,0.01797855250227335
row_017781,0.0011360435132566856
row_003425,0.0026429496339984786
row_022288,0.06585410876671605
row_044566,0.04733236245179528
row_021730,0.00030358161138675815
row_003152,0.03612113296201689
row_033064,0.392691439353962
row_019093,0.011398881058714887
row_007539,0.000560870200887839
row_002946,0.6155934325900446
row_029434,0.007549732261022504
row_048767,0.00726465465662125
row_009810,0.7528304991099027
row_018931,0.6256886946201338
row_042834,0.009149113763487529
row_035403,0.03732592619725423
row_048695,0.9835701064028307
row_019198,0.013819163235126952
row_035737,0.6130237547466144
row_022168,0.6076127365758401
row_040168,0.04453941091366502
row_034595,0.02186935668051907
row_000577,0.0006736153707277965
row_023359,0.10874856097050242
row_017428,0.00036523015016561017
row_011884,0.11525138905703287
row_005089,0.003912646058058717
row_041763,0.027763651989409163
row_008655,0.008626048375688719
row_014502,0.7563239206163009
row_022999,0.9187564649594462
row_047263,0.8412743489950569
row_021125,0.0005186707664017496
row_000210,0.003024711139401321
row_048757,0.36403857708490406
row_040006,0.2023326295323055
row_030180,0.0044164563637909895
row_014744,0.21292872001394997
row_010896,0.6412150325119083
row_011441,0.006665646868204998
row_018621,0.7675319155261624
row_028311,0.003682174376931519
row_041529,0.032934672923836034
row_042115,0.006406392324095364
row_029222,0.053742314182908556
row_008311,0.04132771287334211
row_026866,0.015128567619428875
row_048491,0.007362538288526771
row_027579,0.14874535934006158
row_022050,0.09907050446561844
row_001286,0.21497435648157667
row_011781,0.0052525814838345125
row_036825,0.004574426330070167
row_033274,0.9194078702138284
row_039744,0.9263863830393644
row_007364,0.1685657795839107
row_010460,0.4541582957976556
row_030429,0.0005391213995824351
row_003767,0.0033999420513388433
row_010055,0.12074759715994267
row_033195,0.5997929742561388
row_034449,0.048660326085316806
row_000200,0.004403977892431594
row_046506,0.038642606638671015
row_017729,0.012094466011934632
row_030656,0.07338813291750017
row_039017,0.7099960082789231
row_040865,0.9968271349272835
row_025424,0.06568749186785075
row_012681,0.8825106802853553
row_003275,0.09249763446833476
row_049167,0.011445984065452448
row_033584,0.010192557492704847
row_021073,0.003012016748548722
row_042453,0.6704026768541326
row_008570,0.004979071862418722
row_001932,0.3234945178780765
row_043729,0.0009096558642619121
row_019397,0.05629197666994791
row_033245,0.8523591860002755
row_048518,0.055000815401176406
row_000985,0.2961114932689129
row_017081,0.3348224397683495
row_012427,0.133952163360826
row_002478,0.2599048554455113
row_049575,0.0013172515808926148
row_044836,0.00235825992194932
row_008619,0.0037840647155114823
row_004127,0.000328968917944037
row_035654,0.0025654670353766444
row_020498,0.005561802125496046
row_034757,0.9604918998265362
row_040808,0.006290346906459223
row_003622,0.01465712921764764
row_017738,0.04221899871021446
row_046471,0.14297477489101793
row_034770,0.025216503282096358
row_029757,0.002864007015976299
row_032255,0.1840943663362119
row_038265,0.03576570617978267
row_009844,0.9697333731769511
row_020741,0.11542548387198012
row_049154,0.01744237356159137
row_018823,0.0027281339120908965
row_029131,0.7649210731989086
row_031337,0.8079810125980417
row_047026,0.014220002429137867
row_020838,0.041071927122327274
row_028538,0.025604470758750397
row_007991,0.011876545793008609
row_020852,0.0020143573408990282
row_048244,0.8204079284654463
row_007436,0.0008094110984905014
row_048865,0.005530137590924556
row_016259,0.2886073461672169
row_049453,0.03207031221358291
row_032080,0.9411658368291855
row_014678,0.13128685251209338
row_039287,0.49216054884622945
row_009441,0.004680275134395032
row_023011,0.9659742019531873
row_013638,0.0010380470973805627
row_043881,0.22273817872782103
row_010449,0.10049039206092086
row_033383,0.0226961307322373
row_016775,0.33881056392950926
row_007046,0.03078845758437276
row_028168,0.21562270894846453
row_000810,0.8256370299959735
row_049465,0.011424061330542799
row_011946,0.008866388540532889
row_040760,0.46531965506212813
row_042856,0.001523249862878154
row_012023,0.8488324955710073
row_036402,0.9993838527007074
row_019973,0.0005093423556485022
row_002836,0.004531483456888633
row_021659,0.004882654547386507
row_000482,0.011820566829700231
row_027496,0.013872790464473834
row_025099,0.039165352020096564
row_002762,0.0013683580278240916
row_020871,0.05232845286483142
row_003254,0.0019341500183223564
row_026236,0.012891325678067144
row_039507,0.07602160787971321
row_048878,0.08194366297655557
row_020684,0.004525243154006475
row_014516,0.015398598844869733
row_002392,0.6780746346100762
row_045602,0.0056907400184215634
row_041280,0.017157372317431863
row_025323,0.007473643709461447
row_041785,0.06903002228118063
row_011483,0.7782245997655016
row_031050,0.23329769392011263
row_031726,0.006393116014204568
row_048730,0.04699190693946263
row_002358,0.04040086181113787
row_015442,0.07766040635187725
row_037855,0.025767819370896432
row_048522,0.9884895495720256
row_031542,0.0013509302090876094
row_005719,0.0964660137947415
row_004294,0.7871430388115501
row_022212,0.1905770836364106
row_041311,0.22622076088438647
row_016759,0.23122105308415652
row_049704,0.9974601613695635
row_023738,0.0058519490302260425
row_014106,0.9098019639525545
row_019260,0.003679400039870662
row_035575,0.09410697075712438
row_037116,0.0035864827318797645
row_003429,0.4275815423183929
row_022492,0.027485672499310537
row_035519,0.004600607856472694
row_049136,0.7425435195260444
row_035055,0.07845664381860036
row_029426,0.4201481122055613
row_018816,0.07872199817630934
row_045691,0.01210319862381395
row_042361,0.15885789144158993
row_028125,0.009977060787041104
row_019168,0.1308856472688299
row_040299,0.0024930731456483486
row_000703,0.13346244521907658
row_042057,0.10554292832999336
row_024373,0.9944882397205351
row_017439,0.12579942264009128
row_047714,0.01640718284833715
row_024266,0.006883562034557484
row_022771,0.7280548177234661
row_024523,0.016214416677246633
row_007071,0.044623042142715084
row_047436,0.020582942966507718
row_033824,0.1890861714658212
row_034763,0.5604519509187667
row_039686,0.11155988448095702
row_013645,0.8606816526897441
row_041806,0.03569490470091789
row_024517,0.03535336403240666
row_047304,0.051112808273239566
row_034830,0.006732331799670313
row_043036,0.8055794805536513
row_040324,0.016519734429317375
row_020580,0.0016024223400530231
row_034996,0.01263461613028516
row_049560,0.015316229852260426
row_030505,0.0007461703489527255
row_001903,0.0682948693609678
row_033234,0.4158479315817058
row_012991,0.014758914914023077
row_044415,0.59535572155279
row_048367,0.019891307248142285
row_018677,0.2407132974280432
row_028237,0.04093098136073946
row_002689,0.016057536498775362
row_014712,0.7324856193360426
row_020586,0.7092368493640913
row_042948,0.706629722054419
row_001166,0.13891028808709086
row_033685,0.6437195068893133
row_018299,0.04929312518849153
row_023549,0.968458134932563
row_024285,0.20262344023189405
row_004048,0.0008562122092865416
row_012556,0.00011174135315536277
row_003363,0.12721324169233486
row_032492,0.0020462987219055507
row_039444,0.33641998695129527
row_034539,0.016342462554527665
row_021922,0.5442525096876009
row_034082,0.008661651299915956
row_004531,0.23161846883741044
row_002507,0.3287906546322211
row_032273,0.0005809840360294998
row_044620,0.0493945191551766
row_032516,0.21209278251909525
row_048236,0.9604559707966844
row_044059,0.020009367122819165
row_007124,0.002535403071002192
row_023950,0.0004804222600887702
row_039965,0.031150035124847757
row_003105,0.4903138203133656
row_038005,0.027056879857442404
row_041817,0.6603119854568794
row_035424,0.06456708598818829
row_039227,0.8601245157083974
row_036239,0.05668436147061191
row_021485,0.06278959161602127
row_038273,0.010876794067181861
row_049839,0.012334950783037753
row_035959,0.38618785877765205
row_038540,0.003931458870492562
row_034008,0.05649957118360775
row_006415,0.5235941520312871
row_030142,0.25398356721455695
row_023672,0.011441276558073733
row_004340,0.4229253939464164
row_003527,0.0047415364514121205
row_037343,0.008357856896340197
row_036655,0.8313530655171177
row_035073,0.06604031000253019
row_013097,0.03067372489707739
row_028010,0.02439207486788672
row_033056,0.5367961353707187
row_049566,0.0027361020146570193
row_005708,0.042564434261742
row_014498,0.08138258930166614
row_025978,0.009811708983234723
row_041327,0.051610977939569674
row_000235,0.09929491248516778
row_040149,0.909279478413526
row_023848,0.026692222442090897
row_031441,0.0011418377323241698
row_020650,0.010587838528657738
row_002650,0.32377323095695093
row_011464,0.016262638747533666
row_031379,0.5682828976506324
row_034931,0.06568084419506309
row_036909,0.055561261939254675
row_034407,0.27271346657910467
row_010468,0.17522807822010342
row_012501,0.06921312248969927
row_026994,0.02025168935268434
row_001505,0.007687401721214119
row_049589,0.011387801147214601
row_003569,0.445845884292047
row_016310,0.08109258578617813
row_031570,0.8723763635455185
row_010362,0.002385215250333864
row_029077,0.21794052791348753
row_016062,0.0023870783326468575
row_022573,0.9153597178745584
row_036055,0.5396465735622973
row_029299,0.9949113108198703
row_028602,0.019341920040589315
row_033768,0.014456954076275877
row_035174,0.02820243339351273
row_047790,0.0007440732394927878
row_001301,0.08543225767691193
row_034368,0.0014355943046434948
row_014432,0.7748854240086277
row_007818,0.011677077102020738
row_037361,0.02047343187121501
row_030310,0.02798994197709718
row_042727,0.9935056776554616
row_009116,0.035570395783596526
row_008905,0.0006744086594627725
row_016187,0.03793943700167584
row_017730,0.9519766697865095
row_020834,0.15202748851406198
row_018611,0.036289382942208875
row_021483,0.019887706319562597
row_033572,0.008952042297471397
row_021787,0.06259219582213345
row_043530,0.9907997243912098
row_019565,0.39704248500984196
row_033649,0.2482651081717101
row_035415,0.19403849778848378
row_022925,0.0033336163206577644
row_045636,0.24573040259801798
row_007781,0.03280595079314615
row_045769,0.34411937812654764
row_024947,0.02482934863832876
row_004657,0.013348638323407673
row_030887,0.007874147536066795
row_006011,0.041634110113535495
row_005894,0.012409973612335087
row_013944,0.427040202328555
row_024760,0.01239902420989244
row_042842,0.15252529243943128
row_032289,0.03823198063849079
row_004888,0.0002594406669738494
row_004792,0.01856739957529325
row_032175,0.016437381719627456
row_045397,0.015890691295021863
row_033349,0.01430927136818119
row_020477,0.027495775706182456
row_030044,0.002277442907746804
row_021604,0.0077179614971396365
row_017331,0.031666163730576395
row_049475,0.8998494340029098
row_023469,0.00048595889694087236
row_034357,0.831964287607532
row_003502,0.05614331586463247
row_023399,0.8833419245049455
row_039463,0.8550536241241555
row_034184,0.2870449326872708
row_020686,0.9882579089445419
row_005277,0.25348198802820554
row_049592,0.0034929791404015673
row_041981,0.04778354172933473
row_015597,0.06889691146484961
row_017141,0.8889014485732402
row_023019,0.09447129151139394
row_036047,0.05533812824377477
row_044546,0.20792811279785778
row_036811,0.0033674878439335634
row_035637,0.001988122588972667
row_006007,0.18591802302539417
row_038145,0.0005883870234799814
row_003971,0.29871891533309824
row_008186,0.7269776932256808
row_000903,0.013309288438265987
row_025465,0.04555559999433026
row_020989,0.006983192883678989
row_014277,0.04408386767667472
row_039055,0.014995261813023743
row_038707,0.3867248519835853
row_006825,0.0024370465588462076
row_002549,0.008078377343849025
row_005593,0.04446128579011761
row_016625,0.364346986776445
row_000488,0.052168393435821296
row_037977,0.702880908554228
row_038408,0.09204946257806107
row_044776,0.03005728877688625
row_044561,0.0022664605022348675
row_044974,0.013652572099553738
row_005006,0.029603194042326458
row_031587,0.034613588736977334
row_002884,0.026154188579673616
row_009190,0.4863409887443502
row_032697,0.026532010058826543
row_015210,0.0932645092827856
row_010875,0.03660378072518861
row_003956,0.1214746912040922
row_033498,0.038557544530121786
row_020401,0.826032082148003
row_010554,0.030785250255841466
row_005859,0.1019681085102818
row_015011,0.9863369723148989
row_013988,0.23451967355159778
row_007703,0.2895247421912711
row_029593,0.020296466984393885
row_007397,0.0038269867800562953
row_003736,0.04139807672879475
row_015767,0.0025660387469788313
row_015953,0.018837802221846285
row_025777,0.01617518551152992
row_037070,0.023445073663193674
row_039469,0.006281314932539916
row_036144,0.0034925353796117476
row_002470,0.0010413336151852686
row_031338,0.034730569261202514
row_010472,0.04194368814926239
row_025905,0.2570906434535457
row_000939,0.0012227150881700779
row_004597,0.12187892850056815
row_022941,0.011006115449727776
row_041032,0.004849506850395959
row_031487,0.23580269719785543
row_014200,0.3670450727397866
row_013411,0.0012604033923958333
row_041725,0.8817866572643126
row_015613,0.1486021014260315
row_048232,0.09392183781020746
row_047507,0.11904199811121093
row_049954,0.012968608878072295
row_009467,0.003233082633179831
row_026122,0.016767176656799818
row_030431,0.04317526620922788
row_037683,0.07334764047885643
row_027788,0.014266126198143235
row_010056,0.024076418270474742
row_033287,0.8831035883992162
row_046388,0.025790195587833374
row_037564,0.0011304534102544277
row_037069,0.10890214226449654
row_038014,0.5928496938596872
row_040905,0.1712089361621162
row_027772,0.0019847088845753123
row_025541,0.20156091681382174
row_026175,0.383877040159831
row_000217,0.8096624740994492
row_013686,0.08548737483322053
row_034695,0.017801512904304866
row_044239,0.07936015058830241
row_022849,0.1593540603860703
row_003512,0.9926652091063282
row_012492,0.23335976360138416
row_014529,0.009362260210647098
row_040764,0.026284996087417453
row_044875,0.028392410466254618
row_026559,0.0001601266690290865
row_005155,0.10935421596236654
row_046514,0.005431320628276659
row_042160,0.02235848300267575
row_019622,0.9913454189297136
row_020311,5.379239580768587e-05
row_014967,0.6960003229626661
row_000253,0.04416258562775237
row_001807,0.305718518606159
row_005318,0.03124260274932573
row_045466,0.01200808199268158
row_037607,0.9400761718757985
row_023470,0.2858074342830429
row_042133,0.077924989603875
row_027087,0.07220884558859784
row_028351,0.048875542142638354
row_001078,0.006872902025306258
row_003526,0.0007769557086670136
row_043653,0.011652068100361674
row_031153,0.26062778495964434
row_036769,0.16519329506664118
row_033046,0.244769592857841
row_006090,0.12697915401520565
row_044131,0.015765245895264034
row_007889,0.001195212148605946
row_034042,0.07192129191091225
row_029324,0.006688351558523054
row_032835,0.01154103072177405
row_020080,0.14228757595395838
row_017957,0.029230814930895244
row_045448,0.3271547811569243
row_042455,0.0008631478192161892
row_012307,0.023097695724220536
row_025858,0.21123444472929573
row_013752,0.002969242554335875
row_047836,0.008293295556436599
row_033928,0.05143000916506126
row_036275,0.06671352168296511
row_010752,0.024816987003864237
row_001492,0.29870998831239753
row_007565,0.041239825883266
row_005755,0.010453051661153274
row_018513,0.5390512253222638
row_014258,0.2426898111298523
row_039102,0.04278863616060928
row_004024,0.07737302059089446
row_016270,0.6921794429992334
row_029611,0.0022865048770641418
row_043226,0.6420771297476697
row_004780,0.0017143474422893683
row_030227,0.12823811975655727
row_048849,0.002994702406342202
row_029780,0.638465877902035
row_044777,0.001266986919680226
row_049275,0.8496681615858704
row_005504,0.1616028701594912
row_018132,0.10029587236961793
row_044751,0.011630145683650367
row_024407,0.2651563559038121
row_034495,0.009856139140349975
row_041727,0.09583940313844352
row_034348,0.054611582875729876
row_012925,0.13081043581754975
row_028429,0.03228859630839212
row_037184,0.0008973505817112013
row_006718,0.0006519587022453206
row_036685,0.006488240536801008
row_022351,0.0012303337973567164
row_006524,0.021849101962082423
row_020545,0.7380743276501703
row_014032,0.012352489510413366
row_018032,0.0016245551451305829
row_002312,0.01926368863235838
row_030231,0.019806745883605092
row_019779,0.01710649368114633
row_044135,0.014931572670749765
row_031332,0.7481625360024224
row_027975,0.018208495626856315
row_027917,0.11669166211703316
row_040910,0.0006203136288397791
row_029170,0.2771736135000339
row_017520,0.0015704174367058843
row_031264,0.8574437038745181
row_010128,0.09368272272537406
row_014710,0.49759555218132656
row_044516,0.02439949602711026
row_026046,0.7504054135539862
row_049380,0.4861458885667434
row_013443,0.22676209157229213
row_032833,0.6602678019610673
row_040497,0.00015086727064379725
row_019435,0.3849894140120994
row_029394,0.5670092101426427
row_007979,0.008601941300732541
row_029172,0.0014173605010680459
row_014137,0.01853476123377703
row_038777,0.015956938056822596
row_030130,0.002819053864487687
row_020851,0.023843992911227074
row_029456,0.05179043786716241
row_031437,0.006872051213590706
row_003872,0.023185390511417242
row_016188,0.14900638932260854
row_035436,0.9974599652453945
row_009865,0.09305925483111593
row_005271,0.004247741061028683
row_046226,0.09659807203245865
row_042490,0.014868476035006198
row_040739,0.2637205938070552
row_009840,0.4171767533083944
row_041351,0.025292819064642185
row_032593,0.019094673393841848
row_040550,0.0009612209198287151
row_025223,0.011893068444495437
row_037331,0.01266708564189436
row_012763,0.1650226866895103
row_041005,0.5856713843552576
row_019241,0.5466061042853134
row_011960,0.07937733436453467
row_004761,0.07866739401192582
row_002256,0.9905852079817465
row_026145,0.18409504060256762
row_003450,0.06064214743979875
row_003735,0.0005622787793231596
row_025428,0.003836485670902732
row_045656,0.0030699001561829975
row_030467,0.003033549728659312
row_010616,0.010335219396676953
row_013724,0.7271205868760462
row_046859,0.5370482885350601
row_038874,0.34746106953974676
row_015533,0.030405024153115384
row_044943,0.7944150073506063
row_021541,0.9757386475781418
row_018160,0.025963793388966788
row_000943,0.00020374926179137341
row_010464,0.0026999060055506612
row_005510,0.0054876450791522
row_020408,0.8465414379963249
row_037377,0.0038092437638376692
row_043222,0.03078397869524933
row_027396,0.32410425307978374
row_002311,0.002334903173699523
row_030991,0.011196326290657532
row_003077,0.09920520349678076
row_045084,0.0079954115145796
row_043674,0.8074167830435811
row_006637,0.013405722299685738
row_000351,0.0737523083074012
row_020743,0.0035742693263422637
row_002398,0.014233188527187867
row_025032,0.7169761567285332
row_027878,0.055015453897865794
row_025192,0.07544386573347311
row_023545,0.09597060910173602
row_034860,0.07412722781930502
row_030496,0.009319425438723782
row_020701,0.40543954841732704
row_014944,0.03920714069176729
row_027385,0.03563182606326786
row_024702,0.0401059898655717
row_038519,0.004484705943791659
row_006996,0.9180072654297583
row_040199,0.008321041196264853
row_031751,0.03365906593780463
row_018614,0.0012792600508345047
row_035901,0.018688923245543783
row_011341,0.07885340168437496
row_017092,0.03304461308704773
row_041402,0.006672815846307233
row_046215,0.003968584322632341
row_009630,0.024803544972817095
row_045410,0.0019955528248893776
row_047025,0.010901163120429493
row_040209,0.033487810936377094
row_024371,0.3593186973639511
row_024978,0.1703481934868147
row_031188,0.027808563595294492
row_040441,0.9853584471991284
row_015509,0.8865543898410835
row_002759,0.12572198008660387
row_002120,0.002328101765626491
row_038060,0.004802496987843723
row_003933,0.13211802113228754
row_003972,0.007458155796213707
row_046047,0.003734782657164401
row_049666,0.3760929680813667
row_010703,0.001550493991126962
row_026455,0.024072457471101944
row_018784,0.0038474272993032446
row_033796,0.09890325918345422
row_040776,0.0062932213267836625
row_025557,0.06429493693424966
row_007779,0.02961071446669223
row_044781,0.000790775120984619
row_014573,0.004378351044340337
row_018894,0.08983862328923006
row_007771,0.0070773376536815095
row_019820,0.006721853610778564
row_022668,0.0068915934501207025
row_027088,0.22410106033650862
row_049101,0.6032116389974537
row_047152,0.87445289817707
row_037472,0.0011276275952790793
row_036630,0.03819959609924152
row_031812,0.008715839146665433
row_004855,0.0016740461942323017
row_032555,0.006153661197582593
row_037181,0.008176506985239364
row_024454,0.07997073484712687
row_008642,0.0978638916098478
row_039826,0.12553765128251357
row_013229,0.1469903921059746
row_027861,0.13628288313164963
row_049155,0.6527954205426586
row_049330,0.2790258265641131
row_020508,0.008730144795878208
row_045372,0.003305945640077866
row_047857,0.0018825566766319116
row_041354,0.0034046604830451337
row_043550,0.22642600528658482
row_029484,0.3878262940151027
row_049336,0.5989562627102294
row_012043,0.0007883217567215068
row_006250,0.0005692042684239282
row_040656,0.024054722714508484
row_004557,0.07295366851165594
row_008326,0.0093009665659936
row_003592,0.9025219993474809
row_036090,0.034833165037453095
row_010740,0.19360877100118676
row_030445,0.5515626654812626
row_023192,0.9783436736410273
row_016302,0.9759974490006946
row_041801,0.20810295136087859
row_012628,0.36853408621522477
row_031536,0.0021250624858717873
row_048579,0.031006895955127328
row_026829,0.11901386130759394
row_039110,0.02971226575628236
row_015434,0.03606943957060259
row_043861,0.00065684030915902
row_007817,0.44160641943918977
row_038072,0.5934367959954155
row_039164,0.03173518901589309
row_006094,0.8404611405583008
row_027065,0.20634869696376296
row_001855,0.0019929340947438152
row_023871,0.3251381579519687
row_018968,0.0064585143340623544
row_025211,0.0015951945389701154
row_001139,0.0010160399783091976
row_041466,0.06513409386733647
row_005338,0.001723915870477789
row_040692,0.012507751997156003
row_017783,0.0182360880697912
row_041694,0.013728394300285001
row_009913,0.0059431787965517355
row_026515,0.0032368305235037182
row_004707,0.017268402189311503
row_011776,0.044095038885338174
row_017042,0.06933372493383447
row_012634,0.010471529973558004
row_017568,0.0012801356376147617
row_037111,0.7217849365264649
row_039895,0.12197965900100914
row_035704,0.02557063214669375
row_015031,0.04001941660298851
row_000367,0.0026299582146386944
row_044167,0.030277788902069964
row_000067,0.006133577567744615
row_000776,0.03362317913722967
row_030490,0.3226412846717272
row_006691,0.0012231283307888533
row_010424,0.9266530225291946
row_011921,0.0625244330973089
row_002260,0.8018815095482332
row_045874,0.15749776681520378
row_011139,0.8459560419381049
row_045734,0.4788390184422332
row_001066,0.5891139096966447
row_021695,0.014370497122661382
row_020765,0.24976340247744222
row_024660,0.20406240170167808
row_015396,0.005080728119016612
row_007155,0.1624553230147166
row_013805,0.22755281396235955
row_005175,0.001197890952686065
row_027611,0.5026472922512029
row_019018,0.06787507662729288
row_035084,0.26868071393851384
row_038931,0.8598894221420663
row_030671,0.22397629910959432
row_010042,0.07396557900023877
row_038598,0.007742692431330237
row_044959,0.7106065269883174
row_020183,0.0005650442865538602
row_026589,0.15130428386215342
row_049937,0.001308157726737605
row_005535,0.01884854274409869
row_043841,0.8880025788427847
row_036262,0.000633560725996449
row_009418,0.1272475241156993
row_000645,0.9358323760766195
row_024152,0.0012299949695748218
row_009995,0.006379547878138097
row_026796,0.08251552502745903
row_032274,0.31174498359709585
row_011033,0.023552426552928312
row_026313,0.9756993341412733
row_046776,0.00635336650732291
row_044565,0.019145208716994162
row_025911,0.00011059058483540794
row_049482,0.05512352366750677
row_031177,0.015557233807387029
row_014819,0.031001234978892196
row_035392,0.08479735104472341
row_039474,0.12820559298595216
row_045093,0.0015331365203329482
row_043854,0.009584572498448895
row_025418,0.0007640384230084678
row_039703,0.006125088644008667
row_042463,0.0004823148840034062
row_036628,0.03863571332050236
row_024428,0.0004937720499188229
row_041034,0.5406221652234049
row_036016,0.0036999323239684644
row_000702,0.0007644328821523133
row_039737,0.13218697676108102
row_043824,0.038920195653754305
row_014789,0.9869309092797157
row_024870,0.19537008851919196
row_036515,0.025213800539392706
row_005010,0.32288215733698933
row_041846,0.07913548503205614
row_016387,0.10792021295334929
row_021297,0.09819981799382337
row_020444,0.45888144211715165
row_036117,0.001128047112117498
row_039380,0.9741656947459914
row_025158,0.367429368908733
row_012140,0.016088851430115743
row_031758,0.009280955941076308
row_001550,0.0025262587036935734
row_045698,0.08352908895125229
row_001857,0.6967373384739683
row_047221,0.5798314691267604
row_026063,0.006349238896719569
row_011531,0.09559909244518519
row_041946,0.6259510305331766
row_023125,0.08698524095754098
row_048800,0.06357082662901951
row_001551,0.6147899123943639
row_003744,0.006358939723687682
row_007603,0.03601502472726654
row_041083,0.9303708712104273
row_001681,0.7679397653254805
row_012754,0.8353205782522117
row_003205,0.00159010719781616
row_046393,0.04630938301886189
row_005451,0.013998618723616003
row_014760,0.017426399237774264
row_039052,0.8163626751277686
row_018591,0.2762094284725508
row_043883,0.006423650026264292
row_015282,0.01389776631901384
row_003177,0.583796625277712
row_006779,0.06747038337740728
row_045221,0.060991359598585905
row_038278,0.4898739313723053
row_042056,0.013356557327241888
row_044806,0.751346128094882
row_034372,0.10385793923553382
row_013004,0.4195077180718888
row_002324,0.0037013567546409815
row_041652,0.005033871054342977
row_006483,0.014975443661848895
row_035648,0.6028624034935904
row_039660,0.025046404322104428
row_017213,0.07114822079445214
row_030288,0.016196321841914996
row_010010,0.6079714049813303
row_022995,0.12061184991475747
row_003532,0.01277059201706262
row_024508,0.7487541379735473
row_009887,0.4750439377036245
row_004898,0.0016115616639896598
row_042174,0.028317310464267217
row_048609,0.004259972885634666
row_037291,0.051585854018547976
row_019251,0.9969075707926244
row_038155,0.011656704398893191
row_029745,0.010429494882808732
row_038652,0.1856247667987102
row_000355,0.07454394717070745
row_001080,0.08642168924479414
row_014014,0.002000514622018839
row_031271,0.013226535968847666
row_041047,0.0659222981559063
row_003846,0.001269787659946422
row_028205,0.04807884827289461
row_010930,0.13099305098903397
row_035200,0.013476507677505583
row_040667,0.018940478868597618
row_021561,0.024857440032404476
row_042555,0.2039597799119926
row_025954,0.02717271236181269
row_003923,0.09328226776740267
row_015291,0.005067041534972128
row_037166,0.009189503981358581
row_005792,0.18888583735809183
row_036460,0.007409538749054731
row_010588,0.0180805665412669
row_008345,0.07719705000345635
row_003225,0.053458207376977054
row_032761,0.8824101499458873
row_002515,0.031826796286213085
row_024409,0.02742276926901491
row_033238,0.010090657632501169
row_035965,0.028753156988019876
row_043387,0.021931459414689325
row_017389,0.3096309395825496
row_039228,0.007818454918354811
row_006604,0.015027166090084074
row_009752,0.013193536794159456
row_029433,0.6889916405398578
row_003806,0.370239383976465
row_036662,0.7229088751801798
row_035480,0.704737867771965
row_035625,0.17963828146287483
row_015002,0.011905783975186726
row_008133,0.027825571150014466
row_035872,0.013223429377201537
row_020363,0.03095777406117869
row_048723,0.3817839772767073
row_004906,0.06413516102826838
row_004658,0.00023369882134323373
row_039334,0.012281202298710759
row_004772,0.0006254805492505782
row_003094,0.011021873778509805
row_021208,0.003594577022113754
row_030874,0.6202507246672807
row_010719,0.24962525002592123
row_018948,0.00611474916789553
row_039213,0.0016264732135526686
row_018855,0.10472125727372507
row_010738,0.0019662724466657203
row_012297,0.019067075590588164
row_008050,0.14659685897190047
row_045476,0.0019209980768282254
row_014934,0.010330609793719251
row_041281,0.0017478712742935415
row_005300,0.21414969890955726
row_010881,0.011900120817882113
row_004499,0.28862238190367173
row_005992,0.06264532086247024
row_047224,0.6203149429374962
row_022108,0.017507552023236374
row_039490,0.005830260978059656
row_033755,0.016508064797812
row_034101,0.04570163587655219
row_024821,0.5380640686192185
row_035320,0.0019458537284362091
row_041614,0.04454569692359576
row_044336,0.018099119884654277
row_009819,0.00947322857252137
row_017982,0.0012508509197431783
row_039513,0.011412760391080716
row_043721,0.04906690809172221
row_043255,0.004495796073111442
row_034683,0.00700952804662456
row_014890,0.004492658049368975
row_009731,0.031239744277464128
row_022858,0.02702265384024557
row_040527,0.03681661787141778
row_023179,0.10551347551159579
row_040345,0.0024899759275055847
row_025698,0.01600999171029619
row_042397,0.0037590617627356005
row_016593,0.0036566457970867708
row_028697,0.052112790992622816
row_039139,0.0022178363959609467
row_018169,0.07225492019745146
row_014386,0.005489788717131075
row_037843,0.8494210906541989
row_005694,0.0008651975573330323
row_033107,0.016225775597929024
row_042474,0.16425667121330775
row_012246,0.2809854489843497
row_001010,0.005500599556424273
row_011312,0.04864210590256533
row_006379,0.013102961071166302
row_022881,0.0323183161938621
row_030781,0.43266580537406574
row_025897,0.1588770554031443
row_049577,0.09153982112080034
row_008913,0.002672006797418789
row_046591,0.2285651010579089
row_039396,0.015129454684768291
row_031167,0.27796664775594676
row_022137,0.3583877683391432
row_007492,0.008379420507593067
row_009725,0.003421810722524369
row_023741,0.019739659388693463
row_005359,0.0032772149302185798
row_037632,0.951720548267022
row_009101,0.0257685550389602
row_041190,0.04140496583196033
row_032882,0.011700003563493041
row_025967,0.00871419552826752
row_004165,0.8002848371123077
row_000301,0.09864814622044608
row_019348,0.04709723487603847
row_045965,0.04935593892793996
row_046577,0.0008536967930795735
row_010244,0.00965909536655069
row_048199,0.09080982637835966
row_022437,0.30296501569169976
row_012229,0.997478631312276
row_025149,0.037911546623799364
row_015857,0.8771735356018244
row_035574,0.01057569889998908
row_037598,0.054389791300439944
row_034205,0.6957320695393914
row_002066,0.17306764966702076
row_027675,0.002384991670856066
row_014825,0.1653813103006096
row_016516,0.025839082059186662
row_020385,0.1025400962042119
row_021414,0.01722983382059052
row_000096,0.005828824515116196
row_018575,0.20265663431380834
row_045002,0.0039300062119604455
row_000960,0.1565534332376586
row_022292,0.021121784153328955
row_007204,0.00966764198862602
row_022238,0.03007512480256991
row_043128,0.011864367937874534
row_002259,0.8751112402253344
row_036479,0.9777679651655892
row_041841,0.09410321886230608
row_002279,0.009393770171422502
row_018489,0.00946799998732655
row_015864,0.2203226364361115
row_025051,0.007279335771906254
row_012163,0.0023921739769809046
row_006792,0.007938253471008972
row_003814,0.09542053556150125
row_046383,0.0015828191498224978
row_044651,0.025548358604129483
row_038588,0.019310902383881192
row_040838,0.11707137050597567
row_049847,0.19354766220294045
row_040106,0.002018907116977187
row_030489,0.003392818753906928
row_037556,0.06814262830634793
row_039814,0.4726513525515912
row_008807,0.47993318768434806
row_026324,0.12616562670448303
row_007112,0.002071927325422995
row_043733,0.0026009219891708806
row_007493,0.448822889979546
row_042867,0.39433270349199256
row_048381,0.0791273470191127
row_022119,0.5202074370903932
row_021649,0.041732648251415996
row_039555,0.7269653259306751
row_024497,0.04428103618028144
row_002616,0.02923336059973989
row_042543,0.023305222791196505
row_021887,0.9884817028615295
row_016257,0.011808366159059816
row_026381,0.13196403771046644
row_002907,0.9964400800286473
row_043073,0.0075255295312131616
row_036785,0.0349967039091251
row_017292,0.014879255065545263
row_038675,0.10722568863893796
row_021381,0.8544585109909589
row_025290,0.6250524418109962
row_032768,0.0007840565211259092
row_024619,0.15796466685644187
row_011572,0.011669986438374637
row_027501,0.09270518362209237
row_035211,0.0022164030328094067
row_023040,0.3793038120182733
row_043356,0.00917810097195104
row_045047,0.003224390940453298
row_001309,0.046186971696177026
row_049849,0.995875568202814
row_012333,0.7302968437664717
row_010790,0.02976044282328515
row_035477,0.02109562431620337
row_049018,0.005808309606702111
row_047343,0.006510236183473739
row_017361,0.5499646359262138
row_001508,0.022810521792964732
row_002410,0.0019659031148450174
row_032871,0.003647687486131087
row_046824,0.003701922652392117
row_047269,0.1351823223925371
row_030147,0.6349672938097807
row_033448,0.006600704574554208
row_044748,0.007632879587512617
row_034212,0.353741664223914
row_032111,0.004152010544349075
row_003129,0.10645061163002036
row_017040,0.03558173282142467
row_023141,0.6335986624788031
row_027645,0.13829813685109424
row_015770,0.004504902349527467
row_016422,0.5240536859725613
row_001004,0.09047216975226949
row_011594,0.0030208086883413165
row_048189,0.03815473239599062
row_048545,0.7542211997608258
row_000487,0.006721972956978841
row_003374,0.0131715337392437
row_039602,0.007207417154982863
row_036122,0.02120712829042888
row_049144,0.15933710768070647
row_016212,0.04978641168584962
row_000214,0.01696382273434683
row_001643,0.3992325491076455
row_035206,0.02418873245785335
row_016291,0.5534497588833934
row_010178,0.12156614820789641
row_024967,0.09654934273401457
row_025739,0.03359546281167068
row_008470,0.03164901737254093
row_010289,0.3598718670150306
row_024772,0.7948051768437168
row_044592,0.5827209970597825
row_007233,0.05105149122529858
row_018879,0.004026640085336799
row_001590,0.0018649225991759465
row_020648,0.2946696184249448
row_016929,0.03859621283010398
row_015099,0.028663526285972796
row_044899,0.6734441023903054
row_040150,0.8478195147653086
row_038213,0.02267384103734083
row_046023,0.08203630367963792
row_022601,0.7299229720510438
row_027466,0.06531792096310715
row_003071,0.004405299843582079
row_019311,0.6688842382000953
row_028941,0.0025205678092580256
row_000397,0.018326041170796923
row_022102,0.001586754078427408
row_036164,0.9019662205465654
row_009466,0.004249049214459635
row_035307,0.002769747852810391
row_012272,0.18062303466828267
row_017915,0.42787441770495677
row_039423,0.12318899537771412
row_045516,0.5590873839060306
row_048981,0.9405585885447816
row_035908,0.11636385864592382
row_019173,0.0012980238730911468
row_047528,0.020949704703796607
row_009618,0.03776041610148625
row_003720,0.053010551087098325
row_017912,0.08259291861121047
row_029956,0.014287908831612973
row_034640,0.27896959766098284
row_035505,0.05089253963270773
row_029068,0.08373694657076759
row_000433,0.01169261741116394
row_028653,0.036413401915358794
row_013543,0.6542996351330194
row_000001,0.006754962562599109
row_022875,0.001606931519566251
row_009768,0.08951789488551253
row_013576,0.4759423624787731
row_045239,0.0022201095985338155
row_034966,0.002592009111651873
row_008257,0.9984368103781688
row_032525,0.2781198496229056
row_034509,0.7974886416160172
row_023417,0.021095398929179485
row_022310,0.015722510950293568
row_027285,0.00260125984328169
row_030884,0.11995550320544586
row_047768,0.3200398675940965
row_016413,0.19980914408561093
row_049337,0.7267574234120836
row_031014,0.03857948737552856
row_014418,0.05014721220022267
row_016643,0.2766939104224103
row_008049,0.773042068573829
row_018718,0.004018488467403644
row_042910,0.0073743977523568266
row_016874,0.07070680273616964
row_018176,0.13311526561679074
row_011412,0.009947994843746354
row_017020,0.28787767642827916
row_032209,0.7510700364310471
row_040600,0.032471286840775944
row_000509,0.04563428244917395
row_004180,0.05804099635506019
row_034272,0.35085664267958977
row_006612,0.3425517447782313
row_007518,0.056201668814924735
row_014612,0.002493542128655729
row_033603,0.0021751884173205377
row_027184,0.8789155570273817
row_037643,0.136206433303892
row_013759,0.21042340628544337
row_048223,0.037819044055786934
row_009818,0.18674511989887735
row_033333,0.9468821818387658
row_011154,0.025071273713537397
row_008661,0.02462830257542398
row_042755,0.33228264551404363
row_027593,0.08052820877309017
row_016748,0.31599465104420826
row_019818,0.15252542776954525
row_028657,0.0028632288480977346
row_008575,0.03666902499297545
row_010665,0.8597209605937499
row_015814,0.14451756818967873
row_047629,0.9810612028433267
row_040616,0.03265917108477539
row_048057,0.10748303366422934
row_002202,0.004796205771537359
row_031959,0.4390174949047566
row_006370,0.5808304170334748
row_029847,0.09873279908205912
row_013612,0.0007867421571606826
row_034370,0.4711308267119313
row_022422,0.01277835360689615
row_045135,0.85412787623851
row_000041,0.0022070524223189365
row_039580,0.42219955611948234
row_019718,0.0014723961430295755
row_006401,0.15435436165133848
row_042835,0.003479310537430492
row_046908,0.778364932579757
row_036170,0.1395693089759824
row_049127,0.2793544344299862
row_023981,0.5267440115056923
row_042959,0.0425586119383773
row_023797,0.01408086969405917
row_016571,0.018807860832033823
row_029892,0.0030035482481128163
row_001484,0.005015235680351255
row_043688,0.024819183108241605
row_042353,0.01771499961309787
row_031287,0.0573728395095601
row_027732,0.05641581112646662
row_018865,0.0023512003947139086
row_047366,0.10844133894744959
row_033320,0.12683997739001632
row_033725,0.07031989343387081
row_007499,0.01166225088765545
row_044608,0.009116552650240979
row_019415,0.946012783454259
row_045924,0.036868363863609796
row_020418,0.023568300372616424
row_018821,0.02817526016858008
row_010378,0.8598681906876627
row_019041,0.02156390535861435
row_028660,0.1207613155797715
row_044870,0.015686006241425618
row_010951,0.7845822775685704
row_010129,0.3074539565796665
row_005490,0.3725819550389554
row_010917,0.002655009379021948
row_039267,0.8803602423773652
row_029376,0.0016949836612061592
row_022446,0.11732536999184306
row_020289,0.0014823393938824408
row_036622,0.1639217584772835
row_043545,0.8562902781526154
row_022651,0.0017031365137742285
row_035565,0.043649607412598206
row_032690,0.6364770380754698
row_039071,0.20592326300711034
row_030717,0.020384082624634817
row_027555,0.006061526567866867
row_036313,0.337421503043175
row_039488,0.05774370639645682
row_021982,0.3775976154497692
row_027839,0.009837490624180672
row_030815,0.5578571768940876
row_025441,0.021563496659145125
row_011656,0.006140977457802572
row_044457,0.0007899612045891976
row_006206,0.007701143640293783
row_049246,0.16112893906501796
row_037930,0.006392541031873087
row_035083,0.1919915799056191
row_034704,0.029748030660566787
row_027918,0.10689225058829031
row_037334,0.01712535570661896
row_036524,0.04137076226917663
row_023124,0.007126442430851305
row_043365,0.015131209097545882
row_032814,0.023975795457975537
row_022298,0.01791879083039865
row_027762,0.204398305278476
row_038837,0.00683162917355823
row_015382,0.04694118787217806
row_046980,0.0015169805288688999
row_040956,0.0007554362555775883
row_044180,0.009123439968872429
row_024567,0.3110075106780946
row_047888,0.3599205577054651
row_046802,0.00891498968526803
row_023998,0.8332014920200296
row_032560,0.007566535954990902
row_045091,0.23972267048290885
row_037366,0.00027239614923698643
row_042787,0.9881933476864775
row_000832,0.4092236634140458
row_033994,0.5009671514429421
row_003463,0.9143214481227854
row_021602,0.006937809931460214
row_038524,0.10789827544248232
row_018615,0.030106622459217938
row_016226,0.009194624430382423
row_019298,0.0017762379513086943
row_001387,0.13909501906001223
row_028269,0.14714966553819925
row_031802,0.021094897783064597
row_046770,0.002685586126114259
row_014630,0.610428251996074
row_042773,0.2680255249070926
row_047005,0.09201098569021117
row_034549,0.9356893384031942
row_008163,0.0012264303269627053
row_004406,0.0021641239323107134
row_019719,0.2722158334665608
row_014882,0.9008524638380565
row_046850,0.017359598678438393
row_049082,0.014720705369392536
row_044810,0.0007394113094400792
row_039230,0.03195940574309511
row_019733,0.0021580662777158357
row_016027,0.0002756169423165635
row_041937,0.01455333560119306
row_045903,0.010353839750262826
row_047124,0.007513832579312991
row_043013,0.0048744292015973755
row_030691,0.1515037047782457
row_042754,0.05748893950017854
row_031243,0.06026596836299352
row_016679,0.0009024051979135842
row_010108,0.029967819426591213
row_000511,0.01919969500377663
row_022562,0.023702327808918705
row_030689,0.04677119860670242
row_028907,0.17221844980251116
row_000401,0.005550740846252884
row_005513,0.21381399777967944
row_033805,0.40876343158845563
row_004545,0.015993470947959297
row_020148,0.006800868250985595
row_038456,0.9177685177501627
row_004867,0.10051977521116374
row_001251,0.0052402944536658275
row_049198,0.17194550652382085
row_011745,0.021533725466326797
row_008072,0.05967152919056202
row_017864,0.10083281414746081
row_025448,0.2674817738416553
row_019608,5.9842546624874366e-05
row_043548,0.7133212709671738
row_035147,0.047022445919017594
row_005729,0.14557538104602802
row_017472,0.30376973114101663
row_034273,0.06357204215558679
row_036305,0.1731628017117509
row_009877,0.4002198537546618
row_042028,0.04508118889751471
row_037066,0.7673720558922238
row_011576,0.07059422050251414
row_033890,0.2857525982907434
row_015877,0.03812408133067062
row_047637,0.8768837552355053
row_018663,0.03964707933053593
row_006458,0.0010972106171517498
row_041677,0.03787163444990147
row_044711,0.8233819994106911
row_012582,0.24519466491901062
row_036914,0.6291847649599759
row_020244,0.43087350970558347
row_031295,0.4581623287825838
row_043894,0.029376688655299753
row_048479,0.0032198967728452607
row_045183,0.005946344857625691
row_044674,0.09464972236926776
row_003307,0.0708849573314463
row_013544,0.039878436941087406
row_044311,0.9938046359242566
row_047408,0.01894114172148299
row_021844,0.052448545150515224
row_032013,0.3380299284171945
row_013825,0.6816659794169334
row_043209,0.020971221411157585
row_039367,0.7055924576330932
row_013515,0.013353366659457336
row_027008,0.0005694783893738116
row_047014,0.5044004976062196
row_047217,0.2732768540294395
row_040932,0.49085623220776203
row_032574,0.6157797068815134
row_010408,0.04495530246603885
row_034279,0.042382505035587964
row_015774,0.3036472979414304
row_035201,0.00945622604724112
row_036252,0.43212742947449484
row_003297,0.0037416174374453816
row_006152,0.02051178436864341
row_043691,9.731862654123716e-05
row_000025,0.13792708193462694
row_030046,0.006695337364448139
row_032636,0.42367277693667454
row_016959,0.04772367614853899
row_028832,0.10871975813258238
row_014389,0.10077160565657246
row_032855,0.01916534474011055
row_043011,0.07220147776110625
row_021779,0.004466372530020304
row_033415,0.009578551821980218
row_029626,0.7046024291566995
row_044136,0.020967950935233817
row_031579,0.0007864905252330494
row_032981,0.001560629578963572
row_026746,0.11062165745216922
row_048495,0.4571784742183138
row_015609,0.039446143961513
row_029964,0.04098802934016738
row_000480,0.6438276768685015
row_048192,0.005147679375854569
row_015366,0.057973938459578614
row_004186,0.003662148164052143
row_001156,0.007030264918873165
row_009349,0.10918406742013845
row_037921,0.003201256556707843
row_025126,0.31287083297389534
row_043539,0.42075744361839423
row_000662,0.42913642851881856
row_017534,0.586106811040611
row_044513,0.9731155050560671
row_040249,0.02159800408057717
row_032532,0.000661219337018268
row_041045,0.01063118886161505
row_021454,0.06090615181727682
row_031790,0.6104436697933247
row_036951,0.0541015217374946
row_013468,0.0011960563820810437
row_020560,0.013464875869472709
row_046666,0.584170230720632
row_034777,0.004385222793311698
row_037411,0.007704367754343248
row_044895,0.11019964756938083
row_047574,0.001521015517826802
row_014120,0.024572016632747083
row_040851,0.004283653018460249
row_035277,0.15622089199463868
row_013279,0.48410726575666024
row_015035,0.08690846102960785
row_002061,0.020843532231902964
row_005683,0.9881317375804018
row_025933,0.0900608656499078
row_031174,0.7380935700916409
row_014916,0.25220155992960874
row_039565,0.07074088677353636
row_018973,0.024601267578558735
row_001027,0.15974239869725285
row_027563,0.001083163956930797
row_033079,0.7952224944259643
row_024337,0.9846513393725124
row_015178,0.007472155137248517
row_033460,0.006278624309040404
row_020455,0.061233090841108395
row_007145,0.5951672010543911
row_040151,0.0007596130290807743
row_012825,0.05309353362451921
row_037630,0.0577848437535965
row_044936,0.001987778014981296
row_007828,0.003006413954698243
row_030786,0.017633577241207305
row_011862,0.07012767564854644
row_010074,0.08177252746195507
row_033173,0.8156967392139686
row_013173,0.009881743345115582
row_023976,0.003757572972782959
row_019297,0.04175270538856756
row_023665,0.010358790937443548
row_018751,0.01653361756307235
row_006728,0.04933493234078684
row_018288,0.9696059950931761
row_003959,0.017464715974514725
row_011076,0.022354426463676122
row_022721,0.2078015647978111
row_037220,0.017165888811967983
row_032156,0.002577809861381279
row_004443,0.36597876725075984
row_036176,0.9899707015714477
row_009095,0.6309032739806276
row_040004,0.14893546191369234
row_041782,0.7990386744981302
row_004572,0.6370081635010207
row_007758,0.296152824853894
row_022607,0.9872901354972373
row_019693,0.43516046747113635
row_029452,0.9174973670192847
row_047092,0.7395252363938107
row_011672,0.0027627762444487965
row_046508,0.0663619771121626
row_005103,0.023728341534011946
row_027431,0.0006104914648635109
row_026157,0.015995502439549576
row_024134,0.05648354030095735
row_013026,0.0029586378253512904
row_002626,0.008172454757154933
row_018602,0.003148122788138463
row_004417,0.19616429191967172
row_007709,0.11709999981401341
row_027477,0.07771203506631422
row_037856,0.12354064967484811
row_007054,0.027354514144814133
row_022707,0.03377142481509493
row_040471,0.0014217050763533278
row_018540,0.11162846352663033
row_006736,0.8270934087896971
row_004932,0.002676693706669195
row_026181,0.30135465144539564
row_000206,0.00037318240575526837
row_024385,0.03395621043486324
row_049600,0.015947585364946275
row_028730,0.3626977562171499
row_010928,0.0018686872492438072
row_010952,0.048702264112145566
row_049872,0.0059010311148295
row_031803,0.994047294725386
row_027374,0.06538858129816608
row_026490,0.7159249175024567
row_016440,0.07813697043141436
row_024795,0.003227498382992834
row_015777,0.13575930739792058
row_034892,0.9948075420182972
row_049669,0.7665331385869066
row_041128,0.42812399015164965
row_021734,0.052015646364100686
row_027033,0.061705943103490105
row_039816,0.46639614553297265
row_006455,0.15480590998053545
row_037030,0.6512782415017082
row_037431,0.006051992329320004
row_037789,0.12788731108041893
row_046893,0.03775397115197172
row_028667,0.2959023555446488
row_002716,0.6255410813907
row_013845,0.030409471796854076
row_022208,0.9505615034504076
row_028626,0.08234164906006092
row_017363,0.05542519087934009
row_024268,0.09500341291846782
row_020875,0.009325243253662721
row_009458,0.01575909856810466
row_042432,0.22206953427996257
row_030148,0.003230682322832975
row_014348,0.6380750628346051
row_029822,0.24241193594611118
row_021446,0.01883275073156254
row_030645,0.016890837902543962
row_034136,0.9636826744784215
row_007807,0.23094571833008748
row_034545,0.02348595061641842
row_045663,0.01765928083652612
row_030769,0.5387968536103892
row_002704,0.0012648273857322797
row_009623,0.0680228069448544
row_009066,0.029098130761181278
row_019887,0.035571790389961375
row_007255,0.10799218607852272
row_026475,0.4123438914875013
row_016831,0.0009607732733913092
row_019351,0.9321892134857316
row_046624,0.5938116388554471
row_015391,0.008196123575605913
row_030572,0.00034153559338023076
row_031289,0.04477813583083338
row_030293,0.003179893193413103
row_008849,0.0017614050592483124
row_000183,0.7748541535754515
row_016121,0.025684492921123816
row_012420,0.2567022530940138
row_049002,0.009034091929487292
row_045379,0.0019672367796931415
row_006527,0.12769726309108495
row_027949,0.01071470424341183
row_029724,0.009166100530811001
row_033407,0.03146854684729691
row_043233,0.058773523638412
row_024859,0.026850912228086127
row_006234,0.25580457946742846
row_015978,0.8416143828091849
row_038297,0.8897511456222643
row_043382,0.007504883161332971
row_001733,0.0866171207257489
row_040727,0.586373516638011
row_011513,0.0038668716000251897
row_004461,0.0577215246839105
row_017044,0.0032793518133055473
row_037580,0.0076453995011704435
row_023207,0.11261654461650576
row_043493,0.013419892517458853
row_036449,0.0045288628033354275
row_022407,0.0011977583265696424
row_040503,0.001071195828341938
row_038491,0.013874916440728665
row_044389,0.09582622613026401
row_002683,0.1677437835396628
row_023231,0.07332374538979679
row_018937,0.15252023383209318
row_027175,0.015440384910683865
row_003873,0.0002291131019707987
row_010252,0.19625754327095443
row_007437,0.007964390972963704
row_003054,0.0419877249674139
row_001282,0.01159670625769824
row_006677,0.06730512730777215
row_006012,0.004175649115271178
row_022837,0.0014080446936165145
row_015319,0.8454345500691396
row_027348,0.002423297322995784
row_038470,0.008830731999358315
row_034041,0.0008524349569282725
row_016401,0.49336530772524906
row_020337,0.041579958948656966
row_039248,0.0006520428751142711
row_028991,0.0010022144780989653
row_009918,0.15917116225627612
row_041459,0.6058406333374311
row_037822,0.016321127670684426
row_038381,0.04202933180101027
row_023904,0.0012300811849869876
row_023921,0.05292170266030358
row_040728,0.0012545912650161013
row_019651,0.010651408063650876
row_043755,0.07573930607968736
row_049102,0.01587561399672552
row_002649,0.0031550503728997384
row_021402,0.005710123134686143
row_016437,0.003977370393697406
row_039954,0.010961722101246654
row_005465,0.008497040134208168
row_022273,0.002843133094986752
row_000118,0.8555033655431876
row_041033,0.01760950289792986
row_018475,0.059444414826826754
row_009581,0.7290909953504359
row_023699,0.09166269540359916
row_026740,0.9384005914854829
row_042544,0.0018861480652860277
row_035451,0.011509524286396866
row_025587,0.13456766753960264
row_016782,0.014520345044762423
row_005931,0.003184256349766375
row_012545,0.007488390350875254
row_045048,0.015436495584179005
row_039706,0.01667151286724618
row_028240,0.41636709351559537
row_027469,0.050450669065509525
row_009383,0.011750259832316224
row_038255,0.9599812082618255
row_011451,0.006279711887502041
row_034699,0.04429468569370456
row_002141,0.00815795318225811
row_011184,0.7765632895202755
row_045229,0.18774754562136745
row_013496,0.019262981709870647
row_043421,0.03299257107378725
row_022829,0.28454568465783425
row_036056,0.5752566583076003
row_009784,0.006486099419835659
row_006207,0.0003858440729238344
row_026811,0.006535500896636139
row_003606,0.0027231651297406445
row_020655,0.0016375712531114621
row_029666,0.9417876457305682
row_038729,0.17606112414839667
row_023625,0.01742058059364587
row_025422,0.0043544880766696195
row_019627,0.19925927037833843
row_012378,0.1350928869201089
row_032081,0.008201840702118633
row_048909,0.0017597142371058672
row_018339,0.0008493602493879376
row_049252,0.05212987372319811
row_042682,0.6008506395867174
row_012238,0.9995557168517629
row_015374,0.22176478972856742
row_016426,0.028937470072864686
row_008166,0.0018856449613254874
row_021576,0.0038495285253867576
row_020187,0.0613490961051688
row_004667,0.005884204669233393
row_012371,0.7351442972948448
row_043072,0.026403635162221478
row_037203,0.8410946627944847
row_034088,0.049935684680988315
row_044056,0.49211081674056034
row_048438,0.008699630863373121
row_020293,0.0058450906805996685
row_043206,0.006644956416425504
row_048541,0.006738534450541351
row_043349,0.00367513873340813
row_027151,0.0008746553524908186
row_046541,0.0019748056789023307
row_028082,0.00801950777435728
row_044679,0.009720826347405053
row_013398,0.11958858262395101
row_045777,0.0032027406941070318
row_035981,0.8681577276068422
row_046391,0.6011367259571586
row_021116,0.011418341932654693
row_040263,0.06472892437431772
row_028734,0.9739692806199906
row_023746,0.12098057263607866
row_036633,0.01165415902507904
row_001205,0.019103683184014203
row_016509,0.02037886920171201
row_016430,0.004679303423437079
row_034106,0.9853619101362006
row_024686,0.8173952494077245
row_043664,0.9827227549257164
row_040601,0.8660278850804055
row_015151,0.004453872683061907
row_029261,0.7007047299965066
row_007582,0.5447505455534438
row_047255,0.23302431397070447
row_004914,0.02326300612585558
row_003908,0.12881108082992782
row_003683,0.030584073611559792
row_031855,0.08744142639612197
row_001758,0.03989132325293322
row_002636,0.2774859909548594
row_041160,0.12246378831477552
row_049545,0.02559584209281204
row_009626,0.019127742329453315
row_007065,0.05441500959954305
row_020069,0.001128725563424252
row_006132,0.9768362727093212
row_049519,0.01601543863001383
row_022516,0.3420460945995706
row_035244,0.7544625046055252
row_032934,0.7716954807758183
row_011007,0.0015813594438544327
row_027866,0.630988474739473
row_038737,0.8642061102688855
row_019303,0.01764379749971104
row_012657,0.5231295331314784
row_037994,0.23105688634693966
row_043024,0.06550023975032694
row_033639,0.030687721822196038
row_022087,0.0028427781502755583
row_041241,0.013976882131327598
row_026863,0.5409186544573369
row_033831,0.2199379757017041
row_030247,0.013272134056234933
row_042150,0.9940605795648162
row_036064,0.0019747857777561877
row_013928,0.00044886918365753445
row_003368,0.008915978273001007
row_015562,0.6984972702779036
row_048528,0.8288684986289605
row_023553,0.43980026145505424
row_024904,0.004479727834512528
row_010314,0.0029963147970936887
row_039323,0.0030760089709465613
row_040495,0.011255958434157588
row_004879,0.8753709942195802
row_010956,0.0012683984831565042
row_020043,0.0021268899222827093
row_036752,0.03928655079306134
row_024248,0.004090488238503038
row_012274,0.05354066506220815
row_014280,0.027695174472486726
row_033091,0.054818255309046215
row_021796,0.07880259620419969
row_029520,0.25814553922677697
row_036979,0.9995625151458738
row_005856,0.0027332829387351145
row_023178,0.017927636262415447
row_029459,0.01639448776186247
row_013658,0.9351519338690145
row_034973,0.0008654990703029764
row_025728,0.022423064134833914
row_024052,0.006555888645775812
row_033047,0.15637140322319235
row_049489,0.03956636629378115
row_037088,0.07809924964238434
row_012398,0.16312588106986342
row_010027,0.0001824236752835697
row_001238,0.006261750859761259
row_041772,0.002641413333755031
row_038349,0.4256218952219136
row_042173,0.014245948119933073
row_033001,0.7111713256522829
row_023447,0.013783328795327707
row_022344,0.009207318983979442
row_047042,0.9830021875467412
row_017377,0.620690872147325
row_019495,0.028682787926393432
row_031885,0.4066013876439016
row_030852,0.4471347287329348
row_014167,0.009051375588171652
row_025910,0.004483844343294416
row_048747,0.003974132522280589
row_009036,0.0373805161219884
row_023965,0.0031171716699047855
row_011146,0.0953245795951157
row_021570,0.055180940151816946
row_005368,0.08073996327499298
row_011896,0.004688812917379307
row_039736,0.16985413519079745
row_013378,0.04408561372771013
row_036108,0.0021362367685222195
row_033910,0.10577877342778746
row_046309,0.06865332370383923
row_013751,0.9729176964125889
row_036207,0.017114759172276124
row_018837,0.008797827206893781
row_016788,0.008082471278404132
row_040420,0.5641216480897852
row_041671,0.5098110496954005
row_038992,0.061513065371325976
row_040679,0.0015687112116729903
row_045684,0.04371750102793031
row_031141,0.6148363192374563
row_031165,0.04509399111639888
row_015641,0.004597716764684508
row_034712,0.005006345157754973
row_027638,0.5316186048840218
row_041925,0.11405514624090385
row_048229,0.012048265663596826
row_007792,0.32708539687395655
row_026259,0.37968613472652274
row_017123,0.008659117793344155
row_032771,0.4806666176533047
row_021289,0.8745234585083798
row_040419,0.2509976864196361
row_012337,0.021911241041191156
row_003674,0.0004645213356459818
row_011815,0.8757648230863394
row_037074,0.7808082642787679
row_035953,0.6110437412624283
row_000160,0.18772555456476572
row_010879,0.0073633679700899814
row_009493,0.008464860413255079
row_007034,0.07769566459811394
row_020131,0.015030679932812024
row_049663,0.1875745955886077
row_049648,0.10242359690698849
row_014221,0.1976860668165253
row_044588,0.029660124832048874
row_024896,0.01555378159958836
row_034843,0.9825371773962221
row_005214,0.0002952473727079192
row_018025,0.027350750490269176
row_030342,0.9055458065233226
row_019044,0.3837817040111527
row_043795,0.24242372285945174
row_006534,0.3592808948842384
row_025337,0.07993987456528934
row_036168,0.010998272216239438
row_035061,0.16134103078483347
row_044945,0.0026949984898894247
row_018645,0.5524036770193115
row_001769,0.03442606237791534
row_037338,0.17301886760136756
row_011072,0.002240027404368926
row_008490,0.9749994014460817
row_032902,0.004706601642073948
row_009135,0.0003534149338729989
row_029441,0.0016506843273048793
row_044605,0.005589167012233909
row_002053,0.11853635671306943
row_042311,0.03757992736536372
row_004390,0.00895449858773223
row_010572,0.914486189088952
row_018165,0.0016208896098545394
row_034334,0.0012405575250924855
row_002629,0.11999111720269391
row_013144,0.13940177229100778
row_041176,0.005137883349604276
row_037158,0.03068742162893875
row_035371,0.06261433530496546
row_025796,0.256061211528692
row_020784,0.002327792174612255
row_040826,0.4260321703102597
row_000305,0.011850562169779606
row_013736,0.03071491652399597
row_045721,0.13217634273748136
row_038463,0.261258171925259
row_024352,0.01433799575858492
row_046106,0.01982422877492814
row_039993,0.1975116445407757
row_014035,0.01530509216734961
row_020831,0.9186705545313096
row_031424,0.1770838626411933
row_001429,0.1761922406602652
row_005139,0.14488158737532614
row_027238,0.181152188292531
row_012338,0.0099307697801033
row_038078,0.0016499846142780704
row_043705,0.04732087876009857
row_048016,0.002665001410699935
row_008422,0.06486100549919865
row_025965,0.0013933326077704912
row_028212,0.9170949959260194
row_019108,0.2973618023181938
row_014560,0.41951502127088275
row_029098,0.30419070390128344
row_024042,0.04272418872859199
row_035261,0.013620237281097852
row_034490,0.008511825339226273
row_044723,0.5906618941644437
row_045493,0.18062659214769922
row_028914,0.005859292507885134
row_032834,0.01952233150120113
row_018063,0.0077929321936493125
row_017909,0.012187292397116939
row_021290,0.00619240303014653
row_041968,0.21506534244561293
row_002556,0.006659842242022223
row_008815,0.0015416264656479166
row_026697,0.6794590394966901
row_032630,0.0007713513056906539
row_022329,0.024808410819136078
row_006352,0.018193316046503226
row_005251,0.0025934300146208678
row_010067,0.007824424570567865
row_002463,0.027221052449834384
row_034034,0.7770587807324028
row_028236,0.05506163273734146
row_033638,0.0002718253394078696
row_015164,0.01182103576850051
row_026814,0.8532876585647319
row_045080,0.3012360066142483
row_012066,0.4547865567168979
row_030432,0.018542411688643668
row_046778,0.44415772173339213
row_017530,0.9958610617139544
row_001997,0.010560571647135012
row_033465,0.1968859466394612
row_010731,0.09248326272952519
row_025278,0.0314803318163002
row_026938,0.00145453846074493
row_043384,0.2260103030733782
row_021532,0.09070314614481027
row_029193,0.32405275829515473
row_044068,0.016566338134685724
row_047841,0.008981251533900907
row_046520,0.22811189656319422
row_011902,0.07048203239008943
row_023456,0.04013530225301684
row_039454,0.01972312537618716
row_049190,0.04816638533407623
row_041612,0.06768714184343075
row_003811,0.02028846564059119
row_025732,0.9642733462871845
row_034605,0.6925176194694567
row_021173,0.010191274116828231
row_008110,0.6519193474521138
row_041048,0.8505287884130825
row_015822,0.9880410222896646
row_032501,0.12809012336234007
row_025958,0.0008957786474120823
row_008822,0.05270566615674258
row_015326,0.929563934639743
row_000396,0.23322600991879558
row_020370,0.020161903257944345
row_015244,0.10704918071601091
row_049874,0.012702777543175735
row_012699,0.002144315089300963
row_001420,0.009933566410559154
row_045910,0.004464944351238001
row_033973,0.0017920297813868687
row_002449,0.012503732577052649
row_014066,0.001518254057288964
row_005479,0.9946916575353338
row_012296,0.00560836756041504
row_001776,0.004763733492608633
row_024172,0.9045006747763917
row_014396,0.9990247061638184
row_015023,0.0035496083495946884
row_036299,0.05292857592169061
row_034575,0.021845519289727944
row_040508,0.999683961742754
row_017069,0.010812011933833283
row_033621,0.029056901856562244
row_026555,0.1371627993422199
row_007635,0.4222440132837321
row_014114,0.08697900753398756
row_024073,0.0018825597153058619
row_004106,0.9446725650347972
row_008845,0.7790211478066141
row_046805,0.38742307772324547
row_019958,0.01757252899026738
row_005782,0.07040744921879076
row_036716,0.009497423584444593
row_044220,0.0065871509764785915
row_011128,0.010489997020173008
row_014596,0.04660473772617528
row_037345,0.37829647137474015
row_038875,0.9085917861967959
row_038803,6.945984356545547e-05
row_037274,0.00022896677048439242
row_027380,0.047115394269189946
row_011557,0.00022537115000874784
row_022579,0.006794531574843725
row_044412,0.000717399977492278
row_039414,0.007093285036360406
row_029273,0.11193427484918149
row_043114,0.0019425547129565976
row_023620,0.12338325843087079
row_038991,0.03083796860563321
row_046841,0.2438453656965109
row_045232,0.041113861502869
row_017084,0.9778575062408233
row_032877,0.5812842372068167
row_025459,0.00026918284999166074
row_036531,0.01057885922280853
row_024883,0.5415607033498548
row_015100,0.9807811654006054
row_015680,0.30824258247378894
row_032819,0.01791027517870846
row_020666,0.29083209083756234
row_023911,0.05857320424273708
row_038004,0.02440217481610059
row_004507,0.04454594550862633
row_015315,0.20151080284760747
row_027109,0.3044133932316288
row_016005,0.008398614867679594
row_010345,0.34878934183480903
row_020457,0.0013356920899771376
row_047865,0.05964646341422952
row_015324,0.01891125411214345
row_038554,0.05077538775555119
row_014404,0.5298130408625739
row_029144,0.05724783004187223
row_045529,0.014953519390075836
row_040288,0.020605215828938185
row_029559,0.9504298897208208
row_006590,0.26762472013180766
row_021396,0.5039521224464759
row_019307,0.009005936982005453
row_005739,0.43158543030111635
row_002092,0.0007311203863531637
row_019275,0.003135571329938783
row_001811,0.9833710084881857
row_045407,0.04963327708612484
row_025589,0.011202004699874367
row_027068,0.011668478872172606
row_048284,0.7159588713569197
row_038887,0.017918425396204286
row_007501,0.0007389273059444978
row_023934,0.562167923161644
row_044193,0.0013571085429092229
row_013947,0.07256396329895248
row_022548,0.4312454589316845
row_025812,0.6966691369819195
row_012189,0.2100813834907152
row_000902,0.2211415525640135
row_034674,0.06135813397941898
row_033719,0.00018750679744053417
row_004500,0.005486335689804879
row_046384,0.43043232640969836
row_017376,0.36661824859783954
row_013337,0.04064323976349159
row_019081,0.3000794199286306
row_022756,0.35516478278130503
row_047385,0.004136264115190684
row_026848,0.009467510016971522
row_029325,0.030591728873979
row_027933,0.032261854400492035
row_022085,0.044032863600291954
row_017456,0.021705268704222215
row_026104,0.8501235903139653
row_006019,0.01673201151264478
row_009888,0.0671959116834818
row_015543,0.4761004117860696
row_023956,0.36338861947977713
row_035561,0.0036783819992778286
row_046228,0.2769834583369953
row_035486,0.021093024903592963
row_010547,0.02513660563272466
row_019489,0.028967046658052446
row_039348,0.007049402901822736
row_016751,0.00013539160719797268
row_043099,0.013731937217436757
row_020087,0.004316549371839492
row_024153,0.9978095697997285
row_031469,0.07167923259308834
row_042428,0.1698957895141035
row_002338,0.008295160609050134
row_018509,0.010916829519290266
row_029570,0.5532048613011677
row_006843,0.8641802679838259
row_032234,0.1114524116653388
row_013276,0.2452184189291864
row_012878,0.034680402530292004
row_021448,0.0025892164367385634
row_035417,0.269859828352602
row_001968,0.11460138916293469
row_000088,0.007398675764212293
row_019882,0.9994798319330015
row_005280,0.20440238174197534
row_038599,0.006617027640413175
row_040714,0.6482411459876594
row_014646,0.0035476391295024886
row_002341,0.09477860820458868
row_049312,0.21898930401722877
row_027416,0.024286505259410153
row_016306,0.0024425681341916725
row_027838,0.3685487179746892
row_012291,0.007168291374930395
row_043363,0.11276132649260832
row_002674,0.531885137448195
row_001558,0.02061820874639236
row_035500,0.5220212208621509
row_003251,0.0008274925224362524
row_032384,0.026085842828240023
row_020106,0.003457630943449143
row_006741,0.007477683180230702
row_028567,0.002903805009993254
row_047787,0.011388299629953394
row_048008,0.0016038864825334551
row_040809,0.03328938022773914
row_017603,0.07037390548516671
row_010762,0.16749737225581324
row_032617,0.4438444014834695
row_048135,0.0030737328159913917
row_022362,0.9754125553049895
row_006348,0.023820712113009672
row_007201,0.004171122785217402
row_018708,0.002815755154605361
row_039024,0.1573804972264306
row_025437,0.9905065402443032
row_033745,0.05981970341832759
row_036434,0.3767093092503437
row_039180,0.31758114629979617
row_002176,0.013634883521282202
row_048937,0.011766747651383467
row_001305,0.0011660518961128128
row_012702,0.01450132404477385
row_040464,0.24325958546217516
row_029092,0.9664446394624808
row_023667,0.023040232709755505
row_009661,0.04374936178293427
row_028766,0.9002958477834391
row_019231,0.2555385215610697
row_032552,0.0005445288945892955
row_019615,0.006704063649333485
row_002043,0.0008232065155237828
row_017766,0.9245600312480449
row_024891,0.9497597029460702
row_027105,0.17010905014651
row_017498,0.008729581434018346
row_044893,0.09696109684502743
row_036230,0.016435945841513488
row_028683,0.9675500308869004
row_028931,0.005328484733234117
row_041416,0.08377689873260873
row_043722,0.0028010116474608574
row_000863,0.018106574091288026
row_040138,0.24273883602842147
row_001430,0.7462718603845253
row_034323,0.8334219823479121
row_007482,0.016695002980147117
row_019184,0.1854905429343078
row_020486,0.0038767293482544546
row_040467,0.026790180254506187
row_046256,0.10938594278601557
row_024654,0.35926627817996315
row_006332,0.0011141587204548085
row_047680,0.028640278114748792
row_032531,0.5963312754488362
row_048777,0.3853546200882065
row_017642,0.9740019736693588
row_001937,0.014538584049764717
row_010611,0.10613272769651554
row_007234,0.03457097848599996
row_040051,0.2554484821968174
row_042472,0.9906573267231767
row_043731,0.03283478011576608
row_043950,0.004273698025881816
row_019512,0.035640617913941984
row_007926,0.0037874994336138113
row_015333,0.00207723610690191
row_017162,0.020759559662531783
row_031647,0.004008798279129322
row_017172,0.197854273013762
row_010651,0.9994117610008237
row_019439,0.12075496759805254
row_049608,0.06122024575130095
row_011939,0.00017759418824693943
row_010812,0.0013368398868281205
row_022997,0.15377590119871312
row_004058,0.9671121035017969
row_023356,0.15473893021938595
row_015879,0.00961716249276895
row_016168,0.07755984658181406
row_001507,0.0002909556313390632
row_043806,0.003276137819051106
row_043253,0.1303714836002793
row_002016,0.004765985589749078
row_049386,0.00649416790962782
row_046222,0.9708978462136088
row_040483,0.0021094603668540437
row_003166,0.5180367246219114
row_005544,0.632529238150967
row_018330,0.003103752572186433
row_006309,0.13962667872912599
row_016602,0.810031343792783
row_003731,0.882281851204277
row_002278,0.0572755426556313
row_022681,0.004942228100265927
row_047940,0.8789724233996568
row_006049,0.2168453365347053
row_006899,0.0083538869037145
row_041583,0.9802402968301661
row_035066,0.00024161776484714733
row_014190,0.0021488111774162467
row_032514,0.016767554334334637
row_021842,0.023573200078665098
row_009718,0.008174350873946017
row_001134,0.7339423768132669
row_001105,0.020255830135726204
row_009230,0.01831860795890253
row_028371,0.004582602460084744
row_037635,0.07211216409219887
row_000099,0.2150916857220649
row_042088,0.2375328238430178
row_044330,0.0943033804834744
row_041143,0.005951639281054094
row_037067,0.12209556182648143
row_036245,0.0019642653706387746
row_045723,0.0032479540920439497
row_035902,0.007814443754465323
row_037676,0.9343501855015107
row_016880,0.05385020649574934
row_007644,0.006113129180993921
row_029850,0.18847405861381028
row_002250,0.2564555619078776
row_000696,0.10230201792220184
row_036324,0.025969857156214308
row_017942,0.006793534571017954
row_014015,0.0019229819770451534
row_044062,0.013476873944728584
row_007383,0.32873790409980075
row_022220,0.44304791282820477
row_005160,0.0006463770694641493
row_015622,0.11994169184449029
row_045921,0.11080687030812432
row_015363,0.5232001595188519
row_001977,0.010059144859493236
row_048633,0.024654619424128048
row_030584,0.0008111803837392715
row_036658,0.008074382285992878
row_000590,0.00901490282704217
row_008544,0.02609476091988606
row_046263,0.032369180627241256
row_007419,0.047081174570866496
row_025662,0.010935711908944833
row_013042,0.30987982138414466
row_047595,0.004687712801327275
row_014102,0.0030496831258055687
row_028041,0.8202278109209107
row_025433,0.6574375886399066
row_011357,0.42203261110127244
row_048962,0.016899248593926507
row_025359,0.017222728843283137
row_037749,0.002434495134933882
row_017963,0.00025651876102355007
row_008215,0.044974917992298
row_012979,0.7436753138393672
row_036970,0.00704166348415671
row_000520,0.03056246300695741
row_036952,0.038221873575672555
row_047900,0.03984704170892263
row_020564,0.04928355028746992
row_020107,0.0020914777658249633
row_000736,0.2013524889585076
row_029190,0.001982134715772746
row_001343,0.006219819461899638
row_048049,0.024132824963279315
row_031655,0.0018019018495086443
row_004965,0.024473285268663984
row_001446,0.6106766076508202
row_005851,0.37225358240268414
row_024887,0.005924447912629059
row_024066,0.8757214423117916
row_027987,0.03073733673687262
row_049291,0.011295636070026179
row_020691,0.106709149519998
row_037904,0.030194431097427442
row_035877,0.3118849197572481
row_001975,0.06835903208597727
row_019753,0.6942925498870659
row_030344,0.05471248989229738
row_030684,0.09104859041403493
row_026173,0.015677534485866704
row_033283,0.024047087969924153
row_037518,0.0010688153321001274
row_014343,0.3697697498483563
row_024051,0.08256935853974728
row_027370,0.08772441157367174
row_049431,0.1380086563066831
row_034626,0.015613753842961523
row_037423,0.09102136172377093
row_030736,0.0029548673253066925
row_026195,0.9586591930392693
row_025372,0.023197359501307673
row_045778,0.1918664452750378
row_035975,0.4868377181216089
row_038250,0.04700328194530424
row_043190,0.006405344247178275
row_013804,0.3529897789919813
row_021866,0.007726220626100216
row_026335,0.0027820859757036716
row_011247,0.011926717880662544
row_029561,0.005847236308192908
row_001221,0.10915487044011107
row_019891,0.0016279083567529325
row_000883,0.03970656531888199
row_040315,0.006605002749954581
row_027569,0.6119743693414349
row_016973,0.005276307298628447
row_032386,0.9764191486289909
row_030316,0.2594568666013173
row_043773,0.9667564180955631
row_019972,0.2298978762842604
row_006079,0.0007306137373966946
row_000533,0.0010059454301129265
row_025770,0.0009229798745898997
row_007363,0.009340888740928432
row_038144,0.009628071787554215
row_014902,0.7039768620875411
row_035379,0.11134466398457578
row_016802,0.11451535819512706
row_010450,0.008094489734167586
row_040897,0.5119090406554583
row_011167,0.0006263020900958362
row_037090,0.02173158163001332
row_001926,0.004803644104604974
row_003345,0.1953803508393574
row_013137,0.05100925781373423
row_015538,0.006759109946965477
row_032511,0.1714263094537426
row_047373,0.41574518121935095
row_014980,0.05547050578736222
row_040306,0.0011883837970522119
row_044633,0.0009167397331512367
row_013747,0.9687742197701561
row_012612,0.008072720424482533
row_032572,0.005153124757383766
row_013578,0.004610564013557668
row_033861,0.031785952173383515
row_002198,0.07590094495827023
row_046055,0.39513787798306105
row_035768,0.009603874818348358
row_045176,0.028277257793401414
row_007497,0.001405437403077867
row_005622,0.7489200909446918
row_009470,0.17249454484980514
row_047153,0.0031710856643000643
row_036644,0.0036340774455484778
row_042100,0.5440292372682665
row_028118,0.0083362884290054
row_035879,0.035269657152912345
row_023091,0.7225913244605914
row_044192,0.01984206995424276
row_041479,0.4244883416667414
row_030817,0.006418561401374496
row_020501,0.13924969725853004
row_045063,0.9599843583037216
row_009999,0.044507836880634644
row_022331,0.17494796016729958
row_008788,0.023415742488188396
row_026297,0.545270943658367
row_046264,0.029613598139224952
row_039625,0.05103910631637582
row_003914,0.047046118697392184
row_041363,0.0005850872598244976
row_016927,0.001924627616235578
row_024592,0.6524343557341281
row_033921,0.0016539735749133253
row_002387,0.004883904298368189
row_048264,0.005384842016520317
row_022706,0.010336998885232882
row_021250,0.2720433329815173
row_043590,0.36086522036643814
row_007311,0.04186130765953509
row_030654,0.08963148928798398
row_030487,0.012843977297003102
row_016820,0.263308927516479
row_032717,0.01599555430351203
row_019511,0.012162981600205342
row_045058,0.6816646400966228
row_049233,0.0010614063092015296
row_048950,0.07112686136066013
row_035136,0.11375218490532532
row_002179,0.021209958339893715
row_039208,0.0035830350053959238
row_009039,0.9727567257459011
row_008959,0.7412827351882838
row_010080,0.8419244849686078
row_009422,0.043854677433316384
row_031584,0.002598527692975216
row_037507,0.11642290181072602
row_003378,0.11941815739247084
row_038917,0.007090909223424195
row_016557,0.00044014262819889495
row_028828,0.022584168154175934
row_003711,0.06743544142773246
row_049655,0.002235267052655865
row_011132,0.013340718678041343
row_026784,0.0022069811690180814
row_010195,0.34596637122301427
row_021737,0.29075088522248094
row_007237,0.032332937457811024
row_014180,0.182486988648205
row_036448,0.19991774866930972
row_028208,0.12759356579227468
row_011704,0.02194517964105359
row_045481,0.00038615161288104815
row_049730,0.1265659601608733
row_031952,0.002483555002218871
row_018127,0.013423821454090322
row_016467,0.05592527195055476
row_007507,0.06848878535588042
row_012185,0.020906456834382737
row_040142,0.012512194326863268
row_002671,0.02890370846426625
row_049670,0.41480015601871306
row_015032,0.6469664891502386
row_020516,0.5466868608285763
row_029712,0.13512979167310885
row_009266,0.07653603427150706
row_027654,0.00765081757113325
row_020589,0.12482178498918546
row_021078,0.005847413619957666
row_022049,0.04347584424535212
row_028373,0.874509118238689
row_015428,0.013443593154197074
row_031769,0.3036594350641492
row_042232,0.09651933241553828
row_033618,0.0045719983836524395
row_001042,0.46222345788745317
row_022326,0.13432247400109884
row_025844,0.06684673571314505
row_010780,0.021726777033931093
row_034436,0.005926611762391508
row_005023,0.37066765762459974
row_008136,0.01084621321635133
row_026681,0.01831515235866951
row_018407,0.008537198471951122
row_005149,0.3112991888362856
row_026708,0.5198473317717317
row_049463,0.004626636706565041
row_001645,0.006380533503638231
row_022724,0.0012829154514977462
row_049931,0.32733445547859863
row_042421,0.2585601644105023
row_025025,0.25366822751000184
row_001012,0.3992219617206518
row_035075,0.7165360730670373
row_045187,0.1681687540976009
row_046773,0.010577007795813028
row_044747,0.007893928227221758
row_012096,0.5619038359214691
row_001018,0.15609129753324352
row_002408,0.021159393324762625
row_004326,0.9706553770724865
row_033933,0.1057730682516061
row_026156,0.04533471835240957
row_037489,0.0029851818593732366
row_005194,0.0007441043083341598
row_039385,0.6271654054225435
row_028997,0.39758315525831067
row_026140,0.008257925290248292
row_042571,0.061953293061869544
row_034989,0.07718674897032397
row_049122,0.06594768576412906
row_034084,0.25727164116562
row_035711,0.952171471438453
row_022749,0.8778364806920794
row_001588,0.013589001598034023
row_012414,0.2336767638305403
row_023743,0.3699284372428725
row_037642,0.8940361178931219
row_006856,0.05688398618970099
row_036296,0.0628621597803897
row_019626,0.009381749056841417
row_024970,0.11557019976056128
row_026805,0.7453864849159312
row_034648,0.03914686318765921
row_008938,0.019374115781122584
row_035643,0.0006912273973763372
row_006632,0.5020579277748015
row_017246,0.09787093957893538
row_031075,0.010612101490739087
row_045469,0.10536684509942766
row_041216,0.7349479910281463
row_030391,0.22574848594721503
row_041974,0.4143502048457941
row_012955,0.002078733158788768
row_044742,0.0649275687872759
row_031344,0.004102515696375851
row_038161,0.02647368928932527
row_044043,0.04422803432735964
row_029816,0.012437836394790356
row_016515,0.0028686219623800364
row_032204,0.575324671043247
row_003762,0.0463333616535948
row_019129,0.012806607784795207
row_029300,0.9333013496374866
row_042700,0.005104560094568899
row_042954,0.21429386018639557
row_049617,0.4137459923620852
row_004030,0.008996576458841174
row_025365,0.005437175928537003
row_044061,0.06041842948527807
row_029699,0.039707906225222786
row_038667,0.020720705501396548
row_022458,0.013668896483869937
row_011212,0.9566122803203617
row_022665,0.039609689539690573
row_010855,0.9966783209266906
row_036688,0.0014716263122114953
row_020211,0.0004545568522707548
row_006451,0.0002345761602070226
row_040305,0.0017005251553475157
row_036132,0.2998079712948519
row_000298,0.001692316491036665
row_010145,0.0744815716359046
row_010729,0.8767336248654317
row_012251,0.04846639372692175
row_009219,0.1747787772369732
row_041124,0.44322390800569167
row_034598,0.015279701288446475
row_013829,0.05120333144636266
row_009414,0.8598256961875176
row_015237,0.0006879791378556625
row_040261,0.7882867354558849
row_037668,0.16379707504088745
row_003185,0.04992418456794284
row_022356,0.06560439185353112
row_032426,0.9550969438073721
row_044745,0.0018810391234101915
row_044839,0.8033397119931005
row_042434,0.012457557115174071
row_038693,0.5509986394511815
row_040878,0.03454756489667786
row_036158,0.21712493614079584
row_046026,0.0277974593987861
row_021296,0.007854984243478566
row_000229,0.001228701982708846
row_035612,0.03877368487010712
row_019432,0.02806956685826479
row_041741,0.05236199937699985
row_015659,0.17566388543094433
row_009447,0.042563408622844856
row_042200,0.10018480807606332
row_006341,0.07206407334033547
row_018126,0.06163520067593451
row_018750,0.08761888998782244
row_027989,0.3002249186084862
row_005341,0.1006132907875208
row_016420,0.020522632132147053
row_005434,0.22380370409087338
row_029591,0.8866600412337856
row_041365,0.06260719973926297
row_044663,0.15215892241243187
row_034838,0.0013982111131865768
row_027283,0.015845236434735895
row_046144,0.010991462973208067
row_043069,0.008552025769539832
row_043847,0.012655739167527923
row_017451,0.0009845020153851768
row_037503,0.9637176814366988
row_022394,0.054904473415040234
row_000989,0.2574611596841896
row_005727,0.006791739496679356
row_020742,0.0015380780446922065
row_041585,0.04040705251163606
row_038572,0.09165785316623344
row_015265,0.0007459402771216165
row_039114,0.0023709612188889907
row_035685,0.05358795200888538
row_006092,0.03757390579059126
row_048970,0.006879949250856469
row_044397,0.1378665814980935
row_011623,0.9593530755984785
row_027082,0.00834153625301552
row_021157,0.052796822986692346
row_046576,0.039240186177238144
row_001233,0.008591928261328142
row_015938,0.0034158111023919065
row_030714,0.03915302630078236
row_038172,0.032138146617487984
row_020231,0.0001765477440736796
row_005716,0.00345697489217657
row_033833,0.006297751615905426
row_045328,0.0030348081515300753
row_025116,0.013215999370580867
row_019777,0.2043058157651028
row_039214,0.009649432227210904
row_008555,0.7070645701160333
row_033072,0.15841882341874383
row_029475,0.05741525863199346
row_036813,0.019441578468512195
row_026877,0.03600608605363693
row_024549,0.0744737128542393
row_035948,0.9156150495043804
row_024388,0.8264208783931899
row_045006,0.0009477540016289818
row_034422,0.2221525259886975
row_014267,0.026340660615426732
row_000506,0.042788618694779776
row_013831,0.2713854620985333
row_006672,0.004971753680123267
row_013698,0.3802206681632934
row_007031,0.15376659663585085
row_027823,0.0008310968184889509
row_043466,0.17928636104460188
row_022936,0.5998270677040151
row_010239,0.39481284990558163
row_027025,0.00510011803842924
row_017227,0.0033695136544150428
row_017000,0.0322055610704834
row_034487,0.25290161271077616
row_010272,0.35635367474658053
row_034081,0.030003465503475272
row_041071,0.997571984480873
row_001093,0.0048685061603877654
row_034941,0.00033234880114384625
row_039550,0.3305959168405096
row_027244,0.35653309934312105
row_041166,0.00798932293839907
row_015057,0.14430853281787026
row_040346,0.48685157068288476
row_012436,0.01010279639683491
row_031679,0.0020015129507033195
row_013869,0.005559267464399168
row_047517,0.07462687566200003
row_040712,0.06322163795123367
row_040512,0.016723127838594132
row_024295,0.06531669550338781
row_026528,0.049037569007742934
row_014460,0.07696717027305003
row_018003,0.06966937783442086
row_013005,0.017207325408835895
row_025982,0.004301138877195078
row_022316,0.05632009915448598
row_034888,0.10456894406387078
row_027961,0.1510894290762129
row_001904,0.0035374786551418593
row_001655,0.0058114852572453985
row_000092,0.21916506834824157
row_005709,0.004662495073555779
row_043289,0.10540694241475429
row_009291,0.11288700977392158
row_014985,0.5994850599637279
row_036461,0.951827347489018
row_015349,0.08153039550908932
row_018867,0.9964226868211647
row_037031,0.01292487258376925
row_001158,0.03525182035927897
row_022373,0.5512926665952071
row_026669,0.9496207458368096
row_048342,0.7211235930036025
row_025362,0.002181259716936593
row_043637,0.0422463855713734
row_028127,0.004821459931719387
row_009384,0.09898151091451635
row_045615,0.007281469591901524
row_009779,0.9915992320560724
row_039403,0.172137997634718
row_035749,0.9949484999128602
row_023079,0.006669189843928468
row_033527,0.021422407881365187
row_007072,0.028063635568228544
row_001247,0.23000771783985047
row_047200,0.057131906725970176
row_015179,0.0018878889992086701
row_020624,0.15494683806563117
row_009686,0.0011483045939477913
row_028677,0.06141973147175794
row_035686,0.017068560930551435
row_046376,0.0032087221266315353
row_048702,0.0016744617557070145
row_008579,0.04279074437098789
row_035050,0.0034842749375380766
row_037416,0.025565018389321712
row_018514,0.010747241745206648
row_005221,0.015714419856410915
row_038864,0.9247255748903639
row_041948,0.00034085391246231486
row_021063,0.011436961283722466
row_039247,0.015144120350979303
row_017899,0.004198613043563042
row_003794,0.9976462936455299
row_010922,0.0781819243288699
row_039076,0.062268596385398584
row_047324,0.01365038946907995
row_008468,0.007988513130362624
row_010750,0.027649915497373154
row_041528,0.024038473922907727
row_024263,0.8847468471895542
row_031481,0.15503601486958787
row_024610,0.0025392286143172517
row_031496,0.013731057514787174
row_000850,0.00832918647524832
row_026486,0.03216365350254366
row_028672,0.0009450812146126023
row_019246,0.0009133216894247108
row_022030,0.1201183096281665
row_033946,0.00784468454731392
row_024782,0.017093424355166312
row_049793,0.010458303398194847
row_025549,0.0037315812982287237
row_023127,0.07131665522232457
row_029574,0.21666191714302727
row_026050,0.5426324235906888
row_004053,0.6045076671427556
row_014268,0.024526427673764197
row_034221,0.029541386425662636
row_047233,0.9156696600853544
row_039069,0.016620427508293956
row_046497,0.9807954955493248
row_025329,0.442988775840488
row_020718,0.006112272083799027
row_000740,0.0007559538492798232
row_017348,0.0036720085768029874
row_017536,0.5395676742862114
row_035419,0.04617128218358677
row_015377,0.012601457585122041
row_044550,0.00984288908860537
row_046146,0.9374338436221321
row_023196,0.0006483569298640388
row_010120,0.686095894461852
row_030266,0.005898244199842311
row_020388,0.08609376842934809
row_000272,0.2056222381777409
row_004071,0.021232817128994257
row_011020,0.05216088745950534
row_004431,0.19145367108548153
row_046620,0.006274774619113559
row_002062,0.014567356629366188
row_031919,0.004163367401205322
row_032227,0.03951517311592367
row_004054,0.026948136783902985
row_045198,0.10814378472109927
row_032181,0.00389154594862074
row_046684,0.7994851511401608
row_008039,0.0006717625034329028
row_025275,0.009580966649359363
row_000336,0.2595566231511017
row_046695,0.0014759814540230682
row_022231,0.006163403330810015
row_029294,0.00563366846708544
row_013325,0.6976570235965707
row_027147,0.1543472309047608
row_021457,0.17772293216727875
row_024186,0.9449552207881887
row_018091,0.032454782980811156
row_017466,0.003075679159585718
row_001827,0.010722675503142568
row_029812,0.010442349673315409
row_039915,0.13777709794718032
row_045104,0.0028231199533768096
row_008567,0.35133096996498286
row_048168,0.014506662204717528
row_046997,0.9973556678371206
row_005783,0.19366429560808796
row_009208,0.9996823143806582
row_015294,0.006778643081677189
row_002570,0.4881964676311055
row_005972,0.0006545607202817101
row_022495,0.01182546739778847
row_039202,0.02370943334689785
row_012026,0.013414558959241816
row_030267,0.13757036735643016
row_048842,0.021236600306252715
row_043952,0.04633969658371212
row_015295,0.3954820414127544
row_018757,0.04329680438163222
row_022815,0.013428876165377692
row_026982,0.024543451134870813
row_001340,0.2989468079239015
row_037292,0.33974628636781196
row_013749,0.00623871089514382
row_023063,0.0145267183256388
row_026319,0.04328775005360938
row_015476,0.027780805578772095
row_027211,0.47462804863076313
row_031073,0.7402750241726697
row_038024,0.8488517143477052
row_016403,0.02241954064547303
row_042385,0.6737935149289389
row_026763,0.0065286823467914585
row_002367,0.20684169482141718
row_034031,0.01752739724046956
row_002969,0.5335251069172521
row_028810,0.05836482485077909
row_041211,0.5240901268218929
row_033827,0.12226271426430137
row_029751,0.00150174282012764
row_042516,0.5514561275145548
row_045237,0.017317991203217798
row_018583,0.002021718795649569
row_031236,0.9279546524716312
row_046690,0.8625915729124088
row_029905,0.15091940876732332
row_022076,0.882423845194554
row_013418,0.06786719410060886
row_031850,0.9030954767737871
row_036359,0.6196816785921024
row_035455,0.004169793198572131
row_029841,0.0005458601752591121
row_008686,0.000686172151954878
row_045471,0.12472302152415342
row_006460,0.18575468839996995
row_018014,0.36000838601290897
row_007241,0.7148896735425304
row_029871,0.09100947281090138
row_020890,0.12950089957062377
row_029384,0.16872369062200163
row_043551,0.03374687103548308
row_025685,0.43382229383823323
row_025924,0.8269489566528557
row_001790,0.5850432282651813
row_045016,0.05453911841943533
row_028109,0.07641214618893817
row_047808,0.43025346832786354
row_023491,0.12919145552972508
row_031853,0.009057464181219629
row_032451,0.004217140061090046
row_021344,0.09933281674299564
row_023302,0.25270513381809356
row_006063,0.7514489426678728
row_047148,0.09759768617048555
row_044146,0.0012636308113407276
row_023731,0.0034647333370237125
row_009161,0.0019827388796574237
row_028616,0.008746525437448143
row_033676,0.02038307607437039
row_047599,0.0036391096638700737
row_001123,0.64270226111138
row_046942,0.007019501528135113
row_032806,0.2065336189662757
row_003920,0.10971490079027404
row_014254,0.9637183458683258
row_043042,0.018222452727935767
row_016045,0.7917868792897983
row_005059,0.2145070532662053
row_014392,0.0031027684391423905
row_046370,0.0017811073433542108
row_001414,0.03841783922014594
row_006252,0.009967807846439053
row_026565,0.03396752888668301
row_037641,0.03607140027777926
row_000495,0.011556347901094952
row_046911,0.3824542288826869
row_011859,0.033774570665002
row_021424,0.08168191471916536
row_025803,0.9944316524215372
row_037396,0.17595466656990777
row_025131,0.03828172862305501
row_048978,0.05087588577618393
row_024265,0.003160356044907954
row_011974,0.023048830526906806
row_042023,0.0008687284900824988
row_018267,0.026718184026635523
row_006111,0.058974839722959846
row_009684,0.0027563000920333945
row_016439,0.4529908736553767
row_013819,0.2740656030623098
row_011181,0.028974692597462878
row_008946,0.11191687541422099
row_010558,0.009434151012993462
row_043775,0.3827202335633008
row_042300,0.6353697942607381
row_032144,0.0024702354106242697
row_006253,0.06520704837672193
row_039368,0.0007240444347170112
row_022165,0.02247358299927695
row_037357,0.018744257995331345
row_044558,0.039586313306042294
row_041838,0.02503582817102146
row_021933,0.8394139919976082
row_048092,0.01653163801503774
row_029768,0.9973541067070837
row_036458,0.0019893913935929465
row_007090,0.0016493822054491746
row_036335,0.024613975052085818
row_046203,0.040774393968231
row_035155,0.06268043784290558
row_047858,0.015051628005117213
row_029236,0.004007290467820746
row_025635,0.09497699638971199
row_000286,0.04643085389725404
row_031453,0.9796250754569591
row_029851,0.9240772976749991
row_012270,0.8339171171440877
row_030318,0.08393197239613061
row_006559,0.00016686456082984276
row_033567,0.28674758887097235
row_000685,0.099412461511984
row_036339,0.0197129938875551
row_011491,0.0003932193199782299
row_012457,0.13187554593285092
row_011885,0.3880965564832746
row_044060,0.0615005284265693
row_003108,0.020499638135505222
row_012203,0.03656626576383793
row_039243,0.0482604366360459
row_004376,0.25718278318107424
row_018786,0.998853227752064
row_006469,0.017043708668749182
row_048166,0.16071871940481575
row_024526,0.002804395455515197
row_037287,0.056446969399337577
row_038472,0.04634863613363609
row_012148,0.059369657392359214
row_017146,0.021052013033943835
row_007275,0.010918525183002596
row_022748,0.010164622368066046
row_043063,0.017418703941853058
row_018853,0.06106442796401471
row_036826,0.056388998636982865
row_008317,0.042851817198156915
row_027014,0.00902264054978737
row_030249,0.9151588019954702
row_027461,0.013247379094221579
row_029250,0.6662178628571711
row_025693,0.9943706119120409
row_038466,0.7589754874952238
row_000580,0.00025683201320332073
row_024014,0.006957467075688101
row_012267,0.007087767126473984
row_012579,0.3071701611176986
row_027228,0.010709890582477158
row_039261,0.05939843737216686
row_039419,0.054038558154070354
row_031861,0.23469962728492338
row_036510,0.009581473396401943
row_022314,0.11202209307894456
row_018316,0.0059039620737748235
row_027045,0.8494299975784264
row_003338,0.4907071084539949
row_035765,0.012185108973577665
row_047424,0.014913991503736686
row_036367,0.26003651428147245
row_018985,0.8604786014882948
row_013673,0.8970252016290688
row_035819,0.5286089405655089
row_017795,0.006953146529637144
row_015888,0.008547414064872095
row_038488,0.015635798500417616
row_011196,0.19150179304841644
row_041299,0.07904185598697873
row_004432,0.3601546007169483
row_032412,0.592693520601195
row_049202,0.5271356013301305
row_024781,0.0008908004110585214
row_004381,0.0013747662994799744
row_008767,0.13505200970776954
row_002110,0.037004696846356044
row_016130,0.04104443974077105
row_039971,0.1905328480393011
row_026291,0.0074108350174606295
row_009022,0.03667459173948803
row_039712,0.13331197533160036
row_045169,0.01687982588794171
row_004290,0.005610802513210303
row_008883,0.001080482906278779
row_036107,0.08853749788441842
row_034451,0.039039043097904624
row_007300,0.0004332589225664278
row_031448,0.013498463399362826
row_011882,0.005972350129661679
row_042810,0.591578428917977
row_009978,0.0031760241011505033
row_031354,0.1800409668624536
row_047823,0.5335508567298969
row_028525,0.9662522806706493
row_017654,0.022713285815618392
row_009478,0.8009424907618283
row_030828,0.18625852924273714
row_047811,0.00863285738350823
row_046459,0.009035890243572316
row_036274,0.4014147066093712
row_049865,0.00421114920578158
row_021927,0.008060485195236002
row_024990,0.25081092894040224
row_021620,0.004294411595618433
row_034470,0.046896062127171345
row_046539,0.03806581012121059
row_016850,0.0189341699460846
row_034115,0.7558386185838487
row_027935,0.0019306793185050269
row_005793,0.14144813029727563
row_012620,0.0005586945489941817
row_041343,0.041680460050437663
row_039978,0.20727707371528176
row_019699,0.15308868838061485
row_040724,0.0049629604031455055
row_010575,0.3272755658180101
row_004177,0.014475440000880935
row_004168,0.0026961492559038915
row_024412,0.11038093264026333
row_029267,0.001530746846956536
row_009494,0.17800149960071027
row_033123,0.04269280840196046
row_027869,0.21866189962065113
row_022960,0.21609644599663058
row_018897,0.4174639537832294
row_022750,0.022317000127841848
row_006861,0.4946774804533156
row_040628,0.0005323842348424374
row_021090,0.09158285892087129
row_039626,0.015392514065831473
row_028121,0.19769521232893766
row_036546,0.16070475262695855
row_026950,0.0027255408472910718
row_035270,0.003666151140546177
row_012721,0.0035894064527006403
row_037259,0.06078664089104137
row_002890,0.03732858323320407
row_005033,0.4671720350873694
row_021952,0.008687582504574836
row_017945,0.8392194814181155
row_020572,0.9396839948421878
row_046746,0.004762625758557045
row_017533,0.03037773802682254
row_007494,0.14795983309482336
row_003952,0.5139400774856404
row_006702,0.0013393855118710243
row_022970,0.004931270983100511
row_035402,0.030181506317514928
row_036626,0.04247401873651023
row_011472,0.243854355238746
row_045363,0.8191933497565166
row_030433,0.358073462406788
row_002992,0.7166720205256248
row_039077,0.17237471146560254
row_014072,0.02471500147311927
row_021092,0.028151725429681373
row_015835,0.21868114725673282
row_012134,0.2465629496478694
row_029436,0.996079280951484
row_020443,0.012986795855808475
row_036372,0.011002415213199952
row_017926,0.015166051658519848
row_027236,0.5950833140585751
row_016642,0.004131170696626214
row_007341,0.0019171625315553642
row_013455,0.7234746407012282
row_023437,0.49154589905499385
row_010939,0.010086343958018707
row_000833,0.06860018389915917
row_042301,0.21234508103669625
row_002423,0.09272360207463697
row_047482,0.0013930890171706548
row_019799,0.4793958029266103
row_025555,0.20519489825467938
row_023188,0.08471796454549167
row_035358,0.9839223281038305
row_006617,0.11846971870453463
row_020135,0.4593438898900305
row_032625,0.8440025380952721
row_048237,0.09483383541595601
row_000496,0.07506296307963037
row_004528,0.025342024952212903
row_000021,0.10363898739557023
row_006471,0.056851522192119336
row_022419,0.11861207066476684
row_016803,0.006186316912068836
row_000944,0.0030187623144213847
row_031031,0.018443527379386704
row_007305,0.5336873060535502
row_005976,0.8442945893222507
row_032315,0.09433931392357861
row_023808,0.16623891182680972
row_006925,0.010961833314159179
row_042559,0.010658966385036247
row_032142,0.06420920224785372
row_025828,0.031244142609550846
row_008304,0.00026511676057030235
row_029630,0.04993202071544468
row_009017,0.04485357592171645
row_023592,0.6185184945673201
row_014964,0.013668808412214436
row_030437,0.1805255805208383
row_000324,0.12673827605218002
row_032482,0.13643141185407653
row_038709,0.005742123628224113
row_004042,0.045477202471014534
row_040999,0.47605464604011205
row_017508,0.4885785197887453
row_044685,0.9898359081372802
row_030846,0.00023408913418844162
row_000462,0.005195246550794262
row_019237,0.0026711546910954407
row_036851,0.04004530044698949
row_043301,0.01269949826205323
row_027320,0.06647423499658442
row_022841,0.04913428108602508
row_017148,0.1227491637171452
row_031550,0.00022588630966459758
row_040013,0.2519470331694767
row_020233,0.030723492708233918
row_047364,0.44183495722045407
row_037536,0.9763283345006122
row_039721,0.10205974642535538
row_012070,0.011366025497692639
row_021617,0.6558450677972316
row_025361,0.13246227191891302
row_037878,0.008598595708450616
row_043234,0.07926399551786222
row_009150,0.5476086280721187
row_046862,0.02063341703657274
row_022950,0.021605941609388602
row_040732,0.08694273947250303
row_019981,0.030170617894196426
row_036967,0.09747504464318868
row_038559,0.03646027946936407
row_049149,0.07117039102840905
row_006382,0.49234250081239905
row_038929,0.0731231618003042
row_029720,0.08914010264721882
row_044933,0.2668576242292249
row_029505,0.10251502320398796
row_040446,0.646388426761224
row_035631,0.781918546986028
row_022701,0.695793724265224
row_049265,0.020919920115440273
row_024157,0.19154812537808502
row_035072,0.2743873785014085
row_033263,0.0009343927965320014
row_006765,0.11001302415993251
row_039986,0.04422091520167551
row_046122,0.40068223706549694
row_003637,0.15020183843900076
row_025560,0.6516511749169029
row_039438,0.0032254725113411175
row_049439,0.011875673283403143
row_009976,0.4653941316469954
row_045380,0.21249492901885017
row_008963,0.019918638054909038
row_001620,0.0407081673790712
row_048091,0.4778667979450073
row_025262,0.0021526306432846963
row_008400,0.23190280703876134
row_020198,0.846927848761541
row_023955,0.016881745790271276
row_026532,0.21231853970536094
row_022833,0.9212442348483703
row_002310,0.028057562423715033
row_000679,0.008142372920144888
row_006230,0.022840259286321437
row_010929,0.02171274571449069
row_046131,0.004209014465204726
row_031591,0.5735733800928526
row_024774,0.38923377559799555
row_032675,0.7994973154271771
row_027239,0.12086271299441455
row_000892,0.007031043303848784
row_001377,0.012373495182382658
row_024858,0.3594468547249727
row_030711,0.20683485885965897
row_026505,0.008091199936978587
row_013409,0.011160354959725088
row_006862,0.06602926962102415
row_047649,0.12539455910893849
row_035859,0.1819463085285866
row_047984,0.002376239719714164
row_024110,0.024150994778632483
row_036635,0.3573102960352859
row_002900,0.008576636539085292
row_004695,0.035958631721650675
row_024206,0.8332400020319662
row_003479,0.042053636246687454
row_045355,0.00033479661354060227
row_047905,0.11805728608618721
row_006443,0.0025960961568465874
row_012394,0.46585186887910124
row_012384,0.020963708134344717
row_042962,0.11789001039703766
row_037971,0.7295699900455717
row_039212,0.044535589929563336
row_035156,0.005409007449871981
row_023017,0.00287851695623062
row_047316,0.008055612333718064
row_006903,0.5861299176621158
row_033746,0.0052762662348085675
row_048991,0.009536412510272917
row_048968,0.22277099973690226
row_004346,0.9032132173518066
row_000759,0.874572031407849
row_026881,0.01048982261889334
row_030286,0.0013883538496951894
row_026731,0.018998907836610214
row_021941,0.0038005078726053164
row_001281,0.04746484648697798
row_012505,0.0026095299922612365
row_015523,0.024660213233068905
row_042323,0.14966376434044165
row_017885,0.015935678978367906
row_041779,0.05234149468559446
row_049736,0.05995567367479227
row_000024,0.048482726932903744
row_046042,0.19864141116887407
row_024951,0.7233315964872568
row_011375,0.07762390292268562
row_002333,0.02327916106954477
row_006533,0.10953487159614424
row_028732,0.5544056295019345
row_018601,0.04448018103117033
row_004690,0.26937658581907814
row_049153,0.17591338600956613
row_019532,0.01314789334902594
row_036396,0.13954801225208885
row_043978,0.0007134454640247782
row_039899,0.46223384471046103
row_030523,0.009698679694334895
row_035705,0.327351619641162
row_005209,0.07416612177264166
row_020536,0.022060593183387673
row_021012,0.1259303237002786
row_008139,0.40140273390467207
row_009924,0.24295627849575344
row_016867,0.00011050349334433736
row_025986,0.03536528584937893
row_014883,0.16221421444803147
row_001391,0.020246441355324978
row_048839,0.9923180397056435
row_036647,0.13258225630739318
row_009927,0.07451745035626015
row_010701,0.0032116056331277644
row_015942,0.6213116359196402
row_011795,0.1629391255744413
row_036823,0.006455478682349147
row_018679,0.0014297170065709676
row_027015,0.6745818095192652
row_015773,0.005824051862825369
row_023496,0.7094590226700187
row_039224,0.004203615667959001
row_016125,0.08991910435883778
row_033158,0.08702052139586065
row_029182,0.012327109885890884
row_045418,0.0512911209065469
row_015586,0.0006708685099128454
row_029275,0.009957374762446609
row_005319,0.8928934289223956
row_042540,0.6070026226052281
row_039994,0.1062938915357549
row_048718,0.026917141501151053
row_005463,0.0020070483485457565
row_009916,0.0722876289040836
row_019165,0.002614105469994555
row_046551,0.02551202346655279
row_047786,0.0030883612536427765
row_031470,0.12410780109564423
row_026261,0.0013661449594894843
row_025613,0.00015939899125233262
row_019504,0.0008547826072437105
row_033692,0.4570271963941192
row_041485,0.037553929028892666
row_014420,0.007917477081503825
row_009855,0.36529149956178697
row_049444,0.9352750872430152
row_025820,0.6650888004125108
row_049129,0.12835933082602294
row_031922,0.02161919429612922
row_044138,0.7501806729368877
row_027328,0.009421989182079408
row_029303,0.014887634203908704
row_027603,0.0404279487079049
row_035251,0.01918247397869521
row_013452,0.07524480512801458
row_009602,0.2846595555216199
row_018398,0.0011241430454152635
row_049077,0.31260528649430935
row_007756,0.5104652493325448
row_038940,0.0006591227806880873
row_042004,0.0016045886066148028
row_000627,0.21857618046217162
row_028652,0.011882037560396717
row_003022,0.0010498711314840701
row_024766,0.044101205797370154
row_048831,0.004777822532543543
row_014758,0.0008711146919734656
row_049457,0.004885233613192358
row_009969,0.006840862155270735
row_013606,0.0030775138687956613
row_001424,0.056374072406410417
row_049539,0.07201081628265991
row_018845,0.0035376001005780625
row_029242,0.0011186679653731808
row_025591,0.01627403877140366
row_047309,0.0019866884512698157
row_009294,0.04566830395258136
row_049615,0.02883012625099079
row_019752,0.01938601600002782
row_014937,0.0048638421028219985
row_049217,0.8640002474803696
row_016887,0.5831342519715702
row_006321,0.9994550994859314
row_025860,0.0009671894036774273
row_019073,0.007049441930087095
row_012920,0.9133294149600165
row_011568,0.023698978310616927
row_037320,0.04872261989688743
row_046674,0.017136065669541727
row_008333,0.2826437187102079
row_019544,0.00419908354932895
row_003621,0.08986375092985885
row_043480,0.0007900479751882453
row_022580,0.31265176035724473
row_035890,0.02663227028157808
row_002561,0.9702033305019635
row_015150,0.008883220323696773
row_029485,0.009089995453280587
row_044799,0.0003925882232414128
row_023126,0.0034638294127824374
row_018619,0.0014352242608212515
row_001121,0.0003846076629639777
row_018720,0.06241597731799625
row_007995,0.009268395164215702
row_019325,0.00851901962828271
row_032699,0.02400024832876537
row_007638,0.513993425391221
row_029902,0.007181680542382491
row_037341,0.9551761568713637
row_008061,0.4131210429533316
row_008432,0.005699605867024815
row_005804,0.14672820474199477
row_015723,0.09182186322677133
row_000603,0.009585454493975638
row_007815,0.028611996625175176
row_026336,0.0016359700202490768
row_020442,0.08253302469549853
row_003458,0.05923515407810257
row_041999,0.009383136873347197
row_048507,0.0017288027629009139
row_018024,0.8200917485496276
row_038666,0.13025057444955945
row_010113,0.027875239332443593
row_017304,0.001277154708620412
row_013931,0.05495922127067747
row_011010,0.05383518194433549
row_017076,0.034535144280068576
row_028845,0.00030300695062892826
row_020657,0.3851410951616116
row_047109,0.00040344167038671726
row_009305,0.01988043653262844
row_013338,0.002581100300779312
row_035088,0.03360809148536258
row_018411,0.06554823874397712
row_046725,0.04020240374347481
row_021436,0.01254967456369809
row_004711,0.05006231554627321
row_047163,0.024304401189144315
row_023020,0.0035075563966026338
row_029313,0.3801185409112002
row_015231,0.02428503778309395
row_037381,0.02802980770257809
row_017933,0.012799746319230315
row_043625,0.020167351858840048
row_045928,0.16509032679156949
row_035014,0.07856549995091462
row_004003,0.06910503400388525
row_035245,0.005538316416154975
row_022046,0.12810186224927417
row_003382,0.004449289957480437
row_013122,0.004067261508571525
row_034670,0.013382482892074898
row_028636,0.01845760797242794
row_046902,0.0014063113144788125
row_044499,0.0003197852014266295
row_022523,0.014074276108694831
row_007154,0.007045231417841105
row_007014,0.8628696104346676
row_009221,0.010114090770257678
row_042644,0.06604861359279138
row_034781,0.013643744587807436
row_015097,0.006260131809595432
row_007129,0.038063274162959876
row_023439,0.16150403945508124
row_007328,0.9315076789626314
row_019462,0.004337325611326371
row_037680,0.3334137138956424
row_043252,0.9658169768561
row_006997,0.0031245628423010306
row_037434,0.10691732888521814
row_045823,0.007089908152121337
row_034824,0.008745863356306623
row_019619,0.1230183930181928
row_027085,0.47833551723039003
row_016182,0.09262457470747701
row_023569,0.1896334352890268
row_021346,0.02595407864091889
row_002813,0.05091262222804599
row_014169,0.08945172135813936
row_033374,0.001640874139522859
row_045738,0.08260545680434357
row_012396,0.012294546383880988
row_025778,0.0900817321695798
row_041945,0.13872750740152934
row_043503,0.7072035621143045
row_044553,0.002608212039991962
row_014603,0.13268599770166867
row_004044,0.2957207005943074
row_007777,0.019027248303796596
row_018803,0.08197273129797242
row_049762,0.010893169947766696
row_012489,0.005950849245511713
row_034319,0.002409985712028712
row_033519,0.04357313185880043
row_048830,0.006656070660203596
row_045123,0.1875535249615429
row_016746,0.07772813397652137
row_020507,0.061868148823820614
row_014329,0.049606887882117826
row_000558,0.6501519078961159
row_037367,8.807769872955821e-05
row_044739,0.24707562250098028
row_038948,0.001552860269304628
row_009097,0.08984393562832153
row_031216,0.010379158024155654
row_017599,0.005083813766994722
row_006065,0.014600545925768425
row_014528,0.16824500028688316
row_021139,0.012711210264889356
row_023051,0.9242109728340541
row_029661,0.05166028460432835
row_028563,0.3302323260113479
row_044721,0.006437317960048741
row_021153,0.05521690330948091
row_005540,0.006371579594878311
row_045877,0.08623357458817896
row_040661,0.025652235384235677
row_044636,0.49821135628657565
row_036623,0.9963275646347849
row_047933,0.0013068911069880095
row_028748,0.03132070226995717
row_018542,0.9623667860989478
row_009782,0.028902446050410473
row_023942,0.9998867822222466
row_030958,0.16110273805448208
row_032105,0.02504269478446858
row_032028,0.018469880067624376
row_021740,0.006134774598921405
row_008923,0.18949089645644954
row_027108,0.3333926426558296
row_023376,0.003980782797731188
row_021097,0.0020448617096124467
row_046639,0.02744077363710755
row_040859,0.04114170618650504
row_024061,0.012843789881304657
row_021777,0.9820222682116264
row_036948,0.11301312691180593
row_033934,0.009681749905878749
row_024007,0.03629795866819825
row_027498,0.009257585170225279
row_024313,0.729610511004647
row_045843,0.37484181171879916
row_046180,0.3044552037030576
row_042519,0.5147093100959248
row_032321,0.01556988585718742
row_018728,0.046994106836056024
row_034456,0.001976364716487471
row_018635,0.03165167628567944
row_028246,0.015111897849065734
row_041750,0.06324843795533526
row_006228,0.2824324834880492
row_008211,0.16952368322840702
row_040494,0.008540552858659956
row_039829,0.03008686053183127
row_047801,0.3259054380560125
row_021433,0.0006962993381425375
row_011299,0.8783621183217548
row_008256,0.4498195022904835
row_038753,0.13668828326681995
row_029805,0.007433786186039748
row_027203,0.8763641118339291
row_036863,0.09919841853258134
row_022289,0.0018542721465184923
row_013865,0.08202785708321896
row_013850,0.016234403125934188
row_002696,0.026026309486231847
row_039755,0.0212770576674721
row_029195,0.05709346183081527
row_049080,0.02751165347263212
row_010225,0.22180643557914798
row_046193,0.03919752402636281
row_024715,0.010426872825373499
row_037340,0.0022703805531598467
row_010593,0.4291377074085012
row_020794,0.0013368557609525296
row_027984,0.03049777698447655
row_029048,0.1777586099784785
row_046955,0.001422824433539803
row_004348,0.060172509602676505
row_029431,0.8565991553792456
row_004330,0.0019182833275173115
row_008710,0.003721414021218389
row_008790,0.3500361671414511
row_035557,0.009286351184952333
row_022368,0.9899785534817107
row_011235,0.0008087597088190249
row_011111,0.06731681217193944
row_011260,0.01262145023197635
row_017295,0.004733107282327059
row_021263,0.07691180714237537
row_004305,0.06279395621991697
row_000356,0.4597848707553544
row_030408,0.33581433928587756
row_015287,0.003977684827766909
row_037849,0.0276783241466815
row_047043,0.007626356098275532
row_006425,0.06919267761317087
row_004926,0.5265229146738509
row_019900,0.1681229581067813
row_045098,0.0045725224518356295
row_009490,0.0002309019029513184
row_038338,0.04207090927494958
row_034062,0.6289411992376092
row_045633,0.004964815985077771
row_013868,0.08765151977863109
row_043054,0.05837405344247541
row_043019,0.007365752387072759
row_010698,0.002676460769059443
row_035801,0.005843493266259661
row_038118,0.294253247460175
row_044903,0.08084402417742963
row_043007,0.00585187624652432
row_004835,0.028144311803401455
row_003658,0.7100057274967143
row_025608,0.02596399001949844
row_040129,0.0066483243648789644
row_031986,0.11703918398104467
row_048053,0.011175042254452646
row_049346,0.01831261522298571
row_009545,0.11716577030025402
row_020044,0.4864201580472865
row_016200,0.0016800577482807902
row_029747,0.20755812576410884
row_020729,0.008382912593396205
row_034417,0.006157550933302618
row_036074,0.11692920433807048
row_000843,0.0036110554460188253
row_028760,0.0032164268237165825
row_041306,0.0762784472954011
row_049394,0.6903619900672354
row_019030,0.8716088984845637
row_038245,0.5548718664049701
row_018408,0.014286279191617337
row_044523,0.6354580172272202
row_044453,0.009617099222051985
row_005120,0.03835941582834759
row_002876,0.90369947547252
row_028896,0.01558258326773923
row_004584,0.14370326151805404
row_022182,0.05304372548950246
row_020308,0.010068228862214623
row_018617,0.0755477228328677
row_035420,0.0006672860788427233
row_028547,0.16721432236520217
row_023172,0.46648387181033385
row_038533,0.1729528504194457
row_031315,0.0016499554962630305
row_031576,0.23472855168838255
row_023800,0.00611704459666581
row_045053,0.5790371956493441
row_021307,0.2492136808028921
row_037157,0.003521676664171689
row_045425,0.3505303617169719
row_011296,0.012969954928075896
row_012824,0.2138249516585957
row_011847,0.0033278290260571686
row_048917,0.11835049784655398
row_034116,0.30016299758874904
row_041942,0.6095203680975374
row_041728,0.0007042901487698055
row_029654,0.006495119870714446
row_045806,0.05449959585866866
row_005789,0.014331620862948006
row_036880,0.05077662935169711
row_005963,0.7091013180452775
row_008696,0.15142348745488884
row_048935,0.8688481404484546
row_026425,0.9951737391915951
row_012258,0.2877768707826
row_017667,0.1146441744401645
row_026495,0.01840689251785655
row_031954,0.06959378111375843
row_002366,0.2545757760650344
row_034053,0.006126658093979214
row_035053,0.014883738309218918
row_044053,0.008102573727918687
row_041930,0.8981311329408159
row_039687,0.0003995978321662499
row_032723,0.07552310059104536
row_012597,0.10618323706667819
row_043961,0.00043180815133672467
row_030767,0.0030856015394846482
row_037268,0.009429149269603474
row_030348,0.001231359193926714
row_006031,0.08409763572781861
row_030847,0.715866390436151
row_015116,0.14548601085070473
row_002565,0.09485915913124653
row_020995,0.05546851569326328
row_007411,0.0025269826323651794
row_023323,0.013316613972059242
row_009109,0.007241323101150406
row_030511,0.12659363608484456
row_019069,0.2344364421838488
row_001428,0.023838275620719
row_003533,0.28891654385523075
row_004823,0.1293364906623482
row_013833,0.01357218464867717
row_001184,0.8514240903402727
row_019857,0.884015969162556
row_015607,0.14333006039671914
row_026717,0.011714874463188195
row_042759,0.020032879505886877
row_031136,0.04699899881242237
row_005577,0.005003013445817543
row_017375,0.12129346848556696
row_009047,0.38717593931001043
row_002438,0.3494487853133047
row_027970,0.06419224650223883
row_014063,0.12362523338756068
row_010329,0.10955926323631274
row_043167,0.009424167713123427
row_036581,0.08965960644060723
row_024259,0.005200103810370361
row_026037,0.029823732042819077
row_034707,0.00290595802491778
row_014772,0.06025237209099615
row_041589,0.11461848041250454
row_028160,0.0033004306066813384
row_043208,0.0027820724803753975
row_016623,0.030370448632409907
row_029502,0.0008669967725907861
row_013451,0.6801294709409421
row_012020,0.0575462957285404
row_042792,0.0023481566915821836
row_005752,0.84142187181381
row_017214,0.002166298852258182
row_044804,0.7636386870670979
row_027127,0.005191800332167882
row_021276,0.004173590943955508
row_044699,0.9938576612743653
row_042579,0.048912768472938545
row_024984,0.015815521783167467
row_028713,0.5092960088887208
row_003332,0.0007056066661856589
row_015044,0.002141661794280966
row_018049,0.03355784885796013
row_045368,0.664696584717991
row_025928,0.6666272338086547
row_009555,0.3366335762989923
row_048250,0.2519098283899415
row_015798,0.09573571610719263
row_016273,0.004378553475338847
row_012402,0.0011212924826533343
row_008410,0.021719172674060663
row_001000,0.02261911934606835
row_031749,0.0009045061686155665
row_049131,0.5304964847423252
row_013223,0.006467498286854248
row_015371,0.03298059023716397
row_008836,0.12768260869671977
row_014129,0.007307923630576906
row_035144,0.9977555110348725
row_039240,0.840730310342167
row_020144,0.0957714355989
row_005188,0.2929627937395494
row_030275,0.012729521442077629
row_021487,0.027855482223069224
row_043059,0.0037339340586103414
row_003694,0.07777679778997434
row_036351,0.4823920742444921
row_037974,0.015409518846027008
row_013786,0.004767479498466448
row_008414,0.0023025584905463237
row_019833,0.03752201612893913
row_042037,0.5657722736258198
row_011392,0.12919360657310988
row_040936,0.03542693059272404
row_004302,0.6733864512570953
row_007962,0.016215825883494194
row_010823,0.002614991419748783
row_031623,0.1383664957451102
row_003565,0.014461397444318753
row_012573,0.008648302871777667
row_034210,0.005427915305438172
row_039700,0.006278165166758335
row_040825,0.007334752499667888
row_005420,0.006627212678293141
row_003446,0.05714496645814062
row_047899,0.02759850405947216
row_006627,0.19145028667538405
row_029789,0.19124953337848702
row_041522,0.14249538121709834
row_010334,0.0010209400340891333
row_028501,0.03612602513334633
row_023619,0.024888872699170995
row_002679,0.0020959815370317804
row_035982,0.006472150177278264
row_010727,0.024398493625639492
row_000640,0.5868361214146078
row_041575,0.8034682388357485
row_030123,0.01833405466855736
row_024684,0.9125043519769843
row_014885,0.13287100729900572
row_030975,0.1306589835094272
row_010388,0.004032365996585929
row_006610,0.049398951276723446
row_016795,0.09896651810878922
row_002135,0.19807135731952935
row_021301,0.0021990386620706084
row_013630,0.007307588351309979
row_045154,0.15433672754692787
row_039892,0.4204749427834562
row_008692,0.9621819374460847
row_024160,0.15654770443135738
row_013159,0.0025956994003429874
row_013007,0.24895590409481907
row_049810,0.0909312859607518
row_046736,0.014062359272655516
row_022016,0.009309520228954496
row_020607,0.01854667886154196
row_037673,0.009959419748274806
row_038829,0.32735236652018374
row_027106,0.008881946790856965
row_008336,0.4285892072720585
row_044144,0.01048583558751229
row_011109,0.03888461212655167
row_014427,0.9779985460855661
row_026154,0.005356031289599601
row_047689,0.5109723910916111
row_004335,0.1354725254551394
row_029029,0.5561966413737568
row_001008,0.005067773177618933
row_047211,0.00699656410033148
row_000095,0.0031303834115860435
row_034909,0.01490025603121629
row_007266,0.1037300651407862
row_008880,0.005651836440936514
row_022947,0.002071119988264894
row_029798,0.9453964965743565
row_012390,0.0007553473799419082
row_015825,0.008112045749898654
row_029807,0.00868268139448359
row_024553,0.02664844585745128
row_034716,0.008653072155969143
row_015662,0.0031404622659313617
row_038857,0.0026984510175216306
row_007745,0.015099517638851713
row_016454,0.05005860565298796
row_022009,0.9997062637064106
row_044234,0.05460046522379926
row_028802,0.029391345387839773
row_018192,0.0023350200001287604
row_013099,0.27028443200819263
row_003285,0.1695669189772066
row_027423,0.7891102458105281
row_029748,0.012420326471024121
row_008978,0.6793643599776454
row_049267,0.015028419195483608
row_003682,0.9986648439406172
row_033687,0.9780618334191188
row_045582,0.1844519484106283
row_028952,0.7195345816102363
row_027936,0.8215996315526329
row_019058,0.006339294164943973
row_027403,0.012840435689028118
row_016894,0.0004373957404245874
row_011691,0.0013577665230985493
row_027952,0.478606313013428
row_000242,0.8392259943361129
row_022899,0.0054303729230649736
row_009951,0.002780422563172274
row_036527,0.0158836613965314
row_013781,0.006343456419341819
row_022987,0.33229318609487113
row_038503,0.003167437344462746
row_008080,0.18863504129989772
row_021232,0.019766242500795325
row_011277,0.002721044970554058
row_037016,0.00619345828578008
row_049715,6.313466424669977e-05
row_045873,0.559678461490391
row_003113,0.524246459057709
row_025655,0.003380125010198444
row_019111,0.001672073287276823
row_020139,0.07247357150547619
row_030641,0.019394610831742622
row_017402,0.0011269762871207985
row_002219,0.0032133013246544925
row_022406,0.009086195437238145
row_026939,0.006359204870923663
row_035235,0.1298264984050389
row_040430,0.18272007053593053
row_005371,0.32301503536379744
row_001094,0.5038944457727031
row_049987,0.011798626180396673
row_043859,0.3978657616896595
row_016514,0.06780960113366374
row_028352,0.2673110090577788
row_005736,0.011119932334133721
row_008533,0.004842664472701567
row_021759,0.03884016338330551
row_013447,0.22361794771369348
row_014179,7.189700096649736e-05
row_004014,0.035985463417152044
row_033356,0.018572415816534273
row_021558,0.0028213175733213095
row_036306,0.2977956083632226
row_034635,0.005279811523450327
row_040405,0.01509585812192167
row_000018,0.005391340821834978
row_028187,0.0022067937756078205
row_029317,0.0015424116385166292
row_034846,0.26964028086004826
row_005798,0.053689998638147815
row_018193,0.6204453771277728
row_040570,0.8055435588842111
row_046046,0.3269129151888272
row_019957,0.012241333254253322
row_049344,0.04438370877151011
row_032446,0.7098501619364838
row_019145,0.23834682236579993
row_031372,0.06224087182045059
row_035950,0.03281516536112605
row_005549,0.0058576272092544564
row_012227,0.5378356211235559
row_008754,0.009002118764128483
row_038256,0.05857023896746738
row_005483,0.14483633296036103
row_019806,0.005095435756349433
row_001924,0.9880376907774279
row_010604,0.5181331778210967
row_014531,0.8323975780166942
row_023007,0.003378340518248964
row_041208,0.5041363958330548
row_019695,0.0013660987069778747
row_039707,0.02724751912666438
row_015756,0.17782742814424382
row_032152,0.007235763937729135
row_032180,0.06960049529623373
row_002304,0.012715471610811045
row_045981,0.01098784209757723
row_009798,0.00036394787969534857
row_031973,0.006076107709714268
row_004565,0.005907807051666678
row_018101,0.02902643064188158
row_016395,0.00738787206077299
row_009081,0.00183364026621383
row_002180,0.16317518195602307
row_029471,0.01234032846235726
row_005933,0.09848170167596869
row_012806,0.031130901968755138
row_029415,0.3369963814640884
row_029691,0.4058826379941055
row_017079,0.4459935204670125
row_006938,0.3106758266213313
row_037041,0.20445821736089959
row_035923,0.4631255521562401
row_003245,0.0640346680842117
row_047112,0.26485306261471303
row_003419,0.026775187503911762
row_020770,0.14599241347488934
row_039100,0.05768175015753455
row_038956,0.03966600860608547
row_028094,0.04604530374946959
row_007750,0.20347396397811746
row_028304,0.10102895216620977
row_048204,0.00558260416687951
row_033393,0.207493454267231
row_038000,0.5630029998446238
row_014677,0.28492548389595107
row_047544,0.038054450590131586
row_009147,0.023063121030673078
row_011064,0.11713930969285605
row_046255,0.0029395185194880614
row_035842,0.12737839085271221
row_044173,0.008267755810019862
row_042457,0.044487846684889386
row_006532,0.00045950266873720936
row_024528,0.5420970844065404
row_011201,0.14850813735475363
row_041856,0.0004569695973923211
row_048311,0.007962365903596448
row_040991,0.6029693006261512
row_040189,0.09858777628636486
row_017234,0.9981929919865938
row_035373,0.010936134101759424
row_021525,0.08934113464315918
row_005846,0.13899471404205826
row_023224,0.002354560100943235
row_031639,0.1365513445695067
row_023053,0.004852823137269763
row_003901,0.156074760152686
row_030250,0.01664903245734052
row_046400,0.005913780513641708
row_031937,0.09848913046345115
row_018164,0.027772336334139818
row_002033,0.028432071590986666
row_030562,0.004212712177265526
row_039376,0.008186750043486042
row_032211,0.17418543798513259
row_040807,0.027626399266945358
row_033035,0.6927714696684444
row_014181,0.8759455499603087
row_009587,0.01862246994539031
row_026096,0.007181191808581048
row_014875,0.07242925326851234
row_044032,0.013741611122050537
row_045952,0.9946956949717155
row_004086,0.4904761427213018
row_024413,0.006614212552862701
row_027769,0.9227981799278112
row_018573,0.010989052519367774
row_027349,0.013747067141621598
row_044798,0.2201608620981114
row_034659,0.0099165993740481
row_026111,0.1617045848718642
row_030017,0.07931418980344229
row_022591,0.08808266071490267
row_015584,0.012874499412856583
row_010784,0.11255662585394148
row_002024,0.005358199159130174
row_021776,0.0036318429869265155
row_023660,0.48455529202163306
row_026676,0.1091106829252642
row_000101,0.3664369820588704
row_001657,0.09913692026804403
row_015278,0.007625392064632968
row_043173,0.203380209123052
row_007536,0.07263584133138716
row_032856,0.003713072290448714
row_047227,0.0017962973201081436
row_030981,0.05491591095291813
row_024151,0.00017650509842821694
row_039810,0.00311236575725229
row_001566,0.04768643115581314
row_033987,0.2766447795719921
row_013453,0.0037237473107435545
row_032161,0.0072482328056122595
row_025669,0.0018163134520461225
row_004131,0.02683644291310199
row_039935,0.03564123079324445
row_012718,0.0060130922924165
row_049232,0.0019741565980637157
row_013188,0.4609987084245385
row_003973,0.03199326519453533
row_022197,0.5453457114604008
row_011387,0.011590284907141951
row_018182,0.0010701935475467919
row_045005,0.0017962307122568256
row_009457,0.4276768473784219
row_020853,0.001750620915246308
row_043235,0.008456287000505162
row_048422,0.006485313150169374
row_043626,0.2349425468352144
row_016441,0.04936211168442863
row_015047,0.02025454806865261
row_032244,0.07432198992311422
row_004384,0.03707891445427337
row_019295,0.03817289117381644
row_032626,0.008397208188270113
row_039478,0.00025426327714620503
row_011147,0.5447011269552114
row_044315,0.028215348367443376
row_039264,0.008783762967237015
row_001599,0.0026177208037396153
row_025442,0.004652155944116782
row_047369,0.028232944821632668
row_038086,0.008535082999385074
row_016283,0.1619147349578451
row_036992,0.6542524734845302
row_006965,0.33079688177015215
row_019278,0.001485357453711399
row_001573,0.005417723241090542
row_037665,0.002198111639770539
row_044071,0.001022067944101283
row_040468,0.2712326199254895
row_007570,0.11045319266950819
row_005838,0.691908286960035
row_046709,0.16009685911129737
row_018314,0.011792557427050935
row_008214,0.0006553124190571074
row_037699,0.033790746418065225
row_000763,0.001357030160915862
row_045475,0.019759282253827015
row_030569,0.02654898230356377
row_046262,0.07133095638123417
row_014542,0.005755705414682467
row_027350,0.013326885089601847
row_041197,0.14487425969087983
row_048373,0.00715375381240047
row_024405,0.0009355944975457967
row_049225,0.005343279221621472
row_034621,0.00826693858296998
row_040177,0.06518487305149916
row_027375,0.01709094477571347
row_040444,0.16527311190439475
row_028326,0.0029148551966807594
row_020786,0.5933792677016233
row_020366,0.7510184123510245
row_014315,0.005364891268367294
row_002757,0.16326380618600825
row_033871,0.1144025223924618
row_000635,0.1124345269652693
row_047028,0.44507499632271363
row_015189,0.2020594866151685
row_046680,0.004468037479270242
row_030418,0.09933484029656708
row_003555,0.0294129421716878
row_041997,0.004556796338079251
row_002044,0.026932416111396445
row_000983,0.05148078476610539
row_044469,0.12274737371644553
row_013430,0.020369567348984874
row_037755,0.2540880980031938
row_003548,0.09730022862203486
row_006308,0.8721977656399487
row_047859,0.14581371989854425
row_018930,0.008756026965738852
row_002488,0.050262859770746814
row_023315,0.01574741898536914
row_049688,0.006398805647145928
row_031499,0.006526656800984432
row_008442,0.12290112506502866
row_037752,0.0022024100814983906
row_040695,0.028146842946894957
row_030687,0.007312926325386426
row_046135,0.00044288029781519345
row_039473,0.3611419602121062
row_047693,0.04129612042649644
row_000186,0.013127426652809346
row_048674,0.0057968789290274636
row_023980,0.3536491228510419
row_033736,0.021135638903244647
row_023300,0.9535017612048227
row_016035,0.020846820940984147
row_024357,0.0008755764758725312
row_001843,0.002372782406732997
row_007541,0.011461925053367832
row_041629,0.07758073906635445
row_004596,0.015268151421118436
row_002822,0.056609484449560495
row_049188,0.2774494799064086
row_033668,0.004340891570499975
row_012930,0.07413304675397889
row_032176,0.0032480667164583848
row_006035,0.005882567354652315
row_043634,0.07923825005704105
row_036416,0.01617536037764635
row_033778,0.7504000074478906
row_012323,0.049876759918408585
row_004115,0.022955732846210556
row_042043,0.9701429974156185
row_049123,0.8147538642623199
row_012383,0.01085286709476791
row_021489,0.15429233448056284
row_041673,0.01751428723341752
row_029977,0.007243256173201966
row_014203,0.0005988642643606219
row_028346,0.23804423681854628
row_019586,0.9081453329997361
row_022129,0.010889588126427222
row_037845,0.6344403024763762
row_043156,0.0027375581789918714
row_019721,0.24367340898110917
row_022855,0.02213526148230213
row_022304,0.31573771585740207
row_028285,0.0030980113935405403
row_035109,0.02185670506997321
row_000161,0.026275467425922065
row_043683,0.0026530254368746834
row_025138,0.0005853130528200571
row_037541,0.027218481543476614
row_024539,0.17080953043323707
row_032931,0.011912578204485796
row_046332,0.3407756829942004
row_006597,0.19000716704927398
row_039639,0.1620072292126166
row_022183,0.17662008155845185
row_028621,0.0036629399163560766
row_020195,0.018447159086586146
row_018704,0.03292057552298031
row_028318,0.020840808503644354
row_034229,0.005594217104446475
row_023999,0.40545041363111967
row_005452,0.16636319802177454
row_021685,0.1029139900889439
row_011026,0.02159122093223783
row_027639,0.012914833352577294
row_031290,0.267341393166958
row_003596,0.899315208874559
row_036573,0.11850318531444345
row_024181,0.03708652489345365
row_007943,0.49714422262790114
row_009120,0.12902906716894832
row_029102,0.008446661120202459
row_008321,0.2519633635357195
row_039856,0.04334612213712422
row_023294,0.049888784858369915
row_006603,0.5892546477618915
row_003638,0.01190018616164666
row_023432,0.08938545350827486
row_002377,0.17511531529222732
row_022624,0.0811780932748839
row_038986,0.0741692146167719
row_020579,0.005861203263111348
row_011298,0.0015368403509428892
row_005542,0.00024802813435522076
row_013236,0.003462107197218971
row_001056,0.027425736274064996
row_019942,0.008797803584760408
row_025741,0.815570008868926
row_007042,0.9405543179346152
row_028483,0.09850615927277338
row_007159,0.012873672686813416
row_038079,0.15998407992625688
row_048540,0.003042514948620847
row_046568,0.0017091575278244666
row_033328,0.9431770958619988
row_027863,0.0059985343930911
row_010585,0.051685548439533525
row_001538,0.025404269077867515
row_018395,0.034985447647954936
row_037255,0.01068012607507031
row_045719,0.014173460696087294
row_045718,0.013304536727158865
row_001023,0.054882500147435884
row_000361,0.6044075639769686
row_007626,0.23793351179332994
row_018088,0.003949771915893438
row_033140,0.39885345592227905
row_001805,0.032861601777055244
row_024033,0.0008702780873134839
row_007018,0.009576539590161843
row_015729,0.411863479415004
row_026656,0.40734579709781726
row_019735,0.9770240696367658
row_026665,0.010924906303920907
row_049316,0.007708950999967624
row_044660,0.1304910037148089
row_031978,0.07965543310622401
row_020451,0.2021062982883663
row_015550,0.05339862163624054
row_015694,0.1473735096217607
row_006464,0.01023226724210525
row_012130,0.03980549565225112
row_013456,0.40399024362983627
row_004400,0.2000626193400565
row_036487,0.5992354322131502
row_020368,0.2542437824993166
row_038530,0.003515575755608329
row_045775,0.02611866392385363
row_014199,0.02824516837920186
row_001464,0.16355839018536494
row_041676,0.001098635077508547
row_024106,0.00022843356253870477
row_029138,0.26160913424849236
row_036759,0.652607227710016
row_013722,0.16165046990280102
row_037197,0.8166103915946705
row_028595,0.0018440643904835308
row_036000,0.030092171891572858
row_006711,0.052448865922668314
row_030934,0.008597185883711052
row_029711,0.010425456556728668
row_045441,0.6724828390771517
row_021484,0.14676809237211447
row_003220,0.22622508094321955
row_020137,0.02302898365535963
row_014123,0.7512841310726507
row_007240,0.04034276628045908
row_019743,0.019198591936042626
row_023830,0.008563910070319538
row_010799,0.03764285217609135
row_004315,0.9680222729723247
row_009107,0.02235483112804662
row_044385,0.001064793017196892
row_039365,0.0045033234151494106
row_006125,0.9572780033855293
row_035103,0.0025825611986437826
row_017612,0.01221439084345028
row_005448,0.021313235046963083
row_033983,0.035239790083464735
row_038377,0.0004023411759221866
row_046951,0.009984895356447667
row_034790,0.022397924277246403
row_035218,0.004712980076864031
row_036988,0.0521859428324548
row_013335,0.7718613791593113
row_005692,0.06008592255237985
row_017966,0.07241856843718134
row_046895,0.006322064971946732
row_013030,0.0018298259331423785
row_007157,0.008187716687586648
row_048357,0.8665583800348455
row_044505,0.46842459546541476
row_005285,0.11063172097245719
row_029152,0.005591387800235888
row_015485,0.5089712573276307
row_030591,0.9850691486466968
row_044557,0.9998874146890738
row_034499,0.9484496703795254
row_040998,0.008111135345645787
row_001294,0.6618736315532252
row_041148,0.17991670791494743
row_043109,0.0024041315952142536
row_040492,0.0003059289542851099
row_031302,0.0012460661939121998
row_020021,0.026892135550194058
row_014803,0.00024203048939621137
row_027488,0.06021599276648359
row_000841,0.038430502021186815
row_030405,0.006885028919467659
row_011074,0.9941246388318505
row_047668,0.009064431049129042
row_045480,0.0003509918651736874
row_019225,0.686755968920931
row_034882,0.0025607104115722558
row_047938,0.3225760212353667
row_004362,0.09239254110628702
row_019412,0.002169694520678336
row_023191,0.006529320169785689
row_032989,0.046475840126942336
row_016300,0.977119663589476
row_006923,0.03621588019505171
row_033099,0.0013246977493500353
row_032987,0.10442869383588664
row_026318,0.06537812282659755
row_025474,0.029631489247331767
row_046285,0.008311293188422714
row_012446,0.013191311664975816
row_043873,0.9519257599562686
row_018420,0.07775163895501778
row_048535,0.01493953679615166
row_021419,0.18601282849574663
row_024376,0.004699221642983501
row_022615,0.21419458246795656
row_033717,0.12876515365273147
row_021688,0.022879829728071014
row_030665,0.07896241340791693
row_023368,0.3160443868963167
row_030908,0.00518593530673463
row_000466,0.6887137033260884
row_032652,0.014116580495801714
row_047596,0.021216055869982525
row_023225,0.0051915985466568695
row_046559,0.0005374929108711489
row_018352,0.023431118449468054
row_007774,0.38988495434501397
row_011642,0.045836014626596915
row_022553,0.005271667015972585
row_016563,0.10938077271878731
row_044141,0.38410635314273384
row_022763,0.006175205451735315
row_014000,0.008775770846605527
row_004254,0.0018087876853941415
row_016989,0.9755960658735188
row_038562,0.1042937444428696
row_025551,0.3059890934527925
row_028854,0.35151055283588517
row_030690,0.035250762433448574
row_029855,0.7986776638493772
row_022051,0.0077991904945541165
row_011395,0.003756925317352467
row_012513,0.5495925869174316
row_039210,0.1244229775571575
row_022445,0.0019025521134162272
row_003158,0.0008591006380920314
row_007530,0.000824975216894876
row_047632,0.028835889597538373
row_046689,0.06536793557419895
row_025973,0.008956272425746804
row_037818,0.02835755096343139
row_045405,0.009631935679942433
row_040664,0.08794439339782885
row_029503,0.0034827662511449377
row_002516,0.18808067623532748
row_043932,0.011716002248447738
row_013164,0.09124441423203322
row_029279,0.0024067567022145204
row_032416,0.007465948770915041
row_001095,0.005460392675002623
row_048794,0.12817857258294865
row_018037,0.026585778360787207
row_048648,0.8881442198500714
row_024571,0.9978889380070729
row_024851,0.34522152158576347
row_008875,0.300437899738533
row_002005,0.0013140203153966471
row_044169,0.3701856176286133
row_001956,0.2942069452981536
row_007743,0.9436802930169593
row_007339,0.7179813823670288
row_004616,0.0188489343100512
row_020945,0.592228398279974
row_042201,0.02031292990910113
row_035913,0.1775575504849183
row_009014,0.9951938742760846
row_045156,0.05942785766575803
row_007132,0.019845863877981283
row_019814,0.0046516739579155215
row_009925,0.17415833507351258
row_000674,0.054325995407044886
row_031184,0.09041888916509394
row_004109,0.13783725459457266
row_003982,0.009721778934664698
row_045039,0.4297669793401591
row_043236,0.1439709770546082
row_046094,0.850456756126652
row_004421,0.004001158117432214
row_014429,0.9516623458349289
row_027264,0.002955768851276216
row_009737,0.009428109486022204
row_019140,0.005632565360104267
row_004272,0.4511035769345323
row_003214,0.012911378082735268
row_010539,0.05646713428872005
row_003399,0.08686013995324422
row_014747,0.004509863930789641
row_022435,0.037169348559006
row_000300,0.21737379852065025
row_020254,0.009825898193483288
row_047084,0.00440540329940206
row_031116,0.0010480731982041899
row_037017,0.01149812150620471
row_010584,0.09703705845665024
row_018366,0.19642727569245175
row_027733,0.0017606161785574143
row_009398,0.9259205848935589
row_006385,0.01026108323093587
row_027641,0.4941223491461665
row_020977,0.8512770555482283
row_019332,0.0011368733321152488
row_019618,0.0017728580527002912
row_021578,0.002044446346246142
row_036258,0.12517894383105713
row_048986,0.007904960089693778
row_031676,0.012264333816186662
row_012792,0.0577593984007001
row_023328,0.0010807747288196937
row_013209,0.0038102159193517584
row_026007,0.02687017041099664
row_012715,0.34195694629047135
row_048249,0.0009418956645650515
row_040359,0.004032012621449576
row_040018,0.021285463100963353
row_016065,0.043614105504839976
row_013758,0.0034312762730724145
row_017190,0.019781159762400455
row_049623,0.07356356516749198
row_014334,0.004567188583098348
row_033656,0.006864781611071633
row_014766,0.8011145548490659
row_001283,0.9466230144368168
row_035927,0.7766448712750108
row_023414,0.0049085201757099045
row_046316,0.7927436433592843
row_030829,0.01687961118451559
row_049417,0.9956292162447661
row_037309,0.03504288411887863
row_019804,0.011461993954314905
row_029301,0.012587331303715832
row_004149,0.007584539576407913
row_033793,0.10743953034809986
row_003242,0.0005515505647282518
row_033108,0.08991623580206538
row_036403,0.9522530716442724
row_033600,0.0017519585205880922
row_028666,0.0019423759707276299
row_008200,0.003280440083634679
row_046280,0.699285058734291
row_025279,0.025190706546672527
row_049523,0.39703349586289094
row_021023,0.5986196903662685
row_034369,0.015076266774935182
row_005388,0.784697711318852
row_007982,0.004392084419377038
row_034343,0.07452911652500989
row_015300,0.2553798885673095
row_024519,0.0016036943050606585
row_002728,0.026002274015535495
row_010864,0.21317538318383597
row_033864,0.0005340986549813812
row_043472,0.0002566713345643972
row_011054,0.04242543717623562
row_019571,0.0016877475815468787
row_008924,0.3829318607590743
row_045463,0.013327576448493045
row_019091,0.001962475077137779
row_019342,0.02331691801281675
row_037717,0.011258220926254997
row_031875,0.25517390162896314
row_042315,0.44158412774561834
row_031003,0.007282348302310645
row_022052,0.17705199056519838
row_031865,0.5976929061706018
row_046556,0.01790565433527301
row_041433,0.0054333022907031405
row_024682,0.050540333930772695
row_045378,0.22583843776953755
row_029513,0.7590200578740172
row_002584,0.4223791662130865
row_028737,0.0010371800209176432
row_044398,0.08312132956423447
row_048300,0.2738479361284505
row_008616,0.0008676889437662346
row_035355,0.1291523264127293
row_003199,0.4705287284269577
row_031944,0.020378990374340576
row_002373,0.4475213112473919
row_020720,0.05274591997610124
row_009699,0.9871612702208765
row_016492,0.11660298137391202
row_023609,0.001319065517872791
row_017225,0.0867758567039988
row_046218,0.012721968400797175
row_011252,0.026883739359822703
row_035216,0.4463629902227594
row_016061,0.022131979530049087
row_042823,0.00016843248727976788
row_025245,0.10859632689128904
row_049782,0.06751774589490804
row_023425,0.09799024076920242
row_032085,0.6199048892910136
row_002121,0.03139997989139826
row_003011,0.0006324900223936133
row_049787,0.21678808391649193
row_034017,0.013727417071797789
row_004079,0.6743466491921357
row_036865,0.013340319164930291
row_023446,0.10714076560758663
row_012290,0.016614565558624082
row_047239,0.008590270766761318
row_049053,0.04980049431486866
row_047616,0.0061295946340989135
row_014211,0.006660556932140128
row_044126,0.0039172949514881305
row_044600,0.24953045514529434
row_029777,0.3974919558480942
row_024364,0.29049337127554065
row_006377,0.8520013110051626
row_045327,0.00548143320670496
row_019774,0.996585948358091
row_015654,0.004391064370855587
row_039782,0.8546018860217196
row_023164,0.04663388764465507
row_031706,0.014680147184621654
row_011530,0.41191911243853985
row_015826,0.03141602776591671
row_020478,0.007089775500415086
row_026715,0.1717585306739402
row_049906,0.02926348671827918
row_031791,0.00023883470113096345
row_005469,0.5199117546933603
row_042312,0.6608774769739476
row_008076,0.005794079951492112
row_032992,0.04048860116834597
row_046505,0.0001937004495108563
row_039172,0.07547010638188305
row_014056,0.0010808097545249762
row_006577,0.010807982612416287
row_046274,0.01490901572210631
row_028278,0.8556505727599741
row_024025,0.0002212766576247868
row_035242,0.10339623809240898
row_013887,0.005878220372014025
row_046704,0.08148716642561953
row_003369,0.01247989449218326
row_038477,0.09789336985595241
row_005644,0.9963647032229669
row_002479,0.36357797382215346
row_005945,0.008546093798994394
row_028216,0.0727974431315167
row_015139,0.10561511196918495
row_015259,0.3663306261909511
row_010658,0.021611543934645646
row_018498,0.051527599858544486
row_034826,0.006788734300153673
row_026783,0.0018820715231657717
row_011371,0.9310284749427398
row_029934,0.20697087165301473
row_041889,0.9828406884621784
row_002419,0.014839726982847416
row_005087,0.17171363351437668
row_023851,0.2370353048220759
row_031946,0.08168744754725317
row_029646,0.04927347760404334
row_013516,0.014248699473443286
row_029285,0.32036862623637324
row_017708,0.013217141124272636
row_034044,0.0011733530356289143
row_014845,0.0164266953861833
row_005636,0.005309206825119303
row_014826,0.11043141116523615
row_020011,0.06535417430186312
row_016833,0.01848889249811712
row_005842,0.0022428894878858087
row_048561,0.000976857468104301
row_037299,0.01615920087034017
row_016297,0.40832330173020975
row_012546,0.140598100194336
row_034268,0.10502698668659964
row_008426,0.019898604935238852
row_042277,0.00155303188088541
row_043702,0.007896281743627115
row_028755,0.06836353369650545
row_045364,0.8255799929588351
row_001495,0.004897588812148655
row_033773,0.008059898735619946
row_025493,0.5170183182379862
row_045849,0.031524444873203536
row_042811,0.008220179438573534
row_025399,0.59639670972803
row_019796,0.03574642429781639
row_031752,0.003908110869967959
row_036766,0.04527195541579354
row_000148,0.02079277858218841
row_003023,0.9342364843595532
row_045669,0.2666936436229435
row_024991,0.002880123705844117
row_034161,0.0010070808475384188
row_046795,0.03972273249966017
row_002869,0.13328938549212255
row_048090,0.0653339681056209
row_016923,0.2896503398934615
row_017874,0.0007193723801374333
row_039535,0.022917003500282085
row_038990,0.0027354155968275324
row_024273,0.27970609542101543
row_022184,0.0025905364648066277
row_016854,0.0019487154268984965
row_025988,0.1426351802003362
row_030860,0.0020543840025198127
row_041919,0.04899754656063818
row_016658,0.4147410083843401
row_048125,0.1445461910462024
row_015612,0.6160006354586822
row_049885,0.6179825156637802
row_036237,0.9571882588486895
row_008450,0.029923952689264642
row_029671,0.07818547166242336
row_001943,0.05582577460567827
row_009733,0.3197890555581683
row_030993,0.13943501893678859
row_028262,0.09034979551859226
row_042112,0.006560995404714105
row_016491,0.0007606724136464916
row_006750,0.5427893387249181
row_010798,0.059072364454152086
row_035398,0.1899986753334494
row_041569,0.006564609418415274
row_033530,0.4993507955988812
row_037996,0.4788873680235955
row_021452,0.015884443886943808
row_022542,0.21478111011701304
row_041390,0.009361040035675288
row_049327,0.32308869232794196
row_021027,0.3975597027157495
row_001678,0.045037961138555384
row_025674,0.00028929933983198186
row_034527,0.006161798861832815
row_034399,0.5878208295759355
row_043858,0.34179607087681607
row_011220,0.16458443716312263
row_021687,0.0075790128314315594
row_028437,0.9891458417249216
row_010634,0.0827949753318111
row_013127,0.880756403731169
row_020716,0.6933161865700851
row_013902,0.004048377302135095
row_034454,0.0018518520628227025
row_004397,0.006857502347150057
row_040916,0.06587971703576458
row_040283,0.004122586386619755
row_043192,0.008936421031730198
row_004731,0.3619036565601065
row_009053,0.9716144282767669
row_033162,0.20033390411134777
row_032857,0.4885073816968117
row_009579,0.9793832084476767
row_018622,0.010744512457132087
row_014445,0.015946961793219177
row_019092,0.17760892700935169
row_013331,0.026171441833808585
row_005377,0.06355058024246939
row_019384,0.047903355575570364
row_007555,0.07177283773272863
row_031415,0.003158534610585887
row_012120,0.015194008065150129
row_011555,0.0038081350847734992
row_037454,0.15651415331786983
row_046333,0.4426705099344783
row_008823,0.11539968885348781
row_032621,0.24131094900506073
row_020713,0.30609705558673483
row_045250,0.09273669117759929
row_008516,0.040002731844052286
row_023541,0.016682090150389246
row_043514,0.002510422618348657
row_047450,0.20067447188049645
row_011913,0.016056602487387002
row_011687,0.4486319406531169
row_024962,0.05286950359324705
row_011377,0.4021459076743926
row_015902,0.562505602222772
row_044065,0.0017475965450318264
row_011976,0.010718662846934214
row_003147,0.010154517356608281
row_023659,0.013531191883202107
row_021588,0.030620384067099073
row_005311,0.13657408852811415
row_045433,0.032323838196603165
row_042689,0.1671389677828905
row_030242,0.01020641455454987
row_045140,0.08735365783479448
row_037808,0.848568242207961
row_047594,0.022460070287473117
row_029367,0.8995639115953394
row_033115,0.11075643003366767
row_020591,0.4922263915450668
row_038817,0.01024106299728662
row_025232,0.06161145408618288
row_028253,0.2435846232858156
row_037710,0.032786536466719585
row_043171,0.00922561875945473
row_003221,0.01979979828317148
row_029002,0.008276178266916985
row_002359,0.01753434994290536
row_006413,0.9081699722906477
row_005639,0.5714792430670755
row_042936,0.03390466774430398
row_036675,0.32964073343014594
row_030371,0.9865275291316519
row_014165,0.7153977504420336
row_011562,0.013167429074827545
row_002150,0.01045820168600604
row_031641,0.26321863525470923
row_005682,0.1282535914694497
row_013743,0.7086436216865587
row_000035,0.3939259478143709
row_026408,0.0033374912172635294
row_004224,0.09670090406436976
row_012006,0.062431778971716305
row_047565,0.49415356688079476
row_027490,0.01064071211001758
row_026762,0.07157228020624258
row_040326,0.22757744724256374
row_048846,0.048496359759502866
row_009337,0.4203793611223531
row_047270,0.19055793675703928
row_005048,0.07602965139935115
row_008391,0.003684649797642942
row_019494,0.02092640416224108
row_006622,0.025627399609378602
row_048880,0.03712626821492999
row_046149,0.005048254063105137
row_003852,0.9324104296622203
row_018170,0.4003364303207048
row_043467,0.15550446404613455
row_000773,0.010725880224379297
row_011784,0.0260407963696776
row_009121,0.03623009912967131
row_013815,0.03151229831360748
row_026006,0.0005099144279893025
row_027168,0.209585198419884
row_029251,0.005544735714386171
row_035249,0.4051205776469591
row_037307,0.20799690313513372
row_021553,0.009331172099051922
row_047455,0.02179591221934573
row_016432,0.19504855534675627
row_020118,0.0013787109031620393
row_048078,0.8510088858700093
row_047105,0.12992533104956802
row_004719,0.01800681778450275
row_003795,0.07567999891298767
row_015160,0.6625891884325148
row_021437,0.06743261522640134
row_037182,0.01586897114013234
row_027306,0.2059335499245295
row_004295,0.6640173165961543
row_046435,0.29085098707243795
row_023165,0.3262720387767301
row_027261,0.06075648598944433
row_001825,0.7577185497360757
row_033216,0.3236770558704815
row_032860,0.009274419091065038
row_039007,0.7854495556667578
row_043648,0.041484145237295864
row_045337,0.027811226117883506
row_036595,0.22453531393014797
row_034507,0.48890467102993246
row_008226,0.8736641419720907
row_011481,0.9835337731115071
row_009483,0.001918617800490442
row_046397,0.5265408307889311
row_027832,0.3534645223466174
row_037478,0.0024944201457388787
row_039867,0.2088176751781042
row_017119,0.01751729039761528
row_038884,0.011927190272873974
row_036409,0.7542644592174649
row_038432,0.015286459090073456
row_032980,0.014314351401073075
row_028496,0.043797416846309986
row_016322,0.7545977183010725
row_016431,0.017578585116335373
row_027253,0.02962420686108714
row_041882,0.061099661646355635
row_042460,0.21769384771963968
row_046229,0.009575267144061187
row_036709,0.0012921876646155737
row_014093,0.008352051219721721
row_047866,0.009905030824123272
row_028339,0.5685657599820904
row_011651,0.9910442087603538
row_031293,0.01261340585068095
row_021010,0.47457854341756084
row_027066,0.535135982693354
row_031443,0.0021599107612158695
row_020891,0.0019359640232478141
row_012490,0.02410141014489031
row_002693,0.2388796720582324
row_036003,0.24818178332370197
row_006052,0.3031237931178385
row_015606,0.5563132244429894
row_001115,0.15677924124714782
row_025830,0.009147792727586512
row_026538,0.7933299873031261
row_023537,0.3537131556658307
row_049973,0.3638231014837363
row_020747,0.21345731800436554
row_032551,0.028936429903876806
row_009952,0.010914113561370568
row_013782,0.03849804902088647
row_038003,0.0044503406354990446
row_000749,0.15748473822489711
row_041921,0.18116498980390694
row_048433,0.25155419089861647
row_010663,0.11061093912744718
row_019765,0.09689785677662693
row_038442,0.05300913974932353
row_041031,0.018521702360348995
row_005898,0.004105150336047308
row_004240,0.023659206371326482
row_020146,0.017215536072996352
row_038149,0.01247564366925399
row_001243,0.45759515885839397
row_020448,0.62391064824962
row_022377,0.006691067082379193
row_020413,0.042669117278595174
row_013975,0.007178111822322567
row_019483,0.003201194037786709
row_008071,0.08823174490955828
row_038252,0.9287836242112906
row_033438,0.00208314233867798
row_008820,0.06628827676703418
row_049826,0.02298236854114753
row_008841,0.0009104776015275871
row_040794,0.9930214908642763
row_026642,0.0045492170643911005
row_031268,0.004661724882790246
row_026504,0.040724921248252235
row_003611,0.6667219332126162
row_048995,0.0024562464590430558
row_048497,0.8579712836762597
row_041558,0.021813434123153137
row_015284,0.918544385195939
row_022757,0.4352744865495829
row_025724,0.6403204197352191
row_010344,0.2670370810704706
row_001126,0.0015706453451096805
row_047843,0.005224777711659624
row_000530,0.16998101301614735
row_033863,0.08129463641279687
row_042456,0.009425819253732398
row_025949,0.4549088484250721
row_033705,0.26536827750723363
row_047730,0.004584319238830513
row_023365,0.08628001913319294
row_021002,0.015078269730022499
row_048678,0.00402548904888359
row_021118,0.003980030516582617
row_017067,0.0028893725480510163
row_040448,0.0008371930219693547
row_018920,0.6650639896904279
row_003261,0.02492787517598872
row_024716,0.4109515342380703
row_011741,0.2847859921230798
row_030470,0.3593052947591879
row_007183,0.11927757263035553
row_001098,0.48595017937369067
row_041717,0.0429032889943637
row_006816,0.0009339810818840108
row_034546,0.35682584734300016
row_043375,0.045359505962537794
row_031851,0.07692745415331839
row_003029,0.06704626854739194
row_046097,0.14024598243727607
row_001096,0.5806512136863919
row_001794,0.3379660737468232
row_018684,0.015365252941223147
row_016230,0.7702440518329211
row_045506,0.8871743905636762
row_023637,0.008157386299391908
row_049481,0.0013679235495509428
row_033207,0.004098764929482062
row_043592,0.021416252444895808
row_031990,0.6830853903883226
row_033551,0.05923101594089569
row_018365,0.7670646525709547
row_013560,0.9756146863167342
row_035906,0.15980537803701828
row_045751,0.009708220388316176
row_001169,0.00732081463241495
row_031100,0.004786119910351129
row_028076,0.5639590586850504
row_005476,0.7763037211650651
row_038789,0.002107685935449038
row_030774,0.9998980504910289
row_036368,0.3292858831479138
row_016619,0.08361933357674303
row_042106,0.8075635769654439
row_006143,0.40964454813692575
row_033688,0.006497384927704753
row_027364,0.0024629563634509938
row_003495,0.00941652018595408
row_009884,0.0405516606392679
row_025849,0.2575693379435121
row_036124,0.00723303657316086
row_043113,0.0015086684178258678
row_038339,0.06234928229265776
row_011850,0.703091331463665
row_003652,0.009771397802522222
row_048698,0.0017526730969281896
row_045428,0.28178917196210895
row_007168,0.934618034529117
row_022424,0.41663350468708815
row_010594,0.16493180635520419
row_040147,0.17428330767155886
row_048669,0.1626669740533318
row_014495,0.04413131116492336
row_026827,0.7332100377372749
row_010020,0.0022593319904783233
row_033703,0.03356045281656696
row_047676,0.00243100904929256
row_028280,0.48097737467751567
row_027086,0.08039410645257836
row_010296,0.27331056236650336
row_030422,0.12024100115000176
row_041430,0.013982203762854374
row_037424,0.3458246958472345
row_034514,0.04400044283106562
row_025180,0.005950389248916437
row_034006,0.1423014926492865
row_034841,0.23881171614974814
row_047979,0.011463708193000632
row_042171,0.011420902603847947
row_012711,0.23702115795492618
row_039310,0.007087501743112244
row_015735,0.0382368991282956
row_041294,0.3533112412094995
row_040558,0.028304726423893492
row_025101,0.8368821227422202
row_030593,0.011973887172931283
row_024565,0.01772897497572865
row_018695,0.07834580626034923
row_034217,0.03421686364716883
row_024367,0.8440806726820572
row_001016,0.004503802451911476
row_042697,0.02979766934840975
row_042765,0.015660390790065867
row_043373,0.14969096814974722
row_013519,0.060579956300861465
row_005618,0.008426987879782981
row_006780,0.041079486789887106
row_046544,0.002114110486840654
row_006246,0.6328486413678109
row_033136,0.0037190250655555904
row_019454,0.016539762036064803
row_003021,0.04294794212022502
row_048502,0.0020260244312421934
row_005333,0.016985522262538646
row_024131,0.12872337901890732
row_005839,0.06486335040226991
row_009678,0.022663060938072768
row_005633,0.2470038354025318
row_048228,0.1693727205352531
row_048252,0.1260717636302231
row_031611,0.0011373032985563887
row_017988,0.30044800544739886
row_040908,0.022871593742454756
row_045654,0.7069127917165878
row_022619,0.0049620594727904374
row_042152,0.023446617790202677
row_049320,0.30705265853904173
row_005845,0.018758586181561576
row_043424,0.10939781302808384
row_011726,0.047984770600717874
row_047936,0.11144842629364861
row_004445,0.4379343287504645
row_001265,0.002467494691715529
row_032683,0.9921354190324229
row_037885,0.02577561533544132
row_038308,0.6890777556136245
row_041692,0.19970799026430386
row_002262,0.05886062369772288
row_019005,0.041567616463322826
row_025653,0.006718290624358129
row_017352,0.0020835044758344087
row_025237,0.00493037417894029
row_015071,0.6057784107071396
row_025573,0.035686209357696466
row_032282,0.004433952735248742
row_017716,0.0004030692432507569
row_025450,0.9993110772938734
row_035903,0.7669076393716693
row_044801,0.0005243484307863518
row_027910,0.010637559741772995
row_041477,0.0019240964328091027
row_028095,0.0029364607331822837
row_006734,0.23083410227283904
row_009465,0.00965911298087261
row_047567,0.36231605083638646
row_038994,0.003676803466188631
row_028763,0.21352615185844692
row_035257,0.9408673027938592
row_009426,0.6595272545429349
row_031047,0.4766011473220709
row_009376,0.002892718924328883
row_030228,0.013948374171990541
row_006539,0.0036619333193305217
row_043874,0.09902231289449587
row_005222,6.959683476253514e-05
row_025113,0.0007539244314465118
row_026022,0.04956951927858353
row_015311,0.057640564907889866
row_011634,0.00139685139316698
row_034580,0.017313823327768568
row_047733,0.013388085173123001
row_000735,0.9231291520296706
row_039898,0.9037017827144238
row_019083,0.6306463304088623
row_026047,0.3846747473112183
row_016939,0.20798768622282932
row_043132,0.02558662550604071
row_013872,0.0005123714260909263
row_006812,0.1496928833327105
row_031083,0.02909640675020538
row_030332,0.006106995680160678
row_020954,0.0243390640683131
row_007976,0.04840181097011285
row_014162,0.7999760073082545
row_004929,0.004439917962240561
row_034287,0.0010470489995199194
row_036241,0.11085385079092484
row_002504,0.041722130326178185
row_015015,0.5736908506811774
row_030263,0.007076540465205764
row_001988,0.14736169203651062
row_022359,0.8665254670709979
row_034236,0.0006164743479309826
row_039269,0.25632935030382364
row_045160,0.0023694492750884425
row_027390,0.03464290189227907
row_036669,0.0015111821024076366
row_027092,0.04502079599356426
row_031484,0.06691733245380983
row_048330,0.0005429959720354767
row_034254,0.4210661507796714
row_026152,0.18204775132021525
row_010504,0.00020643806972959087
row_013403,0.026960739047137437
row_004135,0.007983555361468761
row_026370,0.037443433114756654
row_046933,0.002840167348393455
row_016093,0.40526199757441494
row_009746,0.22264280722716198
row_012926,0.014712351862069251
row_003879,0.004050226689065627
row_037860,0.033055942609909086
row_038197,0.9991142035905338
row_046010,0.001114764619145476
row_049510,0.07016693971008475
row_040892,0.002894114010622619
row_006128,0.004580777222074048
row_041010,0.027760666585515084
row_016984,0.014585286552945791
row_025941,0.09890060757879235
row_045753,0.2045736911425401
row_019563,0.9971577810844503
row_025900,0.001200860970424333
row_013985,0.6332716392521631
row_033743,0.46338953610255035
row_043696,0.010975363273338484
row_028427,0.03978202226683827
row_001960,0.5543724215675301
row_034687,0.38667626672327227
row_046294,0.07247347108283683
row_004649,0.008186945604669916
row_030078,0.01630212054593611
row_002425,0.0947580457237127
row_047357,0.3450742791633552
row_021628,0.006969625011360052
row_003130,0.7159014023408146
row_028580,0.013958172445582664
row_016013,0.06029738658599452
row_021300,0.027438406119219595
row_048137,0.03817323027598811
row_048031,0.16484014535246438
row_042591,0.17414168345535744
row_036052,0.05609365196431815
row_020533,0.005485723389056829
row_030140,0.24944113641751803
row_027871,0.3782996042473028
row_029672,0.07581274060572527
row_004939,0.019321532206672213
row_022206,0.057971221168314664
row_047478,0.0892401722021692
row_040678,0.020580062244540436
row_032110,0.001746735047873115
row_046629,0.7207778189036034
row_024416,0.718011141370839
row_006713,0.0066037089146942255
row_026445,0.013462249138113024
row_023916,0.3024698234656477
row_003654,0.02020422163471022
row_033375,0.001096080286609811
row_004336,0.7129181853498584
row_004805,0.06960260270841377
row_007055,0.014229908986594444
row_021450,0.00045204413891439623
row_032804,0.7956117025351446
row_010033,0.0649757431958518
row_045510,0.11996962941352819
row_023113,0.09594126532698685
row_027621,0.0005964086277473213
row_036657,0.030976584129803215
row_042108,0.004993473730310397
row_005336,0.06305894201295303
row_001415,0.06752310969872209
row_024211,0.03229142198079547
row_016332,0.2512116521604759
row_044066,0.05939610799200962
row_034951,0.012358084825807414
row_025461,0.02947149777200745
row_042797,0.00858420775216683
row_002837,0.01248426533203147
row_029586,0.052473456283463636
row_014522,0.0103555191804271
row_012783,0.7363966400326515
row_015154,0.020298032254355246
row_019084,0.0035110984461792435
row_040085,0.0957401610000079
row_000949,0.03715939229499105
row_026367,0.014850200360848689
row_047897,0.043592649136462415
row_034533,0.007164897769457453
row_026044,0.027962296043534486
row_020707,0.7023663455573668
row_017700,0.00375301980693384
row_035834,0.9811694722708608
row_047805,0.06598170094139257
row_047923,0.009965401232921766
row_021316,0.021036288364772893
row_044172,0.03260819090975491
row_012602,0.08968469180881639
row_038916,0.13188232509120457
row_031729,0.03320713124438269
row_023814,0.19058517550067092
row_005234,0.19409721155238832
row_031831,0.092718888463544
row_045556,0.8475369021992077
row_026403,0.5179265376622361
row_049866,0.004108605391140175
row_015678,0.0844256114307004
row_007062,0.024089316577674776
row_024820,0.5978322862139421
row_015108,0.0034991247477929952
row_024138,0.006304712014339018
row_001185,0.02596435477210601
row_014355,0.024683801178143144
row_026904,0.2573650345406364
row_027413,0.14767050441634866
row_007913,0.023397219859062908
row_046599,0.887045720084838
row_047420,0.15367938429069222
row_030175,0.01588451175452609
row_031482,0.0010998903167581786
row_031283,0.21872823426283775
row_017537,0.3340762899166264
row_020841,0.014287660076532774
row_004824,0.018874475007302643
row_025295,0.004378847744827136
row_011628,0.008445424903937146
row_003695,0.06088302443844712
row_029057,0.4468007533310094
row_047758,0.006594710935166004
row_005695,0.00025421516167529784
row_023473,0.01041952914087891
row_044683,0.0418092444024517
row_010640,0.002673177960484846
row_018506,0.09923897242927855
row_005182,0.7817658837995445
row_000381,0.9968303560260751
row_038103,0.029344181837597075
row_045188,0.031728630720239945
row_004368,0.010586823277041049
row_034128,0.03499558024314693
row_026419,0.0031710958769841572
row_043144,0.002827538413575364
row_017080,0.10985551831014499
row_041265,0.007254101303517036
row_049357,0.13934992531210058
row_027048,0.016238849316467532
row_046433,0.07541553245574795
row_013590,0.02085305324098004
row_038870,0.20305173312150718
row_021530,0.1089600414492587
row_013273,0.04223863631855557
row_015852,0.002239012514274002
row_038677,0.0943743134098267
row_017343,0.015352684409151916
row_001181,0.6314163082544983
row_041018,0.013578378085930019
row_043857,0.6754665690053789
row_009155,0.00607307616899608
row_038214,0.27629067418200404
row_020577,0.0032713416094574724
row_029606,0.4261362380768971
row_039698,0.049065233486603514
row_014108,0.11541880962685094
row_045067,0.017252216321611544
row_017101,0.29038059782979925
row_041935,0.006855570243544138
row_047174,0.0043594654415898895
row_041481,0.326262868157707
row_006820,0.0018447216594389842
row_045148,0.004184818304229015
row_019255,0.39681325370853127
row_035657,0.00516718913896364
row_039529,0.017339729803300306
row_038946,0.004895265138144987
row_012518,0.5407278888463907
row_004537,0.004629365297017438
row_032829,0.0010419217775609379
row_013392,0.06794015573652191
row_013358,0.0022156979650519368
row_000757,0.3358471679462449
row_032695,0.18903540477002062
row_023635,0.8314366629976746
row_046944,0.007072696720994492
row_011846,0.04652063480639006
row_015141,0.6106456244994507
row_049169,0.06552782178167914
row_029890,0.03993789155843802
row_024133,0.008644536770641038
row_040561,0.6518378183381547
row_032323,0.021414169697491877
row_023035,0.005283394227143995
row_022067,0.9424125676000707
row_007465,0.4988060757122422
row_028122,0.6981087529391247
row_017623,0.11644366305845341
row_035614,0.5553929770545027
row_018642,0.6794904924049483
row_009365,0.003676351783158939
row_014676,0.0021225812664459006
row_048785,0.9368838439936352
row_011954,0.00033284995255925486
row_027636,0.002115603545726427
row_006538,0.0005977580282843513
row_021700,0.0006089592051314395
row_038943,0.022951538393352674
row_021493,0.03617974686390305
row_018992,0.08740667173978836
row_034389,0.8815476991151981
row_018970,0.012969797183664148
row_025317,0.00514547410959523
row_028614,0.0020645002450227225
row_043145,0.7506152997986666
row_037928,0.9971746698192158
row_005036,0.4603993060290343
row_047576,0.0020424054277400046
row_003865,0.09950883788906047
row_014879,0.004485659789937672
row_048532,0.005218889831137985
row_024003,0.9926670066748879
row_004631,0.29733143369642884
row_006988,0.008681339659492112
row_022283,0.01699867346557617
row_001345,0.13032653573980538
row_038750,0.006306505533613027
row_046327,0.009222292673892572
row_010095,0.0016330965443978563
row_001564,0.0015489782824652787
row_022902,0.002285295767403411
row_026960,0.004093748785789718
row_011219,0.8984983677570828
row_039910,0.003502000324784773
row_043486,0.16677690621429025
row_023239,0.07356932626699067
row_049087,0.0005778573060110777
row_007252,0.12663362325358482
row_048468,0.06639282386325297
row_019128,0.09337955432357237
row_024815,0.0002623150230394832
row_005025,0.3796648061955872
row_007073,0.4622003297376984
row_016358,0.0023423306869489965
row_040690,0.035550465565051856
row_036490,0.0555874911666429
row_044702,0.03941816182011456
row_029631,0.018908196384442685
row_049331,0.008136034782830375
row_019955,0.9496410530556688
row_027858,0.008604593623355727
row_049798,0.5267947771262788
row_042885,0.04250910885120799
row_042275,0.0028213014658474227
row_048789,0.04280583004071514
row_017078,0.0032866556704234063
row_036646,0.0008630923840043791
row_008666,0.1432077782507013
row_034312,0.7827477656172124
row_025058,0.9694353468891553
row_044939,0.0013674898056361318
row_046618,0.0033154341635808233
row_019491,0.060026116739734105
row_030728,0.005266047744757504
row_010528,0.035033866458883324
row_024401,0.001783222963708969
row_038490,0.019746381609529535
row_022371,0.0688469377768695
row_011047,0.8243339638216081
row_018600,0.1720719086563478
row_011504,0.005014466605071927
row_020362,0.00395712669023309
row_017259,0.9872066075112902
row_008353,0.006867191886254707
row_029535,0.0017861329441565897
row_048152,0.5929961200925802
row_008176,0.761960797872035
row_006150,0.08106813194961544
row_001106,0.5267107630787677
row_046429,0.020421942065246383
row_025558,0.002593842212029391
row_014036,0.917865170032517
row_005489,0.14501425663359915
row_005017,0.038892238271181635
row_007547,0.06065872966007746
row_031433,0.04747151798379889
row_020101,0.07137802257946285
row_005679,0.0080769525957494
row_023664,0.01597176819973706
row_023893,0.006286038867956087
row_047031,0.24477973424879168
row_012376,0.03927208239238864
row_007953,0.01077201941128538
row_001815,0.01011939259777929
row_001460,0.010685453392530918
row_017736,0.013688383873719345
row_031684,0.9382634707445443
row_012461,0.007122138083805393
row_038492,0.9980602266564709
row_031920,0.02037333577382684
row_040736,0.0032870926849784014
row_014538,0.04890820586535207
row_029311,0.07647425679444214
row_034363,0.04549598605619206
row_037460,0.35632539395213314
row_038120,0.0020040788448363474
row_048233,0.6372129879945251
row_034604,0.4735027866631914
row_034351,0.011206035692176304
row_042048,0.3967045002436
row_006531,0.04575942591155962
row_004570,0.29937129549463054
row_004439,0.2322996474937605
row_045765,0.16529461221350691
row_024415,0.021680978503948702
row_028579,0.0008063827125823726
row_017373,0.0007204799412291313
row_043199,0.4217999159733674
row_005902,0.021682616321123477
row_019728,0.12151906680476825
row_031984,0.0015806932581190676
row_018478,0.023736976936067963
row_000233,0.04020414735023221
row_021231,0.013821513423100505
row_037058,0.3435887837320602
row_018783,0.0060929418650938205
row_044028,0.7821055030583114
row_006155,0.4253091194730516
row_012287,0.10603785177944634
row_008334,0.005990465250165964
row_044860,0.015850391132275928
row_031197,0.7362491695397269
row_017676,0.022852754564163826
row_024948,0.062309451454517224
row_030502,0.001753152793593563
row_038039,0.0560018789303573
row_012793,0.13367032833055176
row_032900,0.24792566667363233
row_032824,0.5504609020184041
row_023251,0.03947189423635927
row_015144,0.002277895846026604
row_024661,0.5797062644635751
row_011944,0.003936076160777074
row_019929,0.28803848428649326
row_024733,0.0007962403726966018
row_011501,0.012716958504888434
row_006095,0.014543802043097872
row_026192,0.036807518166138635
row_048087,0.1268169328244207
row_009031,0.01729104464508386
row_034479,0.13302518695775778
row_035554,0.03494152660489402
row_018866,0.45231331354405074
row_044314,0.3322643614289131
row_031300,0.4021470755961584
row_033594,0.026107866395268936
row_038597,0.00636948370857243
row_017410,0.006942484324461662
row_039537,0.007048569182237956
row_024048,0.652052996656183
row_025181,0.0140584284072017
row_004566,0.009116488759152525
row_046602,0.009790786176714776
row_030816,0.011026571669664902
row_049447,0.5637445734649507
row_032182,0.0028416439798896426
row_039631,0.012379778721660968
row_033918,0.08071199957896413
row_040191,0.024510186962201055
row_034748,0.004470872762048621
row_019394,0.2775148554050278
row_039728,0.0009567230486031123
row_048202,0.016719390335378146
row_034384,0.28070394820363065
row_041988,0.036176317545172136
row_035278,0.016580921908635114
row_038148,0.2844212853920527
row_012942,0.21894635481042546
row_023243,0.2718093576001522
row_046740,0.2684704419657798
row_005777,0.2625611218570025
row_011685,0.02247595020366219
row_037909,0.2850578460500513
row_000442,0.0030818788078857892
row_003984,0.14807411643839405
row_022778,0.011114305180949411
row_034641,0.011029557985433633
row_016552,0.7931301996900724
row_030115,0.9802693485123795
row_042324,0.14368846579894468
row_014193,0.027268117257955114
row_002583,0.011278849979370677
row_003354,0.08571038204198056
row_032207,0.0020403393792304395
row_008989,0.13344248980281906
row_013302,0.04505411407309493
row_037256,0.19285692064736312
row_025869,0.012338660817034034
row_015672,0.22929827718265053
row_017701,0.008529732284660276
row_001856,0.21289541335804396
row_015621,0.5943069476158449
row_017905,0.515223798093121
row_038981,0.03182859354509347
row_005407,0.22374779247516152
row_018874,0.8241989411900288
row_039477,0.16169309741147056
row_048774,0.7450260996109026
row_024447,0.25601950843835075
row_041815,0.5608680452991696
row_040759,0.0013032488624649743
row_018449,0.007206412413198476
row_034822,0.060886226905347056
row_019832,0.016918770348714262
row_043158,0.00873563480717703
row_028150,0.14977702743471397
row_007221,0.048036110194967105
row_023148,0.09056577860180533
row_010169,0.44577219983443367
row_046681,0.11841544635934034
row_042683,0.11424039642425395
row_026531,0.0074444583229925695
row_038474,0.8590344904459083
row_025801,0.029091946749282633
row_031476,0.8088136093286361
row_049019,0.02182932697834031
row_029055,0.011963056677058317
row_041511,0.003689994762828561
row_023283,0.24602241803303798
row_008251,0.006529287644865664
row_023345,0.026244402596756585
row_041978,0.005071362495658463
row_035349,0.291678358683424
row_042512,0.09815120447664696
row_030234,0.014146880193471873
row_017585,0.47666108167799387
row_004246,0.0051228785357402525
row_048611,0.006204651657190762
row_016071,0.279060678012952
row_002983,0.0009445562235891933
row_013459,0.007604642898254477
row_046683,0.059261680113889145
row_044430,0.0015901868904934276
row_047894,0.007621158169468568
row_024408,0.0032838886360433825
row_020978,0.005103008077131715
row_023610,0.9146095924964333
row_000758,0.0022975673451682698
row_010824,0.00028161264712874164
row_001421,0.001202634002474063
row_049410,0.042335008690715104
row_039181,0.078639340055015
row_002040,0.0025393932965153683
row_035922,0.006457985190330688
row_002560,0.06724982379470554
row_044682,0.28598123629282574
row_037465,0.364600103445299
row_037535,0.0032429372067656675
row_042130,0.011641114054221973
row_039085,0.7440264615704718
row_000256,0.24881887085614374
row_029495,0.08481845570307467
row_033907,0.042565326799856806
row_018445,0.09761483892651801
row_020868,0.028256552158333254
row_022693,0.05891514498544001
row_010226,0.012634310708066874
row_034890,0.8617798360169393
row_038785,0.13639627057018847
row_012749,0.08089433254271938
row_041568,0.08464852487247845
row_042949,0.0007045167518553999
row_045674,0.46223583908332055
row_047677,0.026905602290742677
row_037490,0.001663804591370306
row_005774,0.037155560504159364
row_045238,0.7230096746594697
row_025298,0.15276440083188542
row_013679,0.8818392265548278
row_037836,0.12944886259463476
row_029378,0.00014393382532758056
row_007581,0.01555005782325537
row_043244,0.24098566118820813
row_025861,0.0005107029946161209
row_000052,0.006187467954400873
row_033259,0.018608644646360594
row_045082,0.08096450678638221
row_002883,0.009041094841237997
row_004176,0.0454587731025783
row_036927,0.2958644337515929
row_025926,0.060004858686594796
row_004632,0.9996621616697392
row_034345,0.024038887951284338
row_019345,0.004280931997213837
row_018185,0.05970049163847466
row_023546,0.01798450634325686
row_016749,0.3473327223727377
row_010489,0.036774385794888634
row_018087,0.09274356117687231
row_040052,0.01045220551965982
row_002932,0.026973929494151876
row_027130,0.6443297489742679
row_041853,0.04450957050192168
row_012495,0.002171610798452246
row_035143,0.9869775041564774
row_022585,0.5094737236269647
row_029455,0.0016082916478589947
row_022737,0.006123437200295586
row_020529,0.015738942947465775
row_006611,0.007231098851211373
row_045879,0.03776098408996286
row_006447,0.03960251334255247
row_008001,0.000433644606722109
row_020439,0.2425796455735516
row_002071,0.09502723718923897
row_017893,0.5029537687893323
row_036936,0.004116027969371922
row_017998,0.016182869265083315
row_014250,0.19886933614571695
row_010579,0.03230474835727589
row_033126,0.007100896823462114
row_015796,0.03638553148776844
row_047503,0.8452328973114434
row_015731,0.02577354766892841
row_048213,0.08389213477959788
row_029469,0.003673024005699975
row_047498,0.00859265817186247
row_005342,0.007127068639218909
row_010974,0.08595834520301408
row_044055,0.004114570686877742
row_001905,0.008929580874262062
row_041863,0.10240080102233551
row_049731,0.6076502685986993
row_036730,0.04618296879718497
row_005335,0.14668598586183734
row_033629,0.001726373151314716
row_039391,0.4820318368750177
row_040135,0.0007901842780998269
row_040438,0.8495167423904234
row_041900,0.5215169809965349
row_007688,0.00035922322546619046
row_036668,0.5725911294844752
row_008933,0.7839324976453675
row_021864,0.010970605267339372
row_007120,0.01214000643714373
row_003788,0.048292967169020914
row_032154,0.03397378349271061
row_043796,0.0562766916087404
row_009432,0.005423508243241729
row_039505,0.3861026994468057
row_006640,0.14120832341005138
row_015955,0.017920114657691975
row_031636,0.717594805284505
row_022915,0.9028249676019654
row_014353,0.006639988460243305
row_010734,0.023506427890043608
row_000720,0.0031742274968853687
row_017275,0.010111248723814288
row_025006,0.5584025134082323
row_020961,0.07671759831883584
row_047607,0.0038623084639425086
row_046929,0.012458388021940424
row_029067,0.01586573673208676
row_021393,0.04538246136390078
row_048659,0.0030432454742678524
row_025757,0.09241721555186212
row_044231,0.08028033333050419
row_034446,0.00512529507331212
row_004722,0.04264845079631992
row_004864,0.03399107151969438
row_025870,0.013111169864396888
row_019393,0.8383543430398142
row_029738,0.17380822917723576
row_032249,0.015942496444545727
row_016239,0.6994597634293427
row_000854,0.02349869888626459
row_023607,0.007198968839705725
row_016095,0.8051992817437785
row_048499,0.0031767712222066815
row_043737,0.004977374305813389
row_034835,0.020649464805755975
row_000925,0.13748571565938106
row_037800,0.0017625366691479036
row_000038,0.4720664752096063
row_007405,0.013775070849665292
row_040044,0.0029554722701359407
row_027031,0.5249627082445952
row_041920,0.44914429807806344
row_034325,0.059656741202744314
row_030954,0.0011306194107708913
row_021447,0.029426714102051943
row_002663,0.5926660635233325
row_043180,0.1476483221710245
row_026011,0.002116393404033716
row_047957,0.4530430771900992
row_029662,0.0048808936527720325
row_020483,0.012134881451084533
row_001603,0.9686027840031941
row_039004,0.024365882100166235
row_019420,0.09271714238605087
row_016464,0.007580567189531308
row_023748,0.0014438049020868281
row_027904,0.3210720389424689
row_030221,0.2546892300430408
row_011980,0.6745161713407304
row_027504,0.046687626371115364
row_046239,0.045777662845883596
row_024745,0.08445607060466413
row_026781,0.005916319767487754
row_037403,0.11448430181882577
row_020503,0.9976113490488953
row_006072,0.5675204505039457
row_013568,0.009670785067738417
row_014486,0.023451696432024008
row_024424,0.035292212216845975
row_012808,0.03698420201449574
row_035772,0.005435226861401862
row_005444,0.07958830445849838
row_046936,0.002761092346939812
row_021206,0.07005637842246205
row_033602,0.0026841642561206
row_010566,0.9571162977278291
row_000213,0.008692699866446475
row_044335,0.04086277351866705
row_039481,0.004097649039434542
row_017185,0.047925539500243725
row_004858,0.9710184706559409
row_023655,0.008947701111673336
row_009609,0.20862273134403483
row_005296,0.0008267051005959025
row_034681,0.008458817683907407
row_043826,0.19792460964615258
row_036763,0.7778854635880514
row_042021,0.0041901581774879395
row_010467,0.019568770881877483
row_006946,0.002116011100508377
row_040034,0.18947098199823162
row_014107,0.04837793277384672
row_019247,0.06119596252073735
row_035715,0.9891649630455691
row_041818,0.008610585599976057
row_017759,0.00185494835342235
row_036724,0.09475187518504644
row_006102,0.000332258415518268
row_021942,0.004089061610318814
row_023433,0.1518193146110627
row_028411,0.0016793269050443917
row_048915,0.008885477783240135
row_036681,0.6496489849499051
row_010761,0.11021776516228503
row_032063,0.44294482158393733
row_008698,0.016797061056237534
row_031212,0.004332561364331519
row_042427,0.695126216447018
row_018456,0.1069185744008624
row_047941,0.00587229718065512
row_028627,0.0234570468510483
row_030420,0.008010493245423704
row_026269,0.05301428649065778
row_022338,0.26971182186381637
row_043043,0.00991138314484651
row_017628,0.7931654098997956
row_010735,0.0114006554602447
row_035444,0.014578244742743931
row_048724,0.003910298024838387
row_046211,0.017384018231082217
row_037595,0.802555209508986
row_003588,0.013789566874366173
row_013483,0.0027703085082826312
row_013849,0.00426462192891496
row_001584,0.0002729546107016579
row_000950,0.93502831032985
row_009902,0.003746219451249703
row_026118,0.21043575068701956
row_020900,0.0012418786055283886
row_008238,0.3713139188744623
row_009042,0.9788467863208128
row_045687,0.016734010188382612
row_024375,0.014778954621452092
row_031544,0.3020700134826428
row_004733,0.013313637922108882
row_046578,0.9693840744314723
row_031020,0.00140633664621317
row_036887,0.015446910735685352
row_011382,0.21055364456972187
row_046053,0.18120726338539783
row_015922,0.11696850317111494
row_049779,0.38370357438496194
row_014613,0.35294939164134836
row_026019,0.1095025790854723
row_003617,0.013486440499391017
row_001493,0.0019156454418670862
row_024425,0.06919625093416719
row_005552,0.009497785996352528
row_018197,0.03614401805628978
row_016914,0.010096823477436555
row_030112,0.0024576946530425964
row_021070,0.8286326976026074
row_040701,0.001308786848782719
row_020671,0.7710263769548468
row_034855,0.0028511730104778437
row_027470,0.14281700509077758
row_016289,0.6618824859249882
row_011070,0.0012120195417168475
row_013143,0.00480127070326379
row_015087,0.0641173900408518
row_026546,0.008021424873752956
row_014335,0.07009971849678175
row_045273,0.001547425588223388
row_030974,0.8583619717417846
row_027022,0.5447866546271244
row_035384,0.5702246571012352
row_038941,0.9979776432903478
row_017396,0.9993043512699721
row_020940,0.9058237298225934
row_038747,0.07617187803037337
row_043511,0.009816360676925005
row_032431,0.07157066324907665
row_009306,0.02405383479311035
row_041836,0.020529974262494362
row_041861,0.7425641689671701
row_002072,0.005373753211985806
row_038436,0.029987151776213566
row_023133,0.11373314791183167
row_037626,0.6838593337564965
row_042733,0.034461226551354925
row_010925,0.14459705017299618
row_045569,0.000639032859837469
row_030425,0.02350662245801564
row_041139,0.08454433344069189
row_037634,0.029226371165280183
row_031076,0.024600087389942283
row_019009,0.002549732085237448
row_041068,0.48801706822630575
row_013655,0.977336096313107
row_025023,0.002191242232447296
row_046705,0.029621698489094454
row_025267,0.0007979560914852575
row_004985,0.05202895774448846
row_005040,0.46968630265648365
row_028061,0.03142810790757905
row_042598,0.0028299241800617226
row_029409,0.029889699816179026
row_026537,0.0005600808616355324
row_027214,0.50802485064886
row_041067,0.1690953492137829
row_026316,0.0008325005508012941
row_026078,0.24562666038576295
row_043546,0.03959213892168042
row_004307,0.01596491668467468
row_005399,0.09118189924653497
row_035605,0.39569670049950456
row_019643,0.06408196923066141
row_011588,0.0008914173978710313
row_000030,0.00018264334851225694
row_027816,0.15651522542628615
row_029915,0.8612992570371832
row_018761,0.003238897949233782
row_038267,0.1653117298060802
row_013564,0.04077622019779746
row_031182,0.04141195704624372
row_004328,0.006547588073694088
row_013878,0.029054671507576513
row_047150,0.1192878708100887
row_028709,0.0003237531487501435
row_035289,0.002268575440251704
row_017897,0.008902510032688627
row_027872,0.01331158540538684
row_012381,0.6670264976828615
row_045370,0.0009941211477060765
row_040539,0.023064335263924096
row_003912,0.08444268514994589
row_002906,0.32903957745093526
row_009301,0.24948581721400054
row_028513,0.11199487758431656
row_024107,0.644371720425548
row_014783,0.004941420871852059
row_038069,0.00057057860217655
row_047320,0.33186661269272105
row_035527,0.9139313193037671
row_014408,0.0016289895584153543
row_022405,0.11986783683619774
row_008360,0.0015313628559925417
row_004991,0.007406990791679504
row_023131,0.0033195062458013526
row_008478,0.0052196824539794216
row_036794,0.0035657886680311047
row_036110,0.6738400528690933
row_046583,0.8771219261767513
row_040300,0.01266617929915235
row_045003,0.4516306438493387
row_012389,0.23365192917889072
row_005029,0.08519699409580758
row_013830,0.05103034434484941
row_004416,0.1432318151307908
row_008212,0.5629657062737659
row_042574,0.07400820076863235
row_014847,0.028801085879300057
row_036185,0.7996836341507549
row_040923,0.06939343640413116
row_027651,0.853158123321741
row_043393,0.012692832147988987
row_000818,0.010039400972816644
row_018012,0.008111776400214593
row_048187,0.6979324170082603
row_000693,0.01219869588740635
row_045305,0.5572640531102268
row_036693,0.8858860859882146
row_003723,0.14119295878197868
row_046517,0.00010326554809393183
row_036840,0.0541534933263126
row_034529,0.26039107881416684
row_008530,0.007121347584507436
row_004556,0.003635925341233332
row_037108,0.03221851738349747
row_041849,0.8917162115404812
row_002879,0.019567829128514968
row_012949,0.07205216811373744
row_002598,0.03841565185008588
row_042070,0.9957276746849828
row_049729,0.6272232123835594
row_031406,0.9140351429488924
row_017694,0.029145042037586513
row_020147,0.307006719289323
row_005701,0.0037530101026438025
row_005244,0.0266165852113473
row_038580,0.18008718956773245
row_003939,0.0009114532520548982
row_002335,0.011662758215221674
row_040639,0.9112300316170368
row_008953,0.030712660240919457
row_041283,0.04350593790958067
row_047992,0.1272761055585869
row_005236,0.00253994135076741
row_014537,0.0023990852788599777
row_001029,0.02211573133627572
row_036786,0.005696599519920126
row_039676,0.05850416331033375
row_033154,0.5905316290724986
row_027692,0.0004003703248997418
row_038908,0.008694715633193307
row_027789,0.47303470133385456
row_003062,0.013711930627197444
row_027299,0.035358335449421706
row_020647,0.9985252730975315
row_006475,0.047058157120980035
row_012637,0.012551066716356859
row_035731,0.03726234380347735
row_032873,0.0021052125534359394
row_047078,0.8579775006158488
row_046663,0.04680930635898076
row_038813,0.014921077342439977
row_003783,0.00019477382037165264
row_023639,0.3762741719718239
row_010606,0.5933161643839606
row_008551,0.05157954438914678
row_020642,0.007261726020742085
row_041696,0.09558929228155476
row_017648,0.04348238037649166
row_023761,0.009611201518570549
row_032681,0.7036241318420174
row_009186,0.8049794119654811
row_006214,0.0011494177909840125
row_027972,0.05388103754362456
row_014378,0.04705070215372831
row_043852,0.027898951335110646
row_022882,0.002898978055269428
row_037134,0.057411910950617186
row_026144,0.0171085203457135
row_001400,0.0002615857278203511
row_031275,0.18360179931011966
row_007812,0.6516724166719233
row_045720,0.012360032439256582
row_034794,0.006328132681810594
row_040659,0.32217627939832794
row_021034,0.0033913587066144754
row_011755,0.010957296018905147
row_044395,0.000924149982007792
row_006972,0.13242880177910638
row_006991,0.5918940964928536
row_046179,0.6823214526575523
row_032391,0.003268226538950308
row_022083,0.002937518692761667
row_010298,0.048790499474593754
row_006905,0.08343348866892047
row_003116,0.018593761595962783
row_031049,0.08860932925832117
row_000368,0.005271564751401108
row_014702,0.002330079045567517
row_004984,0.013976257657556754
row_029224,0.00036181768311472837
row_039278,0.014282612934560443
row_002152,0.1615337581154355
row_034190,0.00810689026997159
row_020093,0.6214862896312794
row_002099,0.18483383506365217
row_041307,0.0022780277841901357
row_010441,0.03535675577289726
row_020430,0.02172651749227745
row_041891,0.02349640925500087
row_043667,0.14314268867061528
row_046692,0.04423764966735808
row_033226,0.011556019713854981
row_021962,0.3516454582524379
row_036354,0.0007873933841667513
row_007805,0.05170542936339661
row_023056,0.0182706541575223
row_016495,0.01228227171906519
row_000310,0.0009176472480281201
row_048150,0.018701489620262912
row_005659,0.004919968322403934
row_023086,0.0002529305893575612
row_028588,0.9740916118455797
row_043954,0.007298960653134145
row_031718,0.04564188556724568
row_020827,0.0002462085942828755
row_044930,0.04139551257295442
row_012798,0.03961096411542829
row_030023,0.030502830972636143
row_026855,0.4213133522994952
row_038027,0.5904993520587564
row_022744,0.0038980382505419604
row_022992,0.00400663689249718
row_046807,0.0024085757981484085
row_047421,0.19180930565677667
row_043693,0.006248817380363033
row_042630,0.000863379888490853
row_002838,0.0018663426502964738
row_005893,0.1189896949990533
row_010410,0.014462200630100194
row_031149,0.18971991962435622
row_009289,0.44658565733894107
row_014562,0.2760931506025696
row_003582,0.01133785527880217
row_002921,0.17223191696029783
row_018155,0.0005905997951381126
row_025470,0.5315640608840607
row_040339,0.6060449618434861
row_028801,0.005876618925014354
row_014675,0.006623717886732342
row_040327,0.04709738911713856
row_002381,0.99829822049916
row_037784,0.00422162944141021
row_025432,0.19772507291736627
row_017523,0.06822973212423339
row_016996,0.01643252099595293
row_012241,0.009844843501382112
row_006912,0.030146822172689994
row_042042,0.2051567726232232
row_035264,0.010805953498794775
row_040509,0.0007796751968045341
row_027575,0.46994445389886297
row_026312,0.010566637014371032
row_011304,0.025950565512083478
row_027129,0.10119681548608003
row_001878,0.2222736005741554
row_008549,0.8619427103417411
row_032314,0.07412241693356551
row_004735,0.7673035922444515
row_014013,0.009026119660107168
row_004350,0.036996705451432306
row_039356,0.04197726010276245
row_040319,0.0006000675400004208
row_002306,0.9399695391254814
row_049876,0.6742384562469009
row_040030,0.012567348816424255
row_044142,0.045009837051450195
row_015328,0.009144530735511526
row_006015,0.9734119516990328
row_011415,0.0029884634685520663
row_014395,0.04267047900188022
row_010436,0.0009716801895867164
row_026273,0.0003807048403407208
row_013187,0.003068049005484893
row_022692,0.008296312365725485
row_010474,0.006397914469868249
row_009354,0.0019107179496883947
row_021284,0.0036809821370047927
row_017732,0.012552745351206953
row_045552,0.05641611781323682
row_023142,0.3154763317051762
row_015020,0.0038042314618796534
row_039050,0.19579781375842498
row_020028,0.13399449359050458
row_014394,0.00029355370460709657
row_008232,0.0008837040093793116
row_012654,0.035778414115821985
row_034462,0.17138871228363797
row_020502,0.005129581176296817
row_005109,0.015182009449504558
row_015149,0.02895753311374338
row_000641,0.002127769914758983
row_017144,0.023657191037072027
row_047413,0.09159095489381867
row_023055,0.01843657035140155
row_025236,0.007498991425809693
row_036363,0.004343501883163328
row_047944,0.005463664391076184
row_028309,0.9181316204944906
row_015079,0.31461872104943167
row_009296,0.03482469276493877
row_030550,0.013162717431130963
row_010387,0.0019545194081798194
row_045543,0.9996997239125922
row_029527,0.01479680447535267
row_037521,0.35146597903157684
row_046114,0.011163898414134638
row_044551,0.0075450118392617225
row_010510,0.012894765625166704
row_044446,0.042477087447671036
row_016364,0.0026406033948117302
row_036805,0.003597096885709041
row_017745,0.08823336248766685
row_007659,0.019523942902603914
row_020099,0.10498003588776106
row_035873,0.0009536133541559035
row_048584,0.03363250062960848
row_041826,0.3409676026708632
row_046236,0.007774174020530662
row_010941,0.08763765337904567
row_047030,0.30854938684473915
row_017854,0.05415762703409396
row_034124,0.03321345429786977
row_029403,0.009447104614509413
row_006951,0.007521245245607846
row_038395,0.42620116973548844
row_021953,0.03434374383538382
row_030297,0.00792846566044499
row_042999,0.006277942571278171
row_027583,0.20360756481034492
row_029557,0.005166915079972033
row_001802,0.008124712638205257
row_035693,0.3010934550979122
row_031430,0.013023545903693578
row_021838,0.00813033591096324
row_001918,0.032451740864514106
row_011316,0.6132291006356874
row_004470,0.15959790487706596
row_024306,0.07681597418652676
row_034756,0.0023482012463275363
row_045105,0.2185838646520058
row_044970,0.04059769540152053
row_000072,0.00253039541155826
row_018579,0.021880401108166744
row_041622,0.05544268843055467
row_048903,0.11026262512491224
row_039255,0.3533952076323766
row_008316,0.004980505494616645
row_036328,0.4076998122383649
row_020781,0.9390646187029495
row_009248,0.04277696049256729
row_035568,0.04743969639861135
row_016584,0.24382195286507005
row_008323,0.04083368591233122
row_008906,0.2646030162673781
row_001215,0.10570444194689688
row_040470,0.0004861882754354475
row_019742,0.01874217757467907
row_020013,0.06314109193168638
row_006801,0.46676756911777934
row_004201,0.049769508995781246
row_021956,0.0036144296525781635
row_030099,0.2576633211528073
row_006328,0.06428119996936973
row_016968,0.007063754076869035
row_012525,0.06141124442350207
row_001130,0.7784117789322287
row_046896,0.0003426017193430713
row_023208,0.13313008640376991
row_025336,0.0950871662932069
row_001876,0.025816079411935672
row_043400,0.28301695253185216
row_026085,0.000242325977708281
row_038816,0.6257031919589754
row_045061,0.402776296981412
row_041958,0.027626373910809656
row_011662,0.03764321387551072
row_047441,0.0041893529893734975
row_049045,0.0006602869503357635
row_037269,0.025489452005312916
row_038613,0.0010385698498089364
row_048505,0.8844351716365813
row_029843,0.2581988020318204
row_003144,0.047417855175923486
row_030657,0.35744432559881134
row_013432,0.20937745888116488
row_047278,0.3274108902635371
row_013044,0.06026029362774314
row_046186,0.0950696446370971
row_009546,0.04855762384065372
row_012170,0.9990192250727226
row_027986,0.05127181491913872
row_001207,0.08269049434145935
row_017577,0.022227638822468188
row_000855,0.1433986397974069
row_013570,0.5435866745889024
row_047901,0.047487514925186006
row_025228,0.0051956932906039345
row_020287,0.01305887840264235
row_021563,0.9719859159120593
row_038964,0.044878419937384534
row_002347,0.09113474869692757
row_042089,0.009720818320008
row_011748,0.09432484146124699
row_004927,0.043944429884392004
row_010323,0.1218042528527709
row_010635,0.0083540464253065
row_008674,0.016886631256692885
row_032538,0.03302098954539522
row_039980,0.0043003881784647756
row_042071,0.0002343009030500243
row_032410,0.11418769966109915
row_017089,0.5074905552873534
row_024320,0.14714430099740816
row_044949,0.004394607714322485
row_016321,0.13343709800278797
row_047350,0.03946121199455243
row_019624,0.257183836400931
row_025083,0.7005971937146332
row_047203,0.7228967954169336
row_015069,0.04149191038161394
row_043681,0.03407073206490785
row_033183,0.9973143043234289
row_013093,0.8500344361846127
row_040812,0.13636619180859288
row_015666,0.6950149923275026
row_012534,0.02681249786677789
row_000826,0.003318707804491705
row_034492,0.890018780054875
row_018096,0.5748077344401813
row_036854,0.7504600949824832
row_014303,0.07509296165754925
row_006196,0.8881855954806711
row_002849,0.0003668869950628497
row_027430,0.1541876812688554
row_036780,0.704264133117362
row_002654,0.0028527282778374476
row_006847,0.04973072762724612
row_038774,0.0014515768385954936
row_041165,0.43008693849742013
row_039945,0.0016777225462939933
row_015626,0.09294324989561255
row_015275,0.04199456829379313
row_020920,0.11032403579110911
row_018114,0.6673788572547039
row_024118,0.604956050709282
row_025324,0.0012916329707048752
row_039192,0.004644665347649917
row_016664,0.002271356004493501
row_035604,0.030976511054587815
row_023816,0.02291323163014674
row_032601,0.9532169171504518
row_002351,0.00392978809819046
row_035498,0.06364857560097499
row_012738,0.03207155877208685
row_029894,0.005326269200835684
row_024596,0.8167656794206937
row_042883,0.24032816447494598
row_048921,0.5961118029815253
row_023418,0.04100445661358596
row_039360,0.6233738652627793
row_031889,0.07122335264810774
row_016343,0.022815714884368257
row_048439,0.0038383163661186393
row_032734,0.11818236306323293
row_036133,0.06601744603311795
row_026893,0.02286242223351491
row_034906,0.9206400421758791
row_049263,0.8568804393167412
row_000304,0.03478263826756674
row_039275,0.9855289764662761
row_035797,0.025207434169488185
row_014547,0.10376400300497415
row_045984,0.5856877405562169
row_000978,0.9704910155138183
row_018988,0.17855017199323217
row_034396,0.9648865425495159
row_029643,0.013918846223068559
row_031129,0.5770633969771355
row_023682,0.01488109273280536
row_032701,0.04359712040938605
row_006548,0.03449366324038125
row_006517,0.9697809514068563
row_031805,0.4421307285461463
row_042881,0.023475098258448422
row_021767,0.015023656233768196
row_029126,0.009206361818729481
row_018760,0.0026016684387258353
row_035738,0.5274442126916534
row_013023,0.3521834880444743
row_016542,0.09383950947541538
row_007081,0.9990830100904635
row_003572,0.026744120538721286
row_006226,0.027861757734862404
row_025505,0.17896819264182628
row_017086,0.05106006784686073
row_022549,0.03554777683515323
row_006448,0.06112340700448569
row_017082,0.0010146495017710232
row_022079,0.47398285831392495
row_044556,0.014980542233641286
row_016730,0.008248041099404843
row_035814,0.018583488056687702
row_035846,0.05819792827634743
row_000112,0.2960157664407073
row_004622,0.0068282578881194815
row_032799,0.8825171452147768
row_027217,0.968413361430966
row_042907,0.005937162831673858
row_027901,0.016816462198427112
row_033810,0.07181146506271037
row_009469,0.026419450867951687
row_047185,0.07386999671347715
row_024004,0.030016082809084445
row_049927,0.29538533848396004
row_010438,0.055234215069788276
row_049920,0.2629426022781894
row_001500,0.03294654444084412
row_014424,0.9798581251552527
row_032945,0.014934905222969247
row_048313,0.5319130347923282
row_017753,0.7218443921701015
row_013992,0.005215516302127111
row_009461,0.009656764214117184
row_014008,0.008564062073756479
row_036094,0.09740336004371253
row_025547,0.07653930826470784
row_001823,0.030050343016367415
row_020485,0.1975856659310027
row_033423,0.040848654937144596
row_014468,0.018380413679427162
row_043125,0.4476798977511007
row_032296,0.9468033509410799
row_002580,0.06027744877903993
row_004309,0.2456084970773747
row_044677,0.0008947503444545244
row_049108,0.014214393978219653
row_043928,0.004914857827718527
row_016747,0.1164334130529823
row_025512,0.00030334377334190947
row_041188,0.010950774790230681
row_025147,0.003553614571239118
row_006789,0.9279052621119581
row_016241,0.011534554943921107
row_001632,0.009799635511595734
row_013073,0.1036715087555829
row_034731,0.06888122988113642
row_032299,0.0008904933247846504
row_049066,0.0020120793927881323
row_013717,0.21785738850816233
row_027561,0.006322296332004018
row_014156,0.003081985694644955
row_025350,0.03333692712019542
row_035074,0.7966466099175505
row_034898,0.0130708757812417
row_031712,0.8026998261481822
row_025249,0.01072871883144341
row_024167,0.006520238604614908
row_004441,0.02433221857640805
row_034262,0.005816683894071674
row_007239,0.00515848272196054
row_029726,0.023130736497308374
row_039753,0.1669533025017424
row_001059,0.03281950596231886
row_035593,0.32016520507257773
row_044977,0.09126930003490658
row_034105,0.9342780274364267
row_019423,0.07675605352499718
row_011114,0.586262453064117
row_017973,0.053202530094734024
row_041394,0.005658907895229803
row_001136,0.047440933076983924
row_037903,0.002220040285486325
row_019817,0.00620649545727954
row_017062,0.0010452891114568804
row_014306,0.838333519383501
row_045461,0.1994612112450634
row_038450,0.4386519591661864
row_045141,0.09404437711773947
row_019437,0.08896025265307535
row_000110,0.9685752701069056
row_010382,0.3713312592744359
row_022332,0.9902735220180864
row_039809,0.1471300995752853
row_040761,0.22483154665819613
row_017950,0.19637376597889125
row_029288,0.05333612548576113
row_021597,0.024453227254871604
row_024710,0.010193530521653801
row_002166,0.03699668832542656
row_029429,0.00761318737670779
row_042944,0.02570399525139839
row_031514,0.00040875280931051907
row_032120,0.313041998596946
row_039196,0.17731249719631834
row_045279,0.7327933536116036
row_017169,0.13763031476681845
row_016750,0.6976740038669573
row_015816,0.029882779498188097
row_049622,0.005872433095730843
row_012562,0.9908818723500493
row_001967,0.9658750406518745
row_024605,0.028696336492445903
row_013178,0.010834445183274442
row_040089,0.23627805226862647
row_002461,0.06534034154936147
row_045474,0.003929734589557612
row_047204,0.14090000749519152
row_020446,0.0030047740380221245
row_041185,0.030797901994439804
row_042196,0.9228667877470352
row_000354,0.03108720599004825
row_044584,0.5898401050310179
row_039776,0.011141191734146223
row_030423,0.39175637132926133
row_029119,0.0019054092012810461
row_025597,0.32036268268760276
row_027062,0.0003938700092924274
row_047516,0.016792164208059974
row_042906,0.07234282696571649
row_024813,0.11339978255026321
row_032247,0.03503717534217819
row_014820,0.004593845382591379
row_019235,0.651627569569698
row_031185,0.2515985371146703
row_000856,0.2544761258322462
row_005645,0.9990599586791654
row_042095,0.9392542758781673
row_028611,0.18791425803188136
row_008310,0.011625851618956679
row_026130,0.0027227780923053534
row_041220,0.007824297548903458
row_041377,0.06599255149802603
row_002329,0.06769692057702971
row_023474,0.0004185032044471153
row_015105,0.146205774719906
row_044814,0.019284530008179434
row_015411,0.01976393263768638
row_046405,0.03188358675315899
row_038367,0.004198604791570157
row_034304,0.1642711342799382
row_011757,0.1426243317285054
row_028277,0.15980602381878958
row_022472,0.013686579861131046
row_030229,0.016436760280809235
row_035932,0.9442555121221404
row_043184,0.08157517028186707
row_046112,0.24686961583037992
row_002586,0.045798363614167385
row_040440,0.0003904167185605638
row_046312,0.8143453258583524
row_032433,0.04232629665130439
row_025962,0.008008493912737216
row_045878,0.2051779455492338
row_045027,0.2582344554584595
row_035404,0.001342068161968329
row_029949,0.014506263070000235
row_027760,0.06461318315718724
row_023016,0.004885827849052198
row_012190,0.0020759245439962437
row_034825,0.23630796693328876
row_033007,0.7749125539672628
row_040019,0.09161527139640263
row_049243,0.003159750740228015
row_023591,0.4060423922253392
row_000344,0.0072791003643007494
row_027057,0.34072959752712323
row_011383,0.0004233662767945273
row_030220,0.16932200168428102
row_033553,0.004269707538498358
row_026817,0.009015767881682386
row_035300,0.054278580635888474
row_008826,0.9322466877862641
row_033955,0.002047629012258472
row_035783,0.0030239206328601
row_021215,0.4335693995610309
row_025952,0.04609559718761333
row_043864,0.9542878548416576
row_043403,0.11489358661381353
row_004191,0.5119165068042761
row_010000,0.3343106841740646
row_041009,0.10999366732905391
row_005668,0.002713576662717554
row_007340,0.05889304135044282
row_017850,0.0843996143730526
row_001213,0.10715149097443155
row_035773,0.00849774564108852
row_022804,0.04052368985596091
row_033004,0.9968763718547037
row_009611,0.0008594678842730128
row_029295,0.0016971731256966612
row_008368,0.009232821610895512
row_018436,0.1065728425178814
row_012226,0.1631893549806345
row_008992,0.005515673740994689
row_000203,0.03761014436945244
row_007041,0.017566047756194438
row_022151,0.031062531550091938
row_034718,0.36126246077245683
row_032032,0.006320542123472265
row_021186,0.008716301433369858
row_000410,0.921523592683021
row_042752,0.9938563867224766
row_013531,0.1862622353036657
row_022282,0.0032865506518753433
row_023370,0.0051250892465734745
row_045383,0.1891131069136404
row_006883,0.017616037635347786
row_009173,0.033751132880741004
row_023186,0.9948169007854044
row_020330,0.042872472034103416
row_034972,0.21095155757444323
row_012186,0.008220010071868475
row_004594,0.5848639285873213
row_006855,0.09224653881668807
row_011635,0.01843658685937212
row_027853,0.010677971162233593
row_036624,0.07713195900959129
row_037734,0.0011343361898971298
row_032718,0.11316852697881936
row_003219,0.04650410638019076
row_034317,0.031506580353904946
row_007290,0.0010163102532006305
row_040606,0.05551019951323139
row_007753,0.005216820818369171
row_005438,0.8510359969036476
row_006609,0.0006417988315753248
row_026059,0.06426570479651024
row_032977,0.011552772243070683
row_033292,0.36755932861107005
row_004087,0.02167225621763962
row_033399,0.04125060348349146
row_007601,0.05059372498667602
row_033816,0.005298061121026892
row_031239,0.0015515291119757248
row_037582,0.0007593082612348351
row_017289,0.43007850815910936
row_046402,0.00020450032369649163
row_003705,0.0031079591830187165
row_029304,0.0172059275290898
row_038699,0.09069389701110425
row_043371,0.2963457334454504
row_017524,0.4256696827286679
row_012716,0.006693538088248587
row_010264,0.0071652100897152855
row_009192,0.010301048400794276
row_000550,0.04587485910478519
row_048200,0.08910189629764304
row_010111,0.9626270329668462
row_047586,0.006422384968717998
row_044675,0.028342486455507198
row_007142,0.004378525379379331
row_023046,0.01815167268645403
row_011125,0.018014433891905383
row_025328,0.5987774917732367
row_009569,0.38643445011261546
row_044305,0.6525055561041659
row_017072,0.9956415458058847
row_006137,0.0667722262695541
row_001192,0.18311001409987282
row_041270,0.11282420346435347
row_044696,0.05219220774130103
row_023381,0.13230388236157734
row_021062,0.6651210568123631
row_048314,0.00570447347221759
row_005942,0.15104441840108362
row_006704,0.08395973765221672
row_019928,0.2616511259906439
row_000436,0.04379576896326374
row_005780,0.6692635712884974
row_007286,0.05068179523910596
row_008830,0.11371426421554257
row_030655,0.2888633865100508
row_048266,0.39951780174626456
row_048930,0.0030611530189497867
row_047120,0.018363595558285845
row_037984,0.04696919051177523
row_019888,0.0018142312450445596
row_004031,0.10026691601701058
row_049999,0.9291526317372323
row_001973,0.1500766936021368
row_017030,0.0074982867470224646
row_017220,0.11730237919625706
row_035266,0.4720661672464718
row_048257,0.9136371414831994
row_038444,0.020023286218770732
row_017374,0.05607564939994273
row_016465,0.02981101186651518
row_049832,0.04490140430791042
row_021499,0.211986777685198
row_031314,0.08540007922219332
row_027722,0.16690155627543912
row_007310,0.028288595837945723
row_030260,0.04013232516176618
row_038914,0.4318890030183495
row_044989,0.03683854051432456
row_000471,0.034052816066528026
row_007923,0.002829849659800764
row_030073,0.10430130568031609
row_041449,0.39271343183382523
row_014461,0.03759713173478381
row_047561,0.04180832565991476
row_030820,0.09457253341745576
row_035446,0.17504129728376625
row_022943,0.031172904648047093
row_028700,0.5199789002406663
row_030060,0.11290919621019664
row_020310,0.010487380725589884
row_038482,0.40555356900398054
row_005484,0.026775428887673747
row_047846,0.5010841420940517
row_013894,0.19075207976789668
row_012473,0.0020628866527796896
row_012796,0.10306831673718625
row_024483,0.4389268200882602
row_002741,0.0010131605566284696
row_018934,0.0807613987830202
row_017660,0.9534359897126303
row_041931,0.27687032464878486
row_034816,0.04040538581319403
row_047734,0.002512704097494341
row_030091,0.033570075428004525
row_009308,0.015724835100257416
row_045484,0.0029994674292760245
row_027198,0.012177562445638885
row_025792,0.003297371699634349
row_032506,0.3539062955946796
row_040973,0.02871751556565406
row_040360,0.23384132448443265
row_004582,0.9246109065518141
row_041436,0.8421284557015067
row_013341,0.0514865963143644
row_000760,0.017739652409722077
row_002697,0.8845032299274804
row_030465,0.7514055024248167
row_021860,0.004457156181377777
row_039792,0.09428848757327327
row_047893,0.91663162015149
row_039487,0.05150156576692537
row_019703,0.016621095634666853
row_021682,0.0068852852743464844
row_033421,0.0017281033360245516
row_018933,0.05028558914536211
row_043885,0.0014224292457887552
row_005068,0.05852319782348147
row_033641,0.0021034773359998008
row_048587,0.09756466709127844
row_030185,0.13165266014966465
row_031992,0.023350533337007272
row_002388,0.2277723357564816
row_049609,0.02681467297913077
row_011237,0.797517746247274
row_032725,0.5833383529647779
row_013218,0.8700046803179097
row_020512,0.25956998390714886
row_038925,0.2515886281866212
row_008808,0.03289131656911094
row_016053,0.0012038414820333251
row_027637,0.0009108345193292101
row_010696,0.06661331518644661
row_044624,0.0012076552643257923
row_001179,0.04285680368453851
row_029104,0.006354174024021895
row_006983,0.9917049029825967
row_013802,0.08897162211193418
row_035272,0.009110581915790311
row_043205,0.08196521849077205
row_044548,0.9713316932939351
row_005650,0.24412827599180476
row_011199,0.0027118254795070913
row_012586,0.8833840133322507
row_027880,0.0011002390845638657
row_042984,0.05736692481383251
row_013191,0.0017805895845240708
row_007648,0.046827342002407873
row_020731,0.2169215010415963
row_021445,0.041015449045318786
row_008135,0.2619721855356784
row_026276,0.4583735992851553
row_037508,0.004698378304142564
row_033467,0.2948775944520595
row_020070,0.0023603024325829364
row_025396,0.01427173590042792
row_023827,0.1259382938494903
row_046939,0.6108361451192188
row_006335,0.0016092014066064113
row_039416,0.16720236578723108
row_036036,0.008700635713406754
row_001844,0.0005857482047823098
row_032301,0.002557511068557313
row_025930,0.021367245275165488
row_002468,0.5646309311055511
row_042877,0.023215446801219005
row_011647,0.031063990025240493
row_004252,0.9453262474890118
row_035724,0.3128468823451745
row_009348,0.006289232897036828
row_028283,0.009318059698304662
row_022740,0.17689062468185454
row_031951,0.16608045464441534
row_046561,0.08109829920666634
row_019844,0.07643626211159153
row_020522,0.1202330732474885
row_029618,0.0014181429116817696
row_037482,0.1315979775046536
row_033181,0.03301919162227277
row_031251,0.07719397864689335
row_039790,0.47420151459737986
row_009285,0.4722513107934455
row_003542,0.4527921749893601
row_016547,0.01604680030973581
row_005334,0.9868902651346593
row_027815,0.9560064108870192
row_010742,0.003291478506704373
row_000417,0.029182305723434752
row_038305,0.0004397763250531886
row_029114,0.00873585478138322
row_012677,0.11202877177824694
row_035283,0.018667646414694546
row_001440,0.0003273986057819119
row_043407,0.16369832648930382
row_047580,0.00103224246528463
row_024090,0.12033876294731902
row_021131,0.7475193166376145
row_003286,0.10310720545382773
row_017979,0.5276968254744409
row_045122,0.008812885349010216
row_028869,0.0015564208283155466
row_044580,0.0004947183514863703
row_007354,0.09016258649854378
row_026409,0.11728059452129555
row_044326,4.957990258398895e-05
row_039094,0.019160916952646004
row_004360,0.48106532938234303
row_021653,0.0019398735239980172
row_043823,0.9985773282788721
row_042857,0.7419907410796336
row_010699,0.008828721847666234
row_003734,0.006228323737654109
row_011777,0.03228679881756615
row_005858,0.0002325348903129784
row_033566,0.8292040346262959
row_028904,0.3417429546898191
row_026844,0.022228436756179224
row_000491,0.0007582355043483465
row_022505,0.009149980001033462
row_005035,0.300043392041849
row_025585,0.020393099125544222
row_030555,0.7275341348499245
row_002232,0.039113541507818116
row_046946,0.07910314529499463
row_009635,0.14031073368529082
row_027713,0.9957215776559875
row_013880,0.00970887416246072
row_011997,0.4388779086329432
row_007016,0.010234839767901885
row_017842,0.0055088475145585415
row_027999,0.011366759486241553
row_019952,0.9076416266163431
row_022354,0.0042727544361627805
row_013098,0.1767961023561727
row_021852,0.01769897654771086
row_009867,0.6013020092046353
row_043631,0.8613864355386571
row_014499,0.0030168950163490587
row_045228,0.0523174576925758
row_021803,0.018969164949854716
row_039430,0.004780809342877929
row_038303,0.007144430366737924
row_004634,0.07940904142255135
row_000010,0.665836784828306
row_017124,0.04986985587833297
row_019349,0.9461612315511401
row_007225,0.9594388172615227
row_031067,0.151181230726273
row_013567,0.04482670274207659
row_009061,0.03196487525092365
row_021639,0.062402362533366465
row_038497,0.003695916949686315
row_025696,0.7166288206895755
row_025159,0.13769092813944764
row_021946,0.9522498759284644
row_035285,0.10081568811521516
row_043104,0.00019541234272826583
row_031159,0.016728636518352574
row_021456,0.0029713245971996712
row_016609,0.00151982600457661
row_024712,0.04126501470329938
row_021435,0.00592459345105163
row_040273,0.06994337113317395
row_041616,0.00022184167555942813
row_022461,0.9287741524844532
row_032903,0.05567444613491018
row_000023,0.0011220325678000598
row_012388,0.019675821852503883
row_012138,0.9986365435271903
row_021644,0.6988031603460675
row_033041,0.2816805941949381
row_018074,0.03805907299492532
row_014690,0.010135824389192619
row_030283,0.001175677895829417
row_013492,0.9943856849292653
row_044707,0.0029991010142948237
row_041385,0.04304841899388347
row_029341,0.5258559780209541
row_014444,0.007099547056230586
row_046500,0.3806295391860151
row_032527,0.004327839496660267
row_040620,0.7976494888468687
row_010377,0.844069841637709
row_037985,0.013890556617880268
row_021453,0.5801429715009718
row_028310,0.005795699746670248
row_027059,0.9709077926730972
row_041059,0.003718316273874809
row_023755,0.19300739437003592
row_004762,0.036500749238088694
row_019789,0.08504263297616417
row_006260,0.0016436958186214832
row_011094,0.00687188130040022
row_023770,0.41471108104299464
row_048859,0.7686692196946612
row_020360,0.06970057388916001
row_017920,0.9726461036000894
row_023745,0.0014375564122200333
row_026417,0.027628993219045647
row_041991,0.08875923079328098
row_007107,0.19388325601359754
row_049628,0.33282373588695696
row_014557,0.2803422904380372
row_048107,0.08171516965763187
row_037018,0.006163453407413139
row_037785,0.9422196249061346
row_017948,0.34122336072048903
row_032378,0.0038310374631353515
row_044243,0.002915087187399339
row_003385,0.0007463721562134818
row_002870,0.0021443559948220777
row_048325,0.004606080121251803
row_032570,0.1630853487054744
row_041451,0.8074305330453372
row_001326,0.02914445619479783
row_040653,0.050531476971962676
row_039853,0.035924936496320975
row_014252,0.031028557222119998
row_045826,0.0041262743168374375
row_030340,0.39489678071511564
row_014337,0.03666432410772149
row_010771,0.006015242970365023
row_043422,0.0007251549080467583
row_033191,0.29594586182111915
row_023288,0.02660237240629822
row_004444,0.0018106437355583473
row_028988,0.08302765268925769
row_037243,0.42208419014967324
row_004474,0.013606776876695295
row_013406,0.21711577336386034
row_042485,0.3143285824997864
row_007329,0.10398350241069858
row_005621,0.001735025097809764
row_030725,0.0030925540546792463
row_031991,0.5999570761484513
row_020690,0.8046213151404356
row_049953,0.9820081107163289
row_017305,0.013510002594238176
row_048506,0.12116648381638763
row_034524,0.7187526501746616
row_021211,0.15174336099919591
row_030771,0.3330119302761105
row_034137,0.005636914252964957
row_003871,0.0040533380260870085
row_005138,0.8734021943110241
row_041641,0.0012880615746931343
row_018057,0.11201369766222594
row_039628,0.041814483900821056
row_038764,0.09875118097130624
row_021086,0.22773902481654396
row_022029,0.5691400341255084
row_018490,0.022000024556755763
row_044423,0.002929654900664885
row_026641,0.028458199307688236
row_001364,0.003547404365820307
row_031369,0.4945258650829381
row_038722,0.9341063071741208
row_003573,0.08215418379614267
row_020537,0.011722297275314191
row_012898,0.2885230580918539
row_005375,0.07031350624824201
row_035758,0.024059467457274792
row_015575,0.018891062089571625
row_031913,0.0023399132976270336
row_004349,0.3836389138277606
row_035951,0.0012165262734479623
row_043647,0.2010028375347639
row_012604,0.024120917114949264
row_002608,0.06157453611772502
row_019665,0.003240665401454621
row_033443,0.006385460519690554
row_023272,0.982713765021278
row_033513,0.008505845470008605
row_004458,0.13892050196192132
row_030759,0.0012437800409715993
row_023449,0.5688249964397227
row_034697,0.05476043798772416
row_037877,0.03296860073757956
row_025498,0.001210643808096786
row_017693,0.022889348718451212
row_023402,0.01274754980664612
row_026387,0.1746760811620639
row_023382,0.016039956340007783
row_035898,0.07032675327923657
row_046883,0.002075644161912315
row_015370,0.9282594940279268
row_002074,0.0086216021615858
row_029779,0.32809375525489626
row_003259,0.26705934964756045
row_021608,0.014914297390278069
row_026529,0.25385775055178883
row_007439,0.006797261727339779
row_023766,0.7077126403187968
row_032983,0.023646962585913357
row_037119,0.5936923286205708
row_010559,0.0001547331762193113
row_006977,0.040721555972346224
row_000715,0.5214618824617289
row_033557,0.009348887604781857
row_033317,0.05796479561810516
row_036723,0.04092886096137137
row_010642,0.7006736507469684
row_043327,0.01039370060131804
row_048082,0.9848005208169748
row_032086,0.016366655542874184
row_048399,0.001263397312645826
row_034250,0.018225512022746644
row_030300,0.04067941045941356
row_016876,0.09560931308419054
row_023732,0.004150179184540006
row_022043,0.0004918175501059969
row_008727,0.08776098353868962
row_012537,0.0029706168317094766
row_005666,0.0021737738360003028
row_042871,0.10230675702028443
row_030127,0.9458565244770304
row_011138,0.012673804342697092
row_025384,0.008977076862909002
row_016428,0.0031707824642759593
row_036703,0.3152220394058377
row_048355,0.005826497145416972
row_046066,0.051422442664100516
row_020872,0.44110133679251534
row_017567,0.026439209488239492
row_002970,0.0027846864118249853
row_029669,0.9357237512502199
row_031981,0.0014246416342324716
row_020263,0.0008511446096824572
row_039289,0.0013799439734614718
row_010868,0.33932329356061425
row_037685,0.0029370385147467594
row_017937,0.16831793944924395
row_042888,0.007258866204742656
row_033076,0.013838249589698664
row_020816,0.06720591594758703
row_049058,0.14813067036905372
row_009593,0.10119513591382577
row_025156,0.685591466153409
row_036089,0.495663321657197
row_013956,0.10610019772840411
row_037346,0.004742202568756971
row_035820,0.05044242472734737
row_047732,0.8373616929680596
row_019959,0.020388086331857205
row_022789,0.4302789926420156
row_011353,0.0034116842731085045
row_019850,0.00867620566261878
row_016163,0.002432307874134216
row_046202,0.004601586548653154
row_009739,0.029393162748996594
row_001897,0.024680689546951032
row_032959,0.0015440751134500293
row_016893,0.015367043088832083
row_047114,0.6837607147006775
row_031796,0.48165161374357535
row_027208,0.9541292062073028
row_010127,0.00567771528538603
row_023069,0.9803009399906344
row_027551,0.040522803903545145
row_009825,0.15649577946744112
row_026519,0.27096773182860856
row_024246,0.8208853703470255
row_039046,0.7316281661674816
row_043162,0.01618180801555217
row_037559,0.006855653940683138
row_021519,0.004305903880879354
row_024439,0.33173739991944373
row_018470,0.9953173741123748
row_014693,0.21429909219307913
row_007338,0.00384149065281358
row_015752,0.011146728908205238
row_026935,0.0757267523120769
row_023462,0.01293183342086019
row_016950,0.008460811816826563
row_042261,0.694610047343606
row_041016,0.004577645709306709
row_009753,0.0009963407101844506
row_001216,0.9993383744756646
row_011938,0.7689217152619462
row_049957,0.15973176198624245
row_020242,0.02295588626096811
row_030590,0.048526727778219564
row_004998,0.0012136528205700006
row_023647,0.009946545553994235
row_027545,0.0083773952825129
row_029887,0.023391801825902496
row_027164,0.15824288650900373
row_017051,0.04652183441503431
row_012224,0.024184276183137007
row_039758,0.18828140402298651
row_037806,0.00027373483620364564
row_016423,0.015015624105031565
row_033369,0.1247003051420022
row_012666,0.022734474614873365
row_001611,0.043846021735291896
row_028336,0.017019804458376902
row_020197,0.016216272795452232
row_031814,0.56566810329589
row_022641,0.2116352986480133
row_011311,0.06580684854111088
row_010993,0.005787067373824217
row_027166,0.7557582160647497
row_046922,0.22576310251688095
row_012707,0.3414186182407448
row_039497,0.1803670533765886
row_048580,0.3825708915152731
row_016702,0.030514943886707144
row_021132,0.09674820501962947
row_047207,0.31411152311150625
row_034631,0.23414421270598088
row_040384,0.45962933347881646
row_007526,0.00244535114576633
row_001828,0.005636355885818799
row_027114,0.0030583603798285232
row_027265,0.48631259940093424
row_041986,0.12013936923528543
row_027406,0.008840447540792934
row_046007,0.012152441617515193
row_049516,0.012387176749064158
row_001197,0.15908522471031902
row_013361,0.13745280110485317
row_021714,0.06914711202246658
row_040719,0.010675519522158797
row_011149,0.05298693677185162
row_026363,0.27165301176294737
row_043251,0.05814544994974148
row_026293,0.0006462486529623226
row_045948,0.004702750902353885
row_010276,0.004808091075222467
row_019834,0.0036081551222587626
row_026110,0.028935792717172452
row_030006,0.15810849997500315
row_037125,0.789473583225892
row_006891,0.00048203253119491257
row_040747,0.08125890503825295
row_031019,0.00021503587261378606
row_010847,0.03131966190482788
row_042873,0.03558499738869758
row_000444,0.008447358774080716
row_025257,0.0021881396057373387
row_026389,0.027084766324747562
row_011059,0.3750982156613067
row_047493,0.009674636864760883
row_037986,0.07638307201776345
row_011367,0.004524369783206541
row_035026,0.0007223327897117497
row_010330,0.10775107002114909
row_028814,0.0017397474380072523
row_023134,0.006502247582476734
row_038188,0.27470555627291804
row_020667,0.07364215180192248
row_049774,0.22475549238189485
row_049687,0.2149706486883987
row_005249,0.13760604674316732
row_039494,0.0074774698934466305
row_049723,0.003899437095789406
row_012205,0.9592777720749864
row_022965,0.027225903662660797
row_049098,0.0068376557525217955
row_028775,0.0315999748155439
row_011008,0.0017061411357399377
row_006144,0.06259582450572608
row_015815,0.012028507078707534
row_031819,0.0012664497168845992
row_019991,0.9998325692219535
row_016739,0.0003413493591129487
row_012339,0.010679224429472093
row_044111,0.08067292491861394
row_044041,0.05681241822856968
row_025469,0.03772468472160023
row_010114,0.13421465423891638
row_018286,0.01741574091895864
row_044914,0.01952884716552879
row_006496,0.4001790711907994
row_030448,0.08319658028693563
row_022163,0.008050326023236404
row_009617,0.026658524532178294
row_021958,0.007828014157711545
row_030931,0.012903406193775785
row_026214,0.019009803362951216
row_017221,0.5199535350106251
row_004289,0.019812033253530904
row_020592,0.40758396833688004
row_027002,0.003030282763181504
row_039332,0.37673176387544527
row_046918,0.02926782913475687
row_011145,0.013738828611818393
row_008902,0.10567635320468101
row_009760,0.4753187082989562
row_014782,0.2193742562909525
row_008453,0.9990513495201184
row_004488,0.13987454713297895
row_001088,0.2584629221716021
row_018250,0.06657232916384606
row_043483,0.056765883883964814
row_014470,0.0010433524502629964
row_046511,0.00173089531274178
row_042730,0.008116288475722634
row_023333,0.030183988962712148
row_022195,0.0006313062458237218
row_027209,0.0034816960405873276
row_031361,0.00720914943969948
row_047698,0.14307147804916712
row_035970,0.9055939433673955
row_049454,0.003131748018462961
row_024178,0.002799102609392435
row_035429,0.016679168419171917
row_027770,0.08667226623552003
row_012790,0.1563955647496411
row_029051,0.0014023731583078568
row_020399,0.24930880779825113
row_032029,0.6578969327334222
row_016528,0.020593831428197932
row_033509,0.030712014303636733
row_002354,0.00351592225820536
row_014026,0.004037955279142698
row_029740,0.0021319724884691967
row_000564,0.017520188285108398
row_032929,0.014560589724266316
row_048020,0.44469030756525857
row_037121,0.005536958628733066
row_024554,0.012745951499558265
row_014216,0.31782341105986406
row_047839,0.0015370592034714722
row_005481,0.19140036627932766
row_028357,0.043321902032953365
row_011723,0.4658322668108807
row_005602,0.6095856476866206
row_042706,0.055403552259403535
row_016400,0.9127423079723579
row_006505,0.022237230332146824
row_039201,0.22361792153135931
row_049790,0.00886584657648845
row_029130,0.47187287360774244
row_019299,0.2081483516693433
row_032858,0.039571402500716196
row_039147,0.05474812979341874
row_026166,0.9625796358290374
row_044040,0.22188046120829608
row_009960,0.06919394837126396
row_049295,0.024895530464763366
row_008096,0.4351659444033963
row_019263,0.8285994623808057
row_016763,0.844575040015361
row_046516,0.5691545262357299
row_010720,0.027737876859926514
row_033246,0.010995137758572545
row_007198,0.00037990818020706534
row_037759,0.24638636789552618
row_032748,0.006627509097431944
row_018981,0.5364780781474606
row_047371,0.809247189913208
row_040951,0.7185622322921488
row_031088,0.037959985990792276
row_001043,0.016266926108871663
row_044356,0.8205055876799757
row_034005,0.15590153061591
row_002014,0.011432555758665485
row_039647,0.008044000578741623
row_005872,0.030502696416523953
row_049031,0.00619041753286016
row_038355,0.021453997102396056
row_020500,0.18716894519114124
row_044778,0.025093491761268363
row_019659,0.006064130017224282
row_033501,0.6751544094323557
row_012463,0.036693120388865325
row_017883,0.061347411104069875
row_037652,0.04419637493724883
row_015749,0.0014129078575933277
row_029982,0.22738397598968385
row_015624,0.008205777575050385
row_001346,0.001642146943539176
row_003931,0.07580364815248128
row_000459,0.2919991175967861
row_001245,0.02188907331819078
row_040166,0.08921491619896696
row_034515,0.003084443823718754
row_024869,0.06396528217027818
row_026482,0.15522396213213546
row_049383,0.03401890714768122
row_048802,0.0015465175485087233
row_016772,0.004280409860429707
row_018085,0.7263681008548382
row_008106,0.10719013067605315
row_035335,0.0012755876615532463
row_043266,0.3785769012641209
row_044362,0.5845373177434277
row_031779,0.21086892910625163
row_025080,0.0451922270900634
row_018912,0.8841552199114998
row_030515,0.9770809270181438
row_005824,0.3639960924021745
row_005498,0.0020580403841146326
row_008005,0.03982941626151569
row_008297,0.00036307036043277055
row_010415,0.025195228171118515
row_036993,0.028892796127513606
row_037217,0.0014363533823375206
row_019712,0.0012840627865306148
row_034437,0.009067289675446072
row_016171,0.00501658289811908
row_034864,0.0017644137810161398
row_044293,0.9696924586679015
row_031883,0.007303111868636466
row_001253,0.12448419347430156
row_030241,0.9260569275727365
row_002708,0.215979181899813
row_032523,0.8066310496649274
row_019430,0.032494222887867366
row_013204,0.9197065172959475
row_041099,0.009343347742567582
row_041201,0.2879697723235762
row_017251,0.0940451881033278
row_022878,0.002445748762055102
row_048914,0.013236116514974479
row_022834,0.027553335954498846
row_040758,0.01963689265662792
row_008364,0.017386155172903903
row_045638,0.004735402449731376
row_001439,0.05005779293914834
row_030224,0.004747269725366323
row_047831,0.021290751473320848
row_005710,0.002389539597057085
row_009054,0.26044875198173906
row_028426,0.04170791778872483
row_039231,0.026157223677804216
row_041823,0.8533234244338082
row_018468,0.0008896656294047463
row_049928,0.030570770077026063
row_030350,0.13720557827959565
row_035541,0.2748810189753568
row_001640,0.07253187902484913
row_047953,0.013026650128312356
row_041555,0.01394028918646861
row_008564,0.09713737841331138
row_018446,0.002517087371933374
row_010171,0.0003628511268641608
row_000766,0.14898195521069355
row_036751,0.9989303336408445
row_028102,0.0033536273263696337
row_042365,0.004006473258264204
row_045028,0.10324689184577443
row_030666,0.5911334004322908
row_035933,0.6895844081843463
row_024210,0.001322293195299395
row_009797,0.006747737777232747
row_023616,0.30141818727929687
row_028612,0.9215492535559211
row_014191,0.00712905295677083
row_027514,0.4973126821816428
row_024476,0.9848784084106306
row_011348,0.0027961060937917487
row_002422,0.03495587757947871
row_039905,0.004989252983652507
row_009265,0.9928571060310292
row_024538,0.004290132923723198
row_022605,0.004143393022155
row_043395,0.00021194700795141075
row_028196,0.0070822448726672056
row_033872,0.035719502742699895
row_028747,0.42280648145805383
row_002989,0.007866578270331156
row_037868,0.8608735093014546
row_036603,0.013507639396014516
row_018166,0.00891549773818691
row_033068,0.010584213081161588
row_032777,0.10967495543693966
row_045644,0.06758881141827464
row_005170,0.8538488312718296
row_037282,0.0016029152327619062
row_024544,0.930525550183565
row_040366,0.8556166666618226
row_013309,0.005404389300586729
row_014629,0.4619081247185192
row_039047,0.030239203032978022
row_028572,0.001357248603634054
row_018936,0.5638588385360135
row_024827,0.5574124531583401
row_029566,0.08037113471797899
row_000386,0.062057248629869076
row_030287,0.004709074650821217
row_009641,0.025796756741574497
row_041544,0.003793927443763222
row_049581,0.029777401420296275
row_038369,0.03177257219462031
row_029070,0.02239041249170998
row_045705,0.014798668244630817
row_017301,0.0031610455345142336
row_024112,0.0016164352107689585
row_041219,0.029982359096562557
row_006181,0.08526271314998113
row_038772,0.43467022081461004
row_006395,0.021716730505003827
row_011343,0.21585860500481066
row_008309,0.0013558877123838842
row_020224,0.01065178083297677
row_044623,0.012736538577547373
row_003379,0.03205275792118478
row_000398,0.36054927943064385
row_034936,0.00046177973737042166
row_007533,0.5525119712783612
row_046350,0.007615841256010556
row_048191,0.007540145468528268
row_044613,0.3275745741787172
row_014968,0.07662477587661702
row_048686,0.9190598055144706
row_017724,0.018270350894229574
row_020112,0.04254631787460087
row_003448,0.019804854563072037
row_034552,0.4619261219809336
row_047160,0.2789901516664696
row_007827,0.05528069933347814
row_012313,0.0013894631363931646
row_025451,0.0009398475860414709
row_043913,0.0004159841346894975
row_026919,0.007010980606567164
row_005921,0.07142431095527141
row_038371,0.006540004334096948
row_013592,0.6957130874415174
row_035114,0.10668997144303104
row_045468,0.4024047403674614
row_040498,0.00015559277997107478
row_030712,0.7170442385085004
row_043459,0.005661764116568
row_025638,0.02426156010321497
row_033138,0.1024649576684782
row_021495,0.368626759557941
row_046923,0.011617948393923777
row_011318,0.5149729524294742
row_034260,0.01240914735104348
row_023586,0.9160151790672443
row_044290,0.9615578151163144
row_014546,0.009744106937398389
row_049234,0.09148565276705097
row_000070,0.0008137871650851105
row_007543,0.0027642071745293865
row_009110,0.035816405086898435
row_043624,0.44480686654229773
row_007427,0.003099140199119328
row_018358,0.004121430189750656
row_034873,0.004959578522271904
row_036978,0.9192178960034344
row_021474,0.1777048502521872
row_025944,0.15725411956990293
row_044072,0.625669933061362
row_010801,0.014208629632236043
row_027425,0.038487976516573534
row_046609,0.004759742641020995
row_028113,0.0016704987534706848
row_006440,0.04525767572951066
row_044171,0.044635917195487915
row_014029,0.02735646856700932
row_044400,0.18235399360296994
row_019257,0.2660303954820089
row_040241,0.9297308286920765
row_005756,0.049836686347394354
row_001892,0.17697619679094176
row_040383,0.005672428584297076
row_003310,0.10441536621431728
row_019554,0.00032447215165999486
row_046411,0.010588134402702074
row_023634,0.019263464002162292
row_046351,0.009154268271825316
row_001293,0.9190746341694883
row_013243,0.044325052955975185
row_018401,0.9899144417767066
row_041151,0.00892949696983957
row_022533,0.045704317783042195
row_041107,0.45936887682617655
row_007947,0.07503169734317144
row_030452,0.006173793858723353
row_036309,0.008127090918161889
row_045495,0.03898226686516336
row_014354,0.6696873031460701
row_024503,0.547885281057681
row_006867,0.9886632569930384
row_001838,0.007012280914448487
row_006787,0.05731503889082718
row_015264,0.5050428446692454
row_002819,0.029804932333729044
row_032191,0.0016879189526918142
row_030243,0.015434303682603257
row_025231,0.2151865378692219
row_015908,0.45724477447535944
row_015577,0.005377391807529423
row_001866,0.013881352043936796
row_007229,0.33830667293403627
row_015451,0.23091967620326834
row_039495,0.230491822865779
row_018807,0.0063673018688455586
row_026388,0.9774298631354073
row_042011,0.7964168434120307
row_012368,0.4951362963501382
row_026822,0.0012698368337687607
row_046754,0.24246620770008973
row_000262,0.008517306930098334
row_042310,0.00015840795012874207
row_020893,0.00963716818946913
row_018624,0.010555895781413369
row_026188,0.006495714414260605
row_037569,0.004065980760810111
row_039734,0.4589986589363656
row_021548,0.336407017952028
row_048389,0.948926272283267
row_034578,0.08891183440584839
row_038880,0.00031479454117434646
row_037087,0.17034795999997698
row_042254,0.00599800243111004
row_046159,0.02262297054147951
row_037190,0.043013368280108454
row_026068,0.03137918638202907
row_016059,0.20992458747211462
row_019187,0.07399790281882607
row_047559,0.7709078092141497
row_014087,0.021777933796830035
row_019078,0.9048206092865003
row_042076,0.07642023312559035
row_030890,0.6331905226875043
row_020239,0.04709290617728803
row_040452,0.0024819951450467835
row_027223,0.1518982204014949
row_012122,0.00753235077947177
row_009613,0.001282825825467639
row_040665,0.11238694948663303
row_021691,0.01488580958109832
row_020635,0.5338611765148941
row_038900,0.0009499736269078242
row_025950,0.03950537609416518
row_039433,0.0012255095019337435
row_048813,0.04320252925637663
row_031989,0.014149354824342897
row_030172,0.40582742419801576
row_014292,0.8138023546834636
row_012187,0.026186437336547286
row_029901,0.7572783273060537
row_035459,0.0031098385911356333
row_009586,0.0005321947567449661
row_005619,0.4613745746465885
row_010656,0.2708370178558521
row_008408,0.9230879518299756
row_036784,0.005029965142501474
row_024202,0.3312873771806263
row_049400,0.03298391653581082
row_007702,0.0037350941274288197
row_008831,0.000767146548889951
row_038974,0.01975005468236399
row_023080,0.01706992923450688
row_042781,0.9489252467819669
row_033689,0.02361339525429581
row_041576,0.00282585181790392
row_042858,0.02096516971500472
row_017371,0.028877660018233546
row_010445,0.005626910687275167
row_020756,0.006197712660079565
row_021632,0.10949876390570029
row_023213,0.0107117421371002
row_016589,0.05892724099830652
row_008252,0.06950062991782312
row_031350,0.010559162020657592
row_004460,0.003920035188571767
row_030606,0.32161719546135276
row_012701,0.10021234931674192
row_042412,0.0010710098370236684
row_020409,0.0010319972114524645
row_034102,0.06008318861149152
row_041389,0.11754209028024842
row_027660,0.006890061526811499
row_044824,0.8156633463705196
row_026415,0.047258592082720076
row_027185,0.8069548107657724
row_041275,0.015154215202242301
row_032887,0.06878245682651847
row_046468,0.0022416254128333362
row_040515,0.9675545492801046
row_008995,0.10286662497077577
row_048834,0.8615516305325347
row_044733,0.0045551918123930245
row_002428,0.02063973763824179
row_014059,0.023810730378780207
row_008888,0.86107668142544
row_041686,0.9104805890928359
row_002551,0.03143675743782979
row_040390,0.013818394252356323
row_012890,0.005389618142642801
row_039290,0.020170645531170917
row_046777,0.07213147103602854
row_010140,0.0032348253086501417
row_049777,0.017886875935813222
row_013186,0.0009792096171182948
row_005435,0.0992863537702195
row_008092,0.058438982162064404
row_046485,0.39097864299394697
row_032487,0.005283091159102564
row_012514,0.007227809258107054
row_043964,0.012495435306466563
row_015632,0.2947289421929693
row_018459,0.00939254105730271
row_033232,0.8725187722412192
row_019107,0.7129240519749589
row_014450,0.008884329894110319
row_011295,0.08265528324195939
row_003059,0.0006153923262099059
row_036696,0.023305814033257766
row_033208,0.9710388252904809
row_034440,0.9994503019860924
row_017435,0.12927482330253925
row_029989,0.8061336920348929
row_019885,0.012661060632452772
row_045083,0.005405205681078722
row_040806,0.0005518728466344185
row_006815,0.0007548489536603661
row_005559,0.11011749886046204
row_008690,0.13246201000973418
row_018010,0.019988714337505094
row_003499,0.037103878861818415
row_038251,0.08907213635745087
row_038083,0.012611814682058149
row_022768,0.1534050076603754
row_002885,0.07331630915032784
row_005385,0.013732296849938213
row_012840,0.027577779302431608
row_010135,0.15681003145173478
row_012813,0.0010403338345070358
row_001622,0.4212452498144122
row_038360,0.014383759074086235
row_043553,0.06158548172439556
row_040566,0.005955231548326556
row_016246,0.004285592549305256
row_009316,0.08022806687614685
row_033821,0.00025059493670342715
row_009008,0.004782163543802551
row_026129,0.06175955032247517
row_031421,0.7848558245398426
row_023265,0.599391478269439
row_037075,0.38747899397373375
row_043279,0.030440462106952625
row_044437,0.0002922491299199113
row_041101,0.04240417255457245
row_007692,0.014542947557643193
row_022682,0.025054590295548355
row_044321,0.04122436861195272
row_033950,0.01691771070995395
row_018661,0.7536276460045053
row_018997,0.06154683148999427
row_028073,0.8330059008033747
row_030218,0.9663956338044324
row_042764,0.09747681247269953
row_025562,0.870130340430169
row_005458,0.031570477310826156
row_024736,0.017953315156267368
row_003635,0.0019762853800260214
row_005210,0.027849409691444844
row_031938,0.07628017261473699
row_011653,0.10528029611827716
row_013691,0.8189165130228553
row_015334,0.298034798852344
row_033364,0.7089819042912996
row_022917,0.15571331027558374
row_000817,0.5412122750212635
row_014795,0.0334419383248455
row_030510,0.006258375799492999
row_016555,0.008184524837671514
row_004497,0.001435992936534498
row_032281,0.9239207198895529
row_037425,0.9364585005870921
row_030223,0.03445797174859519
row_029228,0.05870679633515338
row_037888,0.15065228939291853
row_020969,0.001423319335663879
row_010013,0.012106634718846782
row_018945,0.0031653038788105213
row_016640,0.010728418138812302
row_006884,0.4830544936653168
row_012257,0.8675408371373229
row_039159,0.02764761332422088
row_048815,0.18384213259917537
row_008643,0.005019585756767711
row_049396,0.0014909662940415427
row_017673,0.002707774434026445
row_003182,0.2583266724172937
row_040009,0.022784184125729946
row_038475,0.31443176830780983
row_006814,9.302460858760166e-05
row_015801,0.03090743534532232
row_014687,0.00910851790074456
row_011290,0.4437416195657366
row_001824,0.02591405617256099
row_043502,0.013342028527589663
row_042938,0.980608781045074
row_040033,0.01227471697520644
row_023132,0.036103920594777426
row_036874,0.09537303331315798
row_033059,0.4018356632567807
row_008865,0.006550504239645547
row_014333,0.1939765227343344
row_017609,0.0011708098395295074
row_009964,0.0009705954829602919
row_009090,0.005333062758081804
row_038117,0.39285307703027267
row_019214,0.022793760412100874
row_032868,0.012014018927464986
row_012644,0.011743820221700264
row_008028,0.013093737511287543
row_006099,0.0017252738731967036
row_016956,0.08784108215420813
row_020042,0.0026206252301829527
row_032287,0.3981288646246938
row_014513,0.008179801064061808
row_035059,0.0461797034789725
row_032528,0.05840214805767691
row_029583,0.00019931008989321038
row_001443,0.0969287188387274
row_039112,0.011052954609155091
row_008859,0.014550076355676466
row_022150,0.3481941998933643
row_027229,0.006968527253430059
row_044705,0.014130816762875975
row_024849,0.18344320863329477
row_021526,0.012029788162638015
row_042560,0.03442742971686166
row_002212,0.962395646861305
row_033492,0.007314844928344288
row_018556,0.0009239186751788552
row_036019,0.023217345279047483
row_031694,0.28205294790427715
row_047073,0.2055559334225152
row_016875,0.1214551185348363
row_033784,0.08522765709570015
row_034817,0.19052027718440684
row_005147,0.2000895368610959
row_020665,0.001060739408110015
row_024612,0.1322824865532605
row_037413,0.09455422242125762
row_026931,0.11054705364518645
row_002545,0.007088514944305463
row_044710,0.00016438653259423858
row_015961,0.004679780143945195
row_008975,0.24045633506450512
row_018700,0.5729194034503442
row_005386,0.018440694552525224
row_038500,0.9671086249603916
row_018707,0.005806137607689858
row_029737,0.0010866979606351107
row_048014,0.027878924469402714
row_003070,0.9059325876905959
row_040486,0.21784502544198026
row_033146,0.08202114973249129
row_035178,0.9274861575006121
row_014927,0.8825813912367383
row_002840,0.00037223781967506413
row_002243,0.5312899135410883
row_040877,0.048955307833764096
row_048508,0.8452274579217124
row_005345,0.6161416312188417
row_026473,0.989492633070459
row_004742,0.9877597888970581
row_044460,0.004541322073095407
row_002730,0.2301848416650476
row_041855,0.03950183126991946
row_049530,0.33403059526325535
row_025606,0.48231229415798776
row_047432,0.003801965623580471
row_049765,0.6770877988652891
row_017154,0.0763668750699203
row_003481,0.9581315877846267
row_020291,0.1815327081453548
row_018797,0.0016079416000308376
row_012156,0.2094403247726853
row_026237,0.04106929391639188
row_031044,0.9690105788647726
row_016512,0.15176101066569492
row_007038,0.606901579823422
row_008904,0.04597836950212934
row_031120,0.03460242387324146
row_041279,0.5294324370808666
row_014235,0.04453912662947692
row_032610,0.00017962445886912073
row_041236,0.18878757744768504
row_035297,0.16875296435752712
row_033842,0.8409470082095446
row_005726,0.1405254149655917
row_008680,0.057826993402038916
row_047526,0.09525312036227955
row_022154,0.36423141052016367
row_042438,0.1480555007622215
row_019864,0.014204821855746052
row_040573,0.0029134062004015273
row_027310,0.042098190052313675
row_036146,0.0018816217593310661
row_026243,0.9796918984486427
row_009178,0.021395701090552506
row_028762,0.11380613768782614
row_034191,0.09775260301313972
row_007610,0.02732329781478958
row_033856,0.788129217463841
row_015034,0.23762780207529446
row_008641,0.009824026815336916
row_049145,0.0023827273944755463
row_020434,0.0002447697264656888
row_027398,0.02450344732249387
row_049493,0.0097276397075647
row_038356,0.06267204484208008
row_001438,0.6814384754470231
row_033971,0.05735267796212944
row_011522,0.09272349361276261
row_013836,0.003638025370367475
row_041242,0.44247134282873213
row_032521,0.4201386190569234
row_042634,0.0031866170892390364
row_008994,0.161232322601159
row_030165,0.061846740527727796
row_020599,0.003609110273671928
row_013962,0.10360630111837638
row_022265,0.04671833589397217
row_023419,0.20805731578225772
row_019704,0.3730644141265552
row_046389,0.007477786144305606
row_012535,0.14253858485494963
row_009419,0.8415050508162761
row_031586,0.006385925836254348
row_001540,0.9494262238626331
row_011638,0.8984016259539019
row_029024,0.008735808270342317
row_003002,0.33606609437195883
row_002667,0.00131803143785429
row_025164,0.25205707579738446
row_033608,0.0025750254230403414
row_031053,0.013351839470217737
row_048165,0.03756775212157313
row_047533,0.00019158127608583054
row_000255,0.002205193155950705
row_048503,0.8100562551823741
row_013323,0.011787457637297657
row_018244,0.32397595798532425
row_027201,0.10188944186300658
row_007026,0.03757329579532684
row_012074,0.841389395791981
row_020627,0.08914617238775498
row_005947,0.017631640851046994
row_009915,0.05123585007565262
row_043686,0.999919932824869
row_040835,0.0001842464139386484
row_001716,0.0020112112126639244
row_037351,0.026819522226333582
row_000390,0.0038877484477998965
row_010553,0.024062708817219124
row_009557,0.09476896491684085
row_024559,0.05302374582211866
row_042604,0.414286966943464
row_036257,0.2135353852667628
row_047575,0.22065114078846962
row_040081,0.21599270013214267
row_036821,0.0019564075621792175
row_014518,0.0004126617089766068
row_024347,0.001039400219247907
row_048510,0.15046123092714175
row_026485,0.021628551626592784
row_012994,0.06550360519751122
row_019897,0.4747619886471807
row_037963,0.0025319045357959677
row_022270,0.8723331538816587
row_012656,0.882971238721473
row_033766,0.03366096667156463
row_039777,0.020417602796931136
row_048926,0.0028353068571551968
row_001457,0.020757271037762634
row_014946,0.0028624584782742943
row_035490,0.060215758264769194
row_022610,0.04282147961851142
row_040386,0.001859068817587859
row_016281,0.011585333779316543
row_039977,0.000999014399209653
row_016717,0.0015435550887804485
row_029558,0.003853926047181501
row_030475,0.009261520376411833
row_022535,0.02566300388764389
row_017002,0.002003520853524679
row_039607,0.0028376524753348244
row_041593,0.03446263095949702
row_027695,0.03407023783897981
row_047600,0.3517059699779247
row_002931,0.19613108199053003
row_023290,0.9994692083841724
row_033903,0.01423704380879495
row_009216,0.11127238725077915
row_049384,0.03940253207670883
row_044337,0.037843904875165583
row_017785,0.00015361923437412817
row_000312,0.07052848197062392
row_009331,0.03261848557528899
row_044095,0.035810726448173506
row_017906,0.008638661768889673
row_025190,0.004820172826172067
row_031436,0.03045039553024029
row_012883,0.013805628058169215
row_034328,0.0008665859190994184
row_002170,0.025405286294105732
row_022455,0.00036079966264415333
row_012797,0.010518333995982196
row_037861,0.009585787643947175
row_010705,0.17461561118624025
row_004885,0.2206487412061637
row_025193,0.6995893325408737
row_047829,0.2482184341900961
row_038752,0.9683548016107855
row_039690,0.21208280939165153
row_005820,0.9979813104488835
row_022023,0.181549309964562
row_033739,0.0004746360575022759
row_012610,0.1071874345821607
row_001144,0.0011977857129412694
row_004260,0.015295225272287301
row_018173,0.2045522361172983
row_025641,0.12991944274314082
row_026299,0.08222522378764367
row_032284,0.08102851217388418
row_013012,0.3845673582963777
row_023120,0.8904662131981947
row_047776,0.06844606661169775
row_003792,0.026130710007527876
row_008519,0.0067738434686029905
row_007621,0.028755380498491818
row_039911,0.005301484515307372
row_016009,0.009821122806599181
row_039901,0.027318527901071154
row_002235,0.1255115243530947
row_037722,0.9231008247235446
row_024617,0.37518036665206345
row_008351,0.6984446184025419
row_045255,0.5544956842218726
row_021964,0.0023288946215867367
row_013077,0.017159866890193796
row_049297,0.004775240344230913
row_014076,0.00038387119499802845
row_044129,0.3355123370289398
row_011118,0.02144274713483801
row_001987,0.00298143004472276
row_038344,0.013365429744723413
row_042399,0.03579641096767281
row_032619,0.029608960372478024
row_042740,0.023680375300626427
row_048441,0.018522266755287665
row_040482,0.010469954905217987
row_011668,0.037447498958589356
row_022379,0.1637895916540928
row_018919,0.02972095958082122
row_032769,0.1803650276093396
row_006373,0.2517020857114136
row_012360,0.0024068551676927523
row_048287,0.07644465426635844
row_033116,0.01980283923595946
row_026309,0.008256290312029737
row_043914,0.7726606089313932
row_003649,0.19594167112038566
row_030512,0.011738706107454403
row_021404,0.0009040546218236727
row_027840,0.06753651458103183
row_011552,0.0007046334244834115
row_023367,0.9339577084639855
row_018762,0.7867565032716773
row_007098,0.14934096285533996
row_020186,0.9531829266305464
row_004122,0.5459226568261932
row_043853,0.010117047214682196
row_036418,0.8196121193803675
row_003294,0.4926026473941902
row_049875,0.34292922562608014
row_016028,0.061114153368702726
row_017594,0.0071876997176888785
row_017379,0.6319579656406203
row_035828,0.030617138268304873
row_005630,0.24603544467519772
row_040549,0.13859397493842612
row_045964,0.005712061319194826
row_043541,0.09618150921894311
row_046971,0.8552642838759962
row_032091,0.610117808021915
row_015634,0.7670278942634949
row_037429,0.08506759672478244
row_024731,0.004461134391078298
row_027215,0.03895333898981366
row_025974,0.10092386843916575
row_022887,0.011401168701809631
row_031731,0.10097226558211582
row_036576,0.038913598746559065
row_002363,0.15721286734823148
row_017211,0.005108586112263041
row_012643,0.01020073248870759
row_016017,0.028736255904506434
row_048482,0.010434196051807731
row_014407,0.06064822054631162
row_020283,0.05299184576271635
row_033275,0.8320160734893053
row_027216,0.05264473641528214
row_006589,0.01078877086756931
row_000652,0.03895030144653075
row_037023,0.20337381880661132
row_038182,0.006690032893330218
row_005707,0.02916847539150161
row_019013,0.9495941965024011
row_014672,0.018011047077966424
row_000136,0.10648500591592494
row_032944,0.3351430594752261
row_030615,0.001457063119534703
row_017663,0.006196029546558955
row_020384,0.2902568396723308
row_008825,0.09372402612572105
row_021165,0.7118492944113861
row_030669,0.011980705755381802
row_033981,0.7392068096990605
row_035438,0.6045490679462131
row_009646,0.9693847476884515
row_011283,0.7765869383623583
row_017342,0.006197271582503165
row_015453,0.03352618957352621
row_039125,0.32019477560763837
row_047725,0.08899007192925593
row_001627,0.021352554539822276
row_049809,0.1338831964205309
row_036732,0.06303470061529294
row_018528,0.969335487731191
row_023679,0.012009445766792195
row_043352,0.9955762751691214
row_049296,0.9667207556499599
row_002345,0.04535289586864467
row_012858,0.010281253692181618
row_026956,0.05327801951047295
row_014083,0.9998486342813478
row_035046,0.04084490331494779
row_044522,0.0026872906913478537
row_019090,0.027825596106584118
row_047830,0.01715916766446633
row_042370,0.9878027182711514
row_049606,0.7744457689925096
row_045637,0.015489590304695272
row_002162,0.9991890085123811
row_017421,0.00514290793414793
row_026017,0.03546506223105573
row_002904,0.004099567637312116
row_025788,0.0009770192496629975
row_018020,0.019748807730570236
row_018494,0.1253335009472227
row_005305,0.34586235636999607
row_047793,0.9975947914970685
row_047605,0.05701073768179898
row_012113,0.07715082031156774
row_028374,0.27605604859094096
row_046552,0.9994610705510257
row_018868,0.9160766101514463
row_011843,0.7040514080508294
row_042139,0.013978270461508308
row_038318,0.3091630491006653
row_016349,0.22047508749701464
row_028485,0.008206958795716366
row_039382,0.018116974299091856
row_002100,0.002986677720147718
row_020949,0.021977175066348612
row_009937,0.9915093610331671
row_033249,0.0001176477788190509
row_019452,0.20561504649487067
row_031062,0.005845691059046514
row_020999,0.0002432674186868292
row_007483,0.0027061279124491007
row_033822,0.025970143925368932
row_032076,0.041068514631810826
row_044048,0.29709389515384427
row_019333,0.062474919612261856
row_033740,0.022317675554199327
row_039589,0.01633505060158609
row_047194,0.028487248881189916
row_031527,0.01881191171463905
row_042621,0.01840617608375041
row_023289,0.3191410334484556
row_012779,0.26743581824408325
row_042120,0.13391974915946964
row_047608,0.16913246530846188
row_001274,0.00023285049817429315
row_041910,0.40460989269706077
row_031451,0.13788166243986938
row_038099,0.980536246423349
row_016081,0.07357045057910179
row_014145,0.00045973068248122485
row_036012,0.8503908512592041
row_020410,0.00852312999947565
row_001239,0.9752073632354632
row_038673,0.014386241063202108
row_006199,0.02743025751071605
row_008216,0.020463404425924914
row_039381,0.07483446765986843
row_022124,0.025031493907691302
row_040095,0.14165194991803387
row_014228,0.9835343235656847
row_007281,0.007425956339943917
row_001832,0.15952467870126713
row_042635,0.10188889898702859
row_033342,0.31568123667898357
row_026588,0.05304657707742945
row_005410,0.0003317954962584063
row_027742,0.768586223540014
row_009297,0.8850536716045203
row_047999,0.0006499093174829068
row_021713,0.03138865669822647
row_021736,0.06530908254999694
row_000683,0.00752321781818568
row_031155,0.5180841564889886
row_005954,0.005743509178901769
row_023912,0.9582884146537121
row_019907,0.00011776436160103494
row_014064,0.1916128727944752
row_001587,0.4781419949291876
row_048134,0.14453281646016858
row_008588,0.0013686352282652242
row_002575,0.4104171048718643
row_008181,0.3646019590348959
row_025078,0.05333028447076389
row_019089,0.00330494422275743
row_033401,0.010786721588913977
row_003760,0.7176986373449612
row_010277,0.0004782387109529777
row_023477,0.0635008155472091
row_030877,0.009188745461003369
row_016325,0.00526313748401953
row_001601,0.02319545942225636
row_003969,0.016858599442636926
row_047592,0.8057182463730406
row_049466,0.027148763899511853
row_015112,0.13407830175734936
row_015204,0.26441918498998696
row_046611,0.0010441931946628161
row_044908,0.3425691187501614
row_042710,0.5831584703550944
row_042521,0.9451385678580426
row_036283,0.0003359918777634183
row_033726,0.0404733218536374
row_017638,0.0018857963395250018
row_010292,0.378675413764608
row_023550,0.4487444233477076
row_016626,0.9528069715913421
row_005975,0.023246714276764974
row_049639,0.0143890654906991
row_025045,0.9317322090176575
row_014025,0.00200091555429498
row_021329,0.0010259430283574057
row_046925,0.012149132382285852
row_032164,0.00426189171881876
row_028498,0.10829988847968099
row_028979,0.12604403603616893
row_017519,0.7397666185096232
row_034608,0.008069620186572918
row_013732,0.028557105902199863
row_024374,0.9518795306167899
row_029497,0.9511788091506028
row_043269,0.004820795873489453
row_029244,0.0075244359643932505
row_045351,0.005952114615780319
row_004195,0.0339973728461354
row_032421,0.18655697868682392
row_045037,0.031047456970724755
row_014075,0.014191173952511342
row_005431,0.005876297851988154
row_045234,0.15021814292201968
row_023471,0.8657349430469337
row_010511,0.003980443163374226
row_045406,0.00010406388012864145
row_027719,0.013585812008126412
row_047828,0.07134876959652083
row_008611,0.06535966437237976
row_042330,0.8741617253423585
row_002215,0.1559556725010253
row_045813,0.6354550996814536
row_008540,0.04571413990272235
row_043816,0.06861748996501903
row_002063,0.017111037978075012
row_030880,0.0695096673757314
row_034258,0.8959429733608256
row_009086,0.9951238736103117
row_012359,0.093482201707201
row_018106,0.08311618088502548
row_040815,0.24194483981140388
row_045389,0.8698612877914288
row_040569,0.16981536803462466
row_001175,0.012069973169386307
row_015292,0.002952490231287271
row_023325,0.20390623822518986
row_010794,0.12330817798744939
row_032594,0.723041258951812
row_034037,0.007440970570443553
row_038867,0.04415573298128094
row_022689,0.0020007317359914028
row_036539,0.006061171123411864
row_027445,0.004232645953029078
row_009113,0.032259724981691204
row_023065,0.3176605841700006
row_030557,0.041385988211838434
row_018044,0.05373973885265918
row_011754,0.010232270303142303
row_017873,0.014635445709244133
row_000103,0.2814194244652993
row_030989,0.08201373565062209
row_013921,0.0015396910492945885
row_046716,0.003274076483905406
row_032696,0.03799898573765647
row_002702,0.0009460263065996672
row_034297,0.0008050344746626003
row_030942,0.3031446000457495
row_029692,0.9895185000050944
row_046088,0.9343543982179732
row_045710,0.2820173356964816
row_029464,0.17704928883495624
row_041778,0.0013021861734219347
row_025171,0.003026251886899897
row_022851,0.0498175673198489
row_005054,0.009725790721301043
row_040899,0.014026210942982098
row_023531,0.010802657141273694
row_049425,0.012181612715665703
row_040125,0.008439448905212844
row_031658,0.05219421635680619
row_012523,0.0014767714227224061
row_034381,0.8984593654252315
row_023310,0.002531665736343538
row_015664,0.20458705284921244
row_006176,0.02108605227959364
row_027559,0.10976042482023865
row_033885,0.2945240303299406
row_030194,0.14561500511897105
row_036989,0.07374885660697895
row_035530,0.11912395789737185
row_048461,0.21521442945051472
row_032286,0.002697095672603659
row_035592,0.0005865286851882321
row_020373,0.7687773625076133
row_029960,0.02468960133309605
row_004277,0.043186297520024564
row_008303,0.030683432191814967
row_024587,0.004870437837572315
row_044576,0.17236474321315445
row_044439,0.011527037131817443
row_006203,0.007931516764383185
row_048064,0.02194225530655305
row_005055,0.1733646141801831
row_005478,0.0040197546854958705
row_038944,0.001915256849569029
row_005548,0.2301444314435034
row_001182,0.06563004184221881
row_005511,0.4937103143843882
row_031687,0.053143622046505426
row_028446,0.03177716067388148
row_047355,0.0006462029103767698
row_010287,0.03890190209918941
row_009015,0.7078949888875402
row_001687,0.08324914510789448
row_035888,0.5133772157180889
row_019232,0.3331054228321253
row_011631,0.00492165132971849
row_000824,0.25990716639313344
row_009329,0.48822425557853116
row_027271,0.16629883419254843
row_046927,0.07877987917321613
row_009966,0.013353369021563036
row_011060,0.025421839084270363
row_027630,0.9949933005534404
row_047545,0.04022720654562074
row_020745,0.03141491796722756
row_035934,0.006162030865989633
row_027051,0.036800984613883994
row_041916,0.12430045436102082
row_002871,0.0014928521589927756
row_017056,0.048370511536647745
row_021885,0.9791599360246055
row_009998,0.08421833256388994
row_009821,0.02550097569494382
row_021026,0.13048967873582779
row_005536,0.32176116482552397
row_000728,0.008345597264638856
row_014148,0.0030453061747378065
row_028876,0.2659941452694453
row_003468,0.004879578105510622
row_004578,0.05166485923820198
row_039793,0.0735008475638634
row_048806,0.021806537327969507
row_017156,0.6746146660035911
row_014430,0.0013802771422094348
row_028128,0.004139316268632948
row_032374,0.023334297783494017
row_047020,0.0023608451039470488
row_005563,0.7194118029964827
row_040028,0.013332721658000245
row_038855,0.4495827191576128
row_034928,0.061779697993404034
row_034477,0.01810119899590978
row_002719,0.5024082072237358
row_021428,0.01021844620012069
row_030944,0.0009761401432468488
row_003412,0.005334776681165011
row_040466,0.025664544839431307
row_001682,0.025606574233344677
row_019919,0.13080923513109505
row_002937,0.26428748646684974
row_047035,0.19482478545204335
row_031732,0.8367687792253273
row_045977,0.4740412300687295
row_045106,0.002913031711098375
row_022228,7.831334031290442e-05
row_049542,0.003878631022823193
row_038421,0.9099045219855568
row_020518,0.016792061829026195
row_046632,0.5372269428171299
row_018146,0.0007160265692248986
row_023579,0.12347176657361701
row_040791,0.09281330379650175
row_037081,0.009094243772511132
row_013444,0.8412902318308542
row_012609,0.1148808326589052
row_022616,0.0346398922152643
row_030124,0.004601223733307996
row_044997,0.2948078058778769
row_005250,0.06817743820408378
row_043399,0.00255908994680135
row_005332,0.009220992615537027
row_049952,0.06012531782173127
row_030066,0.019275006531292598
row_039871,0.006335117210506812
row_038119,0.0011362265434232655
row_009529,0.03095498592277439
row_047277,0.07454536231691118
row_000678,0.653748369471746
row_011821,0.05316712524243816
row_025034,0.8195154983084438
row_032414,0.04162041248089777
row_047959,0.16056870488075461
row_025256,0.22150249603974614
row_044162,0.0015756931501776253
row_033975,0.0007791750979759767
row_003056,0.07039859060662597
row_007932,0.012962786739494726
row_007476,0.0695338582339803
row_044248,0.045833207112466696
row_015715,0.054033435823574616
row_045842,0.006053009053103592
row_040748,0.25314392198010177
row_048801,0.008430927840126994
row_026352,0.07894236208065498
row_023727,0.009587627851968887
row_023176,0.7735460364376888
row_003718,0.24817286123920884
row_028977,0.04721239106638017
row_031023,0.11432213097490534
row_029616,0.17774307235643522
row_035919,0.0740365564342688
row_006267,0.15411642948334928
row_013842,0.3951814601466833
row_005539,0.17962011216700774
row_010749,0.24690547433720253
row_004141,0.002169571132905335
row_031094,0.004796635039947067
row_027343,0.002575050318477649
row_037716,0.06600851499681668
row_005176,0.02327551788853277
row_034413,0.08503633579830883
row_015548,0.014541338900889348
row_003055,0.0812238918815398
row_006218,0.0061512176034354835
row_018270,0.00029758886627627754
row_008204,0.030672151756085713
row_012782,0.11755942042934203
row_037446,0.17450625531770328
row_015677,0.005282997154949314
row_000891,0.0048545999846093535
row_013478,0.015356286339673961
row_013252,0.047207419825030045
row_000227,0.05494677367220755
row_008780,0.0006002863667970376
row_042801,0.1720555608224353
row_037290,0.5563555160026241
row_001369,0.008487114504319692
row_032275,0.09179561013699072
row_025036,0.12743939899135764
row_011595,0.008656843464520761
row_039064,0.0217553099334485
row_006449,0.3829471117685561
row_023410,0.2909319014398022
row_039068,0.00957336766077952
row_018284,0.004419585677853987
row_022826,0.05694239308108735
row_047617,0.11028688342705435
row_032869,0.0038272320854757097
row_011325,0.6488255923530502
row_004840,0.3271229240225368
row_000594,0.009224505539827144
row_018331,0.02288955604155133
row_032061,0.16284182769901506
row_020097,0.2406057807173373
row_026102,0.8506126347748201
row_037168,0.007812450514957187
row_009938,0.0005878292516061079
row_009523,0.03088546793423871
row_034691,0.9914601956882743
row_017151,0.13122158725702934
row_006874,0.008499106537005693
row_005008,0.23787427365656627
row_005178,0.1109856391941474
row_002051,0.1133925920317023
row_001261,0.0025229766292153392
row_016144,0.12162400275196553
row_008817,0.003932193982949738
row_019148,0.10468105776134862
row_028678,0.05123860318444715
row_003335,0.011342807271341925
row_006069,0.017145743701878918
row_046472,0.052102321853637105
row_043010,0.2601414802774122
row_012674,0.00014709651245619845
row_024370,0.3988848837777501
row_014388,0.009946736260010108
row_002105,0.07730115193610436
row_032558,0.06588382050669223
row_039074,0.0037212767507697132
row_040862,0.051791842929195864
row_041361,0.03307065046406836
row_028735,0.0017559395264146675
row_036812,0.007627344349786804
row_047760,0.5503044742827524
row_048469,0.027106662498309862
row_001607,0.30844017607046753
row_043651,0.7893103711455035
row_028969,0.9970983104775638
row_023979,0.005996030890458588
row_039458,0.03690037861289174
row_022272,0.03135633810927222
row_019640,0.0036691481134034326
row_032087,0.4141262936727812
row_020929,0.20183482561612365
row_027940,0.033170683848347565
row_014974,0.7413269483203702
row_041681,0.0010527765517364363
row_014556,0.16464237873131085
row_007193,0.3511868165499355
row_006495,0.01570941943630902
row_049464,0.0038756735752874935
row_002611,0.001825412770833505
row_013791,0.03087923182506674
row_039912,0.006477082632726329
row_042672,0.03675770532105934
row_043556,0.0026896105531056145
row_027929,0.012962057245171936
row_013336,0.9150546191101938
row_023585,0.0009365758368614943
row_000384,0.9531783872666061
row_042653,0.0696785135712598
row_005047,0.02299382348241061
row_035069,0.001299569180887195
row_032595,0.0018301833458139393
row_033045,0.008877888378121545
row_030476,0.1495858924950909
row_007478,0.23535915749580236
row_012892,0.31506946803282315
row_036476,0.0007760174964287182
row_006147,0.002072420988181571
row_045596,0.008504185109151815
row_003898,0.004797842164752753
row_031503,0.07245680755412977
row_031150,0.18309841020730963
row_019697,0.010012337500221511
row_005524,0.40544377864740744
row_012128,0.0051946619909151275
row_020748,0.0006622495873330517
row_039384,0.4131291852013866
row_026906,0.000859325005283232
row_006763,0.6918704258016452
row_003125,0.0005996971263648595
row_031490,0.9919480254802258
row_012558,0.019444686539256906
row_014997,0.020237018686468218
row_016768,0.041605971433595366
row_012324,0.8584974208677284
row_017657,0.03587203631213393
row_018585,0.03345880735739318
row_030945,0.00031790527789139756
row_027798,0.0763159930195842
row_022260,0.005061167546907339
row_018551,0.08929539616310553
row_001836,0.032447418683223046
row_020471,0.0025008591324453154
row_022543,0.04150903068755119
row_044719,0.15706936127369892
row_027847,0.0005887813255213442
row_041795,0.0037810481365781585
row_037978,0.12809660906133855
row_006086,0.04366740788170407
row_016508,0.037256996940352706
row_014597,0.17220211642470148
row_030193,0.9807136240603638
row_035746,0.003311232117278948
row_007642,0.01062981522701817
row_039697,0.0806353815304393
row_042382,0.020043144545279935
row_033117,0.028789721773933886
row_014300,0.5802302129892662
row_033744,0.008491046318491449
row_040074,0.055920773021405364
row_013067,0.3380634139836148
row_011836,0.4692410484253118
row_021571,0.8779340793221354
row_010356,0.011804114878477007
row_023933,0.9373475986960661
row_032278,0.014223285033253937
row_022559,0.04266814302709691
row_027503,0.1017628519773263
row_033780,0.02615816595337018
row_002818,0.07193331943769407
row_008378,0.5661714188132985
row_046279,0.004136179713941438
row_008697,0.00175277457002243
row_034585,0.008301135021218197
row_035296,0.009536048784964914
row_036355,0.3408610096123948
row_018577,0.01123960571744684
row_031166,0.09654812424403743
row_028445,0.04733426914879079
row_049009,0.6496117924529808
row_043700,0.0014309040580402115
row_041799,0.0034409574768379863
row_011207,0.06557669816106985
row_042703,0.08766097064667684
row_026384,0.7240740179725601
row_045756,0.14792435650851068
row_011796,0.0027051104140058766
row_036362,0.06766518480811942
row_036773,0.008748060293567988
row_007170,0.010753058053649626
row_029221,0.0006940844653246874
row_007899,0.7819637938024463
row_010090,0.08234994859523465
row_025548,0.004964390301772971
row_045478,0.024873701339929236
row_044298,0.05512896415216924
row_042531,0.003075452227236401
row_047230,0.16306196187313998
row_014671,0.14641536751455592
row_010583,0.012107607392006711
row_035248,0.6700658581932255
row_024040,0.7015022465249672
row_011511,0.009170749097671023
row_036235,0.0019663523587986767
row_002886,0.08137875364730314
row_022824,0.05849892256308014
row_017527,0.024424451141073285
row_034744,0.13477935586284376
row_042953,0.15937270261862332
row_041257,0.0011836022720268418
row_016120,0.00051057727276838
row_047993,0.2198282341782752
row_013746,0.010180876552650204
row_023334,0.00839018262942605
row_029955,0.0010504744225594503
row_048979,0.021952893259505207
row_003843,0.006040721417001823
row_023501,0.09429342270968391
row_030352,0.017075516803722608
row_011330,0.7463007984136512
row_040268,0.01433110971267778
row_025177,0.05375710014783191
row_036375,0.008438983211235904
row_037241,0.0033344721518854957
row_034947,0.003082344956811789
row_032198,0.009437750842482273
row_036302,0.00717465305175252
row_029825,0.16760639435594932
row_044878,0.0423815189094407
row_033927,0.020382084762254442
row_000252,0.014157833619196905
row_049817,0.0004767508800034093
row_010728,0.01993411967115827
row_045009,0.15487799272940264
row_044838,0.02170613114905501
row_030314,0.05277008428885187
row_014958,0.7683885479008054
row_046092,0.9690904737274315
row_004339,0.020388818248706995
row_009943,0.011005724058192522
row_005818,0.03161750755330627
row_023043,0.9529528060602576
row_002746,0.035023004376147936
row_030339,0.21918169403526644
row_022248,0.00668876386155713
row_003433,0.006178025191052195
row_034766,0.02219681325024401
row_004966,0.8696482931972824
row_004818,0.008761391368427535
row_040347,0.08625678981857376
row_036496,0.01261463417694163
row_002732,0.0002574897076788417
row_004005,0.0013312531502107721
row_047762,0.22559531584467815
row_042498,0.0824457549269731
row_018545,0.1275904972338511
row_011749,0.024411939404009306
row_017907,0.06140623826443227
row_008873,0.02473803552716882
row_006322,0.8369142427548227
row_013788,0.0023781863616407924
row_024314,0.008200465479838187
row_028356,0.020725531913259924
row_023563,0.00039402421528131354
row_031988,0.06914400401701185
row_041526,0.009863006548307941
row_020292,0.38560175771594174
row_027527,0.3046927763249994
row_011281,0.005074185027349116
row_044242,0.5525605883538603
row_033373,0.010280873935158037
row_014483,0.20433179941527574
row_027836,0.09989812548685853
row_032007,0.9958746359652659
row_014175,0.8107357264877849
row_032781,0.14349018249612708
row_008885,0.004009589644832199
row_042374,0.37816829037215355
row_020487,0.0031644160991959273
row_013555,0.0023927984793561782
row_025168,0.0016980806375689033
row_026648,0.618405763781327
row_030413,0.006828733972343933
row_012171,0.005564370462796522
row_004947,0.0007460639035877438
row_045325,0.03255487484067707
row_008607,0.18539773787048588
row_035441,0.017098122878311178
row_012294,0.07451680385256063
row_040988,0.0904258854617713
row_030386,0.04732406363086013
row_031219,0.015717124269896625
row_030568,0.8557486783738818
row_013761,0.24895912246639967
row_015390,0.2686299985418037
row_029150,0.007929826018657129
row_045367,0.012543743491742882
row_017130,0.00036836457625806285
row_030647,0.002909352584470196
row_021081,0.8280617136126732
row_001394,0.9032641820267513
row_036569,0.6383846861317677
row_008496,0.09909585179479942
row_018212,0.3562118122066454
row_041008,0.09713815022379658
row_004659,0.019963589684825655
row_021333,0.004241434190862869
row_021556,0.009171629002549397
row_007368,0.7306602764954335
row_039090,0.0011469464568926806
row_003671,0.007666166453784175
row_030918,0.8149933337677933
row_004751,0.06869552757612886
row_007432,0.16682782323284118
row_037450,0.056620596082738284
row_047718,0.005246577808542406
row_033163,0.0017440318553668484
row_015687,0.001215654575643836
row_008302,0.027579603096373705
row_026751,0.18462437489061925
row_008976,0.036927643475972334
row_020702,0.11204097489542897
row_008653,0.016551173635409193
row_042394,0.34200359092397736
row_036602,0.018532373851666336
row_031947,0.009683277705943344
row_047409,0.7513757293642501
row_007927,0.11022069539426765
row_027531,0.0011296927003756536
row_023712,0.005548338349132044
row_033665,0.10627886689076736
row_032765,0.0056609057392132765
row_044744,0.008234172551426893
row_028917,0.0038277321635387346
row_047402,0.7998004905619516
row_044468,0.9426336672286351
row_016824,0.9394767812842135
row_048763,0.02869621792275984
row_015912,0.10336647259510054
row_007769,0.0008429137967144402
row_026097,0.25404302105763077
row_011360,0.22653803218181215
row_046626,0.0017006010524772545
row_025019,0.06516780675661595
row_007760,0.3794416500827203
row_021847,0.0972555537035111
row_007845,0.09399359815484887
row_039508,0.0012051777215994635
row_016448,0.02488396099835065
row_031931,0.08876982146866087
row_018618,0.02686810840997016
row_046449,0.007416859792007386
row_040248,0.28064867140605465
row_039689,0.0035362975127278076
row_038469,0.5856139779446949
row_015172,0.15181093922797947
row_020652,0.04173992984629752
row_027994,0.009320571068789637
row_017415,0.21283330840476766
row_024803,0.7877740242225979
row_027032,0.0011561866015834437
row_024521,0.20821649875420242
row_030341,0.9996209406705886
row_014940,0.05961311014305738
row_016926,0.0066937869242722475
row_047579,0.3052202038763418
row_044693,0.07606490300167308
row_004893,0.0020439365899907547
row_036129,0.020856067779869612
row_020007,0.01078924082047729
row_004950,0.0179905672711613
row_008223,0.015964969049341998
row_024032,0.020191992623274868
row_047021,0.011657146345843174
row_041320,0.01701933428855256
row_034555,0.09415994632088319
row_016868,0.03738145446034715
row_034629,0.38692067212395653
row_043793,0.0012281522427653728
row_040832,0.2458622686939966
row_023832,0.04314449122115791
row_026871,0.26890464110062096
row_018650,0.995562211961919
row_021481,0.29805265622336663
row_031228,0.04059750589617471
row_028410,0.004109672923312838
row_021246,0.08587249745539711
row_008510,0.00960624812689535
row_006340,0.06282702496464279
row_021540,0.00041681331934942866
row_030935,0.586494611340678
row_014616,0.3298995506743484
row_000646,0.4985637585590093
row_008098,0.12042038525124533
row_044477,0.002287268638376297
row_012191,0.07413482608987464
row_043837,0.09935238106251337
row_044133,0.0027555478362361933
row_045283,0.0073587685407485335
row_037709,0.004224178246673657
row_033644,0.028433437541552635
row_027928,0.9574763758431225
row_024607,0.0021082612055890776
row_035045,0.005809491222227679
row_045648,0.980930497985065
row_024254,0.0012114073431002
row_048514,0.008647455543327513
row_033325,0.10293037469214798
row_005052,0.0014954159551545444
row_044462,0.032478856380965364
row_027144,0.8411335181617108
row_020521,0.1516787351305811
row_042515,0.6965549604827271
row_030749,0.009260585880705482
row_041715,0.027940655682123474
row_028990,0.1823255424949389
row_033444,0.1310144602333888
row_025273,0.5497854416428112
row_034019,0.24068113919447726
row_014708,0.05133542381910299
row_029657,0.4619762508322343
row_039933,0.0005400352333261267
row_010130,0.0008287035938681833
row_023321,0.0004971207016170562
row_018372,0.00498097399150553
row_027620,0.07002096073092208
row_010773,0.0036771020888007938
row_027241,0.006406196300765689
row_049564,0.009583620433985354
row_007549,0.02060244797518659
row_026364,0.8530437792829856
row_021829,0.016156683971719283
row_048141,0.9938974905773229
row_046456,0.04343581257769467
row_045557,0.0036813124792633
row_006213,0.1444331176646068
row_039779,0.058482024329668036
row_028393,0.8706435197272178
row_002541,0.16238648501104647
row_040617,0.0007504195430396621
row_045752,0.009122898686665066
row_005461,0.04167818454507194
row_026023,0.009594095875727985
row_017573,0.5434837180565394
row_004743,0.9958172405309372
row_032237,0.9570932628021958
row_036468,0.10541677111489524
row_025376,0.07540342188622044
row_004284,0.005442828313174906
row_044768,0.04553799013434508
row_008811,0.02221250970071378
row_019141,0.010498807268052423
row_001363,0.018866839781852683
row_039572,0.028171571251814003
row_007619,0.013182895822544
row_013079,0.004358957944535625
row_004875,0.024858227206432885
row_040709,0.9953915330028226
row_003538,0.9998617471969828
row_019713,0.9871222592536618
row_000382,0.9793997188345571
row_015346,0.002863970827612901
row_024867,0.3793380299356321
row_045709,0.06954153556144228
row_014325,0.4589454293719948
row_045146,0.12527455586826214
row_037901,0.013258845523940882
row_024911,0.4105379747948984
row_026331,0.0010661924364901473
row_012341,0.08350128501451569
row_044318,0.5404826284019292
row_047641,0.6268780924086892
row_020669,0.06620525850519866
row_008578,0.0023940277734651413
row_003492,0.8335848276860077
row_000770,0.035783862066604895
row_013481,0.0006079911516991842
row_038807,0.004434474383213378
row_005394,0.01648982682458676
row_003602,0.00021244055241191877
row_030587,0.4931765474030934
row_002173,0.003994276566416835
row_030327,0.8361406092711228
row_040987,0.0034831444707690965
row_005104,0.014627118941657764
row_002187,0.001970537227765714
row_037313,0.011458531750835558
row_026928,0.02580042205427146
row_011707,0.22713890336941256
row_039174,0.09855268199597192
row_048467,0.0009820215689891891
row_034298,0.3165120808823677
row_016828,0.2987841673101208
row_005612,0.050875559843407595
row_036737,0.014324824488081603
row_015236,0.0045881440907890045
row_021637,0.015209342788304157
row_012117,0.005907971810683306
row_018979,0.4191040417839614
row_019490,0.004800879018100287
row_030721,0.7321987265973386
row_023984,0.6386111340393962
row_003174,0.44827851660032886
row_025014,0.010060535727361672
row_012165,0.015808802834546373
row_005713,0.10034632550779042
row_042747,0.05538565678686286
row_021863,0.0064355750377805936
row_004323,0.5194870410459963
row_018557,0.0055067742759652445
row_047980,0.45733022349203134
row_043300,0.14316355763738156
row_046451,0.0055718942487667025
row_025878,0.009389198185122023
row_026433,0.11382358838241066
row_004093,0.2630128380662743
row_003257,0.08318847095948055
row_013231,0.04506828210943221
row_025108,0.06030663199998932
row_046138,0.008446559030430003
row_031520,0.2454459855484503
row_040699,0.048853593778846474
row_048796,0.044425642244972675
row_023641,0.12370899947804619
row_036856,0.21971219342454842
row_021159,0.21679351787610124
row_009911,0.03681683244149373
row_022224,0.001697855196787939
row_035129,0.01049459946857832
row_044070,0.021078821190952557
row_035457,0.0035406576864027064
row_022180,0.08583650164153883
row_049333,0.9964790902220211
row_049062,0.9944582752932569
row_001514,0.03025885675792222
row_025319,0.11040762789298897
row_008605,0.0017424566620969084
row_004134,0.0003207386343051279
row_019126,0.02755211146211628
row_000918,0.26677645249381493
row_041147,0.7089239399152045
row_002714,0.04263251932348752
row_040408,0.15833196144410322
row_015709,0.00580390713069683
row_001785,0.6988149140452644
row_044547,0.057827231774356586
row_047251,0.06121751483482415
row_018662,0.08673936746756057
row_010229,0.04112557409623774
row_035548,0.0169419097991094
row_026556,0.40873339059740066
row_042094,0.018410046644791723
row_028754,0.25658162050346206
row_037352,0.006985186468216269
row_032439,0.000751198706577777
row_009868,0.043569111406925695
row_003258,0.23335105898503908
row_028902,0.021531740497859234
row_008056,0.8537954796549304
row_001700,0.8133397616952103
row_021268,0.16899115744496504
row_024913,0.05001432873118764
row_030614,0.20017926269702122
row_037010,0.06650435161699489
row_012379,0.6057764958513416
row_030507,0.08534182672331134
row_024282,0.0006055250715447416
row_028866,0.024224330310218593
row_037036,0.8780577893601905
row_048375,0.014542704007684197
row_005395,0.8913288435493579
row_044125,0.047817756038581426
row_011674,0.003576859206529933
row_004217,0.0020009775658525017
row_005564,0.3814144764339539
row_012115,0.3015340294301673
row_034615,0.19791163713568835
row_002161,0.021787345773201554
row_034455,0.7061522916757191
row_040073,0.20097655433944359
row_032950,0.001781489453309002
row_025755,0.351039913122909
row_045424,0.08933601703533925
row_012527,0.6546375691579509
row_021681,0.0007062202781423411
row_016692,0.03769567632485699
row_025772,0.8187801431039666
row_038218,0.07898637838378238
row_031651,0.001352242337769148
row_046522,0.09827732752231087
row_042433,0.009158429726653127
row_043727,0.0019153171350539226
row_043925,0.021802097264018456
row_017419,0.044816893447030375
row_049374,0.19543897161943166
row_031322,0.9234075931908098
row_026257,0.02577702095668221
row_017839,0.8289257479362171
row_020404,0.006314804457737533
row_034787,0.47530324576346245
row_039786,0.08298862748916787
row_036428,0.03263953476204252
row_029171,0.8947502430101675
row_030635,0.004064756118601793
row_003823,0.04429857632375744
row_009185,0.9606700239941262
row_038198,0.01865691930722933
row_037647,0.010844035147399624
row_010935,0.4504399847582705
row_020346,0.5628391272580536
row_043682,0.001466372928919051
row_019841,0.023303319293847987
row_018104,0.5831097034519103
row_038415,0.7449655015785329
row_038157,0.04299483658176014
row_043247,0.27614037355150817
row_031191,0.06738787512563778
row_044117,0.002850782534123108
row_012235,0.5821568514796399
row_010897,0.01312164473705746
row_045179,0.00047510984843997245
row_049242,0.28532262832605
row_014874,0.007361473235243206
row_010156,0.1858173904114392
row_041554,0.037753463922477234
row_044368,0.12584219724409146
row_035730,0.016050960078899765
row_018709,0.0162547964519579
row_044575,0.059735889769563684
row_018977,0.0004775398525337001
row_023536,0.5798629619917572
row_028813,0.2322491613446523
row_033309,0.48285715667627427
row_003640,0.020769145158789727
row_009693,0.24315365126278965
row_021322,0.09604784565115217
row_013734,0.04043980476676887
row_006863,0.0065356509555891335
row_039725,0.06072299290648024
row_046457,0.27550433044335537
row_036728,0.004523658552293435
row_035389,0.004740772089379124
row_018278,0.9867199765337064
row_007595,0.0011501817874493899
row_049756,0.0055908502420329905
row_020345,0.020005547271909393
row_014909,0.02532510272311056
row_006638,0.017032374427478295
row_031192,0.007637294203120418
row_037013,0.16310919949272779
row_049100,0.5126631379136476
row_020298,0.9856866495798317
row_034899,0.0399794636676183
row_041383,0.023623756651933694
row_028919,0.03976337352534458
row_022511,0.6812733843076592
row_016123,0.04460377636762746
row_045901,0.006786570406495019
row_031785,0.7486558499245315
row_013715,0.011214586104135714
row_044852,0.08477225841186489
row_039034,0.973318579363242
row_011570,0.048546195847233575
row_019964,0.7560110208637869
row_031565,0.8051783330341771
row_019015,0.002423564042009984
row_033887,0.00703333149737415
row_032597,0.2260499998015117
row_000376,0.11124352405026824
row_034112,0.00965024124063952
row_024616,0.15799219912690599
row_043388,0.0002789895236897293
row_020614,0.09761050500282845
row_027260,0.015481617700602128
row_009202,0.0005218334629336408
row_005266,0.04305129564554022
row_025501,0.3774730752943534
row_038702,0.004288836876461717
row_046025,0.005095496297901101
row_046185,0.027232093290928218
row_023883,0.0002972252401743383
row_017604,0.17050083511743983
row_011541,0.0009917731822775178
row_008665,0.12879009647441855
row_012231,0.012954430102647609
row_039095,0.06501988581616476
row_016634,0.0005304424509536694
row_041542,0.12318597719656268
row_013895,0.013644480676414902
row_019440,0.11859696594252149
row_000432,0.28418746490869
row_009837,0.01961796767876435
row_011477,0.0032933592750244577
row_033926,0.027092031537224517
row_039834,0.06456338285784165
row_028933,0.01206088596693149
row_014028,0.26502239424148444
row_001196,0.27971777489779115
row_003562,0.019269077164007088
row_002803,0.028435374048671178
row_039659,0.006445625357259028
row_039982,0.00953770064996036
row_009397,0.02489747252253475
row_006436,0.0006082510841911542
row_027472,0.07762007220683274
row_025398,0.794898883243542
row_020103,0.00015364483995100175
row_016261,0.01588035170978812
row_029710,0.02246981661940559
row_047850,0.010839526528242589
row_047997,0.6748634966253565
row_026480,0.005367335727832601
row_044554,0.8185747862058651
row_033747,0.017014364349706344
row_015104,0.4381529819780052
row_006304,0.00020622412384669765
row_039038,0.8360275304411169
row_033180,0.10294501547695938
row_044484,0.45856634679465863
row_047077,0.013608375315689062
row_032139,0.1100753720910591
row_026190,0.0015846779279166045
row_032171,0.027854266610323343
row_044312,0.0007853134743534367
row_004563,0.11102360328061839
row_045042,0.08221382416759956
row_002434,0.1545908938224832
row_013577,0.020785680886962775
row_020732,0.0017685781987963492
row_001361,0.24091829308741503
row_039923,0.011160766462751591
row_046840,0.014101172282473852
row_003964,0.1644883119068108
row_035170,0.00610650466774278
row_038400,0.5724714320153391
row_049402,0.005422349150190883
row_020172,0.9886804705896596
row_036526,0.1770543573750921
row_009477,0.035457343386904816
row_016601,0.07063410995295448
row_027278,0.009218137265505884
row_002899,0.23736622149128248
row_012712,0.008606022883855037
row_036464,0.0995404160866657
row_029675,0.04251015577337983
row_018669,0.04659394007275728
row_033055,0.007604807495170589
row_005684,0.06364311967209454
row_033427,0.3429526586014224
row_016531,0.08992613316269445
row_030312,0.27177524300724987
row_007173,0.0008382578951024907
row_013264,0.031222914510998685
row_013446,0.003431822806791292
row_037795,0.06653764585729419
row_046375,0.7563345283629395
row_042872,0.5692677219706683
row_032036,0.011026498811754526
row_025184,0.16537465303730506
row_035169,0.11975692609211308
row_017924,0.6987630298010491
row_009335,0.07060787350997613
row_011243,0.31394502821502634
row_028759,0.0007744543186285609
row_044631,0.015902148485031777
row_011534,0.5071286353664461
row_040607,0.05948535993278231
row_002019,0.013219610018411609
row_019068,0.012873662293761856
row_032618,0.8686339985536011
row_038063,0.08226345504597575
row_042687,0.0066547179685067775
row_040382,0.007410673440240421
row_020888,0.00901618003848515
row_036159,0.0005616312687769367
row_028749,0.09813188591288978
row_048927,0.3385043045933431
row_048259,0.14846460017416574
row_038365,0.0006761205692362368
row_048654,0.24722349565937704
row_026584,0.019013621822257423
row_022599,0.004481185922846616
row_038717,0.29682001777095773
row_028622,0.0002129458962479572
row_007958,0.026519326962924722
row_035816,0.10731857538820923
row_047881,0.054239003458478124
row_001276,0.08039009216273985
row_049901,0.4839294593083023
row_019222,0.00042112194080281743
row_026998,0.11360245252656871
row_001449,0.008021574260079269
row_007244,0.008990648037176049
row_030008,0.2779568491149063
row_044669,0.787438213880272
row_005045,0.49642276479735115
row_031714,0.25935289936528844
row_022188,0.013275620453403124
row_005264,0.44637308751362487
row_001881,0.004399253286498115
row_037148,0.9997389154495172
row_013352,0.00945059685307502
row_008954,0.02514855706809136
row_018051,0.07107847034977365
row_009472,0.02026213509286319
row_032863,0.8837271312204391
row_048394,0.2536779983853743
row_034097,0.8639774443885184
row_007464,0.06635039457703537
row_019163,0.025815106298670464
row_018507,0.024722202446470692
row_049214,0.10283492070441053
row_030018,0.23039585054574416
row_024635,0.011268254950356693
row_008799,0.008247015110350775
row_035260,0.0849202257864349
row_006606,0.02723767360361179
row_001038,0.11158293032788406
row_036285,0.0748173844909583
row_011328,0.03496868681810705
row_011098,0.03191091987391073
row_002407,0.11191917043758025
row_015764,0.027050536197108514
row_032641,0.06445826951542051
row_026094,0.13001094012864656
row_042593,0.8770266172660326
row_031553,0.7409347360240417
row_001210,0.30145546995235045
row_006319,0.015912602902288134
row_043555,0.0006206327302626521
row_008398,0.00619730092512386
row_017229,0.4985445622049457
row_031460,0.2072913317565982
row_034556,0.010328770661983516
row_003311,0.023433941426295336
row_023435,0.6589154054885342
row_030872,0.0036609867631439254
row_012794,0.010616722289603997
row_032300,0.04684455547275713
row_047110,0.001799760840905687
row_022078,0.0054763368968161925
row_029265,0.01105853181813726
row_008919,0.01693018521476468
row_001101,0.02649166007909091
row_037702,0.9401039703679266
row_022671,0.014117243173450077
row_007254,0.2012136987194758
row_040264,0.011524457982611194
row_027835,0.005672309698871971
row_013322,0.0007930123791241851
row_028798,0.011307277932451126
row_014281,0.9037968862546463
row_038649,0.5409407401245087
row_019653,0.019274458378310037
row_002787,0.024703382731046105
row_026979,0.21039252158314856
row_039601,0.9778304212942766
row_010523,0.42302947961278825
row_027291,0.05884849708674864
row_035044,0.02860295758312057
row_048784,0.002096509279138051
row_007680,0.00824919795890612
row_000777,0.02002044964673578
row_048996,0.05894313265416478
row_016425,0.02861767531325786
row_012230,0.0014951555036894185
row_027921,0.20673869528456698
row_047779,0.6904475683593246
row_048766,0.010001920933130624
row_020911,0.19358002092190052
row_007052,0.08196371389840947
row_007442,0.00644059238883067
row_005288,0.004836571287082889
row_001494,0.051814627445384946
row_015582,0.0031332474212357186
row_021970,0.01614639418556242
row_042418,0.003058793922304583
row_047236,0.07505689160436674
row_020060,0.0028008138266504357
row_023282,0.04321469854392939
row_014639,0.08747155574415909
row_004194,0.0012390855809817373
row_030607,0.000501358780971972
row_028133,0.008608882699299714
row_045262,0.8467101685174474
row_038205,0.1304753912802287
row_014907,0.045253967864429145
row_044159,0.0040176318061941494
row_003668,0.10673374532198882
row_039309,0.01771235302850863
row_034548,0.018053488662259032
row_041740,0.0007621953329240269
row_015797,0.004524031535823506
row_049848,0.012158043181217718
row_041448,0.0658138075289366
row_020550,0.1939518921807904
row_007935,0.0028404207889471916
row_002497,0.008908243046441562
row_045789,0.11760609778286717
row_020241,0.010670756403166514
row_015227,0.0017041872930090084
row_033741,0.02544456348013524
row_042590,0.7096220736793108
row_033650,0.16506581338389473
row_041643,0.004705506645424624
row_017683,0.6696483271043159
row_010509,0.35421708839232713
row_045971,0.541593796495724
row_026689,0.00017953448696317835
row_027567,0.0033930627976908488
row_006645,0.001587697061364879
row_029371,0.4741692080071253
row_042814,0.010591618320000681
row_045805,0.11033957352064257
row_020848,0.03379546565346368
row_000650,0.00012593516184017023
row_027534,0.014670070010252162
row_033671,0.014926255959881039
row_040674,0.011501200072565339
row_025291,0.0028950353841065745
row_026765,0.07938675102778629
row_030605,0.009733305522951456
row_003919,0.004947666404871127
row_022136,0.045782000463472944
row_021104,0.3317240287071787
row_015344,0.26793986950448506
row_005760,0.9538702471983872
row_002880,0.002157996330733678
row_014768,0.19647874429301435
row_049650,0.265883830655433
row_016375,0.04087926298940687
row_039317,0.09333486995986266
row_011830,0.003277567680466619
row_004930,0.044868433991326645
row_017411,0.6997072364609842
row_021363,0.0780191405651806
row_045625,0.019248608619254093
row_036005,0.05268181144286938
row_031755,0.3135588138449979
row_012743,0.21194549462137688
row_035727,0.6157708578313648
row_007408,0.4342954291514499
row_019227,0.363116418880344
row_021680,0.0019007537758294229
row_026260,0.002737450280463385
row_035357,0.09962256755711024
row_046156,0.006189110853508001
row_048890,0.019684040977194336
row_027125,0.7448766647563672
row_028916,0.025859541646607108
row_037758,0.002160441502965061
row_023336,0.9747417463942711
row_003134,0.02458048351418115
row_025876,0.15434593434296728
row_016077,0.054487870866088486
row_041811,0.2279831983588446
row_042661,0.2615158409059231
row_043454,0.005833546014023717
row_030329,0.19405912835254377
row_026738,0.025897170082320856
row_041510,0.11561971369788927
row_028197,0.08425697202531894
row_013777,0.002526537470973207
row_014969,0.010096857267839734
row_000120,0.014455901764577573
row_006886,0.0034049757339531432
row_023163,0.5932835609946521
row_034579,0.007737869533151425
row_006311,0.8458115405998443
row_046758,0.001756120981512081
row_016777,0.034580317035305556
row_025940,0.13212819385165678
row_023135,0.48837116081130083
row_003320,0.9301442622985019
row_016109,0.014268145163193151
row_026643,0.02497114936547467
row_008382,0.03139639107111425
row_024175,0.9114697249399579
row_044598,0.7553078022409466
row_028018,0.0018549627875367827
row_006703,0.006163126578064609
row_011589,0.19401984498242975
row_001467,0.14615683813391572
row_035099,0.15085268449659514
row_013696,0.029562989241407947
row_010912,0.14324085654569416
row_021264,0.00033959414167770334
row_044164,0.17264721215893475
row_037754,0.00325459231439538
row_021147,0.002762705667294974
row_043942,0.0018568289717949434
row_002550,0.0027078110657628718
row_024808,0.002509386303814926
row_023378,0.014895009558681213
row_000962,0.020138888366333478
row_000066,0.02192998523843217
row_006767,0.13731982474689317
row_018120,0.011133400522242187
row_043045,0.13412337006802882
row_012159,0.41983896389080827
row_007604,0.5217193414008239
row_037833,0.0016736027609385203
row_004911,0.0007838054730256322
row_026912,0.007283201931381982
row_042898,0.007464340939448803
row_043877,0.0006092359971875807
row_035475,0.07971100145426238
row_034518,0.12010275109502629
row_042722,0.006643886732480802
row_002216,0.5464554767056958
row_038146,0.07880521372758267
row_016308,0.014294494601670411
row_030573,0.07380379251474634
row_000308,0.0012226585780119427
row_006835,0.000965124739896389
row_038317,0.17023931560134195
row_018033,0.9840758248334994
row_045344,0.00796838336280442
row_031311,0.10985687341216721
row_033788,0.032814927252553236
row_039516,0.038140393752063316
row_028257,0.2877000670741996
row_005353,0.0234810806819197
row_011626,0.05169058791540802
row_045932,0.0008078821233931068
row_024520,0.8217424444488041
row_033472,0.15968568383937926
row_039005,0.14988652049545476
row_039658,0.9999417691617573
row_003247,0.14439141455862195
row_030446,0.0442419857356208
row_038849,0.08644854950530409
row_036248,0.6608282597102754
row_023547,0.08563535616817537
row_044465,0.2682925046576282
row_009631,0.09924403183487525
row_036549,0.0016564349977629218
row_011499,0.031432125138285104
row_038890,0.0033016157497845087
row_014741,0.022026066365709484
row_043836,0.1554076500369309
row_019426,0.06756619144537514
row_018345,0.012926330860850807
row_036673,0.011928466473512077
row_041364,0.3117580654448671
row_045196,0.7765444554434393
row_010531,0.19777826451103492
row_022236,0.0012081836340590364
row_033244,0.7930728992836406
row_014507,0.04525152040513255
row_019805,0.6152887773582796
row_008440,0.05131583130528813
row_033503,0.002494126024582268
row_029688,0.0007372605729488773
row_032375,0.23130687487360657
row_039331,0.4914408256759754
row_016834,0.5024217123653361
row_010793,0.019114434518035597
row_013060,0.6902893032895724
row_009885,0.0033796579178931095
row_029760,0.007229543195140589
row_035387,0.14572680851255979
row_048365,0.9774426675549561
row_044892,0.9755312254296941
row_028882,0.04235622608639351
row_037781,0.048987214801701755
row_047301,0.8614627049864356
row_014570,0.3298589384955793
row_023409,0.1048437602625747
row_026737,0.0072844680742647945
row_031284,0.7652064985361163
row_038637,0.12856507660711258
row_009395,0.16377465988383677
row_015475,0.011224539562194932
row_041832,0.04752367909563372
row_016011,0.9832576263595526
row_024156,0.16948932264505573
row_041350,0.138149828108439
row_002360,0.002912171517353171
row_010117,0.0017718166050512659
row_013631,0.0012330028692737155
row_009060,0.08425622110333288
row_010278,0.00021609190539194183
row_009214,0.006072028801596472
row_044790,0.032377947985417654
row_033936,0.004303648869026606
row_003995,0.07849625618164989
row_036855,0.03108226770738489
row_026878,0.015615593468376309
row_022712,0.002025606311104806
row_026069,0.021312506113977555
row_009762,0.9397110801723376
row_011778,0.38462655061328355
row_001272,0.0032427093260551584
row_011485,0.013875062055249361
row_021260,0.016082629800464064
row_002557,0.016505633498123055
row_021225,0.027130685818364034
row_001580,0.07734042491567944
row_047155,0.18466406173515512
row_018362,0.28984257136300084
row_016978,0.01367686123802396
row_031717,0.14347611348671643
row_034821,0.029291118296098147
row_039691,0.010662416605857473
row_018116,0.000629811022065404
row_025130,0.04898070537009921
row_006320,0.0015207812761274964
row_047598,0.022520188139576472
row_026710,0.0005495649987930491
row_044872,0.0339309667716487
row_010198,0.24210489217656975
row_012939,0.04656635198333481
row_017624,0.9739268778225761
row_012491,0.04751610765204853
row_048428,0.1582627323924776
row_049534,0.5356665181769446
row_009443,0.003972797096861821
row_013890,0.6150573190791666
row_020111,0.01910794928356178
row_041966,0.0839704958335093
row_039909,0.17420522867223734
row_032923,0.06884378680294446
row_049634,0.058755097529074686
row_045671,0.001154420112433956
row_036209,0.1633673121859599
row_041702,0.005260431062151651
row_044195,0.5448455524460196
row_001036,0.10539910183701404
row_007019,0.0017884643209647945
row_040757,0.03604494187675076
row_033884,0.008626556760986047
row_006169,0.004385757091237199
row_046706,0.04584899327401057
row_049879,0.001977638962112081
row_037934,0.09353922940572915
row_039340,0.03572373544095387
row_040380,0.032481876145979235
row_046450,0.1472057416117845
row_007950,0.025394139942384788
row_001120,0.17700857642580983
row_039884,0.0630053049019749
row_030025,0.038822724252250446
row_044734,0.0026986191962425493
row_026724,0.42887826446666694
row_011302,0.07163741584442888
row_014775,0.36154461790326936
row_016204,0.15739588415286163
row_013847,0.00709684222359745
row_030032,0.006916565990602096
row_031852,0.04353320958504329
row_007941,0.2245630657199344
row_026131,0.06885243155366202
row_032549,0.7752205908337254
row_014684,0.37478037927731633
row_015598,0.222818185301591
row_040514,0.07466655437714098
row_022061,0.05550375451590094
row_019321,0.03795094041825741
row_007236,0.08405821622057932
row_009093,0.9921994344095716
row_020721,0.20566154146627502
row_022909,0.0019501853981794103
row_009923,0.09794002970946987
row_024578,0.004761147422700491
row_022661,0.0006111861740299353
row_026422,0.0004975210567682588
row_039386,0.3185198753951819
row_046172,0.005747795446410617
row_049052,0.25241506804524605
row_042742,0.22486411191003636
row_004604,0.9199751579978944
row_012607,0.000588918330323334
row_032151,0.0017632886928999356
row_034327,0.12120646752641794
row_012622,0.0017068485614425023
row_001530,0.5754092977959491
row_015574,0.0025542946291072727
row_038125,0.003606237834065904
row_043557,0.04651440475289746
row_029952,0.005802114121461752
row_048879,0.01064745650666426
row_000040,0.07172024436800627
row_011467,0.0016829631531401546
row_040592,0.00031834823899359497
row_019421,0.0029392060112425652
row_047711,0.0466469773613786
row_048278,0.15968443685912442
row_039852,0.004443487028991257
row_028213,0.01064343840872257
row_030468,0.38144729976187164
row_039596,0.15009880250559907
row_034634,0.016490680717120378
row_024785,0.4001264643529871
row_030729,0.013845993932229779
row_045641,0.09257081496875061
row_032330,0.22295642786345937
row_010083,0.0038890730678726353
row_006601,0.009949813535474776
row_009727,0.18021609973912986
row_038910,0.006913477921922182
row_032827,0.00029209162019551015
row_002609,0.0031189747747780118
row_028115,0.03748584058924435
row_009225,0.01802476743463981
row_006800,0.21677181486828767
row_024024,0.06619832064546706
row_040070,0.018386541986087544
row_030492,0.019443745492589398
row_038633,0.013730699215842638
row_016997,0.01424485066162069
row_017981,0.013169918696261683
row_005301,0.001951619387230871
row_022570,0.03106750373586818
row_026346,0.05303750110052543
row_001529,0.02208059211361365
row_013718,0.97999764470268
row_020908,0.024340777541328882
row_030837,0.4266098676522105
row_008244,0.035171891951910006
row_010483,0.016172575002226987
row_046650,0.10037017253153195
row_038181,0.005362942918684057
row_019751,0.9929793265142586
row_044178,0.1907511270481907
row_027852,0.019641912597016913
row_038793,0.2772279879701428
row_022636,0.3132671546780701
row_022284,0.8488844148397392
row_024141,0.9637326509994293
row_041271,0.014917165751504188
row_025913,0.021356859811995643
row_019513,0.21362063033963427
row_031966,0.4689909512912042
row_035997,0.05235823720884751
row_042911,0.004642218867059971
row_026191,0.0007995381342292855
row_000997,0.0738629246778929
row_002514,0.6179124208646196
row_047048,0.05580460322985703
row_002065,0.2548329965566381
row_048173,0.0030636263326440645
row_028107,0.012405320813612201
row_046966,0.009550711272141249
row_017860,0.00113220296407218
row_010251,0.44146783310055426
row_018050,0.008121842740846376
row_025456,0.005224610355912809
row_042762,0.603389860567065
row_047490,0.01579494004972734
row_045959,0.9583753355347627
row_049059,0.007878873572053824
row_024253,0.0071613816149515
row_021892,0.012361657694315228
row_008255,0.0006493475070782615
row_031531,0.010154956821825349
row_039207,0.1070110671699113
row_043175,0.12732919202322365
row_021839,0.08245773777626526
row_030236,0.00519476621971353
row_001649,0.005588007651208396
row_000322,0.01612609556275585
row_036632,0.9553100648856034
row_003700,0.5695302059681732
row_019274,0.021314290776223977
row_043443,0.2786099551105091
row_043943,0.001767840354740307
row_047307,0.8512811144066448
row_027392,0.001282523165964517
row_007895,0.3157989337011088
row_005223,0.03546886903809797
row_021975,0.0015109977880177728
row_004973,0.31202365686668687
row_003216,0.026684197684275636
row_023034,0.024152019758488224
row_023783,0.013011872711951093
row_029517,0.004048668537589611
row_004066,0.1390529291919082
row_022643,0.12404874869861765
row_022791,0.0021733537399717304
row_040801,0.000951089800507371
row_033597,0.4764503488827228
row_001777,0.005123467928174496
row_000357,0.17484129101299983
row_034474,0.0704126128246303
row_017814,0.023868252515768337
row_043344,0.014031436634794402
row_001743,0.2268035400192147
row_044877,0.004082220409718342
row_009929,0.03210347387265349
row_017090,0.017571918660336642
row_035682,0.050189457462885646
row_032721,0.1983071986981348
row_005757,0.3195126132761565
row_028724,0.04629055159316126
row_026092,0.0034601053829254884
row_033030,0.02081083670638155
row_019357,0.15749716215317228
row_024504,0.003591927654442455
row_046083,0.01202781196740252
row_000144,0.6453350307038115
row_016371,0.041377266765233116
row_003687,0.006919285074678641
row_022223,0.5742990316560708
row_043303,0.006629997571398828
row_032126,0.00014424353084947086
row_011679,0.21767244113283168
row_038736,0.005042294326615378
row_037532,0.7241281256131559
row_013113,0.06290631704477122
row_044200,0.020298431238476536
row_045525,0.11161727520236242
row_037169,0.1634602761451535
row_018520,0.09393754540928528
row_012816,0.011698497913939976
row_002343,0.1361143170134396
row_047704,0.9726616236642137
row_038087,0.018762538353071446
row_024257,0.045296449622311566
row_021986,0.9738010876071753
row_010839,0.012765887140518947
row_001035,0.008999538927398305
row_009153,0.002233948387660215
row_046495,0.01653645917819451
row_020163,0.4756893039522543
row_048748,0.0008936676964357268
row_004643,0.16712345513798077
row_018443,0.002107410615596931
row_009560,0.005405499538338639
row_039399,0.5512191195292487
row_029084,0.014512262418824017
row_000913,0.9543118714815644
row_042851,0.0025662745251376095
row_030214,0.04099502768168588
row_002287,0.6461748771812219
row_000722,0.1022673825052128
row_022856,0.01432276875229123
row_031603,0.08866203139936774
row_023920,0.054964410746161825
row_043492,0.8357050046184329
row_020777,0.9121250884876976
row_039582,0.9348636659819608
row_003239,0.0022789967381651103
row_035305,0.009550735071639555
row_005753,0.9691619336705972
row_039258,0.6459700682006703
row_046392,0.00024665146641882307
row_023268,0.0719610257740124
row_035946,0.04506418318404261
row_030101,0.20341336300393248
row_037354,0.0030104107781245212
row_048177,0.003852688898030844
row_008009,0.975435572269336
row_002686,0.016010626136736626
row_004448,0.07274642009359909
row_045599,0.11017159804436231
row_027194,0.040593775093799786
row_039447,0.016075672331062635
row_009374,0.002916266940115409
row_017580,0.06829054204884505
row_013525,0.9796150030498891
row_035281,0.004501924805610461
row_040389,0.003038097369872581
row_025463,0.04801534922023622
row_038046,0.106664348029618
row_010363,0.05263850192209014
row_015380,0.019051141588247708
row_049768,0.3874197584811978
row_013711,0.001697785434266824
row_045045,0.03941662960372368
row_043866,0.2666843156820261
row_041775,0.011204774790641768
row_030173,0.03788176082888646
row_016436,0.0003826784656637952
row_038169,0.25726313171423065
row_036480,0.001504322435155355
row_049619,0.004632868383232904
row_013115,0.004510997286278478
row_001149,0.05594795384328525
row_005211,0.08254711271847665
row_024999,0.983913410415938
row_017886,0.697823855057694
row_021995,0.28294608526125337
row_041209,0.997525699493755
row_030054,0.009109881200778273
row_014784,0.6831623143674053
row_007289,0.030915175511045816
row_042110,0.3360978824974103
row_008419,0.2208151352986423
row_018756,0.18390937989451564
row_048760,0.18447379607451622
row_038888,0.14623833225830918
row_036604,0.996244738579735
row_028830,0.994600637715837
row_009115,0.40955631967566036
row_043317,0.0031580799396042384
row_019553,0.014017620958209225
row_028821,0.0022114087388982284
row_015033,0.052744006354184615
row_042318,0.001308207098315001
row_037955,0.06344136336706209
row_031532,0.4760066482143821
row_001882,0.05313289509407649
row_041243,0.0232485987088951
row_009588,0.014709762465062627
row_032469,0.9938125077823018
row_037948,0.025064946142805848
row_043845,0.006335113989404435
row_017546,0.009034498469673309
row_048131,0.019772523515101816
row_016844,0.008335374963024245
row_039130,0.20652169757435856
row_026302,0.39438237716813995
row_033657,0.07241851642333268
row_031303,0.7546467593385997
row_046463,0.1909899342529784
row_022952,0.01348669583665276
row_013179,0.058567472706877254
row_049679,0.0006487852032556295
row_044109,0.5722972163492271
row_015206,0.004861377998498213
row_008599,0.05377230923781177
row_013963,0.00033804037667907656
row_024874,0.039687555196113077
row_022968,0.030608717534510745
row_036084,0.03293388414138078
row_038912,0.03825290005840766
row_027315,0.9078197322008728
row_027997,0.0004612746786213398
row_010753,0.1408028760437535
row_028846,0.5044412332007836
row_012014,0.33109989905730264
row_038939,0.041773184307927515
row_013670,0.0011396824939059822
row_021729,0.008884298311788871
row_046132,0.09354845271328432
row_041762,0.038528184412092915
row_014729,0.012483622810312131
row_002768,0.006776824833299608
row_012278,0.15766047075124762
row_041570,0.022374302570252518
row_015388,0.09798784878067088
row_048651,0.026175078843604087
row_038411,0.3640895847071241
row_032708,0.1239616145295461
row_012184,0.6170739650192224
row_035344,0.4277443695370819
row_040770,0.35421192350011205
row_036092,0.0015700011445761346
row_047308,0.8360711846837193
row_021187,0.6719717236498614
row_031616,0.013642945268512634
row_046985,0.2792018117521786
row_004868,0.023450215092423062
row_023689,0.12047983726464305
row_018280,0.22926215505990963
row_010041,0.06883639769122829
row_007975,0.5098778812224436
row_004280,0.21361545724732514
row_023527,0.18494928444791153
row_005384,0.05162482848847081
row_049116,0.0068624498310078585
row_036268,0.12178186871771499
row_041380,0.002521952197433382
row_036025,0.004575681761617012
row_006288,0.05139367832622743
row_003005,0.8013956151118357
row_010569,0.04597449834109516
row_007276,0.021710931016694072
row_013900,0.004479952572541595
row_034976,0.05469933337773112
row_037681,0.001820694549726588
row_020012,0.9999334575406995
row_032729,0.14955427623615186
row_022122,0.00819948170715248
row_018794,0.01680160556367546
row_007864,0.0028129477074658954
row_008463,0.002650136895744632
row_026514,0.9932178940218489
row_037744,0.0009753992107811662
row_020664,0.005609079794924208
row_019161,0.013020939223807067
row_036676,0.6862464358200602
row_048239,0.004140352056053219
row_017833,0.014269613338647139
row_049194,0.06731656518875191
row_027222,0.01461381825297779
row_036930,0.6008072166283595
row_035701,0.0901155600699589
row_019443,0.002506333223307512
row_010265,0.008676949543811216
row_018466,0.005118568287027004
row_015793,0.005491953351301237
row_038388,0.5779568454983249
row_028966,0.8029241335151734
row_029551,0.000768958525481309
row_031029,0.055590678840990206
row_019244,0.0049146485109035805
row_027206,0.08592474304721953
row_000086,0.5343434820393237
row_013898,0.0011032985999312492
row_040490,0.954856327153421
row_029156,0.23260554470782044
row_012151,0.07998276482940632
row_022139,0.7852446486638432
row_040795,0.0065387012688004915
row_004830,0.31002198223795724
row_001939,0.13616095561282132
row_036276,0.04913798556124165
row_001053,0.6241741467690168
row_004783,0.1831248952203792
row_012976,0.792291145489356
row_009076,0.01352893649253875
row_032905,0.8776894988562342
row_000059,0.029663133589416996
row_041535,0.14358566083049606
row_040842,0.01300085855098572
row_033886,0.04669449309488859
row_005309,0.16812173700489755
row_040320,0.1214136526367497
row_037305,0.508777817983044
row_038604,0.006543149692587218
row_011495,0.9944453705495553
row_013621,0.9804576856453419
row_004781,0.19508621256767172
row_016391,0.04123434773307885
row_049796,0.05414543935880008
row_031279,0.015920806962785933
row_013843,0.00034794520336713016
row_033704,0.04219449510195953
row_018139,0.782060611798997
row_034447,0.05491782972940544
row_035697,0.15547927761906277
row_036618,0.008429233879374139
row_005949,0.0009384013796178456
row_023329,0.08441876949021627
row_038405,0.8368268713649213
row_034568,0.19376151753875775
row_048322,0.04379013623897287
row_001701,0.04765634845579853
row_042608,0.7435907649566802
row_007829,0.118226074466
row_022728,0.29135114098295123
row_049880,0.0010083465641509452
row_033308,0.02276124490939877
row_029590,0.0726685870563459
row_013056,0.015548025067223656
row_004814,0.013423559739960445
row_020877,0.0023398582264360164
row_049862,0.0005219105568220924
row_008273,0.0051692600402208745
row_019868,0.009014653996558333
row_048519,0.02541561919561375
row_012025,0.09973735383754993
row_014812,0.9961023881166048
row_031942,0.4230177192291864
row_020115,0.010928114022732987
row_015552,0.0699240722970229
row_031915,0.14523644380755793
row_015775,0.01308705858957191
row_033452,0.022845978166217466
row_018432,0.002557200993386209
row_027141,0.015456046440459312
row_035725,0.001749923048806598
row_045264,0.003977582061273374
row_033148,0.05642537103263146
row_027752,0.08335062370439388
row_008291,0.0013567502314379037
row_027034,0.0006863195550386582
row_009892,0.003120098795337144
row_002459,0.11161165124521115
row_039448,0.007454234340400345
row_008033,0.3514976796383326
row_021874,0.07188761069583902
row_036521,0.10645634015625251
row_001289,0.0018194505286374925
row_011227,0.9498841753703274
row_013959,0.0070119202867039016
row_006173,0.0072456144290628756
row_046069,0.3034688581327123
row_035825,0.008097336467285466
row_048772,0.0009683052855563855
row_031201,0.04170804490425262
row_010810,0.9931566887810722
row_033625,0.3562643427168537
row_036002,0.006244715253822062
row_027463,0.3443162517387259
row_011359,0.2754503654237697
row_007197,0.06260927574064223
row_030699,0.0523506804706095
row_036290,0.01414723777878236
row_031969,0.0178963742756714
row_040236,0.14740016177373555
row_047198,0.7140217185853358
row_014823,0.0006726389401547118
row_016008,0.19752557465479273
row_017829,0.11836383778226622
row_026137,0.12507966848270147
row_038066,0.03101506060503251
row_027547,0.0003663017122930978
row_021269,0.011374396944223571
row_001605,0.0036586724787179264
row_027424,0.004188859410891217
row_001129,0.08215687643666231
row_021629,0.2856997694032064
row_020228,0.010124408835890688
row_004483,0.003930269301006167
row_038016,0.6642034734472673
row_031124,0.3904605778679627
row_019024,0.0038505850247521497
row_029400,0.01850842679698753
row_002800,0.011817617079031168
row_026539,0.044815600316091
row_040036,0.47078287744590014
row_003713,0.02826694294805458
row_008272,0.04806816527854129
row_000031,0.027486311653693647
row_011479,0.23754698830243284
row_003742,0.16770170546326413
row_049416,0.016870638510455928
row_009666,0.9892336640953199
row_045941,0.10636270037385302
row_005591,0.4043659693341168
row_049855,0.0018970273224521504
row_021704,0.7157281342028916
row_010954,0.010417202280382875
row_001240,0.07370155572394049
row_013399,0.0022475163019118624
row_002735,0.09366575395501162
row_043256,0.29990262492523506
row_016106,0.9379881119961538
row_004819,0.0014551963695074242
row_010973,0.9544386625032186
row_001236,0.6397590388473784
row_008007,0.0013068041300925847
row_016806,0.028403281497495055
row_016472,0.9470396586405788
row_007611,0.029785638500757237
row_023249,0.014166551264626442
row_024558,0.010716068150555503
row_043920,0.006227043091023657
row_036360,0.014724374984760832
row_044498,0.0039249634702461225
row_026074,0.00406076288045807
row_006386,0.08297258244746519
row_044762,0.2616403134168805
row_048787,0.06308966389121128
row_047162,0.7552424404571783
row_000353,0.49402253913218125
row_025375,0.6831034213008754
row_041609,0.04886630469717542
row_046260,0.13840071894486775
row_049718,0.0022158600227740227
row_006336,0.0035905352873683077
row_031530,0.060758328988308984
row_045573,0.6421938084645674
row_043646,0.7946909125156628
row_020133,0.23757127928233548
row_029234,0.570165271902228
row_027341,0.012724411480799848
row_046734,0.0024015382553596956
row_032398,0.4317595520010341
row_048639,0.012271766671659974
row_043078,0.07875001491685991
row_037137,0.03606039913961085
row_046662,0.0003815638970797628
row_017866,0.09686826212338669
row_001614,0.6907987556116657
row_005687,0.8182478492243459
row_036738,0.039694536771266616
row_035471,0.5398226663858806
row_019067,0.12564143497697683
row_011742,0.009067809790959894
row_000605,0.9922367023404
row_021426,0.00313930009501106
row_046947,0.8017244342414784
row_032907,0.03194190589886266
row_026915,0.017504871326425368
row_049970,0.8659406947056582
row_032464,0.001201530398380814
row_024477,0.2028135257292201
row_028019,0.030543187997547544
row_016659,0.09563894059565259
row_010571,0.005939707551563156
row_028743,0.004132977841815472
row_013117,0.9842883098100518
row_006942,0.10587800531206336
row_035721,0.3020363940128914
row_015883,0.2541799054977066
row_008324,0.8028292889227505
row_034880,0.6790075142212048
row_041532,0.988662816056538
row_008269,0.5772369184360473
row_049476,0.012006559352420313
row_023891,0.505710008856281
row_013258,0.026584644377167118
row_043745,0.0071095140975020715
row_031318,0.5132590702396783
row_015751,0.0011061133945990968
row_029316,0.027803638279092848
row_000936,0.0019438678513217515
row_029750,0.0021225076201420866
row_015716,0.0065787265980142805
row_044722,0.5875135979119449
row_030463,0.005009745363164192
row_031980,0.15733528457732193
row_022245,0.8864442078096728
row_038668,0.018141660092276
row_044823,0.8409651252607534
row_035998,0.0030033703681550984
row_018425,0.009182606693711846
row_046291,0.1078777432879018
row_036574,0.0007795242252560414
row_036320,0.6771569430263541
row_017110,0.24770407622345603
row_025173,0.6880760516329661
row_049407,0.21822565869102356
