id,target
row_007104,0.22420144
row_006043,0.0019776085
row_007861,0.007610496
row_047137,0.017098537
row_010138,0.024782775
row_023073,0.008316451
row_035683,0.7830003
row_022781,0.09451199
row_009191,0.0042612827
row_032489,0.13359477
row_015546,0.037503835
row_004831,0.0011414711
row_049662,0.2982399
row_002801,0.009091333
row_018161,0.35277766
row_027564,0.265316
row_022650,0.99994564
row_022115,0.15496692
row_045437,0.037743356
row_022832,0.006151391
row_048862,0.011245366
row_014485,0.0006942638
row_036301,0.000648394
row_043639,0.03168604
row_010817,0.34677795
row_022126,0.10306133
row_010880,0.05626965
row_012312,0.98251444
row_005242,0.96503556
row_027006,0.000980963
row_045606,0.23664406
row_008741,0.4124137
row_020854,0.14825131
row_030178,0.0005925874
row_046981,0.031039158
row_025209,0.6080724
row_024462,0.95548695
row_017511,0.0015300624
row_041636,0.0006142632
row_013812,0.92974967
row_005663,0.33338818
row_005356,0.005031058
row_029800,0.001875241
row_049910,0.004247962
row_018548,0.0011023801
row_000642,0.92398506
row_030807,0.0036887098
row_024854,0.83615243
row_002522,0.0056545623
row_002142,0.14751011
row_012057,0.3859143
row_040457,0.063605905
row_049293,0.84387547
row_023111,0.9997594
row_005843,0.022160672
row_049938,0.27347994
row_014835,0.6553095
row_016185,0.030660415
row_007562,0.7559597
row_036421,0.021965744
row_026147,0.011939826
row_045442,0.034059096
row_004975,0.010493878
row_029879,0.048666988
row_006837,0.000470997
row_000327,9.31565e-05
row_016161,0.002493075
row_013068,0.14654575
row_044235,0.007596205
row_044023,0.00045571427
row_044257,0.8155376
row_042302,0.5690411
row_008684,0.029901449
row_030783,0.081095815
row_009255,0.00073184364
row_044451,0.0141244
row_039440,0.08333659
row_024100,0.17999037
row_033299,0.13672613
row_038958,0.06697549
row_029612,0.20607546
row_045755,0.73453724
row_010657,0.024102781
row_003539,0.8798209
row_009953,0.52944493
row_000094,0.00652465
row_000672,0.65869814
row_048074,0.975323
row_006680,0.9940055
row_024446,0.07232276
row_031985,0.002839253
row_012887,0.0027075422
row_012454,0.0021286781
row_021921,0.14575951
row_009619,0.07919681
row_023309,0.002192276
row_031495,0.0073873014
row_003688,0.88834244
row_009085,0.009787984
row_020302,0.028685877
row_000946,0.5750536
row_045447,0.6076446
row_038036,0.24991134
row_014204,0.9999616
row_049040,0.0021338195
row_019373,0.009612989
row_018205,0.039371476
row_003364,0.10824532
row_037797,0.042561125
row_037037,0.996698
row_027438,0.039230864
row_031650,0.99979824
row_028962,0.00023252249
row_035130,0.013918535
row_007831,0.06551892
row_027355,0.7680913
row_022063,0.38922104
row_031708,0.38806805
row_042602,0.35767704
row_038963,0.5973616
row_021513,0.0051951734
row_002471,0.8761413
row_025835,0.017407158
row_031662,0.016372465
row_048592,0.10382773
row_013935,0.024993727
row_002281,0.16049318
row_000862,0.006245283
row_033695,0.0022119156
row_030694,0.08468677
row_010034,0.040899765
row_002009,0.094879
row_004645,0.10897088
row_034313,0.83591413
row_017791,0.0038383591
row_040624,0.8339283
row_013860,0.0042465865
row_036127,0.0028763956
row_038664,0.17239334
row_018594,0.0058129174
row_008921,0.0039437055
row_015833,0.31710562
row_020932,0.2543221
row_034995,0.007897523
row_005860,0.46764266
row_010064,0.4947973
row_046230,0.22241774
row_021398,0.0016274577
row_028710,0.18055873
row_011454,0.0025698387
row_036435,0.057057183
row_028518,0.00062347803
row_030796,0.00035944933
row_032541,0.10543913
row_039766,0.12372692
row_020421,0.033888556
row_039862,0.99127823
row_035359,0.003213474
row_007202,0.12974888
row_034121,0.00175959
row_002483,0.005480374
row_031221,0.103635885
row_023730,0.0018729334
row_018283,0.00079068536
row_047132,0.3162978
row_021594,0.39945334
row_018809,0.35274637
row_026910,0.0014909186
row_026041,0.5445651
row_032340,0.020952329
row_020980,0.09554707
row_048279,0.9815833
row_002913,0.018675344
row_025818,0.9092215
row_000333,0.0111206705
row_042882,0.5869278
row_007509,0.1864953
row_019691,0.18225038
row_043901,0.028644709
row_033900,0.2839376
row_026186,0.002905414
row_014454,0.0005845106
row_036765,0.032670904
row_005322,0.012165013
row_034332,0.9965695
row_013289,0.015403818
row_011493,0.0014416697
row_036925,0.0001699701
row_022186,0.009548016
row_022961,0.8333674
row_030951,0.068972506
row_029339,0.046156682
row_027191,0.8102015
row_006484,0.9739416
row_039211,0.01014877
row_040580,0.022034442
row_038856,0.14735606
row_015352,0.002401484
row_008338,0.2695829
row_005673,0.15845671
row_022474,0.03734078
row_032677,0.59602
row_037470,0.0050342763
row_018228,0.05950391
row_017346,0.092185445
row_014844,0.012433524
row_047809,0.0007220904
row_006851,0.98749304
row_034791,0.036204543
row_047794,0.19360916
row_001489,0.42990866
row_022739,0.02598559
row_016475,0.00790252
row_002137,0.006055105
row_035031,0.017811663
row_042932,0.0036935075
row_033060,0.07558339
row_041599,0.9856278
row_000077,0.04238681
row_048042,0.0073696095
row_005393,0.07042528
row_007965,0.08435187
row_009803,0.0010812464
row_045740,0.016848864
row_037117,0.1726165
row_019829,0.36086065
row_045303,0.0992559
row_023525,0.5420825
row_041621,0.0037707875
row_011494,0.02555427
row_000858,0.9366464
row_025819,0.096585974
row_034889,0.12479369
row_005263,0.0035561346
row_009489,0.01211473
row_013714,0.05659202
row_001709,0.14574665
row_009382,0.00039912295
row_037165,0.26257572
row_021184,0.4995123
row_036560,0.09953652
row_034905,0.055682354
row_030859,0.06287721
row_041797,0.0010744337
row_021506,0.63061494
row_008113,0.010786134
row_028511,0.16365914
row_020515,0.04611971
row_038246,0.07252113
row_005027,0.0014874395
row_034760,0.016481303
row_029069,0.0032267864
row_001910,0.20257254
row_026625,0.0019260708
row_036095,0.00445937
row_021845,0.14427331
row_046668,0.008199318
row_029761,0.0026917078
row_038584,0.17142296
row_006579,0.3791606
row_031629,0.4583068
row_046809,0.059603445
row_027851,0.004143138
row_027069,0.3995946
row_014929,0.028584389
row_002531,0.011272577
row_037886,0.26097032
row_006061,0.9313963
row_023649,0.00794231
row_006760,0.6883703
row_025931,0.025267893
row_047446,0.07003081
row_028176,0.0027378271
row_010155,0.11535962
row_048699,0.16633259
row_019808,0.99993396
row_035427,0.08176716
row_042393,0.081469305
row_042780,0.9960861
row_012204,0.68800855
row_000988,1.551197e-05
row_014632,0.16863048
row_031595,0.72215325
row_047286,0.055778727
row_010945,0.003778356
row_043547,0.6650622
row_025575,0.012101087
row_037025,0.89699197
row_040523,0.0028985594
row_005466,0.014851742
row_041746,0.005131856
row_007675,0.09713749
row_037622,0.0043951627
row_015117,0.645676
row_017507,0.00027333805
row_033412,0.00210424
row_033997,0.08991346
row_048144,0.00034371033
row_007359,0.0013067555
row_013232,0.17760275
row_004587,0.079654954
row_032920,0.32471848
row_015444,0.8057665
row_013624,0.003723166
row_016353,0.0005039618
row_013627,0.060203616
row_024071,0.017050918
row_025959,0.0744568
row_003423,0.2589021
row_016473,0.95910525
row_046377,0.17981987
row_037692,0.07127647
row_035108,0.0122334305
row_010998,0.9455785
row_008695,0.8887179
row_009473,0.071675345
row_021650,0.1130576
row_032908,0.1573482
row_025402,0.84820104
row_031534,0.4202986
row_002781,0.029156027
row_035233,0.017914593
row_038710,0.07127223
row_002313,0.01791549
row_013960,0.76113075
row_043341,0.31855738
row_012280,0.0008219218
row_037592,0.00536322
row_002534,0.0010774204
row_049860,0.12579657
row_013037,0.39803553
row_034537,0.0003356311
row_027665,0.0057872385
row_040718,0.00021095847
row_024664,0.013139808
row_010574,0.15257813
row_023215,0.008994171
row_047807,0.0029586172
row_003716,8.7677065e-05
row_000474,0.011049481
row_032960,0.021282945
row_037746,0.032395657
row_000669,0.08406044
row_039326,0.9922816
row_047452,0.0073664533
row_007187,0.9851184
row_007612,0.0054367427
row_044616,0.48921415
row_009701,0.15300305
row_014987,0.3759148
row_022038,0.0035406877
row_037908,0.21246931
row_020556,0.21037236
row_028480,0.00041224068
row_042641,0.057334587
row_043627,0.06036989
row_016110,0.029009998
row_027856,0.0033587262
row_028129,0.008243506
row_031665,0.39888653
row_013275,0.010844029
row_015588,0.47284603
row_046675,0.3770018
row_027967,0.8616414
row_032566,0.016074432
row_015436,0.064294405
row_017852,0.6772111
row_022039,0.9291828
row_035800,0.027697809
row_005492,0.5252416
row_048068,0.9821676
row_008984,0.16449499
row_032357,0.51536226
row_043984,0.0022907942
row_042859,0.3074147
row_017821,0.30522493
row_005020,0.014058332
row_016139,0.133458
row_031095,0.13397287
row_043822,0.26508155
row_010863,0.0058305226
row_048551,0.008304638
row_041957,0.79830605
row_044517,0.062175654
row_031172,0.016877962
row_048947,0.7915642
row_044487,0.009354648
row_001153,0.001243288
row_024832,0.32629877
row_013249,0.15719965
row_002799,0.43767002
row_049522,0.5827843
row_037750,0.40502417
row_010778,0.40572178
row_004000,0.003019096
row_024026,0.065513216
row_003469,0.83037126
row_035930,0.46197736
row_048079,0.00020723337
row_015535,0.03647537
row_000295,0.033108585
row_001257,0.010290078
row_022893,0.97641253
row_015771,0.041338682
row_017583,0.0026193436
row_019471,0.73066676
row_018249,0.53361225
row_019836,0.010927768
row_027671,0.1485517
row_000475,0.0015860323
row_033135,0.08197247
row_003580,0.3232646
row_032567,0.036881253
row_029939,0.011174474
row_020811,0.14796348
row_035494,0.008584134
row_015568,0.9118418
row_033898,0.9791453
row_017395,0.021838402
row_016215,0.34102648
row_048969,0.075604945
row_011892,0.83129734
row_048036,0.19522507
row_017525,0.09233016
row_021798,0.00036773222
row_002944,0.0035795525
row_015651,0.28383058
row_013395,0.5698503
row_017697,0.19563861
row_029186,0.005690489
row_018595,0.99991584
row_026902,0.013828398
row_004838,0.46340963
row_003543,0.006401131
row_045477,0.028753217
row_021725,0.00063025666
row_048133,0.90724653
row_005101,0.2603133
row_009584,0.015699428
row_019063,0.017648786
row_022488,0.0004975209
row_038295,0.008152516
row_024545,0.083683275
row_027753,0.0071914964
row_001887,0.008756312
row_008651,0.016715342
row_045111,0.1241348
row_046879,0.37729463
row_033225,0.0008639659
row_045911,0.0019704697
row_013789,0.059424117
row_010220,0.08119817
row_025845,0.6364372
row_030509,0.39378905
row_020941,0.001153987
row_049328,0.18043078
row_034984,0.47133887
row_029867,0.9664658
row_016846,0.052344974
row_005649,0.1644586
row_000721,0.061207417
row_021562,0.06683896
row_044212,0.06855818
row_026953,0.024370877
row_043284,0.020337379
row_043697,0.29337895
row_046797,0.0088391425
row_032413,0.004755168
row_047848,0.2267135
row_011079,0.13398066
row_028663,0.3080266
row_047053,0.025019355
row_020582,0.024813058
row_029342,0.049192004
row_049048,0.5560101
row_022957,0.09218107
row_008070,0.7567526
row_001127,0.036437877
row_005135,0.40929773
row_001841,0.785971
row_011515,0.03569953
row_004327,0.0052758506
row_031316,0.12707911
row_005129,0.34324452
row_031721,0.0018665557
row_022143,0.112328306
row_007333,0.99881315
row_032291,0.086815976
row_019687,0.02802459
row_038551,0.00025410746
row_015438,0.07608267
row_009783,0.004634832
row_031822,0.049725488
row_006423,0.0015079359
row_009524,0.048806626
row_038773,0.0038792256
row_019549,0.00017941486
row_044333,0.03630593
row_034859,0.0008868491
row_035763,0.01380021
row_029814,0.027854027
row_037505,4.9767426e-05
row_049207,0.042609163
row_002553,0.020768011
row_034410,0.0010268497
row_016684,0.07671561
row_029544,0.24969846
row_033291,0.25092876
row_015040,0.032305002
row_012111,0.98689497
row_017268,0.0025470692
row_021987,0.07330683
row_014563,0.02553465
row_029286,0.30946898
row_012944,0.06867081
row_046907,0.98725325
row_000269,0.099975534
row_018685,0.011828394
row_021735,0.30094153
row_015054,0.054766692
row_024323,0.16793273
row_017465,0.8817967
row_014900,0.001312265
row_032068,0.0016060906
row_021234,0.6271812
row_004732,0.9959752
row_006547,0.17176123
row_027257,0.0026411228
row_046836,0.06842859
row_027944,0.22584929
row_048711,0.08165413
row_034283,0.055112053
row_030899,0.23738213
row_009675,0.006186921
row_034924,0.66266936
row_009369,0.0013483821
row_041126,0.9959359
row_006028,0.12031088
row_016317,0.06794338
row_044944,0.0004192852
row_028148,0.037616357
row_007860,0.005214629
row_001863,0.0766027
row_025123,0.92418
row_023242,0.35382053
row_018305,0.82926714
row_024609,0.76426697
row_048543,0.0016342198
row_007182,0.1034533
row_004550,0.19445032
row_035782,0.21195334
row_041396,0.032621548
row_015705,0.39307886
row_001604,0.034877844
row_037520,0.0026135922
row_025276,0.02804335
row_040697,0.0034132735
row_048035,0.4308804
row_026574,0.04019384
row_016822,0.74526846
row_013454,0.18750894
row_018768,0.014587485
row_049215,0.07968637
row_038124,0.027909914
row_021044,0.00027732516
row_001378,0.1460781
row_010016,0.00018340295
row_019101,0.7653052
row_047253,0.0021448948
row_029463,0.07714887
row_035521,0.08689035
row_042078,0.0042842133
row_011400,0.8179952
row_004262,0.0006344716
row_030971,0.75139046
row_001633,0.03941814
row_030758,0.0021192853
row_045233,0.0004243972
row_040313,0.17440104
row_007463,0.0006008596
row_043056,0.5076289
row_035259,0.14850041
row_026591,0.69543266
row_034382,0.043465983
row_044928,0.5714514
row_007795,0.09517893
row_026526,0.11172562
row_037842,0.0008405232
row_023839,0.018606178
row_007588,0.0023746702
row_003613,0.0022743824
row_032694,0.00034504934
row_024397,0.06419353
row_021606,0.3907121
row_019234,0.12927552
row_035868,0.027599739
row_005640,0.8343089
row_035016,0.08586805
row_024378,0.006814421
row_027817,0.0070542
row_022385,0.008253691
row_038494,0.29826227
row_020733,0.09464766
row_015114,0.014427334
row_036459,0.026013048
row_001344,0.024224775
row_009994,0.045415632
row_023150,0.010338842
row_026597,0.8575
row_011071,0.007166608
row_019411,0.0044910465
row_033463,0.0018693979
row_015600,0.00086099165
row_035343,0.0027443839
row_023522,0.021846294
row_004051,0.5372467
row_012590,0.00027100058
row_025161,0.23483022
row_010360,0.7703934
row_048046,0.036809437
row_012459,0.022463113
row_018543,0.25132364
row_030068,0.014507219
row_027171,0.0063467897
row_028054,0.00601626
row_036177,0.016618446
row_047176,0.32116556
row_042875,0.047671407
row_027084,0.417659
row_029472,0.7414844
row_007748,0.08354886
row_041626,0.18102999
row_016980,0.8764022
row_021636,0.0016187917
row_040529,0.735931
row_020528,0.98823136
row_023122,0.028580979
row_014543,0.9950653
row_032658,0.1829185
row_032100,0.15526207
row_026265,0.18456319
row_008797,0.1881531
row_016972,0.00039978456
row_017364,0.38021275
row_043535,0.015831811
row_022806,0.6084915
row_019674,0.8124318
row_019269,0.13232934
row_047639,0.95205134
row_009407,0.07335968
row_030257,0.16374217
row_028408,0.00019328466
row_031160,0.27775094
row_003607,0.008282848
row_017977,0.001082756
row_004534,0.0009700643
row_023444,0.0062584807
row_012778,9.8987504e-05
row_048446,0.6461359
row_032700,0.001197838
row_014176,0.37177047
row_031753,0.11556487
row_026692,0.23899227
row_045750,0.3624053
row_016075,0.44540513
row_045155,0.45513135
row_016572,0.14529961
row_029736,0.10535807
row_000137,0.0069926945
row_018532,0.0020595088
row_000956,0.78088915
row_004874,0.015260247
row_018059,0.037766032
row_012440,0.987693
row_028826,0.0027761473
row_037488,0.021131301
row_035423,0.17118344
row_013291,0.0029877126
row_037801,0.00059518695
row_046853,0.017199159
row_032201,9.767674e-05
row_043734,0.00082776
row_030070,0.42560056
row_014953,0.52808875
row_006520,0.75271404
row_021894,0.0702256
row_004720,0.011136449
row_022465,0.026437331
row_018209,0.92173034
row_017183,0.059761208
row_027988,0.98650175
row_022295,0.0008508364
row_037925,0.09047851
row_010227,0.5402046
row_048641,0.00037327554
row_042554,0.04641975
row_025349,0.6387745
row_046768,0.100710936
row_039670,0.00019940661
row_007384,0.0017719672
row_007424,0.014647129
row_021717,0.0034226421
row_047331,0.00031370376
row_032212,0.7069004
row_036456,0.0077384487
row_011845,0.5296413
row_027192,0.199489
row_046993,0.022965085
row_042829,0.030751407
row_025204,0.1145705
row_047985,0.00016036298
row_026206,0.006318076
row_033218,0.039382234
row_002942,0.025276707
row_033622,0.91873044
row_020662,0.04421792
row_014786,0.3130849
row_016133,0.1479172
row_005369,0.95235145
row_003980,0.13654053
row_037766,0.22698607
row_024124,0.032126725
row_042102,0.07200447
row_029016,0.04337109
row_013410,0.010721772
row_008936,0.35379785
row_016649,0.004214319
row_012478,0.324612
row_013189,0.009024346
row_036661,1.5628293e-05
row_015129,0.037765574
row_010082,0.06730049
row_047041,0.1312143
row_001248,0.00063478126
row_049173,0.48469704
row_036810,0.96960115
row_036920,0.099782236
row_017902,0.0075860815
row_014511,0.042959638
row_038631,0.07479294
row_045107,0.013822346
row_003566,0.9597412
row_013314,0.15293571
row_018355,0.6689895
row_010426,0.84816223
row_011738,0.003351793
row_013268,0.08063659
row_004694,0.40205568
row_041278,0.016177837
row_037731,0.06472158
row_030362,0.23269753
row_040426,0.24702743
row_048034,0.03729248
row_032376,0.0010041198
row_021042,0.004303307
row_002445,0.6718187
row_009370,0.08292048
row_046314,0.0039239605
row_049133,0.32243937
row_038152,0.22168274
row_025593,0.99668664
row_046409,0.01800481
row_039466,0.82144976
row_037679,0.00086748326
row_032706,0.001005331
row_049428,0.01797231
row_028859,0.73181534
row_000579,0.030673696
row_030402,0.00019780229
row_012802,0.12556674
row_009201,0.015956838
row_037773,0.014498865
row_005015,0.6035671
row_016074,0.80409586
row_011807,0.4503621
row_035425,0.6174626
row_016328,0.009631983
row_039215,0.6197698
row_004710,0.97556597
row_033386,0.37144816
row_012306,0.032066308
row_016255,0.0029693535
row_007650,0.031935107
row_015313,8.561035e-05
row_021473,0.7169138
row_018680,0.76290214
row_028533,0.9905133
row_019961,0.37842026
row_029868,0.0068037636
row_046089,0.18342522
row_013248,0.0013509246
row_023001,0.031395826
row_004495,0.04012815
row_024623,0.10073171
row_001515,0.042446658
row_043129,0.038006127
row_024414,0.07539657
row_038522,0.09508813
row_010620,0.24382548
row_000890,0.005807059
row_029263,0.76187944
row_046635,0.022765085
row_034581,0.06849243
row_021901,0.35467505
row_016595,0.729855
row_012553,0.0052215992
row_009729,0.0818799
row_006118,0.6788313
row_028316,0.063604385
row_003303,0.043159354
row_039152,0.7132341
row_030021,0.00067707035
row_049130,0.015191225
row_001373,0.88502884
row_019268,0.8014706
row_025639,0.0037754672
row_002234,0.76681495
row_022868,0.08631992
row_048684,0.024851792
row_005004,0.0066577424
row_046440,0.28524947
row_033843,0.13454102
row_029149,0.9997304
row_006544,0.006888734
row_010704,0.0005717888
row_046410,0.019603355
row_025837,0.16274355
row_029027,0.73981875
row_029664,0.6638135
row_027262,0.6574965
row_008768,0.9826288
row_032372,0.36369494
row_017990,0.99906915
row_010234,0.36566246
row_026830,0.99965227
row_046512,0.024783831
row_049143,0.98344755
row_023153,0.10712841
row_029262,0.6224834
row_037189,0.7927971
row_042966,0.0071651633
row_046453,0.4022257
row_006397,0.00018087694
row_021103,0.42161953
row_023784,0.04056366
row_015251,0.00071790797
row_027188,0.0025563731
row_032657,0.0013576994
row_036639,0.6575244
row_007093,0.96473634
row_013620,0.005655439
row_040234,0.3258542
row_040292,0.0006326595
row_016476,0.12502606
row_009744,0.69974667
row_042286,0.07135593
row_025995,0.31607428
row_038220,0.19158596
row_019860,0.72780615
row_044295,0.27547443
row_046024,0.37870657
row_048344,0.300645
row_022697,0.4135437
row_036520,0.18276058
row_047914,0.0046412246
row_043148,0.020829884
row_016124,0.009318338
row_039699,0.03280498
row_025210,0.0011314616
row_004373,0.14931518
row_008030,0.00056151144
row_026307,0.03697208
row_021733,0.013527114
row_040172,0.17793736
row_008778,0.9843536
row_002806,0.010127428
row_049764,0.07072113
row_031396,0.01448508
row_017849,0.27708536
row_007163,0.00025485232
row_031782,0.21592045
row_039471,0.017774278
row_026766,0.04654736
row_014133,0.0023973875
row_000654,0.8890187
row_037718,0.61912316
row_011598,0.0027762556
row_031444,0.18532513
row_015142,0.023451036
row_022930,0.38471693
row_009387,0.05638151
row_039745,0.0015207719
row_017495,0.48011094
row_036298,0.028003639
row_035777,0.00040386483
row_042344,0.9586732
row_029390,0.3173074
row_034554,0.3139851
row_031996,0.9317878
row_016457,0.0038881
row_003215,0.313301
row_014971,0.08925819
row_021242,0.92309123
row_004286,0.09364151
row_044971,0.06960751
row_043892,0.0024603703
row_027028,0.06986564
row_038389,0.0020269696
row_000690,0.04374627
row_027981,0.98680323
row_013507,0.2646148
row_033377,0.0018708621
row_029978,9.965473e-05
row_000013,0.0053332625
row_032515,0.004642216
row_026870,0.03203564
row_027828,0.014907107
row_046625,0.49833024
row_016245,0.9944114
row_020676,0.014108691
row_020105,0.015434766
row_006992,0.9846469
row_010383,0.059588265
row_038731,0.017831987
row_013628,0.0027248506
row_021100,0.010237908
row_042487,0.76067966
row_041700,0.055331882
row_013965,0.0032715017
row_045519,0.2725729
row_035502,0.48263013
row_048770,0.037720155
row_013486,0.37029314
row_042404,0.0095984405
row_015498,0.9817529
row_018628,0.005589315
row_017359,0.06733808
row_011202,0.25593355
row_019480,0.9992011
row_048101,0.00024126524
row_027533,0.14820732
row_045427,0.37599024
row_023311,0.0641167
row_031374,0.0011486302
row_010259,0.5335296
row_024465,0.002906239
row_001325,0.00671965
row_008004,0.013303724
row_025564,0.7071674
row_044035,0.061801046
row_044482,0.04620267
row_010961,0.48100477
row_005151,0.13431138
row_002572,0.00013113942
row_010453,0.12880026
row_015042,0.2781099
row_021140,0.0017782061
row_017696,0.9929824
row_024922,0.85930836
row_034133,0.17205144
row_042946,0.019293547
row_017930,0.17601302
row_008745,0.9997389
row_030832,0.134994
row_025318,0.012011147
row_001613,0.08179305
row_041771,0.21360295
row_037748,0.0018727526
row_025477,0.0017492274
row_029496,0.0042708414
row_010743,0.0033831368
row_005421,0.10268066
row_018846,0.021103254
row_030206,0.4718875
row_036178,0.022175774
row_043462,0.0006996081
row_025618,0.010214727
row_023313,0.5168256
row_018584,0.017828597
row_032077,0.0035096484
row_012407,0.56825066
row_038593,0.123810105
row_046554,0.048967116
row_010686,0.01899174
row_037057,0.11065652
row_033642,0.20009618
row_046109,0.07280162
row_022413,0.018819388
row_048726,0.0074783615
row_044968,0.9738656
row_033637,0.88987184
row_045940,0.0107735805
row_035940,0.17077178
row_033101,0.0024523525
row_026083,0.18888049
row_019080,0.27436122
row_018819,0.002135519
row_036615,0.124800704
row_007208,0.7069456
row_048855,0.5625178
row_029678,0.0030995496
row_048492,0.7302591
row_019700,0.35719472
row_000503,0.009002889
row_042925,0.084262416
row_047815,0.061077397
row_035803,0.3544222
row_047744,0.10297663
row_045844,0.014543409
row_005091,0.4187026
row_037604,0.2235533
row_049450,0.9308395
row_045531,0.8925831
row_048680,0.0027331456
row_014965,0.8626517
row_035986,0.073348664
row_020525,0.001381539
row_027079,0.65711546
row_037178,0.8421176
row_005937,0.5844845
row_036266,0.017373597
row_012076,0.005480977
row_035597,0.0015248257
row_008305,3.4367622e-05
row_018082,0.0020810824
row_006523,0.0014507469
row_030095,0.55957615
row_019564,0.23420018
row_037480,0.9661207
row_027826,0.15008849
row_041465,0.4338376
row_038017,0.75644803
row_016785,0.0063416045
row_035892,0.0686684
row_030970,0.09993922
row_018423,0.19789916
row_046658,0.3267131
row_033564,0.99781007
row_045088,0.96116644
row_001112,0.3050851
row_033899,0.0016305154
row_014854,0.039618902
row_033089,0.004963258
row_026502,0.32460228
row_045612,0.3598162
row_010400,0.06519315
row_030871,0.5351461
row_025206,0.06035698
row_020678,0.0150266
row_025471,0.04230175
row_037059,0.0216239
row_002200,0.14105141
row_019505,0.018702287
row_013616,0.046821594
row_000371,0.59488815
row_046220,0.030126005
row_015293,0.05255076
row_028473,0.09650002
row_023653,0.0065956833
row_024010,0.0029202143
row_020788,0.0377227
row_014780,0.025685977
row_031027,0.19153668
row_032949,0.8336695
row_038804,0.025265466
row_002744,0.014460392
row_000388,0.95077664
row_036154,0.9871165
row_012455,0.0007453187
row_003459,0.1971374
row_035207,0.00095405156
row_019088,0.6003227
row_001888,0.83702856
row_025342,0.0003250656
row_006237,7.0288916e-05
row_005081,0.8564623
row_027874,0.0138628
row_040096,0.00046680978
row_039897,0.013592888
row_039015,0.95367366
row_014197,0.07695833
row_030002,0.082279325
row_027886,0.027266508
row_035276,0.74444056
row_016019,0.057727057
row_011563,0.00027029123
row_021006,0.6110335
row_026001,0.024145525
row_024400,0.080765255
row_008758,0.03945026
row_020974,4.7713394e-05
row_009048,0.0027517655
row_025891,0.21290377
row_045589,0.03223036
row_012480,0.0155975595
row_035843,0.018789273
row_015937,0.002685526
row_026308,0.008561066
row_043110,0.009717843
row_048786,0.0045456886
row_009649,0.0470458
row_027497,0.0026583134
row_009777,0.016183432
row_000193,0.011824331
row_041648,0.75312775
row_027818,0.077599004
row_007573,0.00074532046
row_025783,0.8135752
row_009912,0.0048393044
row_040921,0.015138432
row_018151,0.41344896
row_040090,0.040217277
row_024995,0.18401693
row_000822,0.13335162
row_001388,0.0009550647
row_023180,0.00821911
row_003243,0.8038479
row_031226,0.012248739
row_047418,0.09618005
row_016909,0.0007640918
row_049350,0.042255685
row_030912,0.05194991
row_001858,0.5725754
row_031975,0.0029674047
row_025261,7.6591874e-05
row_008029,0.0069536697
row_017989,0.008184894
row_026578,0.019787336
row_014044,0.01120104
row_028608,0.008991286
row_035660,0.16685347
row_033406,0.004414965
row_044909,0.0016719723
row_043061,0.8333473
row_015052,0.011460707
row_035690,0.00078816863
row_011381,0.15359542
row_011971,0.15944839
row_004078,0.13231501
row_042045,0.002158916
row_021978,0.044899058
row_039612,0.81637734
row_015123,0.00015055994
row_039260,0.0007458875
row_007313,0.0004183661
row_033153,0.7506558
row_027875,0.2323473
row_030522,0.0052891704
row_028767,0.0012742025
row_014561,0.041132525
row_044480,0.2575928
row_040848,0.41445065
row_013040,0.93134826
row_001044,0.99002236
row_003018,0.115224026
row_000201,0.14483123
row_026010,0.0039849947
row_015564,0.0007951857
row_014935,0.0007579214
row_042237,0.0018897698
row_014816,0.41387513
row_034457,0.0017535256
row_008511,0.0010181366
row_006928,0.09406877
row_011110,0.055208266
row_037853,0.14534523
row_013559,0.61743045
row_027333,0.0035382223
row_011123,0.26366708
row_040979,0.9326679
row_039373,0.0018195543
row_049680,0.23507118
row_046059,0.28160357
row_006607,0.004944508
row_012112,0.040383015
row_008488,0.31912914
row_032134,0.03190173
row_017787,0.26367122
row_041156,0.79028046
row_023674,0.06815709
row_033008,0.016448053
row_032573,0.9964837
row_029291,0.88888
row_043367,0.044615716
row_037196,0.15138441
row_009020,0.017085126
row_010351,0.40693733
row_005078,0.004603
row_008562,0.5328693
row_040353,0.038238876
row_045164,0.026220927
row_015053,0.0013215761
row_000733,0.84878796
row_013943,0.039900105
row_009240,0.03202113
row_020767,0.60631007
row_037896,0.007609041
row_018671,0.004710467
row_021461,0.0003825393
row_048270,0.48995754
row_022742,0.008045786
row_028359,0.9877242
row_049110,0.0077409823
row_046831,0.015321288
row_010904,0.0012717461
row_030157,0.9236842
row_001676,0.06794619
row_049986,0.0666112
row_026180,0.26214844
row_016796,0.40359822
row_006249,0.038127456
row_030436,0.12805347
row_013259,0.023145517
row_047770,0.005955861
row_031846,0.02185479
row_045195,0.41807103
row_030164,0.012627226
row_023968,0.007532786
row_035231,0.10116679
row_019064,0.17743616
row_017770,0.7747056
row_024330,0.20194009
row_039608,0.017428769
row_017610,0.9489588
row_048128,0.2312202
row_016456,0.0026285418
row_049456,0.9843843
row_017669,0.20786285
row_040301,0.016143637
row_043487,0.0013849298
row_009928,0.0009160104
row_015007,0.4108458
row_042040,0.0062079695
row_018534,0.113819845
row_049971,0.60432905
row_028124,0.76462406
row_018206,0.002634142
row_015113,0.022840459
row_001899,0.9333934
row_047434,0.17969593
row_018538,0.03543071
row_043851,0.10799935
row_045724,0.18215497
row_019601,0.93216366
row_039173,0.9800907
row_037951,0.90027446
row_040636,0.09716696
row_001673,0.0026511701
row_004869,0.0008497345
row_045850,0.61199176
row_021810,0.21291296
row_042709,0.87500733
row_001545,0.10014648
row_048562,0.022830505
row_013680,0.4885659
row_048585,0.065165125
row_002477,0.06488645
row_024513,0.15908132
row_026542,0.6738972
row_023703,0.10793814
row_009241,0.020770164
row_019416,0.53284955
row_034371,0.07681639
row_029210,0.31284237
row_014345,0.8279203
row_020926,0.0048086643
row_007957,0.00048101816
row_012327,0.5674771
row_002276,0.015903458
row_014314,0.11593988
row_018442,0.0005486047
row_041539,0.27730298
row_020856,0.019933753
row_048360,0.00055207964
row_025768,0.0589539
row_027632,0.124557056
row_028648,0.0031643482
row_010279,0.013737468
row_048269,0.97362715
row_016900,0.0040735235
row_017306,0.3497584
row_027655,0.61023235
row_005944,0.017900512
row_003797,0.51414925
row_043633,0.2196583
row_038481,0.5575688
row_047127,0.14721927
row_036697,0.24380374
row_011965,0.40199172
row_034216,0.0008809776
row_049895,0.032659136
row_028635,0.103904575
row_048918,0.83788586
row_022827,0.98969996
row_048658,0.107705474
row_004214,0.9711844
row_039288,0.44514132
row_039621,0.12343087
row_011709,0.0024529032
row_022080,0.0002320169
row_047604,0.32410175
row_009189,0.36954919
row_022672,0.044915766
row_025787,0.013076753
row_023095,0.5434579
row_019060,0.029802475
row_043360,0.93886507
row_043907,0.00072426954
row_029392,0.26437625
row_018785,0.0021368728
row_022263,0.85462946
row_013171,0.27087358
row_025148,0.0047664717
row_048263,0.21437454
row_004899,0.9902783
row_045165,0.0024240655
row_032259,0.014618081
row_025346,0.104634225
row_035292,0.041129243
row_022625,0.0010526924
row_005067,0.19354475
row_034728,0.011735306
row_035781,0.04159
row_021164,0.097769395
row_042738,0.014107179
row_004388,0.6749421
row_049922,0.66246516
row_032306,0.01700482
row_035977,0.0040191747
row_015688,0.033906106
row_038097,0.15034509
row_041711,0.99863523
row_043366,0.012483537
row_034561,0.93779916
row_003589,0.1733502
row_027446,0.8422103
row_007723,0.0073117674
row_042092,0.20577504
row_009270,0.028811006
row_034774,0.013979669
row_034018,0.01980899
row_022467,0.40403908
row_019654,0.15019551
row_048798,0.0191772
row_036768,0.2517535
row_018633,0.033557557
row_012771,0.85001695
row_024245,0.80259407
row_005656,0.14692135
row_008847,0.013906857
row_026396,0.7362728
row_035753,0.23238543
row_004200,0.13702358
row_034577,0.12481428
row_024642,0.094473235
row_039293,0.27016377
row_035020,0.08384827
row_021896,0.007866437
row_036194,0.028105441
row_014210,0.01725982
row_019623,0.76775193
row_042715,0.08495885
row_012081,0.00023818875
row_017096,0.02145039
row_048408,0.9607971
row_025315,0.0016522132
row_002499,0.063285306
row_025567,0.89562327
row_043313,0.33091217
row_009765,0.46974865
row_010232,0.04228465
row_027793,0.16258755
row_025096,0.004256076
row_042614,0.5052985
row_042569,0.08279336
row_029993,0.0059729954
row_002643,0.35720542
row_003438,0.9813194
row_006025,0.0017385059
row_016550,0.00543274
row_007167,0.06571498
row_009721,0.048546866
row_024021,0.045928594
row_043599,0.44358906
row_034587,0.8864319
row_014899,0.24040987
row_042322,0.45615122
row_045454,0.37188035
row_013006,0.70017767
row_048176,0.0080815
row_000467,0.0019798572
row_004342,0.11846303
row_048700,0.41697243
row_048628,0.99182147
row_013048,0.21997754
row_018388,0.006439872
row_038536,0.43261442
row_024816,0.004044075
row_023030,0.40362564
row_043425,0.60749817
row_024723,0.002189371
row_015739,0.07296229
row_028740,0.01111461
row_019660,0.33256334
row_029231,0.027667435
row_047966,0.109959684
row_047312,0.027701667
row_036300,0.014152386
row_002710,0.0177389
row_012243,0.001029906
row_023962,0.021932071
row_008753,0.39450806
row_036234,0.68197846
row_046826,0.38145745
row_031489,0.100442335
row_035925,0.10254525
row_027458,0.05131775
row_015343,0.044897307
row_003586,0.5431083
row_022173,0.00036210817
row_019371,0.033660594
row_002186,0.24831432
row_020931,0.65618163
row_033870,0.19339819
row_014674,0.71691114
row_030019,0.94578767
row_020359,0.95132554
row_046147,0.310124
row_036284,0.002145737
row_038313,0.9755577
row_010370,0.000818708
row_005941,0.14022385
row_001762,0.9979784
row_009298,0.29914078
row_039249,0.060064238
row_003298,0.00093312486
row_044153,0.007681401
row_037336,0.54585606
row_031882,0.94665956
row_004222,0.27644616
row_015203,0.97742915
row_004229,0.0008456748
row_031518,0.13633212
row_016701,0.33524087
row_036469,0.091678925
row_023805,0.00048093108
row_041940,0.11301088
row_045627,0.1511663
row_027702,0.022343505
row_031340,0.3589356
row_031828,0.09596118
row_044466,0.0003717324
row_044905,0.012083997
row_028382,0.0049959444
row_030623,0.045586247
row_021190,0.009345908
row_007053,0.035075624
row_017574,0.99791545
row_013425,0.10962194
row_007459,0.076352954
row_047756,0.0294021
row_031257,0.026770864
row_008358,0.36200204
row_025300,0.05237606
row_013582,0.045804307
row_047146,0.003552129
row_039223,0.13519406
row_013339,0.96925294
row_034269,0.051887862
row_022490,6.466647e-05
row_025387,0.33826476
row_034259,0.87597716
row_025163,0.008201793
row_016592,0.006565857
row_013471,0.062466804
row_024687,0.014684869
row_014938,0.23675413
row_042461,0.042220153
row_047958,0.014230357
row_006852,0.9138387
row_031417,0.92686003
row_018711,0.99424887
row_029714,0.6107505
row_048063,0.99791163
row_044384,0.036903754
row_004564,0.00033557575
row_011003,0.0009665351
row_006276,0.022300836
row_014350,0.0053332653
row_018914,0.0033959683
row_008715,0.089076295
row_034557,0.0016288606
row_011790,0.0059358054
row_026896,0.015207912
row_046267,0.027418
row_030537,0.32302493
row_013795,0.018897807
row_008942,0.020197267
row_044587,0.034886032
row_036935,0.0015030862
row_029416,0.7555645
row_002218,0.9821269
row_005714,0.050291777
row_038508,0.027487021
row_048536,0.0005753011
row_038976,0.022228723
row_007879,0.81098896
row_029765,0.9660831
row_028271,0.1915306
row_000992,0.33738527
row_020027,0.4080987
row_014601,0.030601373
row_036890,0.079193644
row_006995,0.7400779
row_022462,0.004821364
row_015191,0.9981488
row_043725,0.026417669
row_047825,0.475449
row_009320,0.03059774
row_030585,0.004399952
row_031872,0.0052871113
row_044501,0.039504644
row_031540,0.029881287
row_031878,0.048862986
row_038659,0.017659074
row_017097,0.008454217
row_044009,0.31086633
row_006325,0.00963191
row_011890,0.9816695
row_006284,0.0058117323
row_007911,0.77111346
row_035779,0.6231763
row_001726,0.028643453
row_044819,0.44304034
row_047738,0.008771038
row_024765,0.34640905
row_036493,0.62042284
row_038569,0.056792133
row_036499,0.9915371
row_016755,0.00074097473
row_015365,0.62368214
row_018083,0.14093132
row_004591,0.0021933739
row_009961,0.7616235
row_032408,0.99998975
row_014628,0.46808347
row_012755,0.0076461127
row_012983,0.00091002224
row_008359,0.016935041
row_000714,0.10116425
row_031365,0.32711262
row_038171,0.0004661726
row_046330,0.30007038
row_012842,0.11385639
row_007348,0.6497941
row_036984,0.0053571234
row_044365,0.1395758
row_006029,0.0114136245
row_037852,0.0609923
row_013328,0.9869104
row_045172,0.010677295
row_000443,0.8865143
row_047456,0.08856873
row_032530,0.017944155
row_032225,0.057793703
row_006936,0.075734735
row_007135,0.0004378068
row_007914,0.023339024
row_020936,0.93466216
row_049863,0.0012875373
row_048922,0.96277845
row_045022,0.20531546
row_001021,0.00046584432
row_006027,0.26264912
row_024511,0.011590668
row_016386,0.014319345
row_004614,0.028347213
row_044695,0.054806765
row_007572,0.14154527
row_003707,0.004688482
row_004642,0.31651288
row_048840,0.9408449
row_010126,0.025801986
row_040174,0.15523246
row_030735,0.8678287
row_029237,0.031266052
row_029806,0.021390142
row_027537,0.0009884273
row_043595,0.37251103
row_038454,0.036851723
row_003362,0.006933882
row_047471,0.5760166
row_038300,0.005813827
row_016031,0.024774602
row_017838,0.2630981
row_018748,0.21715823
row_007070,0.30677643
row_007775,0.00075474905
row_045819,0.003642912
row_030956,0.9994067
row_002453,0.91691154
row_016101,0.0002766462
row_003234,0.016446432
row_023004,0.8846148
row_006487,0.020186977
row_039206,0.041960165
row_047774,0.9865866
row_049925,0.384508
row_015703,0.0086267395
row_014843,0.062625356
row_010890,0.0013301907
row_024717,0.54259956
row_002725,0.0661049
row_003475,0.43732587
row_010380,0.01563854
row_045439,0.02775645
row_011497,0.13819936
row_004523,0.44974917
row_014406,0.98561054
row_019200,0.28261593
row_044052,0.1269006
row_042289,0.3757158
row_003409,0.9933113
row_015130,0.21335931
row_030999,0.49611428
row_009947,0.005441974
row_028893,0.9990864
row_037987,0.11621489
row_048115,0.0032713278
row_008981,0.008214835
row_017463,0.5849854
row_049448,0.061354965
row_002651,0.0040453332
row_043999,0.00037439636
row_042081,0.0147933
row_021163,0.3772843
row_031111,0.032166857
row_015247,0.44275478
row_048622,0.75869423
row_018921,0.045646053
row_039377,0.69738424
row_041263,0.01825053
row_018694,0.22192664
row_008384,0.021316962
row_015188,0.006956456
row_006369,0.04648325
row_045079,0.045487694
row_013184,0.74022233
row_020551,0.09580677
row_015050,0.16380645
row_048153,0.99544984
row_047587,0.09568519
row_015039,0.99961
row_037194,0.0043535624
row_038767,0.0042340215
row_034202,0.053015612
row_046737,0.96834475
row_011124,0.4387109
row_041708,0.5041276
row_040350,0.10512083
row_004896,0.9487532
row_021721,0.052997135
row_016129,0.27787435
row_028194,0.05517148
row_025073,0.0064374073
row_009846,0.0034818356
row_025104,0.001247965
row_049677,0.9793625
row_034601,0.01528417
row_045274,0.048150055
row_005022,0.31290397
row_047511,0.030755254
row_007413,0.55442184
row_042093,0.00044979196
row_014459,0.001433225
row_030188,0.027694449
row_015167,0.2186892
row_018959,0.0049923714
row_042893,0.006809911
row_041412,0.03021447
row_041175,0.004223765
row_042708,0.0031437385
row_006168,0.32438722
row_018831,0.08517011
row_008194,0.00016964659
row_003730,0.8115743
row_003861,0.037616905
row_038805,0.95352614
row_019323,0.025720535
row_037657,0.015165394
row_036910,0.019985199
row_028790,0.9002396
row_019319,0.0049351817
row_044994,0.00024392609
row_041592,0.9788054
row_047551,0.05097799
row_031241,0.00022498626
row_001499,0.006210942
row_047928,0.026136313
row_010088,0.9430728
row_045501,0.02587615
row_035042,0.3134862
row_038741,0.99596536
row_022646,0.015030891
row_026851,0.0073082484
row_030697,0.045209706
row_007780,0.9766276
row_003146,0.98627037
row_023753,0.38247415
row_028536,0.9485492
row_042480,0.0068234284
row_039692,0.67925066
row_018687,0.006425076
row_031055,0.50749415
row_031012,0.049083073
row_042342,0.11581474
row_021181,0.037642505
row_048243,0.05738604
row_027110,0.04449523
row_017145,0.0033169389
row_013136,0.011227895
row_044147,0.8991442
row_000633,0.044283845
row_017188,0.062184636
row_028819,0.0058556483
row_023247,0.35536653
row_047123,0.002913965
row_038901,0.09767872
row_007766,0.006992526
row_014607,0.08199897
row_006510,0.92682976
row_021020,0.025067294
row_018899,0.017948862
row_003437,0.017769868
row_020855,0.0147030875
row_007696,0.037227098
row_020561,0.043935552
row_042655,0.35364288
row_036939,0.010836528
row_002322,0.9787032
row_048851,0.9987406
row_034891,0.030388912
row_025972,0.16280806
row_038865,0.043715086
row_005609,0.014937147
row_029432,0.021556439
row_019500,0.13811892
row_034747,0.903002
row_043770,0.017458763
row_018260,0.35533553
row_045099,0.016813064
row_045974,0.01827192
row_045835,0.16738941
row_021413,0.5664361
row_049701,0.0023580738
row_024469,0.08703131
row_017549,0.74170923
row_029323,0.053426765
row_034815,0.29702324
row_004396,0.9825057
row_008848,0.11522681
row_033604,0.028742092
row_042003,0.00463567
row_049008,0.0038255083
row_038406,0.86186206
row_036225,1.4886246e-05
row_008191,0.9795053
row_006726,0.5070557
row_005308,0.0007327962
row_000821,0.11297467
row_011366,0.058461506
row_016052,0.1916907
row_024695,0.007450622
row_035972,0.44717434
row_024492,0.05266422
row_002961,0.082104474
row_033032,0.00011891888
row_044456,0.081025556
row_003170,0.052789945
row_006089,0.02978435
row_017728,0.057262186
row_039221,0.072961286
row_034314,0.17402022
row_005750,0.5677774
row_002628,0.12025616
row_039464,0.17689899
row_025005,0.3918392
row_023611,0.07388475
row_047690,0.15085344
row_026393,0.8671803
row_025584,0.083757624
row_034540,0.02539458
row_001730,0.076618366
row_011129,0.173597
row_009853,0.0022634293
row_015303,0.06551278
row_032318,0.6098154
row_003753,0.380496
row_021359,0.00062797853
row_012497,0.03428122
row_013096,0.06610594
row_025308,0.04903539
row_021930,0.055921983
row_021815,0.9252507
row_010692,0.45653158
row_021937,0.99978
row_019150,0.28521362
row_030005,0.020276882
row_015559,0.5525431
row_048254,0.00013951403
row_001249,0.10908424
row_031864,0.0002843216
row_010645,0.005073356
row_016809,0.0028110459
row_030536,0.0011724784
row_035534,0.011740562
row_015086,0.00781658
row_010435,0.08862451
row_024560,0.16943808
row_011364,0.012246039
row_026043,0.015179543
row_044427,0.024862725
row_038988,0.82711494
row_000248,0.99572206
row_023632,0.0043026
row_037760,0.047072068
row_048557,0.026315577
row_024732,0.0011613745
row_035435,0.02993841
row_038955,0.3398029
row_043716,0.051647544
row_002544,0.46928352
row_002086,0.015688762
row_041155,0.12942272
row_024294,0.09385483
row_020038,0.0028481511
row_042969,0.80383366
row_010664,0.71612424
row_008739,0.345613
row_013482,0.024509631
row_026440,0.8111635
row_013445,0.025971659
row_022484,0.002728751
row_019185,0.029070873
row_013554,0.18979974
row_024843,0.9017208
row_023436,0.023110311
row_013194,0.01926389
row_045089,0.009361598
row_024595,0.47008154
row_048411,0.72325337
row_003036,0.00072780834
row_047530,0.028734332
row_032435,0.0037886596
row_016919,0.06880875
row_041154,0.09767179
row_000762,0.0019689342
row_021327,0.009578597
row_047367,0.009518744
row_037968,0.001399022
row_013450,0.9999583
row_022433,0.016533727
row_012830,0.4523032
row_011967,0.06798536
row_001596,0.99939394
row_019113,0.16159707
row_003782,0.022590755
row_015335,0.00154438
row_035382,0.0014071064
row_033133,0.005073912
row_013678,0.020932876
row_043850,0.7166298
row_034818,0.98114955
row_007422,0.002766068
row_046058,0.09659037
row_008922,0.069271564
row_017152,0.21619228
row_005541,0.09779196
row_029204,0.09988506
row_036957,0.29914215
row_002385,0.005441228
row_028270,0.017015798
row_014580,0.91016424
row_015028,0.0473996
row_044476,0.07159819
row_036261,0.04467157
row_012403,0.8115706
row_031336,0.021548036
row_011604,0.012993818
row_049319,0.10362103
row_039720,0.009228786
row_006508,0.010241872
row_006298,0.5659328
row_026468,0.9057063
row_026573,0.0020597668
row_039696,0.42132747
row_048997,0.0016458216
row_041879,0.94576967
row_042892,0.8523042
row_007894,0.08369242
row_021627,0.011922934
row_013574,0.0005567428
row_039876,0.0032979895
row_029314,0.00465862
row_005812,0.25827792
row_016192,0.38732225
row_043438,0.032398596
row_038697,0.011335787
row_029770,0.5020498
row_003988,0.01664977
row_025117,0.0013141399
row_015931,0.013323976
row_004144,0.0031575705
row_004095,8.292473e-05
row_048471,1.8263681e-05
row_046219,0.05204816
row_041478,0.07473151
row_020092,0.0012669645
row_018972,0.07301221
row_007410,0.0031482247
row_038049,0.2675158
row_046321,0.09354
row_027207,0.025653826
row_016569,0.013763438
row_000867,0.68826544
row_038499,0.0006286136
row_034120,0.00020616833
row_041515,0.0052457144
row_035035,0.0257255
row_010207,0.0073112794
row_004227,0.013231791
row_018792,0.7677275
row_045774,0.34726563
row_036511,0.092949644
row_037550,0.13415863
row_042713,0.62663865
row_022325,0.023637077
row_002682,0.013787562
row_026461,0.009883723
row_017445,0.0009929182
row_036026,0.026909256
row_043601,0.0027907223
row_041085,0.47102782
row_008949,0.005618454
row_041839,0.38800007
row_014807,0.9698197
row_000827,0.00854154
row_028634,0.0050158235
row_025983,0.0013566324
row_001306,0.1426427
row_002465,0.033804026
row_003599,0.008421785
row_028779,0.28618756
row_026185,0.038727824
row_047370,0.016482076
row_012603,0.017712
row_004502,0.72762376
row_033914,0.22326188
row_036977,0.9943863
row_008376,0.10082391
row_043238,0.2812834
row_043187,0.9891916
row_033106,0.0758646
row_027286,0.043326065
row_034070,0.30899128
row_024926,0.98761916
row_048571,0.05759794
row_015336,0.0007740798
row_016324,0.17195839
row_002207,0.008323312
row_026255,0.0022219075
row_032830,0.45209458
row_034060,0.09914281
row_000526,0.9452659
row_019816,0.04760335
row_048188,0.027044393
row_022169,0.14550169
row_001961,0.039886042
row_020320,0.15646595
row_007296,0.05344296
row_036727,0.8997554
row_021120,0.0037256677
row_019761,0.010696579
row_021091,0.29651633
row_042509,0.004119091
row_006516,0.020345816
row_015322,0.0007300667
row_011378,0.0954141
row_000583,0.00021920323
row_043259,0.0040252474
row_040710,0.00087826
row_002197,0.0002628932
row_026125,0.43741754
row_012686,0.11845317
row_000175,0.04099313
row_027876,0.0037417554
row_016357,0.00051859475
row_045488,0.02136311
row_042939,0.058166824
row_025363,0.0036534206
row_045899,0.055103004
row_037105,0.00397916
row_031270,0.502716
row_014328,0.029297832
row_030626,0.13164763
row_031999,0.18033041
row_034865,0.026129209
row_035823,0.48690298
row_035168,0.78081334
row_024363,0.05022153
row_008558,0.7877052
row_046252,0.16260105
row_015455,0.25808215
row_013585,0.07371538
row_041333,0.010712247
row_048630,0.00047893007
row_045651,0.0050824066
row_027905,0.0095786145
row_002530,0.99290895
row_021968,0.99565434
row_040412,0.12000815
row_001379,0.07000054
row_016915,0.95681286
row_020934,0.0046795323
row_043622,0.00020507455
row_040856,0.00013288904
row_007522,0.01212552
row_018208,0.20955124
row_037721,0.007870799
row_035861,0.894819
row_016455,0.006011631
row_038279,0.84571403
row_011794,0.96462184
row_011453,0.8477301
row_047315,0.027095774
row_000234,0.025320318
row_023617,0.00013431278
row_044149,0.99474216
row_015125,0.047243565
row_032233,0.0028933615
row_046272,0.040417973
row_014381,0.32657653
row_024271,0.0057451096
row_030930,0.1352054
row_011195,0.06845701
row_039765,0.034722015
row_009475,0.34589776
row_014945,0.0003760038
row_002163,0.002048676
row_006636,0.0011109398
row_005667,0.0014131052
row_016488,0.9997013
row_041662,0.0038608506
row_041549,0.0019102233
row_034934,0.050473005
row_017853,0.01458266
row_002723,0.22750762
row_033708,0.00023299297
row_012036,0.03846904
row_031868,0.89469665
row_032033,0.733441
row_006087,0.0032389313
row_018241,0.015769923
row_036414,0.0024376635
row_028878,0.02954806
row_034322,0.0019757375
row_029046,0.8237312
row_022980,0.9311794
row_025495,0.093178146
row_031510,0.041026335
row_001712,0.00051900867
row_038676,0.86014277
row_015242,0.9105204
row_039241,0.0044210157
row_016716,0.9940071
row_034311,0.08123141
row_034281,0.12125782
row_009268,0.039329935
row_024336,0.12888372
row_034663,0.8327541
row_001537,0.0012343116
row_029111,0.0018691239
row_019364,0.34139112
row_045132,0.8374616
row_003863,0.012297797
row_026981,0.9190788
row_028897,0.042455923
row_001995,0.008175438
row_026248,0.37826598
row_037606,0.42640635
row_043322,0.046786133
row_007069,0.65178454
row_039812,0.42376477
row_001775,0.019822698
row_012351,0.011230987
row_004235,0.01991549
row_019690,0.4082837
row_000661,0.007949895
row_049912,0.0061698337
row_003271,0.16009834
row_047487,0.046403445
row_040552,0.31361875
row_028659,0.29769835
row_017202,0.72814304
row_039873,0.002002935
row_014007,0.27792764
row_034431,0.022154385
row_017184,0.0543119
row_018911,0.6061936
row_026957,0.54996616
row_005328,0.14298631
row_034350,0.0027404258
row_015469,0.0030462618
row_037131,0.60711277
row_038827,0.0030566482
row_030152,0.072937295
row_031458,0.001706845
row_010470,0.9834747
row_019940,0.8206618
row_009193,0.010293556
row_032794,0.10372478
row_028142,0.120322496
row_009847,0.35907397
row_024704,0.02288507
row_014872,0.0052890927
row_014972,0.0522908
row_001651,0.00016285422
row_018721,0.003272155
row_043510,0.016332887
row_033767,0.021429855
row_045905,0.029787084
row_034153,0.99970007
row_033156,0.18419936
row_016651,0.45517236
row_028224,0.73119897
row_000413,0.9209376
row_000591,0.0009957881
row_046828,0.0018919223
row_011050,0.08707971
row_044103,0.02651908
row_015732,0.017522326
row_039426,0.600845
row_016614,0.0018274819
row_043351,0.0056324466
row_003489,0.013807857
row_022946,0.0028450368
row_022988,0.013477326
row_023198,0.0005167107
row_003004,0.6998593
row_047562,0.21408431
row_006624,0.005833909
row_015064,0.008056693
row_002412,0.021538299
row_025679,0.023085784
row_026372,0.9381075
row_037395,0.03881048
row_002848,0.054465987
row_016047,0.23671116
row_006657,0.025250597
row_036267,0.3687172
row_025370,0.011650622
row_014770,0.013598686
row_007574,0.37949982
row_038235,0.5725832
row_025124,0.4766557
row_034114,0.25854933
row_036651,0.07350083
row_012675,0.0058662365
row_038800,0.07274518
row_003561,0.19638209
row_044890,0.050039314
row_041703,0.031583432
row_014640,0.76657844
row_013284,0.00574702
row_000704,0.06651942
row_010350,0.27188176
row_034055,0.98337686
row_021418,0.6945007
row_008491,0.0010085136
row_042610,0.9358514
row_029451,0.10574919
row_028702,0.91775113
row_028514,0.033969093
row_031452,0.8719027
row_007983,0.12629431
row_019593,0.0062384973
row_021056,0.022567296
row_032205,0.30433783
row_010050,0.47095123
row_048327,0.017257685
row_025614,0.043097682
row_033413,0.9426944
row_008054,0.00088331086
row_007123,0.027566116
row_043938,0.0024088912
row_029289,0.028010534
row_035131,0.12490635
row_039182,0.7610839
row_004535,0.004091797
row_021514,0.0024705504
row_014316,0.48707363
row_039321,0.4507475
row_047467,0.37730476
row_035623,0.9347809
row_024123,0.040472947
row_026973,0.009938366
row_026847,0.6171246
row_011426,0.33749133
row_000419,0.78866845
row_012757,0.44324666
row_001728,0.0028351678
row_017529,0.35383907
row_013853,0.004478178
row_043212,0.04786027
row_014205,0.013944442
row_002021,0.019893931
row_040834,0.0039503626
row_007224,0.016504746
row_039242,0.0039357585
row_048666,0.89745694
row_019655,0.01384281
row_007249,0.0063144723
row_042138,0.0030023453
row_033420,0.05467355
row_012839,0.9725804
row_046868,0.07503619
row_015640,0.70282024
row_030744,0.0020694348
row_039179,0.018455038
row_022555,0.061895654
row_031163,0.000915441
row_020428,0.028558005
row_008594,0.07439651
row_003553,0.006438889
row_042995,0.037379663
row_035529,0.3317955
row_005810,0.86131054
row_022719,0.50987494
row_021761,0.037093952
row_004412,0.30821297
row_017985,0.17881174
row_030602,0.015978318
row_010181,0.058526084
row_013101,0.07695446
row_048816,0.96655875
row_048566,0.12502748
row_028628,0.98228973
row_041684,0.00032745692
row_012504,0.021378104
row_044829,0.07420833
row_038196,0.20948534
row_041091,0.3767736
row_010999,0.008738257
row_043169,0.0047938586
row_031152,0.0008869028
row_026446,0.0015946705
row_009896,0.017652126
row_008973,0.042206876
row_000771,0.07724552
row_045675,0.23045771
row_026647,0.2738984
row_024784,0.010010906
row_013813,0.08762379
row_007884,0.014295681
row_009621,0.60850716
row_016487,0.00836827
row_045272,0.008182564
row_029388,0.05582621
row_001870,0.29931203
row_022731,0.7189333
row_032614,0.99194056
row_035367,0.06580125
row_027613,0.011315898
row_039868,0.025582016
row_005117,0.019469671
row_001780,0.00047347345
row_010546,0.012721474
row_046852,0.0009889266
row_040364,0.18752217
row_043270,0.03364322
row_036982,0.0010182924
row_020771,0.0007325735
row_036383,0.046657674
row_011150,0.0012237856
row_010094,0.03884901
row_001626,0.17533736
row_040790,0.12229441
row_020740,0.011420891
row_009681,0.009091796
row_009024,0.026722053
row_010987,0.2305862
row_038357,0.14964181
row_043723,0.00096677453
row_030788,0.014170387
row_049172,0.27751714
row_028961,0.00047325983
row_031612,0.037099447
row_027250,0.007898621
row_009108,0.0150651205
row_028040,0.0050806175
row_010238,0.027692858
row_046080,0.016696434
row_049224,0.034457047
row_020833,0.0074334196
row_040510,0.021706823
row_024847,0.98101544
row_000015,0.0074053197
row_033850,0.77361447
row_001258,0.7648028
row_024643,0.05627709
row_044084,0.24719574
row_026718,0.08436662
row_005864,0.88761485
row_026048,0.0020411576
row_004524,0.00029409648
row_011001,0.39232403
row_042903,0.000179414
row_007396,0.009806321
row_046498,0.009815813
row_018849,0.69106686
row_037637,0.003938255
row_007371,0.055874474
row_047761,0.008315507
row_043564,0.093488954
row_002107,0.00039299412
row_048521,0.049087927
row_038302,0.97395474
row_039604,0.027038325
row_025574,0.9606445
row_037463,0.005245028
row_033069,0.00038462214
row_019908,0.0003699379
row_007658,0.011364413
row_007456,0.009809026
row_022106,0.009659217
row_015633,0.00046101882
row_003615,0.040240712
row_040833,0.0046926783
row_048602,0.15052897
row_040680,0.4780054
row_003057,0.0012921287
row_028244,0.06192877
row_048527,0.08227222
row_017986,0.06664108
row_002857,0.059717588
row_020145,0.06403396
row_046197,0.5201739
row_032598,0.9912429
row_010049,0.70346385
row_023327,0.006239186
row_014801,0.36137998
row_046077,0.01972371
row_005316,0.03523349
row_000260,0.008316065
row_026159,0.077792965
row_009003,0.07383878
row_018144,0.13988417
row_043976,0.99853146
row_027977,0.0032334232
row_026946,0.024375487
row_042852,0.027778083
row_009653,0.018814944
row_032586,0.3520911
row_000280,0.005398145
row_020859,0.9491432
row_043142,0.013749373
row_018113,0.0016908941
row_028068,0.029953862
row_021497,0.001473167
row_010770,0.22403349
row_021463,0.16742966
row_024445,0.7417155
row_037439,0.16269512
row_049065,0.014753442
row_040181,0.040875923
row_018682,0.24793063
row_029727,0.08860432
row_039598,0.9989324
row_035893,0.99639493
row_013727,0.05235956
row_014285,0.020820227
row_005910,0.021055842
row_025789,0.981604
row_021785,0.18750429
row_044245,0.030888103
row_035949,0.44943976
row_039166,0.004896636
row_011897,0.43083724
row_012833,0.16899756
row_009785,0.039262135
row_019966,0.03946349
row_010462,0.062394995
row_038645,0.033467688
row_002054,0.0035432307
row_026362,0.007863084
row_032845,0.03677527
row_019769,0.67719805
row_009893,0.0058159055
row_029209,0.0023397193
row_006261,0.08827012
row_005046,0.55052346
row_021931,0.0028182326
row_019953,0.49233797
row_023855,0.099004805
row_026132,0.0043392987
row_014171,0.15046373
row_010078,0.24340855
row_029189,0.34971017
row_005198,0.03557385
row_034904,0.0008640753
row_036704,0.11526314
row_014135,0.009665783
row_017345,0.0764472
row_010031,0.00374525
row_041491,0.6197889
row_005929,0.019861713
row_042176,0.016142502
row_004942,0.02194965
row_001867,0.031234965
row_045809,0.004110224
row_036711,0.0039649624
row_000559,0.002050755
row_033025,0.017248265
row_017502,0.093351156
row_005873,0.02519973
row_013996,0.032924905
row_043930,0.988881
row_011827,0.07846084
row_015590,0.8650403
row_038734,0.5874186
row_024362,0.98197204
row_043544,0.8214408
row_012854,0.043172605
row_010716,0.14185247
row_020660,0.00054060516
row_027282,0.032103464
row_024392,0.112726085
row_024771,0.007495887
row_038852,0.017430304
row_045961,0.00034274897
row_016816,0.0036225698
row_004453,0.10830553
row_014318,0.020544738
row_039028,0.12862532
row_010293,0.020465452
row_045872,0.996825
row_028943,0.011776417
row_030500,0.6927474
row_000513,0.27585512
row_017012,0.21654958
row_042407,0.60910887
row_030802,0.08871008
row_041837,0.014748459
row_038228,0.26162857
row_040266,0.008453002
row_035243,0.0026956121
row_040414,0.17051134
row_047267,0.6757725
row_048099,0.01063758
row_033231,0.034941986
row_013971,0.00254611
row_015414,0.31885946
row_020558,0.07483686
row_021880,0.048664186
row_020412,0.06146646
row_022589,5.6135163e-05
row_003531,0.032959826
row_002140,0.015582119
row_046295,0.2321595
row_023524,0.079214565
row_011448,0.10155385
row_030853,0.062292255
row_032852,0.011382773
row_031494,0.0015747083
row_006242,0.42033806
row_030366,0.16588195
row_023413,0.0133623695
row_048436,0.41492704
row_000572,0.0023139832
row_038184,0.021593591
row_001695,0.002538432
row_048180,0.0795977
row_000886,0.9322102
row_035510,0.004220731
row_031968,0.061796274
row_019158,0.0030485217
row_011226,0.031004202
row_024207,0.008613862
row_010913,0.009640397
row_007720,0.14211348
row_029173,0.052127212
row_036204,0.4523905
row_024394,0.27954036
row_040818,0.25289267
row_007949,0.0132129695
row_005892,0.00081772474
row_048573,0.011780823
row_000879,0.32305866
row_029260,0.12802492
row_032656,0.007763676
row_038820,0.9832546
row_016565,0.007556841
row_034802,0.37600788
row_019835,0.44495478
row_042343,0.01128245
row_027979,0.118656576
row_014163,0.0013600392
row_006005,0.0008959408
row_041606,0.7184953
row_028729,0.8142536
row_047108,0.0048406455
row_043445,0.056049436
row_004303,0.68719727
row_017155,3.5073288e-05
row_027914,0.5138776
row_035312,0.00015881556
row_049772,0.0015085773
row_048952,0.8479688
row_044221,0.23189087
row_049570,0.13051398
row_019054,0.07793812
row_034109,0.1569627
row_016633,0.0042236424
row_006156,0.015107822
row_025102,0.16204643
row_010909,0.0850489
row_014492,0.3082221
row_011058,0.035081055
row_001916,0.0021588923
row_030053,0.13868172
row_029180,0.012113344
row_044596,0.25041842
row_000875,0.09402954
row_049323,0.5391913
row_028350,0.0007439981
row_013316,0.015606223
row_030417,0.47814563
row_016566,0.9900219
row_021057,0.5622413
row_049943,0.24239941
row_043140,0.01206288
row_025286,0.36005193
row_037941,0.1993395
row_034029,0.0847337
row_023996,0.001501298
row_027094,0.8078468
row_020074,0.081394665
row_033904,0.016631886
row_011758,0.061978437
row_007376,0.0046853325
row_005315,0.007907392
row_027505,0.02815191
row_036478,0.19624817
row_026453,0.015386515
row_011234,0.0005919752
row_006183,0.0578873
row_044589,0.017590886
row_026328,0.023515271
row_036996,0.73184013
row_016001,0.0052576214
row_011851,0.030057615
row_001133,0.18411277
row_046301,0.0014761406
row_039362,0.00075433595
row_020554,0.008528769
row_010366,0.13128872
row_013315,0.03024294
row_013933,0.034942854
row_029742,0.44107923
row_011839,0.0035495984
row_008894,0.99426794
row_006091,0.8123043
row_031519,0.045977104
row_042430,0.80358386
row_009134,0.06854192
row_033479,0.06629713
row_006615,0.647478
row_042290,0.037960403
row_021397,0.06639758
row_043475,0.0021483237
row_027897,0.0046154656
row_024791,0.0010644008
row_042151,0.45463705
row_001063,0.005948074
row_041679,0.9811078
row_013353,0.61679786
row_006266,0.07676255
row_005038,0.7004611
row_041748,0.76460177
row_031151,0.1939757
row_043513,0.030745313
row_032797,0.009532786
row_017453,0.56248635
row_009561,0.032299157
row_033445,0.0035500387
row_034622,0.0039730226
row_013367,0.17575769
row_017237,3.152725e-05
row_016940,0.98812664
row_005042,0.10344369
row_042401,0.005915604
row_047747,0.05342195
row_032344,0.005632767
row_045575,0.024391798
row_033132,0.13851659
row_015655,0.11418774
row_029628,0.018515777
row_019689,0.030010816
row_024144,0.38812256
row_002603,0.009108846
row_042211,0.0678917
row_017540,0.21921831
row_032790,0.24028745
row_028200,0.0049463944
row_030969,0.12637143
row_039533,0.16457587
row_038314,0.0019594857
row_012809,0.9158247
row_019305,0.0016699415
row_006022,0.033044208
row_007754,0.08279803
row_021367,0.2001989
row_018308,0.0030394113
row_041408,0.017529115
row_028453,0.00037713192
row_046261,0.12485295
row_037304,0.012803309
row_003816,0.17752644
row_034400,0.98310155
row_016346,0.84835905
row_013038,0.090693146
row_026481,0.003445495
row_023237,0.061398998
row_048740,0.040837318
row_023210,0.99945706
row_012599,0.75053394
row_035621,0.0025537226
row_042950,0.0050136494
row_030014,0.055765476
row_044348,0.011789326
row_042657,0.091228954
row_037399,0.0016540595
row_027955,0.8642682
row_011682,0.795376
row_023895,0.037639998
row_041654,0.98331046
row_029849,0.025118297
row_027090,0.013911397
row_005260,0.26890114
row_005066,0.03449568
row_025165,0.61966175
row_038782,0.03395219
row_006279,0.002660189
row_005759,0.020260066
row_013702,0.97831446
row_028425,0.0061743497
row_045882,0.009937512
row_018047,0.0015328586
row_019144,0.015754202
row_018180,0.011541459
row_029326,0.103244424
row_016832,0.036946137
row_017388,0.63698786
row_047696,0.56762904
row_005157,0.006352891
row_045416,0.01631817
row_037242,0.9750241
row_021909,0.4986202
row_010469,0.013289855
row_013437,0.10485578
row_009663,0.3712839
row_030634,0.9945327
row_022018,0.04458316
row_037107,0.012882083
row_042958,0.9345749
row_047695,0.012531266
row_021827,0.009074878
row_049981,0.008420065
row_018469,0.05987534
row_035633,0.8706572
row_031740,0.40365243
row_032821,0.07451769
row_015479,0.713853
row_016247,0.00546317
row_010152,0.42999467
row_042632,0.018436441
row_013134,0.031323973
row_002251,0.73239833
row_011930,0.36819088
row_006499,0.0005267431
row_040792,0.03768429
row_032075,0.07393931
row_001347,0.35182002
row_001735,0.07686518
row_008085,0.98288083
row_048863,0.0001303541
row_041731,0.1581268
row_007955,0.5035301
row_021924,0.0070357737
row_021071,0.19169332
row_024600,0.003959567
row_041118,0.5083458
row_034719,0.03604652
row_032333,0.0072558126
row_027846,0.11201443
row_025666,0.009294491
row_046643,0.121846355
row_038366,0.007770758
row_043762,0.091593206
row_046667,0.08157773
row_011407,0.07009902
row_015318,0.5657879
row_033867,0.0046580695
row_033456,0.030635934
row_030107,0.004189097
row_023295,0.00041912758
row_000726,0.07890384
row_030306,0.37817857
row_010841,0.0067785806
row_024217,0.69028145
row_010964,0.007119518
row_001745,0.06158584
row_045070,0.008562382
row_020511,0.9996809
row_000199,0.2423886
row_036692,0.0059776236
row_044156,0.7339847
row_031429,0.02314657
row_005778,0.6392415
row_032707,0.006928818
row_023085,0.8652276
row_028727,0.54317045
row_044965,0.6927549
row_021043,0.008731964
row_001679,0.15246369
row_045453,0.07701321
row_006293,0.004984982
row_046837,0.008462966
row_017334,0.008588957
row_013720,0.013936929
row_022250,0.79269606
row_008927,0.93617547
row_009869,0.0051596845
row_034658,0.08005614
row_041069,0.03615306
row_041084,0.0060198284
row_047387,0.25181523
row_014077,0.012047564
row_006081,0.0057738214
row_040196,0.0047243857
row_005603,0.15658852
row_047433,0.9621541
row_039735,0.5208663
row_036231,0.016027395
row_007260,0.5578687
row_015447,0.4181789
row_006960,0.0008819128
row_039803,0.39782602
row_048483,0.008325859
row_045733,0.009560338
row_045530,0.011729319
row_023144,0.06781483
row_011597,0.011356055
row_015503,0.04929738
row_020004,0.29435953
row_042036,0.013073565
row_008851,0.013655416
row_041137,0.15487824
row_009942,0.0009331671
row_038730,0.00429596
row_036652,0.21581711
row_019250,0.01932215
row_028870,5.3159518e-05
row_009360,0.047672056
row_037872,0.0019336242
row_000878,0.74992305
row_023379,0.9278241
row_033909,0.8158093
row_034616,0.020336062
row_025417,0.0059836307
row_041418,0.0028937936
row_023945,0.15143731
row_000375,0.8137413
row_011893,0.0005494504
row_033026,0.058785763
row_039762,0.00043331456
row_005007,0.16092296
row_024464,0.023582555
row_012950,0.03327954
row_030631,0.16965953
row_037378,0.85808516
row_011590,0.0069935652
row_047659,0.78253955
row_032400,0.71689445
row_020814,0.09394252
row_001527,0.31917906
row_012331,0.010467674
row_040294,0.030949218
row_009263,0.0054916567
row_035033,0.0052139363
row_046941,0.32744116
row_015744,0.18476576
row_047489,0.21855697
row_042470,0.019160574
row_032024,0.05120194
row_012773,0.0035546029
row_002520,0.990553
row_007378,0.007433444
row_029821,0.09829975
row_028406,0.00021728675
row_017626,0.7427566
row_000525,0.003814579
row_020051,0.45729777
row_005574,0.6791471
row_040265,0.66980666
row_015461,0.06453667
row_028078,0.1322228
row_008912,0.016316462
row_040640,0.0023451173
row_029145,0.030554388
row_000056,0.05661275
row_030009,0.9833483
row_009084,0.0050591175
row_004532,0.010684888
row_032480,0.008959332
row_019638,0.00023856081
row_027717,0.058961127
row_031096,0.0049875653
row_036991,0.076786995
row_009195,0.008545369
row_007394,0.98680216
row_041486,0.1606208
row_017955,0.030783813
row_008015,0.35185114
row_022991,0.92516315
row_037073,0.112762794
row_014304,0.0060238615
row_026990,0.04763607
row_032816,0.068386585
row_037646,0.7825557
row_027938,0.045271847
row_036667,0.012964449
row_038272,0.6679151
row_010654,0.07820355
row_032991,0.0142140845
row_007699,0.0005124166
row_049897,0.5674939
row_013773,0.00065788935
row_043332,0.26184896
row_014748,0.0038289428
row_029925,0.038333036
row_000428,0.040857013
row_049171,0.0079169525
row_045186,0.059458986
row_010286,0.0066903885
row_034643,0.003622596
row_028349,0.03444913
row_014146,0.8277418
row_017447,0.0043252115
row_049919,0.7037114
row_046248,0.014617758
row_037659,0.33748755
row_029649,0.0386074
row_000849,0.8554535
row_018039,0.113310374
row_017969,0.1918796
row_003513,0.0012147381
row_009415,0.1862838
row_048582,0.088440076
row_029995,0.39756557
row_023182,0.17567056
row_020017,0.006647709
row_009125,0.13066304
row_013924,0.69867456
row_040284,0.013745552
row_040672,0.010510241
row_048779,0.16207914
row_000535,0.069182105
row_014128,0.1823587
row_028442,0.016165433
row_014859,0.016311105
row_007307,0.021209585
row_035926,0.96736175
row_037056,0.6474607
row_010786,0.95725036
row_041682,0.0081986515
row_025406,0.004315663
row_017812,0.12671416
row_024726,0.15641804
row_042326,0.0033051448
row_025953,0.074756145
row_029904,0.06538041
row_020445,0.093627185
row_016719,0.15048784
row_033078,0.01809781
row_040638,0.04003702
row_004976,0.14952476
row_038342,0.8436194
row_035388,0.19689287
row_034460,0.42183307
row_009852,0.010897731
row_046062,0.20239697
row_044788,0.6413938
row_014704,0.015936792
row_018597,0.06286848
row_040671,0.0026893266
row_048624,0.37966442
row_034700,0.0051870155
row_025444,0.23700486
row_046488,0.009294615
row_000785,0.0086944355
row_004268,0.75289464
row_013018,0.0072535356
row_012298,0.33594987
row_033532,0.1371834
row_002171,0.15180846
row_042981,4.2555002e-05
row_000446,0.13276626
row_015492,0.039256923
row_046628,0.057790212
row_007433,0.057744652
row_038821,0.048626363
row_017884,0.09573702
row_014949,0.057139974
row_016211,0.8732921
row_042897,0.18977855
row_021850,0.0014765685
row_007767,0.69610816
row_022217,0.12919898
row_022438,0.30949116
row_019072,0.7895033
row_047213,0.025269616
row_006478,0.012773082
row_042269,0.04810867
row_008569,0.09826717
row_042297,0.032124903
row_025722,0.95294434
row_047116,0.007733408
row_034193,0.00062021863
row_032670,0.00056065386
row_010316,0.04296506
row_041025,0.024564471
row_012086,0.001766162
row_022070,0.3387383
row_027676,0.014214179
row_020755,0.018030966
row_014119,0.0014405306
row_015695,0.019483402
row_039144,0.51774955
row_031910,0.22561073
row_011975,0.01620002
row_038966,0.18938138
row_002113,0.005736003
row_037442,0.33441597
row_038787,0.2430821
row_033786,0.47621694
row_023571,0.90759045
row_027993,0.0013374366
row_041289,0.04983904
row_003140,0.005749764
row_003930,0.0016952486
row_047920,0.00532276
row_001382,0.012896941
row_027822,0.02337604
row_049524,0.05609772
row_045326,0.09854751
row_000102,0.43605998
row_008760,0.023359628
row_040022,0.063622385
row_013911,0.015884418
row_030577,0.41828573
row_004776,0.49033207
row_022420,0.015306052
row_031958,0.2651001
row_000860,0.0075323447
row_040187,0.009272739
row_036163,0.7931208
row_011985,0.008207865
row_033139,0.09822505
row_045895,0.0069968477
row_014824,0.12675066
row_000629,0.4257524
row_021388,0.4899272
row_006285,0.05906777
row_048452,0.1059024
row_032998,0.0008282796
row_039906,0.06765486
row_041928,0.0028909207
row_044769,0.010309634
row_019336,0.004443671
row_012293,0.00057780114
row_023888,0.17428216
row_005897,0.08503438
row_032466,0.030311236
row_039383,0.049828347
row_049823,0.013272951
row_043980,0.76603794
row_037187,0.11926137
row_003520,0.010303111
row_009973,0.03990811
row_021781,0.9998863
row_044656,0.12134033
row_021622,0.106675304
row_018153,0.39778176
row_006634,0.0063505047
row_039200,0.0026290456
row_048673,0.5596891
row_034169,0.078456
row_014893,0.01642173
row_035706,0.0013253399
row_028230,0.9981002
row_035503,0.0028121902
row_016582,0.4010178
row_010421,0.0675772
row_048496,0.90808266
row_026056,0.001631173
row_005233,0.0012024976
row_003407,0.003365379
row_005787,0.96061754
row_010992,0.01866062
row_047172,0.7145802
row_009583,0.9957638
row_035703,0.9221643
row_020909,0.0007860344
row_012088,0.38308966
row_004009,0.0101613905
row_040555,0.90822285
row_034647,0.08100761
row_027123,0.014300575
row_028297,0.26271504
row_021846,0.0029394806
row_033992,0.931887
row_013741,0.013417628
row_030986,0.03176871
row_006824,0.012027993
row_000681,0.033979103
row_003118,0.6248591
row_016960,0.031081922
row_009122,0.07594914
row_016398,0.023449516
row_005705,0.881848
row_007893,0.039959818
row_008812,0.34125477
row_023842,0.01156254
row_000894,0.0014024088
row_040926,0.9211951
row_016083,4.6837547e-05
row_005938,0.0005180348
row_034480,0.5671839
row_033713,0.8373933
row_026448,0.38032976
row_039540,0.008446733
row_048872,0.7086388
row_013569,0.7320644
row_021819,0.38115907
row_010023,0.008540918
row_018826,0.22450195
row_024015,0.73291045
row_018335,0.013789981
row_013240,0.001438025
row_000153,0.019210504
row_006110,0.00057455694
row_004920,0.0048770835
row_023168,0.08788047
row_037012,0.4771658
row_031903,0.0010211286
row_017496,0.056070697
row_026478,0.007823247
row_049543,0.007336882
row_026252,0.012000864
row_016689,0.0012372178
row_047056,0.7321469
row_004506,0.014340635
row_005340,0.1888797
row_029395,0.00059952785
row_028392,0.9500034
row_028833,0.001779051
row_024690,0.14662623
row_017590,0.33591995
row_009446,0.0021286448
row_011639,0.017906012
row_013779,0.052947126
row_025199,0.052679423
row_014813,0.2956672
row_047934,0.00066843507
row_006297,0.04608708
row_021053,0.0033124194
row_016753,0.00037284434
row_018152,0.69251037
row_014472,0.009428506
row_025566,0.93036664
row_023627,0.58695155
row_036160,0.00021829826
row_018230,0.015377625
row_034358,0.0016098017
row_036700,0.046920396
row_006174,0.014876216
row_049667,0.022678101
row_010724,0.014144133
row_001860,0.16649671
row_039998,0.20532815
row_046283,0.0007688737
row_017104,0.100136206
row_044931,0.09236623
row_048768,0.006370817
row_019138,0.9340274
row_028273,0.006440238
row_027941,0.13825431
row_027607,0.00028133555
row_010883,0.003835924
row_039472,0.6997061
row_025908,0.011386722
row_006331,0.3471346
row_024122,0.7578515
row_006391,0.0108927265
row_033727,0.011063789
row_031330,0.08093199
row_044634,0.09776065
row_015175,0.0008721755
row_039796,0.016984316
row_027577,0.00015011927
row_045695,0.97612256
row_029135,0.13703018
row_002685,0.16445169
row_046371,0.038565245
row_040942,0.0060141706
row_045110,0.0024506478
row_029578,0.042253118
row_020654,0.21407878
row_043748,0.014952169
row_016674,0.5651521
row_043694,0.15870695
row_000081,0.600972
row_019727,0.00044940668
row_033363,0.00910916
row_022007,0.06435262
row_041637,0.05491227
row_021667,0.0034082881
row_038403,0.82674515
row_014150,0.9955877
row_046268,0.22076586
row_013733,0.0066124196
row_045313,0.006592354
row_038106,0.16440968
row_025250,0.059429865
row_043237,0.46933088
row_046319,0.026827538
row_014797,0.93120724
row_038141,0.035356265
row_010581,0.017068839
row_007826,0.039704427
row_012775,0.021130526
row_021916,0.038101647
row_045715,0.0021226148
row_048923,0.20182109
row_015090,0.013451553
row_038281,0.58479476
row_022767,0.0029290998
row_004482,0.27944902
row_036221,0.20463613
row_006857,0.033792026
row_011858,0.03542985
row_031040,0.06273115
row_048825,0.0022013844
row_037118,0.83844554
row_023151,0.04603942
row_001046,0.0056946916
row_003327,0.0007601413
row_004119,0.017043233
row_028363,0.017147778
row_022440,0.0137872
row_002872,0.91098475
row_015724,0.0004666623
row_015545,0.65835255
row_001150,0.055435535
row_012250,0.013266026
row_027158,0.79809463
row_005474,0.013348389
row_012694,0.07724328
row_010781,0.005252731
row_027969,0.016749667
row_035160,0.32349068
row_032947,0.05409893
row_040711,0.059205964
row_021227,0.0022784914
row_041087,0.90511525
row_047652,0.2100571
row_019639,0.002263927
row_047102,0.00033472793
row_023640,0.021233484
row_026014,0.0676454
row_045311,0.01988787
row_042087,0.05813979
row_019326,0.17922765
row_025581,0.016354129
row_046723,0.077804856
row_007528,0.0071744425
row_038074,0.016213052
row_043404,0.95026505
row_011556,0.108176835
row_027378,0.00046126958
row_001014,0.70647305
row_024195,0.6928879
row_033194,0.39701748
row_024621,0.0026907555
row_027673,0.23905985
row_028912,0.8699752
row_044564,0.44415078
row_049939,0.7945026
row_030426,0.06171119
row_006008,0.020205637
row_036423,0.009185319
row_013211,0.14243868
row_019466,0.9642254
row_009515,0.007969844
row_019346,0.032696743
row_045254,0.0013332379
row_003008,0.7984746
row_020809,0.26424986
row_002344,0.108118676
row_035268,0.6958443
row_049199,0.99667513
row_044449,0.17688482
row_018175,0.06903214
row_024680,0.020573532
row_001783,0.79274726
row_000457,0.01742138
row_027388,0.0028104458
row_049250,0.6576167
row_032767,0.0028404668
row_049390,0.012768699
row_022294,0.0060758144
row_047219,0.20349991
row_020670,0.0011790881
row_046390,0.081937164
row_018949,0.18305008
row_028703,0.3312333
row_032948,0.009259247
row_004450,0.108692355
row_034868,0.17179164
row_045970,0.24297933
row_010874,0.026065418
row_031705,0.75125074
row_008287,0.0015522557
row_008782,0.014823242
row_013966,0.47981948
row_002309,0.008715536
row_007768,0.35395303
row_034793,0.023143487
row_049845,0.021542298
row_048366,0.018780528
row_030003,0.01223524
row_021508,0.023246419
row_008428,0.13290636
row_004617,0.0030656604
row_014031,0.9759074
row_025734,0.0010047791
row_005590,0.03413853
row_019945,0.0019294748
row_010777,0.011876175
row_003127,0.95880973
row_000815,0.6154425
row_028275,0.9148752
row_049649,0.06328566
row_037068,0.011815681
row_025394,0.09581142
row_022611,0.022152975
row_017910,0.3321034
row_027220,0.973569
row_022949,0.22512782
row_033082,0.12693435
row_044088,0.09932253
row_049027,0.03840977
row_045915,0.37974796
row_031002,0.1424975
row_032037,0.13244523
row_033331,0.010393938
row_036046,0.09351025
row_049054,0.46948755
row_015302,0.11382108
row_022291,0.15434805
row_032565,0.40481403
row_033658,0.12357478
row_004624,0.030056698
row_014259,0.02268373
row_035006,0.00073628186
row_024458,0.13363613
row_021903,0.0343356
row_018630,0.002691517
row_021600,0.11138148
row_016709,0.09435397
row_022040,0.0148770325
row_038249,0.01859039
row_033865,0.105321966
row_047813,0.13470542
row_015224,0.021419954
row_004994,0.23092303
row_006135,0.023191404
row_020142,0.7225931
row_035963,0.04506424
row_019736,0.13420379
row_036625,0.0011112684
row_025743,0.99949765
row_036858,0.54456073
row_025622,0.044567354
row_003768,0.0019005284
row_001022,0.8637758
row_005061,0.6072257
row_043485,0.0038145266
row_037905,0.042574037
row_022071,0.84889466
row_036514,0.23515584
row_034639,0.0013087809
row_047964,0.0022517669
row_003442,0.99189734
row_013343,0.67410845
row_009361,0.0007626678
row_014383,0.08600518
row_027925,0.0011654405
row_028670,0.90810585
row_037264,0.00052264536
row_012559,0.33748558
row_011998,0.6124469
row_007064,9.212917e-05
row_022746,0.57502
row_043495,0.02460415
row_039872,0.0005267707
row_024344,0.50766754
row_009175,0.029907037
row_023857,0.084378004
row_039203,0.977303
row_042869,0.0005827328
row_010473,0.04111539
row_027456,0.009809205
row_039694,0.001745433
row_006705,0.0004487761
row_036587,0.015551341
row_046207,0.056336127
row_018847,0.3665948
row_028883,0.11818957
row_036392,0.12596056
row_039643,0.013924943
row_049991,0.007736834
row_016840,0.30980414
row_027644,0.9993364
row_012347,0.3242476
row_013463,0.8221263
row_026449,0.46229076
row_012695,0.5020834
row_031666,0.16120143
row_038156,0.0030558463
row_014539,0.007916371
row_043501,0.044820797
row_039534,0.87133384
row_032659,0.15408331
row_021228,0.00055523566
row_001146,0.002121507
row_030284,0.15230957
row_037301,0.0066017876
row_033490,0.082655534
row_020299,0.6264371
row_009082,0.13479878
row_030043,0.117242515
row_022857,0.6761379
row_003026,0.0042152335
row_004479,0.00056319655
row_036512,0.000900596
row_039135,0.7990592
row_034360,0.54638135
row_044238,0.60256934
row_024957,0.0024623827
row_028487,0.00625486
row_033813,0.6835696
row_039866,0.0051997346
row_032308,0.012543911
row_030080,0.116177335
row_032292,0.008335128
row_009448,0.0033182919
row_014851,0.24093151
row_018440,0.005539051
row_029200,0.0031437206
row_013246,0.006888816
row_040771,0.030024325
row_041104,0.006470423
row_024564,0.7867306
row_034341,0.31148994
row_000982,0.00040155207
row_017299,0.08127367
row_038207,0.9669657
row_010089,0.061763864
row_035794,0.71056676
row_033316,0.018576859
row_016126,0.07008974
row_020157,0.0022025052
row_007316,0.05374196
row_026833,0.7756304
row_002564,0.001337117
row_038978,0.008194887
row_015211,0.014630085
row_034804,0.0005086193
row_015296,0.0014433105
row_001292,0.9958287
row_015397,0.0009682707
row_048283,0.041027404
row_040038,0.01371236
row_047791,0.060249455
row_045369,0.09400583
row_037796,0.006690556
row_039815,0.004446828
row_031142,0.9998282
row_036380,0.002304918
row_004226,0.028304363
row_023887,0.45683038
row_023872,0.05109713
row_018558,0.0072835525
row_005802,0.28584388
row_045400,0.10722858
row_041680,0.18351252
row_045214,0.034778185
row_038012,0.00020168454
row_009931,0.007772523
row_042510,0.040957876
row_043909,0.9995976
row_004138,0.9542672
row_010862,0.2713345
row_036956,0.0015302846
row_035709,0.022264376
row_000307,0.97090155
row_019428,0.0016998765
row_022408,0.001296376
row_006568,0.016180715
row_014553,0.011791948
row_024074,0.12574644
row_021715,0.006671604
row_017482,0.005512172
row_015943,0.956821
row_005397,0.20976897
row_045452,0.17100877
row_020039,0.0056217047
row_006066,0.93927306
row_006813,0.18798828
row_012167,0.00218483
row_045771,0.033312853
row_032443,0.24392533
row_027526,0.29566345
row_038705,0.022191511
row_011100,0.013125551
row_005781,0.014546793
row_024311,0.122345835
row_008565,0.6803638
row_024427,0.84269905
row_008617,0.0023572238
row_049026,0.11048025
row_027698,0.027268128
row_029878,0.0043432047
row_021072,0.88192964
row_028799,0.0009399976
row_020056,0.0011773054
row_048912,0.00061379035
row_043947,0.17212088
row_001454,0.018804375
row_017659,0.56292486
row_000961,0.8730888
row_009311,0.8296081
row_046166,0.035537247
row_048410,0.14950082
row_009636,0.059128877
row_041983,0.8556628
row_001812,0.001788959
row_002811,0.00523988
row_006493,0.04537821
row_025109,0.003711604
row_010411,0.7240414
row_040001,0.020068925
row_017665,0.1307938
row_005310,0.008493881
row_007988,0.012968707
row_047708,0.897454
row_016661,0.07721366
row_047228,0.017607078
row_033297,0.94911385
row_001711,0.009816396
row_046322,0.022451933
row_032385,0.24623229
row_024022,0.05242807
row_003003,0.36754522
row_045133,0.0006294349
row_041909,0.97446036
row_013615,0.000553522
row_014791,0.002844243
row_042231,0.09976175
row_045902,0.0051561096
row_023426,0.2672297
row_045086,0.11551054
row_048207,0.13425681
row_020447,0.16443591
row_001047,0.09083119
row_040203,0.027365826
row_003775,0.3283707
row_039039,0.10736346
row_012817,0.0024334325
row_006754,0.074787624
row_008026,0.00044070667
row_005558,0.047241524
row_006785,0.07982973
row_024466,0.005053595
row_013125,0.0038066509
row_031794,0.03911135
row_008356,0.218977
row_026533,0.094312735
row_027703,0.0005210382
row_011927,0.16174485
row_008529,0.0003509568
row_023305,0.032644693
row_000266,0.1432287
row_043188,0.0029330156
row_020861,0.0127207795
row_024506,0.870852
row_019447,0.14399743
row_025227,0.422772
row_038136,0.06908486
row_025705,0.27902558
row_031213,0.9984951
row_001354,0.98636174
row_041989,0.9226327
row_015280,0.5158565
row_003045,0.19307403
row_008280,0.0042861463
row_036391,0.0033420683
row_009700,0.0029419607
row_031739,0.92138857
row_029137,0.09590151
row_044474,0.030706776
row_003943,0.0068304823
row_040328,0.02992437
row_046889,0.8502478
row_049020,0.0005190911
row_031756,0.64022076
row_032471,0.008738228
row_030964,0.9928052
row_012038,0.27758226
row_014022,0.19687335
row_035990,0.0046735215
row_028056,0.1424354
row_029797,0.074803784
row_017193,0.003493471
row_032553,0.0850775
row_026714,0.027789205
row_019584,0.060878024
row_026420,0.008458358
row_040590,0.030554738
row_016014,0.008869024
row_019448,0.017881427
row_020879,0.0039875107
row_013922,0.01343051
row_048520,0.09655339
row_013046,0.0013528623
row_035647,0.013233085
row_035241,0.37337115
row_044130,0.10562701
row_035838,0.018159248
row_009823,0.17789891
row_036485,0.086459
row_039819,0.008273856
row_027756,0.017959641
row_028247,0.60492367
row_005297,0.2858862
row_008556,0.03452455
row_045988,0.32665423
row_031220,0.061982606
row_044196,0.055347238
row_019990,0.73909134
row_017684,0.15367372
row_039065,0.75340074
row_017177,0.0073314556
row_029194,0.37107506
row_020496,0.9728267
row_010600,0.5563776
row_030347,0.0064939247
row_035775,0.37417257
row_049833,0.0038617766
row_041905,0.06879036
row_044185,0.7513714
row_000998,0.03887563
row_007797,0.0071685663
row_002160,0.009154164
row_040171,0.40574887
row_029781,0.0014067481
row_035499,0.7698425
row_045192,0.123619825
row_028060,0.12701441
row_030354,3.209308e-05
row_047686,0.04185043
row_010530,0.43767092
row_020711,0.28149194
row_039679,0.14436816
row_002668,0.0065292576
row_047601,0.0010052583
row_008566,0.0006643957
row_036775,0.10798864
row_036254,0.080227785
row_039190,0.114683196
row_039270,0.7406002
row_006528,0.031552672
row_049546,0.057670437
row_035881,0.08801292
row_045280,0.0023909893
row_026045,0.011599138
row_010741,0.2536578
row_002764,0.19154066
row_048959,0.0018125863
row_016277,0.039023574
row_046605,0.0021804993
row_023693,0.07331951
row_034572,0.23793873
row_038511,0.99557316
row_035450,0.0012465875
row_024688,0.040351707
row_032764,0.074402146
row_039072,0.0073880814
row_013262,0.0667408
row_043203,0.0011004694
row_020117,0.016673176
row_031613,0.006028083
row_045000,0.05764989
row_031788,0.0040460825
row_030309,0.005494874
row_026212,0.45251378
row_040762,0.84046686
row_045851,0.004274714
row_029461,0.0025878993
row_019589,0.0147840595
row_000751,0.9629205
row_025979,0.75276333
row_000799,0.009946054
row_024938,0.0011394607
row_029651,0.999092
row_044263,0.015009919
row_001461,0.039501198
row_029525,0.033546805
row_006567,0.0017406564
row_005573,0.0029645478
row_044694,0.18568204
row_002437,0.39343438
row_009064,0.0064455736
row_031876,0.009820555
row_008802,0.035681617
row_037433,0.9902006
row_013730,0.019737964
row_043463,0.008445615
row_005093,0.0038978949
row_035983,0.020480031
row_034759,0.0040183384
row_040847,0.21694772
row_003030,0.029959133
row_029346,0.001562397
row_039693,0.044638574
row_047706,0.12534252
row_006920,0.0007992846
row_005213,0.541869
row_029709,0.16313966
row_001211,0.003637535
row_015202,0.06311522
row_010756,0.009702262
row_048354,0.7824284
row_045246,0.9452866
row_029359,0.80520254
row_044562,0.9980921
row_011855,0.0021761619
row_030916,0.048367344
row_011701,0.025332842
row_024250,0.03176106
row_032894,0.0030584857
row_043033,0.07464331
row_046954,0.00029515827
row_016811,0.07926056
row_018738,0.6774208
row_019636,0.077714205
row_023081,0.056148592
row_038044,0.0029296319
row_027160,0.05973093
row_039527,0.40155187
row_025369,0.00017630734
row_023286,0.10749208
row_017687,0.32154247
row_008219,0.012620712
row_008821,0.0026280093
row_019824,0.038813043
row_036022,0.078043595
row_010877,0.007818999
row_040534,0.007495047
row_027653,0.052315827
row_011873,0.0062695285
row_048847,0.0011146585
row_042922,0.029431779
row_001450,0.05986075
row_039996,0.024921793
row_044201,0.002119954
row_000991,0.0051613147
row_040105,0.04745853
row_045764,0.9901046
row_037658,0.041350096
row_024945,0.13470423
row_011322,0.043523178
row_038386,0.048044004
row_004542,0.06497549
row_027204,0.007863843
row_042817,0.43775532
row_037045,0.09742971
row_038952,0.0011169061
row_033332,0.02959555
row_019610,0.4821336
row_037469,0.12632804
row_005436,0.005536207
row_018810,0.61584854
row_007353,0.0048706355
row_015995,0.69277924
row_049032,0.01717126
row_004208,0.008295132
row_014504,0.055484544
row_020583,0.0024265954
row_028959,0.9984055
row_023384,0.23941444
row_011087,0.010748331
row_016029,0.47047886
row_010179,0.46148077
row_011708,0.0022532758
row_027478,0.017308552
row_043577,0.00397701
row_013967,0.067139894
row_049124,0.0063903793
row_023104,0.027311804
row_032650,0.007463201
row_006009,0.8834608
row_006410,0.48487225
row_032975,0.02089566
row_018954,0.1159014
row_029866,0.20735638
row_049364,0.0040967315
row_002285,0.0060304315
row_021522,0.989688
row_029492,0.17164305
row_001395,0.046296693
row_049085,0.013831839
row_042935,0.31913257
row_004175,0.020245088
row_017114,0.94420564
row_018925,0.066010006
row_038433,0.56660515
row_012431,0.05391113
row_030662,0.07518421
row_018337,0.018471332
row_014271,0.006170141
row_002521,0.0015923423
row_014037,0.123591445
row_010431,0.04204161
row_034025,0.0058990302
row_027098,0.06378815
row_025670,0.12525076
row_039395,0.80418247
row_025610,0.04973075
row_037221,0.00952128
row_032253,0.07726071
row_025293,0.0015138866
row_048007,0.11889324
row_023440,0.3233434
row_046481,0.1548772
row_014086,0.15401967
row_012664,0.019347502
row_046996,0.05959392
row_038122,0.5500711
row_012039,0.60676396
row_040185,0.32149774
row_014876,0.0033039388
row_032099,0.00072120974
row_028863,0.108841404
row_005605,0.009761053
row_033964,0.011828967
row_007513,0.00022827042
row_029802,0.098899275
row_017449,0.00022745873
row_006376,0.0032504005
row_033307,0.00044565919
row_029640,0.0045276023
row_025472,0.35673994
row_008857,0.012167993
row_003710,0.40248302
row_014130,0.09696828
row_029163,0.087686725
row_018743,0.49154773
row_000676,0.5236537
row_025410,7.900104e-05
row_000222,0.9827003
row_024027,0.042555604
row_043343,0.99085677
row_007701,0.53245395
row_025122,0.03883762
row_014700,0.0014140798
row_042967,0.1117743
row_000463,0.08993732
row_030756,0.07417162
row_027663,0.030986339
row_016282,0.0077543887
row_025865,0.00045484438
row_019694,0.009586367
row_008779,0.22415973
row_018990,0.12258137
row_044718,0.0056258244
row_049376,0.27941722
row_003336,0.021722151
row_004433,0.013925676
row_029357,0.668268
row_003111,0.0005726506
row_041584,0.008952776
row_044092,0.32331935
row_039879,0.016699644
row_021185,0.72251034
row_030491,0.038840786
row_031777,0.002805966
row_048938,0.3316021
row_048489,0.019932082
row_041076,0.912197
row_008067,0.053212937
row_043959,0.0030609742
row_017965,0.121447876
row_030132,0.17358269
row_021542,0.00072091084
row_025403,0.00071999634
row_012978,0.0035366172
row_038101,0.0004706889
row_034318,0.006351904
row_013132,0.5150832
row_046529,0.82322764
row_004065,0.06625744
row_036733,0.083560176
row_017274,0.7677414
row_043198,0.09803568
row_004233,0.7845434
row_046480,0.33904484
row_003504,0.18805534
row_032453,0.1512363
row_048321,0.013233403
row_047122,0.028361855
row_017725,0.041721202
row_043350,0.017090589
row_034223,0.12329429
row_004192,0.0073778215
row_009562,0.3279312
row_004475,0.993572
row_031899,0.99070823
row_038399,0.009417171
row_030336,0.0054645794
row_010535,0.02606471
row_041765,0.05269625
row_003117,0.11879584
row_021331,0.090187185
row_014229,0.03942056
row_022797,0.6602667
row_026375,0.107954934
row_035586,0.30852658
row_017522,0.28194046
row_049160,0.022571463
row_049480,0.52217835
row_007892,0.02509337
row_002925,0.058441285
row_014101,0.0013086019
row_003233,0.0016437335
row_038370,0.0013150496
row_006039,0.9946643
row_043179,0.046088096
row_006784,0.013717777
row_048749,0.038577963
row_012891,0.0027314734
row_028467,0.0038471993
row_029454,0.013911416
row_029990,0.6110215
row_011169,0.31937245
row_018824,0.036276303
row_016805,0.98552865
row_023989,0.7036216
row_040823,0.0045105396
row_028302,0.017146604
row_005094,0.061023895
row_014443,0.005251453
row_043863,0.005607257
row_035434,0.00035247506
row_033724,0.13729489
row_036665,0.12438396
row_003449,0.0006064042
row_016967,0.066170745
row_000317,0.020628998
row_026434,0.0019903346
row_019767,0.6092821
row_031125,0.26912048
row_023785,0.4649255
row_028338,0.9930651
row_040689,0.0024790072
row_018698,0.14222223
row_028875,0.040767103
row_015337,0.00043403823
row_005118,0.85943013
row_015719,0.0051231454
row_048390,0.036921144
row_007029,0.0013857431
row_049399,0.0033163682
row_007495,0.4761279
row_025266,0.02154966
row_032472,0.8686414
row_016116,0.25037685
row_034483,0.936007
row_026873,0.11951763
row_038022,0.0042724498
row_010660,0.43568888
row_003424,0.011633015
row_000290,0.6247844
row_021061,0.70205057
row_023847,0.0018376145
row_004986,0.15466462
row_023584,0.00028024596
row_000258,0.35091048
row_048512,0.63624614
row_040658,0.300343
row_038419,0.0030100602
row_008127,0.013779342
row_035795,0.001622665
row_038414,0.24246965
row_036395,0.01970129
row_048431,0.0005907682
row_038686,0.35392684
row_037640,0.04185386
row_029758,0.18957575
row_028344,0.661417
row_001304,0.030861417
row_019213,0.32033175
row_012676,0.012206913
row_018938,0.0036524017
row_019867,0.0056649367
row_034376,0.024286915
row_003821,0.029579327
row_017750,0.76393133
row_047710,0.020515809
row_027454,0.0681085
row_003793,0.23795113
row_028360,0.006371617
row_035051,0.045770682
row_019451,0.0068105333
row_010458,0.7743082
row_006840,0.0038250086
row_015984,0.19506055
row_035815,0.008227584
row_030438,0.0007272685
row_029997,0.99745303
row_032269,0.03032581
row_028684,0.00085494947
row_014650,0.0056957416
row_014132,0.00012643768
row_019391,0.12997092
row_023450,0.0030477555
row_001556,0.0007586813
row_049644,0.6860676
row_045465,0.050215036
row_023969,0.025289651
row_020683,0.9448067
row_010646,0.1609312
row_022301,0.23811239
row_026264,0.2248529
row_029168,0.3496149
row_037912,0.023418576
row_028071,0.7300755
row_039033,0.9924004
row_005049,0.2190301
row_013153,0.012704884
row_017709,0.08857104
row_028526,0.24748491
row_042778,0.7601714
row_014994,0.23466305
row_039711,0.95774305
row_021582,0.014209842
row_036844,0.006226401
row_012435,0.13084644
row_036864,0.015636124
row_029424,0.2081864
row_028527,0.043566372
row_027133,0.013406768
row_004142,0.011494417
row_021299,0.5299246
row_034059,0.02032115
row_002020,0.9805979
row_049491,0.8815891
row_024965,0.2500816
row_043484,0.09285588
row_004738,0.6681947
row_026824,0.032111265
row_034458,0.024183962
row_029831,0.20773439
row_023074,0.007980381
row_022722,0.059767112
row_034267,0.042428844
row_025925,0.05265167
row_025675,0.32938063
row_009712,0.01077544
row_008404,0.14877267
row_017206,7.39583e-05
row_035707,0.0077666957
row_009338,0.0014973654
row_041425,0.008250662
row_045403,0.06442742
row_037050,0.8412071
row_046422,0.028317073
row_022800,0.970304
row_020417,0.00048781317
row_005999,0.78023976
row_007841,0.02730903
row_035716,0.51460433
row_000816,0.13368848
row_033061,0.009713163
row_004038,0.03301864
row_031761,0.6541342
row_036432,0.010258856
row_039058,0.041096047
row_021990,0.040596936
row_017870,0.10776073
row_003619,0.019236732
row_019183,0.13675842
row_047303,0.0024894185
row_008623,0.020556869
row_040961,0.19932573
row_018448,0.36900324
row_019048,0.0030578356
row_038261,0.14330436
row_009247,0.017585441
row_041534,0.123514
row_025661,0.010239242
row_011046,0.015379523
row_037150,0.0035482899
row_032568,0.99946123
row_006961,0.14893094
row_029690,0.62746996
row_020433,0.12683962
row_002826,0.028712543
row_002617,0.00050577655
row_040949,0.5463707
row_004187,0.20867695
row_030649,0.32409978
row_026947,0.18619716
row_017459,0.15485807
row_008887,0.0397924
row_034874,0.0029795268
row_033096,0.00031631687
row_030997,0.8789316
row_014852,0.041301515
row_042222,0.8344445
row_045814,0.029684518
row_027335,0.009621163
row_027193,0.31302124
row_022459,0.18316215
row_010899,0.007994357
row_020124,0.012821124
row_009340,0.0022267543
row_030806,0.0041881963
row_003028,0.0056548277
row_021001,0.08719834
row_048636,0.89146596
row_018943,0.0048584663
row_047075,0.013328903
row_028868,0.007059596
row_025688,0.12921245
row_023110,0.004782881
row_017556,0.88175833
row_023959,0.0038370558
row_006388,0.9973909
row_004215,0.003065127
row_026081,0.7817066
row_029322,0.020692822
row_018613,0.9158603
row_041292,0.055458453
row_047778,0.03436739
row_010578,0.004889954
row_038650,0.0006344643
row_018732,0.05652491
row_027870,0.8641419
row_013320,0.19027303
row_029274,0.00035987023
row_027095,0.09524486
row_021391,0.016867578
row_035370,0.018558238
row_047691,0.0034425487
row_022411,0.294059
row_024572,0.0011938483
row_049597,0.024160758
row_008331,0.0022876628
row_000362,0.020142369
row_037625,0.9253086
row_027276,0.0009131865
row_023995,0.5965794
row_040002,0.017590128
row_043306,0.3711583
row_030196,0.082411595
row_026969,0.22590904
row_013029,0.032216996
row_013601,0.027568614
row_015413,0.0023463282
row_018928,0.5549269
row_046772,0.106205106
row_035509,0.06636088
row_014415,0.016806161
row_044419,0.0067214007
row_039838,0.21633048
row_011991,0.9965772
row_039562,0.14272058
row_021612,0.015292793
row_049933,0.002247982
row_046013,0.0027402095
row_032743,0.11636545
row_041100,0.028531922
row_000254,0.07182661
row_038574,0.5095122
row_049769,0.02451556
row_032763,0.009420146
row_044632,0.0010141651
row_032569,0.6068671
row_001945,0.025197972
row_034196,0.008214257
row_019265,0.9917748
row_010682,0.45839518
row_026686,0.30167276
row_005026,0.009830585
row_038822,0.0120711
row_017493,0.05672919
row_016337,0.12259014
row_034938,0.2883477
row_018800,0.030902028
row_020052,0.4356112
row_005886,0.021109747
row_048215,0.15724452
row_038895,0.41356042
row_026219,0.001435995
row_029560,0.25398237
row_005189,0.07804186
row_019770,0.00049837364
row_009000,0.018688975
row_016503,0.95605195
row_025773,0.28545567
row_006967,0.0003268403
row_032179,0.01342127
row_041858,0.0023156505
row_030198,0.18008038
row_025833,0.17510267
row_031625,0.0067426227
row_020295,0.020439314
row_032425,0.013783257
row_006219,0.32886404
row_002648,0.13054438
row_034810,0.10637123
row_024104,0.045710146
row_046545,0.89050055
row_026768,0.88248765
row_030271,0.065098666
row_024093,0.01042506
row_037289,0.50547695
row_040786,0.019933557
row_022345,0.0003967962
row_020597,0.0034965035
row_038225,0.37079394
row_030444,0.08890257
row_032288,0.26647133
row_007800,0.03186897
row_017841,0.033941206
row_024910,0.6208388
row_005977,0.063978195
row_006021,0.0885817
row_049205,0.020900745
row_040898,0.0017300351
row_043002,0.95705783
row_003655,0.02392845
row_047926,0.018029885
row_012103,0.0013976464
row_022069,0.035278406
row_009679,0.80015236
row_017437,0.2591099
row_018428,0.040541127
row_037684,0.13827346
row_036980,0.010851509
row_037906,0.52240664
row_004848,0.06469384
row_045564,0.5048156
row_049237,0.00057154143
row_034761,0.38211113
row_020548,0.37214625
row_024030,0.0028676905
row_040077,0.013626814
row_000768,0.0020648038
row_035931,0.05506029
row_008685,0.07002446
row_048803,0.7106492
row_044961,0.012701637
row_020590,0.00034281367
row_025132,0.9499595
row_007080,0.009184547
row_018257,0.042989682
row_014662,0.70481545
row_044122,0.07343586
row_007392,0.8436072
row_039150,0.3519496
row_029478,0.0017781131
row_042169,0.9909486
row_049571,0.0065163285
row_023497,0.005154779
row_004881,0.7660978
row_027767,0.004584558
row_007647,0.009589514
row_012488,0.364706
row_039674,0.0039002243
row_037055,0.08922616
row_003453,0.40784657
row_002046,0.9951238
row_036106,0.20427553
row_014489,0.45293775
row_023024,0.45875126
row_046251,0.27191135
row_007243,0.86503494
row_030586,0.38955295
row_026709,0.0048127915
row_049411,0.00049300666
row_019776,0.0009066958
row_041013,0.023121063
row_029950,0.072713494
row_016761,0.4402951
row_017392,0.14862776
row_016034,0.9894778
row_031070,0.0046611167
row_012826,0.83428395
row_012751,0.003635263
row_040768,0.13042702
row_027266,0.054303076
row_003752,0.01793599
row_043966,0.05389603
row_042142,0.12214456
row_037329,0.00093813037
row_021193,0.93582904
row_043358,0.054683603
row_000996,0.08962119
row_007200,0.31153286
row_018569,0.81517625
row_017552,0.011430768
row_026688,0.016481766
row_025321,0.008209841
row_003128,0.701922
row_002426,0.096450485
row_017925,0.0006055226
row_006441,0.0069951187
row_036540,0.0009300086
row_012010,0.06358088
row_020802,0.43595213
row_028466,0.22323222
row_020858,0.0027577863
row_038790,0.99598676
row_040533,0.9976527
row_020277,0.5945627
row_022870,0.00019254228
row_004633,0.081417665
row_008934,0.8453778
row_011782,0.032073516
row_002080,0.34400254
row_033014,0.30570227
row_013100,0.15888523
row_026521,0.054441806
row_047103,0.0030399805
row_027399,0.29970676
row_039940,0.11472809
row_029965,0.01073497
row_046076,0.05790405
row_021442,0.0009151354
row_000331,0.9720329
row_046470,0.17385228
row_016497,0.0008818179
row_007502,0.020831157
row_006581,0.012564097
row_024671,0.040348966
row_041876,0.9782023
row_042841,0.6712637
row_038429,0.0133337835
row_048638,0.7126348
row_029608,0.00041936757
row_036436,0.016402256
row_012571,0.013791446
row_009333,0.96561027
row_027643,0.14559096
row_039633,0.00014151346
row_008743,0.15942432
row_014773,0.7277344
row_044075,0.0024131713
row_000138,0.029528486
row_031422,0.10959822
row_016434,0.031140637
row_021379,0.25667772
row_003662,0.14710514
row_030873,0.055866584
row_021609,0.0018026525
row_034386,0.6528507
row_041417,0.037626106
row_036541,0.011804562
row_037140,0.011498172
row_004734,0.95908946
row_000184,0.008692706
row_025636,0.06553146
row_034187,0.3316075
row_046308,0.008462839
row_019985,0.57226616
row_008044,0.0036659809
row_001241,0.36623162
row_010273,0.98524666
row_018564,0.009351437
row_049378,0.13677123
row_014655,0.0016593664
row_037246,0.9039563
row_038573,0.9841098
row_044946,0.99194336
row_033019,0.061700236
row_012193,0.0014947982
row_038107,0.9755106
row_034517,0.25293404
row_033544,0.92366314
row_019382,0.08886945
row_041102,0.6036807
row_006943,0.0102567505
row_032780,0.11141384
row_046871,0.16360499
row_049693,0.03740317
row_011880,0.003846483
row_003223,0.025491135
row_044161,0.00441244
row_029820,0.34540528
row_009650,0.009025323
row_002540,0.00062212587
row_015858,0.02983917
row_026386,0.2336087
row_035071,0.6542039
row_005988,0.65902275
row_025393,0.9633514
row_047910,0.0011400686
row_022623,0.17058112
row_043185,0.07476088
row_026726,0.10523153
row_005582,0.7663547
row_022391,0.47728062
row_026443,0.047641844
row_030252,0.45243818
row_027520,0.00056515826
row_042818,0.9444828
row_009462,0.103588805
row_041387,0.016366145
row_001800,0.44968918
row_014530,0.015483762
row_015733,0.00052486494
row_013978,0.0025013576
row_017194,0.00085410994
row_015136,0.054120567
row_005680,0.011793275
row_008177,0.031239633
row_012555,0.19868858
row_049014,0.0022495827
row_032407,0.013951118
row_000664,0.23882392
row_039936,0.08094989
row_027465,0.18310927
row_046360,0.061227683
row_033157,0.3004476
row_034266,0.5685277
row_038002,0.9660913
row_013986,0.040125627
row_026968,0.1443779
row_023400,0.0038726013
row_013008,0.85941815
row_037603,0.25729197
row_017018,0.050463833
row_000393,0.3837387
row_022100,0.11671416
row_041487,0.035749048
row_046636,0.23947456
row_043989,0.74756634
row_029512,0.10327838
row_003869,0.109269075
row_031880,0.0016940347
row_013676,0.0007533776
row_045358,0.020142538
row_005797,0.08512251
row_044862,0.45276523
row_038549,0.9978307
row_010109,0.42649287
row_012924,0.121926986
row_002323,0.08842041
row_028581,0.7937245
row_032540,0.34275052
row_009431,0.035745915
row_015539,0.0025859787
row_047365,0.010345963
row_033179,0.52211535
row_013703,0.0979165
row_000097,0.098865435
row_031605,0.060454637
row_000656,0.5019933
row_049166,0.00055464485
row_012474,0.7459472
row_030232,0.18669401
row_021440,0.025856392
row_015618,0.000114876944
row_034676,0.03482357
row_029232,0.13090543
row_002552,0.67892075
row_046020,0.057974417
row_007937,0.0032971795
row_022974,0.17474355
row_006205,0.796322
row_048338,0.03341626
row_024321,0.0027060413
row_017473,0.96098423
row_041362,0.008323099
row_018825,0.028904129
row_007369,0.28699726
row_004110,0.00040179482
row_022012,0.67906165
row_007407,0.36052346
row_017917,0.002821735
row_034592,0.007749297
row_045766,0.98585147
row_022452,0.7966058
row_045377,0.8737038
row_049914,0.11491688
row_006866,0.7778866
row_031117,0.01105005
row_031170,0.08360758
row_034939,0.39340937
row_012228,0.020716278
row_040982,0.0417748
row_005075,0.000120286524
row_023026,0.0018178463
row_014966,0.00010607365
row_011324,0.00079765555
row_029819,0.012773574
row_008282,0.99024993
row_016463,0.07846876
row_019366,0.10887515
row_016175,0.13299324
row_013116,0.9607341
row_045528,0.0010705042
row_042890,0.8123169
row_031929,0.021494854
row_016975,0.01018376
row_037047,0.041842345
row_033729,0.025687506
row_034324,0.009700824
row_018769,0.15333302
row_049208,0.035268486
row_008365,0.04560824
row_031263,0.24264061
row_023503,0.16391751
row_019402,0.009673094
row_027050,0.025374
row_037171,0.047869552
row_001162,0.048658777
row_049429,0.30868745
row_028817,0.31762567
row_016023,0.08197467
row_039987,0.5020108
row_041247,0.09146492
row_031102,0.00029971346
row_017517,0.0043513654
row_003999,0.00841073
row_025609,0.006049463
row_019360,0.008503242
row_006885,0.9462458
row_020626,0.0008971517
row_012011,0.91913927
row_000502,0.048933253
row_043597,0.2543588
row_038628,0.025534637
row_015000,0.035199977
row_038863,0.021249058
row_020091,0.009343387
row_007045,0.008167327
row_026401,0.58577543
row_044114,0.14059737
row_015445,0.12803371
row_008396,0.01531655
row_039115,0.10978213
row_021039,0.08075352
row_018654,0.03016542
row_023590,0.011903171
row_036839,0.994358
row_049218,0.012151565
row_026223,0.98656553
row_012152,0.031458333
row_027960,0.02926884
row_001318,0.0064210384
row_047932,0.4819014
row_045336,0.2860643
row_019206,0.0048399568
row_022880,0.016679117
row_009615,0.0013172514
row_017287,0.031991795
row_039462,0.003911712
row_021823,0.13080971
row_001322,0.001690729
row_023631,0.8280645
row_020304,0.06563131
row_017300,0.02552892
row_026437,0.009712008
row_011857,0.0247777
row_026380,0.25264826
row_048190,0.06466948
row_016243,0.027154919
row_025691,0.14215505
row_045395,0.07577048
row_042183,0.096252725
row_015267,0.027922438
row_017370,0.08367543
row_024225,0.18229826
row_032832,0.99978405
row_037919,0.0028437371
row_037215,0.6806772
row_041006,0.11649291
row_005113,0.11584261
row_013359,0.0003894338
row_033700,0.8496805
row_008929,0.52678156
row_026211,0.2263734
row_035413,0.65186703
row_026084,0.004422271
row_022592,0.04118584
row_016532,0.42338637
row_036371,0.027803253
row_030262,0.023707101
row_048799,0.11414019
row_037319,0.07933792
row_048511,0.04386901
row_033664,0.00010072706
row_008095,0.05686391
row_049942,0.011057431
row_010480,0.9392402
row_011989,0.004199108
row_025991,0.0042561186
row_028475,0.73121876
row_026621,0.81848335
row_031734,0.009365092
row_042182,0.023301298
row_023775,0.9918948
row_041490,0.0071181287
row_030289,0.61502403
row_049270,0.28015843
row_038757,0.0013027436
row_008188,0.00624483
row_021646,0.014977291
row_039953,0.0032972295
row_021963,0.26961756
row_010395,0.81653064
row_044690,0.18403047
row_003488,0.014490642
row_027107,0.023357535
row_032770,0.39853474
row_016362,0.003413533
row_003086,0.33148244
row_005437,0.21113525
row_045335,0.076502174
row_040367,0.015766852
row_030393,0.98889345
row_044661,0.002752517
row_046891,0.9315427
row_022869,0.069799274
row_033499,0.02080786
row_008264,0.008883023
row_005108,0.27751872
row_004162,0.00034996017
row_042605,0.9983069
row_034785,0.20889995
row_040008,0.0018458063
row_009162,0.0032291769
row_025824,0.23657835
row_021972,0.8289579
row_013882,0.0022228388
row_024326,0.063114196
row_036513,0.031480163
row_049995,0.7626351
row_009146,0.92664176
row_000927,0.09051837
row_001017,0.0006397829
row_002936,0.9996954
row_049113,0.28893074
row_010498,0.065693006
row_012302,0.006281265
row_015813,0.00034164533
row_020462,0.0028065515
row_031259,0.3309198
row_042068,0.0041418714
row_001422,0.6390814
row_035258,0.017721385
row_038723,0.00088067586
row_006023,0.0030815734
row_020279,0.013690824
row_031964,0.059857883
row_037574,0.12494162
row_017434,0.19467422
row_019562,0.032322653
row_022191,0.022235071
row_001787,0.77212256
row_047469,0.3108443
row_021408,0.08984372
row_019983,0.4041335
row_044766,0.001175205
row_043012,0.021514177
row_005754,0.038452994
row_023581,0.0002964253
row_047464,0.012346336
row_046741,0.11579669
row_001578,4.1289106e-05
row_024645,0.0989542
row_011507,0.023919977
row_044110,0.08258436
row_017490,0.0078778025
row_004282,0.024345001
row_027898,0.0032456259
row_004004,0.09540749
row_043396,0.24833073
row_028395,0.525532
row_032915,0.05580701
row_013633,0.021222897
row_037976,0.123590134
row_016115,0.90314555
row_004541,0.023423325
row_001667,0.016096689
row_021330,0.43262923
row_020484,0.19797216
row_044319,0.5949886
row_027862,0.01842634
row_041024,0.00072688604
row_042227,0.012668951
row_025071,0.012434532
row_007846,0.9670287
row_048371,0.23085056
row_013907,0.1288333
row_001128,0.009834842
row_004354,0.36554804
row_026251,0.0010662144
row_045544,0.058338217
row_002637,0.5579013
row_029567,0.6190289
row_008016,0.20419037
row_021082,0.030050589
row_042836,0.8473092
row_025676,0.048030406
row_011548,0.00042362523
row_037279,0.11086622
row_011818,0.00908347
row_049310,0.01166897
row_000510,0.55784196
row_004788,0.0013276044
row_002827,0.009172868
row_013694,0.12791675
row_024744,0.99706393
row_018736,0.025864633
row_009796,0.0014390895
row_034247,0.72984654
row_039254,0.011253529
row_031874,0.2672604
row_003432,0.00034259772
row_023023,0.064671226
row_002183,0.9767419
row_015753,0.01102843
row_048473,0.00016451078
row_009463,0.00066618907
row_009499,0.014188257
row_016238,0.024909852
row_035791,0.61172134
row_017109,0.1742723
row_010162,0.003582535
row_006641,0.04980227
row_032793,0.010633391
row_039542,0.87575203
row_042161,0.0095788725
row_010910,0.13306667
row_002206,0.044271406
row_042901,0.34814724
row_005831,0.0022992385
row_002918,0.016606871
row_002917,0.7670933
row_046079,0.0369487
row_028037,0.3250411
row_008899,0.9861618
row_003990,0.14286381
row_005354,0.1620122
row_000422,0.013936688
row_031773,0.0028556867
row_033334,0.054341473
row_048615,0.0591823
row_035048,0.005092877
row_047832,0.5053185
row_012110,0.026916431
row_048964,0.0037232453
row_023735,0.71093583
row_033392,0.54233056
row_043401,0.85977656
row_041456,0.02104992
row_025212,0.0014823998
row_023828,0.059745148
row_034135,0.13367632
row_027334,0.0066242227
row_047406,0.021768786
row_033534,0.32657284
row_020876,0.84024614
row_030096,0.8182569
row_008505,0.016153986
row_012441,0.5912474
row_029743,0.5838685
row_003456,0.025718246
row_029707,0.098306134
row_033318,0.017083557
row_038311,0.002372868
row_001266,0.9976708
row_043038,0.034441795
row_019681,0.19127347
row_046890,0.0039174557
row_009900,0.32072905
row_040431,0.01927327
row_019797,0.003227937
row_008979,9.685839e-05
row_041859,0.01810156
row_037000,0.033337325
row_034439,0.7590521
row_014730,0.55274296
row_022330,0.08325412
row_024574,0.08430538
row_004408,0.0010137984
row_031632,0.286166
row_030052,0.9625313
row_028482,0.0034794637
row_002272,0.5557224
row_027652,0.9711363
row_048335,0.15725353
row_018941,0.107379094
row_017918,0.3819491
row_042304,0.0048611783
row_022175,0.65589446
row_041581,0.011979641
row_030733,0.0067929877
row_023860,0.45701623
row_023054,0.0054835607
row_013765,0.0059350035
row_041036,0.0023132116
row_033512,0.077821076
row_001933,0.006728456
row_012849,0.6116146
row_047707,0.13708189
row_030208,0.03209322
row_030660,0.7827764
row_028851,0.026837125
row_006240,0.068139225
row_014798,0.036167245
row_002518,0.9502914
row_046503,0.8159054
row_009286,0.7208418
row_011854,0.002332448
row_032114,0.5151342
row_027849,0.33890152
row_001401,0.045750327
row_007136,0.0013467162
row_008090,0.14276028
row_020847,0.1594608
row_010577,0.4441738
row_006050,0.6931103
row_032018,0.0020732435
row_000306,0.45078343
row_028610,0.0017519296
row_000637,0.0032588511
row_027923,0.0025413614
row_029556,0.0006347879
row_005844,0.76760167
row_017896,0.855877
row_022527,0.08220166
row_026148,0.021375714
row_027738,0.59582776
row_031335,0.15367906
row_012500,0.38948384
row_019819,0.0061669317
row_012034,0.09128628
row_021380,0.9410749
row_022481,0.03568403
row_046232,0.0031162747
row_035805,0.0063154446
row_041656,0.5108259
row_015068,0.006144524
row_025550,0.37518987
row_017033,0.24934453
row_038583,0.9958026
row_003196,0.0028439183
row_041452,0.117734544
row_008827,0.010394056
row_001333,0.36174077
row_008846,0.56291896
row_024039,0.016841052
row_007303,0.0004322063
row_016767,0.43957683
row_038455,0.035857182
row_037672,0.0019071021
row_032654,0.93309283
row_036427,0.019006133
row_040337,0.29328373
row_031618,0.030486554
row_042638,0.003650346
row_036922,0.26326808
row_024584,0.7852704
row_043525,0.018933265
row_028167,0.024548018
row_013407,0.4334302
row_032003,0.44542
row_008437,0.019204086
row_038669,0.08021258
row_002916,0.8036252
row_020464,0.046972007
row_028396,0.013556735
row_041414,0.2869598
row_007538,0.022211121
row_003181,0.009127755
row_030762,0.004422187
row_012760,0.005052977
row_035905,0.3217399
row_031867,0.0005876718
row_004468,0.00095936755
row_038056,0.00059104385
row_047547,0.10031634
row_047430,0.08832369
row_049659,0.04895737
row_027704,0.0018167911
row_009987,0.42353728
row_047700,0.0008189092
row_024076,0.121686265
row_019748,0.0025261561
row_040252,0.10632601
row_046804,0.53285164
row_046633,0.03592374
row_029508,0.045015655
row_020549,0.60016644
row_047703,0.011420013
row_007382,0.0078223515
row_028463,0.46696022
row_001350,0.0010562254
row_015684,0.6704293
row_041284,0.0026479973
row_039093,0.027747182
row_008914,0.0042628916
row_001659,0.49177977
row_037920,0.00036556108
row_021304,0.0023219748
row_034366,0.033594932
row_044274,0.06720886
row_035456,0.09395938
row_005553,0.27956936
row_016801,0.56241995
row_017282,0.0011859264
row_036342,0.02554225
row_043134,0.45051286
row_005164,0.6762171
row_013140,0.99773884
row_020095,0.0008863671
row_035008,0.72436565
row_040586,0.0851082
row_028021,0.52913254
row_022226,0.0025194306
row_034502,0.04727025
row_036038,0.0007383265
row_013385,0.07321207
row_038439,0.33169755
row_017518,0.0013289023
row_042357,0.008195042
row_022842,0.0030125168
row_023734,0.25031367
row_028164,0.01887442
row_045030,0.16028285
row_017649,0.6110365
row_036578,0.0471842
row_040972,0.014398026
row_004779,0.018856542
row_007606,0.041985728
row_035938,0.68571454
row_019118,0.23381133
row_014448,0.6824843
row_004415,0.3197534
row_045682,0.21112038
row_037355,0.10837222
row_024959,0.9992637
row_015629,0.35287073
row_043027,0.46560284
row_015005,0.8411624
row_029498,0.15252085
row_036220,0.020623459
row_018754,0.044615284
row_026355,0.16984765
row_007485,0.10292184
row_043325,0.11756119
row_030440,0.020509915
row_038538,0.93645674
row_002533,0.14989425
row_046107,0.7276447
row_020265,0.002138834
row_020072,0.01299887
row_044918,0.013425419
row_044991,0.5419771
row_032774,0.95648783
row_022496,0.7376467
row_007904,0.34252453
row_008477,0.043779776
row_039889,0.006506513
row_002454,0.8716771
row_045515,0.0025005047
row_040864,0.021710632
row_014115,0.028665466
row_035077,0.25915134
row_007587,0.1964184
row_017647,0.5265364
row_037881,0.22079496
row_026962,0.06380464
row_014009,0.0019639004
row_025457,0.90301985
row_037671,0.002302267
row_025067,0.9821108
row_017019,0.20307186
row_029465,0.0002079969
row_030199,0.3443627
row_041407,0.0067987326
row_023804,0.004033811
row_026227,0.014713108
row_041651,0.04013706
row_040610,0.9851933
row_047419,0.026907485
row_023405,0.2343715
row_012961,0.10085479
row_040501,0.048351057
row_000391,0.9542179
row_030688,0.0063476376
row_043670,0.60882646
row_045587,0.86326027
row_047322,0.65562737
row_030296,0.041185312
row_030892,0.98698425
row_029569,0.015821168
row_028923,0.15024965
row_030978,0.025968019
row_034877,0.004460007
row_018713,0.18322714
row_003913,0.27222347
row_013550,0.9421571
row_022764,0.009414088
row_047821,0.133273
row_009775,0.08048447
row_030540,0.0018161011
row_027360,0.015005682
row_009907,0.022542352
row_021546,0.014779539
row_027588,0.026826618
row_039044,0.9940585
row_049821,0.0027530314
row_022926,0.02488933
row_022421,0.73645663
row_046404,0.0034470323
row_035123,0.00038334605
row_006409,0.008766694
row_012964,0.06634797
row_023973,0.9904839
row_003719,0.06056469
row_002134,0.049841274
row_007534,0.04590599
row_025532,0.037582945
row_012837,0.95567364
row_025252,0.031253524
row_014591,0.47480485
row_026750,0.00025901126
row_012213,0.8843424
row_016221,0.028013485
row_013226,0.00070275384
row_024783,0.5326418
row_022249,0.008945396
row_005360,0.45908415
row_036244,0.2831205
row_046161,0.9595916
row_006112,0.23609969
row_023217,0.0010740592
row_039393,0.019132743
row_036621,0.103525504
row_044447,0.08657149
row_048607,0.001231322
row_014391,0.5921933
row_002606,0.009218098
row_043346,0.004405562
row_020245,0.32676142
row_036712,0.49234504
row_021859,0.005258131
row_045797,0.0007304459
row_034903,0.010512026
row_006058,0.84334064
row_015849,0.028602978
row_044166,0.5691634
row_035491,0.021468407
row_034992,0.033032667
row_008601,0.037990026
row_034911,0.0074820924
row_001741,0.0197888
row_014584,0.006681575
row_009275,0.000504385
row_005786,0.022970183
row_001376,0.00033357283
row_015003,0.06776699
row_003517,0.030371035
row_047930,0.002912084
row_040451,0.09363732
row_002249,0.5478201
row_025089,0.98863214
row_038834,0.89055306
row_020939,0.021876337
row_018430,0.14333157
row_016953,0.009350249
row_035993,0.00045546674
row_021574,0.0120855
row_025000,0.014411904
row_039972,0.0036558094
row_044856,0.10670476
row_022919,0.24604659
row_022510,0.2812496
row_012540,0.08731516
row_031402,0.004470873
row_022568,0.011752263
row_017382,0.02753435
row_009711,0.9703021
row_040576,0.06895506
row_031131,0.22026779
row_013296,0.00016850937
row_017279,0.4548558
row_038162,0.056071606
row_037391,0.02621075
row_032890,0.0063650333
row_044123,0.20972271
row_046641,0.99815744
row_010044,0.029603057
row_016873,0.6731459
row_026975,0.04138354
row_026888,0.036988374
row_002724,0.4629777
row_013197,0.07687575
row_005276,0.20949657
row_031419,0.06422907
row_006416,0.02450355
row_012885,0.38518167
row_030058,0.032425124
row_021029,0.07790809
row_025133,0.9911212
row_023267,0.77839845
row_006809,0.73423105
row_037660,0.17645235
row_009813,0.0003846997
row_007471,0.007498374
row_002339,0.007249718
row_014403,0.70949227
row_038516,0.034173258
row_021031,0.027526524
row_006422,0.5423541
row_035516,0.0029568316
row_016888,0.060430624
row_016752,0.63331616
row_024748,0.016482579
row_033131,0.0174317
row_001341,0.009825322
row_034387,0.8272301
row_026838,0.0077459943
row_007888,0.2242908
row_020438,0.041261166
row_046259,0.048572414
row_045657,0.53366613
row_008224,0.0024204163
row_020128,0.009303594
row_037297,0.0019370698
row_040733,0.0005296279
row_018015,0.8775039
row_038501,0.00826759
row_007682,0.17303856
row_028461,0.00010823229
row_032582,0.014246673
row_042499,0.038191967
row_023039,0.85654545
row_048454,0.0006310859
row_015400,0.0022710336
row_012102,0.008305474
row_039432,0.00022301538
row_045184,0.01589018
row_043077,0.43460813
row_024251,0.034825772
row_017641,0.33317384
row_009421,0.004728928
row_030026,0.0038665065
row_029282,0.4010568
row_033428,0.6120929
row_045366,0.9648716
row_049025,0.9997328
row_007109,0.017259737
row_025856,0.014364293
row_019052,0.041685708
row_044735,0.0017321414
row_008675,0.010763122
row_022876,0.9802699
row_014360,0.57037795
row_012442,0.28821144
row_012799,0.76352346
row_031360,0.039006617
row_017562,0.07934814
row_024472,0.07650521
row_015979,0.00044503825
row_004143,0.00020011305
row_044094,0.5855648
row_017836,0.05566369
row_043758,0.42986935
row_020993,0.51386034
row_007691,0.9991109
row_038846,0.060612865
row_018346,0.4506677
row_038906,0.09835802
row_011773,0.009413038
row_011186,0.014873295
row_022412,0.006381218
row_034725,0.11620499
row_009692,0.9840119
row_016951,0.86606324
row_025912,0.005677532
row_027844,0.0046959533
row_028543,0.07473247
row_005875,0.024403807
row_008694,0.0018802081
row_044593,0.0023038962
row_004205,0.7588612
row_035106,0.5265948
row_018678,0.50091237
row_017307,0.042567283
row_021467,0.25211295
row_019386,0.1506486
row_044981,0.44497174
row_036379,0.013503459
row_040939,0.0011800167
row_043630,0.8756202
row_037898,0.059052322
row_039496,0.024928538
row_010501,0.9978429
row_016669,0.0055144965
row_021105,0.08785504
row_034286,0.9437791
row_027622,0.40574145
row_017895,0.02733485
row_026562,0.0017373742
row_039116,0.15349229
row_038216,0.049799517
row_010015,0.048462577
row_044186,0.9286824
row_027718,0.013488787
row_042065,0.0102630695
row_041231,0.010110066
row_014269,0.0022612344
row_009404,0.51231813
row_040907,0.0010490917
row_009019,0.18174356
row_001260,0.68015957
row_018379,0.76674414
row_031574,0.023703564
row_003480,0.53506964
row_018072,0.00021967001
row_028873,0.011113992
row_030285,0.22323531
row_037863,0.28570032
row_003838,0.19300222
row_034975,0.18207939
row_012150,0.956967
row_013793,0.0103052845
row_016022,0.5895786
row_011460,0.0032706296
row_021282,0.20776112
row_005272,0.017661944
row_006045,0.025772033
row_034749,0.0925254
row_030237,0.5422373
row_023605,0.029291453
row_049859,0.9999696
row_023879,0.015734304
row_010002,0.61126935
row_019117,0.14663397
row_047206,0.7305541
row_015073,0.45771146
row_019948,0.21298444
row_033094,0.00014225364
row_002244,0.018202322
row_017333,0.011781434
row_010096,0.85234725
row_004758,0.08376597
row_007292,0.02716581
row_027801,0.008295226
row_045697,0.1538231
row_000933,0.010977651
row_009917,0.04379986
row_022241,0.0020076423
row_002088,0.09104232
row_046192,0.00045853597
row_042518,0.008613711
row_012094,0.26196992
row_021357,0.0102940425
row_015415,0.0065833414
row_004685,0.2581974
row_037761,0.908568
row_018100,0.010097019
row_048253,0.016473327
row_031042,0.12905778
row_048550,0.021355728
row_039451,0.013565989
row_016149,0.043507934
row_013725,0.01773153
row_044701,0.0179436
row_033776,0.04365757
row_006189,0.004016419
row_017597,0.4013359
row_018731,0.0009335255
row_033111,0.05606253
row_048913,0.016061286
row_030722,0.0028617284
row_004230,0.0024091594
row_005358,0.14249852
row_030937,0.47263503
row_047319,0.192348
row_015998,0.043275032
row_002977,0.1959524
row_039677,0.0011314987
row_021479,0.0011338644
row_043650,0.03227452
row_011313,0.5572051
row_044408,0.0006646167
row_024742,0.5361842
row_006083,0.16500145
row_003975,0.05172563
row_022334,0.3591111
row_047861,0.048351645
row_033905,0.042217642
row_011482,0.013343435
row_004884,0.88768375
row_032788,0.35670224
row_044833,0.78192466
row_049627,0.0007494343
row_004203,0.14089169
row_024417,0.06314951
row_004060,0.11063728
row_034118,0.0031679496
row_025990,0.06576252
row_011236,0.28751147
row_005261,0.0020913929
row_034600,0.020187888
row_029176,0.23496233
row_010628,0.8224574
row_005231,0.007455635
row_039545,0.021443738
row_018727,0.9701791
row_018516,0.8955926
row_001412,0.0064564175
row_044639,0.0007617765
row_032103,0.13226229
row_041664,0.6863136
row_023657,0.22745737
row_020441,0.56250817
row_016994,0.011587396
row_004610,0.028539194
row_029218,0.2585355
row_009518,0.99224406
row_027985,0.054874543
row_017992,0.0674896
row_049093,0.01237951
row_048943,0.0029726417
row_010032,0.0073476247
row_017636,0.9915541
row_022790,0.29979533
row_022932,0.0044884444
row_044916,0.1574808
row_038341,0.005336208
row_003809,0.012158831
row_016616,0.018350981
row_031609,0.0064333673
row_002220,0.036767583
row_016191,0.15846442
row_043882,0.16503008
row_038836,0.2052484
row_024179,0.15855244
row_017792,0.07762508
row_038347,0.9715362
row_037324,0.08654488
row_038291,0.075647205
row_007138,0.016908849
row_043611,0.00056441023
row_040323,0.098416336
row_019522,0.031785987
row_039188,0.040069886
row_016617,0.0036328614
row_022502,0.24432923
row_028778,0.00037499238
row_043089,0.013252095
row_038970,0.016754197
row_018939,0.023222437
row_015710,0.7432864
row_036518,0.48996052
row_045023,0.27610317
row_030330,0.092366435
row_042716,0.006074755
row_037177,0.017829373
row_002489,0.0007950406
row_043522,0.21448618
row_015603,0.88740814
row_022303,0.55746806
row_039157,0.02375926
row_010783,0.053467907
row_047814,0.06472386
row_040406,0.5492422
row_035760,0.99966943
row_004423,0.0007283165
row_035036,0.012043398
row_037128,0.006506951
row_038696,0.2986494
row_009083,0.10251964
row_014878,0.0035775003
row_040239,0.027921572
row_035608,0.1104107
row_017863,0.0071251215
row_038898,0.38326323
row_016170,0.007912635
row_033731,0.10005783
row_001268,0.86101097
row_026923,0.006555775
row_033221,0.027056344
row_008195,0.011953036
row_021183,0.0003633257
row_002984,0.06575527
row_009363,0.0038697529
row_005196,0.0043565226
row_010924,0.0001510212
row_049213,0.0031290252
row_003246,0.00024873542
row_032674,0.0031836366
row_003325,0.021223914
row_036495,0.00038627308
row_035019,0.002349973
row_036509,0.14917445
row_017627,0.09540067
row_013806,0.031223234
row_036739,0.0027694167
row_007599,0.0010591238
row_045117,0.110706456
row_010416,0.0035326032
row_035488,0.0071804915
row_012366,0.0013604383
row_000541,0.045783717
row_042389,0.014425111
row_045486,0.9661912
row_027908,0.01256079
row_028295,0.23264548
row_047484,0.051084403
row_048126,0.044991124
row_018245,0.012913378
row_011024,0.9676353
row_031325,0.21506202
row_015759,0.0021153057
row_005290,0.961951
row_005712,0.00021321846
row_020960,0.110556394
row_029309,0.04623584
row_034955,0.09594122
row_028439,0.99948597
row_022508,0.0066849333
row_008937,0.03187062
row_016794,0.010418451
row_005372,0.00037667865
row_048167,0.036478143
row_010218,0.055005305
row_017281,0.37454742
row_032429,0.9869227
row_026761,0.46640813
row_014053,0.002271308
row_025064,0.09606714
row_018455,0.00112538
row_022285,0.64876056
row_006762,0.56552356
row_024475,0.37707162
row_026109,0.010041664
row_002968,0.06424552
row_022900,0.021335866
row_036523,0.9699574
row_002093,0.030714346
row_010788,0.0013320271
row_038695,0.00070920965
row_015663,0.057009738
row_018692,0.031248055
row_023355,0.044160012
row_046287,0.84833604
row_024739,0.00019263722
row_036350,9.483872e-05
row_015925,0.12372427
row_049984,0.09427126
row_022935,0.014308144
row_009438,0.8065339
row_040612,0.008979621
row_042223,0.16498339
row_047527,0.006183284
row_027243,0.10392012
row_038617,0.06789469
row_023698,0.14732535
row_013955,0.8796815
row_016220,0.59217125
row_045968,0.18258247
row_006746,0.03348328
row_013091,0.12912372
row_044093,0.99487007
row_042055,0.09170692
row_002030,0.042384364
row_004145,0.08511121
row_008465,0.019100228
row_028632,0.97315377
row_021319,0.0498905
row_029668,0.12734202
row_023479,0.0006681443
row_034735,0.30470473
row_022634,0.672053
row_012318,0.018036835
row_047268,0.0030419307
row_029446,0.06758469
row_029343,0.033711117
row_013774,0.9303982
row_020923,0.0009494554
row_012248,0.3903896
row_018955,0.020566735
row_027064,0.035273418
row_043588,0.0054485975
row_013602,0.09574824
row_026278,0.14073575
row_018380,0.107756235
row_027795,0.44540763
row_030504,0.029437983
row_003693,0.09741278
row_028992,0.0016341171
row_011061,0.12955645
row_048708,0.00084265356
row_035468,0.7100742
row_027541,0.08832448
row_001942,0.010990151
row_026360,0.10616675
row_034910,0.10671923
row_021791,0.71317124
row_021943,0.011079655
row_023206,0.8471174
row_038440,0.009411576
row_018055,0.008504107
row_008596,0.10028084
row_024583,0.0031499835
row_004320,0.018825773
row_015848,0.0010419114
row_036112,0.020247264
row_043302,0.3058066
row_026039,0.76310146
row_005373,0.78049165
row_018396,0.98205674
row_042837,0.9839766
row_039442,0.8737277
row_005363,0.030522512
row_035004,0.54848653
row_001313,0.99788266
row_000658,0.0026286743
row_041503,0.114183605
row_007377,0.01705975
row_008449,0.026568364
row_012746,0.21144895
row_028353,0.9791245
row_039354,9.544467e-05
row_025213,0.0016626082
row_020588,0.0039233193
row_036913,0.76254237
row_025140,0.23634659
row_014261,0.28053364
row_029683,0.029734164
row_047062,0.012409202
row_043464,0.04002404
row_016183,0.054529235
row_021174,0.002735944
row_032218,0.2153336
row_017369,0.81625736
row_005599,0.9174359
row_044509,0.9547389
row_004249,0.0003651205
row_022959,0.045897223
row_035409,0.0041428
row_035962,0.025659788
row_030177,0.010002001
row_031343,0.0066325776
row_016556,0.0037607322
row_009512,0.7953641
row_005442,0.005759681
row_035265,0.03681559
row_030111,0.9931076
row_032478,0.1738356
row_036199,0.01724374
row_023395,0.009037584
row_035333,0.02933709
row_040385,0.4862215
row_000543,0.32478607
row_012362,0.022435384
row_023749,0.7022961
row_042446,0.020492556
row_018373,0.48862657
row_039126,0.004443637
row_005517,0.46451327
row_032590,0.0039036532
row_042054,0.9647642
row_002773,0.5922622
row_038166,0.0076290434
row_023476,0.54149127
row_040777,0.6265592
row_023628,0.00092300784
row_033237,0.003161343
row_029141,0.00024702906
row_024971,0.7236651
row_041019,0.0022500888
row_047566,0.76613647
row_038639,0.01044008
row_008109,0.0048168744
row_025916,0.014392811
row_031982,0.3068643
row_048734,0.058511414
row_018259,0.000605877
row_002126,0.35578158
row_020913,0.4633089
row_024057,0.0008764563
row_037786,0.9183208
row_044010,0.0028968593
row_008538,0.019380573
row_035655,0.36137283
row_010958,0.99452764
row_024487,0.9332967
row_023696,0.53331447
row_036247,0.09886737
row_015406,0.35831264
row_027672,0.007973781
row_023595,0.3643782
row_039205,0.00013093138
row_046834,0.41070724
row_002599,0.118012644
row_004548,0.012147976
row_003523,0.009153793
row_014232,0.010297467
row_018374,0.034144066
row_004243,0.27062503
row_028210,0.9409602
row_032940,0.5776778
row_022469,0.47068784
row_019934,0.043780804
row_028383,0.29006508
row_021805,0.5280355
row_042864,0.9635659
row_029457,0.1387039
row_003820,0.6490682
row_022977,6.202612e-05
row_037525,8.789103e-05
row_014456,0.43948227
row_008486,0.027444843
row_042576,0.00023403628
row_035315,0.25473645
row_026635,0.03411893
row_040376,0.003519135
row_022348,0.7274489
row_015115,0.012245566
row_022057,0.3019893
row_016070,0.6901068
row_016276,0.06607561
row_028624,0.50355667
row_030319,0.26968062
row_011844,0.86045444
row_012305,0.13800396
row_023716,0.0039449045
row_014739,0.6897637
row_034739,0.99470407
row_036243,0.05118754
row_003889,0.658922
row_027606,0.0024286844
row_033484,0.032536462
row_004411,0.05412807
row_048019,0.015516397
row_021914,0.0015592686
row_030273,0.014044922
row_015489,0.31202197
row_012452,0.019430233
row_040375,0.2063684
row_036226,0.15763222
row_003484,0.0837068
row_003491,0.006534292
row_006259,0.13100421
row_036774,0.64618313
row_026903,0.30223188
row_003839,0.01332385
row_044205,0.28796586
row_033176,0.006999071
row_000793,0.0008988608
row_032345,0.043176595
row_033707,0.004758087
row_017921,0.0003496562
row_026430,0.583065
row_044955,0.050250854
row_004092,0.32686692
row_044879,0.03238221
row_038893,0.25385323
row_041803,0.08783015
row_044847,0.0122716455
row_008123,0.6472348
row_019124,0.01152086
row_035973,0.3882588
row_035642,0.12937903
row_015700,0.10701474
row_047107,0.028393302
row_040388,0.04728178
row_049588,0.13339277
row_008013,0.00044734162
row_009539,0.03576003
row_013442,0.677629
row_031810,0.0063279658
row_023796,0.009745023
row_041206,0.9352399
row_049269,0.007700685
row_023416,0.6729035
row_040190,0.0042992774
row_014187,0.6488539
row_044891,0.0025651068
row_035713,0.009928175
row_023261,0.036384363
row_003786,0.45740712
row_022529,0.0149553735
row_030740,0.43326005
row_046751,0.5299943
row_031832,0.20604165
row_005881,0.027227648
row_005323,0.6874025
row_033549,0.10681773
row_042351,0.0035700577
row_013080,0.017717592
row_040602,0.13488302
row_029971,0.0030606962
row_021194,0.9276767
row_034326,0.3446075
row_034797,0.037239686
row_022747,0.98026407
row_045438,0.7754859
row_009714,0.5217565
row_040224,5.6056364e-05
row_028049,0.04751864
row_046774,0.058444817
row_003699,0.005333981
row_039412,0.016753923
row_000725,0.30854177
row_042800,0.13832805
row_025984,0.9980451
row_045197,0.03374945
row_034167,0.001700669
row_043776,0.0024136489
row_024129,0.011375188
row_030303,0.0012174724
row_043131,0.0009520271
row_043584,0.08571849
row_033563,0.21192245
row_016010,0.41734302
row_020571,0.01593256
row_028284,0.006088899
row_026285,0.0117634935
row_002266,0.0010541219
row_032072,0.2905816
row_009834,0.017804781
row_028435,0.06351063
row_027174,0.9074973
row_039232,0.007756729
row_012725,0.018748337
row_031825,0.017848948
row_024149,0.10233236
row_013301,0.1293091
row_011027,0.38729516
row_031087,0.027110398
row_030088,0.048070863
row_022846,0.013449161
row_006277,0.7885682
row_025544,0.016354397
row_046124,0.9704128
row_043136,0.056320164
row_028165,0.0019155225
row_027562,0.031764004
row_002568,0.21440572
row_046982,0.63651496
row_023199,0.013035702
row_049091,0.88299
row_002690,0.018096378
row_007719,0.048013136
row_047098,0.0015987016
row_037245,0.23746589
row_039708,0.015176793
row_016798,0.00056149345
row_017297,0.5499979
row_023765,3.9790044e-05
row_039944,0.029704424
row_043394,0.010536665
row_032679,0.025075544
row_003963,0.036201492
row_012973,5.9504295e-05
row_008142,0.41996196
row_030049,0.1522761
row_026577,0.35833046
row_032135,0.01979046
row_011278,0.21594499
row_005187,0.21204005
row_009310,0.13069943
row_030858,0.05422852
row_038361,0.017580902
row_021944,0.7984676
row_013851,0.17337185
row_008472,0.07750354
row_001135,0.003999129
row_030977,0.0010878325
row_049088,0.002870356
row_020681,0.42385274
row_038189,0.02722587
row_016938,0.0009477071
row_045993,0.0002492967
row_033749,0.16895975
row_010943,0.47378832
row_003647,0.026569648
row_025626,0.33639997
row_008277,0.58500063
row_025427,0.0011182906
row_036141,0.06622309
row_045796,0.052085783
row_046832,0.0013897232
row_005670,0.0020645198
row_042691,0.08051908
row_018631,0.106874995
row_011229,0.01901025
row_040316,0.022168279
row_019714,0.0016678744
row_015594,0.18636529
row_039724,0.3837253
row_047763,0.030640721
row_030946,0.33428395
row_013265,0.065429
row_000979,0.21477376
row_040110,0.06576446
row_039968,0.12817986
row_001830,0.87147593
row_044761,0.011507514
row_025508,0.00219326
row_036787,0.12024231
row_007646,0.4886604
row_012530,0.04091943
row_017980,0.61403
row_039931,0.007061173
row_024931,0.9106996
row_038853,0.8584893
row_000363,0.008904842
row_007126,0.006524981
row_031090,0.00070653146
row_005745,0.12967464
row_000134,0.006457038
row_034732,0.18771783
row_040087,0.10265732
row_025868,0.9006761
row_046759,0.8127287
row_032108,0.020253409
row_037572,0.0033243468
row_027240,0.0032938702
row_015037,0.23310417
row_042532,0.6483022
row_018133,0.19783884
row_045243,0.114910774
row_027765,0.0190402
row_029448,0.012441355
row_008342,0.016944015
row_049084,0.01477718
row_003918,0.0057502463
row_007580,0.013264273
row_026741,0.00048370473
row_017011,0.99840206
row_037563,0.033444192
row_025762,0.0024236399
row_021661,0.015815986
row_029844,0.010187486
row_011314,0.03243725
row_006057,0.38368633
row_021019,0.0114340605
row_043076,0.05763526
row_027187,0.0004007589
row_036197,0.029464297
row_033818,0.017890891
row_035978,0.020983182
row_038656,0.7910602
row_031477,0.032692045
row_037216,0.012062851
row_031583,0.51504356
row_025382,0.00043973225
row_046148,0.13625424
row_021441,0.03719024
row_045987,0.66215247
row_009704,0.63544863
row_041519,0.037293848
row_048372,7.875635e-05
row_012932,0.083989516
row_000149,0.008474787
row_041594,0.04220281
row_032320,0.100068666
row_021312,0.016943062
row_035043,0.15187919
row_034243,0.00015078494
row_003180,0.904557
row_038521,0.89514875
row_002238,0.025123168
row_032394,0.48415914
row_046434,0.09212284
row_018397,0.011859153
row_027787,0.11006763
row_044531,0.14948486
row_013120,0.48054078
row_043534,0.8114218
row_041395,0.12286257
row_027178,0.11338327
row_001847,0.12603341
row_027797,0.069311015
row_013905,0.04195026
row_030343,0.000899389
row_033663,0.21911716
row_009949,0.00540428
row_006055,0.0020645414
row_022194,0.6113733
row_008809,0.008148506
row_013280,0.007143205
row_017001,0.02496427
row_034991,0.013775696
row_039896,0.46439245
row_007592,0.2878045
row_031645,0.3060786
row_036543,0.00032702263
row_027791,0.009376946
row_005543,0.0046797567
row_001297,0.12475705
row_042728,0.8590969
row_021490,0.002506275
row_027888,0.9615263
row_030482,0.0044620424
row_012708,0.27087688
row_037034,0.255912
row_016102,0.999954
row_042924,0.44571957
row_012578,0.63449484
row_002776,0.002012922
row_020935,0.9684921
row_021022,0.5285364
row_010182,0.014502243
row_014569,0.00426192
row_007508,0.03332898
row_040873,0.059363488
row_035159,0.00031199504
row_009231,0.909446
row_048334,0.064763755
row_039714,0.146795
row_004712,0.703572
row_011391,0.021004532
row_022766,0.10786655
row_015256,0.0234117
row_002501,0.17972629
row_007190,0.017225964
row_029093,0.0015185985
row_041268,0.06359114
row_029991,0.035858046
row_012245,0.0060042446
row_039666,0.99534804
row_047626,0.01633504
row_009205,0.068628326
row_048824,0.11029434
row_034638,0.34113756
row_036568,0.13208881
row_010282,0.023667948
row_038288,0.31759873
row_027159,0.08004017
row_027684,0.039117068
row_031064,0.00087564206
row_039746,0.30924097
row_010984,0.006454454
row_004567,0.050617177
row_046006,0.53903055
row_004795,0.74668056
row_005758,0.0045134546
row_032083,0.09792063
row_012244,0.41877243
row_028222,0.6869878
row_045508,0.0010138226
row_034897,0.13193913
row_022891,0.027266584
row_002393,0.014120967
row_009371,0.9957858
row_029272,0.0453319
row_011004,0.28106803
row_004364,0.033647366
row_026619,0.21616672
row_048721,0.08711463
row_018000,0.024629606
row_049681,0.002108342
row_035832,0.9798655
row_033353,0.0016458906
row_032064,0.012737546
row_040473,0.064863525
row_033954,0.004887409
row_014184,0.08591796
row_008261,0.40512237
row_030972,0.41701794
row_018258,0.044046417
row_000122,0.18083335
row_039841,0.5685695
row_024140,0.0034810167
row_004059,0.016119633
row_019871,0.01950779
row_004343,0.009750624
row_020795,0.14110616
row_018324,0.023177544
row_018744,0.095984206
row_007099,0.1338472
row_025769,0.0019275455
row_023278,0.035230733
row_000865,0.00883358
row_045134,0.00242639
row_037062,0.98972136
row_034251,0.0045020133
row_015554,0.8065252
row_028574,0.02212135
row_041127,0.0058327094
row_035536,0.20087871
row_015106,0.4822559
row_000019,0.0019012964
row_034001,0.037586674
row_009400,0.54630774
row_042125,0.0051483447
row_014126,0.0006488693
row_022874,0.0020215567
row_003099,0.23082386
row_042241,0.03310242
row_003591,0.057469085
row_038980,0.09315887
row_047972,0.0042889696
row_009390,0.0005488375
row_011648,0.026970807
row_004803,0.011643557
row_031207,0.17931855
row_023003,0.20268002
row_016096,0.15894674
row_013846,0.06728485
row_011596,0.14575802
row_023806,0.020415395
row_009157,0.058844563
row_032458,0.3455525
row_038518,0.12225735
row_031331,0.24626432
row_017091,0.5322263
row_009106,0.012465399
row_041540,0.038819365
row_022225,0.00077757455
row_036868,0.00041104833
row_008017,0.25706315
row_003291,0.060585883
row_037565,0.0050772135
row_032467,0.8901324
row_002192,0.49997562
row_007770,0.23362525
row_031175,0.025361007
row_038897,0.010868663
row_017553,7.074848e-05
row_048675,0.004114612
row_041969,0.07673553
row_017541,0.37673503
row_031386,0.0028427746
row_018128,0.13661057
row_024348,0.49273774
row_002634,0.018924229
row_036503,0.0078015397
row_024699,0.0030777436
row_041498,0.423278
row_031266,0.062641606
row_016800,0.20316157
row_023306,0.007790567
row_005776,0.0006261599
row_040738,0.009918248
row_021038,0.022012003
row_025499,0.01630309
row_012581,0.0023010822
row_025929,0.72601163
row_035172,0.02020883
row_031457,0.67206883
row_001224,0.025190068
row_032756,0.05389051
row_037218,0.010209772
row_010479,0.8675172
row_028400,0.10410334
row_042051,0.13996439
row_029283,0.0023787392
row_015578,0.009408181
row_007040,0.028470304
row_002688,0.00028352335
row_012948,0.010818663
row_033371,0.016669448
row_045064,0.04880054
row_026667,0.11234783
row_039611,0.015070937
row_021233,0.038871843
row_008160,0.24985263
row_048606,0.05123286
row_042647,0.031788703
row_011689,0.054452505
row_033450,0.0048766276
row_048898,0.0093621155
row_042074,0.07544504
row_014296,0.9963683
row_001641,0.9077802
row_018061,0.41516516
row_043243,0.039147682
row_043041,0.31806284
row_045066,0.051483963
row_031961,0.2065292
row_046190,0.115826614
row_010618,0.005356892
row_014237,0.02807097
row_019664,0.12364907
row_033424,0.0063991146
row_035448,0.2485063
row_006115,0.0069199614
row_043035,0.08246112
row_038203,0.0058318516
row_039651,0.0946652
row_027524,0.25746357
row_034182,0.006460242
row_045202,0.021723097
row_001229,0.016910441
row_006494,0.04099313
row_049468,0.030753503
row_017481,0.05395356
row_004646,0.5684015
row_013158,0.0058438126
row_010997,0.07724353
row_033288,0.14946163
row_020008,0.06833673
row_010687,0.0042970716
row_006987,0.0025107947
row_038416,0.8625207
row_009905,0.0007538498
row_038139,0.009404408
row_029071,0.034636922
row_012917,0.93800557
row_017564,0.27755585
row_004817,0.9714428
row_008247,0.032875184
row_010248,0.009509133
row_038858,0.9923847
row_031582,0.11371411
row_042392,0.0067140027
row_025766,0.043059126
row_013207,0.13696176
row_026880,0.004708965
row_005604,0.97121966
row_039298,0.10159053
row_016189,0.024720654
row_002148,0.07135208
row_002034,0.0026830288
row_032094,0.02015897
row_049538,0.013974622
row_012330,0.14379674
row_017526,0.99470925
row_009722,0.75953937
row_042535,0.05564459
row_044049,0.428404
row_042154,0.06543189
row_029746,0.020481182
row_046766,0.018906182
row_046359,0.016477948
row_049739,0.14768802
row_034636,0.0047264085
row_022178,0.009551687
row_020835,0.0052048205
row_008069,0.0012918113
row_005100,0.073488094
row_024402,0.14550671
row_035361,0.025920726
row_035818,0.2861725
row_007059,0.0073098987
row_004790,0.6122036
row_037687,0.9494444
row_014480,0.07584789
row_015067,0.029287705
row_031529,0.0013377647
row_047827,0.0059215436
row_029213,0.044636898
row_041167,0.055478163
row_036445,0.0045877188
row_013583,0.9652222
row_024275,0.18628386
row_031736,0.24368286
row_040914,0.3564543
row_028098,0.03314083
row_034583,0.009386226
row_005935,0.97336674
row_031560,0.022887146
row_037612,0.21207143
row_021314,0.35996512
row_031856,0.010893235
row_030789,0.00885073
row_028423,0.007260818
row_021386,0.004270559
row_043977,0.002216877
row_025271,0.069734275
row_002248,0.012633886
row_022819,0.0127198575
row_003189,0.00016803684
row_026076,0.315546
row_025316,0.92154735
row_016265,0.9959567
row_024125,0.78363264
row_048416,0.011042632
row_017754,0.0014719841
row_024176,0.0008583467
row_029655,0.55818576
row_002328,0.0073081586
row_037966,0.012591386
row_021743,0.18107711
row_046781,0.018591566
row_005379,0.24537872
row_024145,0.20469533
row_017782,0.24689944
row_029704,0.06429042
row_018094,0.022083525
row_040170,0.012363681
row_038967,0.015559949
row_009353,0.018648019
row_007765,0.10049957
row_045324,0.0027456866
row_026646,0.16497983
row_033645,0.080842786
row_031547,0.060295332
row_026310,0.44380376
row_001513,0.3319249
row_049412,0.0478978
row_029948,0.0032327764
row_003842,0.037426747
row_024059,0.0038645898
row_040272,0.0015085766
row_049741,0.96235543
row_032089,0.556062
row_018223,0.040854804
row_030501,0.0043911147
row_034293,0.54192954
row_039617,0.14857745
row_012765,0.003204923
row_024868,0.9841629
row_032441,0.10836921
row_011022,0.20976865
row_026832,0.020575128
row_035208,0.008530434
row_047063,0.8498079
row_033197,0.00020708959
row_030382,0.24244285
row_014085,0.00028901754
row_046494,0.07507146
row_015196,0.7851875
row_025650,0.03412651
row_010603,0.0104202945
row_008175,0.07191315
row_002754,0.042531144
row_024260,0.0022945614
row_030145,0.019446893
row_022907,0.0029380762
row_026231,0.48707736
row_026262,0.0065447097
row_032924,0.008591852
row_049582,0.01347761
row_008737,0.21131541
row_024638,0.2207449
row_030137,0.003144791
row_000548,0.32754236
row_049120,0.20531896
row_004856,0.03583514
row_048486,0.006070199
row_044614,0.04664134
row_047068,0.8157406
row_007928,0.060643185
row_021841,0.8238343
row_026886,0.7914271
row_041341,0.10592076
row_009436,0.011790165
row_049553,0.007830135
row_012777,0.029634912
row_006187,0.0002533638
row_001137,0.9918424
row_048030,0.765915
row_028603,0.80066365
row_009658,0.13632564
row_041644,0.017178077
row_041057,0.0719882
row_042077,0.32844472
row_044962,0.013304838
row_003799,0.24009535
row_040363,0.07659895
row_013466,0.62517583
row_047658,0.7908757
row_047812,0.00014318066
row_021799,0.015645837
row_022473,0.011640775
row_001994,0.6700889
row_046331,0.011093216
row_038485,0.13559765
row_011190,0.054194916
row_048041,0.014209696
row_019506,0.0076229735
row_003175,0.39165765
row_009863,0.0028811714
row_032148,0.99963844
row_024527,0.8451206
row_014419,0.9620333
row_015501,0.9956898
row_040422,0.8347851
row_037015,0.022954436
row_030012,0.25280988
row_011355,0.0020795767
row_031407,0.8193191
row_025311,0.0048079863
row_039459,0.0035606322
row_010873,0.001891609
row_049192,0.038049757
row_021210,0.003151595
row_045143,0.007205543
row_023502,0.055685174
row_021801,0.019412288
row_007716,0.009302262
row_040075,0.001798679
row_035911,0.008808286
row_036365,0.9962676
row_029916,0.02536946
row_024835,0.13465306
row_031224,0.0131295165
row_043195,0.002759153
row_034206,0.022860765
row_032162,0.93141854
row_011135,0.18575698
row_026976,0.059050035
row_006565,0.020460868
row_030302,0.20649949
row_031043,0.17845081
row_010490,0.67462415
row_024229,0.084428415
row_001478,0.16711617
row_002355,0.29110515
row_032065,0.00091905525
row_047083,0.031188149
row_028324,0.055890936
row_000910,0.9992943
row_016267,0.12338012
row_045494,0.0002487589
row_040333,0.13924772
row_037322,0.7435574
row_035743,0.02616219
row_017516,0.032072887
row_016244,0.01309736
row_047180,0.09607022
row_033290,0.27907595
row_037040,0.5412584
row_008941,0.22132526
row_003936,0.007935517
row_040502,0.07395181
row_017432,0.12605484
row_007438,0.48740396
row_032153,0.38816625
row_039476,0.0065213465
row_029873,0.8526413
row_043656,0.0006073224
row_028949,0.0005916063
row_037376,0.0016601266
row_005216,0.035887245
row_049206,0.05675613
row_004353,0.076784104
row_029734,0.016868994
row_037473,0.043916687
row_031962,0.8167664
row_011811,0.63989174
row_020685,0.4048495
row_033361,0.09262911
row_014243,0.0011509138
row_048230,0.037712704
row_014615,0.1653156
row_018741,0.3535419
row_007973,0.20375322
row_009166,0.114808366
row_000168,0.019059831
row_045699,0.018746002
row_025822,0.08889714
row_033398,0.027753325
row_031346,0.3937495
row_048820,0.07468877
row_020928,0.029968891
row_045071,0.2192328
row_047472,0.00082785386
row_042251,0.5975302
row_040997,0.7862796
row_005995,0.00022338888
row_027176,0.026414676
row_008274,0.0013069777
row_032736,0.49694568
row_023115,0.11853181
row_035658,0.6247217
row_006138,0.0009184018
row_019130,0.36047277
row_002670,0.2585777
row_006255,0.055228453
row_005651,0.092065856
row_043855,0.4899422
row_007423,0.002237259
row_015812,0.6389635
row_020155,0.0015251988
row_033097,0.017331017
row_015553,0.1765062
row_022704,0.82655734
row_003426,0.030217277
row_040870,0.010705741
row_018277,0.010472806
row_012800,0.0018622848
row_022376,0.9300109
row_020749,0.012537191
row_031281,0.03366339
row_006067,0.17385432
row_021638,0.9053401
row_018006,0.24494976
row_004970,0.4998763
row_030920,0.94569063
row_005158,0.14094579
row_018533,0.026570128
row_031675,0.2133031
row_045182,0.3708773
row_016486,0.010200163
row_027619,0.04488729
row_011940,0.0038355668
row_042795,0.5722775
row_002718,0.029207198
row_001909,0.0010296279
row_023271,0.3419179
row_000197,0.0003747624
row_029271,0.004554814
row_003093,4.8358415e-05
row_008884,0.057070218
row_036034,0.42335096
row_046581,0.23605356
row_049370,0.28592795
row_002929,0.67626816
row_024213,0.32989195
row_026438,0.0017776019
row_037866,0.0043408773
row_043730,0.03524818
row_017971,0.0013977241
row_029192,0.0024175523
row_031987,0.032075856
row_044627,0.14405729
row_001416,0.10051396
row_033596,0.99865496
row_043986,0.037459623
row_023233,0.9739697
row_025624,0.72890353
row_038402,0.25131097
row_039922,0.9540965
row_016911,0.3780475
row_006437,0.026899625
row_017788,0.30091178
row_000518,0.6557051
row_049258,0.20875281
row_026702,0.0002507415
row_036532,0.7435928
row_041475,0.20112866
row_017901,0.0037842568
row_005041,0.019572698
row_017480,0.03161532
row_010454,0.73804384
row_031554,0.0011805176
row_011551,0.06309458
row_023087,0.743197
row_017085,0.004284301
row_044985,0.016836908
row_049408,0.5014848
row_012875,0.00519009
row_003885,0.0017911821
row_025956,0.3855014
row_045329,0.6468001
row_022840,0.9719501
row_038293,0.111029826
row_038364,0.0046942285
row_039924,0.005751861
row_018092,0.22067107
row_047486,0.0441287
row_048318,0.5394331
row_035464,0.25320563
row_011393,0.0015132402
row_044376,0.9889094
row_006264,0.19781685
row_032892,0.11813927
row_019527,0.87619126
row_022161,0.033983674
row_017593,0.04819982
row_013059,0.0015920254
row_047037,0.003008804
row_033431,0.9856148
row_010242,0.00041800196
row_031348,0.019699773
row_043752,0.036978293
row_037028,0.013929068
row_046779,0.97504336
row_047488,0.906734
row_038067,0.5232641
row_025445,0.00084481906
row_043994,0.090798706
row_034065,0.9964947
row_037651,0.08392722
row_016351,0.42704183
row_036263,0.023174215
row_018233,0.08787219
row_023403,0.25651184
row_020605,0.8595616
row_048717,0.022401212
row_043740,0.01899864
row_043320,0.23204765
row_038274,0.008436181
row_009194,0.6344486
row_045462,0.9939268
row_007738,0.08722952
row_046763,0.010924316
row_036390,0.0011668263
row_041286,0.5176153
row_020952,0.25054324
row_013245,0.004542973
row_025075,0.1362577
row_026675,0.55795926
row_030484,0.014787817
row_011347,0.051420305
row_006986,0.07678381
row_020134,0.8230434
row_045693,0.003740273
row_030525,0.27953362
row_044383,0.090393886
row_047840,0.0021221207
row_009196,0.009876311
row_010005,0.35777524
row_001020,0.08545044
row_011535,0.1806817
row_020547,0.035182938
row_015806,0.035327345
row_039973,0.9999727
row_038932,0.57087344
row_006020,0.0017753738
row_003915,0.34585756
row_021113,0.00084434345
row_001214,0.028440617
row_032509,0.031642303
row_041833,0.029541632
row_031310,0.94449043
row_016857,0.0022886002
row_044818,0.71037585
row_027058,0.01703844
row_010782,0.02889181
row_041732,0.22253859
row_023867,0.00087765895
row_019249,0.004189863
row_036213,0.0003481786
row_017014,0.0016274329
row_033874,0.054428242
row_014033,0.00018246488
row_031934,0.013199778
row_039397,0.1112259
row_045829,0.00058697234
row_032888,0.008527168
row_025504,0.67051345
row_041872,0.0036073136
row_014131,0.1545296
row_017209,0.07440886
row_000531,0.007032526
row_008034,0.7295831
row_014236,0.11157905
row_034858,0.0052611046
row_025233,0.00020027166
row_044302,0.0039502573
row_018998,0.99987257
row_028258,0.9120036
row_008289,0.055361044
row_016164,0.8608994
row_003091,0.035153676
row_014390,0.00075291545
row_020763,0.35274342
row_025189,0.97703815
row_011346,0.00015843939
row_009713,0.5707364
row_023116,0.00077201054
row_032979,0.025218695
row_026942,0.06408252
row_046474,0.8495671
row_032613,0.0016245517
row_027128,0.07393905
row_016502,0.34784064
row_012065,0.07212602
row_021996,0.019564632
row_035290,0.75303257
row_037883,0.99819416
row_038301,0.6173615
row_016097,0.00070446
row_026952,0.29206362
row_005095,0.13996612
row_039530,0.001852464
row_036307,0.008155636
row_022783,0.17147152
row_018354,0.010487136
row_023427,0.11638799
row_001934,0.0009843473
row_036778,0.016450653
row_018318,0.010746254
row_001889,0.0032787542
row_046606,0.013350054
row_020394,0.35787454
row_001447,0.4610966
row_027377,0.033183753
row_031723,0.85971934
row_035531,0.005370079
row_048043,0.25140333
row_013932,0.05053923
row_046962,0.005589074
row_033893,0.07671548
row_048302,0.100581
row_007948,0.8663585
row_026905,0.9958917
row_014263,0.9487135
row_013431,0.00043617428
row_043264,0.041781537
row_013293,0.20552713
row_047398,0.83916926
row_003983,0.04215702
row_004130,0.01930016
row_019853,0.9152427
row_040436,0.24836008
row_000284,0.002148287
row_046748,0.015534733
row_001362,0.14440033
row_002037,0.43711725
row_012031,0.0057565994
row_021394,0.0003348709
row_045524,0.28695276
row_033847,0.07770735
row_022501,0.010389614
row_025338,0.029079076
row_004753,0.013983605
row_029667,0.4605045
row_017637,0.44421092
row_049674,0.25160617
row_042850,0.41681945
row_039886,0.04515074
row_036139,0.0075814305
row_033201,0.015919138
row_031762,0.029738246
row_044373,0.028712574
row_002783,0.032212835
row_030381,0.0014521319
row_005568,0.47210765
row_039772,0.00091543316
row_031377,0.09635414
row_024780,0.010865403
row_045130,0.00043108666
row_025680,0.45157564
row_028927,0.72919726
row_044684,0.0077020223
row_026921,0.15379426
row_020168,0.032314148
row_008231,0.15648921
row_044213,0.0014482774
row_042282,0.05718028
row_029946,0.9823893
row_036505,0.055370767
row_020160,0.0014719462
row_013864,0.7911623
row_013899,0.15162279
row_041537,0.11518064
row_007205,0.99350667
row_035126,0.007346021
row_004588,0.033767127
row_045702,0.20799455
row_014957,0.18773004
row_005404,0.25145456
row_024315,0.024349632
row_002841,0.6888774
row_018553,0.10777611
row_026612,0.021027809
row_033020,0.01897356
row_042373,0.9972082
row_046170,0.04333816
row_011082,0.27132854
row_042225,0.16587584
row_029066,0.9987489
row_042679,0.00017220632
row_006699,0.20067713
row_031836,0.406927
row_028633,0.036003087
row_001810,0.8502684
row_017075,0.09238912
row_036172,0.81179374
row_016236,0.04854799
row_046199,0.2834103
row_031568,0.025900537
row_009633,0.8678467
row_033924,0.02896228
row_020991,0.6157138
row_029151,0.055443812
row_029385,0.03616828
row_031617,0.008068766
row_039178,0.122567885
row_016091,0.021394754
row_040423,0.05868855
row_021712,0.9884792
row_022341,0.9986664
row_028132,0.24925081
row_035107,0.20040292
row_021961,0.2257837
row_013357,0.0445998
row_009367,0.4583592
row_035393,0.008017093
row_026569,0.12797335
row_041709,0.012357429
row_024552,0.83837473
row_039162,0.09456363
row_034538,0.010489967
row_021130,0.073832884
row_010442,0.621681
row_001411,0.29831854
row_026305,0.1355184
row_031362,0.007684727
row_002035,0.16509289
row_031541,0.0076352623
row_044044,0.02219564
row_049424,0.14238465
row_026087,0.03790843
row_016445,0.51242
row_024737,0.3375252
row_032843,0.01843611
row_022933,0.039581247
row_044927,0.017253965
row_026040,0.797218
row_042249,0.00013938731
row_032741,0.0015802785
row_019525,0.9892007
row_000608,0.8233065
row_012895,0.0122988345
row_049851,0.036658324
row_007665,0.07011621
row_031557,0.0009552162
row_008476,0.2801341
row_007519,0.000679586
row_021865,0.057995774
row_004049,0.0090638045
row_045732,0.12284697
row_044448,0.006553735
row_033993,0.56441545
row_018052,0.01683877
row_024721,0.15768282
row_006001,0.017640108
row_019590,0.03388981
row_019370,0.024361832
row_013535,0.20462503
row_022123,0.021137383
row_049841,0.11172212
row_011546,0.11458838
row_021720,0.0017766654
row_031134,0.33392775
row_043761,0.09153689
row_014827,0.16197748
row_006131,0.0040274863
row_014776,0.17351834
row_034402,0.09480754
row_000921,0.29611975
row_013369,0.040112413
row_006864,0.026263677
row_015722,0.0017076569
row_017241,0.01145745
row_026169,0.760653
row_046822,0.033404388
row_013563,0.001395614
row_027134,0.55621505
row_007643,0.0013845552
row_006201,0.20172301
row_031320,0.92361456
row_014865,0.069124974
row_045623,0.9972555
row_000730,0.014401038
row_024489,0.084578514
row_043057,0.8974626
row_038585,0.07376759
row_044077,0.22587672
row_021820,0.76013863
row_048293,0.005060236
row_012744,0.021125725
row_012886,0.0009440644
row_005854,0.11147622
row_015056,0.2635119
row_034367,0.0013451985
row_039061,0.0007221382
row_019492,0.43918163
row_022838,0.004597044
row_000716,0.54088366
row_016339,0.016348308
row_038894,0.103312
row_013072,0.04972496
row_033851,0.78712106
row_048111,0.2732526
row_003772,0.90781057
row_000133,0.058239292
row_018304,0.5775183
row_028484,0.7187617
row_015776,0.17194073
row_004322,0.062032364
row_008523,0.010382463
row_020697,0.3671846
row_002101,0.31171176
row_011329,0.14194307
row_041444,0.025921931
row_001065,0.53215873
row_027100,0.011171419
row_010280,0.7598162
row_029637,0.0016542414
row_037250,0.093212835
row_030881,0.01649195
row_000748,0.0074615227
row_013087,0.5472328
row_032584,0.088497974
row_049561,0.9009454
row_006596,0.044566743
row_029164,0.9523215
row_043392,0.0013883171
row_040554,0.6524832
row_001332,0.04080549
row_042101,0.09331418
row_019405,0.0076632304
row_021154,0.521603
row_045690,0.9973248
row_016853,0.0067329053
row_036886,0.20911963
row_024236,0.037041675
row_040522,0.032745913
row_038571,0.0008557579
row_025389,0.83619535
row_034095,0.08939396
row_008484,0.30259308
row_009029,0.54936886
row_044827,0.00076486
row_018210,0.0069812513
row_014508,0.047930524
row_017946,0.9966149
row_004455,0.31245264
row_046659,0.18862885
row_047906,0.122087546
row_030588,0.48183042
row_027600,0.8950942
row_022196,0.30062807
row_028144,0.8248563
row_001594,0.13682272
row_011729,0.13653949
row_029836,0.1439645
row_017112,0.008833659
row_001140,0.03315192
row_016350,0.1622224
row_002703,0.013369801
row_038480,0.0027029174
row_033696,0.65341
row_007627,0.5802501
row_009745,0.27386186
row_027821,0.15436321
row_043026,0.13809648
row_046588,0.46903357
row_017947,0.0034593246
row_033559,0.0029402478
row_027602,0.0015496262
row_035591,0.0001932104
row_039683,0.0061720917
row_016042,0.37503755
row_022343,0.6113283
row_038744,0.37515438
row_033998,0.0056566945
row_036899,0.016213898
row_048598,0.03413801
row_037777,0.00053968484
row_036216,0.0523612
row_027585,0.010092373
row_041468,0.0065311817
row_000906,0.014860215
row_015856,0.5783699
row_033073,0.4699781
row_021554,0.02306193
row_039800,0.7036694
row_048466,0.00039306868
row_038286,0.051258862
row_024741,0.045727786
row_021888,0.0121175945
row_043967,0.11814403
row_025907,0.0031022145
row_030419,0.013491928
row_008583,0.25824118
row_046068,0.046242077
row_038674,0.00034571512
row_038972,0.039522514
row_012517,0.48628664
row_003037,0.17191415
row_048725,0.045173
row_029064,0.005695979
row_045010,0.09769417
row_026283,0.53316265
row_031011,0.011031187
row_042514,0.90016305
row_001725,0.028306827
row_018790,0.3060514
row_037038,0.28247696
row_025205,0.008990997
row_012846,0.0031474181
row_036385,0.33061942
row_025901,0.9994461
row_002032,0.9715574
row_003552,0.00043772502
row_015540,0.73181504
row_033017,0.029611576
row_018036,0.9720586
row_005508,0.22282542
row_044261,0.062273137
row_012705,0.0414388
row_025969,0.5823663
row_046452,0.00067918753
row_003991,0.005112036
row_030456,0.237108
row_015901,0.056777477
row_042685,0.068012744
row_012164,0.0028333259
row_032127,0.004722449
row_046380,0.8028838
row_031813,0.0010916304
row_044496,0.002557003
row_042671,0.000817971
row_011372,0.043108735
row_035166,0.6732562
row_040377,0.024756616
row_017835,0.040986467
row_046756,0.0024498808
row_001952,0.025547983
row_009627,0.46042404
row_025806,0.0042341882
row_047510,0.017217739
row_037337,0.079775155
row_015176,0.11704082
row_028112,0.065387756
row_041580,0.040838104
row_045712,0.00060065056
row_031178,0.016047712
row_036609,0.17080209
row_041470,0.3756688
row_015630,0.053540204
row_017578,0.9816289
row_005905,0.053883
row_043583,0.24295837
row_022637,0.07160499
row_022363,0.02973123
row_034630,0.08660311
row_023824,0.17203467
row_025431,0.00058243267
row_015532,0.10116437
row_018220,0.025793646
row_038359,0.57852143
row_024973,0.00835263
row_011255,0.26315355
row_043523,0.0023188067
row_034166,0.041427348
row_041078,0.008293892
row_005144,0.006140891
row_041755,0.01786108
row_029078,0.0012417489
row_018660,0.061074108
row_048608,0.52730507
row_019701,0.974398
row_027843,0.021474956
row_022176,0.018050462
row_018099,0.18294828
row_013095,0.0097331945
row_024422,0.86741424
row_006795,0.51056224
row_013064,0.9159816
row_042934,0.079527095
row_014103,0.39400414
row_046225,0.0985763
row_027764,0.0067897867
row_037389,0.040140763
row_035511,0.16345823
row_032174,0.5209809
row_022521,0.96230686
row_042496,3.766345e-05
row_027308,0.1364389
row_027599,0.4431812
row_032512,0.0002410098
row_048693,0.23771046
row_012723,0.9392507
row_017365,0.0006019346
row_002998,0.38765574
row_045646,0.9374721
row_011055,0.4958281
row_046091,0.038154494
row_021245,0.021992562
row_027061,0.7163968
row_024390,0.0031904017
row_027855,0.35364154
row_032896,0.29679132
row_010700,0.6948653
row_005834,0.050085668
row_024747,0.0006208784
row_040737,0.023544876
row_037126,0.20376652
row_021998,0.8391366
row_043708,0.15489392
row_033054,0.07904593
row_031569,0.16829488
row_040960,0.6115492
row_024724,0.06754094
row_045567,0.023544583
row_040242,0.018342366
row_032271,0.0017628202
row_015948,0.0023535453
row_004372,0.0041238824
row_005412,0.085286215
row_000472,0.19977759
row_026634,0.002099909
row_037175,0.0034371042
row_025016,0.0029287306
row_019680,0.033032294
row_018431,0.034414936
row_021015,0.010971037
row_006489,0.00014471603
row_024261,0.0020708938
row_016335,0.99755377
row_033772,0.69660383
row_032969,0.019873662
row_041142,0.40892634
row_029050,0.023220781
row_025646,0.9999387
row_034393,0.23973484
row_008065,0.10812898
row_026668,0.01753089
row_018454,0.9923045
row_002057,0.8321799
row_024147,0.009900377
row_021656,0.0014333964
row_002188,0.8959241
row_026172,0.24804382
row_012444,0.73978585
row_032535,0.010217972
row_029375,0.0008431403
row_025059,0.0002165843
row_037697,0.012676039
row_031121,0.36490935
row_013084,0.9735246
row_016812,0.40733957
row_000808,0.1391291
row_025388,0.62906283
row_030563,0.059624784
row_015950,0.04238537
row_035916,0.0021637813
row_048650,0.02656847
row_036767,0.9835321
row_003172,0.25251445
row_012522,0.0027372218
row_032409,0.09328067
row_043496,0.6838053
row_023736,0.0054453225
row_018788,0.8469719
row_007698,0.013394154
row_011865,0.001287319
row_018310,0.0024301845
row_034871,0.0128653515
row_016985,0.0017947314
row_015985,0.011483104
row_001804,0.0034298857
row_036755,0.8678891
row_023556,0.0051301597
row_020130,0.0021835964
row_025746,0.06729084
row_002047,0.0060422732
row_009604,0.17140427
row_009401,0.010018814
row_043830,0.07885208
row_007128,0.034558825
row_026874,0.032635905
row_033932,0.32835034
row_030983,0.6350124
row_020924,0.0014984116
row_039053,0.004343485
row_003119,0.06915948
row_033021,0.0073104943
row_026290,0.019078901
row_040520,0.39167783
row_044150,0.025649402
row_045251,0.008610104
row_044503,0.23607622
row_049635,0.0007039288
row_040335,0.018692391
row_012665,0.007357446
row_023997,0.069384366
row_006371,0.00084334356
row_013027,0.9492361
row_025351,0.061239425
row_008668,0.06877458
row_032250,0.1750097
row_042588,0.9475926
row_009040,0.01844579
row_010736,0.8271887
row_028523,0.028858267
row_024358,0.0076264082
row_022181,0.5781432
row_020910,0.27270415
row_000438,0.08160539
row_022576,0.70086014
row_006656,0.19895403
row_030532,0.06109351
row_018102,0.13731873
row_043531,0.0806752
row_020275,0.08366295
row_041927,0.002711119
row_009922,0.9912334
row_025347,0.0008515644
row_026557,0.107447855
row_002614,0.07380361
row_044544,0.07687799
row_023146,0.1784895
row_012940,0.0029216683
row_022544,0.01838184
row_005302,0.006129218
row_018755,0.18443282
row_012013,0.0020914625
row_028587,0.0035295645
row_011771,0.24379818
row_030097,0.896175
row_024060,0.023605257
row_007079,0.022422243
row_045001,0.0019995845
row_023690,0.058874287
row_045565,0.47009704
row_001199,0.04045782
row_039305,0.011325873
row_017914,0.13670264
row_033482,0.8896044
row_009496,0.98117816
row_031234,0.1268284
row_007974,5.2497453e-05
row_020687,0.1901055
row_047040,0.5457721
row_005433,0.0057865772
row_032143,0.17762208
row_039089,0.7247969
row_015788,0.03114937
row_015298,0.011144561
row_003349,0.12890828
row_023786,0.033867985
row_000917,0.27113894
row_005467,0.016088806
row_005936,0.2629682
row_037623,0.011001065
row_007179,0.0698556
row_019221,0.011463381
row_028980,0.0025215142
row_028051,0.07320149
row_023431,0.09996228
row_001958,0.02433919
row_001471,0.167715
row_030637,0.03449557
row_036078,0.14050509
row_013300,0.0019086646
row_031741,0.0169832
row_036835,0.0070316806
row_023454,0.0006769158
row_030158,0.473176
row_035135,0.024029762
row_000790,0.9140948
row_017751,0.0054175626
row_036654,0.03222153
row_012046,0.07320476
row_030118,0.028869258
row_005724,0.11573944
row_042287,0.040769156
row_049483,0.02616063
row_008495,0.012534482
row_024946,0.0044932705
row_038688,0.06405065
row_034227,0.10086333
row_039105,0.625747
row_031700,0.12868376
row_002038,0.02086018
row_013669,0.0048514167
row_022504,0.013720668
row_024234,0.035582535
row_028642,0.06698328
row_041110,0.41289213
row_020032,0.9703662
row_035991,0.66899526
row_031434,0.16871509
row_003485,0.007030016
row_008771,0.006463585
row_026390,0.44292808
row_001868,0.025191795
row_008664,0.637408
row_013330,0.17479287
row_044438,0.01855717
row_043995,0.004968194
row_008312,0.14951937
row_027081,0.013960554
row_028553,0.2887151
row_022476,0.6846615
row_021281,0.00025343505
row_028261,0.28331503
row_034788,0.62564564
row_027292,0.9055211
row_028235,0.007916795
row_036138,0.0011003012
row_025021,0.9927208
row_004919,0.02986147
row_045708,0.013113956
row_048516,0.64244014
row_013565,0.05801581
row_009710,0.9281638
row_028266,0.3935627
row_034145,0.043615673
row_019649,0.007847869
row_031859,0.037585896
row_011587,0.42826045
row_045301,0.065372564
row_027674,0.0012334244
row_027009,0.018068673
row_000082,0.0041386723
row_016727,0.008349827
row_049387,0.027674435
row_048162,0.08090164
row_025524,0.04689104
row_020712,0.16216736
row_043687,0.010473084
row_004913,0.0377858
row_005076,0.016077215
row_018447,0.01022143
row_034782,0.010778195
row_008100,0.33455944
row_026993,0.042414624
row_017505,0.3400816
row_001086,0.22060724
row_000127,0.33247468
row_025914,0.0088839
row_043364,0.2785281
row_033777,0.00067533937
row_028909,0.41314128
row_010871,0.7678485
row_048924,0.612001
row_023429,0.0009929872
row_049490,0.23458478
row_005597,0.009228242
row_040931,0.16791157
row_039294,0.17212541
row_027668,0.09012599
row_042162,0.71902037
row_039420,0.2960759
row_014657,0.59492946
row_034444,0.003664807
row_006157,0.01602156
row_048706,0.36746955
row_006394,0.004405886
row_024241,0.47301313
row_041559,0.16414118
row_007207,0.020479146
row_009234,0.14751394
row_041111,0.040048715
row_016048,0.0018295697
row_025385,0.62648904
row_022428,0.9203351
row_049873,0.032722253
row_030488,0.0055786446
row_008749,0.0016780611
row_010084,0.019044872
row_014016,0.17054226
row_027739,0.0027383924
row_046849,0.01717229
row_016269,0.8638657
row_007151,0.300976
row_007061,0.95002085
row_006251,0.04393276
row_004955,0.0028369562
row_032462,0.02083477
row_007381,0.014222934
row_036528,0.10691292
row_029014,0.00851917
row_026682,0.0016212096
row_036907,0.0024217397
row_029744,0.9934449
row_039964,0.28663215
row_049621,0.1502261
row_041531,0.0039656553
row_022103,0.000379672
row_004852,0.0022852055
row_019465,0.99997175
row_021593,0.11080331
row_028227,8.091916e-05
row_010556,0.06699337
row_004438,0.9524105
row_011678,0.045557767
row_038832,0.7142167
row_045204,0.007617273
row_036135,0.12912868
row_011559,0.94710624
row_029776,0.0034614818
row_005497,0.006524205
row_047974,0.1412151
row_009838,0.00011028353
row_041150,0.32273498
row_003764,0.028600512
row_010587,0.04442126
row_019909,0.020914238
row_026351,0.09267579
row_043417,0.0018563714
row_018066,0.40619108
row_015878,0.0121488115
row_049690,0.02757534
row_008284,0.09138977
row_041530,0.87481534
row_029096,0.01956606
row_014923,0.009046599
row_009103,0.04496035
row_019273,0.0022259525
row_046864,0.2770533
row_030554,0.020363284
row_018640,0.0016255707
row_011120,0.53888375
row_022954,0.13786627
row_007589,0.99548846
row_024431,0.016941132
row_038262,0.08706201
row_025197,0.3664272
row_042524,0.031054065
row_042239,0.024457527
row_035653,0.011816873
row_039890,0.035108935
row_014477,0.025903966
row_032559,0.9752348
row_005485,0.7811175
row_047463,0.10245045
row_035751,0.17713867
row_022327,0.1650312
row_010970,0.99586856
row_017380,0.01433381
row_028430,0.0056644427
row_038681,0.02288986
row_045681,0.9687964
row_011756,0.001998417
row_028291,0.7810772
row_023568,0.18773296
row_010828,0.19854733
row_045799,0.06741931
row_036214,0.06942458
row_036553,0.004456712
row_049778,0.3761896
row_033935,0.9636758
row_037132,0.03774197
row_027027,0.0041665076
row_045808,0.97065026
row_044006,0.5443087
row_047560,0.00044096276
row_028120,0.012244684
row_012018,0.22492065
row_000014,0.019812843
row_001650,0.15279259
row_007551,0.13627194
row_028267,0.012648956
row_001524,0.0033018242
row_017551,0.08059247
row_032539,0.112947874
row_012959,0.024882624
row_004075,0.006915162
row_012863,0.42437866
row_009249,0.00029573374
row_011428,0.00013758022
row_043820,0.0009853678
row_016446,0.0036020812
row_040581,0.020467997
row_007370,0.008553023
row_031764,0.16092996
row_020104,0.00017768871
row_002965,0.14966555
row_024505,0.9764653
row_043910,0.004450737
row_033496,0.12601233
row_020416,0.031472217
row_048282,0.38737085
row_010221,0.44098523
row_010804,0.068521
row_022525,0.0019650615
row_045779,0.17651471
row_008839,0.014285714
row_013200,0.16451001
row_013769,0.005728237
row_024064,0.0056330017
row_045282,0.011513406
row_030246,0.029520089
row_041398,0.019793507
row_015059,0.5023953
row_024817,0.9770471
row_008132,0.24605438
row_049158,0.9999552
row_035076,0.014614997
row_039434,0.0014999949
row_040567,0.0032902244
row_010423,0.27755538
row_034628,0.13268448
row_042368,0.35687372
row_002926,0.96355945
row_013349,0.05329483
row_041314,0.96006364
row_029421,0.0010393788
row_009176,0.008022935
row_021405,0.09664681
row_011645,0.008661955
row_040716,0.09333762
row_035052,0.032713026
row_024451,0.9537978
row_039818,0.18549438
row_020761,0.12881774
row_015679,0.00036355125
row_021470,0.012849599
row_044420,0.12646002
row_001595,0.14400126
row_025690,0.040254418
row_019120,0.0061869444
row_039220,0.041323245
row_022045,0.19895889
row_011848,0.011005772
row_047882,0.018121116
row_029133,0.35158297
row_040657,0.01942605
row_011792,0.00050137134
row_018991,0.005068525
row_013435,0.2995456
row_037135,0.045086898
row_001861,0.49290776
row_014262,0.62215495
row_019661,0.015554055
row_002380,0.032213524
row_006247,0.21167079
row_015873,0.014160173
row_040766,0.0041460665
row_023795,0.00021505683
row_014651,0.0011508984
row_002602,0.022795651
row_041541,0.001861808
row_006740,0.9225538
row_006120,0.39642945
row_043756,0.025114134
row_008464,0.016774876
row_045539,0.011451164
row_029979,0.0059041996
row_028502,0.0011098207
row_045649,0.21805142
row_045151,0.051044326
row_046424,0.039051063
row_023216,0.0077959797
row_013415,0.0098422235
row_015297,0.16042829
row_005874,0.0017983632
row_003737,0.7131045
row_002666,0.1148059
row_015221,0.09590348
row_046510,0.89289933
row_041259,0.9095759
row_014670,0.41268018
row_018983,0.8197846
row_016583,0.008748233
row_032922,0.0031163385
row_024888,0.089728564
row_046600,0.062947474
row_034294,0.9968645
row_040749,0.19253209
row_000948,0.03195037
row_004028,5.6654666e-05
row_012129,0.023781458
row_005058,0.0020311775
row_032141,0.010434116
row_038812,0.027824108
row_014305,0.85922134
row_029160,0.018879661
row_037591,0.78045607
row_013354,0.3742186
row_036710,0.0036800227
row_015918,0.04142165
row_009105,0.013837017
row_011730,0.9964329
row_024697,0.4216999
row_003135,0.22306995
row_026603,0.13742729
row_003528,0.27421212
row_006068,0.130176
row_007946,0.00058248156
row_000643,0.013355468
row_003441,0.73440325
row_036250,0.008809985
row_037162,0.08354447
row_014829,0.020644827
row_048873,0.01046592
row_028159,0.013696227
row_004959,0.013014247
row_012428,0.0026044175
row_000079,0.033181306
row_003372,0.07455477
row_043444,0.088408634
row_000274,0.6100669
row_012805,0.009687585
row_005569,0.43686417
row_022269,0.018084507
row_043537,0.0045194086
row_007822,0.041894574
row_013755,0.066012986
row_025628,0.36500928
row_000389,0.077874154
row_006917,0.5561811
row_042247,0.82976294
row_003288,0.0018364395
row_005278,0.66647196
row_020259,0.015123262
row_013520,0.88009393
row_000486,0.01830174
row_014469,0.0005452961
row_006301,0.003029864
row_039553,0.1691834
row_046644,0.15160434
row_025175,0.38785604
row_028047,0.9704852
row_018733,0.0010651437
row_017643,0.3021908
row_043498,0.838743
row_008773,0.09389934
row_006185,0.34638497
row_010163,0.0030607108
row_036945,0.082439385
row_007918,0.9949517
row_011250,0.0020061573
row_040775,0.9075383
row_042879,0.0011848841
row_008170,0.097347006
row_037737,0.0037934321
row_004129,0.1133961
row_023810,0.0013443539
row_022218,0.07172449
row_030041,0.19025792
row_042320,0.003770791
row_043328,0.13188602
row_017856,0.029555548
row_033667,0.7902247
row_003646,0.00019645163
row_030914,0.009352307
row_023597,0.0659611
row_010885,0.059871387
row_042136,0.004527041
row_028847,0.008748485
row_046760,0.0956448
row_046469,0.006912177
row_040605,0.9989942
row_009437,0.007893758
row_027280,0.0005000341
row_039713,0.011704543
row_034072,0.10954522
row_029087,0.01661554
row_035921,0.033081464
row_041995,0.0015788812
row_024875,0.06355908
row_022715,0.01789535
row_031479,0.002440181
row_024419,0.1723814
row_020376,0.058258075
row_042849,0.9107099
row_006479,0.0012977306
row_038240,0.047935575
row_014476,0.021266548
row_008835,0.0023617484
row_021465,0.005850479
row_031845,0.8678189
row_039291,0.022926822
row_008630,0.9592483
row_023200,0.9725779
row_032957,0.019202039
row_028835,0.4119256
row_040278,0.002003934
row_047719,0.07270279
row_003696,0.8989687
row_004281,0.0018810593
row_001993,0.014526587
row_033852,0.026517801
row_027662,0.023758989
row_014484,0.004138405
row_013823,0.099395745
row_048631,0.3470588
row_032898,0.00040089953
row_034007,0.87025344
row_008022,0.078994825
row_043767,0.00032607774
row_035385,0.0850443
row_031884,0.7601967
row_002241,0.5975706
row_035461,0.28172943
row_007144,0.74250025
row_043088,0.018197086
row_013417,0.024196012
row_020090,0.001771091
row_004287,0.1056629
row_028860,0.103443615
row_022886,0.22962467
row_031720,0.0032712065
row_003390,0.37529206
row_029999,0.9237527
row_033508,0.7982579
row_021385,0.016312009
row_043921,0.05256477
row_006799,0.003171994
row_043383,0.047498513
row_037624,0.07707249
row_022127,0.062432602
row_041577,0.65632856
row_030367,0.0012313642
row_005939,0.001037179
row_043166,0.13435821
row_009934,0.0004576253
row_031854,0.9757631
row_001737,0.19479373
row_004721,0.012027359
row_016173,0.0066152643
row_043804,0.05532909
row_036345,0.2150877
row_021678,0.015859153
row_014287,0.012117412
row_009091,0.9363316
row_024387,0.010294217
row_001040,0.0023664087
row_030305,0.21978177
row_025748,0.00024245027
row_006080,0.00050938176
row_035518,0.39222157
row_045029,0.99022305
row_015446,0.02430085
row_015307,0.28647047
row_009302,0.9998211
row_037227,0.16053146
row_034505,0.34543148
row_031440,0.098961614
row_018942,0.47502398
row_049997,0.0013336514
row_020608,0.19226964
row_037500,0.08139827
row_025592,0.9836848
row_035013,0.116260976
row_019875,0.05672645
row_041120,0.848545
row_028620,0.88581866
row_002817,0.0057586436
row_021137,0.9646348
row_040829,0.0049651586
row_017968,0.034230396
row_028548,0.09038957
row_010816,0.0042271935
row_002592,0.4083782
row_013945,0.001496406
row_024494,0.05447144
row_007707,0.01878248
row_044998,0.1037626
row_036726,0.17517106
row_002619,0.035350915
row_013375,0.33411548
row_011203,0.49842733
row_009325,0.012687561
row_041894,0.13219479
row_033763,0.06133134
row_047474,0.0058365925
row_024102,0.008383556
row_030469,0.9572653
row_044455,0.07042899
row_027857,0.33837909
row_025381,0.0013259755
row_015527,0.14549862
row_009551,0.9032044
row_046348,0.65951043
row_020793,0.0014374609
row_007994,0.0909136
row_000794,0.14655147
row_005215,0.021902304
row_044317,0.36828724
row_018149,0.4641246
row_034506,0.021663629
row_033976,0.08209479
row_035555,0.07075937
row_020610,0.0032447155
row_022913,0.044058107
row_042861,0.013268399
row_002832,0.0125328535
row_043527,0.92632496
row_043329,0.088990375
row_037006,0.031215873
row_002145,0.054275952
row_019783,0.90578276
row_001275,0.011390469
row_049805,0.0010361173
row_023833,0.8590247
row_002039,0.9900011
row_007259,0.048036084
row_042001,0.8910065
row_009495,0.12059707
row_027459,0.0014897054
row_004928,0.016028667
row_016107,0.019670658
row_040804,0.004771197
row_002582,0.35534737
row_002357,0.078404725
row_040227,0.040366657
row_019296,0.09023914
row_022073,0.034759752
row_018712,0.0009397402
row_024084,0.026758624
row_000400,0.04065033
row_042690,0.99303174
row_034014,0.44646415
row_022666,0.0055304863
row_010602,0.016189834
row_009128,0.38534692
row_041923,0.98415715
row_044640,0.0410839
row_009690,0.026596874
row_004293,0.036339454
row_031254,0.022476295
row_027615,0.9897279
row_047414,0.9984849
row_040433,0.114267305
row_009359,0.0011023822
row_041670,0.0018982856
row_007804,0.00043155352
row_038902,0.49138188
row_006026,0.08718968
row_003304,0.0005267223
row_006161,0.9188848
row_005389,0.71439165
row_014266,0.04078296
row_002842,0.0038900159
row_031750,0.14157829
row_001935,0.70552343
row_018281,0.9823615
row_024786,0.049940612
row_029665,0.016201032
row_019248,0.0025109355
row_009595,0.022843728
row_033628,0.009132457
row_014759,0.30452958
row_004625,0.007060365
row_022399,0.94227153
row_046593,0.0007191192
row_017994,0.042534046
row_015522,0.078870304
row_030317,0.012881144
row_012977,0.7251418
row_015868,0.00029267665
row_018093,0.0032516846
row_047590,0.00043626243
row_034415,0.0049622003
row_004213,0.010760989
row_037195,0.9417448
row_038306,0.49359712
row_016037,0.99001515
row_017311,0.03318251
row_006770,0.81508243
row_007614,0.035050966
row_016108,0.014830289
row_014703,0.041881952
row_036917,0.93448645
row_003578,0.06441209
row_009724,0.15585029
row_025294,0.0023274259
row_037323,0.008906765
row_028313,0.0026313185
row_014357,0.54517984
row_044740,0.049477194
row_030760,0.0027164551
row_039869,0.0655363
row_004219,0.40226427
row_048419,0.036634933
row_035304,0.0029946293
row_049311,0.107819885
row_026501,0.83674014
row_027768,0.00025860264
row_031997,0.0010086625
row_021642,0.8871039
row_020284,0.16708833
row_019924,0.021748612
row_049807,0.008521619
row_041707,0.30147034
row_042266,0.011661323
row_025172,0.12296256
row_009738,0.00699597
row_035607,0.006524678
row_048709,0.021608891
row_039620,0.03713046
row_027943,0.56462145
row_038165,0.3195723
row_024161,0.0028588343
row_027242,0.04566332
row_012861,0.007619353
row_003516,0.0061751637
row_004361,0.7337305
row_019077,0.07000243
row_049911,0.009813269
row_037583,0.020594252
row_023807,0.45764494
row_004949,0.44111824
row_034869,0.65417695
row_045319,0.043045286
row_024468,0.0032062042
row_045445,0.019440401
row_037547,0.7243319
row_027054,0.124056645
row_013382,0.105243176
row_023987,0.0020204093
row_003153,0.008308326
row_026543,0.021935416
row_008810,0.89638823
row_034365,0.16671185
row_038382,0.01377804
row_015757,0.013368846
row_037581,0.6426923
row_036210,0.52799606
row_033344,0.0033524206
row_038498,0.6635836
row_031901,0.556714
row_042694,0.9883384
row_024078,0.44933274
row_004402,0.22286902
row_028995,0.70839655
row_003043,0.011207954
row_037432,0.33367908
row_015170,0.9710352
row_018062,0.00046560593
row_014127,0.2332983
row_012311,0.055951472
row_032859,0.99969995
row_006119,0.6752425
row_008117,0.19754443
row_011048,0.17430289
row_012835,0.05993175
row_006614,0.017537823
row_019429,0.006659401
row_034613,0.39827728
row_042943,0.017705787
row_003017,0.002149519
row_023622,0.04191566
row_010048,0.06755798
row_014113,0.1141814
row_048430,0.8372593
row_023360,0.051501673
row_020933,0.00416908
row_001165,0.39686805
row_048883,0.0043325364
row_023097,0.002250911
row_038489,0.9929368
row_047524,0.027100189
row_019177,0.030062154
row_027587,0.10384157
row_027714,0.0035946118
row_017661,0.04105622
row_023849,0.9993248
row_019327,0.005474732
row_029656,0.9801348
row_045249,0.06448056
row_039049,0.015012718
row_017416,0.053834643
row_014219,0.02491406
row_033521,0.42762977
row_045035,0.3985272
row_011358,0.115616806
row_033365,0.33809757
row_037438,0.005973123
row_006922,0.010877299
row_037099,0.01737822
row_028184,0.014732483
row_001907,0.85233885
row_029886,0.8982184
row_049784,0.016906114
row_049003,0.02176074
row_004359,0.0059520225
row_016410,0.00037791
row_006274,0.094751924
row_045457,0.060675442
row_002981,0.07290767
row_026436,0.45664296
row_029511,0.81516206
row_037139,0.1716761
row_036702,0.15904164
row_032522,0.013347203
row_049632,0.7037566
row_008943,0.021476122
row_031119,0.0024699278
row_038552,0.008728176
row_007903,0.0663894
row_021529,0.2736768
row_023993,0.008408643
row_030397,0.9923481
row_004981,0.0054839146
row_042750,0.13387004
row_017319,0.029966464
row_036470,0.0023696823
row_017103,0.01539205
row_032602,0.001775548
row_017385,0.0009794491
row_019374,0.08399914
row_029614,0.7971883
row_009346,0.07245399
row_025174,0.8944123
row_008430,0.7545885
row_008600,0.06814826
row_004839,0.3506664
row_023022,0.19436494
row_026333,0.0083190985
row_037027,0.19108413
row_049789,0.011270494
row_044325,0.0010935575
row_009742,0.00022662747
row_033379,0.77232826
row_011871,0.695464
row_043540,0.010729816
row_023064,0.1492641
row_000405,0.96919113
row_014465,0.6800517
row_047275,0.99887806
row_008407,0.08514747
row_000723,0.06953994
row_034783,0.8394122
row_021064,0.12649077
row_012557,0.58689374
row_001100,0.055044983
row_002780,0.0011910452
row_012649,0.039122023
row_021261,0.008974523
row_007654,0.96217453
row_043988,0.12703106
row_005230,0.8021981
row_043267,0.0036771968
row_024966,0.29580098
row_022810,0.018598087
row_009811,0.10730967
row_015936,0.03659433
row_017607,0.0053536207
row_023107,0.017962383
row_000068,0.0008476332
row_044703,0.01449276
row_018813,0.23458286
row_014727,0.09674685
row_032020,0.31669128
row_023161,0.42216527
row_047924,0.023741709
row_040703,0.9164524
row_014933,0.6553934
row_035313,0.061547536
row_024355,0.010859255
row_027859,0.8512719
row_014366,0.031503547
row_035811,0.90897346
row_028255,0.08413952
row_025327,0.060999285
row_034349,0.0009037692
row_028245,0.13181572
row_022652,0.037113782
row_014238,0.3568527
row_043779,0.00031138316
row_012077,0.0035381936
row_007883,0.0238838
row_042796,0.0044290447
row_007718,0.71646065
row_000873,0.1946416
row_013551,0.028340444
row_046017,0.13517855
row_024028,0.092730895
row_044650,0.042198457
row_036695,0.03963176
row_023187,0.042137902
row_043744,0.001014961
row_022922,0.9598893
row_011789,0.66628784
row_002361,0.6668617
row_021427,0.019392293
row_031072,0.008240493
row_036898,0.027896676
row_004170,0.10101107
row_046302,0.018335203
row_004001,0.055346765
row_013982,0.004235479
row_020962,0.44148886
row_044737,0.5717658
row_002846,0.37768272
row_001113,0.12015086
row_012640,0.014507744
row_014363,0.8672132
row_038587,0.19291088
row_029588,0.1269681
row_029778,0.00296893
row_026471,0.4388958
row_039623,0.47765666
row_037001,0.0057853293
row_040800,0.0021837146
row_033624,0.43510643
row_048613,0.9502691
row_029494,0.0074592344
row_016378,0.70974696
row_042253,0.50627434
row_024087,0.017268417
row_029321,0.197243
row_004157,0.010481783
row_044426,0.013118721
row_047149,0.9966785
row_039075,0.010130072
row_036147,0.0016108213
row_037545,0.061201353
row_042285,0.1537459
row_014956,0.031547755
row_003653,0.022182517
row_000011,0.0011660564
row_033169,0.032753214
row_014894,0.0012098881
row_043450,0.06008606
row_013784,0.305997
row_015245,0.010049731
row_039791,0.017756663
row_036473,0.0029611783
row_010144,0.0078230025
row_047431,0.18682972
row_010275,0.13025068
row_012135,0.013261645
row_022552,0.018164214
row_024778,0.09750689
row_046712,0.38055643
row_031349,0.018367939
row_040416,0.112228766
row_014609,0.103666164
row_039661,0.008152685
row_045588,0.99711466
row_004393,0.04090477
row_023139,0.059507605
row_004749,0.9594956
row_030541,0.07148956
row_032611,0.1722245
row_016323,0.009053882
row_012901,0.055005986
row_031081,0.045604184
row_007480,0.84524995
row_047072,0.001851462
row_041697,0.0059089735
row_045692,0.016507464
row_027353,0.08800634
row_001034,0.76146895
row_038230,0.3259497
row_039958,0.010060339
row_034315,0.048417203
row_034486,0.002885417
row_008037,0.11301835
row_014774,0.069072366
row_037571,0.0104007535
row_025834,0.52220273
row_039016,0.8317443
row_038738,0.06740952
row_033104,0.97015375
row_033894,0.0068582576
row_040270,0.018549195
row_032194,0.006019292
row_024023,0.01975623
row_000135,0.84721214
row_009087,0.073042266
row_030695,0.37941146
row_012349,0.8336404
row_000680,0.9425003
row_041979,0.65214807
row_042880,0.056810696
row_008832,0.0006087863
row_022010,0.0031966541
row_037492,0.0024470694
row_014242,0.03901441
row_042462,0.0077201338
row_003312,0.87135255
row_046444,0.17721856
row_041895,0.0011273657
row_034876,0.09286801
row_035377,0.51510376
row_032847,0.88120174
row_001582,0.11325563
row_021196,0.7851987
row_012963,0.42980376
row_028036,0.83304954
row_042902,0.0012988664
row_036538,0.03789633
row_023729,0.049654283
row_002820,0.004259966
row_007715,0.007103081
row_009654,0.00029378373
row_011592,0.43537894
row_039282,0.5787855
row_007706,0.27555916
row_033396,0.15064864
row_018674,0.9919293
row_039848,0.007873313
row_023725,0.15371397
row_040130,0.0011349337
row_022335,0.02156764
row_032295,0.00067552505
row_030752,0.023495296
row_030315,0.5936065
row_015378,0.16409266
row_036198,0.46324423
row_010452,0.024726162
row_012075,0.0007676541
row_036030,0.013073921
row_009525,0.53364766
row_018317,0.0014951271
row_029840,0.00028439646
row_020314,0.075877436
row_032836,0.080113225
row_042143,0.9340702
row_026744,0.8156789
row_036120,0.39435703
row_003905,0.020627933
row_010608,0.00431341
row_004385,0.3515592
row_045947,0.11464032
row_004882,0.087644696
row_038132,0.11483494
row_045626,0.0010400381
row_013929,0.029193308
row_041959,0.0014858058
row_007088,0.003304482
row_018453,0.9932389
row_001406,0.046788838
row_044653,0.80591446
row_001479,0.005908321
row_028723,0.87818027
row_019004,0.9855665
row_031420,0.35708627
row_007902,0.07374889
row_030617,0.87439525
row_041358,0.20975149
row_044859,0.33506668
row_019740,0.037882224
row_001171,0.27451313
row_029020,0.0058676465
row_006877,0.21792895
row_016784,0.0024855922
row_004265,0.044267762
row_003401,0.050981894
row_048368,0.01814839
row_019280,0.6655582
row_032930,0.1282342
row_033252,0.016792841
row_029674,0.0004787242
row_009041,0.76258373
row_043889,0.01512677
row_003249,0.033294093
row_003013,0.13451158
row_041483,0.0012441148
row_043860,0.008491728
row_026520,0.09935663
row_035573,0.99519265
row_041215,0.012913104
row_046973,0.10920062
row_029240,0.10485984
row_042466,0.1686609
row_031839,0.036736708
row_047977,0.007947034
row_012012,0.25335723
row_007787,0.03640506
row_011955,0.0097256005
row_030279,0.98815376
row_007373,0.09555547
row_015249,0.011413092
row_014260,0.35452148
row_019171,7.661269e-05
row_036582,0.016199399
row_000341,0.6063089
row_000002,0.01535495
row_002669,0.7359882
row_024135,0.124452926
row_025836,0.996798
row_005125,0.13793677
row_040156,0.6776395
row_005943,0.003140081
row_017235,0.018672477
row_010502,0.11246711
row_003015,0.0016715267
row_044036,0.00079012645
row_009876,0.09763681
row_009812,0.060756486
row_040611,0.12362647
row_045278,0.15738854
row_018884,0.057412226
row_003868,0.0010375911
row_006668,0.06581702
row_005324,0.2791124
row_038555,0.90698457
row_009568,0.40914842
row_044064,0.011878403
row_031215,0.023608197
row_011514,0.1403891
row_025449,0.002129982
row_016405,0.007882839
row_013163,0.03169112
row_014668,0.32390946
row_030801,0.034824762
row_016421,0.113854274
row_025629,0.016209638
row_037513,0.9622551
row_005918,0.088110015
row_003822,0.021211995
row_016839,0.001556019
row_029081,0.06417417
row_016146,0.97701526
row_024258,0.023202224
row_033930,0.6780919
row_031692,0.9698009
row_000276,0.002459957
row_041689,0.6392573
row_035474,0.08253979
row_034775,0.08585071
row_011408,0.032522794
row_029958,0.06208142
row_026476,0.0055816057
row_012982,0.067697585
row_002940,0.00050764234
row_019372,0.0076880474
row_020294,0.007194245
row_021310,0.05560411
row_009262,0.123258956
row_024226,0.33709782
row_043760,0.8611098
row_003679,0.82011926
row_041198,0.016811213
row_028444,0.9871587
row_011580,0.16690886
row_004972,0.059988666
row_041347,0.7624101
row_045773,0.0037645788
row_011327,0.052885268
row_022022,0.026220774
row_025282,0.0513012
row_030917,0.0795012
row_010947,0.005716888
row_008613,0.3572106
row_017462,0.10985974
row_021432,0.0011753131
row_043157,0.2687947
row_017218,0.80195594
row_015030,0.6510533
row_042137,0.9860779
row_004228,0.02083137
row_013775,0.2508096
row_000958,0.027356176
row_013617,0.01540392
row_001432,0.990297
row_014848,0.84088415
row_017015,0.99807274
row_020688,0.13400406
row_036671,0.002964762
row_025330,0.7553254
row_027827,0.022878774
row_037530,0.0032255922
row_047749,0.67145884
row_048985,0.008060283
row_015359,0.047868703
row_040831,0.008233547
row_004413,0.102424935
row_007697,0.01182061
row_016158,0.052764967
row_010851,0.010310728
row_048349,0.0010537123
row_006794,0.0997093
row_036045,0.9934638
row_037327,0.11269938
row_013373,0.0022926768
row_029986,0.04040272
row_037283,0.051698018
row_031892,0.9645207
row_028770,0.34398103
row_016544,0.516541
row_031941,0.0032253896
row_027854,0.07326493
row_015737,0.09998744
row_019807,0.1821601
row_045100,0.0041978066
row_022567,0.0072307647
row_025027,0.01005496
row_009991,0.083096296
row_036028,0.002497817
row_009434,0.6122727
row_025280,0.9997334
row_033351,0.00014002956
row_013474,0.06664705
row_048301,0.04346733
row_041174,0.08026664
row_032838,0.09041553
row_003559,0.020329557
row_003818,0.018334303
row_014868,0.0026019276
row_033300,0.046879955
row_042329,0.4621116
row_011828,0.0781125
row_004216,0.02761604
row_048286,0.013071204
row_049595,0.4540989
row_036425,0.6436204
row_049583,0.027833564
row_005998,0.033285853
row_042476,0.6814236
row_006380,0.0037797869
row_011508,0.014173133
row_024174,0.055127077
row_042941,0.00048355607
row_043178,0.03799529
row_012868,0.6079519
row_025715,0.0007979152
row_039009,0.033159025
row_024603,0.55207634
row_015200,0.0129898
row_007444,0.07850027
row_046648,0.01734386
row_042008,0.8884971
row_037379,0.00064065243
row_037084,0.91688657
row_044934,0.5120918
row_012834,0.19052953
row_040011,0.37018892
row_042688,0.12595043
row_011617,0.068444096
row_015772,0.043833144
row_024196,0.008687177
row_025997,0.14704208
row_001048,0.0034687961
row_040521,0.001523803
row_012050,0.64797187
row_033605,0.0013741185
row_006122,0.00010833069
row_006149,0.014928955
row_022547,0.18216701
row_018065,0.00204378
row_008917,0.17573468
row_034036,0.018352268
row_006420,0.008000341
row_035487,0.19837148
row_039657,0.004724475
row_013664,0.000920596
row_018376,0.17335656
row_009880,0.020859683
row_002469,0.00065789535
row_028389,0.0018464214
row_044526,0.00244101
row_024001,0.0015452148
row_002209,0.00089575304
row_047359,0.0013902738
row_023707,0.0027168635
row_005878,0.014461364
row_022500,0.4118698
row_008722,0.55623835
row_000852,0.005115129
row_013364,0.94159365
row_009841,0.028417626
row_013540,0.0061639803
row_044834,0.11728746
row_008409,0.15392627
row_005691,0.011152014
row_017032,0.99998605
row_024381,0.0035955852
row_042175,0.016078182
row_003875,0.1116519
row_047585,0.31470674
row_019946,0.00288285
row_024334,0.07711153
row_031727,0.3497325
row_015408,0.38069314
row_016493,0.98821217
row_004921,0.56862307
row_019190,0.069496386
row_029534,0.00022387461
row_028658,0.028689887
row_028756,0.0059236237
row_012727,0.015678057
row_006435,0.10155394
row_011518,0.01076306
row_035351,0.029537972
row_015725,0.0013695197
row_019021,0.3006
row_032417,0.00020235681
row_013705,0.028199574
row_017633,0.011026459
row_011336,0.0018387632
row_009974,0.13249937
row_044518,0.30103898
row_013662,0.22301349
row_005515,0.9192017
row_047591,0.17508422
row_048895,0.56204265
row_022243,0.015477513
row_032997,0.9601321
row_040869,0.07854435
row_048590,0.012048381
row_037633,0.76012105
row_010258,0.051503327
row_030674,0.0003510982
row_048671,0.6653361
row_031432,0.0821879
row_016079,0.70465165
row_022640,0.036852445
row_007401,0.2836232
row_015708,0.004031258
row_049599,0.010741191
row_007083,0.028542075
row_022556,0.017031806
row_049103,0.0034783992
row_018138,0.21930364
row_020339,0.06499933
row_017174,0.03760904
row_001938,0.08512379
row_017741,0.9904192
row_006707,0.9525865
row_041950,0.0034208081
row_020552,0.037452556
row_043281,0.009310083
row_049273,0.018185634
row_034278,0.015625421
row_048364,0.011414421
row_000454,0.038850132
row_021709,0.012861216
row_011625,0.50325245
row_026339,0.4587901
row_041415,0.9974705
row_017452,0.016588463
row_012448,0.0035408037
row_037437,0.024175158
row_011970,0.9998354
row_043221,0.019525843
row_031244,0.81396985
row_031900,0.00015936593
row_001009,0.20812204
row_028761,0.996336
row_019301,0.00042977117
row_007842,0.19233526
row_022174,0.020271907
row_021218,0.0003123072
row_044233,0.3545794
row_047417,0.19665258
row_017543,0.009313923
row_044452,0.0016451416
row_020288,0.002065082
row_011019,0.10616398
row_032925,0.37076792
row_018589,0.0001804912
row_041246,0.022748267
row_038283,0.016493503
row_039389,0.0019287043
row_010047,0.011213547
row_016142,0.017893104
row_004579,0.1129362
row_014737,0.015048783
row_024220,0.0007397111
row_005607,0.001073767
row_030995,0.17897484
row_040574,0.59714603
row_029034,0.41827002
row_032200,0.00038888474
row_041705,0.99514693
row_019764,0.05139685
row_001552,0.070370995
row_049751,0.045217577
row_033995,0.21030892
row_018815,0.0017989563
row_000408,0.1655042
row_030741,0.08785291
row_047271,0.01054391
row_025863,0.0115355635
row_031657,0.18727148
row_017929,0.01752396
row_001846,0.0024625878
row_017608,0.006780587
row_041867,0.035696313
row_034689,0.0055346265
row_046524,0.007947053
row_023822,0.48835757
row_024719,0.9989347
row_046900,0.16157112
row_034845,0.13238014
row_049105,0.9998357
row_007357,0.0030860738
row_024162,0.017051358
row_044796,0.007508591
row_009092,0.22956072
row_041556,0.27420905
row_048050,0.01859522
row_001497,0.055740185
row_006572,0.008994256
row_010532,0.8196674
row_006278,0.0057930327
row_029695,0.020335227
row_024844,0.007681572
row_044410,0.5232453
row_007491,0.0014171967
row_030239,0.04557022
row_001159,0.57709116
row_038231,0.35074446
row_004073,0.00071472995
row_010615,0.076085486
row_048738,0.9795757
row_024740,0.020891685
row_044259,0.011689048
row_037228,0.008962639
row_033370,0.009445641
row_049352,0.0236911
row_028220,0.0035695762
row_038619,0.0013436205
row_046801,0.04940893
row_017360,0.2503662
row_037544,0.010751228
row_036044,0.002656755
row_011446,0.09545874
row_026042,0.009109388
row_011208,0.51596534
row_035546,0.94274455
row_033454,0.61292857
row_015421,0.7957635
row_047336,0.056934487
row_009204,0.009094164
row_020365,0.047566254
row_045969,0.062363684
row_042584,0.8803793
row_044659,0.012378834
row_003928,0.001210642
row_016836,0.067975596
row_003614,0.0007263954
row_048533,0.18780437
row_026754,0.99712294
row_022994,0.08902654
row_006071,0.016280463
row_019367,0.09917582
row_000752,0.07003592
row_004740,0.0121222995
row_035237,0.00032650455
row_012172,0.0067101596
row_016818,0.00054631213
row_020843,0.05206788
row_036589,0.23607472
row_022520,0.33746174
row_025070,0.002943091
row_024227,0.050746936
row_036932,0.9734414
row_022872,0.0049236063
row_033285,0.95588523
row_022828,0.02175511
row_039161,0.23442733
row_023523,0.0040807803
row_040023,0.91918296
row_030090,0.0016077574
row_025948,0.2585571
row_007744,0.0616222
row_041296,0.020015564
row_048574,0.006208028
row_044533,0.12761246
row_010815,0.5095086
row_049868,0.06351046
row_048108,0.79304427
row_008701,0.059321087
row_040500,0.14135094
row_017611,0.030205905
row_004863,0.74168396
row_014856,0.043592487
row_048761,0.30090958
row_019579,0.006055912
row_023117,0.0036411313
row_011644,0.3858919
row_032265,0.98177
row_049426,0.008740669
row_018730,0.34674263
row_034829,0.0003019687
row_035572,0.0024584632
row_009151,0.21398486
row_021496,0.7940979
row_049459,0.02986722
row_031248,0.47909394
row_009543,0.014066681
row_001671,0.29249844
row_020269,0.2382583
row_021579,0.02113145
row_039767,0.04476007
row_010161,0.008371903
row_038479,0.06418798
row_021902,0.0072135506
row_006807,0.9756055
row_015581,0.0010951734
row_000180,0.014575324
row_015699,0.0064572953
row_030959,0.2694454
row_034801,0.62202483
row_018140,0.0020367003
row_036682,0.40736094
row_041881,0.11795545
row_036498,0.46648258
row_004979,0.0034844854
row_033254,0.7782476
row_005292,0.3260777
row_049620,0.003739852
row_022630,0.84462816
row_000514,0.001276553
row_032468,0.010330629
row_031068,0.29129133
row_017153,0.11671856
row_008441,0.003526175
row_021068,0.027724698
row_048417,0.10647803
row_017368,0.17718853
row_023960,0.49289966
row_028545,0.027964747
row_027691,0.02230541
row_002784,0.031009912
row_009660,0.67451215
row_031326,0.94739866
row_030383,0.04587538
row_026663,0.023375953
row_001803,0.97202516
row_000698,0.23118106
row_025594,0.07772986
row_034340,0.31529498
row_009167,0.38226604
row_038160,0.43626732
row_003115,0.06914337
row_030338,0.040572725
row_034472,0.005428539
row_012416,0.016280225
row_008153,0.032110967
row_019598,0.12678193
row_031400,0.0013021996
row_007996,0.0011612042
row_043785,0.042422384
row_031255,0.06963875
row_014588,0.056916784
row_018285,0.008252758
row_013062,0.08846682
row_049979,0.008543212
row_006661,0.99122614
row_039743,0.05591337
row_033697,0.13500309
row_043449,0.65502316
row_036836,0.07729257
row_021046,0.024658695
row_035368,0.935652
row_044328,0.6234685
row_042405,0.10950253
row_029716,0.016462445
row_027327,0.20271538
row_041432,0.2013433
row_018242,0.2672998
row_001003,0.48199588
row_044345,0.91985554
row_003139,0.98877513
row_030598,0.7501762
row_049162,0.007816803
row_003178,0.26055878
row_014892,0.60642135
row_000969,0.002346357
row_019706,0.21965705
row_015433,0.4455919
row_006658,0.015239652
row_040909,0.12812547
row_019283,0.02782341
row_000636,0.010599643
row_049477,0.037669986
row_008958,0.002343593
row_001740,0.0043726605
row_008557,0.012975375
row_021192,0.056682646
row_049618,0.082106374
row_029845,0.036368508
row_012965,0.026979951
row_043560,0.24196754
row_037793,0.012328109
row_013401,0.19883242
row_035619,0.2457025
row_032840,0.0073299566
row_010768,0.016857626
row_037844,0.0739003
row_004522,0.005142977
row_002229,0.0007704588
row_032027,0.075932495
row_027646,0.92354304
row_041812,0.0072664474
row_035770,0.013829867
row_032465,0.0038465178
row_026158,0.0033896365
row_004072,0.005568422
row_045817,0.012933523
row_002369,0.19066186
row_006927,0.011539892
row_023032,0.04589738
row_032168,0.039011363
row_025740,0.013041992
row_026790,0.004571911
row_049401,0.06470062
row_006971,0.0009639734
row_040751,0.015394152
row_010283,0.00069634913
row_021412,0.0011032631
row_037369,0.020255348
row_047254,0.013723552
row_009980,0.0002897379
row_002752,0.15447637
row_034171,0.73477674
row_014720,0.004083479
row_048326,0.884779
row_039394,0.0012626788
row_024067,0.0012578233
row_008086,0.0079195965
row_040885,0.03841116
row_021014,0.118772164
row_005505,0.7263703
row_036800,0.015082513
row_030385,0.08166871
row_045608,0.08714772
row_001280,0.11533105
row_031135,0.15856625
row_031743,0.018400356
row_000689,0.01355646
row_001342,0.0043587093
row_046647,0.87710744
row_035504,0.0006248016
row_043917,0.2633407
row_006570,0.004185345
row_027395,0.007638208
row_034071,0.09019779
row_040575,0.4307292
row_001161,0.19600877
row_032536,0.0035425622
row_044957,0.02189222
row_022944,0.0063037286
row_006674,0.01519136
row_001541,0.98933077
row_012358,0.048333757
row_043074,0.3065006
row_037210,0.64161414
row_040970,0.17216177
row_028174,0.22695625
row_023760,0.0038409634
row_010714,0.00010342096
row_047903,0.96933
row_000156,0.0033247955
row_007969,0.51642644
row_015819,0.0012608507
row_033003,0.07251274
row_021818,0.30897954
row_046071,0.8564644
row_005237,0.2947373
row_029864,0.010353773
row_044168,0.0044386364
row_032348,0.20732331
row_029547,0.078286804
row_029439,0.7988778
row_003832,0.009355311
row_027075,0.16793127
row_005571,0.8079872
row_027755,0.091071285
row_007813,0.112168856
row_005803,0.3251061
row_015993,0.22367214
row_020598,0.10029999
row_018502,0.93429023
row_008128,0.009318373
row_024183,0.08313668
row_040387,0.002838339
row_008581,0.04464489
row_037764,0.0060122805
row_020882,0.0014825227
row_033414,0.11316101
row_016858,0.012773034
row_013234,0.008392361
row_006631,0.032379147
row_020958,0.003086122
row_045414,0.10702388
row_007285,0.010710994
row_040743,0.04221291
row_040286,0.66268975
row_006186,0.0011785474
row_004870,0.024919355
row_045598,0.007614657
row_022883,0.93028605
row_012889,0.00018219107
row_038781,0.0050298525
row_003854,0.9966665
row_023792,0.9304176
row_028474,0.019852173
row_028347,0.18660031
row_010012,0.009064965
row_008528,0.0030760542
row_029481,0.0050213095
row_029632,0.013740104
row_012615,0.3126033
row_014982,0.28805026
row_009435,0.0010544268
row_041611,0.98586243
row_040682,0.031728607
row_010374,0.3204465
row_017426,0.2914018
row_013989,0.0027286368
row_010542,0.80646086
row_028308,0.24331738
row_044494,0.0006470488
row_000207,0.062192824
row_002814,0.127682
row_023398,0.01928931
row_014321,0.0025974137
row_009755,0.89375335
row_020845,0.0005006999
row_026615,0.009019308
row_016151,0.00087023346
row_033022,0.010878089
row_029369,0.05066496
row_024691,0.053506255
row_001503,0.008112729
row_015817,0.011473512
row_001163,0.03912834
row_038537,0.0010507561
row_003503,0.08745622
row_037112,0.17726132
row_003855,0.99704224
row_028063,0.08521314
row_007469,0.81609476
row_019546,0.97116816
row_000647,0.00075689104
row_044912,0.0143160485
row_016715,0.18670237
row_049057,0.0018852038
row_029327,0.021775741
row_042007,0.12458082
row_007253,0.035920776
row_040947,0.9911786
row_043245,0.04482068
row_027421,0.00756099
row_016160,0.023115011
row_030992,0.8261713
row_016412,0.01931076
row_048715,0.088776045
row_038226,0.0008574883
row_009771,8.4855295e-05
row_001990,0.012045888
row_033409,0.46236038
row_031488,0.00036567263
row_017446,0.025964368
row_006256,0.029666763
row_036073,0.95004463
row_049686,0.21824205
row_042098,0.25089347
row_031132,0.005314647
row_026659,0.010616069
row_028025,0.19981194
row_014665,0.058156326
row_030592,0.043121736
row_014738,0.0048413137
row_030664,0.07040432
row_042976,0.0042667226
row_022187,0.9574295
row_019464,0.01821619
row_040978,0.9646396
row_031528,0.4721078
row_003781,0.88045895
row_025569,0.09575331
row_024727,0.77899575
row_003317,0.16695721
row_032823,0.06408143
row_017961,0.6028685
row_006098,0.0040120343
row_040963,0.261068
row_023145,0.086286575
row_034051,0.0011534177
row_029572,0.2776847
row_029774,0.98326343
row_045017,0.8615198
row_048871,0.008364542
row_032280,0.32151923
row_044223,0.9466159
row_033829,0.023573125
row_027640,0.87838775
row_006042,0.9416367
row_005317,0.0015123248
row_008233,0.16564964
row_026803,0.12493125
row_011609,0.07838316
row_040767,0.00515905
row_013070,0.21602762
row_001287,0.00013975597
row_025799,0.0010185296
row_036043,0.036514577
row_025621,0.24150848
row_034362,0.00014511068
row_013721,0.06767583
row_033801,2.9088047e-05
row_009009,0.010121603
row_048114,0.05639493
row_002001,0.953425
row_021811,0.028602075
row_013388,0.00096714403
row_027625,0.10725699
row_042724,1.6054964e-05
row_045173,0.19532917
row_045509,0.10479334
row_009284,0.12669006
row_038462,0.056406513
row_011950,0.0012017362
row_040595,0.16331232
row_046257,0.0043055573
row_026513,0.08173097
row_014409,0.21968946
row_036895,0.8421207
row_019963,0.07380508
row_004664,0.5585182
row_012993,0.035027876
row_030548,0.07518922
row_042144,0.047769327
row_046437,0.0017134283
row_000830,0.0023231416
row_034397,0.5825032
row_004257,0.00041985034
row_004754,0.009444954
row_049474,0.6495233
row_037792,0.0022758045
row_032967,0.27335626
row_011560,0.08951282
row_019414,0.0024853058
row_022221,0.08549729
row_004098,0.27435303
row_003970,0.5182543
row_023226,0.0018209342
row_048292,0.0016408765
row_016020,0.0021939927
row_045945,0.84777886
row_006616,0.1129837
row_044948,0.17477927
row_004486,0.9932695
row_026492,0.03719673
row_006446,0.21393175
row_017923,8.296349e-05
row_015417,0.0614141
row_039314,0.06496734
row_005686,0.9106903
row_048610,0.14717405
row_024637,0.006039594
row_028462,0.014670249
row_023348,0.36862445
row_032238,0.740221
row_044184,0.12156524
row_045078,0.032074407
row_000994,0.004768852
row_048564,0.022307007
row_008180,0.001748543
row_029246,0.17826821
row_001978,0.6928717
row_008143,0.53079313
row_042073,0.012702307
row_035421,0.09832052
row_008035,0.0011915818
row_040850,0.0048245243
row_000734,0.022955619
row_034627,0.0054386635
row_029996,0.0069086025
row_049605,0.62094396
row_029872,0.016232755
row_039492,0.857597
row_010650,0.051689107
row_048732,0.11815423
row_020010,0.17988367
row_025105,0.0672603
row_014062,0.010942781
row_012343,0.32581368
row_025412,0.008617519
row_044771,0.6953773
row_006225,0.184574
row_012595,0.15123242
row_031364,0.9505672
row_010551,0.2842126
row_010610,0.009173263
row_018568,0.0074047176
row_025536,0.63668513
row_034542,0.011247122
row_023071,0.98020387
row_013879,0.2754632
row_017591,0.014137625
row_035067,0.874745
row_038918,0.887292
row_045891,0.3494912
row_031838,0.04256078
row_008193,0.17833921
row_006283,0.20400815
row_014428,0.014940986
row_048899,0.006401764
row_010381,0.54141444
row_046819,0.18656759
row_016713,0.039360303
row_000342,0.003953593
row_045865,0.4628572
row_017737,0.021457957
row_049705,0.008305549
row_016696,0.37318906
row_023371,0.0019342565
row_043220,0.0026928806
row_031383,0.14541756
row_022109,0.00083810237
row_003904,0.35846362
row_000555,0.40977207
row_024976,0.094280586
row_035269,0.00019953746
row_016460,0.06630861
row_042568,0.9853662
row_018875,0.018084956
row_005578,0.0044767302
row_018947,0.0028811288
row_004055,0.52842677
row_044249,0.0004904065
row_030416,0.00078913325
row_044393,0.010201251
row_015907,0.010223543
row_028618,0.024757475
row_010246,0.054997757
row_004771,0.5015129
row_005877,0.06781951
row_002390,0.28056955
row_028973,0.99794954
row_048104,0.00027615475
row_012344,0.004522151
row_033860,0.0004276102
row_015750,0.13800919
row_030089,0.009117173
row_007115,0.007930236
row_007096,0.64648926
row_046594,0.35619113
row_011693,0.049155153
row_018121,0.010778657
row_006108,0.649255
row_006651,0.0037084138
row_016847,0.081793375
row_034523,0.12066843
row_017760,0.9588405
row_046948,0.036775503
row_048504,0.005414131
row_018375,0.012267554
row_020084,0.090218164
row_002566,0.7232165
row_028178,0.0005663602
row_015226,0.0043615787
row_034582,0.004590396
row_036166,0.026392503
row_048679,0.001482421
row_049375,0.7524541
row_030599,0.011644738
row_041205,0.0229097
row_044145,0.05226507
row_021605,0.041157912
row_007568,0.0066139544
row_035967,0.45196536
row_040677,0.059103422
row_049007,0.1264279
row_023463,0.87765205
row_030940,0.0018583464
row_014767,0.6653778
row_046844,0.50463337
row_012565,0.6823495
row_004264,0.32624045
row_003176,0.8101553
row_012658,0.62755376
row_027309,0.46623653
row_017698,0.7397647
row_049567,0.023638051
row_037897,0.004243152
row_020325,0.0021157358
row_024806,0.032449003
row_039415,0.09130058
row_027487,0.1728527
row_001718,0.0071824086
row_049531,0.0075035254
row_035223,0.92099273
row_044472,0.09752187
row_038140,0.00061897264
row_040080,0.0063654496
row_034511,0.1286877
row_005083,0.72247154
row_012059,0.24443442
row_046856,0.5540093
row_024170,0.0008471523
row_037483,0.03889921
row_049829,0.3880756
row_027294,0.9705776
row_005675,0.46444485
row_030782,0.13453603
row_045081,0.31059813
row_023270,0.2935286
row_038018,0.1463889
row_036905,0.0089338375
row_024568,0.004688998
row_041368,0.00020367134
row_018841,0.0022429973
row_015308,0.01213994
row_005598,0.0050562164
row_023423,0.7841225
row_013810,0.015450513
row_000043,0.013542484
row_002448,0.29655802
row_028458,0.013183744
row_023112,0.14766817
row_013607,0.5222856
row_001917,0.043303717
row_016817,0.33082044
row_036333,0.0011873116
row_037011,0.0020728696
row_015276,0.030767664
row_029015,0.57354
row_010857,0.03920249
row_013162,0.10728146
row_013069,0.0073743304
row_043246,0.034267135
row_024807,2.9134379e-05
row_004560,0.9791557
row_016969,0.368782
row_029147,0.0019957542
row_049896,0.48444876
row_008869,0.044082142
row_040734,0.25406337
row_045757,0.0045880214
row_030826,0.013160105
row_017779,0.00057138293
row_017198,0.0017432383
row_021318,0.85113275
row_017653,0.03418664
row_004027,0.13957526
row_021016,0.1608304
row_048396,0.04291702
row_007623,0.006194012
row_028786,0.20723589
row_042497,0.019840332
row_042699,0.022701249
row_026332,0.048676647
row_023303,0.990252
row_035280,0.6931259
row_037368,0.0017977564
row_045521,0.0018785275
row_021048,0.9998758
row_049434,0.42286006
row_036577,0.00014078412
row_027648,0.11978669
row_048219,0.89334846
row_038158,0.0153989885
row_008974,0.52069294
row_033304,0.5008886
row_039427,0.7482922
row_023914,0.025686191
row_042506,0.02896606
row_012123,0.10332498
row_006575,0.29911026
row_006654,0.3960147
row_012199,0.9969561
row_037740,0.57669115
row_000717,0.28241694
row_003551,0.041190755
row_043476,0.012305468
row_023737,0.0016993637
row_004251,0.26836196
row_048812,0.987472
row_009795,0.047640935
row_029377,0.002130851
row_008120,0.15254533
row_000125,0.13259834
row_012596,0.028783469
row_041042,0.33128285
row_012121,0.0032344225
row_045542,0.037898235
row_037249,0.0006244524
row_024668,0.10143948
row_018592,0.0015027792
row_017064,0.44010568
row_039655,0.13445939
row_028556,0.48931363
row_003784,0.025485765
row_013286,0.0327295
row_039133,0.90303063
row_045890,0.714227
row_023926,0.06317327
row_023769,0.010787503
row_020864,0.21934882
row_015799,0.45843646
row_013244,0.08903631
row_014214,0.11336376
row_015228,0.08966761
row_049308,0.002348576
row_038478,0.050931383
row_009802,0.055721518
row_039742,0.077758886
row_021277,0.05724555
row_030589,0.011107631
row_023434,0.987147
row_045113,0.19375116
row_006194,0.03004557
row_027186,0.007670522
row_004577,0.6823051
row_006990,0.021263512
row_003455,0.09779106
row_040753,0.059909906
row_049926,0.00027013768
row_036006,0.0019417938
row_026909,0.19107306
row_002761,0.093608215
row_033451,0.001610977
row_013014,0.020682799
row_005532,0.92905176
row_026788,0.14928316
row_039209,0.0019148636
row_000896,0.31272626
row_023411,0.06151387
row_017809,0.02434367
row_038927,0.7902207
row_037667,0.9446989
row_031091,0.010121575
row_018487,0.37270126
row_017892,8.1019694e-05
row_035698,0.0021079709
row_028577,0.0142610315
row_006235,0.06944311
row_003890,0.47242558
row_046765,0.03568304
row_042846,0.24863459
row_038879,0.30645698
row_048567,0.0018133759
row_032935,0.2786354
row_047259,0.001314873
row_000189,0.051776987
row_044720,0.5321871
row_025664,0.0025531603
row_043609,0.009807951
row_039177,0.10757674
row_038602,0.0011814305
row_048821,0.0015960474
row_028811,0.0074500125
row_000613,0.01995133
row_008956,0.012622209
row_035979,0.12543026
row_000423,0.0063434043
row_038795,0.14428805
row_033198,0.08292268
row_019573,0.46570343
row_041443,0.32055426
row_021747,0.35110736
row_019865,0.45432842
row_019621,0.18201797
row_028441,0.0023064537
row_004608,0.10461122
row_005185,0.0021637997
row_021626,0.012027608
row_046458,0.0420517
row_002417,0.00017499176
row_005913,0.1858697
row_040167,0.49020457
row_039948,0.12101605
row_008738,0.07284626
row_025307,0.100234665
row_000089,0.003427196
row_044463,0.6526967
row_013021,0.8549526
row_022976,0.003256069
row_024954,0.014078333
row_024132,0.0020297987
row_032937,0.3431875
row_039593,0.87780523
row_019548,0.0019730877
row_003672,0.027262
row_028540,0.0034429876
row_000460,0.41131982
row_000142,0.26252344
row_009890,0.001125786
row_038362,0.012307561
row_006731,0.9988213
row_017195,0.01161843
row_033395,0.9965333
row_037936,0.3172378
row_038032,0.022879487
row_015409,0.0020397487
row_023826,0.5321876
row_034069,0.0014744505
row_036151,0.0012323832
row_039719,0.47704265
row_033631,0.02208631
row_000278,0.02676609
row_034751,0.028627656
row_001865,0.9422055
row_017808,0.0007789596
row_016537,0.00087023724
row_039554,0.009756335
row_029129,0.28450152
row_028692,0.048894864
row_005450,0.99787927
row_003802,0.001979583
row_025864,0.5386616
row_040401,0.5689598
row_000800,0.42083812
row_041761,0.45592898
row_022084,0.0005434567
row_014310,0.0012266126
row_012471,0.027535185
row_018347,0.5217042
row_004447,0.020656236
row_033031,0.022108959
row_037922,0.050489247
row_001557,0.07827166
row_032230,0.9205181
row_032096,0.0051288623
row_021960,0.010645884
row_006758,0.03629242
row_024540,0.26350343
row_019803,0.021246063
row_025960,0.854836
row_006221,0.0057256464
row_019599,0.9275225
row_025918,0.13789792
row_047399,0.068069756
row_037649,0.040230088
row_036557,0.00066172547
row_017563,0.043672368
row_040536,0.03929355
row_025602,0.011116549
row_049216,0.01806459
row_024070,0.012212998
row_011037,0.023353357
row_011605,0.008345169
row_022743,0.25103173
row_013180,0.01766047
row_016166,0.042055827
row_028694,0.0029629022
row_023624,0.16274108
row_030331,0.049535617
row_043227,0.00014781395
row_047772,0.061274868
row_013166,0.118669935
row_003804,0.0043761223
row_037318,0.045160394
row_036472,0.002662966
row_036866,2.5236897e-05
row_012739,0.0371447
row_043216,0.00023350045
row_020354,0.95635056
row_028378,0.24224973
row_040368,0.080038406
row_014189,0.14412099
row_037813,0.8384145
row_005273,0.28180078
row_030773,0.31483468
row_034701,0.0014982981
row_041194,0.64751095
row_026770,0.9952592
row_000701,0.51378584
row_046398,0.009887751
row_023350,0.10283785
row_014488,0.00041521265
row_044403,0.21693242
row_031564,0.00013510004
row_018070,0.015443899
row_038193,0.028143771
row_049445,0.992201
row_044625,0.001738092
row_041961,0.009237633
row_010500,0.1231099
row_005382,0.072416894
row_042090,0.102753006
row_032608,0.0010122919
row_041403,0.00031101855
row_042216,0.02802155
row_013024,5.5020864e-05
row_042203,0.16787367
row_029017,0.00077930145
row_001206,0.83502936
row_024640,0.22674549
row_041326,0.9958403
row_047167,0.0016456955
row_003398,0.08239804
row_002155,0.87819904
row_017855,0.27055785
row_017257,0.003239444
row_047589,0.0024474894
row_021334,0.0012081164
row_023078,0.002106141
row_041751,0.083601825
row_042379,0.04645065
row_000402,0.4155203
row_024768,0.424689
row_015846,0.7583183
row_019666,0.11411841
row_009391,0.2876517
row_014908,0.018067889
row_046959,0.0006107745
row_029115,0.125092
row_023488,0.579046
row_033606,0.643397
row_045404,0.23973781
row_026836,0.98346937
row_034750,0.04883855
row_026376,0.35543835
row_004804,0.0021030828
row_030998,0.057199575
row_028182,0.9350256
row_005974,0.083794
row_022785,0.005725926
row_021037,0.71237063
row_014195,0.05611936
row_032082,0.29349685
row_044770,0.007175496
row_018891,0.009135007
row_019910,0.032996286
row_010522,0.14212328
row_018799,0.11101465
row_009260,0.4107006
row_026284,0.041992527
row_026760,0.46464804
row_020727,0.0065688873
row_047334,0.0009490842
row_029440,0.7334742
row_021222,0.14053088
row_022769,1.5233998e-05
row_015317,0.0078062327
row_015909,0.08881705
row_038779,0.00077612174
row_035022,0.04446877
row_020202,0.000539466
row_030777,0.44032812
row_005882,0.42899248
row_015593,0.8559304
row_007789,0.16625008
row_004503,0.0013336113
row_010647,0.997526
row_034703,0.02585298
row_037597,0.011690491
row_017500,0.018553397
row_042974,0.24574034
row_019852,0.10995815
row_007929,0.00044655005
row_012750,0.051407967
row_003938,0.17677993
row_016477,0.2503528
row_010677,0.19948299
row_028686,0.009784745
row_031180,0.0017918642
row_014555,0.45801225
row_014413,0.24310161
row_022111,0.0037343523
row_014638,0.11434137
row_006690,0.07436818
row_030290,0.14239639
row_045300,0.21310978
row_005257,0.08975554
row_016263,0.04426474
row_045349,0.00017844579
row_021780,0.0038039882
row_013557,0.02425211
row_000334,0.6183675
row_010722,0.037496164
row_041947,0.0021393734
row_018582,0.010078957
row_019923,0.0858424
row_023901,0.1397587
row_046762,0.054050576
row_007796,0.068876624
row_013427,0.12626842
row_001585,0.145811
row_011093,0.019244421
row_015102,0.9445905
row_027422,0.026066624
row_001458,0.999736
row_047036,0.1466174
row_030104,0.39090133
row_027799,0.014175851
row_002386,0.67230463
row_034257,0.0058713886
row_034854,0.16775225
row_034982,0.0045265127
row_010733,0.10631669
row_025097,0.0018779276
row_041400,0.16379061
row_039548,0.045749005
row_042832,0.03959274
row_037106,0.62025815
row_031744,0.98124653
row_031301,0.10539624
row_010284,0.39148736
row_032483,0.07814119
row_028438,0.00018965051
row_018560,0.18424675
row_026320,0.074200295
row_043143,0.06521235
row_018852,0.000592906
row_045893,0.5171179
row_016700,0.007727757
row_010906,0.6098513
row_046789,0.97913235
row_043817,0.6409947
row_046585,0.70127344
row_008325,0.02837746
row_041337,0.001147823
row_043004,0.13070032
row_029406,0.009751641
row_040476,0.002870619
row_022278,0.36028787
row_043505,0.2386615
row_040136,0.45172426
row_006339,0.0009930719
row_009283,0.010350778
row_022048,0.014393006
row_043408,0.0124995075
row_019356,0.010892767
row_013063,0.57543766
row_015571,0.08533689
row_003950,0.5471788
row_008002,0.004616914
row_005106,0.0066574146
row_013776,0.9413616
row_001138,0.0070062038
row_044229,0.98759717
row_010209,0.96605766
row_035348,0.49750224
row_003190,0.005667734
row_032746,0.08191019
row_032964,0.25559762
row_006393,0.0036785614
row_048112,0.32780248
row_003858,0.059190877
row_008292,0.07382481
row_020065,0.9637944
row_006970,0.020384131
row_034867,0.013496651
row_010774,0.1639195
row_023670,0.100015186
row_046956,0.026859052
row_016807,0.023371663
row_020706,0.018141726
row_034204,0.014454603
row_004890,0.1127601
row_033652,0.0144563485
row_012829,0.07688222
row_020059,0.9743877
row_028510,0.08573125
row_016237,0.111495435
row_011029,0.60816896
row_028946,0.021489715
row_025753,0.109683394
row_038936,0.027557218
row_012127,0.30244318
row_021789,0.043337412
row_039425,0.49994844
row_013949,0.0005924256
row_019809,0.036635313
row_025667,0.99870384
row_027937,0.08990862
row_003876,0.030230315
row_019242,0.24683955
row_045205,0.017025156
row_028989,0.007728082
row_040047,0.0014807605
row_045553,0.005764615
row_025875,0.009906049
row_040304,0.01647624
row_023658,0.0015946021
row_003001,0.0032380836
row_037295,0.8995438
row_012774,0.0513998
row_029638,0.13284168
row_014790,0.98888224
row_036961,0.08729373
row_004378,9.251345e-05
row_025760,0.027490163
row_031101,0.74986017
row_024324,0.01732116
row_023245,0.0026750318
row_010800,0.022511678
row_040472,0.0015976029
row_008892,0.032691177
row_009685,0.5230747
row_012260,0.023387963
row_047032,0.739347
row_008863,0.010924228
row_042816,0.96507627
row_023312,0.05201418
row_006682,0.0035102654
row_023483,0.0007952854
row_010006,0.018682646
row_031041,0.05801663
row_008108,0.22184981
row_032023,0.016592704
row_018926,0.25509918
row_029022,0.96277195
row_012998,0.055737052
row_041488,0.012801379
row_015643,0.035749186
row_003473,0.922963
row_003173,0.036454227
row_033607,0.18320943
row_047177,0.060490683
row_030030,0.68716383
row_007523,0.33995655
row_029951,0.11728415
row_039733,0.0691528
row_041386,0.007070557
row_001496,0.012575176
row_009080,0.9983006
row_028920,0.78323674
row_006858,0.0057809344
row_003557,0.04996098
row_001188,0.020309025
row_036679,0.68355256
row_002097,0.06735768
row_016862,0.6024007
row_011982,0.00958734
row_028951,0.1092436
row_018857,0.013865233
row_049086,0.059528638
row_004971,0.011530263
row_033680,0.17442013
row_003315,0.0991445
row_010241,0.097400054
row_008548,0.024762034
row_040702,0.004067423
row_028517,0.022118729
row_004777,0.0011195313
row_005071,0.030291086
row_045109,0.5592325
row_048660,0.10085346
row_004018,0.70175487
row_010357,0.0013095795
row_004471,0.056700204
row_022901,0.4367448
row_017664,0.011588663
row_027515,0.23328657
row_007033,0.09669328
row_015754,0.57988995
row_011801,0.0044939066
row_035688,0.07975763
row_039099,0.10335223
row_035330,0.0067111896
row_018222,0.0024673268
row_020230,0.9030023
row_022587,0.19683865
row_003460,0.008095733
row_021488,0.044630025
row_029818,0.42289323
row_026423,0.020934088
row_003415,0.00027997358
row_014423,0.019883176
row_007669,0.24788076
row_003191,0.06688465
row_004699,0.07802603
row_022396,0.023690084
row_021223,0.3136798
row_007851,0.18963547
row_007178,0.06305787
row_033811,0.10422733
row_011344,0.15283343
row_010403,0.00136296
row_029906,0.0012859924
row_036878,0.9996377
row_021420,0.8073804
row_008124,0.2884681
row_042022,0.014735847
row_017004,0.06682548
row_017093,0.02969583
row_046318,0.018062007
row_047492,0.02321539
row_012692,0.18482153
row_042215,0.13610828
row_029226,0.0052088243
row_038418,0.9995561
row_021251,0.0017187282
row_022628,0.021743666
row_043106,0.021508338
row_017877,0.99986136
row_006318,0.9913237
row_037798,0.0003845028
row_038239,0.1352771
row_024921,0.03163928
row_036516,0.9817333
row_042830,0.6346604
row_010376,0.06490147
row_013893,0.02618654
row_017170,0.00013917906
row_016360,0.27805105
row_030747,0.16972177
row_009691,0.90970033
row_045526,0.018517463
row_028530,0.9694644
row_018399,0.1256765
row_029074,0.013839835
row_026077,0.20314966
row_033531,0.007877437
row_018723,0.3024827
row_032615,0.76131004
row_003295,0.0006418753
row_021060,0.07392359
row_047297,0.037126556
row_011170,0.9847503
row_009677,0.021654654
row_019217,0.24679786
row_035202,0.045871656
row_019137,0.03833103
row_021935,0.294978
row_046127,0.01667875
row_022099,0.060920566
row_027841,0.0273085
row_007075,0.46380875
row_014441,0.15260582
row_003329,0.007762258
row_038460,0.0039801314
row_019854,0.012969398
row_012411,0.028553698
row_000062,0.02707771
row_047896,0.24132901
row_042478,0.08055598
row_009023,0.12488858
row_021633,0.12954089
row_023885,0.00082654937
row_013596,0.06653425
row_009001,0.0029223366
row_046415,0.52962106
row_011099,0.10334922
row_005537,0.009196727
row_016447,0.5614609
row_018148,0.0003847958
row_012787,0.011554876
row_043354,0.58035374
row_046769,0.22972961
row_028003,0.0056877537
row_037753,0.0009068833
row_032373,0.020425333
row_030001,0.34268478
row_021851,0.0040105255
row_022753,0.14982247
row_003564,0.005572186
row_043695,0.0022619306
row_045944,0.0016926384
row_011085,0.47641268
row_034235,0.0053250277
row_019085,0.0016301632
row_022831,0.1515618
row_030709,0.018295957
row_028705,0.66427654
row_044350,0.011362684
row_020616,0.012805984
row_014533,0.012676785
row_017442,0.022727769
row_007094,0.01402049
row_013362,0.003043768
row_036999,0.23441756
row_023162,0.20177162
row_011368,0.06993097
row_041794,0.110744536
row_023938,0.0014733886
row_030705,0.052425858
row_040211,0.015655996
row_001348,0.13416941
row_017757,0.13904914
row_019010,0.007466578
row_048116,0.5522984
row_032355,0.5011672
row_031267,0.05830471
row_003864,0.0034228228
row_019642,0.015156487
row_036201,0.0929877
row_000546,0.7791707
row_023031,0.025394473
row_005030,0.019479226
row_039997,0.90546566
row_035615,0.0076938123
row_007629,0.18670659
row_018081,0.15279733
row_037461,0.025610266
row_005917,0.028032785
row_045260,0.001239155
row_029079,0.060119767
row_024980,0.03606383
row_023528,0.79626185
row_033016,0.09946823
row_043427,0.019783383
row_004829,0.023442438
row_006117,0.035385534
row_019468,0.33537766
row_028287,0.12962912
row_009533,0.05727926
row_028693,0.0019511313
row_006602,0.1557211
row_002144,0.4059039
row_033961,0.010453542
row_035517,0.10248538
row_014437,0.9997558
row_026496,0.0018270836
row_024239,0.0010525956
row_033155,0.022839226
row_020381,0.054847136
row_040043,0.3247219
row_000169,0.0128405355
row_009025,0.470985
row_000078,0.91986305
row_045455,0.015206512
row_005833,0.15771058
row_010822,0.046492707
row_044443,0.00030817467
row_030927,0.03224169
row_012400,0.02594875
row_016804,0.107797705
row_029333,0.95660543
row_044525,0.74225485
row_011080,0.04235658
row_046845,0.025811326
row_032113,0.2567366
row_028793,0.16842467
row_007784,0.014458441
row_044510,0.010044604
row_000795,0.3006123
row_011824,0.15367246
row_026053,0.21636671
row_018587,0.06603318
row_042673,0.0023485972
row_042364,0.2046725
row_018789,0.014850793
row_002632,0.9608795
row_039960,0.23573905
row_008350,0.10784691
row_031563,0.10809564
row_034104,0.022152562
row_005110,0.0022373719
row_021794,0.054155752
row_037942,0.00107939
row_015420,0.06727333
row_032563,0.19128622
row_019377,0.5746215
row_049750,0.04155659
row_024833,0.051007558
row_001208,0.056264997
row_044535,0.3989479
row_048793,0.6486046
row_017047,0.00052179815
row_018752,0.061794948
row_037703,0.6248982
row_017828,0.035972606
row_005063,0.014854366
row_006723,0.00077238586
row_032071,0.749586
row_015541,0.0006757694
row_036467,0.104981616
row_033632,0.7467846
row_022540,0.016555335
row_025729,0.5706522
row_037526,0.24411222
row_027731,0.12553653
row_038938,0.34784317
row_046574,0.010254437
row_037201,0.012796113
row_043021,0.9994561
row_012908,0.1986027
row_015393,0.13302884
row_036981,0.40550122
row_023147,0.500418
row_022939,0.28624147
row_016392,0.0028036973
row_043379,0.8023091
row_014785,0.019974997
row_034423,0.95250916
row_009728,0.015717978
row_044105,0.014937533
row_018715,0.0020531847
row_046057,0.00048384722
row_013076,0.68684834
row_018486,0.012280983
row_041264,0.1856371
row_019300,0.1432472
row_010175,0.02516269
row_017949,0.03273508
row_002153,0.7433546
row_016039,0.040811665
row_049348,0.065092936
row_019036,0.0033673197
row_040046,0.0016207797
row_018519,0.015844453
row_001808,0.0068398607
row_001948,0.28154722
row_010621,0.16844898
row_016705,0.9553015
row_035165,0.5644851
row_031206,0.9139082
row_019545,0.031171497
row_012509,0.075860016
row_042552,0.0018101679
row_044277,0.008443938
row_049180,0.8696691
row_014682,0.006723094
row_042477,0.16519931
row_022346,0.68508047
row_013511,0.00059088663
row_014726,0.20922908
row_038982,0.4158891
row_007358,0.0030637532
row_021793,0.2920618
row_047333,0.006713459
row_034753,0.88872814
row_032358,0.023756932
row_007529,0.60395163
row_007331,0.004074764
row_019043,0.6575503
row_009537,0.09173509
row_031060,0.9612809
row_007757,0.43127024
row_011544,0.011970518
row_023943,0.024179095
row_017634,0.0073617715
row_033384,0.01949924
row_044431,0.7439176
row_025683,0.004606982
row_020235,0.15438068
row_020212,0.0018967494
row_015555,0.013475057
row_001570,0.46523905
row_009574,0.013373759
row_042719,0.0867621
row_004628,0.96004915
row_038809,0.056052085
row_018021,0.041347355
row_023518,0.0058926074
row_040553,0.013303392
row_032901,0.3168867
row_035116,0.9783975
row_031627,0.07786968
row_005269,0.9504882
row_001834,0.04913453
row_006831,0.0018075558
row_030518,0.9189392
row_000404,0.03345944
row_039861,0.7348715
row_025825,0.24595459
row_014422,0.9041132
row_042062,0.0058388673
row_000309,0.005117954
row_038601,0.00038291872
row_040623,0.025858104
row_026225,0.124985695
row_048450,0.24997458
row_049815,0.19738801
row_045263,0.06552841
row_035806,0.0924399
row_024585,0.035624564
row_010934,0.6379673
row_043580,0.8700267
row_025514,0.011443448
row_023580,0.08021049
row_038957,0.01589247
row_005800,0.8145555
row_044590,0.051134977
row_011466,0.049218766
row_006876,0.22557357
row_015781,0.43963948
row_036256,0.8890201
row_028839,0.05969817
row_019019,0.0006412636
row_049909,0.11265243
row_046100,0.03235081
row_037080,0.48550558
row_041723,0.02418552
row_004271,0.94910496
row_008192,0.832698
row_004241,0.11256349
row_019772,0.9997912
row_001116,0.13713592
row_041749,0.021993537
row_042440,0.40068048
row_033978,0.16857319
row_040840,0.05406822
row_029564,0.012786209
row_022973,0.0068778372
row_006844,0.27606615
row_037380,0.0013232349
row_027138,0.069468796
row_004620,0.08370288
row_001754,0.0051039257
row_041495,0.0020375883
row_040210,0.051392656
row_014188,0.37566242
row_030394,0.9650756
row_045811,0.592371
row_038942,0.0022389702
row_016384,0.0119486675
row_049713,0.44414005
row_005480,0.09189797
row_040162,0.124187484
row_026743,0.13513708
row_011436,0.0763903
row_044272,0.003386135
row_039079,0.21353163
row_032710,0.99184215
row_039155,0.9808095
row_011142,0.0026556966
row_018493,0.0020298334
row_015996,0.9789218
row_022618,0.01608725
row_038131,0.0071743717
row_040215,8.907243e-05
row_042214,0.87730604
row_031256,0.061072513
row_043196,0.02904894
row_027783,0.029493513
row_023818,0.0068485755
row_021783,0.96770424
row_009734,0.1404652
row_020562,0.00045875614
row_043369,0.019200327
row_024674,0.0099728815
row_000080,0.77356493
row_040026,0.89638984
row_032661,0.021698598
row_046935,0.004733861
row_021365,0.00010385144
row_006163,0.19168545
row_025774,0.0035695233
row_002743,0.019061653
row_016500,0.0016311466
row_005119,0.03822977
row_023958,0.9965389
row_015824,0.011676776
row_047104,0.0019713785
row_033119,0.53983504
row_014177,0.0049779313
row_001536,0.025194202
row_002394,0.18175623
row_040594,0.25100768
row_012957,0.017483326
row_045584,0.5827571
row_024126,0.002095549
row_009292,0.028294044
row_014004,0.8371686
row_032173,0.0016669369
row_020894,0.9914458
row_005592,0.09255407
row_028623,0.0049942783
row_026208,0.0058778217
row_038996,0.05527708
row_027873,0.5986543
row_028312,0.12956186
row_025920,0.25939754
row_016340,0.024231697
row_035821,0.019288436
row_049734,0.0027522566
row_013642,0.107719
row_025976,0.06633344
row_013106,0.06297356
row_049347,0.0039592115
row_039817,0.0006153877
row_022775,0.005762866
row_016313,0.09988551
row_013287,0.1025894
row_043286,0.02285357
row_003268,0.037266392
row_011759,0.00076854526
row_013157,0.000704371
row_005567,0.0009890759
row_015272,0.55454636
row_021984,0.011697678
row_045534,0.8555076
row_014799,0.65701556
row_020315,0.0009311789
row_037384,0.11243751
row_020169,0.10197883
row_034958,0.00911148
row_028116,0.8699072
row_033404,0.022347527
row_013539,0.0072822594
row_008421,0.01716858
row_001920,0.0491593
row_028476,0.03328718
row_034012,0.06910916
row_045031,0.8554514
row_007733,0.017386936
row_014641,0.038337864
row_038077,0.037502166
row_022884,0.5079633
row_028930,0.0014825714
row_022850,0.007508705
row_017810,0.45963052
row_027295,0.0075516137
row_015528,0.0066131526
row_031746,0.88682014
row_038620,0.99732864
row_003405,0.024256729
row_030261,0.14640883
row_037839,0.0013720538
row_031816,0.9925224
row_027724,0.03101116
row_013681,0.015755104
row_043293,0.27375007
row_048413,0.04608018
row_030755,0.022688402
row_031626,0.0034774821
row_043856,0.011289394
row_023498,0.005151753
row_004446,0.10011264
row_049944,0.0006444507
row_043713,0.10596778
row_019288,0.029978843
row_019978,0.022127682
row_020351,0.6305381
row_027231,0.0023309828
row_007824,0.94316643
row_046346,0.10411383
row_029308,0.2165167
row_003942,0.1471256
row_000221,0.0008487631
row_009368,0.35966226
row_015900,0.011175318
row_019259,0.05044999
row_007511,0.0006728984
row_039030,0.0011374669
row_048832,0.021536212
row_003870,0.0046940795
row_030265,0.0017812006
row_046640,0.4851419
row_037247,0.0067439293
row_043832,0.0856849
row_016209,0.024672342
row_027920,0.015220372
row_009172,0.07171122
row_000999,0.9580825
row_020708,0.0074366434
row_013206,0.054425802
row_004992,0.055925015
row_048238,0.0022132378
row_044377,0.6464973
row_010827,0.010818173
row_029125,0.0035984376
row_022699,0.060971003
row_019209,0.018367691
row_015690,0.0019765461
row_009033,0.017211696
row_042788,0.00046913055
row_032350,0.016900623
row_011586,0.77666646
row_030093,0.011748193
row_037333,0.001682663
row_046129,0.63737696
row_024841,0.19027615
row_042079,0.090918705
row_000893,0.025332542
row_038195,0.0017186202
row_035472,0.08473522
row_013368,0.095101
row_009750,0.40987098
row_040633,0.0051328787
row_049573,0.15691598
row_007262,0.0049788007
row_017539,0.0018702808
row_021557,0.07989656
row_040646,0.0015861825
row_029799,0.03679594
row_036389,0.08956331
row_024627,0.026324835
row_048623,0.11686441
row_014030,0.99963677
row_025235,0.0017734523
row_049135,0.13139102
row_039040,0.0036548683
row_033524,0.0006875392
row_028809,0.090878054
row_007608,0.0139290225
row_048445,0.9348787
row_035627,0.13536239
row_048539,0.2963309
row_032976,0.00017811568
row_006349,0.0006771943
row_031398,0.20870993
row_046115,0.09566043
row_039512,0.03960354
row_037238,0.70585173
row_002755,0.008225406
row_022888,0.43442494
row_047640,0.29760703
row_013837,0.38099897
row_001554,0.042170797
row_011652,0.004359848
row_015441,0.0016838947
row_022418,0.00082855864
row_015452,0.027926536
row_031858,0.02062823
row_035180,0.25216016
row_002950,0.30338272
row_007143,0.30476463
row_042731,0.021835294
row_008366,0.030840402
row_026395,0.12503646
row_024054,0.0668456
row_001055,0.02377054
row_024914,0.21480809
row_002008,0.004899869
row_021913,0.0005284668
row_018860,0.005228703
row_008265,0.0042546173
row_016026,0.26012027
row_021089,0.966329
row_040101,0.0028091457
row_029595,0.49690875
row_026510,0.6737696
row_039682,0.47021315
row_049094,0.0051381947
row_008415,0.0049737482
row_011009,0.091839746
row_031535,0.6919533
row_011713,0.56413686
row_016757,0.4282056
row_042384,0.08276124
row_037115,0.08599024
row_016797,0.7623435
row_008677,0.07103679
row_035829,0.08232701
row_007713,0.22915827
row_023948,0.0011781292
row_045798,0.10099079
row_019668,0.0022381553
row_044428,0.0014809311
row_031269,0.97170186
row_032155,0.5624586
row_008561,0.3246683
row_021592,0.084423415
row_018714,3.4261106e-05
row_024677,0.00041292582
row_046277,0.70106065
row_047052,0.013187218
row_037770,0.01238627
row_046655,0.005309321
row_043224,0.012473549
row_031614,0.00033712294
row_040938,0.00088016206
row_046547,0.026676273
row_009038,0.049346004
row_000339,0.12726502
row_029788,0.038587935
row_045942,0.031041414
row_027346,0.031335834
row_045983,0.27745038
row_008687,0.035628274
row_037382,0.0023986697
row_037870,0.27556315
row_039974,0.035249297
row_014074,0.13070036
row_015635,0.014709506
row_023509,0.0011583031
row_034624,0.07344965
row_034030,0.34013903
row_048058,0.051035088
row_038034,0.0016733865
row_023986,0.99036014
row_003493,0.1447497
row_011785,0.0012919311
row_032698,0.040688507
row_039101,0.18442069
row_039153,0.66891515
row_043786,0.04884372
row_046528,0.08426376
row_009769,0.019451482
row_017781,0.00440892
row_003425,0.0012641395
row_022288,0.036383502
row_044566,0.041523024
row_021730,0.00078321673
row_003152,0.14503478
row_033064,0.36764824
row_019093,0.022086645
row_007539,0.0018755659
row_002946,0.8762224
row_029434,0.0016872373
row_048767,0.016085614
row_009810,0.32091856
row_018931,0.75540173
row_042834,0.016022861
row_035403,0.0044343797
row_048695,0.9517169
row_019198,0.017433286
row_035737,0.32663175
row_022168,0.5372209
row_040168,0.026520113
row_034595,0.12966208
row_000577,0.0014815828
row_023359,0.08114181
row_017428,0.0004285102
row_011884,0.08050999
row_005089,0.010442903
row_041763,0.089662865
row_008655,0.007053198
row_014502,0.53526103
row_022999,0.975227
row_047263,0.84081626
row_021125,0.00017726936
row_000210,0.0031727324
row_048757,0.75021976
row_040006,0.54416835
row_030180,0.009721703
row_014744,0.80188096
row_010896,0.53463787
row_011441,0.0030443422
row_018621,0.4484312
row_028311,0.004631509
row_041529,0.02135733
row_042115,0.006184969
row_029222,0.07072111
row_008311,0.01989507
row_026866,0.005513309
row_048491,0.0013785798
row_027579,0.34171224
row_022050,0.22252466
row_001286,0.35876355
row_011781,0.024070734
row_036825,0.0024141117
row_033274,0.96128374
row_039744,0.9866984
row_007364,0.25336057
row_010460,0.4338345
row_030429,0.00092127826
row_003767,0.0014429896
row_010055,0.23751312
row_033195,0.8237097
row_034449,0.03289122
row_000200,0.0011147939
row_046506,0.04342513
row_017729,0.03247256
row_030656,0.088607386
row_039017,0.56674737
row_040865,0.9650074
row_025424,0.04733391
row_012681,0.954438
row_003275,0.07946931
row_049167,0.005390549
row_033584,0.0018836224
row_021073,0.004863033
row_042453,0.55160403
row_008570,0.007540315
row_001932,0.8207769
row_043729,0.003113947
row_019397,0.068084136
row_033245,0.4514131
row_048518,0.22026926
row_000985,0.40209958
row_017081,0.0894608
row_012427,0.3856809
row_002478,0.26093438
row_049575,0.0006802859
row_044836,0.0005197025
row_008619,0.004664536
row_004127,0.0010003438
row_035654,0.0031871493
row_020498,0.01888248
row_034757,0.87576216
row_040808,0.00043940605
row_003622,0.06783608
row_017738,0.16934527
row_046471,0.44457403
row_034770,0.04672582
row_029757,0.0101848515
row_032255,0.1796067
row_038265,0.11629576
row_009844,0.90437824
row_020741,0.09906965
row_049154,0.01242454
row_018823,0.010223173
row_029131,0.56263405
row_031337,0.8625692
row_047026,0.012453447
row_020838,0.021944175
row_028538,0.023023006
row_007991,0.02890129
row_020852,0.011425624
row_048244,0.620585
row_007436,0.0009711707
row_048865,0.007250487
row_016259,0.766518
row_049453,0.006624345
row_032080,0.75403684
row_014678,0.09485963
row_039287,0.2644928
row_009441,0.010766686
row_023011,0.968269
row_013638,0.0005100255
row_043881,0.08705769
row_010449,0.111244716
row_033383,0.024897553
row_016775,0.34535903
row_007046,0.030341074
row_028168,0.43522307
row_000810,0.82898116
row_049465,0.008612762
row_011946,0.0052326354
row_040760,0.5344566
row_042856,0.018552855
row_012023,0.96428484
row_036402,0.99626786
row_019973,0.00066672167
row_002836,0.0064986455
row_021659,0.0015571885
row_000482,0.028734779
row_027496,0.009995373
row_025099,0.019839877
row_002762,0.0029111526
row_020871,0.055470966
row_003254,0.015128085
row_026236,0.022515649
row_039507,0.14524803
row_048878,0.023808321
row_020684,0.0020320553
row_014516,0.010642054
row_002392,0.8741991
row_045602,0.007922992
row_041280,0.0321885
row_025323,0.0014038674
row_041785,0.2376442
row_011483,0.9732357
row_031050,0.04293464
row_031726,0.025961095
row_048730,0.058581647
row_002358,0.023279844
row_015442,0.055371303
row_037855,0.011133835
row_048522,0.9875888
row_031542,9.961398e-05
row_005719,0.095738366
row_004294,0.9698444
row_022212,0.3995834
row_041311,0.049027517
row_016759,0.4809311
row_049704,0.99800473
row_023738,0.020846438
row_014106,0.6976075
row_019260,0.0014575474
row_035575,0.020653492
row_037116,0.007124427
row_003429,0.7380296
row_022492,0.035249338
row_035519,0.0049910354
row_049136,0.7351433
row_035055,0.2776531
row_029426,0.49902773
row_018816,0.30006593
row_045691,0.0036255196
row_042361,0.09900031
row_028125,0.040441524
row_019168,0.15577325
row_040299,0.0033955665
row_000703,0.06672564
row_042057,0.08589337
row_024373,0.99953234
row_017439,0.11512409
row_047714,0.009774179
row_024266,0.01555857
row_022771,0.41036448
row_024523,0.012353891
row_007071,0.0057104323
row_047436,0.0427454
row_033824,0.12618828
row_034763,0.5224648
row_039686,0.11076932
row_013645,0.8410646
row_041806,0.11158017
row_024517,0.085240826
row_047304,0.060158327
row_034830,0.0071398886
row_043036,0.90086704
row_040324,0.03998604
row_020580,0.013677547
row_034996,0.066707514
row_049560,0.0010979851
row_030505,0.0010173871
row_001903,0.03725639
row_033234,0.49436584
row_012991,0.017295377
row_044415,0.35002124
row_048367,0.007946091
row_018677,0.0749685
row_028237,0.011912221
row_002689,0.03876888
row_014712,0.8580588
row_020586,0.6139554
row_042948,0.69824666
row_001166,0.3961005
row_033685,0.5389672
row_018299,0.055089604
row_023549,0.9716898
row_024285,0.2640073
row_004048,0.00097052054
row_012556,2.8585411e-05
row_003363,0.020212153
row_032492,0.0118720345
row_039444,0.18014707
row_034539,0.07287975
row_021922,0.7575899
row_034082,0.0028848136
row_004531,0.7037235
row_002507,0.2620118
row_032273,0.0030130567
row_044620,0.0036607906
row_032516,0.40069482
row_048236,0.9960226
row_044059,0.032657262
row_007124,0.0023112637
row_023950,0.0016135535
row_039965,0.12365295
row_003105,0.65126294
row_038005,0.008425035
row_041817,0.2046728
row_035424,0.048146036
row_039227,0.9272388
row_036239,0.038165536
row_021485,0.029288674
row_038273,0.076419964
row_049839,0.020516992
row_035959,0.16137387
row_038540,0.015853846
row_034008,0.17719413
row_006415,0.7612996
row_030142,0.4217945
row_023672,0.003073955
row_004340,0.8720954
row_003527,0.0069334423
row_037343,0.015795223
row_036655,0.6333022
row_035073,0.17445521
row_013097,0.003553929
row_028010,0.027547767
row_033056,0.865022
row_049566,0.0007703919
row_005708,0.014516494
row_014498,0.071699336
row_025978,0.00070166436
row_041327,0.001713593
row_000235,0.17874932
row_040149,0.9643547
row_023848,0.027661953
row_031441,0.00075793697
row_020650,0.062641546
row_002650,0.7206497
row_011464,0.066975474
row_031379,0.84573364
row_034931,0.13462748
row_036909,0.13674025
row_034407,0.59570366
row_010468,0.23106536
row_012501,0.057414938
row_026994,0.052731726
row_001505,0.007061508
row_049589,0.0060744556
row_003569,0.348151
row_016310,0.007940266
row_031570,0.94329923
row_010362,0.0033808
row_029077,0.33167675
row_016062,0.00038997713
row_022573,0.9526238
row_036055,0.81218886
row_029299,0.9970987
row_028602,0.020918379
row_033768,0.034789223
row_035174,0.08763879
row_047790,0.003097411
row_001301,0.09420174
row_034368,0.0011231996
row_014432,0.8422835
row_007818,0.0077510136
row_037361,0.0028182382
row_030310,0.11167947
row_042727,0.99776745
row_009116,0.093934886
row_008905,0.00072410464
row_016187,0.1404457
row_017730,0.81028974
row_020834,0.21553342
row_018611,0.31571776
row_021483,0.064083904
row_033572,0.0092502935
row_021787,0.05270677
row_043530,0.999908
row_019565,0.29182458
row_033649,0.14084347
row_035415,0.09706324
row_022925,0.024483012
row_045636,0.30790555
row_007781,0.010170233
row_045769,0.5014469
row_024947,0.023772702
row_004657,0.013535345
row_030887,0.0010536099
row_006011,0.11456319
row_005894,0.02327182
row_013944,0.34335375
row_024760,0.17982057
row_042842,0.040932253
row_032289,0.056228526
row_004888,0.00019158635
row_004792,0.0089897355
row_032175,0.035643432
row_045397,0.004269398
row_033349,0.107072555
row_020477,0.27791348
row_030044,0.009548592
row_021604,0.0104185445
row_017331,0.2203631
row_049475,0.7820686
row_023469,0.0006038849
row_034357,0.8410594
row_003502,0.03653218
row_023399,0.9559663
row_039463,0.98027885
row_034184,0.13059743
row_020686,0.99331564
row_005277,0.4484876
row_049592,0.009805779
row_041981,0.23662366
row_015597,0.016468138
row_017141,0.6558343
row_023019,0.10245694
row_036047,0.084998176
row_044546,0.20089023
row_036811,0.0021314523
row_035637,0.0013726883
row_006007,0.57964927
row_038145,0.0001485501
row_003971,0.4007909
row_008186,0.79769295
row_000903,0.04623195
row_025465,0.47598353
row_020989,0.0015635825
row_014277,0.045879975
row_039055,0.03969752
row_038707,0.17524917
row_006825,0.0009931608
row_002549,0.005432575
row_005593,0.16012785
row_016625,0.25086203
row_000488,0.02671132
row_037977,0.67686814
row_038408,0.06389056
row_044776,0.014251188
row_044561,0.017431006
row_044974,0.03687652
row_005006,0.026489293
row_031587,0.013786499
row_002884,0.046282522
row_009190,0.6781716
row_032697,0.009374284
row_015210,0.14597395
row_010875,0.0422342
row_003956,0.21909587
row_033498,0.024752358
row_020401,0.8542292
row_010554,0.092094935
row_005859,0.056231514
row_015011,0.97213936
row_013988,0.2188094
row_007703,0.314721
row_029593,0.028796792
row_007397,0.004955979
row_003736,0.07464543
row_015767,0.013065876
row_015953,0.020542558
row_025777,0.18117723
row_037070,0.2626148
row_039469,0.030961841
row_036144,0.002297268
row_002470,0.0004016409
row_031338,0.012786473
row_010472,0.03263024
row_025905,0.3412993
row_000939,7.715317e-05
row_004597,0.1148311
row_022941,0.031044334
row_041032,0.009929258
row_031487,0.10942033
row_014200,0.16386987
row_013411,0.00087719195
row_041725,0.661352
row_015613,0.5230239
row_048232,0.009176531
row_047507,0.10703732
row_049954,0.06720528
row_009467,0.0022190148
row_026122,0.045414824
row_030431,0.018813403
row_037683,0.20674959
row_027788,0.0042511723
row_010056,0.010256601
row_033287,0.81746775
row_046388,0.0034479105
row_037564,0.0012005995
row_037069,0.05340368
row_038014,0.74642676
row_040905,0.24941878
row_027772,0.012299929
row_025541,0.28708836
row_026175,0.53669983
row_000217,0.843782
row_013686,0.051732752
row_034695,0.017517738
row_044239,0.15126657
row_022849,0.29257855
row_003512,0.97121304
row_012492,0.14747353
row_014529,0.040897403
row_040764,0.02246312
row_044875,0.01689473
row_026559,0.00023161263
row_005155,0.25653592
row_046514,0.003192929
row_042160,0.19737825
row_019622,0.9967777
row_020311,3.3204662e-05
row_014967,0.5906763
row_000253,0.12290206
row_001807,0.21962337
row_005318,0.052405123
row_045466,0.016011138
row_037607,0.9856468
row_023470,0.45057583
row_042133,0.21357529
row_027087,0.33048669
row_028351,0.2594675
row_001078,0.024161326
row_003526,0.00072758534
row_043653,0.010851027
row_031153,0.41903147
row_036769,0.6232404
row_033046,0.31047034
row_006090,0.23466492
row_044131,0.021219684
row_007889,0.0038915644
row_034042,0.08632033
row_029324,0.0016372195
row_032835,0.0042665484
row_020080,0.24673027
row_017957,0.012512863
row_045448,0.5258379
row_042455,0.0012665639
row_012307,0.29981092
row_025858,0.31948444
row_013752,0.0009363073
row_047836,0.009414176
row_033928,0.030758552
row_036275,0.03677339
row_010752,0.024625719
row_001492,0.28845516
row_007565,0.03498257
row_005755,0.089719884
row_018513,0.3585469
row_014258,0.16036789
row_039102,0.061529122
row_004024,0.38988274
row_016270,0.438926
row_029611,0.00038060299
row_043226,0.87029535
row_004780,0.0011928021
row_030227,0.3406848
row_048849,0.005063394
row_029780,0.62968403
row_044777,0.0067619644
row_049275,0.7825389
row_005504,0.05730723
row_018132,0.12661545
row_044751,0.0069653555
row_024407,0.013757161
row_034495,0.024213247
row_041727,0.021412794
row_034348,0.04108226
row_012925,0.70510393
row_028429,0.013653638
row_037184,0.0010821146
row_006718,0.0001953401
row_036685,0.008800117
row_022351,0.005276719
row_006524,0.01217404
row_020545,0.682556
row_014032,0.020396542
row_018032,0.0024330218
row_002312,0.11411455
row_030231,0.025961153
row_019779,0.006481953
row_044135,0.014768441
row_031332,0.5267874
row_027975,0.029809121
row_027917,0.1046779
row_040910,0.00067698676
row_029170,0.29145867
row_017520,0.0055173947
row_031264,0.9970957
row_010128,0.14292553
row_014710,0.7707147
row_044516,0.028917307
row_026046,0.6767088
row_049380,0.48259038
row_013443,0.31227183
row_032833,0.91478014
row_040497,0.0003537826
row_019435,0.28428423
row_029394,0.67900383
row_007979,0.0052913763
row_029172,0.0013603424
row_014137,0.032750156
row_038777,0.0058514997
row_030130,0.0029878076
row_020851,0.0066877967
row_029456,0.120074235
row_031437,0.016566115
row_003872,0.08910612
row_016188,0.27196732
row_035436,0.996911
row_009865,0.3391897
row_005271,0.000837283
row_046226,0.03999726
row_042490,0.021244422
row_040739,0.145707
row_009840,0.8154343
row_041351,0.05604342
row_032593,0.019447444
row_040550,0.0041911025
row_025223,0.013636676
row_037331,0.0135893645
row_012763,0.19949426
row_041005,0.75267863
row_019241,0.6438786
row_011960,0.12695274
row_004761,0.01220949
row_002256,0.9992779
row_026145,0.09991878
row_003450,0.07716557
row_003735,0.0006803111
row_025428,0.07744775
row_045656,0.00083195063
row_030467,0.0048364233
row_010616,0.009081878
row_013724,0.9433987
row_046859,0.40927026
row_038874,0.42944562
row_015533,0.034173824
row_044943,0.7880619
row_021541,0.8945408
row_018160,0.23591179
row_000943,0.00073223776
row_010464,0.004249457
row_005510,0.01135188
row_020408,0.7566312
row_037377,0.022986267
row_043222,0.0685056
row_027396,0.16505268
row_002311,0.0070899297
row_030991,0.002161392
row_003077,0.06567744
row_045084,0.018951993
row_043674,0.8808915
row_006637,0.007969018
row_000351,0.1546673
row_020743,0.0056085605
row_002398,0.0117831
row_025032,0.9531112
row_027878,0.015151383
row_025192,0.26525962
row_023545,0.13877031
row_034860,0.026512008
row_030496,0.0028763232
row_020701,0.62176555
row_014944,0.053277306
row_027385,0.017616838
row_024702,0.24945207
row_038519,0.017699469
row_006996,0.9948236
row_040199,0.006206425
row_031751,0.19234024
row_018614,0.00020598383
row_035901,0.07949164
row_011341,0.11570522
row_017092,0.083726086
row_041402,0.0035093483
row_046215,0.0040811044
row_009630,0.031990595
row_045410,0.0018483179
row_047025,0.0067718676
row_040209,0.09649224
row_024371,0.155458
row_024978,0.17132543
row_031188,0.053462103
row_040441,0.9960324
row_015509,0.86043113
row_002759,0.13001516
row_002120,0.0008896569
row_038060,0.001962428
row_003933,0.1146436
row_003972,0.0043553878
row_046047,0.0034366485
row_049666,0.06766931
row_010703,0.0018295897
row_026455,0.008491552
row_018784,0.0109703895
row_033796,0.05482861
row_040776,0.0062260493
row_025557,0.06074363
row_007779,0.0036815703
row_044781,0.000312575
row_014573,0.023855746
row_018894,0.07530291
row_007771,0.0027189134
row_019820,0.010654918
row_022668,0.0048689744
row_027088,0.29291818
row_049101,0.5273265
row_047152,0.8853302
row_037472,0.0015319554
row_036630,0.08846841
row_031812,0.018796457
row_004855,0.0024312055
row_032555,0.0071135573
row_037181,0.013453243
row_024454,0.11103483
row_008642,0.041696377
row_039826,0.20182924
row_013229,0.2130322
row_027861,0.31105897
row_049155,0.87827855
row_049330,0.0940493
row_020508,0.01215835
row_045372,0.0016859495
row_047857,0.013137013
row_041354,0.0009929044
row_043550,0.051281095
row_029484,0.6785042
row_049336,0.8689318
row_012043,0.0014839323
row_006250,0.00043408867
row_040656,0.025540132
row_004557,0.095359914
row_008326,0.0010371513
row_003592,0.9128551
row_036090,0.013252146
row_010740,0.25565034
row_030445,0.56174535
row_023192,0.99823284
row_016302,0.9367825
row_041801,0.72468036
row_012628,0.07351219
row_031536,0.0020276776
row_048579,0.07980943
row_026829,0.04276637
row_039110,0.22559108
row_015434,0.051715177
row_043861,0.0033102587
row_007817,0.15144716
row_038072,0.23140673
row_039164,0.03767218
row_006094,0.802403
row_027065,0.4843683
row_001855,0.001999612
row_023871,0.07510128
row_018968,0.05199028
row_025211,0.0067060674
row_001139,0.0014137068
row_041466,0.14945515
row_005338,0.0006985238
row_040692,0.04029088
row_017783,0.007752657
row_041694,0.0026874894
row_009913,0.015625024
row_026515,0.0015618474
row_004707,0.022358995
row_011776,0.05501663
row_017042,0.061009236
row_012634,0.03352169
row_017568,0.0003405316
row_037111,0.5408516
row_039895,0.14127675
row_035704,0.0044963965
row_015031,0.107388355
row_000367,0.0012350249
row_044167,0.0042837374
row_000067,0.004389149
row_000776,0.005237838
row_030490,0.82245547
row_006691,0.015689755
row_010424,0.9160199
row_011921,0.13204147
row_002260,0.7257472
row_045874,0.7141418
row_011139,0.86247104
row_045734,0.2922787
row_001066,0.49742174
row_021695,0.01705466
row_020765,0.56459045
row_024660,0.14672989
row_015396,0.019635268
row_007155,0.24395809
row_013805,0.13903387
row_005175,0.00697937
row_027611,0.2767704
row_019018,0.17686981
row_035084,0.84558654
row_038931,0.8160938
row_030671,0.64092517
row_010042,0.16361804
row_038598,0.04309932
row_044959,0.9497523
row_020183,0.000513182
row_026589,0.08006881
row_049937,0.00067235023
row_005535,0.041484337
row_043841,0.97220075
row_036262,0.005832784
row_009418,0.2409681
row_000645,0.90552425
row_024152,0.0020211316
row_009995,0.003538979
row_026796,0.017843297
row_032274,0.23146561
row_011033,0.030271037
row_026313,0.9031459
row_046776,0.04499983
row_044565,0.028761527
row_025911,0.00034460242
row_049482,0.01272471
row_031177,0.031565063
row_014819,0.006207511
row_035392,0.22685404
row_039474,0.07671296
row_045093,0.03391117
row_043854,0.0025241985
row_025418,0.00032340904
row_039703,0.0026950445
row_042463,0.00025785764
row_036628,0.008623436
row_024428,0.00016116363
row_041034,0.5341772
row_036016,0.008035852
row_000702,0.00023777262
row_039737,0.19422008
row_043824,0.090537876
row_014789,0.9877152
row_024870,0.12762268
row_036515,0.058477677
row_005010,0.6996356
row_041846,0.22068459
row_016387,0.18412639
row_021297,0.14383678
row_020444,0.8139161
row_036117,0.00047248
row_039380,0.94690704
row_025158,0.47484684
row_012140,0.025070878
row_031758,0.0032208383
row_001550,0.014900671
row_045698,0.13749401
row_001857,0.11298652
row_047221,0.4527802
row_026063,0.0065713734
row_011531,0.28065726
row_041946,0.9720273
row_023125,0.16841406
row_048800,0.14701375
row_001551,0.9167243
row_003744,0.0046729185
row_007603,0.083450966
row_041083,0.91391146
row_001681,0.6760862
row_012754,0.43347427
row_003205,0.0006357354
row_046393,0.044102
row_005451,0.06179227
row_014760,0.17644396
row_039052,0.9397047
row_018591,0.09883815
row_043883,0.011609721
row_015282,0.023413707
row_003177,0.08223089
row_006779,0.10934849
row_045221,0.06489961
row_038278,0.18156084
row_042056,0.017002635
row_044806,0.6223758
row_034372,0.03880798
row_013004,0.29490528
row_002324,0.0083962
row_041652,0.029616524
row_006483,0.015757605
row_035648,0.50164187
row_039660,0.044860214
row_017213,0.02607973
row_030288,0.00871033
row_010010,0.72556704
row_022995,0.062026583
row_003532,0.009670212
row_024508,0.9271558
row_009887,0.6525673
row_004898,0.0015155944
row_042174,0.059365828
row_048609,0.004656571
row_037291,0.2160354
row_019251,0.9975132
row_038155,0.020810232
row_029745,0.0011413661
row_038652,0.07817108
row_000355,0.10140674
row_001080,0.07103066
row_014014,0.0038974225
row_031271,0.012343446
row_041047,0.1833748
row_003846,0.0013253089
row_028205,0.17606287
row_010930,0.15264405
row_035200,0.011232559
row_040667,0.0073611797
row_021561,0.06746602
row_042555,0.35446113
row_025954,0.056195337
row_003923,0.1059994
row_015291,0.0038743475
row_037166,0.029166495
row_005792,0.36661956
row_036460,0.009172374
row_010588,0.029958127
row_008345,0.23694046
row_003225,0.008153125
row_032761,0.89839345
row_002515,0.022799028
row_024409,0.019670017
row_033238,0.0022097742
row_035965,0.05401969
row_043387,0.025278645
row_017389,0.1717154
row_039228,0.0044615655
row_006604,0.08796184
row_009752,0.050042987
row_029433,0.7976427
row_003806,0.070130974
row_036662,0.5447561
row_035480,0.88340795
row_035625,0.20080681
row_015002,0.015328513
row_008133,0.023696618
row_035872,0.031869948
row_020363,0.014794239
row_048723,0.7596497
row_004906,0.6141849
row_004658,0.0010997893
row_039334,0.05470098
row_004772,0.0008118926
row_003094,0.018728616
row_021208,0.011206285
row_030874,0.68768156
row_010719,0.6902179
row_018948,0.0055540293
row_039213,0.005652509
row_018855,0.31921613
row_010738,0.0027248752
row_012297,0.015639992
row_008050,0.39023066
row_045476,0.0024424794
row_014934,0.0032541414
row_041281,0.005394746
row_005300,0.6611713
row_010881,0.045914657
row_004499,0.677674
row_005992,0.0071929297
row_047224,0.6123702
row_022108,0.068569794
row_039490,0.0043700393
row_033755,0.018454792
row_034101,0.08712508
row_024821,0.3951162
row_035320,0.0037985244
row_041614,0.080764495
row_044336,0.0125833135
row_009819,0.0020033447
row_017982,0.0012116989
row_039513,0.002262358
row_043721,0.051333122
row_043255,0.008862944
row_034683,0.011475703
row_014890,0.012265421
row_009731,0.019720132
row_022858,0.0922062
row_040527,0.02538402
row_023179,0.020608949
row_040345,0.0040161675
row_025698,0.03860534
row_042397,0.0016022994
row_016593,0.018083716
row_028697,0.08161309
row_039139,0.0065308753
row_018169,0.040872987
row_014386,0.028357247
row_037843,0.9811839
row_005694,0.0006590924
row_033107,0.026561374
row_042474,0.086781405
row_012246,0.7799843
row_001010,0.0040840236
row_011312,0.11934054
row_006379,0.004745754
row_022881,0.10178502
row_030781,0.7685364
row_025897,0.18101472
row_049577,0.07181998
row_008913,0.006712257
row_046591,0.28469124
row_039396,0.02544757
row_031167,0.48793456
row_022137,0.28266227
row_007492,0.027394563
row_009725,0.005663583
row_023741,0.011286515
row_005359,0.014680399
row_037632,0.9106352
row_009101,0.053764734
row_041190,0.11702288
row_032882,0.016577156
row_025967,0.004726895
row_004165,0.9158631
row_000301,0.069600016
row_019348,0.06009136
row_045965,0.0295071
row_046577,0.00077309576
row_010244,0.016361749
row_048199,0.13323179
row_022437,0.37507796
row_012229,0.99854636
row_025149,0.09352308
row_015857,0.42293528
row_035574,0.119860955
row_037598,0.08533622
row_034205,0.28406346
row_002066,0.5226071
row_027675,0.0015404512
row_014825,0.10476673
row_016516,0.0648748
row_020385,0.3295848
row_021414,0.040805887
row_000096,0.0027146654
row_018575,0.66331315
row_045002,0.0012235461
row_000960,0.30274865
row_022292,0.048167728
row_007204,0.011699888
row_022238,0.0064822477
row_043128,0.04176952
row_002259,0.99555814
row_036479,0.99816304
row_041841,0.14384061
row_002279,0.012119524
row_018489,0.012339749
row_015864,0.30055663
row_025051,0.0009197618
row_012163,0.003463986
row_006792,0.011267545
row_003814,0.22160515
row_046383,0.0024029138
row_044651,0.017623374
row_038588,0.024065573
row_040838,0.081206724
row_049847,0.04571207
row_040106,0.0009833904
row_030489,0.06564993
row_037556,0.047013905
row_039814,0.4380218
row_008807,0.41005588
row_026324,0.018092917
row_007112,0.0029494308
row_043733,0.00059648487
row_007493,0.3872615
row_042867,0.43445382
row_048381,0.14336263
row_022119,0.71268654
row_021649,0.014201042
row_039555,0.8611603
row_024497,0.016927391
row_002616,0.073725395
row_042543,0.03875168
row_021887,0.9905372
row_016257,0.48591357
row_026381,0.13370435
row_002907,0.9948185
row_043073,0.00317198
row_036785,0.06697121
row_017292,0.03797717
row_038675,0.08429353
row_021381,0.7378525
row_025290,0.81546545
row_032768,4.3203603e-05
row_024619,0.11311619
row_011572,0.016528975
row_027501,0.095259555
row_035211,0.0006768861
row_023040,0.3382183
row_043356,0.0049512526
row_045047,0.02554406
row_001309,0.004489173
row_049849,0.9971343
row_012333,0.76905876
row_010790,0.09336809
row_035477,0.08054729
row_049018,0.011420777
row_047343,0.018617667
row_017361,0.9350923
row_001508,0.048353974
row_002410,0.007396195
row_032871,0.0009341981
row_046824,0.002598543
row_047269,0.10540678
row_030147,0.8175733
row_033448,0.017411735
row_044748,0.0031935119
row_034212,0.392758
row_032111,0.0013073948
row_003129,0.46550858
row_017040,0.17988554
row_023141,0.37367427
row_027645,0.25241336
row_015770,0.0024810988
row_016422,0.76878697
row_001004,0.45909292
row_011594,0.0047510318
row_048189,0.03790495
row_048545,0.58949083
row_000487,0.0047009997
row_003374,0.03375751
row_039602,0.01960631
row_036122,0.028215293
row_049144,0.21482983
row_016212,0.01899704
row_000214,0.035918728
row_001643,0.31126735
row_035206,0.010082459
row_016291,0.5834984
row_010178,0.32619205
row_024967,0.2882117
row_025739,0.04914009
row_008470,0.014973647
row_010289,0.22303788
row_024772,0.8358995
row_044592,0.2957529
row_007233,0.033906788
row_018879,0.012879822
row_001590,0.00026911715
row_020648,0.45645627
row_016929,0.20019749
row_015099,0.0042153336
row_044899,0.8925761
row_040150,0.51407325
row_038213,0.102498166
row_046023,0.07388898
row_022601,0.8920111
row_027466,0.030679774
row_003071,0.008425298
row_019311,0.12841319
row_028941,0.0007082384
row_000397,0.08609081
row_022102,0.010835827
row_036164,0.6277588
row_009466,0.015254981
row_035307,0.00065992115
row_012272,0.18818578
row_017915,0.16425218
row_039423,0.02584259
row_045516,0.40676126
row_048981,0.8124819
row_035908,0.15693007
row_019173,0.0011485377
row_047528,0.035791397
row_009618,0.058127955
row_003720,0.04249995
row_017912,0.30505785
row_029956,0.002028528
row_034640,0.59094256
row_035505,0.036721762
row_029068,0.05434843
row_000433,0.0037793717
row_028653,0.040429063
row_013543,0.49117622
row_000001,0.03922135
row_022875,0.0013809411
row_009768,0.02178767
row_013576,0.79204375
row_045239,0.002604456
row_034966,0.00038901248
row_008257,0.9973327
row_032525,0.031718712
row_034509,0.8793262
row_023417,0.03210639
row_022310,0.0056622755
row_027285,0.013903281
row_030884,0.081562
row_047768,0.15936753
row_016413,0.25584617
row_049337,0.8142533
row_031014,0.010242296
row_014418,0.00968185
row_016643,0.050001778
row_008049,0.69306856
row_018718,0.00303378
row_042910,0.0025134173
row_016874,0.19299027
row_018176,0.17540808
row_011412,0.011054813
row_017020,0.11430252
row_032209,0.9105785
row_040600,0.036529075
row_000509,0.124125734
row_004180,0.059211794
row_034272,0.6171077
row_006612,0.47597855
row_007518,0.1910019
row_014612,0.017471038
row_033603,0.009523344
row_027184,0.87663686
row_037643,0.08680571
row_013759,0.2953127
row_048223,0.071546845
row_009818,0.08662537
row_033333,0.973693
row_011154,0.010336232
row_008661,0.105035074
row_042755,0.2626053
row_027593,0.10293114
row_016748,0.32351515
row_019818,0.31657705
row_028657,0.0032026158
row_008575,0.003211321
row_010665,0.893456
row_015814,0.06937378
row_047629,0.95746285
row_040616,0.040626887
row_048057,0.0857883
row_002202,0.0027425182
row_031959,0.50992334
row_006370,0.48144528
row_029847,0.026869984
row_013612,0.0009797902
row_034370,0.6025673
row_022422,0.008874076
row_045135,0.8963485
row_000041,0.010978444
row_039580,0.51950485
row_019718,0.00084007444
row_006401,0.12487717
row_042835,0.021021508
row_046908,0.35021618
row_036170,0.28049284
row_049127,0.19132155
row_023981,0.15868023
row_042959,0.040259667
row_023797,0.03929029
row_016571,0.040026255
row_029892,0.0035753795
row_001484,0.0037782053
row_043688,0.025129119
row_042353,0.023808764
row_031287,0.017605528
row_027732,0.08712131
row_018865,0.0029848476
row_047366,0.125308
row_033320,0.5254973
row_033725,0.064342655
row_007499,0.06370542
row_044608,0.020955503
row_019415,0.9916306
row_045924,0.11928636
row_020418,0.022209588
row_018821,0.019003674
row_010378,0.93212587
row_019041,0.019949866
row_028660,0.26630792
row_044870,0.0033685681
row_010951,0.95063365
row_010129,0.3533551
row_005490,0.25779587
row_010917,0.008278481
row_039267,0.49669814
row_029376,0.004487997
row_022446,0.08842728
row_020289,0.0050986186
row_036622,0.054949176
row_043545,0.92062825
row_022651,0.028525528
row_035565,0.022138653
row_032690,0.8235353
row_039071,0.22601447
row_030717,0.014692958
row_027555,0.011669167
row_036313,0.29182872
row_039488,0.032765638
row_021982,0.71468985
row_027839,0.0016257347
row_030815,0.5970868
row_025441,0.1853996
row_011656,0.0003390882
row_044457,0.005361404
row_006206,0.00046581565
row_049246,0.3327147
row_037930,0.015215248
row_035083,0.24248512
row_034704,0.030786203
row_027918,0.14655098
row_037334,0.056515012
row_036524,0.004363946
row_023124,0.024017895
row_043365,0.0019600135
row_032814,0.020321049
row_022298,0.01986233
row_027762,0.39896432
row_038837,0.005902632
row_015382,0.021286359
row_046980,0.004294469
row_040956,0.0004660584
row_044180,0.04897762
row_024567,0.7311584
row_047888,0.17162389
row_046802,0.008150469
row_023998,0.8939581
row_032560,0.002088833
row_045091,0.33190563
row_037366,0.0003699594
row_042787,0.99254864
row_000832,0.6698657
row_033994,0.54829437
row_003463,0.96831053
row_021602,0.011420993
row_038524,0.051858492
row_018615,0.027512453
row_016226,0.009665756
row_019298,0.0029033606
row_001387,0.5087345
row_028269,0.52869385
row_031802,0.0026729514
row_046770,0.008454101
row_014630,0.5167503
row_042773,0.6016046
row_047005,0.4925828
row_034549,0.9789261
row_008163,0.00014132845
row_004406,0.00016438722
row_019719,0.20497371
row_014882,0.9113234
row_046850,0.032384995
row_049082,0.1258003
row_044810,0.0008277242
row_039230,0.015821554
row_019733,0.014512702
row_016027,0.0004562176
row_041937,0.0067744274
row_045903,0.0008634186
row_047124,0.004802315
row_043013,0.0023587921
row_030691,0.39798316
row_042754,0.051329657
row_031243,0.0080039445
row_016679,0.0027370488
row_010108,0.023659064
row_000511,0.01405436
row_022562,0.035788536
row_030689,0.044345796
row_028907,0.09816974
row_000401,0.003281275
row_005513,0.639608
row_033805,0.09442709
row_004545,0.028233858
row_020148,0.015114103
row_038456,0.944804
row_004867,0.031374168
row_001251,0.0059191915
row_049198,0.27335793
row_011745,0.026837662
row_008072,0.07079661
row_017864,0.035145096
row_025448,0.44427246
row_019608,1.928814e-05
row_043548,0.85165644
row_035147,0.03454218
row_005729,0.057653252
row_017472,0.35050058
row_034273,0.08007805
row_036305,0.28482395
row_009877,0.22357418
row_042028,0.053994663
row_037066,0.5124798
row_011576,0.011443633
row_033890,0.19309604
row_015877,0.016728977
row_047637,0.98378223
row_018663,0.019645037
row_006458,9.388608e-05
row_041677,0.043524697
row_044711,0.8716102
row_012582,0.2728683
row_036914,0.55522394
row_020244,0.14765021
row_031295,0.29446152
row_043894,0.07748093
row_048479,0.0010270714
row_045183,0.0040317485
row_044674,0.16374734
row_003307,0.10815455
row_013544,0.116403684
row_044311,0.9967334
row_047408,0.011265426
row_021844,0.016877197
row_032013,0.51833904
row_013825,0.29679814
row_043209,0.026433263
row_039367,0.8839268
row_013515,0.042707644
row_027008,0.0004640971
row_047014,0.20435147
row_047217,0.09649941
row_040932,0.52116996
row_032574,0.61732864
row_010408,0.0064686914
row_034279,0.033343073
row_015774,0.482031
row_035201,0.0064489394
row_036252,0.4639671
row_003297,0.007829753
row_006152,0.0048385602
row_043691,6.0772927e-05
row_000025,0.055694047
row_030046,0.04086943
row_032636,0.29878786
row_016959,0.26638338
row_028832,0.26455107
row_014389,0.0675263
row_032855,0.040854704
row_043011,0.31749976
row_021779,0.009164746
row_033415,0.008382537
row_029626,0.50637406
row_044136,0.00929469
row_031579,0.00045611867
row_032981,0.0007121001
row_026746,0.13949743
row_048495,0.58524215
row_015609,0.016949004
row_029964,0.17163564
row_000480,0.7957719
row_048192,0.0018014567
row_015366,0.12623961
row_004186,0.0039038588
row_001156,0.0024190892
row_009349,0.15164465
row_037921,0.0077076033
row_025126,0.1964326
row_043539,0.41737816
row_000662,0.4399083
row_017534,0.8284032
row_044513,0.9944478
row_040249,0.002396382
row_032532,0.00070304854
row_041045,0.014373342
row_021454,0.056052595
row_031790,0.5946464
row_036951,0.03771617
row_013468,0.0050844564
row_020560,0.02471258
row_046666,0.3099737
row_034777,0.002476724
row_037411,0.003054323
row_044895,0.03245964
row_047574,0.0004887275
row_014120,0.038930435
row_040851,0.007176617
row_035277,0.5775031
row_013279,0.12194599
row_015035,0.21123493
row_002061,0.05598576
row_005683,0.9688053
row_025933,0.058674686
row_031174,0.28379866
row_014916,0.28197867
row_039565,0.14017397
row_018973,0.010220706
row_001027,0.22959028
row_027563,0.00025971083
row_033079,0.9287062
row_024337,0.9941989
row_015178,0.019279692
row_033460,0.00813656
row_020455,0.058666375
row_007145,0.6667538
row_040151,0.0006922497
row_012825,0.033269707
row_037630,0.2966175
row_044936,0.008034297
row_007828,0.0017658148
row_030786,0.03618419
row_011862,0.08674501
row_010074,0.028506208
row_033173,0.9690409
row_013173,0.014356422
row_023976,0.012252916
row_019297,0.024160145
row_023665,0.010093083
row_018751,0.006878811
row_006728,0.22715232
row_018288,0.9409929
row_003959,0.020024357
row_011076,0.01821576
row_022721,0.3322256
row_037220,0.021597734
row_032156,0.0013490937
row_004443,0.3581453
row_036176,0.9523666
row_009095,0.45583335
row_040004,0.12141653
row_041782,0.89610344
row_004572,0.891602
row_007758,0.3755758
row_022607,0.9989532
row_019693,0.7278257
row_029452,0.9862751
row_047092,0.9671459
row_011672,0.006446239
row_046508,0.08806455
row_005103,0.02514387
row_027431,0.0015445801
row_026157,0.028174909
row_024134,0.17668353
row_013026,0.0020792226
row_002626,0.0008785516
row_018602,0.0011256218
row_004417,0.6074988
row_007709,0.13647719
row_027477,0.5920395
row_037856,0.18017752
row_007054,0.014495227
row_022707,0.023208855
row_040471,0.00436805
row_018540,0.24923855
row_006736,0.6017349
row_004932,0.001654747
row_026181,0.70103073
row_000206,0.00029255528
row_024385,0.019585218
row_049600,0.031111574
row_028730,0.49877888
row_010928,0.0021609005
row_010952,0.07149314
row_049872,0.007523566
row_031803,0.9934488
row_027374,0.0048542954
row_026490,0.6430966
row_016440,0.09135445
row_024795,0.017220886
row_015777,0.46434906
row_034892,0.9644924
row_049669,0.753657
row_041128,0.47452235
row_021734,0.045659494
row_027033,0.028011752
row_039816,0.6083679
row_006455,0.054737683
row_037030,0.71612763
row_037431,0.013392244
row_037789,0.27287334
row_046893,0.22146009
row_028667,0.1076787
row_002716,0.8425375
row_013845,0.008873062
row_022208,0.9743825
row_028626,0.121292114
row_017363,0.02016056
row_024268,0.032877658
row_020875,0.008846611
row_009458,0.0026115482
row_042432,0.40376684
row_030148,0.019704653
row_014348,0.7475265
row_029822,0.23720315
row_021446,0.0401367
row_030645,0.008490412
row_034136,0.9988751
row_007807,0.10335684
row_034545,0.015167367
row_045663,0.059845325
row_030769,0.704159
row_002704,0.009480777
row_009623,0.018890692
row_009066,0.028381
row_019887,0.025631659
row_007255,0.056525953
row_026475,0.73669523
row_016831,0.00041325245
row_019351,0.99724233
row_046624,0.9245567
row_015391,0.00058388506
row_030572,0.0007916956
row_031289,0.038191225
row_030293,0.01941751
row_008849,0.00581569
row_000183,0.52245975
row_016121,0.057929117
row_012420,0.8123314
row_049002,0.0021026705
row_045379,0.008813158
row_006527,0.08151891
row_027949,0.015119733
row_029724,0.06939629
row_033407,0.014294835
row_043233,0.048738163
row_024859,0.013977026
row_006234,0.70544153
row_015978,0.7260665
row_038297,0.9905199
row_043382,0.018928371
row_001733,0.020498356
row_040727,0.51000255
row_011513,0.001266638
row_004461,0.021289114
row_017044,0.0046772985
row_037580,0.009854396
row_023207,0.45341092
row_043493,0.014323741
row_036449,0.0019275693
row_022407,0.0023916196
row_040503,0.001751356
row_038491,0.09301003
row_044389,0.19511215
row_002683,0.084373154
row_023231,0.06554855
row_018937,0.1073332
row_027175,0.0072947103
row_003873,9.8550394e-05
row_010252,0.3731789
row_007437,0.010956776
row_003054,0.04712789
row_001282,0.07733903
row_006677,0.04687239
row_006012,0.0025031238
row_022837,0.0017586991
row_015319,0.9172196
row_027348,0.0010458132
row_038470,0.0053947004
row_034041,0.00014294384
row_016401,0.505407
row_020337,0.04831789
row_039248,0.0036245
row_028991,0.00031990002
row_009918,0.058719628
row_041459,0.5016317
row_037822,0.019230032
row_038381,0.05589851
row_023904,0.002725842
row_023921,0.013293475
row_040728,0.0005929976
row_019651,0.044385273
row_043755,0.044074938
row_049102,0.04326216
row_002649,0.0008671349
row_021402,0.0010231102
row_016437,0.0057055396
row_039954,0.013471684
row_005465,0.024043793
row_022273,0.011088493
row_000118,0.9329258
row_041033,0.017549979
row_018475,0.08725557
row_009581,0.97889733
row_023699,0.065367475
row_026740,0.8426654
row_042544,0.0033778048
row_035451,0.18532592
row_025587,0.01881144
row_016782,0.045837037
row_005931,0.050001282
row_012545,0.0134537425
row_045048,0.007343466
row_039706,0.020830447
row_028240,0.7098964
row_027469,0.17955625
row_009383,0.008492286
row_038255,0.99305665
row_011451,0.0077568283
row_034699,0.012785246
row_002141,0.0032297478
row_011184,0.69692606
row_045229,0.38278186
row_013496,0.100311175
row_043421,0.03127989
row_022829,0.6185223
row_036056,0.39875495
row_009784,0.008793976
row_006207,0.0014611162
row_026811,0.0070150397
row_003606,0.0025814432
row_020655,0.0033004484
row_029666,0.96284753
row_038729,0.5456267
row_023625,0.021365182
row_025422,0.001096023
row_019627,0.39918214
row_012378,0.3139562
row_032081,0.014454644
row_048909,0.001685639
row_018339,0.00063870975
row_049252,0.23038056
row_042682,0.20372538
row_012238,0.9995864
row_015374,0.468385
row_016426,0.016627604
row_008166,0.0004692947
row_021576,0.00462113
row_020187,0.03750304
row_004667,0.024209019
row_012371,0.28061566
row_043072,0.026898697
row_037203,0.9001895
row_034088,0.036824107
row_044056,0.62270343
row_048438,0.0062358286
row_020293,0.0052660606
row_043206,0.010358175
row_048541,0.0058012973
row_043349,0.027060557
row_027151,0.0004293924
row_046541,0.005451224
row_028082,0.061652813
row_044679,0.036534984
row_013398,0.19993769
row_045777,0.00023809272
row_035981,0.92197675
row_046391,0.73177046
row_021116,0.0137514295
row_040263,0.054257534
row_028734,0.989099
row_023746,0.01933395
row_036633,0.07181383
row_001205,0.014944861
row_016509,0.02980073
row_016430,0.0014894422
row_034106,0.9926351
row_024686,0.8859162
row_043664,0.9869687
row_040601,0.8400266
row_015151,0.00587739
row_029261,0.70244896
row_007582,0.7768308
row_047255,0.23086677
row_004914,0.09885027
row_003908,0.122447304
row_003683,0.1844027
row_031855,0.029843718
row_001758,0.022298506
row_002636,0.054328624
row_041160,0.34136656
row_049545,0.027606368
row_009626,0.01306528
row_007065,0.14404614
row_020069,0.0012470233
row_006132,0.98469514
row_049519,0.02248353
row_022516,0.11847698
row_035244,0.6791306
row_032934,0.79594165
row_011007,0.006457745
row_027866,0.65819097
row_038737,0.8341152
row_019303,0.0022754017
row_012657,0.85286504
row_037994,0.21589427
row_043024,0.0054230457
row_033639,0.15928604
row_022087,0.00047489867
row_041241,0.0013252634
row_026863,0.7477932
row_033831,0.187695
row_030247,0.0120643005
row_042150,0.9992648
row_036064,0.0017299586
row_013928,0.0005950508
row_003368,0.005284278
row_015562,0.693668
row_048528,0.625222
row_023553,0.28708553
row_024904,0.001782282
row_010314,0.008627061
row_039323,0.0019554025
row_040495,0.010341164
row_004879,0.9607147
row_010956,0.00043026268
row_020043,0.0013736476
row_036752,0.22904639
row_024248,0.00092972105
row_012274,0.019459482
row_014280,0.037749175
row_033091,0.017647918
row_021796,0.21604076
row_029520,0.85654265
row_036979,0.99983907
row_005856,0.0071200365
row_023178,0.023686351
row_029459,0.0070270803
row_013658,0.9939715
row_034973,9.347934e-05
row_025728,0.23727597
row_024052,0.015214927
row_033047,0.4015157
row_049489,0.1828828
row_037088,0.06638726
row_012398,0.64773417
row_010027,0.00019551451
row_001238,0.005496242
row_041772,0.014359251
row_038349,0.32368907
row_042173,0.12398071
row_033001,0.7235527
row_023447,0.03587465
row_022344,0.0123284515
row_047042,0.9662763
row_017377,0.5648014
row_019495,0.017741567
row_031885,0.83873916
row_030852,0.6516109
row_014167,0.009162044
row_025910,0.0038708285
row_048747,0.0045813713
row_009036,0.0026871571
row_023965,0.006282137
row_011146,0.12393598
row_021570,0.040120877
row_005368,0.06314906
row_011896,0.0037210812
row_039736,0.6388223
row_013378,0.10904382
row_036108,0.0026788497
row_033910,0.048891257
row_046309,0.042879842
row_013751,0.65722775
row_036207,0.007511694
row_018837,0.027786585
row_016788,0.041437134
row_040420,0.47672015
row_041671,0.6541206
row_038992,0.14036006
row_040679,0.0013178946
row_045684,0.23094457
row_031141,0.42332858
row_031165,0.03331174
row_015641,0.05411512
row_034712,0.010714618
row_027638,0.80503887
row_041925,0.14217612
row_048229,0.027441591
row_007792,0.13828862
row_026259,0.32989147
row_017123,0.014778977
row_032771,0.68432856
row_021289,0.9185393
row_040419,0.25354555
row_012337,0.030796776
row_003674,0.00036932723
row_011815,0.39381635
row_037074,0.8893124
row_035953,0.2699749
row_000160,0.27042043
row_010879,0.028333558
row_009493,0.0011176857
row_007034,0.08970107
row_020131,0.11093928
row_049663,0.687696
row_049648,0.040580895
row_014221,0.16700752
row_044588,0.02295865
row_024896,0.081802234
row_034843,0.9762215
row_005214,0.0026769764
row_018025,0.024835277
row_030342,0.98229516
row_019044,0.7780497
row_043795,0.083446056
row_006534,0.15414865
row_025337,0.36714208
row_036168,0.02507894
row_035061,0.13082543
row_044945,0.0042861276
row_018645,0.09886984
row_001769,0.035002615
row_037338,0.04367168
row_011072,0.0021840336
row_008490,0.97088337
row_032902,0.0029973383
row_009135,0.0030987791
row_029441,0.0036851629
row_044605,0.005637945
row_002053,0.14629042
row_042311,0.017251708
row_004390,0.016285166
row_010572,0.7531775
row_018165,0.00019047252
row_034334,0.00086753984
row_002629,0.53712106
row_013144,0.033576615
row_041176,0.0014164384
row_037158,0.024610026
row_035371,0.1331354
row_025796,0.4795803
row_020784,0.006022423
row_040826,0.5287657
row_000305,0.025096465
row_013736,0.022600353
row_045721,0.13037564
row_038463,0.56137437
row_024352,0.025578635
row_046106,0.053959552
row_039993,0.1581649
row_014035,0.11571122
row_020831,0.9969066
row_031424,0.20101152
row_001429,0.13762632
row_005139,0.22676581
row_027238,0.1609718
row_012338,0.08843915
row_038078,0.00053870195
row_043705,0.017026385
row_048016,0.003686215
row_008422,0.1250457
row_025965,0.001862103
row_028212,0.95373505
row_019108,0.25972185
row_014560,0.4025711
row_029098,0.19299577
row_024042,0.09535635
row_035261,0.004073721
row_034490,0.00071161066
row_044723,0.60978156
row_045493,0.05454805
row_028914,0.005231903
row_032834,0.0022075737
row_018063,0.031750515
row_017909,0.044930987
row_021290,0.001583403
row_041968,0.06726554
row_002556,0.002633597
row_008815,0.0014362822
row_026697,0.8721845
row_032630,0.009152932
row_022329,0.002616109
row_006352,0.033044107
row_005251,0.001545083
row_010067,0.0034767946
row_002463,0.021931628
row_034034,0.7651639
row_028236,0.07105875
row_033638,4.7882277e-05
row_015164,0.03676956
row_026814,0.5014783
row_045080,0.3632258
row_012066,0.42405695
row_030432,0.10099246
row_046778,0.5572959
row_017530,0.991139
row_001997,0.014842808
row_033465,0.37974235
row_010731,0.17635234
row_025278,0.046066254
row_026938,0.0015130558
row_043384,0.29034194
row_021532,0.013266688
row_029193,0.4025858
row_044068,0.01644179
row_047841,0.008589623
row_046520,0.26061866
row_011902,0.40480083
row_023456,0.03728861
row_039454,0.0245449
row_049190,0.05343849
row_041612,0.13027473
row_003811,0.019390952
row_025732,0.99629575
row_034605,0.4417099
row_021173,0.0015372568
row_008110,0.5004383
row_041048,0.9681139
row_015822,0.9764864
row_032501,0.04370714
row_025958,0.0006578207
row_008822,0.08650778
row_015326,0.9524999
row_000396,0.28695086
row_020370,0.12323789
row_015244,0.10392061
row_049874,0.031435844
row_012699,0.000691849
row_001420,0.002422287
row_045910,0.00057059247
row_033973,0.00019969506
row_002449,0.008960356
row_014066,0.006524462
row_005479,0.99874616
row_012296,0.025946617
row_001776,0.006217691
row_024172,0.7856263
row_014396,0.9936939
row_015023,0.0063826633
row_036299,0.013748299
row_034575,0.009665792
row_040508,0.9998344
row_017069,0.010268312
row_033621,0.034276303
row_026555,0.109073125
row_007635,0.2884224
row_014114,0.058712117
row_024073,0.0009467284
row_004106,0.7029328
row_008845,0.6250562
row_046805,0.12207137
row_019958,0.03092447
row_005782,0.29962906
row_036716,0.013536937
row_044220,0.0035240597
row_011128,0.018807383
row_014596,0.025911849
row_037345,0.55276984
row_038875,0.7455591
row_038803,3.24925e-05
row_037274,0.00023211757
row_027380,0.015048953
row_011557,0.000351545
row_022579,0.00073205325
row_044412,0.0004274234
row_039414,0.002733529
row_029273,0.027699305
row_043114,0.0069096503
row_023620,0.23308417
row_038991,0.019985354
row_046841,0.27833605
row_045232,0.06045114
row_017084,0.95942646
row_032877,0.4499628
row_025459,0.00056971645
row_036531,0.029119255
row_024883,0.1524428
row_015100,0.97368324
row_015680,0.19853367
row_032819,0.0120468885
row_020666,0.40538454
row_023911,0.08945403
row_038004,0.04985869
row_004507,0.02219625
row_015315,0.15903817
row_027109,0.25259578
row_016005,0.0077509517
row_010345,0.26173663
row_020457,0.0005202251
row_047865,0.30197018
row_015324,0.003998884
row_038554,0.13527007
row_014404,0.6354692
row_029144,0.02090434
row_045529,0.03680975
row_040288,0.016067518
row_029559,0.7856931
row_006590,0.23780124
row_021396,0.20873281
row_019307,0.011139532
row_005739,0.75129986
row_002092,0.00735103
row_019275,0.008528498
row_001811,0.9616148
row_045407,0.025467178
row_025589,0.048257045
row_027068,0.06449637
row_048284,0.6177563
row_038887,0.027463602
row_007501,0.0008630546
row_023934,0.7646556
row_044193,0.0028173712
row_013947,0.2811254
row_022548,0.71384716
row_025812,0.6987811
row_012189,0.67862374
row_000902,0.03198408
row_034674,0.07337535
row_033719,8.6179614e-05
row_004500,0.0038412334
row_046384,0.86969566
row_017376,0.49929985
row_013337,0.022808464
row_019081,0.3642343
row_022756,0.6150784
row_047385,0.03680172
row_026848,0.0017187503
row_029325,0.04615919
row_027933,0.018511502
row_022085,0.14586057
row_017456,0.02346847
row_026104,0.9901017
row_006019,0.11006177
row_009888,0.023120465
row_015543,0.18323593
row_023956,0.4246198
row_035561,0.0046749813
row_046228,0.7587824
row_035486,0.030963253
row_010547,0.02651629
row_019489,0.11189049
row_039348,0.009606744
row_016751,3.334139e-05
row_043099,0.008688319
row_020087,0.004512703
row_024153,0.9997392
row_031469,0.05367717
row_042428,0.03596013
row_002338,0.037836462
row_018509,0.018126572
row_029570,0.21157558
row_006843,0.95113677
row_032234,0.056284957
row_013276,0.45717704
row_012878,0.080397226
row_021448,0.0171533
row_035417,0.2658467
row_001968,0.2766953
row_000088,0.019726176
row_019882,0.9999217
row_005280,0.17387243
row_038599,0.030117145
row_040714,0.65541834
row_014646,0.0019662385
row_002341,0.043405794
row_049312,0.25266492
row_027416,0.030330054
row_016306,0.00095813617
row_027838,0.26744494
row_012291,0.005365431
row_043363,0.24900074
row_002674,0.71932477
row_001558,0.005375798
row_035500,0.68499845
row_003251,0.0007374423
row_032384,0.0029233773
row_020106,0.007964775
row_006741,0.0057391804
row_028567,0.0025189824
row_047787,0.008031379
row_048008,0.0003584602
row_040809,0.050778426
row_017603,0.08608792
row_010762,0.20813568
row_032617,0.14862046
row_048135,0.002305397
row_022362,0.9855796
row_006348,0.15358177
row_007201,0.009248258
row_018708,0.02479668
row_039024,0.29311725
row_025437,0.9904075
row_033745,0.006950591
row_036434,0.38562298
row_039180,0.25947857
row_002176,0.010291836
row_048937,0.05501803
row_001305,0.0062647234
row_012702,0.011246167
row_040464,0.050560698
row_029092,0.9817903
row_023667,0.020775946
row_009661,0.017938208
row_028766,0.6429753
row_019231,0.023752933
row_032552,0.00037672193
row_019615,0.024638366
row_002043,0.0017536668
row_017766,0.87538266
row_024891,0.9868667
row_027105,0.13951886
row_017498,0.022140196
row_044893,0.070325814
row_036230,0.010060467
row_028683,0.99660325
row_028931,0.0010058202
row_041416,0.029950507
row_043722,0.00019955038
row_000863,0.0061869384
row_040138,0.27732146
row_001430,0.3760478
row_034323,0.9314787
row_007482,0.009046544
row_019184,0.03712594
row_020486,0.0059463545
row_040467,0.010648415
row_046256,0.1227894
row_024654,0.58599955
row_006332,0.007082801
row_047680,0.002911803
row_032531,0.41047403
row_048777,0.9473179
row_017642,0.99623895
row_001937,0.017969357
row_010611,0.13756965
row_007234,0.023536285
row_040051,0.252314
row_042472,0.9966697
row_043731,0.10223689
row_043950,0.022273373
row_019512,0.02332998
row_007926,0.0024467097
row_015333,0.00046132915
row_017162,0.0065896995
row_031647,0.0045407587
row_017172,0.26298493
row_010651,0.9999976
row_019439,0.1053949
row_049608,0.018680276
row_011939,5.2308358e-05
row_010812,0.00044488857
row_022997,0.07325343
row_004058,0.99500656
row_023356,0.37404305
row_015879,0.039342847
row_016168,0.028528308
row_001507,0.00087423564
row_043806,0.004773838
row_043253,0.13936636
row_002016,0.0028538296
row_049386,0.0072216955
row_046222,0.97266483
row_040483,0.0001914627
row_003166,0.4169284
row_005544,0.3574076
row_018330,0.012791657
row_006309,0.07989765
row_016602,0.95498234
row_003731,0.9940486
row_002278,0.23577487
row_022681,0.00027402482
row_047940,0.9564046
row_006049,0.48370066
row_006899,0.0034180342
row_041583,0.99446267
row_035066,0.00037922474
row_014190,0.003706189
row_032514,0.020634431
row_021842,0.1162095
row_009718,0.009738206
row_001134,0.8800267
row_001105,0.013693611
row_009230,0.06650159
row_028371,0.004816303
row_037635,0.1733481
row_000099,0.82389194
row_042088,0.08174293
row_044330,0.020855106
row_041143,0.039281547
row_037067,0.04422163
row_036245,0.0041260743
row_045723,0.0006750848
row_035902,0.0057933955
row_037676,0.9612746
row_016880,0.12726387
row_007644,0.008342857
row_029850,0.58103985
row_002250,0.20470652
row_000696,0.1914788
row_036324,0.11051738
row_017942,0.0060552317
row_014015,0.0034640357
row_044062,0.03284974
row_007383,0.8278982
row_022220,0.35932204
row_005160,0.0009273929
row_015622,0.30943242
row_045921,0.1629773
row_015363,0.509178
row_001977,0.0055768355
row_048633,0.020828968
row_030584,0.003774461
row_036658,0.0060415748
row_000590,0.006436983
row_008544,0.014652263
row_046263,0.04404038
row_007419,0.015054249
row_025662,0.15378128
row_013042,0.09332291
row_047595,0.0003236604
row_014102,0.0007897407
row_028041,0.741101
row_025433,0.6609508
row_011357,0.34868628
row_048962,0.019797819
row_025359,0.0077812797
row_037749,0.007340783
row_017963,6.641209e-05
row_008215,0.06885522
row_012979,0.33106357
row_036970,0.008175613
row_000520,0.06318977
row_036952,0.063329324
row_047900,0.022849482
row_020564,0.026043432
row_020107,0.0034019754
row_000736,0.103551425
row_029190,0.002118623
row_001343,0.008906858
row_048049,0.010313497
row_031655,0.013649208
row_004965,0.013947929
row_001446,0.5114948
row_005851,0.09750837
row_024887,0.012168468
row_024066,0.9843776
row_027987,0.041200604
row_049291,0.02948896
row_020691,0.30002442
row_037904,0.02487429
row_035877,0.15103339
row_001975,0.030978665
row_019753,0.85992706
row_030344,0.11934971
row_030684,0.13271561
row_026173,0.047253694
row_033283,0.12750448
row_037518,0.001274957
row_014343,0.7994022
row_024051,0.050379314
row_027370,0.11804959
row_049431,0.039666377
row_034626,0.01089418
row_037423,0.12811132
row_030736,0.001711423
row_026195,0.9934161
row_025372,0.01459987
row_045778,0.20423613
row_035975,0.898216
row_038250,0.09860486
row_043190,0.0069656917
row_013804,0.40061152
row_021866,0.028189208
row_026335,0.014079988
row_011247,0.031164426
row_029561,0.008847
row_001221,0.5301709
row_019891,0.000636039
row_000883,0.019909797
row_040315,0.0076536383
row_027569,0.90972424
row_016973,0.01388568
row_032386,0.9984061
row_030316,0.30872348
row_043773,0.937836
row_019972,0.12721181
row_006079,0.00014085045
row_000533,0.0039136135
row_025770,0.00033262075
row_007363,0.0020400942
row_038144,0.013258545
row_014902,0.8359037
row_035379,0.056438047
row_016802,0.082520075
row_010450,0.0023778172
row_040897,0.70130396
row_011167,0.013394405
row_037090,0.014712029
row_001926,0.03882315
row_003345,0.48775038
row_013137,0.2412902
row_015538,0.0038565488
row_032511,0.03698727
row_047373,0.75653845
row_014980,0.11560929
row_040306,0.0011065903
row_044633,0.0010034484
row_013747,0.9473098
row_012612,0.009850618
row_032572,0.00076317525
row_013578,0.0034151294
row_033861,0.035926457
row_002198,0.19999632
row_046055,0.16524284
row_035768,0.017503135
row_045176,0.10598431
row_007497,3.807888e-05
row_005622,0.8326573
row_009470,0.117709525
row_047153,0.0016126059
row_036644,0.0018288611
row_042100,0.22358036
row_028118,0.019193454
row_035879,0.057662494
row_023091,0.68871796
row_044192,0.18744591
row_041479,0.63068885
row_030817,0.012548725
row_020501,0.11183373
row_045063,0.99841535
row_009999,0.02985077
row_022331,0.03600104
row_008788,0.018516982
row_026297,0.7975611
row_046264,0.016828764
row_039625,0.22821584
row_003914,0.1094662
row_041363,0.00033303865
row_016927,0.0038614792
row_024592,0.76420206
row_033921,0.0051165177
row_002387,0.015933808
row_048264,0.0025903878
row_022706,0.017006373
row_021250,0.3925341
row_043590,0.7744425
row_007311,0.15439901
row_030654,0.1665211
row_030487,0.012873658
row_016820,0.048460603
row_032717,0.01103957
row_019511,0.014258331
row_045058,0.7966921
row_049233,0.003897162
row_048950,0.060972214
row_035136,0.07783825
row_002179,0.259835
row_039208,0.0033819778
row_009039,0.9684739
row_008959,0.75597906
row_010080,0.96863806
row_009422,0.018414678
row_031584,0.00024143046
row_037507,0.08592135
row_003378,0.29573324
row_038917,0.0057313005
row_016557,0.0005224292
row_028828,0.039984476
row_003711,0.061360788
row_049655,0.006541598
row_011132,0.03324669
row_026784,0.0054609887
row_010195,0.22569323
row_021737,0.22046146
row_007237,0.023767242
row_014180,0.12639447
row_036448,0.1661654
row_028208,0.34301826
row_011704,0.012517973
row_045481,0.000119617966
row_049730,0.21565013
row_031952,0.001842327
row_018127,0.013676491
row_016467,0.03655913
row_007507,0.026377423
row_012185,0.017186258
row_040142,0.024811212
row_002671,0.019598395
row_049670,0.8192377
row_015032,0.5492241
row_020516,0.8418316
row_029712,0.21741371
row_009266,0.14364478
row_027654,0.003477563
row_020589,0.38222724
row_021078,0.0372547
row_022049,0.045941267
row_028373,0.6570777
row_015428,0.02103459
row_031769,0.8164109
row_042232,0.44144705
row_033618,0.0065153535
row_001042,0.8033559
row_022326,0.39906034
row_025844,0.13558802
row_010780,0.023901297
row_034436,0.0020604557
row_005023,0.24785316
row_008136,0.0023164041
row_026681,0.011373187
row_018407,0.0025918938
row_005149,0.6332025
row_026708,0.487341
row_049463,0.0024259943
row_001645,0.0020492608
row_022724,0.0003937114
row_049931,0.0658179
row_042421,0.33187887
row_025025,0.09087715
row_001012,0.7086008
row_035075,0.524005
row_045187,0.07831095
row_046773,0.0048982394
row_044747,0.011984688
row_012096,0.6708698
row_001018,0.29242572
row_002408,0.058437325
row_004326,0.96560436
row_033933,0.28186426
row_026156,0.07730692
row_037489,0.0035200499
row_005194,0.0033512388
row_039385,0.5530973
row_028997,0.48305207
row_026140,0.0074265585
row_042571,0.05454986
row_034989,0.0114998035
row_049122,0.02647579
row_034084,0.45771077
row_035711,0.9941111
row_022749,0.98337895
row_001588,0.0069636703
row_012414,0.40439913
row_023743,0.40453595
row_037642,0.96648806
row_006856,0.07715005
row_036296,0.17855236
row_019626,0.07949376
row_024970,0.0938157
row_026805,0.39641246
row_034648,0.065292485
row_008938,0.012726356
row_035643,0.00033826308
row_006632,0.4170698
row_017246,0.23211884
row_031075,0.015587444
row_045469,0.05024069
row_041216,0.8554994
row_030391,0.2003549
row_041974,0.34233078
row_012955,0.0031616872
row_044742,0.047883395
row_031344,0.0015951367
row_038161,0.0184219
row_044043,0.0029600845
row_029816,0.04303785
row_016515,0.010174535
row_032204,0.84217316
row_003762,0.052125752
row_019129,0.009755667
row_029300,0.9765975
row_042700,0.0047057387
row_042954,0.4357703
row_049617,0.5936083
row_004030,0.01152734
row_025365,0.014914397
row_044061,0.064027555
row_029699,0.07790014
row_038667,0.124811575
row_022458,0.012819821
row_011212,0.9852305
row_022665,0.13188435
row_010855,0.9913659
row_036688,0.0009057788
row_020211,2.4960207e-05
row_006451,0.00032671102
row_040305,0.0027050262
row_036132,0.16525112
row_000298,0.0080551915
row_010145,0.42749935
row_010729,0.8271562
row_012251,0.011748221
row_009219,0.23718658
row_041124,0.23860674
row_034598,0.010458368
row_013829,0.40517682
row_009414,0.82739305
row_015237,0.00029156957
row_040261,0.98619163
row_037668,0.09763309
row_003185,0.17315722
row_022356,0.079648346
row_032426,0.7859537
row_044745,0.00049188803
row_044839,0.78217584
row_042434,0.0117153535
row_038693,0.8946754
row_040878,0.048203178
row_036158,0.05620057
row_046026,0.010500218
row_021296,0.011777205
row_000229,0.0099827405
row_035612,0.04028626
row_019432,0.037369378
row_041741,0.046995867
row_015659,0.39033672
row_009447,0.022754086
row_042200,0.15474558
row_006341,0.6173318
row_018126,0.0660725
row_018750,0.13453181
row_027989,0.15367016
row_005341,0.31671464
row_016420,0.009940848
row_005434,0.25128952
row_029591,0.9343048
row_041365,0.063330695
row_044663,0.6298536
row_034838,0.004231246
row_027283,0.030247817
row_046144,0.06350343
row_043069,0.0043703713
row_043847,0.01588663
row_017451,0.0036129546
row_037503,0.99878556
row_022394,0.067545086
row_000989,0.051686294
row_005727,0.04110852
row_020742,0.0012159229
row_041585,0.018471517
row_038572,0.3284765
row_015265,0.0027648113
row_039114,0.011009344
row_035685,0.13113508
row_006092,0.035460815
row_048970,0.00627154
row_044397,0.117092505
row_011623,0.8450203
row_027082,0.011937814
row_021157,0.0627146
row_046576,0.119837135
row_001233,0.0024351105
row_015938,0.024658129
row_030714,0.008389536
row_038172,0.0894393
row_020231,0.0010381562
row_005716,0.0027328844
row_033833,0.05688422
row_045328,0.0013694174
row_025116,0.029378269
row_019777,0.17014712
row_039214,0.00601909
row_008555,0.70685416
row_033072,0.008862182
row_029475,0.08585187
row_036813,0.025279457
row_026877,0.10443401
row_024549,0.06657738
row_035948,0.8235275
row_024388,0.8757884
row_045006,3.9316255e-05
row_034422,0.13416202
row_014267,0.2336443
row_000506,0.06875765
row_013831,0.07977886
row_006672,0.009658163
row_013698,0.43597504
row_007031,0.07831774
row_027823,0.0016528
row_043466,0.06062954
row_022936,0.5301735
row_010239,0.43703896
row_027025,0.0020210606
row_017227,0.006652346
row_017000,0.03682244
row_034487,0.0574286
row_010272,0.26413327
row_034081,0.015531576
row_041071,0.9994129
row_001093,0.0103148455
row_034941,0.0001354168
row_039550,0.06228049
row_027244,0.6983652
row_041166,0.015285484
row_015057,0.48932448
row_040346,0.62157726
row_012436,0.008166288
row_031679,0.0035512482
row_013869,0.0024869319
row_047517,0.367396
row_040712,0.133903
row_040512,0.043183953
row_024295,0.05275221
row_026528,0.10098805
row_014460,0.06386122
row_018003,0.052408047
row_013005,0.025142439
row_025982,0.008362236
row_022316,0.06916023
row_034888,0.12850966
row_027961,0.014059647
row_001904,0.0004896842
row_001655,0.018187951
row_000092,0.30865774
row_005709,0.0010970174
row_043289,0.15587272
row_009291,0.31339756
row_014985,0.767617
row_036461,0.63677365
row_015349,0.086397804
row_018867,0.9983773
row_037031,0.0064675575
row_001158,0.005775864
row_022373,0.7452963
row_026669,0.65914905
row_048342,0.73117286
row_025362,0.0040017283
row_043637,0.0037929995
row_028127,0.00020740318
row_009384,0.07530693
row_045615,0.042919185
row_009779,0.9430219
row_039403,0.3085035
row_035749,0.99817777
row_023079,0.0029873673
row_033527,0.027521228
row_007072,0.008225736
row_001247,0.47499847
row_047200,0.029355977
row_015179,0.001203881
row_020624,0.06337962
row_009686,0.004483896
row_028677,0.013016539
row_035686,0.0018113486
row_046376,0.0108801415
row_048702,0.007488182
row_008579,0.19927318
row_035050,0.0035502494
row_037416,0.019258335
row_018514,0.0045117345
row_005221,0.0031783567
row_038864,0.9372298
row_041948,0.00025440127
row_021063,0.01614163
row_039247,0.05124596
row_017899,0.019048067
row_003794,0.9994698
row_010922,0.015090441
row_039076,0.017130965
row_047324,0.011290389
row_008468,0.03758034
row_010750,0.01785302
row_041528,0.0058136946
row_024263,0.8152598
row_031481,0.49203095
row_024610,0.0005559429
row_031496,0.06146045
row_000850,0.0053058015
row_026486,0.05601443
row_028672,0.0006944186
row_019246,0.0009317234
row_022030,0.16624828
row_033946,0.0061793234
row_024782,0.008585863
row_049793,0.01647702
row_025549,0.002220203
row_023127,0.034972265
row_029574,0.34160486
row_026050,0.24521649
row_004053,0.16376282
row_014268,0.14127317
row_034221,0.064157486
row_047233,0.5964073
row_039069,0.01963118
row_046497,0.9848549
row_025329,0.2659171
row_020718,0.012949519
row_000740,0.00077581155
row_017348,0.0020008914
row_017536,0.67638564
row_035419,0.017663218
row_015377,0.0051441113
row_044550,0.017097382
row_046146,0.9599913
row_023196,0.00066089985
row_010120,0.87401515
row_030266,0.0027805786
row_020388,0.018065372
row_000272,0.22892708
row_004071,0.021606877
row_011020,0.030832738
row_004431,0.22628719
row_046620,0.0028392111
row_002062,0.019174604
row_031919,0.0075423606
row_032227,0.017389901
row_004054,0.01316177
row_045198,0.414235
row_032181,0.08309716
row_046684,0.8241789
row_008039,0.00038675134
row_025275,0.046021037
row_000336,0.16173492
row_046695,0.0010977179
row_022231,0.0082640285
row_029294,0.017578447
row_013325,0.62568474
row_027147,0.2762464
row_021457,0.4997389
row_024186,0.9475117
row_018091,0.07068593
row_017466,0.00031625293
row_001827,0.006558875
row_029812,0.036201958
row_039915,0.3676616
row_045104,0.002524902
row_008567,0.6106196
row_048168,0.061617583
row_046997,0.99995255
row_005783,0.46864852
row_009208,0.99957436
row_015294,0.005088032
row_002570,0.3227121
row_005972,0.00045737982
row_022495,0.043270167
row_039202,0.03488736
row_012026,0.009382635
row_030267,0.20306571
row_048842,0.008957435
row_043952,0.032928
row_015295,0.68959117
row_018757,0.010406158
row_022815,0.015892738
row_026982,0.036925774
row_001340,0.4680703
row_037292,0.36574936
row_013749,0.009672642
row_023063,0.011259866
row_026319,0.09152983
row_015476,0.025350597
row_027211,0.06825314
row_031073,0.9379466
row_038024,0.90958405
row_016403,0.009983056
row_042385,0.8636559
row_026763,0.009084406
row_002367,0.14619465
row_034031,0.010481942
row_002969,0.18206102
row_028810,0.033158444
row_041211,0.3353642
row_033827,0.038323045
row_029751,0.019118316
row_042516,0.33915395
row_045237,0.012687933
row_018583,0.001532768
row_031236,0.95023996
row_046690,0.33520615
row_029905,0.16970389
row_022076,0.9387165
row_013418,0.07265566
row_031850,0.843929
row_036359,0.5812271
row_035455,0.0022694091
row_029841,0.0017257326
row_008686,1.749942e-05
row_045471,0.28442872
row_006460,0.62622505
row_018014,0.87393296
row_007241,0.7620736
row_029871,0.11999862
row_020890,0.09977374
row_029384,0.37838426
row_043551,0.042858973
row_025685,0.77640676
row_025924,0.9440252
row_001790,0.513634
row_045016,0.023076044
row_028109,0.13661619
row_047808,0.7002779
row_023491,0.088557184
row_031853,0.060706005
row_032451,0.0030239986
row_021344,0.12076977
row_023302,0.3170804
row_006063,0.8985549
row_047148,0.04781128
row_044146,0.001500945
row_023731,0.0014502682
row_009161,0.0020938194
row_028616,0.019366061
row_033676,0.102725595
row_047599,0.010161429
row_001123,0.8418749
row_046942,0.012310215
row_032806,0.42247978
row_003920,0.03332255
row_014254,0.9857351
row_043042,0.016616108
row_016045,0.98201144
row_005059,0.8094134
row_014392,0.005303414
row_046370,0.0028227565
row_001414,0.06423677
row_006252,0.024683123
row_026565,0.01176121
row_037641,0.07811633
row_000495,0.023879953
row_046911,0.8685981
row_011859,0.011664428
row_021424,0.35440958
row_025803,0.9964945
row_037396,0.16941379
row_025131,0.0882929
row_048978,0.13184877
row_024265,0.019816427
row_011974,0.099763356
row_042023,0.0018813781
row_018267,0.01632077
row_006111,0.060404085
row_009684,0.002572479
row_016439,0.14085554
row_013819,0.68874973
row_011181,0.041856557
row_008946,0.26582092
row_010558,0.032118935
row_043775,0.14293747
row_042300,0.799668
row_032144,0.0026966904
row_006253,0.0444484
row_039368,0.0008492707
row_022165,0.020672409
row_037357,0.010945537
row_044558,0.00967806
row_041838,0.056015804
row_021933,0.9775327
row_048092,0.032662015
row_029768,0.99784565
row_036458,0.019157631
row_007090,0.0016734662
row_036335,0.057763476
row_046203,0.09145337
row_035155,0.036419272
row_047858,0.019449458
row_029236,0.011832998
row_025635,0.29261523
row_000286,0.043831035
row_031453,0.9396724
row_029851,0.9198589
row_012270,0.79884535
row_030318,0.05179953
row_006559,0.00042250365
row_033567,0.534678
row_000685,0.022040239
row_036339,0.009240317
row_011491,0.0021376873
row_012457,0.053297453
row_011885,0.5836356
row_044060,0.0071323137
row_003108,0.0067288633
row_012203,0.086544305
row_039243,0.17715095
row_004376,0.1252565
row_018786,0.9996592
row_006469,0.006270744
row_048166,0.01371052
row_024526,0.00034598698
row_037287,0.049618863
row_038472,0.07740763
row_012148,0.17992777
row_017146,0.033566456
row_007275,0.007954244
row_022748,0.12739319
row_043063,0.19671455
row_018853,0.06406738
row_036826,0.0124137495
row_008317,0.050565414
row_027014,0.026209362
row_030249,0.9597184
row_027461,0.016213866
row_029250,0.48706067
row_025693,0.9999455
row_038466,0.8106537
row_000580,0.0003258997
row_024014,0.051083695
row_012267,0.013668383
row_012579,0.28283763
row_027228,0.003468885
row_039261,0.08848341
row_039419,0.056165855
row_031861,0.1267963
row_036510,0.008294983
row_022314,0.073384725
row_018316,0.01634853
row_027045,0.90184087
row_003338,0.52025867
row_035765,0.012318381
row_047424,0.019105248
row_036367,0.14250138
row_018985,0.7878974
row_013673,0.6681839
row_035819,0.49801284
row_017795,0.006705206
row_015888,0.02524243
row_038488,0.026820742
row_011196,0.14885
row_041299,0.09308409
row_004432,0.13048708
row_032412,0.5361167
row_049202,0.39328387
row_024781,0.00047826263
row_004381,0.0010691584
row_008767,0.09142861
row_002110,0.032606218
row_016130,0.17649344
row_039971,0.14537759
row_026291,0.023945458
row_009022,0.17557585
row_039712,0.037826594
row_045169,0.0016858741
row_004290,0.0034530852
row_008883,0.00013422764
row_036107,0.21470352
row_034451,0.05046579
row_007300,0.00033341892
row_031448,0.012507856
row_011882,0.001148167
row_042810,0.8149945
row_009978,0.0043971017
row_031354,0.5268644
row_047823,0.921505
row_028525,0.986008
row_017654,0.06808137
row_009478,0.8975599
row_030828,0.15672381
row_047811,0.03291942
row_046459,0.020378562
row_036274,0.68276906
row_049865,0.0062481835
row_021927,0.00767493
row_024990,0.41931087
row_021620,0.0008349622
row_034470,0.012513759
row_046539,0.07468997
row_016850,0.008191702
row_034115,0.9434595
row_027935,0.006120408
row_005793,0.29011688
row_012620,8.8894405e-05
row_041343,0.033698328
row_039978,0.08521376
row_019699,0.50654346
row_040724,0.002663921
row_010575,0.36042416
row_004177,0.013646639
row_004168,0.0028739173
row_024412,0.16575812
row_029267,0.0013981682
row_009494,0.13892159
row_033123,0.14339659
row_027869,0.25929242
row_022960,0.22894968
row_018897,0.944867
row_022750,0.0541811
row_006861,0.51597613
row_040628,0.0020609812
row_021090,0.21674652
row_039626,0.0092882505
row_028121,0.4318288
row_036546,0.25331017
row_026950,0.010963568
row_035270,0.0035631354
row_012721,0.0057261377
row_037259,0.0550772
row_002890,0.027400782
row_005033,0.08326738
row_021952,0.014811867
row_017945,0.9267006
row_020572,0.98128283
row_046746,0.0143927755
row_017533,0.07056834
row_007494,0.2572265
row_003952,0.57642937
row_006702,0.0007697308
row_022970,0.005957016
row_035402,0.009552319
row_036626,0.30446076
row_011472,0.81795096
row_045363,0.9088669
row_030433,0.21244474
row_002992,0.31873426
row_039077,0.12900533
row_014072,0.046694756
row_021092,0.03562019
row_015835,0.11605967
row_012134,0.18294339
row_029436,0.9927947
row_020443,0.0027622827
row_036372,0.0090150125
row_017926,0.036580138
row_027236,0.7535257
row_016642,0.0012076729
row_007341,0.017400537
row_013455,0.6648683
row_023437,0.21585044
row_010939,0.0796543
row_000833,0.09811892
row_042301,0.16951379
row_002423,0.06754704
row_047482,0.0008696362
row_019799,0.32848185
row_025555,0.5583233
row_023188,0.116075635
row_035358,0.98716855
row_006617,0.26001427
row_020135,0.8684745
row_032625,0.8284817
row_048237,0.11652805
row_000496,0.055869315
row_004528,0.063470624
row_000021,0.20980145
row_006471,0.217315
row_022419,0.4147689
row_016803,0.007456496
row_000944,0.019088184
row_031031,0.018938726
row_007305,0.41031116
row_005976,0.7699716
row_032315,0.09992908
row_023808,0.1962581
row_006925,0.03697275
row_042559,0.018934641
row_032142,0.034082226
row_025828,0.054487582
row_008304,0.00024003633
row_029630,0.28728956
row_009017,0.027192803
row_023592,0.47104454
row_014964,0.035861887
row_030437,0.10551429
row_000324,0.08752658
row_032482,0.15846443
row_038709,0.03614333
row_004042,0.061165553
row_040999,0.76411784
row_017508,0.34307387
row_044685,0.96483177
row_030846,0.00020478145
row_000462,0.011514177
row_019237,0.015628684
row_036851,0.10781436
row_043301,0.06288666
row_027320,0.0841173
row_022841,0.045828614
row_017148,0.27702868
row_031550,7.7329285e-05
row_040013,0.15548219
row_020233,0.024402643
row_047364,0.9167617
row_037536,0.9688765
row_039721,0.059167527
row_012070,0.024259122
row_021617,0.85375005
row_025361,0.18505225
row_037878,0.0032138969
row_043234,0.061047584
row_009150,0.5326219
row_046862,0.027657764
row_022950,0.2234991
row_040732,0.11152143
row_019981,0.2516513
row_036967,0.05371797
row_038559,0.045766596
row_049149,0.08009953
row_006382,0.39770946
row_038929,0.17351712
row_029720,0.14564528
row_044933,0.6281463
row_029505,0.175924
row_040446,0.32408
row_035631,0.9404255
row_022701,0.73984003
row_049265,0.04532243
row_024157,0.14142972
row_035072,0.42558393
row_033263,0.0027869032
row_006765,0.03401541
row_039986,0.069164425
row_046122,0.6683081
row_003637,0.36687344
row_025560,0.24254222
row_039438,0.001765604
row_049439,0.0016021895
row_009976,0.58587015
row_045380,0.089112304
row_008963,0.01607153
row_001620,0.20498966
row_048091,0.25262967
row_025262,0.021785913
row_008400,0.30765843
row_020198,0.7950257
row_023955,0.023274027
row_026532,0.37390074
row_022833,0.8680143
row_002310,0.049082093
row_000679,0.011258884
row_006230,0.050266217
row_010929,0.06443051
row_046131,0.007300583
row_031591,0.61479336
row_024774,0.26422423
row_032675,0.84159243
row_027239,0.012216122
row_000892,0.0069473833
row_001377,0.01287327
row_024858,0.10841365
row_030711,0.80284387
row_026505,0.012139408
row_013409,0.013354783
row_006862,0.01678671
row_047649,0.13694482
row_035859,0.23696612
row_047984,0.00316608
row_024110,0.112805285
row_036635,0.33595648
row_002900,0.005301226
row_004695,0.05559886
row_024206,0.83387107
row_003479,0.059335954
row_045355,0.00056635996
row_047905,0.2257534
row_006443,0.0034692327
row_012394,0.5899867
row_012384,0.012545995
row_042962,0.07344926
row_037971,0.35219675
row_039212,0.014057658
row_035156,0.0052375444
row_023017,0.007682673
row_047316,0.009290277
row_006903,0.72691464
row_033746,0.036790226
row_048991,0.006195447
row_048968,0.30843467
row_004346,0.98051137
row_000759,0.45340782
row_026881,0.031183904
row_030286,0.001809596
row_026731,0.0889634
row_021941,0.001427822
row_001281,0.11302002
row_012505,0.00398985
row_015523,0.023602048
row_042323,0.48023722
row_017885,0.050420504
row_041779,0.030961549
row_049736,0.08343771
row_000024,0.010581236
row_046042,0.62678397
row_024951,0.96198815
row_011375,0.05076506
row_002333,0.005217571
row_006533,0.04399226
row_028732,0.44985807
row_018601,0.5346166
row_004690,0.4545637
row_049153,0.13833135
row_019532,0.0028035974
row_036396,0.27418575
row_043978,0.0012750906
row_039899,0.8211749
row_030523,0.005709254
row_035705,0.12962024
row_005209,0.024561837
row_020536,0.04477257
row_021012,0.3460831
row_008139,0.48966056
row_009924,0.08797869
row_016867,6.921972e-05
row_025986,0.02719491
row_014883,0.03511371
row_001391,0.0078790095
row_048839,0.9955219
row_036647,0.5181637
row_009927,0.1807529
row_010701,0.008410699
row_015942,0.8625211
row_011795,0.25367123
row_036823,0.01337598
row_018679,0.0019144671
row_027015,0.88381165
row_015773,0.017056793
row_023496,0.7049429
row_039224,0.0052795405
row_016125,0.056559302
row_033158,0.059663296
row_029182,0.012758287
row_045418,0.16237088
row_015586,0.0010436698
row_029275,0.010010295
row_005319,0.84198475
row_042540,0.70771486
row_039994,0.3579093
row_048718,0.03646519
row_005463,0.0023303486
row_009916,0.06085731
row_019165,0.0038055896
row_046551,0.03336381
row_047786,0.0008201509
row_031470,0.190136
row_026261,0.003015867
row_025613,0.0014352751
row_019504,0.00019440918
row_033692,0.78265244
row_041485,0.016053699
row_014420,0.013753538
row_009855,0.35350665
row_049444,0.95964193
row_025820,0.469078
row_049129,0.020776464
row_031922,0.017063238
row_044138,0.85153115
row_027328,0.0027584487
row_029303,0.008834924
row_027603,0.023672549
row_035251,0.1456283
row_013452,0.26881376
row_009602,0.24879555
row_018398,0.0019770768
row_049077,0.6980808
row_007756,0.65013427
row_038940,0.0008431226
row_042004,0.00088817166
row_000627,0.17283736
row_028652,0.020984102
row_003022,0.0019094542
row_024766,0.042142957
row_048831,0.0136832725
row_014758,0.0004044728
row_049457,0.006274834
row_009969,0.013566641
row_013606,0.012201717
row_001424,0.10772199
row_049539,0.076144755
row_018845,0.06024576
row_029242,0.0006217151
row_025591,0.040770844
row_047309,0.0012806082
row_009294,0.06633129
row_049615,0.058244262
row_019752,0.026373638
row_014937,0.0065258807
row_049217,0.9225175
row_016887,0.7824456
row_006321,0.99967134
row_025860,0.0002873068
row_019073,0.015322722
row_012920,0.9829558
row_011568,0.013234604
row_037320,0.018390123
row_046674,0.0024748836
row_008333,0.30647585
row_019544,0.00918144
row_003621,0.049649153
row_043480,0.0017819885
row_022580,0.14251705
row_035890,0.14847144
row_002561,0.9578289
row_015150,0.004945167
row_029485,0.0073756394
row_044799,0.000107113665
row_023126,0.001418212
row_018619,0.0011603821
row_001121,0.00027647798
row_018720,0.32460842
row_007995,0.014417216
row_019325,0.026171235
row_032699,0.1271354
row_007638,0.15563655
row_029902,0.010123825
row_037341,0.99579155
row_008061,0.75603884
row_008432,0.011477748
row_005804,0.21579981
row_015723,0.0883026
row_000603,0.048725184
row_007815,0.034639172
row_026336,0.001239626
row_020442,0.29822126
row_003458,0.009626444
row_041999,0.02611259
row_048507,0.0005793554
row_018024,0.5190215
row_038666,0.08903117
row_010113,0.054313265
row_017304,0.0011823002
row_013931,0.24912237
row_011010,0.027079495
row_017076,0.016610414
row_028845,0.00023645777
row_020657,0.13494357
row_047109,8.242089e-05
row_009305,0.015571939
row_013338,0.001189579
row_035088,0.08736783
row_018411,0.21482974
row_046725,0.039945368
row_021436,0.014751217
row_004711,0.22666188
row_047163,0.005512789
row_023020,0.0093802465
row_029313,0.6352212
row_015231,0.17594625
row_037381,0.051143825
row_017933,0.030638652
row_043625,0.0058034314
row_045928,0.300405
row_035014,0.024478054
row_004003,0.24349779
row_035245,0.006611956
row_022046,0.07797513
row_003382,0.007856937
row_013122,0.0018830021
row_034670,0.026874505
row_028636,0.021141537
row_046902,0.0044902004
row_044499,0.0003305344
row_022523,0.0014038526
row_007154,0.011152703
row_007014,0.68358576
row_009221,0.0059188185
row_042644,0.10603278
row_034781,0.037363864
row_015097,0.0032336847
row_007129,0.027601909
row_023439,0.020687565
row_007328,0.98916596
row_019462,0.024143444
row_037680,0.18982813
row_043252,0.9864211
row_006997,0.0023410511
row_037434,0.0741636
row_045823,0.017722862
row_034824,0.028404085
row_019619,0.3107953
row_027085,0.580509
row_016182,0.1372493
row_023569,0.2970773
row_021346,0.047274824
row_002813,0.016919442
row_014169,0.035219148
row_033374,0.013724397
row_045738,0.081940785
row_012396,0.051449206
row_025778,0.20592624
row_041945,0.3281701
row_043503,0.91385436
row_044553,0.0011454544
row_014603,0.1546373
row_004044,0.113395
row_007777,0.03703306
row_018803,0.23976527
row_049762,0.004099022
row_012489,0.0076565146
row_034319,0.0010405019
row_033519,0.03839224
row_048830,0.0101245465
row_045123,0.2843645
row_016746,0.24653634
row_020507,0.087067716
row_014329,0.3304602
row_000558,0.97358793
row_037367,0.00011688668
row_044739,0.121523365
row_038948,0.0060557625
row_009097,0.06687053
row_031216,0.043382466
row_017599,0.0071392055
row_006065,0.017234165
row_014528,0.22394043
row_021139,0.009002377
row_023051,0.9706642
row_029661,0.037767123
row_028563,0.54758275
row_044721,0.0035495614
row_021153,0.043738063
row_005540,0.0066372915
row_045877,0.061423138
row_040661,0.057985548
row_044636,0.5149722
row_036623,0.9882704
row_047933,0.0028746238
row_028748,0.06913135
row_018542,0.90785813
row_009782,0.041697685
row_023942,0.99998116
row_030958,0.25234511
row_032105,0.041908108
row_032028,0.0068754633
row_021740,0.0024467853
row_008923,0.10193954
row_027108,0.4199396
row_023376,0.0023651393
row_021097,0.007453677
row_046639,0.01304557
row_040859,0.06818047
row_024061,0.04203114
row_021777,0.97738445
row_036948,0.18562494
row_033934,0.02406097
row_024007,0.1532429
row_027498,0.0056565306
row_024313,0.9891579
row_045843,0.35755455
row_046180,0.13820128
row_042519,0.7226976
row_032321,0.010543427
row_018728,0.17119618
row_034456,0.0034084646
row_018635,0.12999132
row_028246,0.036206618
row_041750,0.2963528
row_006228,0.22053598
row_008211,0.12024046
row_040494,0.0069455183
row_039829,0.09428305
row_047801,0.14789842
row_021433,0.011984451
row_011299,0.8957669
row_008256,0.5449367
row_038753,0.6350127
row_029805,0.008338321
row_027203,0.75303113
row_036863,0.19540967
row_022289,0.0008914129
row_013865,0.023788664
row_013850,0.015894245
row_002696,0.002656375
row_039755,0.033999816
row_029195,0.035956394
row_049080,0.1831464
row_010225,0.14052315
row_046193,0.16466473
row_024715,0.023284396
row_037340,0.00068173837
row_010593,0.3760354
row_020794,0.003975756
row_027984,0.09893086
row_029048,0.20252423
row_046955,0.015573623
row_004348,0.021642214
row_029431,0.8021145
row_004330,0.0027738186
row_008710,0.0061607594
row_008790,0.580996
row_035557,0.008411466
row_022368,0.9972531
row_011235,0.008297293
row_011111,0.0887303
row_011260,0.009594017
row_017295,0.0075617167
row_021263,0.5157438
row_004305,0.08624075
row_000356,0.22121623
row_030408,0.44216517
row_015287,0.0027763667
row_037849,0.10202263
row_047043,0.011188899
row_006425,0.03441049
row_004926,0.47992912
row_019900,0.20250945
row_045098,0.003578891
row_009490,0.0003175654
row_038338,0.067812786
row_034062,0.24291834
row_045633,0.0045784907
row_013868,0.24102098
row_043054,0.09944367
row_043019,0.036826547
row_010698,0.0006877804
row_035801,0.018473199
row_038118,0.34174082
row_044903,0.06912519
row_043007,0.0031502126
row_004835,0.03471547
row_003658,0.24392037
row_025608,0.07116537
row_040129,0.048378136
row_031986,0.09785806
row_048053,0.008986168
row_049346,0.009779678
row_009545,0.09275826
row_020044,0.34061915
row_016200,0.0010270277
row_029747,0.16845351
row_020729,0.011578536
row_034417,0.010312596
row_036074,0.1755591
row_000843,0.005285088
row_028760,0.009280615
row_041306,0.10849673
row_049394,0.89672035
row_019030,0.8656465
row_038245,0.44345164
row_018408,0.009247894
row_044523,0.22388722
row_044453,0.013351097
row_005120,0.05529391
row_002876,0.99679095
row_028896,0.015085157
row_004584,0.074542865
row_022182,0.0049058245
row_020308,0.0060192468
row_018617,0.0943579
row_035420,0.0019096253
row_028547,0.23982175
row_023172,0.67938375
row_038533,0.020366875
row_031315,0.0049357694
row_031576,0.56852037
row_023800,0.01722648
row_045053,0.3013957
row_021307,0.16484128
row_037157,0.00270201
row_045425,0.6998341
row_011296,0.006083196
row_012824,0.2949769
row_011847,0.0012879849
row_048917,0.23685767
row_034116,0.5869314
row_041942,0.44915724
row_041728,0.00013182861
row_029654,0.0040517203
row_045806,0.019845733
row_005789,0.09069429
row_036880,0.07959457
row_005963,0.5471536
row_008696,0.60969424
row_048935,0.87405944
row_026425,0.9978423
row_012258,0.46478558
row_017667,0.31039178
row_026495,0.039192602
row_031954,0.055906754
row_002366,0.1564729
row_034053,0.0022935355
row_035053,0.018573156
row_044053,0.043297503
row_041930,0.88136536
row_039687,7.800325e-05
row_032723,0.027938025
row_012597,0.051917557
row_043961,0.0035646223
row_030767,0.003075168
row_037268,0.0014762228
row_030348,0.0033447472
row_006031,0.056718886
row_030847,0.7816854
row_015116,0.12856705
row_002565,0.11629872
row_020995,0.10458247
row_007411,0.005965161
row_023323,0.00944114
row_009109,0.0049948073
row_030511,0.21874353
row_019069,0.494304
row_001428,0.018621715
row_003533,0.4326444
row_004823,0.08152515
row_013833,0.015436281
row_001184,0.91021025
row_019857,0.83370996
row_015607,0.05476732
row_026717,0.040332377
row_042759,0.011396985
row_031136,0.009783414
row_005577,0.0023936944
row_017375,0.48428708
row_009047,0.41712373
row_002438,0.68570644
row_027970,0.08952033
row_014063,0.14444602
row_010329,0.25606555
row_043167,0.036007296
row_036581,0.06962868
row_024259,0.0032955252
row_026037,0.018247657
row_034707,0.008810792
row_014772,0.16844186
row_041589,0.42468098
row_028160,0.006227445
row_043208,0.0050575915
row_016623,0.040171232
row_029502,0.00013830973
row_013451,0.69983554
row_012020,0.12614919
row_042792,0.0056610703
row_005752,0.87157464
row_017214,0.0043368298
row_044804,0.794915
row_027127,0.0009083231
row_021276,0.015400637
row_044699,0.99871624
row_042579,0.062944874
row_024984,0.05101299
row_028713,0.32403135
row_003332,0.00067943643
row_015044,0.026271122
row_018049,0.016068853
row_045368,0.37168583
row_025928,0.45833346
row_009555,0.44510797
row_048250,0.5776976
row_015798,0.06543011
row_016273,0.040275943
row_012402,0.00017154962
row_008410,0.005915397
row_001000,0.029136866
row_031749,0.00059002254
row_049131,0.46508572
row_013223,0.0009362396
row_015371,0.06736355
row_008836,0.07080905
row_014129,0.0051503773
row_035144,0.9980724
row_039240,0.74213225
row_020144,0.08525772
row_005188,0.22027075
row_030275,0.0038549989
row_021487,0.0005990421
row_043059,0.0019699128
row_003694,0.05198087
row_036351,0.24198411
row_037974,0.030943913
row_013786,0.0046487954
row_008414,0.0017864302
row_019833,0.033250887
row_042037,0.8029715
row_011392,0.17543209
row_040936,0.012171735
row_004302,0.7363394
row_007962,0.06153537
row_010823,0.009475924
row_031623,0.030746164
row_003565,0.008763235
row_012573,0.0024005305
row_034210,0.019776532
row_039700,0.041018322
row_040825,0.038516257
row_005420,0.03394751
row_003446,0.034579076
row_047899,0.09466195
row_006627,0.12265226
row_029789,0.17416649
row_041522,0.030541314
row_010334,6.751024e-05
row_028501,0.01611325
row_023619,0.014862665
row_002679,0.0034289928
row_035982,0.013542796
row_010727,0.009787254
row_000640,0.7199296
row_041575,0.916649
row_030123,0.00992363
row_024684,0.48364133
row_014885,0.17946535
row_030975,0.11850172
row_010388,0.008662344
row_006610,0.031119488
row_016795,0.04043152
row_002135,0.44882426
row_021301,0.0031518242
row_013630,0.0018765052
row_045154,0.20957635
row_039892,0.28718495
row_008692,0.9470826
row_024160,0.5389791
row_013159,0.015103538
row_013007,0.46047476
row_049810,0.034834772
row_046736,0.004488472
row_022016,0.0173689
row_020607,0.105697505
row_037673,0.003350299
row_038829,0.39423528
row_027106,0.006535756
row_008336,0.51460767
row_044144,0.008624194
row_011109,0.020736901
row_014427,0.9717952
row_026154,0.006244001
row_047689,0.47242793
row_004335,0.30120188
row_029029,0.69818246
row_001008,0.008653385
row_047211,0.005830301
row_000095,0.0106466375
row_034909,0.04344272
row_007266,0.02004213
row_008880,0.015620125
row_022947,0.0041072993
row_029798,0.96757925
row_012390,0.00036955616
row_015825,0.14729525
row_029807,0.0035630134
row_024553,0.165266
row_034716,0.012533089
row_015662,0.0024531996
row_038857,0.005841716
row_007745,0.003133127
row_016454,0.047752947
row_022009,0.9999782
row_044234,0.012728933
row_028802,0.026612999
row_018192,0.017850954
row_013099,0.5850584
row_003285,0.5013594
row_027423,0.69746244
row_029748,0.035561036
row_008978,0.8284981
row_049267,0.036941215
row_003682,0.9991843
row_033687,0.9658843
row_045582,0.16782153
row_028952,0.92873937
row_027936,0.9586852
row_019058,0.008478959
row_027403,0.026001006
row_016894,0.00090112555
row_011691,0.0052656434
row_027952,0.6036075
row_000242,0.78176737
row_022899,0.014703697
row_009951,0.028087184
row_036527,0.020585753
row_013781,0.0037825024
row_022987,0.3837302
row_038503,0.0077430373
row_008080,0.1391931
row_021232,0.04238847
row_011277,0.0039754594
row_037016,0.0025055825
row_049715,0.00018080988
row_045873,0.5903006
row_003113,0.31522986
row_025655,0.004526119
row_019111,0.0011570167
row_020139,0.0109771695
row_030641,0.04203402
row_017402,0.003997304
row_002219,0.0031930264
row_022406,0.02516183
row_026939,0.0030213129
row_035235,0.05368393
row_040430,0.09722993
row_005371,0.21392377
row_001094,0.40151134
row_049987,0.0097053
row_043859,0.38528264
row_016514,0.043156713
row_028352,0.3983249
row_005736,0.009168687
row_008533,0.011035359
row_021759,0.041885808
row_013447,0.06522774
row_014179,3.8040478e-05
row_004014,0.022330161
row_033356,0.031247549
row_021558,0.0018670363
row_036306,0.32283077
row_034635,0.0110116545
row_040405,0.020816203
row_000018,0.0015923248
row_028187,0.0010936888
row_029317,0.0008550627
row_034846,0.33433253
row_005798,0.015962401
row_018193,0.88467884
row_040570,0.77209973
row_046046,0.5960834
row_019957,0.021448888
row_049344,0.06832137
row_032446,0.8075135
row_019145,0.13619407
row_031372,0.058550507
row_035950,0.013667258
row_005549,0.03587798
row_012227,0.5074155
row_008754,0.011188214
row_038256,0.3904764
row_005483,0.12401122
row_019806,0.035490077
row_001924,0.98547876
row_010604,0.14588355
row_014531,0.8699919
row_023007,0.004595547
row_041208,0.8164406
row_019695,0.006061307
row_039707,0.025193969
row_015756,0.1303338
row_032152,0.020071296
row_032180,0.25538117
row_002304,0.020653095
row_045981,0.006463444
row_009798,0.00021925298
row_031973,0.00469006
row_004565,0.008870018
row_018101,0.05124387
row_016395,0.028613912
row_009081,0.015182495
row_002180,0.10455239
row_029471,0.03449065
row_005933,0.031525154
row_012806,0.06191748
row_029415,0.24071683
row_029691,0.6153541
row_017079,0.36038136
row_006938,0.2456224
row_037041,0.43382335
row_035923,0.59530836
row_003245,0.10013285
row_047112,0.3709213
row_003419,0.023780793
row_020770,0.1249952
row_039100,0.1700193
row_038956,0.04553591
row_028094,0.056139473
row_007750,0.26290315
row_028304,0.04078301
row_048204,0.0050056227
row_033393,0.14802809
row_038000,0.7547095
row_014677,0.437083
row_047544,0.01296858
row_009147,0.010930805
row_011064,0.0320875
row_046255,0.003338917
row_035842,0.10979746
row_044173,0.0074053407
row_042457,0.18156603
row_006532,0.00036632878
row_024528,0.84006536
row_011201,0.25735626
row_041856,0.00038845494
row_048311,0.0046502165
row_040991,0.7961439
row_040189,0.108195186
row_017234,0.97355527
row_035373,0.03307164
row_021525,0.22348425
row_005846,0.11551509
row_023224,0.0014117176
row_031639,0.11404718
row_023053,0.011072306
row_003901,0.09913399
row_030250,0.013175105
row_046400,0.0057146433
row_031937,0.1945343
row_018164,0.1496126
row_002033,0.0040471605
row_030562,0.0050655296
row_039376,0.0072065773
row_032211,0.1973069
row_040807,0.025052562
row_033035,0.7971833
row_014181,0.33125797
row_009587,0.00963121
row_026096,0.034152716
row_014875,0.13550465
row_044032,0.057237394
row_045952,0.99736255
row_004086,0.48216715
row_024413,0.0022302088
row_027769,0.8358284
row_018573,0.013141558
row_027349,0.039241992
row_044798,0.06378326
row_034659,0.008870006
row_026111,0.36575487
row_030017,0.10203212
row_022591,0.102894135
row_015584,0.04253454
row_010784,0.5562263
row_002024,0.006238001
row_021776,0.016841408
row_023660,0.9469059
row_026676,0.23000747
row_000101,0.34158826
row_001657,0.08533306
row_015278,0.0036208595
row_043173,0.23870996
row_007536,0.5718498
row_032856,0.006445488
row_047227,0.0032910062
row_030981,0.044531904
row_024151,1.2406644e-05
row_039810,0.010024618
row_001566,0.007142654
row_033987,0.22842175
row_013453,0.004352855
row_032161,0.012407811
row_025669,0.000667526
row_004131,0.08070967
row_039935,0.060461942
row_012718,0.011386056
row_049232,0.0057105026
row_013188,0.7378303
row_003973,0.010505466
row_022197,0.48260826
row_011387,0.003327089
row_018182,0.0010882912
row_045005,0.0009675541
row_009457,0.71464324
row_020853,0.0016143327
row_043235,0.002961567
row_048422,0.018722981
row_043626,0.47826356
row_016441,0.040456727
row_015047,0.09304959
row_032244,0.0943657
row_004384,0.082132205
row_019295,0.037278008
row_032626,0.001596508
row_039478,0.0002743971
row_011147,0.48513922
row_044315,0.023673253
row_039264,0.013964052
row_001599,0.015096744
row_025442,0.010741875
row_047369,0.025120284
row_038086,0.055582996
row_016283,0.018909309
row_036992,0.9106568
row_006965,0.49982268
row_019278,0.0027984295
row_001573,0.04020228
row_037665,0.0071349447
row_044071,0.009806168
row_040468,0.6082563
row_007570,0.0370603
row_005838,0.91738343
row_046709,0.056679625
row_018314,0.0013227509
row_008214,0.0043429798
row_037699,0.0063874857
row_000763,0.00014866261
row_045475,0.053172816
row_030569,0.014029776
row_046262,0.09048772
row_014542,0.0029502935
row_027350,0.0049456693
row_041197,0.48055276
row_048373,0.0022044615
row_024405,0.00028675265
row_049225,0.004677767
row_034621,0.037228208
row_040177,0.3164286
row_027375,0.011675395
row_040444,0.067301475
row_028326,0.0054899566
row_020786,0.8157309
row_020366,0.47096837
row_014315,0.0039742286
row_002757,0.124110736
row_033871,0.10299872
row_000635,0.051860444
row_047028,0.8305445
row_015189,0.50189424
row_046680,0.004783185
row_030418,0.17674023
row_003555,0.037223466
row_041997,0.016962228
row_002044,0.024908947
row_000983,0.08353411
row_044469,0.27188724
row_013430,0.041912187
row_037755,0.15761973
row_003548,0.10333623
row_006308,0.8465353
row_047859,0.3781338
row_018930,0.0034456926
row_002488,0.025819018
row_023315,0.018169938
row_049688,0.00036700006
row_031499,0.0044278675
row_008442,0.21716617
row_037752,0.0017892051
row_040695,0.013950758
row_030687,0.0012629282
row_046135,0.00047865324
row_039473,0.08107074
row_047693,0.06799071
row_000186,0.020205205
row_048674,0.013279772
row_023980,0.3065724
row_033736,0.115429714
row_023300,0.9326886
row_016035,0.03013973
row_024357,0.001092126
row_001843,0.0014733599
row_007541,0.08873417
row_041629,0.10679944
row_004596,0.031933136
row_002822,0.013934728
row_049188,0.13012892
row_033668,0.018199291
row_012930,0.20939213
row_032176,0.013275624
row_006035,0.0055456287
row_043634,0.02495925
row_036416,0.03699184
row_033778,0.90801483
row_012323,0.007219563
row_004115,0.0068468056
row_042043,0.9961355
row_049123,0.9164896
row_012383,0.007085604
row_021489,0.12296729
row_041673,0.013469169
row_029977,0.027634395
row_014203,0.0020134193
row_028346,0.1013083
row_019586,0.7818914
row_022129,0.005856617
row_037845,0.767958
row_043156,0.003614457
row_019721,0.15031125
row_022855,0.0056863115
row_022304,0.06685247
row_028285,0.0038026476
row_035109,0.086694986
row_000161,0.020857459
row_043683,0.00619656
row_025138,0.0010012777
row_037541,0.09985337
row_024539,0.17618537
row_032931,0.017277258
row_046332,0.62739617
row_006597,0.18403399
row_039639,0.079327054
row_022183,0.14057674
row_028621,0.012843026
row_020195,0.034370407
row_018704,0.16838466
row_028318,0.0032400554
row_034229,0.019679468
row_023999,0.18715662
row_005452,0.12623106
row_021685,0.045579255
row_011026,0.04228212
row_027639,0.013911783
row_031290,0.27649495
row_003596,0.9719796
row_036573,0.11110758
row_024181,0.07165951
row_007943,0.45076942
row_009120,0.12094461
row_029102,0.03184878
row_008321,0.23455861
row_039856,0.0822954
row_023294,0.039913204
row_006603,0.3673845
row_003638,0.002349079
row_023432,0.21661012
row_002377,0.20118889
row_022624,0.08136021
row_038986,0.47245672
row_020579,0.0033800818
row_011298,0.00031104404
row_005542,4.7757418e-05
row_013236,0.00027309972
row_001056,0.15767781
row_019942,0.009837972
row_025741,0.89510393
row_007042,0.85300386
row_028483,0.1454324
row_007159,0.008947171
row_038079,0.21872686
row_048540,0.00012640067
row_046568,0.0015629006
row_033328,0.8402203
row_027863,0.0054427097
row_010585,0.06446774
row_001538,0.014684607
row_018395,0.024973113
row_037255,0.007892167
row_045719,0.0027134365
row_045718,0.02351502
row_001023,0.013148208
row_000361,0.73032045
row_007626,0.8599448
row_018088,0.0031139797
row_033140,0.08952971
row_001805,0.0348937
row_024033,0.0034308883
row_007018,0.014083437
row_015729,0.8788775
row_026656,0.76658636
row_019735,0.9796591
row_026665,0.03470638
row_049316,0.03762128
row_044660,0.2043545
row_031978,0.13898519
row_020451,0.16061766
row_015550,0.35096797
row_015694,0.02641261
row_006464,0.007857335
row_012130,0.08194396
row_013456,0.528669
row_004400,0.0846321
row_036487,0.8281523
row_020368,0.33469787
row_038530,0.0019361391
row_045775,0.018935489
row_014199,0.15623508
row_001464,0.14400686
row_041676,0.0017434824
row_024106,0.00090569205
row_029138,0.024076892
row_036759,0.47645333
row_013722,0.08284229
row_037197,0.75050074
row_028595,0.0028025561
row_036000,0.020996105
row_006711,0.12679806
row_030934,0.14131342
row_029711,0.012573205
row_045441,0.7680269
row_021484,0.13830256
row_003220,0.3445635
row_020137,0.014119161
row_014123,0.92004555
row_007240,0.11762148
row_019743,0.01842606
row_023830,0.0075920285
row_010799,0.08651118
row_004315,0.9817167
row_009107,0.010347296
row_044385,0.001733198
row_039365,0.009348685
row_006125,0.96016115
row_035103,0.0088334875
row_017612,0.004706632
row_005448,0.114265315
row_033983,0.01049529
row_038377,0.002103197
row_046951,0.046708737
row_034790,0.03810294
row_035218,0.0024353792
row_036988,0.22572759
row_013335,0.8386101
row_005692,0.018468903
row_017966,0.044348855
row_046895,0.03236356
row_013030,0.0046347375
row_007157,0.008124616
row_048357,0.89096564
row_044505,0.39757538
row_005285,0.3920651
row_029152,0.010843466
row_015485,0.8800345
row_030591,0.98096496
row_044557,0.9999411
row_034499,0.7493687
row_040998,0.006985196
row_001294,0.69201696
row_041148,0.16805221
row_043109,0.0043802587
row_040492,3.1962874e-05
row_031302,0.010938865
row_020021,0.1416348
row_014803,1.4033243e-05
row_027488,0.067084126
row_000841,0.029070005
row_030405,0.0016958282
row_011074,0.9875239
row_047668,0.0050108857
row_045480,0.00018456974
row_019225,0.49566045
row_034882,0.0037190716
row_047938,0.39906964
row_004362,0.19904023
row_019412,0.0021631718
row_023191,0.010272698
row_032989,0.14283285
row_016300,0.99532473
row_006923,0.08575477
row_033099,0.00088378956
row_032987,0.06148056
row_026318,0.08908902
row_025474,0.04912698
row_046285,0.0036387865
row_012446,0.016071394
row_043873,0.9105828
row_018420,0.23411177
row_048535,0.08093586
row_021419,0.06825041
row_024376,0.0074512567
row_022615,0.08103108
row_033717,0.42165828
row_021688,0.016331546
row_030665,0.010522208
row_023368,0.139747
row_030908,0.02370218
row_000466,0.82635945
row_032652,0.0036287403
row_047596,0.031817
row_023225,0.0056457995
row_046559,0.0011119817
row_018352,0.041336425
row_007774,0.30284086
row_011642,0.07694102
row_022553,0.0051043467
row_016563,0.14052959
row_044141,0.8363354
row_022763,0.007492319
row_014000,0.011079729
row_004254,0.004123696
row_016989,0.9489639
row_038562,0.18489066
row_025551,0.82965046
row_028854,0.7075556
row_030690,0.03756358
row_029855,0.75873744
row_022051,0.009344685
row_011395,0.033408675
row_012513,0.90850544
row_039210,0.1873666
row_022445,0.00035514747
row_003158,0.008060969
row_007530,0.0033098669
row_047632,0.06498158
row_046689,0.10831008
row_025973,0.004308676
row_037818,0.097277515
row_045405,0.010689688
row_040664,0.05455484
row_029503,0.0057752174
row_002516,0.40747327
row_043932,0.0276895
row_013164,0.33771625
row_029279,0.007491635
row_032416,0.0065579186
row_001095,0.0012670114
row_048794,0.03741209
row_018037,0.15698214
row_048648,0.9627233
row_024571,0.99893206
row_024851,0.47804558
row_008875,0.44488126
row_002005,0.0021519575
row_044169,0.5146262
row_001956,0.063146956
row_007743,0.981251
row_007339,0.76080966
row_004616,0.09445105
row_020945,0.8145405
row_042201,0.005427775
row_035913,0.5283563
row_009014,0.9997098
row_045156,0.06547748
row_007132,0.048241492
row_019814,0.0021939466
row_009925,0.37378517
row_000674,0.120343305
row_031184,0.02706769
row_004109,0.13196318
row_003982,0.01845237
row_045039,0.2418191
row_043236,0.0347381
row_046094,0.86079824
row_004421,0.01829646
row_014429,0.9875816
row_027264,0.0027502587
row_009737,0.004966765
row_019140,0.002554273
row_004272,0.29211998
row_003214,0.014505774
row_010539,0.16562253
row_003399,0.07532443
row_014747,0.021466969
row_022435,0.1557668
row_000300,0.18514474
row_020254,0.04337387
row_047084,0.01865266
row_031116,0.0042623775
row_037017,0.016738119
row_010584,0.27075312
row_018366,0.33332488
row_027733,0.0007803032
row_009398,0.8873343
row_006385,0.0111099575
row_027641,0.7151872
row_020977,0.9045042
row_019332,0.001426586
row_019618,0.0004581528
row_021578,0.0026758614
row_036258,0.20077118
row_048986,0.016576355
row_031676,0.0012227369
row_012792,0.077474035
row_023328,0.0019944021
row_013209,0.002796695
row_026007,0.04926157
row_012715,0.25540197
row_048249,0.005393375
row_040359,0.0662952
row_040018,0.0354641
row_016065,0.041223854
row_013758,0.0008823162
row_017190,0.064252414
row_049623,0.0492714
row_014334,0.00038786343
row_033656,0.007427476
row_014766,0.98932123
row_001283,0.97814834
row_035927,0.6690495
row_023414,0.04064663
row_046316,0.94715124
row_030829,0.022995768
row_049417,0.9991235
row_037309,0.12009347
row_019804,0.002177071
row_029301,0.024209846
row_004149,0.0056251576
row_033793,0.19241099
row_003242,3.262371e-05
row_033108,0.10799351
row_036403,0.79337025
row_033600,0.00022263595
row_028666,0.0002533563
row_008200,0.0074954787
row_046280,0.6508113
row_025279,0.0267178
row_049523,0.21687211
row_021023,0.6236201
row_034369,0.046929512
row_005388,0.6347359
row_007982,0.023129093
row_034343,0.040916763
row_015300,0.24709895
row_024519,0.0008612157
row_002728,0.022391139
row_010864,0.12685265
row_033864,0.00064904
row_043472,5.413092e-05
row_011054,0.01057393
row_019571,0.0051625147
row_008924,0.28478166
row_045463,0.0152689135
row_019091,0.003528812
row_019342,0.0992782
row_037717,0.0069588735
row_031875,0.24794517
row_042315,0.8394881
row_031003,0.0042162547
row_022052,0.5335224
row_031865,0.63977695
row_046556,0.015360026
row_041433,0.0029629571
row_024682,0.18565655
row_045378,0.082387894
row_029513,0.91850984
row_002584,0.76346815
row_028737,0.00068772037
row_044398,0.18969966
row_048300,0.122853845
row_008616,0.00085197506
row_035355,0.053120494
row_003199,0.5262417
row_031944,0.039957266
row_002373,0.34962544
row_020720,0.29501116
row_009699,0.970659
row_016492,0.1774895
row_023609,0.00031872708
row_017225,0.020729499
row_046218,0.0067392895
row_011252,0.07250764
row_035216,0.6919331
row_016061,0.031890735
row_042823,2.989078e-05
row_025245,0.18367837
row_049782,0.043111086
row_023425,0.009544643
row_032085,0.90132266
row_002121,0.012560133
row_003011,0.00014729252
row_049787,0.23450081
row_034017,0.04039541
row_004079,0.4368566
row_036865,0.035695765
row_023446,0.11018221
row_012290,0.007769471
row_047239,0.039271217
row_049053,0.08514013
row_047616,0.0032386358
row_014211,0.0077419938
row_044126,0.08272166
row_044600,0.24452129
row_029777,0.2922526
row_024364,0.4095952
row_006377,0.95227
row_045327,0.0070254775
row_019774,0.9904022
row_015654,0.005271176
row_039782,0.6973494
row_023164,0.014171747
row_031706,0.02522414
row_011530,0.16189249
row_015826,0.08727697
row_020478,0.08564664
row_026715,0.18232614
row_049906,0.013067974
row_031791,0.00015749768
row_005469,0.2717662
row_042312,0.6487503
row_008076,0.0075026415
row_032992,0.06162629
row_046505,0.0011341664
row_039172,0.20193781
row_014056,0.0005013033
row_006577,0.005006798
row_046274,0.031484824
row_028278,0.7409874
row_024025,0.00012934918
row_035242,0.13032337
row_013887,0.0023722134
row_046704,0.212423
row_003369,0.011054969
row_038477,0.019862775
row_005644,0.9927806
row_002479,0.36521676
row_005945,0.0061255824
row_028216,0.08101446
row_015139,0.08875841
row_015259,0.6004231
row_010658,0.09735467
row_018498,0.08950637
row_034826,0.0066476366
row_026783,0.0019545634
row_011371,0.89130557
row_029934,0.038312275
row_041889,0.9709607
row_002419,0.032428894
row_005087,0.029820032
row_023851,0.043306958
row_031946,0.20567529
row_029646,0.24186018
row_013516,0.032541763
row_029285,0.27819294
row_017708,0.029748855
row_034044,0.00921367
row_014845,0.06084267
row_005636,0.009216335
row_014826,0.36265177
row_020011,0.009423079
row_016833,0.014505931
row_005842,0.0011307283
row_048561,0.00085522723
row_037299,0.0079538785
row_016297,0.5758328
row_012546,0.72800505
row_034268,0.0777669
row_008426,0.095811196
row_042277,0.0019559704
row_043702,0.0043416563
row_028755,0.015811533
row_045364,0.9783318
row_001495,0.0010890014
row_033773,0.0012472972
row_025493,0.48234862
row_045849,0.18370122
row_042811,0.012644246
row_025399,0.77654177
row_019796,0.015959488
row_031752,0.00039515816
row_036766,0.099332824
row_000148,0.013319468
row_003023,0.9291103
row_045669,0.08255463
row_024991,0.007253185
row_034161,6.184551e-05
row_046795,0.040393293
row_002869,0.30157483
row_048090,0.006682711
row_016923,0.12232504
row_017874,0.00032679355
row_039535,0.010673095
row_038990,0.001405715
row_024273,0.09196401
row_022184,0.002187731
row_016854,0.0012549727
row_025988,0.36500996
row_030860,0.0003636641
row_041919,0.049484123
row_016658,0.63903457
row_048125,0.122785166
row_015612,0.39870843
row_049885,0.65643483
row_036237,0.978394
row_008450,0.018146059
row_029671,0.121738575
row_001943,0.016488075
row_009733,0.48599708
row_030993,0.13676442
row_028262,0.5658103
row_042112,0.0057002776
row_016491,0.0016230282
row_006750,0.44735464
row_010798,0.15704817
row_035398,0.09270988
row_041569,0.018281734
row_033530,0.52988017
row_037996,0.2059968
row_021452,0.022530628
row_022542,0.13933372
row_041390,0.014647962
row_049327,0.24519026
row_021027,0.7345193
row_001678,0.08427341
row_025674,0.0005573077
row_034527,0.04691854
row_034399,0.6378263
row_043858,0.056216504
row_011220,0.5747704
row_021687,0.0015633621
row_028437,0.9796194
row_010634,0.07028162
row_013127,0.90489596
row_020716,0.8580246
row_013902,0.0014558038
row_034454,0.0018962006
row_004397,0.009836249
row_040916,0.11876866
row_040283,0.017987613
row_043192,0.009906544
row_004731,0.080634736
row_009053,0.87718445
row_033162,0.28005078
row_032857,0.7030602
row_009579,0.9793149
row_018622,0.011318289
row_014445,0.014821278
row_019092,0.1310829
row_013331,0.010494735
row_005377,0.054840103
row_019384,0.19388202
row_007555,0.15196007
row_031415,0.0058588553
row_012120,0.015407377
row_011555,0.00073202007
row_037454,0.144581
row_046333,0.8821131
row_008823,0.011837687
row_032621,0.32750604
row_020713,0.36762884
row_045250,0.06883859
row_008516,0.067197
row_023541,0.070122875
row_043514,0.0015835501
row_047450,0.2150548
row_011913,0.009717879
row_011687,0.61837226
row_024962,0.05371446
row_011377,0.7296309
row_015902,0.5975608
row_044065,0.002309607
row_011976,0.028370705
row_003147,0.0034183997
row_023659,0.0065195123
row_021588,0.016850822
row_005311,0.13052604
row_045433,0.15407324
row_042689,0.5570763
row_030242,0.0036444438
row_045140,0.16146803
row_037808,0.787121
row_047594,0.03642356
row_029367,0.18328825
row_033115,0.09417415
row_020591,0.66639054
row_038817,0.026647478
row_025232,0.08430382
row_028253,0.042307083
row_037710,0.118804485
row_043171,0.0052039614
row_003221,0.01233972
row_029002,0.012387068
row_002359,0.016669182
row_006413,0.97929835
row_005639,0.672256
row_042936,0.019994091
row_036675,0.6173404
row_030371,0.9365512
row_014165,0.26450735
row_011562,0.01604175
row_002150,0.018266821
row_031641,0.47366172
row_005682,0.13959375
row_013743,0.7254059
row_000035,0.83626634
row_026408,0.0021049217
row_004224,0.10458545
row_012006,0.04579017
row_047565,0.3104765
row_027490,0.14156829
row_026762,0.25026575
row_040326,0.5443981
row_048846,0.10633199
row_009337,0.34826076
row_047270,0.46077552
row_005048,0.39053142
row_008391,0.0018458668
row_019494,0.06394691
row_006622,0.009392546
row_048880,0.006483436
row_046149,0.0064354553
row_003852,0.99184823
row_018170,0.67926896
row_043467,0.18505014
row_000773,0.00251208
row_011784,0.09177256
row_009121,0.025916398
row_013815,0.06419565
row_026006,0.0004206514
row_027168,0.42386976
row_029251,0.0019330545
row_035249,0.70301896
row_037307,0.2345104
row_021553,0.0075126216
row_047455,0.029322047
row_016432,0.35677326
row_020118,0.0013824017
row_048078,0.75415623
row_047105,0.014099833
row_004719,0.011839501
row_003795,0.040992964
row_015160,0.74311435
row_021437,0.011648564
row_037182,0.029624986
row_027306,0.11691484
row_004295,0.44002146
row_046435,0.42158538
row_023165,0.39604652
row_027261,0.014455276
row_001825,0.5953
row_033216,0.2607051
row_032860,0.008707062
row_039007,0.8147835
row_043648,0.13725442
row_045337,0.025235832
row_036595,0.51033145
row_034507,0.85059184
row_008226,0.8839803
row_011481,0.9728276
row_009483,0.0030695684
row_046397,0.9791607
row_027832,0.3627198
row_037478,0.002307796
row_039867,0.21118556
row_017119,0.018462166
row_038884,0.0148439715
row_036409,0.9066017
row_038432,0.000606878
row_032980,0.018033866
row_028496,0.05645727
row_016322,0.92889506
row_016431,0.01591854
row_027253,0.014783713
row_041882,0.050195444
row_042460,0.09788887
row_046229,0.019120298
row_036709,0.04421922
row_014093,0.0034701214
row_047866,0.0038915977
row_028339,0.5104425
row_011651,0.99995863
row_031293,0.003887164
row_021010,0.44860247
row_027066,0.54404664
row_031443,0.0023962965
row_020891,0.0011627305
row_012490,0.01739021
row_002693,0.19904543
row_036003,0.14722322
row_006052,0.15445493
row_015606,0.65619874
row_001115,0.26299578
row_025830,0.040230487
row_026538,0.8718073
row_023537,0.8573004
row_049973,0.1621165
row_020747,0.16046675
row_032551,0.008376215
row_009952,0.055481046
row_013782,0.057241507
row_038003,0.08030378
row_000749,0.35690323
row_041921,0.06939855
row_048433,0.06386175
row_010663,0.08754969
row_019765,0.5001392
row_038442,0.07967693
row_041031,0.1258437
row_005898,0.0003979875
row_004240,0.024258858
row_020146,0.0076894737
row_038149,0.0216044
row_001243,0.37573653
row_020448,0.9297646
row_022377,0.0058290856
row_020413,0.14148618
row_013975,0.006488242
row_019483,0.002605167
row_008071,0.23057531
row_038252,0.97633296
row_033438,0.00086557557
row_008820,0.0044027665
row_049826,0.023471816
row_008841,0.0023166565
row_040794,0.9956929
row_026642,0.002747958
row_031268,0.002798854
row_026504,0.17087555
row_003611,0.35788402
row_048995,0.0021889857
row_048497,0.606291
row_041558,0.0046924
row_015284,0.92498946
row_022757,0.4366553
row_025724,0.9139383
row_010344,0.5430546
row_001126,0.013373154
row_047843,0.0144125
row_000530,0.26163647
row_033863,0.009756998
row_042456,0.00142125
row_025949,0.3296555
row_033705,0.15857308
row_047730,0.004120005
row_023365,0.041257754
row_021002,0.013889467
row_048678,0.0016397419
row_021118,0.0020112044
row_017067,0.01209659
row_040448,0.00032786455
row_018920,0.38246047
row_003261,0.015174213
row_024716,0.19044758
row_011741,0.20833962
row_030470,0.27163923
row_007183,0.034387153
row_001098,0.27567196
row_041717,0.07876769
row_006816,0.007570016
row_034546,0.21873176
row_043375,0.046363533
row_031851,0.30432218
row_003029,0.20631239
row_046097,0.36237675
row_001096,0.886997
row_001794,0.23088504
row_018684,0.0063685565
row_016230,0.4721991
row_045506,0.88326
row_023637,0.16231993
row_049481,0.0024176445
row_033207,0.019589119
row_043592,0.01672304
row_031990,0.6787037
row_033551,0.074775174
row_018365,0.65286404
row_013560,0.98594636
row_035906,0.086793125
row_045751,0.008316141
row_001169,0.0033938515
row_031100,0.0020313098
row_028076,0.9929622
row_005476,0.8993415
row_038789,0.000480477
row_030774,0.99996316
row_036368,0.84711236
row_016619,0.08324113
row_042106,0.78982264
row_006143,0.43428233
row_033688,0.008331732
row_027364,0.0020163571
row_003495,0.06383085
row_009884,0.09555826
row_025849,0.2920317
row_036124,0.010318253
row_043113,0.004670227
row_038339,0.0783978
row_011850,0.55765307
row_003652,0.0041692345
row_048698,0.0010949048
row_045428,0.29819998
row_007168,0.7747431
row_022424,0.6384587
row_010594,0.0998034
row_040147,0.22927277
row_048669,0.21310368
row_014495,0.06742429
row_026827,0.51086956
row_010020,0.0004491294
row_033703,0.18185464
row_047676,0.0054361806
row_028280,0.10211857
row_027086,0.07134064
row_010296,0.4402537
row_030422,0.028248651
row_041430,0.00406349
row_037424,0.053017277
row_034514,0.067846544
row_025180,0.0009713069
row_034006,0.08848624
row_034841,0.23832935
row_047979,0.058359873
row_042171,0.00374746
row_012711,0.5118494
row_039310,0.037581954
row_015735,0.077738166
row_041294,0.63639015
row_040558,0.02413195
row_025101,0.77739334
row_030593,0.01158037
row_024565,0.0039482075
row_018695,0.5731856
row_034217,0.05102467
row_024367,0.8456645
row_001016,0.015450136
row_042697,0.036056902
row_042765,0.012016365
row_043373,0.12654622
row_013519,0.061261997
row_005618,0.015374398
row_006780,0.03752516
row_046544,0.00060999754
row_006246,0.81067044
row_033136,0.00047485202
row_019454,0.0021633778
row_003021,0.083709545
row_048502,0.010194648
row_005333,0.054009568
row_024131,0.48302692
row_005839,0.039361276
row_009678,0.014345551
row_005633,0.2236
row_048228,0.10519426
row_048252,0.6220414
row_031611,0.0009816015
row_017988,0.78561777
row_040908,0.012070958
row_045654,0.25836906
row_022619,0.017289551
row_042152,0.013113388
row_049320,0.5281103
row_005845,0.0022065886
row_043424,0.2909973
row_011726,0.06436496
row_047936,0.054429498
row_004445,0.1035419
row_001265,0.0008180829
row_032683,0.99939215
row_037885,0.021795237
row_038308,0.5495535
row_041692,0.15676287
row_002262,0.02228082
row_019005,0.20490307
row_025653,0.0031965948
row_017352,6.458537e-05
row_025237,0.006819448
row_015071,0.33415583
row_025573,0.089707695
row_032282,0.003028421
row_017716,0.00026983986
row_025450,0.99986553
row_035903,0.62821627
row_044801,0.00089129567
row_027910,0.005311001
row_041477,0.0032779565
row_028095,0.0065320604
row_006734,0.32116792
row_009465,0.0017100542
row_047567,0.68481714
row_038994,0.004172223
row_028763,0.15551195
row_035257,0.9083225
row_009426,0.80240864
row_031047,0.16149983
row_009376,0.0031161725
row_030228,0.008382431
row_006539,0.0021272374
row_043874,0.32329488
row_005222,5.3074018e-05
row_025113,0.00029605476
row_026022,0.010002378
row_015311,0.025567887
row_011634,0.001626175
row_034580,0.061731894
row_047733,0.0095563615
row_000735,0.94428927
row_039898,0.9400394
row_019083,0.50828665
row_026047,0.20183963
row_016939,0.39762685
row_043132,0.012132422
row_013872,0.00043518146
row_006812,0.23288952
row_031083,0.089007966
row_030332,0.0073283543
row_020954,0.12227168
row_007976,0.019777609
row_014162,0.6861594
row_004929,0.0022818367
row_034287,0.0017421742
row_036241,0.47379133
row_002504,0.09310861
row_015015,0.5731678
row_030263,0.009087021
row_001988,0.1522901
row_022359,0.8566874
row_034236,0.0008715247
row_039269,0.15480798
row_045160,0.04053305
row_027390,0.07303997
row_036669,0.012893961
row_027092,0.013800692
row_031484,0.03202553
row_048330,0.00087019405
row_034254,0.70647544
row_026152,0.021382334
row_010504,0.0062658424
row_013403,0.012067279
row_004135,0.0029128748
row_026370,0.07361461
row_046933,0.006523813
row_016093,0.5507143
row_009746,0.09818278
row_012926,0.14727625
row_003879,0.0051663266
row_037860,0.46063074
row_038197,0.9996184
row_046010,0.00044335853
row_049510,0.2738801
row_040892,0.006704666
row_006128,0.011111492
row_041010,0.021127222
row_016984,0.006071143
row_025941,0.03637864
row_045753,0.12665273
row_019563,0.9997367
row_025900,0.0012646086
row_013985,0.7638466
row_033743,0.543766
row_043696,0.006418672
row_028427,0.040942237
row_001960,0.79394466
row_034687,0.08289455
row_046294,0.090194166
row_004649,0.007367621
row_030078,0.10726795
row_002425,0.02414536
row_047357,0.50127745
row_021628,0.021360325
row_003130,0.87137955
row_028580,0.06876834
row_016013,0.019043649
row_021300,0.03690583
row_048137,0.13227738
row_048031,0.07364128
row_042591,0.11099397
row_036052,0.031637643
row_020533,0.0039868345
row_030140,0.5092993
row_027871,0.71936876
row_029672,0.25869074
row_004939,0.06571463
row_022206,0.18128327
row_047478,0.05038364
row_040678,0.027705256
row_032110,0.0015444779
row_046629,0.539731
row_024416,0.75610095
row_006713,0.00063492556
row_026445,0.025420148
row_023916,0.34114948
row_003654,0.006971691
row_033375,0.0018292676
row_004336,0.8432228
row_004805,0.0587375
row_007055,0.008031246
row_021450,0.0018586905
row_032804,0.80627936
row_010033,0.6842269
row_045510,0.4323295
row_023113,0.090999156
row_027621,0.0027402968
row_036657,0.06890522
row_042108,0.011591285
row_005336,0.14165333
row_001415,0.075347565
row_024211,0.13707471
row_016332,0.17811093
row_044066,0.1453454
row_034951,0.015829746
row_025461,0.01001731
row_042797,0.00312228
row_002837,0.09994587
row_029586,0.0025290872
row_014522,0.018796014
row_012783,0.6445065
row_015154,0.02220887
row_019084,0.0008307398
row_040085,0.29755995
row_000949,0.09026535
row_026367,0.00718078
row_047897,0.02416642
row_034533,0.0063776546
row_026044,0.025809402
row_020707,0.5432692
row_017700,0.001790074
row_035834,0.9892832
row_047805,0.10381913
row_047923,0.009878866
row_021316,0.0125141
row_044172,0.038728144
row_012602,0.69903755
row_038916,0.13871293
row_031729,0.012027835
row_023814,0.23112327
row_005234,0.36262247
row_031831,0.31736523
row_045556,0.87390447
row_026403,0.27978283
row_049866,0.018173255
row_015678,0.13115026
row_007062,0.14754172
row_024820,0.24364923
row_015108,0.028481914
row_024138,0.0022923301
row_001185,0.13293925
row_014355,0.024974769
row_026904,0.046076313
row_027413,0.09115095
row_007913,0.009989345
row_046599,0.9945893
row_047420,0.23222503
row_030175,0.08962029
row_031482,0.007438308
row_031283,0.11520737
row_017537,0.37174818
row_020841,0.005053739
row_004824,0.09029266
row_025295,0.011747766
row_011628,0.012579303
row_003695,0.030903382
row_029057,0.41466236
row_047758,0.014873476
row_005695,0.00010719163
row_023473,0.035597578
row_044683,0.31870174
row_010640,0.0025696126
row_018506,0.055892486
row_005182,0.8189956
row_000381,0.9976598
row_038103,0.030136785
row_045188,0.139265
row_004368,0.014548296
row_034128,0.010654239
row_026419,0.0012232501
row_043144,0.004086276
row_017080,0.019045388
row_041265,0.025382333
row_049357,0.38177335
row_027048,0.024358843
row_046433,0.21447882
row_013590,0.013407456
row_038870,0.18903065
row_021530,0.26164523
row_013273,0.0114346165
row_015852,0.0014611023
row_038677,0.031038666
row_017343,0.006784924
row_001181,0.52067184
row_041018,0.015184256
row_043857,0.57387996
row_009155,0.001968359
row_038214,0.36822283
row_020577,0.0003933736
row_029606,0.59176815
row_039698,0.07298808
row_014108,0.10946441
row_045067,0.026985953
row_017101,0.1429733
row_041935,0.0023812356
row_047174,0.012095063
row_041481,0.79959935
row_006820,0.0013911367
row_045148,0.00015448898
row_019255,0.24574386
row_035657,0.04532555
row_039529,0.0256016
row_038946,0.001003468
row_012518,0.22007817
row_004537,0.028308755
row_032829,9.142841e-05
row_013392,0.12519261
row_013358,0.028324664
row_000757,0.49222416
row_032695,0.43478912
row_023635,0.98209035
row_046944,0.0012296349
row_011846,0.00988441
row_015141,0.9353803
row_049169,0.0936678
row_029890,0.03132649
row_024133,0.0057764
row_040561,0.93592566
row_032323,0.0074135503
row_023035,0.0018471887
row_022067,0.9570196
row_007465,0.34619454
row_028122,0.95075583
row_017623,0.15478423
row_035614,0.72272104
row_018642,0.8434998
row_009365,0.043421894
row_014676,0.00085602055
row_048785,0.9823806
row_011954,0.00051122205
row_027636,0.020062847
row_006538,0.0026441414
row_021700,0.00028351092
row_038943,0.010492131
row_021493,0.22402309
row_018992,0.053288043
row_034389,0.95146865
row_018970,0.07009022
row_025317,0.0032997176
row_028614,0.0024910008
row_043145,0.88957906
row_037928,0.99948967
row_005036,0.237108
row_047576,0.004608317
row_003865,0.12164728
row_014879,0.00042214998
row_048532,0.002140746
row_024003,0.9981199
row_004631,0.45951983
row_006988,0.006340832
row_022283,0.009093983
row_001345,0.10887526
row_038750,0.0062635597
row_046327,0.0019125566
row_010095,0.00044392038
row_001564,0.0004459496
row_022902,0.00074785337
row_026960,0.019010099
row_011219,0.9538515
row_039910,0.020240001
row_043486,0.3470241
row_023239,0.033918943
row_049087,0.00044045213
row_007252,0.11678033
row_048468,0.06506693
row_019128,0.266421
row_024815,0.00035433262
row_005025,0.3067616
row_007073,0.15844938
row_016358,0.00613485
row_040690,0.07362903
row_036490,0.033205714
row_044702,0.056104384
row_029631,0.037920397
row_049331,0.018605199
row_019955,0.9925392
row_027858,0.041603014
row_049798,0.72229314
row_042885,0.2156286
row_042275,0.0014298155
row_048789,0.009995506
row_017078,0.0034489806
row_036646,0.00083558855
row_008666,0.100630395
row_034312,0.9588346
row_025058,0.9771656
row_044939,0.00030687117
row_046618,0.0045798994
row_019491,0.14076339
row_030728,0.0065292604
row_010528,0.020494688
row_024401,0.015895767
row_038490,0.021954631
row_022371,0.43117777
row_011047,0.94275665
row_018600,0.4702514
row_011504,0.0016302476
row_020362,0.00604191
row_017259,0.9984364
row_008353,0.05352448
row_029535,0.0019233548
row_048152,0.60378325
row_008176,0.8657588
row_006150,0.08236628
row_001106,0.24156964
row_046429,0.012091782
row_025558,0.001325694
row_014036,0.9534936
row_005489,0.10283754
row_005017,0.0121514285
row_007547,0.036448307
row_031433,0.05763443
row_020101,0.0936455
row_005679,0.006584205
row_023664,0.04103304
row_023893,0.004604825
row_047031,0.05651671
row_012376,0.031219594
row_007953,0.010518306
row_001815,0.0064650206
row_001460,0.025852302
row_017736,0.021452695
row_031684,0.92720354
row_012461,0.0065549184
row_038492,0.99833834
row_031920,0.054689676
row_040736,0.000926802
row_014538,0.032642096
row_029311,0.18207361
row_034363,0.01687404
row_037460,0.22250326
row_038120,0.011715663
row_048233,0.8418005
row_034604,0.90434235
row_034351,0.05224913
row_042048,0.2800645
row_006531,0.010457518
row_004570,0.30137274
row_004439,0.12849912
row_045765,0.18630113
row_024415,0.008086801
row_028579,0.0023999356
row_017373,0.00034369525
row_043199,0.4203247
row_005902,0.027093915
row_019728,0.06638764
row_031984,0.0023146812
row_018478,0.043140974
row_000233,0.15524021
row_021231,0.008148607
row_037058,0.19691755
row_018783,0.03368906
row_044028,0.8967204
row_006155,0.11928472
row_012287,0.1017194
row_008334,0.002148254
row_044860,0.044447843
row_031197,0.67805547
row_017676,0.07302227
row_024948,0.06313189
row_030502,0.0012717055
row_038039,0.23043779
row_012793,0.081525914
row_032900,0.26725462
row_032824,0.6133438
row_023251,0.021491058
row_015144,0.0011300601
row_024661,0.47024077
row_011944,0.017446628
row_019929,0.4452689
row_024733,0.0042626085
row_011501,0.027151925
row_006095,0.024889473
row_026192,0.13390858
row_048087,0.24526803
row_009031,0.101234764
row_034479,0.15079784
row_035554,0.094851136
row_018866,0.41780216
row_044314,0.28697625
row_031300,0.009774106
row_033594,0.0120699
row_038597,0.053293265
row_017410,0.0012272578
row_039537,0.0014238775
row_024048,0.6331576
row_025181,0.02492891
row_004566,0.0023450882
row_046602,0.011441874
row_030816,0.06289727
row_049447,0.1078089
row_032182,0.006622432
row_039631,0.0051846146
row_033918,0.012713261
row_040191,0.009890463
row_034748,0.021323614
row_019394,0.2446885
row_039728,0.013036481
row_048202,0.013434086
row_034384,0.5428284
row_041988,0.04723067
row_035278,0.034899704
row_038148,0.5898201
row_012942,0.3554252
row_023243,0.22625938
row_046740,0.21157286
row_005777,0.11322214
row_011685,0.09994587
row_037909,0.43818906
row_000442,0.015349421
row_003984,0.09126518
row_022778,0.003160066
row_034641,0.015196754
row_016552,0.43212602
row_030115,0.9296915
row_042324,0.18463106
row_014193,0.007881131
row_002583,0.002346405
row_003354,0.03563192
row_032207,0.00026428522
row_008989,0.095220104
row_013302,0.010832572
row_037256,0.06446997
row_025869,0.012215564
row_015672,0.09911807
row_017701,0.0074612047
row_001856,0.31034923
row_015621,0.6703193
row_017905,0.70062095
row_038981,0.032707587
row_005407,0.42598504
row_018874,0.8722227
row_039477,0.42010778
row_048774,0.7563249
row_024447,0.1454587
row_041815,0.8619838
row_040759,0.00781377
row_018449,0.0010725795
row_034822,0.011496227
row_019832,0.0073734927
row_043158,0.0063448683
row_028150,0.16368307
row_007221,0.03886146
row_023148,0.18678252
row_010169,0.5334861
row_046681,0.023847397
row_042683,0.40526587
row_026531,0.007427873
row_038474,0.86429584
row_025801,0.018515173
row_031476,0.37084222
row_049019,0.024515433
row_029055,0.001713691
row_041511,0.00081855
row_023283,0.42078
row_008251,0.01850561
row_023345,0.019551309
row_041978,0.01086362
row_035349,0.27732792
row_042512,0.2565126
row_030234,0.013021122
row_017585,0.39899316
row_004246,0.012070173
row_048611,0.00136945
row_016071,0.10035686
row_002983,0.0016855804
row_013459,0.004892328
row_046683,0.16635875
row_044430,0.0032482028
row_047894,0.0027538445
row_024408,0.0047864253
row_020978,0.008243053
row_023610,0.89423
row_000758,0.0018770491
row_010824,0.00023083069
row_001421,0.002605343
row_049410,0.03357124
row_039181,0.09568793
row_002040,0.016747648
row_035922,0.0103689
row_002560,0.04749809
row_044682,0.12567326
row_037465,0.49425182
row_037535,0.01886057
row_042130,0.06650713
row_039085,0.5010546
row_000256,0.5187774
row_029495,0.078961425
row_033907,0.5500072
row_018445,0.023399139
row_020868,0.043822903
row_022693,0.103836894
row_010226,0.0048925555
row_034890,0.99309
row_038785,0.39888442
row_012749,0.05839148
row_041568,0.18131848
row_042949,0.0014905013
row_045674,0.6862387
row_047677,0.028631687
row_037490,0.014474049
row_005774,0.089591995
row_045238,0.69157785
row_025298,0.28940347
row_013679,0.98706275
row_037836,0.13462713
row_029378,1.3214467e-05
row_007581,0.06959274
row_043244,0.28087336
row_025861,3.261139e-05
row_000052,0.022467183
row_033259,0.005555101
row_045082,0.1670378
row_002883,0.06785017
row_004176,0.01570345
row_036927,0.22339597
row_025926,0.12185198
row_004632,0.99979836
row_034345,0.016024545
row_019345,0.0033075616
row_018185,0.16088386
row_023546,0.030036192
row_016749,0.3252902
row_010489,0.071279205
row_018087,0.1143488
row_040052,0.047271185
row_002932,0.03100861
row_027130,0.49596816
row_041853,0.06468778
row_012495,0.0016762854
row_035143,0.9928647
row_022585,0.8930035
row_029455,0.005921288
row_022737,0.004109492
row_020529,0.17610076
row_006611,0.009831095
row_045879,0.08160139
row_006447,0.070551485
row_008001,0.0012098616
row_020439,0.48042607
row_002071,0.09652294
row_017893,0.20946012
row_036936,0.017733956
row_017998,0.018251466
row_014250,0.9626353
row_010579,0.0118799135
row_033126,0.0018683715
row_015796,0.016636971
row_047503,0.6545279
row_015731,0.18605326
row_048213,0.23777229
row_029469,0.0038780405
row_047498,0.031924848
row_005342,0.007705401
row_010974,0.21371992
row_044055,0.0010260541
row_001905,0.0046504927
row_041863,0.08168922
row_049731,0.6621107
row_036730,0.089351825
row_005335,0.22010952
row_033629,0.0010127762
row_039391,0.37935856
row_040135,0.00032857142
row_040438,0.99071175
row_041900,0.28038666
row_007688,0.00019340948
row_036668,0.61009514
row_008933,0.54094046
row_021864,0.0309832
row_007120,0.010910502
row_003788,0.018228363
row_032154,0.023516646
row_043796,0.096263506
row_009432,0.0006501194
row_039505,0.2910916
row_006640,0.021947794
row_015955,0.06407747
row_031636,0.32601967
row_022915,0.9276664
row_014353,0.0036870013
row_010734,0.0643011
row_000720,0.0016201378
row_017275,0.0041071842
row_025006,0.8161517
row_020961,0.07354762
row_047607,0.009230684
row_046929,0.018401574
row_029067,0.0287314
row_021393,0.041971613
row_048659,0.0069665196
row_025757,0.081840836
row_044231,0.03853938
row_034446,0.019540453
row_004722,0.09107969
row_004864,0.07267898
row_025870,0.0026217862
row_019393,0.8567018
row_029738,0.28568676
row_032249,0.036287714
row_016239,0.7900561
row_000854,0.09923974
row_023607,0.012098761
row_016095,0.73190933
row_048499,0.006539668
row_043737,0.008991379
row_034835,0.055975992
row_000925,0.14346781
row_037800,0.0045976657
row_000038,0.82186496
row_007405,0.10674285
row_040044,0.0006183196
row_027031,0.47828707
row_041920,0.72465795
row_034325,0.046439752
row_030954,0.0004598566
row_021447,0.08528694
row_002663,0.8703891
row_043180,0.13281363
row_026011,0.00655015
row_047957,0.28835523
row_029662,0.013559355
row_020483,0.06334778
row_001603,0.99664885
row_039004,0.025543794
row_019420,0.17800863
row_016464,0.025326245
row_023748,0.013768066
row_027904,0.2714822
row_030221,0.025514618
row_011980,0.5855445
row_027504,0.13922696
row_046239,0.21588627
row_024745,0.13018759
row_026781,0.005058875
row_037403,0.06952477
row_020503,0.9982363
row_006072,0.5799496
row_013568,0.006080841
row_014486,0.005162441
row_024424,0.009035197
row_012808,0.09519581
row_035772,0.0024918825
row_005444,0.12851593
row_046936,0.00714424
row_021206,0.06974957
row_033602,0.0135864755
row_010566,0.9540284
row_000213,0.02856343
row_044335,0.02871235
row_039481,0.0052870987
row_017185,0.13894378
row_004858,0.9853719
row_023655,0.028490385
row_009609,0.32315695
row_005296,0.0004885838
row_034681,0.0054618022
row_043826,0.33243388
row_036763,0.7718899
row_042021,0.003488264
row_010467,0.010125851
row_006946,0.00040764676
row_040034,0.65716124
row_014107,0.030200632
row_019247,0.008082185
row_035715,0.99886084
row_041818,0.004639725
row_017759,0.0018892924
row_036724,0.22624004
row_006102,0.00030747915
row_021942,0.0016852362
row_023433,0.69111246
row_028411,0.0036831324
row_048915,0.090346225
row_036681,0.8570687
row_010761,0.2037538
row_032063,0.68644524
row_008698,0.0047721937
row_031212,0.006554005
row_042427,0.73552006
row_018456,0.070855886
row_047941,0.05950129
row_028627,0.011502238
row_030420,0.013539987
row_026269,0.013914804
row_022338,0.27087504
row_043043,0.037811104
row_017628,0.87700397
row_010735,0.0043994654
row_035444,0.024818685
row_048724,0.0152434595
row_046211,0.116817415
row_037595,0.89157784
row_003588,0.023245297
row_013483,0.007744558
row_013849,0.0055909483
row_001584,0.00041682713
row_000950,0.8374398
row_009902,0.009034028
row_026118,0.1482852
row_020900,0.0006354331
row_008238,0.17015332
row_009042,0.9706415
row_045687,0.008637663
row_024375,0.014021849
row_031544,0.7886355
row_004733,0.005536272
row_046578,0.9985349
row_031020,0.0006086851
row_036887,0.011722942
row_011382,0.081618495
row_046053,0.29183826
row_015922,0.027233088
row_049779,0.27839914
row_014613,0.81494385
row_026019,0.10189635
row_003617,0.02039033
row_001493,0.0034022632
row_024425,0.04957232
row_005552,0.013324928
row_018197,0.5771508
row_016914,0.0384852
row_030112,0.0017861547
row_021070,0.92574096
row_040701,0.0020712279
row_020671,0.6607867
row_034855,0.0027973827
row_027470,0.2563046
row_016289,0.37130353
row_011070,0.007085078
row_013143,0.0015257268
row_015087,0.118861884
row_026546,0.017508646
row_014335,0.13754064
row_045273,0.0023698865
row_030974,0.93699133
row_027022,0.44406772
row_035384,0.88549614
row_038941,0.9967451
row_017396,0.9999126
row_020940,0.5228228
row_038747,0.050900448
row_043511,0.01868081
row_032431,0.15335289
row_009306,0.011318908
row_041836,0.10529083
row_041861,0.44165042
row_002072,0.001476364
row_038436,0.099319816
row_023133,0.1604405
row_037626,0.21892034
row_042733,0.0037788602
row_010925,0.078852214
row_045569,0.00051382376
row_030425,0.085423
row_041139,0.056172404
row_037634,0.014266677
row_031076,0.052174944
row_019009,0.0026144749
row_041068,0.14092518
row_013655,0.9975593
row_025023,0.0015711586
row_046705,0.023804216
row_025267,0.013918567
row_004985,0.046357416
row_005040,0.690155
row_028061,0.03108653
row_042598,0.015652874
row_029409,0.018527748
row_026537,0.0010554941
row_027214,0.11615636
row_041067,0.3729669
row_026316,0.001288329
row_026078,0.26956186
row_043546,0.10374858
row_004307,0.07009277
row_005399,0.02442742
row_035605,0.34208158
row_019643,0.19262458
row_011588,0.003636213
row_000030,0.00013131498
row_027816,0.23754352
row_029915,0.7622999
row_018761,0.001294841
row_038267,0.025885606
row_013564,0.10453822
row_031182,0.036737375
row_004328,0.030791938
row_013878,0.03561412
row_047150,0.06990165
row_028709,0.0007978304
row_035289,0.02882514
row_017897,0.005547007
row_027872,0.08524036
row_012381,0.8924962
row_045370,0.0010752354
row_040539,0.14817071
row_003912,0.15717424
row_002906,0.48266625
row_009301,0.08611993
row_028513,0.07008838
row_024107,0.4247431
row_014783,0.02929647
row_038069,0.00023804416
row_047320,0.45879462
row_035527,0.92448217
row_014408,0.00071510737
row_022405,0.81706566
row_008360,0.00010643151
row_004991,0.026947534
row_023131,0.0090660015
row_008478,0.05401893
row_036794,0.014950491
row_036110,0.29491004
row_046583,0.8383797
row_040300,0.0061012767
row_045003,0.711821
row_012389,0.47229633
row_005029,0.10030868
row_013830,0.05197407
row_004416,0.12333135
row_008212,0.8873033
row_042574,0.15611798
row_014847,0.03470534
row_036185,0.44378787
row_040923,0.054139398
row_027651,0.8468787
row_043393,0.030199297
row_000818,0.0019037947
row_018012,0.029714147
row_048187,0.83722
row_000693,0.0067953593
row_045305,0.58811015
row_036693,0.9878614
row_003723,0.45058498
row_046517,0.0003292776
row_036840,0.024840545
row_034529,0.42620006
row_008530,0.013096244
row_004556,0.00026258608
row_037108,0.0182306
row_041849,0.76798034
row_002879,0.004537482
row_012949,0.016215585
row_002598,0.016944665
row_042070,0.998654
row_049729,0.654428
row_031406,0.9923228
row_017694,0.04224697
row_020147,0.34784034
row_005701,0.0018565782
row_005244,0.17156439
row_038580,0.36705354
row_003939,0.00038833183
row_002335,0.0031558163
row_040639,0.92695516
row_008953,0.024380103
row_041283,0.069172285
row_047992,0.18926495
row_005236,0.00020014853
row_014537,0.0007789232
row_001029,0.011974535
row_036786,0.00033033913
row_039676,0.028284952
row_033154,0.94538933
row_027692,0.0018920962
row_038908,0.025665859
row_027789,0.14713167
row_003062,0.047439896
row_027299,0.041903485
row_020647,0.99997723
row_006475,0.10300434
row_012637,0.0053287265
row_035731,0.046665408
row_032873,0.006857543
row_047078,0.95747423
row_046663,0.11328978
row_038813,0.022025874
row_003783,0.0005993682
row_023639,0.11870238
row_010606,0.26367056
row_008551,0.060108088
row_020642,0.0054231766
row_041696,0.06501351
row_017648,0.021673812
row_023761,0.0050756596
row_032681,0.45103267
row_009186,0.9914914
row_006214,0.010886557
row_027972,0.26321834
row_014378,0.011183228
row_043852,0.014320342
row_022882,0.0041385978
row_037134,0.26492783
row_026144,0.021482015
row_001400,0.00051804737
row_031275,0.47485673
row_007812,0.5876553
row_045720,0.007247635
row_034794,0.0022466101
row_040659,0.14691202
row_021034,0.002987914
row_011755,0.021513369
row_044395,0.0002625668
row_006972,0.1277458
row_006991,0.52409935
row_046179,0.846859
row_032391,0.07994642
row_022083,0.009413746
row_010298,0.1497246
row_006905,0.029905178
row_003116,0.013790993
row_031049,0.019644858
row_000368,0.0083595645
row_014702,0.0015732717
row_004984,0.0009081041
row_029224,0.00058703666
row_039278,0.018988838
row_002152,0.24725455
row_034190,0.017068878
row_020093,0.7259181
row_002099,0.1994297
row_041307,0.010190328
row_010441,0.08671706
row_020430,0.011793949
row_041891,0.007254747
row_043667,0.24846931
row_046692,0.0090286285
row_033226,0.013285734
row_021962,0.5666832
row_036354,0.003129766
row_007805,0.016906638
row_023056,0.07975074
row_016495,0.0098310355
row_000310,0.001487727
row_048150,0.022377118
row_005659,0.00047057273
row_023086,0.0002108726
row_028588,0.9468175
row_043954,0.0030303653
row_031718,0.222828
row_020827,0.00064748956
row_044930,0.029490706
row_012798,0.04155871
row_030023,0.029112473
row_026855,0.69635075
row_038027,0.6950405
row_022744,0.0052447044
row_022992,0.0019946669
row_046807,0.0018432304
row_047421,0.11528339
row_043693,0.08360612
row_042630,0.0016876599
row_002838,0.001015051
row_005893,0.5575081
row_010410,0.040969294
row_031149,0.18189855
row_009289,0.1357257
row_014562,0.53417534
row_003582,0.037696
row_002921,0.22103629
row_018155,0.00045113685
row_025470,0.46613818
row_040339,0.7613326
row_028801,0.0015193622
row_014675,0.0022965644
row_040327,0.02182905
row_002381,0.99758744
row_037784,0.001348
row_025432,0.6219659
row_017523,0.19352068
row_016996,0.024185846
row_012241,0.0027103196
row_006912,0.05794406
row_042042,0.5953436
row_035264,0.022444412
row_040509,0.0009860162
row_027575,0.6569838
row_026312,0.023787828
row_011304,0.15079513
row_027129,0.35041386
row_001878,0.57952356
row_008549,0.8902611
row_032314,0.044765566
row_004735,0.77415437
row_014013,0.047634184
row_004350,0.037456572
row_039356,0.017594635
row_040319,0.0017442901
row_002306,0.9675006
row_049876,0.7132407
row_040030,0.05585834
row_044142,0.012674756
row_015328,0.028725298
row_006015,0.9993155
row_011415,0.0016631322
row_014395,0.005126615
row_010436,0.0014785976
row_026273,0.0007933008
row_013187,0.009077832
row_022692,0.005183724
row_010474,0.0031664188
row_009354,0.011217523
row_021284,0.0026659882
row_017732,0.04750318
row_045552,0.20356788
row_023142,0.29721707
row_015020,0.009230383
row_039050,0.2939435
row_020028,0.18493417
row_014394,0.0009999393
row_008232,0.0009225168
row_012654,0.031372685
row_034462,0.11444555
row_020502,0.006949854
row_005109,0.007929629
row_015149,0.031003103
row_000641,0.0023350038
row_017144,0.0158847
row_047413,0.08325093
row_023055,0.017206881
row_025236,0.052407503
row_036363,0.0060951263
row_047944,0.0024466445
row_028309,0.8913107
row_015079,0.29885045
row_009296,0.024951968
row_030550,0.030639634
row_010387,0.0047527947
row_045543,0.9998816
row_029527,0.014134768
row_037521,0.35504514
row_046114,0.015180049
row_044551,0.009885851
row_010510,0.0128750205
row_044446,0.016419759
row_016364,0.0643849
row_036805,0.0022997896
row_017745,0.1538948
row_007659,0.016478358
row_020099,0.034712147
row_035873,0.0020485986
row_048584,0.103104696
row_041826,0.31942436
row_046236,0.03530092
row_010941,0.19400497
row_047030,0.20607339
row_017854,0.12902191
row_034124,0.01734698
row_029403,0.0007606822
row_006951,0.0059994655
row_038395,0.5037395
row_021953,0.08759649
row_030297,0.0043061418
row_042999,0.003086122
row_027583,0.18353513
row_029557,0.028759876
row_001802,0.016259879
row_035693,0.3594408
row_031430,0.11984568
row_021838,0.008500843
row_001918,0.13931438
row_011316,0.4450241
row_004470,0.18935505
row_024306,0.074746
row_034756,0.0031407976
row_045105,0.42113265
row_044970,0.14427628
row_000072,0.0029648507
row_018579,0.03401104
row_041622,0.038332038
row_048903,0.35652888
row_039255,0.17874095
row_008316,0.005601531
row_036328,0.3492597
row_020781,0.8900644
row_009248,0.13054672
row_035568,0.11132883
row_016584,0.1662081
row_008323,0.042382456
row_008906,0.1682135
row_001215,0.07407575
row_040470,0.00191619
row_019742,0.017351363
row_020013,0.0038804268
row_006801,0.58525634
row_004201,0.12828624
row_021956,0.0046016197
row_030099,0.21630752
row_006328,0.08151062
row_016968,0.019779546
row_012525,0.0038621894
row_001130,0.8960507
row_046896,0.0001631864
row_023208,0.056395605
row_025336,0.12997669
row_001876,0.05970813
row_043400,0.7746921
row_026085,0.0003751409
row_038816,0.6036392
row_045061,0.49314556
row_041958,0.013793607
row_011662,0.0092849815
row_047441,0.0031965326
row_049045,0.0022938966
row_037269,0.017440556
row_038613,0.00059036486
row_048505,0.8747452
row_029843,0.044191506
row_003144,0.12762752
row_030657,0.71532774
row_013432,0.35750812
row_047278,0.32759145
row_013044,0.04460363
row_046186,0.00470187
row_009546,0.5718195
row_012170,0.9997869
row_027986,0.08873523
row_001207,0.13658439
row_017577,0.03785389
row_000855,0.12524803
row_013570,0.520479
row_047901,0.0364685
row_025228,0.0011996867
row_020287,0.005754768
row_021563,0.9750645
row_038964,0.060636543
row_002347,0.053389713
row_042089,0.07516273
row_011748,0.34718215
row_004927,0.39424857
row_010323,0.5426515
row_010635,0.0032185703
row_008674,0.0786072
row_032538,0.027911162
row_039980,0.00062289357
row_042071,2.9469196e-05
row_032410,0.30133995
row_017089,0.5667806
row_024320,0.14305888
row_044949,0.017960187
row_016321,0.6025862
row_047350,0.0027547285
row_019624,0.3929709
row_025083,0.8360197
row_047203,0.79946095
row_015069,0.042305585
row_043681,0.3477365
row_033183,0.9981292
row_013093,0.87946635
row_040812,0.06645857
row_015666,0.8108169
row_012534,0.016471265
row_000826,0.0013847464
row_034492,0.85565937
row_018096,0.78105825
row_036854,0.7219851
row_014303,0.060057163
row_006196,0.97969854
row_002849,0.00021260456
row_027430,0.30901346
row_036780,0.77921987
row_002654,0.0023373421
row_006847,0.09944474
row_038774,0.00022012918
row_041165,0.53084403
row_039945,0.00048806783
row_015626,0.18005377
row_015275,0.06836924
row_020920,0.23984765
row_018114,0.48585573
row_024118,0.73615766
row_025324,0.0017994684
row_039192,0.0015934366
row_016664,0.0050989813
row_035604,0.0455766
row_023816,0.11883349
row_032601,0.98575693
row_002351,0.016374085
row_035498,0.059348166
row_012738,0.1114455
row_029894,0.03508435
row_024596,0.9656505
row_042883,0.3810724
row_048921,0.896396
row_023418,0.013002597
row_039360,0.67806864
row_031889,0.01847381
row_016343,0.029614132
row_048439,0.0016069564
row_032734,0.10039579
row_036133,0.20335302
row_026893,0.015899608
row_034906,0.9974375
row_049263,0.9425256
row_000304,0.0634342
row_039275,0.99830425
row_035797,0.09158853
row_014547,0.25210947
row_045984,0.5439792
row_000978,0.97936434
row_018988,0.45464838
row_034396,0.99653625
row_029643,0.0149091855
row_031129,0.6639941
row_023682,0.00775652
row_032701,0.013747602
row_006548,0.021773238
row_006517,0.91382855
row_031805,0.6771633
row_042881,0.012265416
row_021767,0.0012926796
row_029126,0.0067044506
row_018760,0.014126053
row_035738,0.6278637
row_013023,0.42996648
row_016542,0.09384278
row_007081,0.99984133
row_003572,0.17724913
row_006226,0.09834725
row_025505,0.5857257
row_017086,0.027129577
row_022549,0.06762162
row_006448,0.046739288
row_017082,0.021876855
row_022079,0.21581633
row_044556,0.021607181
row_016730,0.039203867
row_035814,0.0068863337
row_035846,0.022657122
row_000112,0.38550198
row_004622,0.023413597
row_032799,0.86554337
row_027217,0.9569134
row_042907,0.036255285
row_027901,0.030394072
row_033810,0.08437323
row_009469,0.015626961
row_047185,0.08048072
row_024004,0.19815473
row_049927,0.45062804
row_010438,0.06607167
row_049920,0.2817447
row_001500,0.024263175
row_014424,0.9900552
row_032945,0.0032059238
row_048313,0.25824255
row_017753,0.69984037
row_013992,0.007762155
row_009461,0.0036718235
row_014008,0.08225938
row_036094,0.062022414
row_025547,0.048164975
row_001823,0.088764876
row_020485,0.06630441
row_033423,0.030504491
row_014468,0.029868504
row_043125,0.7781351
row_032296,0.9829904
row_002580,0.07553565
row_004309,0.12365161
row_044677,0.025753146
row_049108,0.03793512
row_043928,0.01144762
row_016747,0.23263691
row_025512,0.0021283843
row_041188,0.025861569
row_025147,0.023686487
row_006789,0.9718846
row_016241,0.02972226
row_001632,0.009169046
row_013073,0.2928886
row_034731,0.043721892
row_032299,0.00047595115
row_049066,0.0047357664
row_013717,0.035863314
row_027561,0.0010423487
row_014156,0.009094778
row_025350,0.02030913
row_035074,0.5961505
row_034898,0.014468317
row_031712,0.81829566
row_025249,0.005370851
row_024167,0.009990623
row_004441,0.051052764
row_034262,0.0048006796
row_007239,0.012141496
row_029726,0.005489452
row_039753,0.24702083
row_001059,0.07504799
row_035593,0.42910466
row_044977,0.021596694
row_034105,0.95861226
row_019423,0.1200811
row_011114,0.47712415
row_017973,0.0053224517
row_041394,0.006930731
row_001136,0.048480913
row_037903,0.002085863
row_019817,0.02630326
row_017062,0.008131963
row_014306,0.779253
row_045461,0.5691307
row_038450,0.5212572
row_045141,0.2527558
row_019437,0.05034144
row_000110,0.95419925
row_010382,0.07791127
row_022332,0.9940871
row_039809,0.27923083
row_040761,0.07595098
row_017950,0.36800948
row_029288,0.14250974
row_021597,0.094602264
row_024710,0.005686017
row_002166,0.027572207
row_029429,0.004405372
row_042944,0.089641884
row_031514,0.000417276
row_032120,0.35411885
row_039196,0.41431257
row_045279,0.83490276
row_017169,0.13011754
row_016750,0.5084999
row_015816,0.013490589
row_049622,0.002889669
row_012562,0.99598134
row_001967,0.9708435
row_024605,0.04066874
row_013178,0.008025964
row_040089,0.31503108
row_002461,0.049872108
row_045474,0.0058119833
row_047204,0.3291412
row_020446,0.015703518
row_041185,0.027400648
row_042196,0.9740528
row_000354,0.015198773
row_044584,0.48162577
row_039776,0.040277988
row_030423,0.32741874
row_029119,0.004065845
row_025597,0.45542985
row_027062,0.00033460095
row_047516,0.010148569
row_042906,0.08333874
row_024813,0.3198201
row_032247,0.023087237
row_014820,0.0005569397
row_019235,0.26068988
row_031185,0.24047683
row_000856,0.32063177
row_005645,0.99995184
row_042095,0.9100498
row_028611,0.705895
row_008310,0.00928768
row_026130,0.0023012168
row_041220,0.016223103
row_041377,0.011115454
row_002329,0.22303237
row_023474,0.00045150274
row_015105,0.116786264
row_044814,0.16442697
row_015411,0.025073836
row_046405,0.04728756
row_038367,0.0037928573
row_034304,0.028478213
row_011757,0.056031216
row_028277,0.7713468
row_022472,0.010104023
row_030229,0.010876745
row_035932,0.7845785
row_043184,0.042538222
row_046112,0.38866782
row_002586,0.010279172
row_040440,0.00086304185
row_046312,0.9268194
row_032433,0.021385074
row_025962,0.0077614104
row_045878,0.06324075
row_045027,0.61122227
row_035404,0.0065532667
row_029949,0.020916939
row_027760,0.012342458
row_023016,0.00066745025
row_012190,0.006155372
row_034825,0.27165076
row_033007,0.4467532
row_040019,0.088537574
row_049243,0.0020126596
row_023591,0.3240755
row_000344,0.002385562
row_027057,0.7127592
row_011383,0.0019873618
row_030220,0.1989518
row_033553,0.004141806
row_026817,0.01908098
row_035300,0.09180011
row_008826,0.91832674
row_033955,0.0031983824
row_035783,0.0011857495
row_021215,0.34695464
row_025952,0.01110684
row_043864,0.91349953
row_043403,0.06105916
row_004191,0.42199647
row_010000,0.24463128
row_041009,0.16320217
row_005668,0.016382758
row_007340,0.024576144
row_017850,0.33051148
row_001213,0.09128305
row_035773,0.052571636
row_022804,0.054469846
row_033004,0.99992096
row_009611,0.0007998755
row_029295,0.00014194431
row_008368,0.0020212508
row_018436,0.09182369
row_012226,0.17059964
row_008992,0.050192513
row_000203,0.18644528
row_007041,0.10443412
row_022151,0.017808434
row_034718,0.33503282
row_032032,0.031164816
row_021186,0.0045114416
row_000410,0.9652073
row_042752,0.9977985
row_013531,0.5346788
row_022282,0.012665785
row_023370,0.011602277
row_045383,0.2799612
row_006883,0.012816285
row_009173,0.034330357
row_023186,0.9783504
row_020330,0.0712969
row_034972,0.100044765
row_012186,0.008529305
row_004594,0.39955905
row_006855,0.14650922
row_011635,0.012032471
row_027853,0.0040606237
row_036624,0.04741798
row_037734,0.0008650998
row_032718,0.34513623
row_003219,0.023853453
row_034317,0.048188575
row_007290,0.0002889131
row_040606,0.20040318
row_007753,0.03258538
row_005438,0.84785855
row_006609,0.00041612657
row_026059,0.1482145
row_032977,0.027528996
row_033292,0.37167665
row_004087,0.023487376
row_033399,0.0380575
row_007601,0.38090688
row_033816,0.008226363
row_031239,0.0005696985
row_037582,0.0008573735
row_017289,0.90534705
row_046402,0.00036554158
row_003705,0.0083426
row_029304,0.1034242
row_038699,0.09201943
row_043371,0.73153377
row_017524,0.2137884
row_012716,0.0043663564
row_010264,0.006591304
row_009192,0.008470881
row_000550,0.057606142
row_048200,0.11171867
row_010111,0.95791596
row_047586,0.09929738
row_044675,0.05849623
row_007142,0.031766202
row_023046,0.037209574
row_011125,0.119218536
row_025328,0.38956285
row_009569,0.20404758
row_044305,0.40514803
row_017072,0.9878648
row_006137,0.037395418
row_001192,0.3679786
row_041270,0.34224576
row_044696,0.017116183
row_023381,0.09125005
row_021062,0.6992636
row_048314,0.010931459
row_005942,0.026664179
row_006704,0.14868312
row_019928,0.338646
row_000436,0.05137126
row_005780,0.32899386
row_007286,0.027210198
row_008830,0.14566292
row_030655,0.29463053
row_048266,0.49012053
row_048930,0.0038780002
row_047120,0.031624775
row_037984,0.02038512
row_019888,0.0035835141
row_004031,0.07384018
row_049999,0.981278
row_001973,0.46614224
row_017030,0.002417189
row_017220,0.032111373
row_035266,0.31565052
row_048257,0.9527789
row_038444,0.094045416
row_017374,0.2453253
row_016465,0.052715797
row_049832,0.09476493
row_021499,0.5721444
row_031314,0.32808787
row_027722,0.073103294
row_007310,0.021400975
row_030260,0.13003959
row_038914,0.5078862
row_044989,0.017013166
row_000471,0.09782937
row_007923,0.0015635779
row_030073,0.047531582
row_041449,0.29807544
row_014461,0.03407415
row_047561,0.05281227
row_030820,0.076403104
row_035446,0.13261363
row_022943,0.13334039
row_028700,0.20405431
row_030060,0.15186101
row_020310,0.07303315
row_038482,0.3852503
row_005484,0.0138498405
row_047846,0.32838956
row_013894,0.25647947
row_012473,0.0045541073
row_012796,0.04302863
row_024483,0.48340672
row_002741,0.0018865959
row_018934,0.033295974
row_017660,0.8657748
row_041931,0.26634005
row_034816,0.17680162
row_047734,0.00569737
row_030091,0.0014622994
row_009308,0.050172046
row_045484,0.013733515
row_027198,0.00067420304
row_025792,0.0036756108
row_032506,0.33319637
row_040973,0.025011536
row_040360,0.0452239
row_004582,0.9675446
row_041436,0.8648842
row_013341,0.064602
row_000760,0.058899116
row_002697,0.82434183
row_030465,0.9254179
row_021860,0.0025755381
row_039792,0.048304167
row_047893,0.7585147
row_039487,0.026882006
row_019703,0.033957954
row_021682,0.0070822937
row_033421,0.0033021742
row_018933,0.22984146
row_043885,0.00043595585
row_005068,0.018183362
row_033641,0.0004545624
row_048587,0.21321669
row_030185,0.23135175
row_031992,0.2779229
row_002388,0.13863508
row_049609,0.09469442
row_011237,0.70233
row_032725,0.5351266
row_013218,0.46627164
row_020512,0.18721518
row_038925,0.66361445
row_008808,0.1677715
row_016053,0.0061797453
row_027637,7.5008276e-05
row_010696,0.12050401
row_044624,0.0047675283
row_001179,0.039134677
row_029104,0.0004349096
row_006983,0.9951109
row_013802,0.19149163
row_035272,0.013845303
row_043205,0.014518424
row_044548,0.9498972
row_005650,0.3335524
row_011199,0.0013243455
row_012586,0.95350033
row_027880,0.002467585
row_042984,0.008391584
row_013191,0.0054176883
row_007648,0.0772499
row_020731,0.2019655
row_021445,0.021809641
row_008135,0.24498707
row_026276,0.5135402
row_037508,0.007851798
row_033467,0.073011875
row_020070,0.001266924
row_025396,0.008681504
row_023827,0.18281099
row_046939,0.3923996
row_006335,0.0009897816
row_039416,0.32070228
row_036036,0.0019016712
row_001844,0.0013596028
row_032301,0.049351707
row_025930,0.04142152
row_002468,0.479387
row_042877,0.04567011
row_011647,0.022579491
row_004252,0.9440406
row_035724,0.43367156
row_009348,0.0031724188
row_028283,0.0102551095
row_022740,0.4205091
row_031951,0.25541195
row_046561,0.1822521
row_019844,0.036198482
row_020522,0.1871747
row_029618,0.0018098466
row_037482,0.21901454
row_033181,0.0076477015
row_031251,0.020788778
row_039790,0.17381899
row_009285,0.13232858
row_003542,0.5947655
row_016547,0.011250882
row_005334,0.98317057
row_027815,0.84086484
row_010742,0.0047756075
row_000417,0.018058067
row_038305,0.0006560845
row_029114,0.014193507
row_012677,0.15793017
row_035283,0.020082366
row_001440,0.0005300875
row_043407,0.36862662
row_047580,5.4635886e-05
row_024090,0.19742338
row_021131,0.8700482
row_003286,0.05326664
row_017979,0.7533119
row_045122,0.14512783
row_028869,0.0028848874
row_044580,0.0010667488
row_007354,0.22587079
row_026409,0.36422104
row_044326,7.2291004e-05
row_039094,0.0072366446
row_004360,0.14077699
row_021653,0.008019179
row_043823,0.99986684
row_042857,0.6532722
row_010699,0.017711295
row_003734,0.014618267
row_011777,0.008052323
row_005858,6.78527e-05
row_033566,0.96271604
row_028904,0.7862391
row_026844,0.009614319
row_000491,0.0021069902
row_022505,0.06275382
row_005035,0.5327944
row_025585,0.006796791
row_030555,0.7871619
row_002232,0.1182497
row_046946,0.040772352
row_009635,0.028237522
row_027713,0.9984151
row_013880,0.008649606
row_011997,0.015453408
row_007016,0.0030196258
row_017842,0.019590406
row_027999,0.024725616
row_019952,0.96178895
row_022354,0.004347572
row_013098,0.17450385
row_021852,0.00929645
row_009867,0.92447984
row_043631,0.8661848
row_014499,0.001583217
row_045228,0.051028483
row_021803,0.036794875
row_039430,0.0064902003
row_038303,0.001967767
row_004634,0.00399342
row_000010,0.9945095
row_017124,0.13921042
row_019349,0.9780206
row_007225,0.9840561
row_031067,0.28019026
row_013567,0.09599253
row_009061,0.42368978
row_021639,0.016580135
row_038497,0.009228791
row_025696,0.83053386
row_025159,0.113684535
row_021946,0.97684777
row_035285,0.06313737
row_043104,0.0003419332
row_031159,0.009501169
row_021456,0.0005732381
row_016609,2.930198e-05
row_024712,0.021640992
row_021435,0.012227377
row_040273,0.004861213
row_041616,0.00086520944
row_022461,0.9069783
row_032903,0.011280344
row_000023,0.00026946425
row_012388,0.02667631
row_012138,0.9992632
row_021644,0.69694364
row_033041,0.4258687
row_018074,0.033190466
row_014690,0.028784871
row_030283,0.0021127597
row_013492,0.9938454
row_044707,0.0012797315
row_041385,0.06866565
row_029341,0.28301558
row_014444,0.038491033
row_046500,0.47441587
row_032527,0.0015154111
row_040620,0.68221897
row_010377,0.9259447
row_037985,0.02415861
row_021453,0.8623305
row_028310,0.013384516
row_027059,0.9544708
row_041059,0.0046439217
row_023755,0.06742288
row_004762,0.38783506
row_019789,0.09905792
row_006260,0.0047654854
row_011094,0.01795879
row_023770,0.39893165
row_048859,0.7722875
row_020360,0.15734933
row_017920,0.9261797
row_023745,0.038458407
row_026417,0.009430314
row_041991,0.45898062
row_007107,0.3294458
row_049628,0.18904252
row_014557,0.1241534
row_048107,0.031955402
row_037018,0.01754322
row_037785,0.9195546
row_017948,0.44069758
row_032378,0.008028166
row_044243,0.009053835
row_003385,0.003672045
row_002870,0.006964386
row_048325,0.068178624
row_032570,0.3011415
row_041451,0.5766676
row_001326,0.018718692
row_040653,0.040763307
row_039853,0.007698069
row_014252,0.016911766
row_045826,0.00050042506
row_030340,0.3649776
row_014337,0.07898938
row_010771,0.014033411
row_043422,0.00072991435
row_033191,0.040906414
row_023288,0.032241467
row_004444,0.0015464034
row_028988,0.144026
row_037243,0.12908281
row_004474,0.08801865
row_013406,0.0987758
row_042485,0.6807905
row_007329,0.54955536
row_005621,0.008258672
row_030725,0.005681848
row_031991,0.5375532
row_020690,0.5704908
row_049953,0.99760085
row_017305,0.008553246
row_048506,0.07612034
row_034524,0.83824605
row_021211,0.56509423
row_030771,0.31718782
row_034137,0.0016667672
row_003871,0.02417032
row_005138,0.7298179
row_041641,0.06494503
row_018057,0.15389456
row_039628,0.08302275
row_038764,0.17920081
row_021086,0.4227021
row_022029,0.23045217
row_018490,0.09196025
row_044423,0.0010042867
row_026641,0.10221663
row_001364,0.00922672
row_031369,0.2978321
row_038722,0.9235644
row_003573,0.04742063
row_020537,0.010181035
row_012898,0.064694114
row_005375,0.111802265
row_035758,0.024857067
row_015575,0.07024597
row_031913,0.004086317
row_004349,0.49834952
row_035951,0.002531016
row_043647,0.23355885
row_012604,0.015613749
row_002608,0.010160571
row_019665,0.0033878072
row_033443,0.03985409
row_023272,0.99152464
row_033513,0.019829623
row_004458,0.0442518
row_030759,0.003253374
row_023449,0.9148121
row_034697,0.051733255
row_037877,0.04027974
row_025498,0.006825467
row_017693,0.013152929
row_023402,0.006173557
row_026387,0.5368177
row_023382,0.009556203
row_035898,0.16250363
row_046883,0.00089398935
row_015370,0.98819226
row_002074,0.006209735
row_029779,0.2372641
row_003259,0.42744857
row_021608,0.014612435
row_026529,0.18462507
row_007439,0.016247222
row_023766,0.8368808
row_032983,0.008332606
row_037119,0.3843505
row_010559,8.6405336e-05
row_006977,0.046320625
row_000715,0.22128014
row_033557,0.023112943
row_033317,0.059421506
row_036723,0.084900394
row_010642,0.56905943
row_043327,0.01779552
row_048082,0.9858262
row_032086,0.08872835
row_048399,0.0005148128
row_034250,0.0051636216
row_030300,0.116104364
row_016876,0.041601587
row_023732,0.0007456022
row_022043,0.0005584592
row_008727,0.14919196
row_012537,0.01237416
row_005666,0.0022064373
row_042871,0.08653749
row_030127,0.9190427
row_011138,0.02014195
row_025384,0.023166297
row_016428,0.011580697
row_036703,0.3038852
row_048355,0.007075899
row_046066,0.12360549
row_020872,0.5626687
row_017567,0.18213226
row_002970,0.0018427462
row_029669,0.9832593
row_031981,0.0013792062
row_020263,0.0008409098
row_039289,0.00047223645
row_010868,0.2775466
row_037685,0.004850245
row_017937,0.50865185
row_042888,0.02410862
row_033076,0.027275516
row_020816,0.05109509
row_049058,0.11056861
row_009593,0.09750866
row_025156,0.43764073
row_036089,0.6056379
row_013956,0.3274205
row_037346,0.045084704
row_035820,0.05495621
row_047732,0.9248991
row_019959,0.08291614
row_022789,0.39181954
row_011353,0.009298264
row_019850,0.007940157
row_016163,0.0022638987
row_046202,0.002854161
row_009739,0.059333984
row_001897,0.054701995
row_032959,0.0012762072
row_016893,0.028963702
row_047114,0.2789773
row_031796,0.11262317
row_027208,0.99340606
row_010127,0.0017086578
row_023069,0.998896
row_027551,0.10919325
row_009825,0.49466416
row_026519,0.16014984
row_024246,0.39827704
row_039046,0.9245212
row_043162,0.023749562
row_037559,0.005743868
row_021519,0.00080812443
row_024439,0.8405098
row_018470,0.99387336
row_014693,0.100952215
row_007338,0.0054292115
row_015752,0.10863615
row_026935,0.4988272
row_023462,0.0064528915
row_016950,0.027002692
row_042261,0.67304707
row_041016,0.004859931
row_009753,0.00087206584
row_001216,0.9995691
row_011938,0.7325983
row_049957,0.016496204
row_020242,0.015873233
row_030590,0.13750756
row_004998,0.0033247229
row_023647,0.016979324
row_027545,0.009603541
row_029887,0.010161482
row_027164,0.023627186
row_017051,0.006029906
row_012224,0.050872613
row_039758,0.23215714
row_037806,7.3028226e-05
row_016423,0.041320402
row_033369,0.051672667
row_012666,0.0072398717
row_001611,0.13216999
row_028336,0.019109428
row_020197,0.008383378
row_031814,0.7270495
row_022641,0.45270112
row_011311,0.03883646
row_010993,0.0074493214
row_027166,0.6789557
row_046922,0.13498875
row_012707,0.53255516
row_039497,0.14447254
row_048580,0.31154448
row_016702,0.08426262
row_021132,0.58631444
row_047207,0.2561138
row_034631,0.8771984
row_040384,0.6463218
row_007526,0.0022664627
row_001828,0.0049243025
row_027114,0.0005618302
row_027265,0.57259464
row_041986,0.17653216
row_027406,0.0061368067
row_046007,0.05803476
row_049516,0.011401198
row_001197,0.27618223
row_013361,0.061154872
row_021714,0.029500097
row_040719,0.014072893
row_011149,0.017441079
row_026363,0.2998806
row_043251,0.019028243
row_026293,0.0007331493
row_045948,0.016551407
row_010276,0.0005940996
row_019834,0.0049512666
row_026110,0.009157513
row_030006,0.5388205
row_037125,0.5545248
row_006891,0.00020286508
row_040747,0.01614472
row_031019,0.00015523218
row_010847,0.007235514
row_042873,0.13011235
row_000444,0.0049103145
row_025257,0.0020374893
row_026389,0.08850587
row_011059,0.21278496
row_047493,0.014382011
row_037986,0.27461115
row_011367,0.0033254607
row_035026,0.00014859301
row_010330,0.03429156
row_028814,0.0017602518
row_023134,0.00743696
row_038188,0.1995305
row_020667,0.037869625
row_049774,0.10261998
row_049687,0.39374787
row_005249,0.2635055
row_039494,0.0007554362
row_049723,0.00094241207
row_012205,0.9842874
row_022965,0.041235965
row_049098,0.010882502
row_028775,0.1009137
row_011008,0.001940262
row_006144,0.023933074
row_015815,0.03751211
row_031819,0.0017150724
row_019991,0.9999249
row_016739,0.00040833713
row_012339,0.013214897
row_044111,0.16521527
row_044041,0.053000882
row_025469,0.07160415
row_010114,0.12151715
row_018286,0.007533449
row_044914,0.14750753
row_006496,0.40542197
row_030448,0.098083876
row_022163,0.0009908048
row_009617,0.21216834
row_021958,0.050081465
row_030931,0.048877593
row_026214,0.005977918
row_017221,0.28384507
row_004289,0.0031497425
row_020592,0.46950334
row_027002,0.009009706
row_039332,0.6557207
row_046918,0.029997958
row_011145,0.04251699
row_008902,0.06396673
row_009760,0.6658137
row_014782,0.089805104
row_008453,0.9960283
row_004488,0.38498595
row_001088,0.3076332
row_018250,0.018333362
row_043483,0.19868724
row_014470,0.0011998581
row_046511,0.002814918
row_042730,0.0140015455
row_023333,0.039670452
row_022195,0.0075899595
row_027209,0.0065837186
row_031361,0.043069147
row_047698,0.104684375
row_035970,0.77479714
row_049454,0.005751168
row_024178,0.0012128829
row_035429,0.009944269
row_027770,0.18972968
row_012790,0.30288061
row_029051,0.015543969
row_020399,0.12986152
row_032029,0.82301015
row_016528,0.013393171
row_033509,0.65552664
row_002354,0.0061744587
row_014026,0.006801013
row_029740,0.0029966442
row_000564,0.009629627
row_032929,0.019862529
row_048020,0.15890728
row_037121,0.004355038
row_024554,0.028139789
row_014216,0.2299008
row_047839,0.025334226
row_005481,0.24484794
row_028357,0.027639393
row_011723,0.5680604
row_005602,0.48337367
row_042706,0.063876875
row_016400,0.93010867
row_006505,0.009912921
row_039201,0.17902648
row_049790,0.13951719
row_029130,0.55032164
row_019299,0.059756037
row_032858,0.16542171
row_039147,0.013449124
row_026166,0.9786592
row_044040,0.10557126
row_009960,0.05255126
row_049295,0.050690044
row_008096,0.123332135
row_019263,0.935334
row_016763,0.7325167
row_046516,0.25561208
row_010720,0.19908515
row_033246,0.005101977
row_007198,0.0002834855
row_037759,0.2663169
row_032748,0.0036974542
row_018981,0.66397905
row_047371,0.85720795
row_040951,0.8067991
row_031088,0.029599918
row_001043,0.00511282
row_044356,0.72928727
row_034005,0.03908447
row_002014,0.08338474
row_039647,0.004108013
row_005872,0.019974371
row_049031,0.0045526894
row_038355,0.022288503
row_020500,0.28654113
row_044778,0.012354245
row_019659,0.015133727
row_033501,0.69756687
row_012463,0.2746005
row_017883,0.11535982
row_037652,0.15878753
row_015749,0.0033322794
row_029982,0.16610116
row_015624,0.005204776
row_001346,0.0010929311
row_003931,0.23877862
row_000459,0.18444836
row_001245,0.077853434
row_040166,0.069428116
row_034515,0.0031940343
row_024869,0.08014501
row_026482,0.24376948
row_049383,0.011710965
row_048802,8.1097765e-05
row_016772,0.005792261
row_018085,0.9045508
row_008106,0.09005395
row_035335,0.0032339967
row_043266,0.049506277
row_044362,0.5370538
row_031779,0.20379436
row_025080,0.008044527
row_018912,0.6069267
row_030515,0.9884808
row_005824,0.52037704
row_005498,0.007313723
row_008005,0.109121114
row_008297,0.00076847087
row_010415,0.07343718
row_036993,0.048786413
row_037217,0.0068783876
row_019712,0.00013672844
row_034437,0.023400806
row_016171,0.023506496
row_034864,0.0033277026
row_044293,0.949023
row_031883,0.0010791005
row_001253,0.10812097
row_030241,0.94298214
row_002708,0.17993587
row_032523,0.8382023
row_019430,0.0631311
row_013204,0.94996005
row_041099,0.024192207
row_041201,0.26009226
row_017251,0.09784843
row_022878,0.005079943
row_048914,0.0335737
row_022834,0.081148095
row_040758,0.0116186105
row_008364,0.08437417
row_045638,0.028058134
row_001439,0.09928962
row_030224,0.008472315
row_047831,0.010668015
row_005710,0.0013852331
row_009054,0.57079655
row_028426,0.059664425
row_039231,0.024749197
row_041823,0.8602971
row_018468,0.0039261007
row_049928,0.024311073
row_030350,0.05161138
row_035541,0.059343062
row_001640,0.05262774
row_047953,0.0059020226
row_041555,0.024209194
row_008564,0.22927207
row_018446,0.0053766593
row_010171,0.00012859874
row_000766,0.29898116
row_036751,0.999846
row_028102,0.0036981886
row_042365,0.006327213
row_045028,0.20768048
row_030666,0.8533745
row_035933,0.8245557
row_024210,0.0023204344
row_009797,0.015965205
row_023616,0.5051346
row_028612,0.9313086
row_014191,0.005005112
row_027514,0.76926404
row_024476,0.9881478
row_011348,0.00076890935
row_002422,0.02529051
row_039905,0.00089835527
row_009265,0.981699
row_024538,0.008941072
row_022605,0.0019486247
row_043395,0.00016947716
row_028196,0.008315586
row_033872,0.13222055
row_028747,0.42681977
row_002989,0.010609348
row_037868,0.8270625
row_036603,0.0066263066
row_018166,0.001211535
row_033068,0.06694546
row_032777,0.23609786
row_045644,0.087536685
row_005170,0.8485847
row_037282,0.0009908202
row_024544,0.9897654
row_040366,0.9155896
row_013309,0.008274677
row_014629,0.3200385
row_039047,0.05166539
row_028572,0.0009048877
row_018936,0.52371174
row_024827,0.29527548
row_029566,0.063852355
row_000386,0.004297235
row_030287,0.002348604
row_009641,0.0036014533
row_041544,0.0012997685
row_049581,0.069698155
row_038369,0.028847178
row_029070,0.09203067
row_045705,0.036891762
row_017301,0.0026678704
row_024112,0.001356394
row_041219,0.024798587
row_006181,0.06562963
row_038772,0.3836233
row_006395,0.020036986
row_011343,0.3059282
row_008309,0.00065800006
row_020224,0.018874675
row_044623,0.013591244
row_003379,0.048579827
row_000398,0.6674219
row_034936,9.510416e-05
row_007533,0.38995698
row_046350,0.0014922268
row_048191,0.04261644
row_044613,0.45738283
row_014968,0.06532602
row_048686,0.94966656
row_017724,0.06015727
row_020112,0.011236558
row_003448,0.009146819
row_034552,0.12839398
row_047160,0.51359123
row_007827,0.05018599
row_012313,0.0011841282
row_025451,0.0020216578
row_043913,0.0013357366
row_026919,0.015085702
row_005921,0.113675594
row_038371,0.0025817747
row_013592,0.5743234
row_035114,0.35041583
row_045468,0.33809304
row_040498,0.0005988494
row_030712,0.96967846
row_043459,0.0017769429
row_025638,0.039482284
row_033138,0.24812673
row_021495,0.3313485
row_046923,0.010526176
row_011318,0.7560032
row_034260,0.012529424
row_023586,0.9893857
row_044290,0.961978
row_014546,0.010922945
row_049234,0.026251242
row_000070,0.00037164133
row_007543,0.013347102
row_009110,0.2468211
row_043624,0.5740047
row_007427,0.0075464947
row_018358,0.0025859713
row_034873,0.0095933825
row_036978,0.8949821
row_021474,0.67304987
row_025944,0.33627766
row_044072,0.85410774
row_010801,0.005696082
row_027425,0.0702428
row_046609,0.0036031082
row_028113,0.0028835575
row_006440,0.035399437
row_044171,0.28583494
row_014029,0.0841272
row_044400,0.24957244
row_019257,0.61642784
row_040241,0.9817431
row_005756,0.13859187
row_001892,0.20840463
row_040383,0.0025617443
row_003310,0.6564731
row_019554,0.00034861622
row_046411,0.0060642697
row_023634,0.023213845
row_046351,0.013404189
row_001293,0.9231865
row_013243,0.0873295
row_018401,0.99765575
row_041151,0.0036754936
row_022533,0.05075028
row_041107,0.31700677
row_007947,0.30653396
row_030452,0.004588542
row_036309,0.016910505
row_045495,0.14475098
row_014354,0.84912753
row_024503,0.6730819
row_006867,0.99721247
row_001838,0.0073290346
row_006787,0.124408476
row_015264,0.20450778
row_002819,0.1835211
row_032191,9.89741e-05
row_030243,0.007870132
row_025231,0.071843654
row_015908,0.3720062
row_015577,0.0022682683
row_001866,0.0441987
row_007229,0.19390312
row_015451,0.54374284
row_039495,0.22055791
row_018807,0.00015188682
row_026388,0.9758487
row_042011,0.81204605
row_012368,0.14372268
row_026822,0.0024549318
row_046754,0.093043424
row_000262,0.055128742
row_042310,0.00014003569
row_020893,0.07939094
row_018624,0.05055428
row_026188,0.006920872
row_037569,0.005661108
row_039734,0.26091135
row_021548,0.19113235
row_048389,0.95525205
row_034578,0.065351255
row_038880,0.008102678
row_037087,0.09810083
row_042254,0.010992903
row_046159,0.14890309
row_037190,0.03761377
row_026068,0.054801114
row_016059,0.24307574
row_019187,0.052886378
row_047559,0.75705796
row_014087,0.11656888
row_019078,0.9795348
row_042076,0.063659124
row_030890,0.51984924
row_020239,0.017479109
row_040452,0.00105437
row_027223,0.06252631
row_012122,0.010743157
row_009613,0.010026176
row_040665,0.085371695
row_021691,0.00548605
row_020635,0.5517864
row_038900,0.0009527675
row_025950,0.013766907
row_039433,0.00089941605
row_048813,0.134503
row_031989,0.12629937
row_030172,0.16899922
row_014292,0.9863688
row_012187,0.06104319
row_029901,0.82657486
row_035459,0.00020229816
row_009586,0.0025880665
row_005619,0.32697347
row_010656,0.10225965
row_008408,0.45187283
row_036784,0.0012965803
row_024202,0.6616439
row_049400,0.052285768
row_007702,0.0023663007
row_008831,0.0032133898
row_038974,0.0055443193
row_023080,0.010454306
row_042781,0.9733094
row_033689,0.058257654
row_041576,0.0012921122
row_042858,0.007824891
row_017371,0.047413424
row_010445,0.011583012
row_020756,0.011163783
row_021632,0.18039908
row_023213,0.002028912
row_016589,0.10765315
row_008252,0.073729545
row_031350,0.2156666
row_004460,0.0015894611
row_030606,0.37395367
row_012701,0.09262588
row_042412,0.0012239949
row_020409,0.003170827
row_034102,0.017429905
row_041389,0.24291481
row_027660,0.00427685
row_044824,0.6396089
row_026415,0.03755797
row_027185,0.6767695
row_041275,0.0019616876
row_032887,0.32892698
row_046468,0.0005139153
row_040515,0.9845665
row_008995,0.02183181
row_048834,0.95078856
row_044733,0.0065189037
row_002428,0.0947323
row_014059,0.009113353
row_008888,0.83203495
row_041686,0.8455305
row_002551,0.05462716
row_040390,0.026084278
row_012890,0.0025131674
row_039290,0.015771372
row_046777,0.19523919
row_010140,0.0025369148
row_049777,0.08163692
row_013186,0.0026082948
row_005435,0.07053358
row_008092,0.03589274
row_046485,0.73397386
row_032487,0.0029025397
row_012514,0.009417788
row_043964,0.021408042
row_015632,0.6661515
row_018459,0.0069443774
row_033232,0.9787179
row_019107,0.8163274
row_014450,0.014112526
row_011295,0.026760252
row_003059,0.0015677856
row_036696,0.009201264
row_033208,0.9488678
row_034440,0.9987608
row_017435,0.40383926
row_029989,0.85928917
row_019885,0.0045343875
row_045083,0.011795833
row_040806,0.0026453075
row_006815,0.019079672
row_005559,0.30560085
row_008690,0.013457319
row_018010,0.065432705
row_003499,0.05822835
row_038251,0.16694255
row_038083,0.0039165774
row_022768,0.42992893
row_002885,0.07131719
row_005385,0.038186375
row_012840,0.090568
row_010135,0.13281943
row_012813,0.00018722369
row_001622,0.62618405
row_038360,0.03397515
row_043553,0.06121021
row_040566,0.008164354
row_016246,0.0036305233
row_009316,0.21528736
row_033821,0.0005015126
row_009008,0.0035472836
row_026129,0.022094732
row_031421,0.9741698
row_023265,0.69567716
row_037075,0.18734764
row_043279,0.042382274
row_044437,0.0006683038
row_041101,0.012813473
row_007692,0.12272098
row_022682,0.021069188
row_044321,0.018470515
row_033950,0.0048727626
row_018661,0.7345031
row_018997,0.09786351
row_028073,0.7647925
row_030218,0.99695706
row_042764,0.31283256
row_025562,0.90692675
row_005458,0.07959642
row_024736,0.01991045
row_003635,0.0019371262
row_005210,0.047844674
row_031938,0.07912345
row_011653,0.30529192
row_013691,0.6658805
row_015334,0.6182997
row_033364,0.4214668
row_022917,0.040699657
row_000817,0.41875353
row_014795,0.008486631
row_030510,0.006170042
row_016555,0.03142963
row_004497,0.004118637
row_032281,0.8552728
row_037425,0.7916975
row_030223,0.07850317
row_029228,0.01583728
row_037888,0.1801762
row_020969,0.0011147679
row_010013,0.059492555
row_018945,0.0024751448
row_016640,0.008333414
row_006884,0.26859114
row_012257,0.79261655
row_039159,0.08729547
row_048815,0.4096745
row_008643,0.0024662907
row_049396,0.0010929081
row_017673,0.06307151
row_003182,0.4892716
row_040009,0.020042561
row_038475,0.20833163
row_006814,0.00014256584
row_015801,0.0070679304
row_014687,0.037437122
row_011290,0.73655635
row_001824,0.13541445
row_043502,0.022919897
row_042938,0.9861252
row_040033,0.0030425815
row_023132,0.010684081
row_036874,0.15626869
row_033059,0.7011595
row_008865,0.008577741
row_014333,0.20104454
row_017609,0.0017442908
row_009964,0.0102759125
row_009090,0.046112683
row_038117,0.52100974
row_019214,0.0042027547
row_032868,0.021990377
row_012644,0.061952073
row_008028,0.010880234
row_006099,0.003684438
row_016956,0.12951241
row_020042,0.0032410752
row_032287,0.18765348
row_014513,0.010617967
row_035059,0.18224683
row_032528,0.10148935
row_029583,0.0024763825
row_001443,0.28884223
row_039112,0.042411417
row_008859,0.007944433
row_022150,0.15705106
row_027229,0.010735973
row_044705,0.0068693156
row_024849,0.52313906
row_021526,0.045154657
row_042560,0.011874581
row_002212,0.9875093
row_033492,0.03649881
row_018556,0.00019701908
row_036019,0.010797145
row_031694,0.13886665
row_047073,0.25427133
row_016875,0.25312588
row_033784,0.122853816
row_034817,0.1297022
row_005147,0.16270958
row_020665,0.0016378477
row_024612,0.13710846
row_037413,0.13659388
row_026931,0.09406417
row_002545,0.008175845
row_044710,0.00022005678
row_015961,0.018340327
row_008975,0.16967359
row_018700,0.9394515
row_005386,0.08966989
row_038500,0.9816632
row_018707,0.0025855335
row_029737,4.973488e-05
row_048014,0.008750288
row_003070,0.98850083
row_040486,0.3496322
row_033146,0.12441257
row_035178,0.95276433
row_014927,0.91956586
row_002840,0.0015480998
row_002243,0.6567806
row_040877,0.049814004
row_048508,0.5894051
row_005345,0.7043576
row_026473,0.9883797
row_004742,0.9986034
row_044460,0.004528937
row_002730,0.12194372
row_041855,0.05975482
row_049530,0.61502916
row_025606,0.6485583
row_047432,0.017218087
row_049765,0.2638362
row_017154,0.039110597
row_003481,0.9991054
row_020291,0.069123976
row_018797,0.0034586722
row_012156,0.19504026
row_026237,0.19005233
row_031044,0.9960592
row_016512,0.06430551
row_007038,0.7269522
row_008904,0.124078296
row_031120,0.19889638
row_041279,0.37000474
row_014235,0.028961943
row_032610,0.0006991789
row_041236,0.58248603
row_035297,0.16446067
row_033842,0.8754919
row_005726,0.09390346
row_008680,0.25079042
row_047526,0.12461563
row_022154,0.25119692
row_042438,0.13368621
row_019864,0.011510205
row_040573,0.0018375263
row_027310,0.24678372
row_036146,0.004402491
row_026243,0.97500914
row_009178,0.09740119
row_028762,0.20346966
row_034191,0.15904377
row_007610,0.054329146
row_033856,0.64321417
row_015034,0.63855577
row_008641,0.020661224
row_049145,0.00031999915
row_020434,5.302661e-05
row_027398,0.039382163
row_049493,0.0037733389
row_038356,0.07145314
row_001438,0.6664097
row_033971,0.02374567
row_011522,0.40606567
row_013836,0.004713846
row_041242,0.38639122
row_032521,0.5438128
row_042634,0.0002100104
row_008994,0.20358461
row_030165,0.2884804
row_020599,0.0034626566
row_013962,0.56629014
row_022265,0.035159126
row_023419,0.29164258
row_019704,0.15803418
row_046389,0.058349557
row_012535,0.06751184
row_009419,0.8646579
row_031586,0.003147903
row_001540,0.9482892
row_011638,0.86430204
row_029024,0.002252429
row_003002,0.35923067
row_002667,0.0023342753
row_025164,0.6366635
row_033608,0.0016860073
row_031053,0.048014306
row_048165,0.020017099
row_047533,0.0001631657
row_000255,0.0022844828
row_048503,0.5461068
row_013323,0.027496697
row_018244,0.42601663
row_027201,0.20833573
row_007026,0.020782014
row_012074,0.91638166
row_020627,0.049324565
row_005947,0.038432475
row_009915,0.0074212183
row_043686,0.9998324
row_040835,0.0009824104
row_001716,0.023603525
row_037351,0.02001066
row_000390,0.0025260143
row_010553,0.015094659
row_009557,0.1565848
row_024559,0.04471917
row_042604,0.64828485
row_036257,0.33513713
row_047575,0.2667955
row_040081,0.09203591
row_036821,0.0014371551
row_014518,0.0004593298
row_024347,0.00042685782
row_048510,0.29036093
row_026485,0.020032668
row_012994,0.16050158
row_019897,0.37401602
row_037963,0.0009317948
row_022270,0.9088541
row_012656,0.9174418
row_033766,0.044448785
row_039777,0.008089921
row_048926,0.0010481382
row_001457,0.036188267
row_014946,0.0031593705
row_035490,0.03448898
row_022610,0.066116035
row_040386,0.0015740771
row_016281,0.02165272
row_039977,0.0001565023
row_016717,0.00034742992
row_029558,0.0024622316
row_030475,0.024018709
row_022535,0.34295723
row_017002,0.0029507284
row_039607,0.0014245401
row_041593,0.062040057
row_027695,0.009463571
row_047600,0.08806564
row_002931,0.096896276
row_023290,0.9994667
row_033903,0.02543958
row_009216,0.048751216
row_049384,0.038592923
row_044337,0.10891973
row_017785,6.26992e-05
row_000312,0.2085063
row_009331,0.042992193
row_044095,0.019875614
row_017906,0.03263474
row_025190,0.011260619
row_031436,0.03955817
row_012883,0.021542123
row_034328,0.00074159243
row_002170,0.0056309937
row_022455,0.0007695602
row_012797,0.049043782
row_037861,0.08929628
row_010705,0.46048442
row_004885,0.16727771
row_025193,0.8701592
row_047829,0.33705074
row_038752,0.94253737
row_039690,0.52390724
row_005820,0.99974996
row_022023,0.1371769
row_033739,0.0010935429
row_012610,0.30165344
row_001144,0.003965659
row_004260,0.030747987
row_018173,0.2531393
row_025641,0.27077192
row_026299,0.21787755
row_032284,0.085088074
row_013012,0.51509786
row_023120,0.87209666
row_047776,0.111279964
row_003792,0.1667117
row_008519,0.016708534
row_007621,0.027128635
row_039911,0.024969643
row_016009,0.0025049187
row_039901,0.1563143
row_002235,0.048847195
row_037722,0.90351856
row_024617,0.5714288
row_008351,0.88234645
row_045255,0.58084685
row_021964,0.01643146
row_013077,0.15527627
row_049297,0.002998718
row_014076,0.00031862257
row_044129,0.3329832
row_011118,0.011869155
row_001987,0.0020678905
row_038344,0.009011967
row_042399,0.019184709
row_032619,0.016928708
row_042740,0.029914163
row_048441,0.0104585495
row_040482,0.008375608
row_011668,0.06439472
row_022379,0.17806007
row_018919,0.057685304
row_032769,0.17434676
row_006373,0.48847315
row_012360,0.0010659564
row_048287,0.025170136
row_033116,0.025434092
row_026309,0.0059255105
row_043914,0.754276
row_003649,0.3471387
row_030512,0.009415191
row_021404,0.004060984
row_027840,0.17993526
row_011552,0.003942945
row_023367,0.9290441
row_018762,0.8788211
row_007098,0.23469114
row_020186,0.90149516
row_004122,0.9015156
row_043853,0.0072622825
row_036418,0.8328791
row_003294,0.8023092
row_049875,0.20826373
row_016028,0.07871146
row_017594,0.005458796
row_017379,0.32724506
row_035828,0.04220447
row_005630,0.63844085
row_040549,0.034058515
row_045964,0.009085811
row_043541,0.111947335
row_046971,0.86043173
row_032091,0.79563594
row_015634,0.7260909
row_037429,0.123975635
row_024731,0.017908646
row_027215,0.20865694
row_025974,0.25534526
row_022887,0.0012885971
row_031731,0.14008999
row_036576,0.1534575
row_002363,0.49544764
row_017211,0.0330106
row_012643,0.009347643
row_016017,0.122145005
row_048482,0.010378069
row_014407,0.11605986
row_020283,0.040117417
row_033275,0.9389489
row_027216,0.06908126
row_006589,0.078699425
row_000652,0.230116
row_037023,0.6255177
row_038182,0.007775289
row_005707,0.019445693
row_019013,0.79600483
row_014672,0.075314514
row_000136,0.26405793
row_032944,0.04423956
row_030615,0.002460403
row_017663,0.0017568609
row_020384,0.12080605
row_008825,0.088989384
row_021165,0.3646699
row_030669,0.013442071
row_033981,0.37228933
row_035438,0.71313643
row_009646,0.96526825
row_011283,0.9591785
row_017342,0.00574757
row_015453,0.013613176
row_039125,0.20823936
row_047725,0.13777307
row_001627,0.048497684
row_049809,0.054000616
row_036732,0.04943116
row_018528,0.99837226
row_023679,0.05375655
row_043352,0.99442863
row_049296,0.9592055
row_002345,0.09903095
row_012858,0.005665622
row_026956,0.1320508
row_014083,0.9999925
row_035046,0.03638285
row_044522,0.0012439917
row_019090,0.011074792
row_047830,0.006490271
row_042370,0.99628204
row_049606,0.6180484
row_045637,0.023387471
row_002162,0.99749076
row_017421,0.0005146725
row_026017,0.16373393
row_002904,0.0065263505
row_025788,0.02040549
row_018020,0.052145094
row_018494,0.2173101
row_005305,0.33988178
row_047793,0.9995395
row_047605,0.082671136
row_012113,0.08445884
row_028374,0.6317981
row_046552,0.9998729
row_018868,0.86215717
row_011843,0.849097
row_042139,0.06652059
row_038318,0.32627824
row_016349,0.27924627
row_028485,0.056943163
row_039382,0.026033843
row_002100,0.00070812064
row_020949,0.102497704
row_009937,0.934394
row_033249,0.00030280303
row_019452,0.31960112
row_031062,0.038461935
row_020999,0.0006329004
row_007483,0.0010090647
row_033822,0.0080897305
row_032076,0.0138923805
row_044048,0.20926198
row_019333,0.13973373
row_033740,0.010181934
row_039589,0.008635327
row_047194,0.040753968
row_031527,0.08030428
row_042621,0.007407385
row_023289,0.15607464
row_012779,0.2380843
row_042120,0.044216126
row_047608,0.25316462
row_001274,0.00039770323
row_041910,0.43090957
row_031451,0.0928098
row_038099,0.9940899
row_016081,0.035641205
row_014145,0.0016939458
row_036012,0.8131754
row_020410,0.002103403
row_001239,0.97986597
row_038673,0.0825525
row_006199,0.40223968
row_008216,0.13994393
row_039381,0.15320371
row_022124,0.1876422
row_040095,0.16511734
row_014228,0.97758526
row_007281,0.026422078
row_001832,0.18005818
row_042635,0.26392102
row_033342,0.22227971
row_026588,0.11107181
row_005410,0.00040703305
row_027742,0.83791536
row_009297,0.97016585
row_047999,0.001226476
row_021713,0.015733883
row_021736,0.04467349
row_000683,0.010750878
row_031155,0.5237457
row_005954,0.03501753
row_023912,0.8915799
row_019907,0.00025078596
row_014064,0.054380532
row_001587,0.23394065
row_048134,0.39912543
row_008588,0.0028598704
row_002575,0.23548424
row_008181,0.2484279
row_025078,0.013317783
row_019089,0.0038574608
row_033401,0.0870234
row_003760,0.98406005
row_010277,0.0005941726
row_023477,0.022854773
row_030877,0.008304806
row_016325,0.0017303876
row_001601,0.012865335
row_003969,0.009978585
row_047592,0.7003746
row_049466,0.02818843
row_015112,0.03461958
row_015204,0.06387834
row_046611,0.036170784
row_044908,0.19625194
row_042710,0.5544437
row_042521,0.98547816
row_036283,0.0015176444
row_033726,0.045395985
row_017638,0.0015395039
row_010292,0.51336634
row_023550,0.49828932
row_016626,0.99474347
row_005975,0.045670338
row_049639,0.011547585
row_025045,0.9511382
row_014025,0.0002007948
row_021329,0.00046341636
row_046925,0.009760003
row_032164,0.07118047
row_028498,0.3742676
row_028979,0.27492887
row_017519,0.9752239
row_034608,0.044345774
row_013732,0.028234374
row_024374,0.94648516
row_029497,0.9819443
row_043269,0.014489335
row_029244,0.027355216
row_045351,0.037356883
row_004195,0.010940732
row_032421,0.26976177
row_045037,0.005399471
row_014075,0.030757224
row_005431,0.004848837
row_045234,0.0687916
row_023471,0.97559786
row_010511,0.0038927104
row_045406,0.0003356687
row_027719,0.08131641
row_047828,0.02133586
row_008611,0.020082066
row_042330,0.94011265
row_002215,0.11296642
row_045813,0.8245276
row_008540,0.14117683
row_043816,0.3681211
row_002063,0.028660089
row_030880,0.23513414
row_034258,0.9936261
row_009086,0.9967649
row_012359,0.22083774
row_018106,0.03810279
row_040815,0.060989764
row_045389,0.8051869
row_040569,0.14231488
row_001175,0.008712327
row_015292,0.01071946
row_023325,0.06935
row_010794,0.3322335
row_032594,0.7549787
row_034037,0.020059483
row_038867,0.0052854163
row_022689,0.008487269
row_036539,0.03324078
row_027445,0.064290814
row_009113,0.06986994
row_023065,0.25994968
row_030557,0.022989806
row_018044,0.062491074
row_011754,0.016876468
row_017873,0.04574589
row_000103,0.15759519
row_030989,0.30928537
row_013921,0.006873575
row_046716,0.0038657465
row_032696,0.05862554
row_002702,0.0014812201
row_034297,0.0015141475
row_030942,0.24386299
row_029692,0.9815243
row_046088,0.92431605
row_045710,0.059410926
row_029464,0.40166062
row_041778,0.0015472694
row_025171,0.0041902885
row_022851,0.04431028
row_005054,0.031192083
row_040899,0.0052444283
row_023531,0.002498045
row_049425,0.09087266
row_040125,0.0132254725
row_031658,0.22946498
row_012523,0.002836356
row_034381,0.8969669
row_023310,0.004141057
row_015664,0.20982003
row_006176,0.010916483
row_027559,0.035721913
row_033885,0.39775738
row_030194,0.07477649
row_036989,0.08267022
row_035530,0.03319987
row_048461,0.069317035
row_032286,0.0049172253
row_035592,0.0001930907
row_020373,0.9089757
row_029960,0.036300108
row_004277,0.20272155
row_008303,0.017056897
row_024587,0.0033442418
row_044576,0.2508196
row_044439,0.0065715606
row_006203,0.010594549
row_048064,0.029406011
row_005055,0.16691603
row_005478,0.014701382
row_038944,0.001373161
row_005548,0.32912692
row_001182,0.07176963
row_005511,0.2982798
row_031687,0.029237518
row_028446,0.022711623
row_047355,8.616524e-05
row_010287,0.04827078
row_009015,0.9363059
row_001687,0.13673948
row_035888,0.84177226
row_019232,0.66367555
row_011631,0.005756984
row_000824,0.1322913
row_009329,0.50918263
row_027271,0.14031383
row_046927,0.08424181
row_009966,0.018832205
row_011060,0.024487078
row_027630,0.9981457
row_047545,0.02581088
row_020745,0.04784234
row_035934,0.06733265
row_027051,0.13876101
row_041916,0.10384166
row_002871,0.0036688854
row_017056,0.021497931
row_021885,0.99569833
row_009998,0.020877894
row_009821,0.00629291
row_021026,0.17296772
row_005536,0.6577635
row_000728,0.017489586
row_014148,0.002772049
row_028876,0.9111915
row_003468,0.0023186093
row_004578,0.061113983
row_039793,0.024012724
row_048806,0.23356083
row_017156,0.79050976
row_014430,0.0036828488
row_028128,0.002790498
row_032374,0.08022493
row_047020,0.0025412259
row_005563,0.94865274
row_040028,0.007539466
row_038855,0.38777387
row_034928,0.7609855
row_034477,0.021746416
row_002719,0.8396309
row_021428,0.019775432
row_030944,0.013006269
row_003412,0.011130607
row_040466,0.08923788
row_001682,0.007831049
row_019919,0.29861587
row_002937,0.23487256
row_047035,0.82358706
row_031732,0.9897516
row_045977,0.119459
row_045106,0.002232163
row_022228,0.00035578202
row_049542,0.007093059
row_038421,0.98408246
row_020518,0.012069564
row_046632,0.6042151
row_018146,0.00032197882
row_023579,0.12366046
row_040791,0.08830015
row_037081,0.0009543761
row_013444,0.91563046
row_012609,0.07451489
row_022616,0.13557686
row_030124,0.016832568
row_044997,0.13333383
row_005250,0.021529403
row_043399,0.0012229373
row_005332,0.018485142
row_049952,0.02581822
row_030066,0.04684399
row_039871,0.0032428103
row_038119,0.00083858526
row_009529,0.076376796
row_047277,0.10489946
row_000678,0.84864277
row_011821,0.071985066
row_025034,0.86604387
row_032414,0.024667626
row_047959,0.13655587
row_025256,0.52896297
row_044162,0.0005502032
row_033975,0.0002849914
row_003056,0.0703533
row_007932,0.12983002
row_007476,0.04710501
row_044248,0.042799205
row_015715,0.077844225
row_045842,0.08336762
row_040748,0.22439048
row_048801,0.005300957
row_026352,0.11109983
row_023727,0.008046338
row_023176,0.8644099
row_003718,0.27734664
row_028977,0.12601997
row_031023,0.18017459
row_029616,0.1286622
row_035919,0.076215744
row_006267,0.17078678
row_013842,0.9333203
row_005539,0.28669623
row_010749,0.546835
row_004141,0.0014588743
row_031094,0.0019706066
row_027343,0.0016257168
row_037716,0.21294217
row_005176,0.02129246
row_034413,0.22525297
row_015548,0.03499726
row_003055,0.010751237
row_006218,0.014588013
row_018270,0.0010776109
row_008204,0.08957565
row_012782,0.28175497
row_037446,0.5419829
row_015677,0.009748447
row_000891,0.0028297147
row_013478,0.018604944
row_013252,0.044455975
row_000227,0.091635615
row_008780,0.0012305904
row_042801,0.06496854
row_037290,0.8980334
row_001369,0.019108323
row_032275,0.3784426
row_025036,0.36776975
row_011595,0.05994385
row_039064,0.14866786
row_006449,0.25556937
row_023410,0.08346521
row_039068,0.015888443
row_018284,0.011906346
row_022826,0.051237613
row_047617,0.03953698
row_032869,0.004428191
row_011325,0.5975129
row_004840,0.46972236
row_000594,0.014796178
row_018331,0.02461023
row_032061,0.045800388
row_020097,0.055955358
row_026102,0.5773629
row_037168,0.067655325
row_009938,0.00038345644
row_009523,0.09105832
row_034691,0.99267817
row_017151,0.18790765
row_006874,0.0149797825
row_005008,0.5254358
row_005178,0.4005381
row_002051,0.038787603
row_001261,0.0010690484
row_016144,0.14673987
row_008817,0.0071243253
row_019148,0.65717167
row_028678,0.064938016
row_003335,0.020795269
row_006069,0.014680219
row_046472,0.017398197
row_043010,0.16084808
row_012674,0.00023613965
row_024370,0.03708645
row_014388,0.016229961
row_002105,0.027642686
row_032558,0.0427578
row_039074,0.0084380945
row_040862,0.08866287
row_041361,0.39452633
row_028735,0.0014665667
row_036812,0.025892057
row_047760,0.07658114
row_048469,0.004424039
row_001607,0.20551401
row_043651,0.7831023
row_028969,0.99897456
row_023979,0.002119008
row_039458,0.12291496
row_022272,0.021145187
row_019640,0.012483931
row_032087,0.5678631
row_020929,0.79844564
row_027940,0.10195516
row_014974,0.8991287
row_041681,0.0019962452
row_014556,0.115513705
row_007193,0.34082583
row_006495,0.004513292
row_049464,0.017084043
row_002611,0.012670615
row_013791,0.13013183
row_039912,0.004585927
row_042672,0.016799362
row_043556,0.0031655564
row_027929,0.00397548
row_013336,0.90519094
row_023585,0.0013479443
row_000384,0.9478699
row_042653,0.098141395
row_005047,0.25492555
row_035069,0.0037679458
row_032595,0.003977958
row_033045,0.007685964
row_030476,0.018777277
row_007478,0.21193042
row_012892,0.4430298
row_036476,0.00078907795
row_006147,0.0035083697
row_045596,0.025763731
row_003898,0.019071268
row_031503,0.16972435
row_031150,0.0131528545
row_019697,0.0022028869
row_005524,0.60801095
row_012128,0.000317059
row_020748,0.0018678247
row_039384,0.20951374
row_026906,0.00036150284
row_006763,0.72634697
row_003125,0.002603054
row_031490,0.9990126
row_012558,0.036205545
row_014997,0.0033323998
row_016768,0.058751184
row_012324,0.8158163
row_017657,0.014930358
row_018585,0.1391386
row_030945,0.00023264889
row_027798,0.052206136
row_022260,0.0045321328
row_018551,0.25417578
row_001836,0.07423748
row_020471,0.00096936076
row_022543,0.04013301
row_044719,0.10883097
row_027847,0.0017466747
row_041795,0.012377872
row_037978,0.4611058
row_006086,0.26232556
row_016508,0.09726129
row_014597,0.06565866
row_030193,0.8520293
row_035746,0.008021554
row_007642,0.0052027446
row_039697,0.16955349
row_042382,0.009623581
row_033117,0.01118864
row_014300,0.010306924
row_033744,0.0076758238
row_040074,0.39208335
row_013067,0.22184248
row_011836,0.27592796
row_021571,0.94711095
row_010356,0.0100804465
row_023933,0.9588655
row_032278,0.004602242
row_022559,0.086706236
row_027503,0.14415829
row_033780,0.08181304
row_002818,0.059930887
row_008378,0.3233356
row_046279,0.002526548
row_008697,0.0004974223
row_034585,0.06849291
row_035296,0.018357191
row_036355,0.16032432
row_018577,0.041900143
row_031166,0.0894742
row_028445,0.1592716
row_049009,0.62845117
row_043700,0.0065155355
row_041799,0.0018370234
row_011207,0.016013488
row_042703,0.07812113
row_026384,0.92388916
row_045756,0.2677601
row_011796,0.0026362613
row_036362,0.037612095
row_036773,0.0043378035
row_007170,0.071430475
row_029221,0.0048891
row_007899,0.2765459
row_010090,0.095265895
row_025548,0.0029631357
row_045478,0.051519964
row_044298,0.37598327
row_042531,0.011564814
row_047230,0.11408909
row_014671,0.010334022
row_010583,0.047227886
row_035248,0.77793306
row_024040,0.6808222
row_011511,0.0004706669
row_036235,0.00030563612
row_002886,0.15191959
row_022824,0.04202708
row_017527,0.0069305007
row_034744,0.14560717
row_042953,0.20389093
row_041257,0.00012550327
row_016120,0.00028702343
row_047993,0.16040792
row_013746,0.0076290583
row_023334,0.046652038
row_029955,0.00015890902
row_048979,0.004062483
row_003843,0.020555034
row_023501,0.026948834
row_030352,0.0014646127
row_011330,0.7862244
row_040268,0.011445429
row_025177,0.041324567
row_036375,0.009061822
row_037241,0.0016926369
row_034947,0.006130821
row_032198,0.018895244
row_036302,0.0033502402
row_029825,0.41336796
row_044878,0.14735833
row_033927,0.07280964
row_000252,0.00088556734
row_049817,0.0005222666
row_010728,0.013017494
row_045009,0.09024027
row_044838,0.05260404
row_030314,0.0072749513
row_014958,0.95679146
row_046092,0.9728175
row_004339,0.050974905
row_009943,0.004329368
row_005818,0.024993327
row_023043,0.9870739
row_002746,0.07104375
row_030339,0.2999367
row_022248,0.002514032
row_003433,0.0034372166
row_034766,0.014556256
row_004966,0.44742182
row_004818,0.09155214
row_040347,0.051759835
row_036496,0.029243732
row_002732,0.0028273398
row_004005,0.00112472
row_047762,0.09465549
row_042498,0.09413052
row_018545,0.14120162
row_011749,0.030651378
row_017907,0.08485508
row_008873,0.052602172
row_006322,0.72525287
row_013788,0.0025154313
row_024314,0.027821302
row_028356,0.036067005
row_023563,0.00105755
row_031988,0.039087497
row_041526,0.074768886
row_020292,0.60506725
row_027527,0.1588992
row_011281,0.008053107
row_044242,0.28286132
row_033373,0.0018234773
row_014483,0.45385185
row_027836,0.1444263
row_032007,0.99913055
row_014175,0.99080443
row_032781,0.1807913
row_008885,0.0014904382
row_042374,0.309679
row_020487,0.0006741362
row_013555,0.02146953
row_025168,0.0019467683
row_026648,0.3475133
row_030413,0.0010405073
row_012171,0.014719387
row_004947,0.0030074124
row_045325,0.030508148
row_008607,0.035936154
row_035441,0.095807
row_012294,0.014296798
row_040988,0.19751146
row_030386,0.10391066
row_031219,0.03456576
row_030568,0.6352453
row_013761,0.15932652
row_015390,0.4696971
row_029150,0.004524665
row_045367,0.07220491
row_017130,0.001402489
row_030647,0.0026151985
row_021081,0.9361892
row_001394,0.9597853
row_036569,0.76064056
row_008496,0.022955531
row_018212,0.36062372
row_041008,0.20431614
row_004659,0.0077482383
row_021333,0.011405321
row_021556,0.020894451
row_007368,0.96460086
row_039090,0.007589712
row_003671,0.0035391757
row_030918,0.5119428
row_004751,0.11878641
row_007432,0.15836675
row_037450,0.03155512
row_047718,0.002587279
row_033163,0.006227531
row_015687,0.00067728106
row_008302,0.06640709
row_026751,0.16454892
row_008976,0.06241045
row_020702,0.0814739
row_008653,0.00013198306
row_042394,0.534006
row_036602,0.01808906
row_031947,0.027684558
row_047409,0.9006681
row_007927,0.26363513
row_027531,0.0010617585
row_023712,0.0058828834
row_033665,0.22125544
row_032765,0.0024776398
row_044744,0.033651337
row_028917,0.012550527
row_047402,0.44131178
row_044468,0.99131143
row_016824,0.9329709
row_048763,0.043650128
row_015912,0.09165402
row_007769,0.0017836298
row_026097,0.1177011
row_011360,0.5021844
row_046626,0.00053796713
row_025019,0.05361706
row_007760,0.7157695
row_021847,0.21869782
row_007845,0.062387425
row_039508,0.0016144579
row_016448,0.010088139
row_031931,0.04247829
row_018618,0.009880214
row_046449,0.06387469
row_040248,0.4423989
row_039689,0.007480422
row_038469,0.8526077
row_015172,0.45150515
row_020652,0.025235925
row_027994,0.083926216
row_017415,0.32551223
row_024803,0.81272244
row_027032,0.0042290287
row_024521,0.3728449
row_030341,0.9945492
row_014940,0.17579262
row_016926,0.011505383
row_047579,0.4198958
row_044693,0.14023753
row_004893,0.01129165
row_036129,0.0458379
row_020007,0.008932888
row_004950,0.022896219
row_008223,0.07914723
row_024032,0.012400731
row_047021,0.021007106
row_041320,0.20736685
row_034555,0.27793512
row_016868,0.021111107
row_034629,0.4320392
row_043793,0.0010796085
row_040832,0.13168487
row_023832,0.037136726
row_026871,0.26855144
row_018650,0.99966586
row_021481,0.032716166
row_031228,0.30511954
row_028410,0.023980862
row_021246,0.07405731
row_008510,0.0022667483
row_006340,0.13475062
row_021540,0.0009312512
row_030935,0.49756762
row_014616,0.10764193
row_000646,0.5988411
row_008098,0.13984223
row_044477,0.005813427
row_012191,0.11784126
row_043837,0.7295808
row_044133,0.005939132
row_045283,0.0061645033
row_037709,0.0035844506
row_033644,0.046668254
row_027928,0.98766637
row_024607,0.003191544
row_035045,0.013173238
row_045648,0.9910944
row_024254,0.0009927423
row_048514,0.015158758
row_033325,0.024300495
row_005052,0.0046465653
row_044462,0.034443248
row_027144,0.9785124
row_020521,0.16096434
row_042515,0.8670076
row_030749,0.007694704
row_041715,0.040680196
row_028990,0.20706612
row_033444,0.10130795
row_025273,0.820625
row_034019,0.069309525
row_014708,0.29635486
row_029657,0.50811905
row_039933,0.0004290522
row_010130,0.0030922105
row_023321,0.00022443477
row_018372,0.0010774964
row_027620,0.19388448
row_010773,0.004086668
row_027241,0.015111499
row_049564,0.02138039
row_007549,0.006607257
row_026364,0.90669703
row_021829,0.04366049
row_048141,0.992428
row_046456,0.016512264
row_045557,0.00307952
row_006213,0.1868934
row_039779,0.4224665
row_028393,0.83957475
row_002541,0.032444946
row_040617,0.014855837
row_045752,0.006328448
row_005461,0.019911962
row_026023,0.014327412
row_017573,0.3221817
row_004743,0.99664694
row_032237,0.9789225
row_036468,0.27912158
row_025376,0.18028866
row_004284,0.004470421
row_044768,0.004550058
row_008811,0.010570594
row_019141,0.015826864
row_001363,0.058415852
row_039572,0.04310249
row_007619,0.016823668
row_013079,0.0015200162
row_004875,0.041121863
row_040709,0.9972525
row_003538,0.9999094
row_019713,0.9963288
row_000382,0.9937702
row_015346,0.0042317645
row_024867,0.39694643
row_045709,0.03895922
row_014325,0.7575555
row_045146,0.29702935
row_037901,0.020495124
row_024911,0.77111983
row_026331,0.002457363
row_012341,0.10918886
row_044318,0.6620923
row_047641,0.62770075
row_020669,0.6724683
row_008578,0.0020563235
row_003492,0.785729
row_000770,0.014629246
row_013481,0.0010820951
row_038807,0.010812322
row_005394,0.0077475747
row_003602,0.0005023784
row_030587,0.23499492
row_002173,0.005401282
row_030327,0.80876166
row_040987,0.049281638
row_005104,0.008957977
row_002187,0.0007447234
row_037313,0.03538677
row_026928,0.02866966
row_011707,0.14420839
row_039174,0.040038653
row_048467,0.000992904
row_034298,0.37967598
row_016828,0.90631706
row_005612,0.03882138
row_036737,0.01472041
row_015236,0.0035318646
row_021637,0.019652395
row_012117,0.0060689617
row_018979,0.3177821
row_019490,0.0047987183
row_030721,0.8304485
row_023984,0.48682696
row_003174,0.5720646
row_025014,0.01970878
row_012165,0.0027295738
row_005713,0.0490863
row_042747,0.055610746
row_021863,0.018369105
row_004323,0.7576352
row_018557,0.0021351674
row_047980,0.734323
row_043300,0.16839382
row_046451,0.005058981
row_025878,0.023035921
row_026433,0.105610006
row_004093,0.26741958
row_003257,0.16061813
row_013231,0.062212057
row_025108,0.050976623
row_046138,0.025296353
row_031520,0.53342396
row_040699,0.08329281
row_048796,0.0033296503
row_023641,0.054775458
row_036856,0.77936286
row_021159,0.16724184
row_009911,0.13700937
row_022224,0.004054656
row_035129,0.0060516936
row_044070,0.068215154
row_035457,0.00706511
row_022180,0.12722258
row_049333,0.9867382
row_049062,0.9955634
row_001514,0.20568456
row_025319,0.25083607
row_008605,0.007615038
row_004134,0.00022780513
row_019126,0.017223323
row_000918,0.23151329
row_041147,0.622625
row_002714,0.011162878
row_040408,0.28505927
row_015709,0.009868462
row_001785,0.8471304
row_044547,0.16819878
row_047251,0.07137902
row_018662,0.19036825
row_010229,0.026187532
row_035548,0.012669416
row_026556,0.74402183
row_042094,0.026058562
row_028754,0.17039533
row_037352,0.0069420068
row_032439,0.00076554326
row_009868,0.03640271
row_003258,0.040481176
row_028902,0.019956617
row_008056,0.820988
row_001700,0.9691167
row_021268,0.070631005
row_024913,0.042517833
row_030614,0.13364024
row_037010,0.004205014
row_012379,0.957442
row_030507,0.061020095
row_024282,0.0020737662
row_028866,0.0048362995
row_037036,0.8358022
row_048375,0.059472173
row_005395,0.91517925
row_044125,0.13521545
row_011674,0.001418878
row_004217,0.0040185447
row_005564,0.4372655
row_012115,0.501162
row_034615,0.100446075
row_002161,0.091806866
row_034455,0.8440406
row_040073,0.904766
row_032950,0.0004017119
row_025755,0.6461295
row_045424,0.1524243
row_012527,0.14276811
row_021681,0.0021802264
row_016692,0.08182224
row_025772,0.6793424
row_038218,0.027580602
row_031651,0.0008032638
row_046522,0.2561045
row_042433,0.013464627
row_043727,0.0044756937
row_043925,0.012334851
row_017419,0.086641274
row_049374,0.24425034
row_031322,0.956122
row_026257,0.006665173
row_017839,0.837969
row_020404,0.00490179
row_034787,0.37688053
row_039786,0.03481856
row_036428,0.048854567
row_029171,0.89482635
row_030635,0.00065033627
row_003823,0.049472753
row_009185,0.9159584
row_038198,0.01458992
row_037647,0.028798308
row_010935,0.6331155
row_020346,0.93899
row_043682,0.0009996707
row_019841,0.039366487
row_018104,0.40385073
row_038415,0.8571329
row_038157,0.078792274
row_043247,0.5638364
row_031191,0.23523769
row_044117,0.0034420302
row_012235,0.48030534
row_010897,0.0049437806
row_045179,0.00076060323
row_049242,0.13047604
row_014874,0.042638734
row_010156,0.21661188
row_041554,0.031325746
row_044368,0.13606283
row_035730,0.024153683
row_018709,0.0053543597
row_044575,0.027540771
row_018977,0.0037551033
row_023536,0.5401122
row_028813,0.48435292
row_033309,0.14357445
row_003640,0.043559846
row_009693,0.046120547
row_021322,0.01017322
row_013734,0.017862804
row_006863,0.012357126
row_039725,0.047739275
row_046457,0.30006772
row_036728,0.007087027
row_035389,0.0006613765
row_018278,0.98999584
row_007595,0.00693623
row_049756,0.026807616
row_020345,0.0035372407
row_014909,0.008937009
row_006638,0.037478503
row_031192,0.0021019562
row_037013,0.52538216
row_049100,0.3314506
row_020298,0.99831724
row_034899,0.039866608
row_041383,0.13421187
row_028919,0.12743609
row_022511,0.76485187
row_016123,0.045500048
row_045901,0.0023051077
row_031785,0.90274215
row_013715,0.06086188
row_044852,0.010708079
row_039034,0.9827853
row_011570,0.07719122
row_019964,0.6507234
row_031565,0.63520765
row_019015,0.0125229545
row_033887,0.003372651
row_032597,0.1562076
row_000376,0.1755843
row_034112,0.0049913246
row_024616,0.44981727
row_043388,0.00070248364
row_020614,0.30141893
row_027260,0.022990583
row_009202,0.002055523
row_005266,0.17552
row_025501,0.36205548
row_038702,0.024689019
row_046025,0.0019127522
row_046185,0.02851534
row_023883,0.0016151753
row_017604,0.07959178
row_011541,0.005357873
row_008665,0.26091576
row_012231,0.1276557
row_039095,0.059005734
row_016634,0.0008506791
row_041542,0.14645347
row_013895,0.037188277
row_019440,0.14327173
row_000432,0.60230786
row_009837,0.016233105
row_011477,0.0006287178
row_033926,0.019093577
row_039834,0.006469252
row_028933,0.017039957
row_014028,0.11704929
row_001196,0.28027982
row_003562,0.01793106
row_002803,0.010059071
row_039659,0.006067406
row_039982,0.004929312
row_009397,0.027590385
row_006436,0.0004433674
row_027472,0.052495092
row_025398,0.94895333
row_020103,0.00042098915
row_016261,0.048197854
row_029710,0.07156732
row_047850,0.006096418
row_047997,0.9013351
row_026480,0.0054394556
row_044554,0.86068946
row_033747,0.046109963
row_015104,0.21062085
row_006304,0.0005074629
row_039038,0.8764729
row_033180,0.311318
row_044484,0.33445376
row_047077,0.034293275
row_032139,0.13334088
row_026190,0.0023306545
row_032171,0.039354283
row_044312,0.00077516277
row_004563,0.17184222
row_045042,0.1909076
row_002434,0.32055113
row_013577,0.03934497
row_020732,0.0011339994
row_001361,0.7106335
row_039923,0.0018621571
row_046840,0.031741507
row_003964,0.5086463
row_035170,0.016976714
row_038400,0.57906175
row_049402,0.0012737827
row_020172,0.9860409
row_036526,0.69862926
row_009477,0.059078645
row_016601,0.026684398
row_027278,0.0051674247
row_002899,0.17695977
row_012712,0.008758961
row_036464,0.038060285
row_029675,0.0540561
row_018669,0.029242756
row_033055,0.0039705345
row_005684,0.17972457
row_033427,0.36916795
row_016531,0.04835382
row_030312,0.15110587
row_007173,0.0015439249
row_013264,0.010406163
row_013446,0.00092632126
row_037795,0.26408774
row_046375,0.6347984
row_042872,0.21749201
row_032036,0.012378118
row_025184,0.07443366
row_035169,0.045650322
row_017924,0.91324806
row_009335,0.05234257
row_011243,0.55500656
row_028759,0.002014342
row_044631,0.0028906295
row_011534,0.13664052
row_040607,0.073689826
row_002019,0.009075718
row_019068,0.035156716
row_032618,0.7133946
row_038063,0.052130852
row_042687,0.01418117
row_040382,0.02174912
row_020888,0.004156749
row_036159,0.00025545224
row_028749,0.4058779
row_048927,0.26168418
row_048259,0.36950144
row_038365,0.0027609917
row_048654,0.15066542
row_026584,0.002050356
row_022599,0.011443848
row_038717,0.31305024
row_028622,0.00015169694
row_007958,0.010714127
row_035816,0.19870098
row_047881,0.07511856
row_001276,0.14713603
row_049901,0.2419657
row_019222,8.482876e-05
row_026998,0.18537952
row_001449,0.051975325
row_007244,0.016031267
row_030008,0.6474242
row_044669,0.6278204
row_005045,0.22009093
row_031714,0.33306524
row_022188,0.023845544
row_005264,0.17185506
row_001881,0.0018282188
row_037148,0.9999018
row_013352,0.021213992
row_008954,0.020344468
row_018051,0.0651706
row_009472,0.056591433
row_032863,0.99139047
row_048394,0.43098962
row_034097,0.98475003
row_007464,0.10466067
row_019163,0.087489344
row_018507,0.034846798
row_049214,0.19645382
row_030018,0.5682658
row_024635,0.0019456401
row_008799,0.00473607
row_035260,0.015888354
row_006606,0.03231382
row_001038,0.4159612
row_036285,0.07955863
row_011328,0.12717567
row_011098,0.024395281
row_002407,0.1319327
row_015764,0.051147353
row_032641,0.04751941
row_026094,0.14087501
row_042593,0.93858784
row_031553,0.33733565
row_001210,0.6930059
row_006319,0.016259566
row_043555,0.0053880853
row_008398,0.0046159015
row_017229,0.7515056
row_031460,0.34529334
row_034556,0.016156564
row_003311,0.016033089
row_023435,0.47979593
row_030872,0.1546785
row_012794,0.015182666
row_032300,0.23257938
row_047110,0.003510876
row_022078,0.0008779546
row_029265,0.04971304
row_008919,0.005299358
row_001101,0.14615037
row_037702,0.97303516
row_022671,0.026310172
row_007254,0.097226985
row_040264,0.0033218388
row_027835,0.029135328
row_013322,0.00046169164
row_028798,0.035910852
row_014281,0.9842622
row_038649,0.55160815
row_019653,0.046106618
row_002787,0.02445961
row_026979,0.30639678
row_039601,0.96198165
row_010523,0.54993165
row_027291,0.03326615
row_035044,0.02143348
row_048784,0.00034714187
row_007680,0.0012441125
row_000777,0.08628675
row_048996,0.011252522
row_016425,0.075042546
row_012230,0.0003649905
row_027921,0.39128602
row_047779,0.37995407
row_048766,0.008882078
row_020911,0.27582207
row_007052,0.019547686
row_007442,0.011422155
row_005288,0.012961976
row_001494,0.17166565
row_015582,0.003702462
row_021970,0.045203377
row_042418,0.0030505485
row_047236,0.04242527
row_020060,0.0010498461
row_023282,0.027352026
row_014639,0.034272578
row_004194,0.0012656432
row_030607,0.0016116573
row_028133,0.0037508565
row_045262,0.8968716
row_038205,0.30460465
row_014907,0.08386996
row_044159,0.0052775554
row_003668,0.079823196
row_039309,0.010380028
row_034548,0.0055087726
row_041740,0.0014588749
row_015797,0.006464032
row_049848,0.017432109
row_041448,0.050965134
row_020550,0.3466179
row_007935,0.0022848381
row_002497,0.009690398
row_045789,0.14669676
row_020241,0.008805876
row_015227,0.0018300444
row_033741,0.005546289
row_042590,0.5934421
row_033650,0.042531967
row_041643,0.018442938
row_017683,0.58004963
row_010509,0.46649113
row_045971,0.7531675
row_026689,3.4366178e-05
row_027567,0.006535004
row_006645,0.0015529972
row_029371,0.5529468
row_042814,0.00959481
row_045805,0.12007436
row_020848,0.018429847
row_000650,0.00011617719
row_027534,0.014864549
row_033671,0.003985233
row_040674,0.008680162
row_025291,0.0021484136
row_026765,0.34171605
row_030605,0.016252551
row_003919,0.0049750297
row_022136,0.10251659
row_021104,0.15174632
row_015344,0.13142487
row_005760,0.9530072
row_002880,0.0013369451
row_014768,0.43549547
row_049650,0.016802063
row_016375,0.017638233
row_039317,0.020738808
row_011830,0.03718938
row_004930,0.07989472
row_017411,0.621205
row_021363,0.23043819
row_045625,0.0027435343
row_036005,0.09242939
row_031755,0.27950835
row_012743,0.0950125
row_035727,0.8866047
row_007408,0.75073534
row_019227,0.64766926
row_021680,0.0061951536
row_026260,0.0017204635
row_035357,0.10653613
row_046156,0.0015393778
row_048890,0.013155696
row_027125,0.90100604
row_028916,0.00947754
row_037758,0.00088217796
row_023336,0.9615526
row_003134,0.07556547
row_025876,0.65680444
row_016077,0.0556978
row_041811,0.08369624
row_042661,0.3416713
row_043454,0.005557249
row_030329,0.19108935
row_026738,0.034978535
row_041510,0.035716362
row_028197,0.25231344
row_013777,0.0011927435
row_014969,0.0007195549
row_000120,0.001284603
row_006886,0.009944828
row_023163,0.6567003
row_034579,0.11140257
row_006311,0.89487374
row_046758,0.0049825204
row_016777,0.13403895
row_025940,0.21102443
row_023135,0.9470999
row_003320,0.88180625
row_016109,0.044176072
row_026643,0.0014138301
row_008382,0.020001197
row_024175,0.7902643
row_044598,0.58894473
row_028018,0.008917126
row_006703,0.007029277
row_011589,0.21706565
row_001467,0.10596915
row_035099,0.23005441
row_013696,0.010257128
row_010912,0.037483554
row_021264,0.00056691165
row_044164,0.2678207
row_037754,0.00237866
row_021147,0.0026338953
row_043942,0.0007314037
row_002550,0.025891384
row_024808,0.008454665
row_023378,0.089508034
row_000962,0.04108386
row_000066,0.063422486
row_006767,0.22982427
row_018120,0.030764537
row_043045,0.022596557
row_012159,0.3395481
row_007604,0.33429357
row_037833,0.0074446197
row_004911,0.006115572
row_026912,0.0019753408
row_042898,0.0028151697
row_043877,0.000366509
row_035475,0.09283688
row_034518,0.12950951
row_042722,0.023621103
row_002216,0.7394974
row_038146,0.17202917
row_016308,0.0350487
row_030573,0.088897675
row_000308,0.00021291252
row_006835,0.00049376406
row_038317,0.7006258
row_018033,0.9624497
row_045344,0.029318662
row_031311,0.102937065
row_033788,0.104485266
row_039516,0.12165231
row_028257,0.23773143
row_005353,0.027870683
row_011626,0.11334406
row_045932,0.00034833798
row_024520,0.9474199
row_033472,0.18173152
row_039005,0.1905444
row_039658,0.9999784
row_003247,0.16764398
row_030446,0.07034844
row_038849,0.34009114
row_036248,0.97465885
row_023547,0.1742585
row_044465,0.20396793
row_009631,0.058598746
row_036549,0.0010583134
row_011499,0.012831406
row_038890,0.0006423417
row_014741,0.048961397
row_043836,0.50925255
row_019426,0.10683513
row_018345,0.00949465
row_036673,0.050805196
row_041364,0.812959
row_045196,0.53323334
row_010531,0.101782665
row_022236,0.00054780656
row_033244,0.6372707
row_014507,0.028389532
row_019805,0.19778243
row_008440,0.02611787
row_033503,0.0028583994
row_029688,0.0037669651
row_032375,0.41492957
row_039331,0.38841715
row_016834,0.65472704
row_010793,0.025329256
row_013060,0.13267632
row_009885,0.0119443275
row_029760,0.004794109
row_035387,0.18455634
row_048365,0.99661356
row_044892,0.99864095
row_028882,0.050606143
row_037781,0.19312629
row_047301,0.9880696
row_014570,0.08708128
row_023409,0.23282462
row_026737,0.02096085
row_031284,0.92287695
row_038637,0.24083081
row_009395,0.23389941
row_015475,0.01571569
row_041832,0.050974254
row_016011,0.99431205
row_024156,0.15595554
row_041350,0.67442095
row_002360,0.0033521242
row_010117,0.0015162396
row_013631,0.0017004925
row_009060,0.08394535
row_010278,5.7465524e-05
row_009214,0.011770075
row_044790,0.16062997
row_033936,0.015788252
row_003995,0.07915148
row_036855,0.021565251
row_026878,0.12431012
row_022712,0.0006913797
row_026069,0.19470869
row_009762,0.9600886
row_011778,0.9148327
row_001272,0.0008074355
row_011485,0.00816015
row_021260,0.02791292
row_002557,0.026753018
row_021225,0.007320644
row_001580,0.25076646
row_047155,0.23307313
row_018362,0.7909846
row_016978,0.027593847
row_031717,0.10702269
row_034821,0.0071500633
row_039691,0.011093289
row_018116,0.000700994
row_025130,0.013215226
row_006320,0.045099005
row_047598,0.056223113
row_026710,8.8010034e-05
row_044872,0.031706654
row_010198,0.30777186
row_012939,0.040779218
row_017624,0.9262831
row_012491,0.11862354
row_048428,0.40790364
row_049534,0.7031185
row_009443,0.0031558839
row_013890,0.69057745
row_020111,0.34251997
row_041966,0.032599412
row_039909,0.16961488
row_032923,0.13467398
row_049634,0.039942443
row_045671,4.7958594e-05
row_036209,0.28660387
row_041702,0.0066268714
row_044195,0.63059837
row_001036,0.094037496
row_007019,0.007463953
row_040757,0.03636008
row_033884,0.009394809
row_006169,0.00258133
row_046706,0.040009327
row_049879,0.016866509
row_037934,0.11500632
row_039340,0.018119693
row_040380,0.10814403
row_046450,0.074988864
row_007950,0.037424307
row_001120,0.353616
row_039884,0.21201216
row_030025,0.02362866
row_044734,0.003973893
row_026724,0.42467403
row_011302,0.08437927
row_014775,0.4257064
row_016204,0.19166973
row_013847,0.016260374
row_030032,0.026415823
row_031852,0.07307154
row_007941,0.6021688
row_026131,0.05801814
row_032549,0.9465084
row_014684,0.67578465
row_015598,0.17636079
row_040514,0.011890766
row_022061,0.02013853
row_019321,0.054004006
row_007236,0.05465955
row_009093,0.9915365
row_020721,0.22202991
row_022909,0.00080210884
row_009923,0.10699775
row_024578,0.0030221043
row_022661,0.00072782114
row_026422,0.0003933018
row_039386,0.17619736
row_046172,0.01212323
row_049052,0.2256388
row_042742,0.20875335
row_004604,0.8211574
row_012607,0.0003371959
row_032151,0.001612738
row_034327,0.06828745
row_012622,0.0026426618
row_001530,0.59977186
row_015574,0.007958327
row_038125,0.00025207252
row_043557,0.13085873
row_029952,0.02892665
row_048879,0.095687024
row_000040,0.08006331
row_011467,0.0014800464
row_040592,0.0014277732
row_019421,0.00319064
row_047711,0.058305733
row_048278,0.22722395
row_039852,0.00049548637
row_028213,0.013260348
row_030468,0.79077935
row_039596,0.12536485
row_034634,0.04967266
row_024785,0.171323
row_030729,0.0038293845
row_045641,0.03786318
row_032330,0.051951274
row_010083,0.0058440818
row_006601,0.09494464
row_009727,0.096848905
row_038910,0.015163756
row_032827,0.0011189273
row_002609,0.006663914
row_028115,0.035482936
row_009225,0.02730123
row_006800,0.26877564
row_024024,0.100364015
row_040070,0.015448988
row_030492,0.013903818
row_038633,0.015011702
row_016997,0.002388545
row_017981,0.019483667
row_005301,0.0022306787
row_022570,0.008215799
row_026346,0.03808166
row_001529,0.013624065
row_013718,0.9335172
row_020908,0.014527788
row_030837,0.7261114
row_008244,0.112132415
row_010483,0.0027882445
row_046650,0.14255601
row_038181,0.0021581736
row_019751,0.97396606
row_044178,0.012206649
row_027852,0.015610407
row_038793,0.32773927
row_022636,0.16108815
row_022284,0.9222767
row_024141,0.8599654
row_041271,0.018532386
row_025913,0.016296376
row_019513,0.5349582
row_031966,0.2041548
row_035997,0.014012518
row_042911,0.0069018407
row_026191,0.00039767876
row_000997,0.09505468
row_002514,0.36293858
row_047048,0.061692424
row_002065,0.76861054
row_048173,0.011001491
row_028107,0.16340113
row_046966,0.0060840733
row_017860,0.001258109
row_010251,0.7309197
row_018050,0.0056400923
row_025456,0.008704704
row_042762,0.5125443
row_047490,0.015617932
row_045959,0.8157695
row_049059,0.011404547
row_024253,0.0014006663
row_021892,0.08131459
row_008255,0.00092465465
row_031531,0.009430364
row_039207,0.1446214
row_043175,0.14616902
row_021839,0.42111275
row_030236,0.005388548
row_001649,0.011312309
row_000322,0.028452447
row_036632,0.8997537
row_003700,0.39933726
row_019274,0.00883682
row_043443,0.28242424
row_043943,0.0003078085
row_047307,0.54236263
row_027392,0.0002153519
row_007895,0.5528155
row_005223,0.011409558
row_021975,0.0014617451
row_004973,0.8429461
row_003216,0.02048243
row_023034,0.05448104
row_023783,0.045272533
row_029517,0.0057778736
row_004066,0.21442062
row_022643,0.3605733
row_022791,0.0005493239
row_040801,0.00021599245
row_033597,0.46494353
row_001777,0.0038875386
row_000357,0.23070247
row_034474,0.110050984
row_017814,0.013862376
row_043344,0.005846074
row_001743,0.3905683
row_044877,0.0011208246
row_009929,0.01772015
row_017090,0.014165912
row_035682,0.024783934
row_032721,0.13517372
row_005757,0.24816452
row_028724,0.07438581
row_026092,0.0014568709
row_033030,0.02188954
row_019357,0.121581204
row_024504,0.0020361827
row_046083,0.11616864
row_000144,0.3811328
row_016371,0.075989604
row_003687,0.0010709332
row_022223,0.95279294
row_043303,0.0015802056
row_032126,7.054099e-05
row_011679,0.18940762
row_038736,0.0021237875
row_037532,0.38592714
row_013113,0.042576198
row_044200,0.009280763
row_045525,0.13880867
row_037169,0.012883951
row_018520,0.08228306
row_012816,0.11499738
row_002343,0.113051675
row_047704,0.9943625
row_038087,0.008908462
row_024257,0.123131424
row_021986,0.93651515
row_010839,0.009406718
row_001035,0.024660336
row_009153,0.0037932156
row_046495,0.008286914
row_020163,0.50726134
row_048748,0.0026156912
row_004643,0.36995935
row_018443,0.0058638207
row_009560,0.01685949
row_039399,0.17780101
row_029084,0.009491234
row_000913,0.97634023
row_042851,0.0025390948
row_030214,0.17469099
row_002287,0.8766156
row_000722,0.025810065
row_022856,0.032179277
row_031603,0.11448971
row_023920,0.23753609
row_043492,0.97789496
row_020777,0.29932943
row_039582,0.9689205
row_003239,0.0033195333
row_035305,0.04436826
row_005753,0.96418345
row_039258,0.7697181
row_046392,0.00058387005
row_023268,0.115159795
row_035946,0.13443494
row_030101,0.36102542
row_037354,0.01492151
row_048177,0.02843716
row_008009,0.96810395
row_002686,0.02755324
row_004448,0.028598433
row_045599,0.11447925
row_027194,0.061241373
row_039447,0.17614754
row_009374,0.0011412622
row_017580,0.07427114
row_013525,0.95935845
row_035281,0.00748938
row_040389,0.003219952
row_025463,0.10346319
row_038046,0.6109399
row_010363,0.06000071
row_015380,0.010375958
row_049768,0.61215866
row_013711,0.0011952644
row_045045,0.019825464
row_043866,0.062504105
row_041775,0.035427585
row_030173,0.08080351
row_016436,0.00025068963
row_038169,0.29024225
row_036480,0.00086041185
row_049619,0.024872959
row_013115,0.0011133288
row_001149,0.12473232
row_005211,0.07744542
row_024999,0.9686877
row_017886,0.62980014
row_021995,0.10925562
row_041209,0.99938595
row_030054,0.011351013
row_014784,0.50029916
row_007289,0.028704433
row_042110,0.6835025
row_008419,0.496967
row_018756,0.09821322
row_048760,0.5851362
row_038888,0.12734804
row_036604,0.9943047
row_028830,0.99913067
row_009115,0.31041834
row_043317,0.0002632707
row_019553,0.029897694
row_028821,0.001760267
row_015033,0.059519973
row_042318,0.00011520275
row_037955,0.21029462
row_031532,0.3315418
row_001882,0.12229173
row_041243,0.009504073
row_009588,0.011073544
row_032469,0.9987218
row_037948,0.0042180247
row_043845,0.0094508
row_017546,0.0005715594
row_048131,0.104897365
row_016844,0.064978756
row_039130,0.0952793
row_026302,0.57106435
row_033657,0.11154717
row_031303,0.93993473
row_046463,0.43247777
row_022952,0.018703442
row_013179,0.2130228
row_049679,0.0010841974
row_044109,0.93761027
row_015206,0.0041923625
row_008599,0.15785056
row_013963,0.00011513334
row_024874,0.058517244
row_022968,0.2956139
row_036084,0.02477959
row_038912,0.08705553
row_027315,0.9056083
row_027997,0.00036999767
row_010753,0.050595377
row_028846,0.8444403
row_012014,0.6797638
row_038939,0.13539879
row_013670,0.0017337541
row_021729,0.0026257706
row_046132,0.061557926
row_041762,0.03755425
row_014729,0.005820379
row_002768,0.011968601
row_012278,0.13636541
row_041570,0.13559613
row_015388,0.024085464
row_048651,0.043810148
row_038411,0.58823174
row_032708,0.026954794
row_012184,0.5387816
row_035344,0.6558612
row_040770,0.67257077
row_036092,0.009469396
row_047308,0.2594175
row_021187,0.86031157
row_031616,0.021139357
row_046985,0.5354547
row_004868,0.011144654
row_023689,0.12903856
row_018280,0.27262068
row_010041,0.012218326
row_007975,0.2602036
row_004280,0.045054916
row_023527,0.20551367
row_005384,0.0442293
row_049116,0.003861575
row_036268,0.1285337
row_041380,0.0077046426
row_036025,0.005553371
row_006288,0.12241978
row_003005,0.84290737
row_010569,0.29479474
row_007276,0.1144005
row_013900,0.0005379505
row_034976,0.03741049
row_037681,0.011954958
row_020012,0.99992204
row_032729,0.117686264
row_022122,0.14455737
row_018794,0.0024080172
row_007864,0.008110093
row_008463,0.0033140383
row_026514,0.9981223
row_037744,0.0011437442
row_020664,0.026539385
row_019161,0.025070388
row_036676,0.4004924
row_048239,0.0014976171
row_017833,0.003942387
row_049194,0.07276103
row_027222,0.009514802
row_036930,0.40348056
row_035701,0.060096722
row_019443,0.0069278926
row_010265,0.004193802
row_018466,0.029446186
row_015793,0.0027688527
row_038388,0.45349425
row_028966,0.6169545
row_029551,0.0002456019
row_031029,0.09696176
row_019244,0.005342706
row_027206,0.022629723
row_000086,0.62333286
row_013898,0.002094177
row_040490,0.9832064
row_029156,0.15955496
row_012151,0.17744868
row_022139,0.9114942
row_040795,0.010810781
row_004830,0.121709414
row_001939,0.02042012
row_036276,0.090346925
row_001053,0.51727927
row_004783,0.22593471
row_012976,0.9388264
row_009076,0.053778943
row_032905,0.9704891
row_000059,0.055453543
row_041535,0.285485
row_040842,0.050936047
row_033886,0.03231327
row_005309,0.41247967
row_040320,0.021600358
row_037305,0.4088827
row_038604,0.022740074
row_011495,0.9888771
row_013621,0.93317056
row_004781,0.1580506
row_016391,0.030813493
row_049796,0.2491663
row_031279,0.046329997
row_013843,0.00039187176
row_033704,0.015875565
row_018139,0.46453103
row_034447,0.057307266
row_035697,0.029311411
row_036618,0.0034905558
row_005949,0.00070363976
row_023329,0.09809065
row_038405,0.91543365
row_034568,0.19694786
row_048322,0.030565465
row_001701,0.16841902
row_042608,0.8841253
row_007829,0.19450732
row_022728,0.27768305
row_049880,0.0009478195
row_033308,0.14941473
row_029590,0.110271
row_013056,0.027220177
row_004814,0.0009233131
row_020877,0.0003884192
row_049862,0.0017626673
row_008273,0.00083449326
row_019868,0.0075123124
row_048519,0.028999375
row_012025,0.4145186
row_014812,0.99895954
row_031942,0.11026262
row_020115,0.012224076
row_015552,0.08802942
row_031915,0.04426515
row_015775,0.019471135
row_033452,0.0041451254
row_018432,0.003476922
row_027141,0.026601732
row_035725,0.00069598714
row_045264,0.0050734715
row_033148,0.081031874
row_027752,0.19456784
row_008291,0.0005832554
row_027034,0.00033723158
row_009892,0.0010011457
row_002459,0.4883535
row_039448,0.034312975
row_008033,0.3613546
row_021874,0.06005107
row_036521,0.03358569
row_001289,0.0040055937
row_011227,0.93119967
row_013959,0.01873205
row_006173,0.008394346
row_046069,0.25354975
row_035825,0.00093199103
row_048772,0.0001990751
row_031201,0.00427971
row_010810,0.92682135
row_033625,0.3718275
row_036002,0.010285617
row_027463,0.5844435
row_011359,0.5554623
row_007197,0.020665936
row_030699,0.060856212
row_036290,0.012341087
row_031969,0.01620383
row_040236,0.15001313
row_047198,0.9094102
row_014823,0.00042352083
row_016008,0.10614472
row_017829,0.06399166
row_026137,0.075180516
row_038066,0.045336265
row_027547,0.00013572758
row_021269,0.019829044
row_001605,0.001979645
row_027424,0.008493407
row_001129,0.047145445
row_021629,0.44188702
row_020228,0.04124311
row_004483,0.03228498
row_038016,0.33600053
row_031124,0.120834365
row_019024,0.0021458308
row_029400,0.006883725
row_002800,0.02631886
row_026539,0.03074114
row_040036,0.38947168
row_003713,0.024854125
row_008272,0.0171994
row_000031,0.006585637
row_011479,0.13894755
row_003742,0.3994181
row_049416,0.040747695
row_009666,0.9985531
row_045941,0.07865559
row_005591,0.34845504
row_049855,0.0014546376
row_021704,0.525234
row_010954,0.017751183
row_001240,0.17148286
row_013399,0.0058025485
row_002735,0.22309245
row_043256,0.23284917
row_016106,0.9927891
row_004819,0.019692065
row_010973,0.88907224
row_001236,0.900428
row_008007,0.0015658381
row_016806,0.02365022
row_016472,0.99893457
row_007611,0.018421926
row_023249,0.024727143
row_024558,0.02035558
row_043920,0.0020327247
row_036360,0.013341432
row_044498,0.0010767694
row_026074,0.011663956
row_006386,0.18001543
row_044762,0.41847435
row_048787,0.064389765
row_047162,0.94842696
row_000353,0.45127487
row_025375,0.8686097
row_041609,0.017822227
row_046260,0.1813409
row_049718,0.007840065
row_006336,0.004138753
row_031530,0.025615
row_045573,0.7481692
row_043646,0.9452043
row_020133,0.7683917
row_029234,0.7315422
row_027341,0.009752733
row_046734,0.0019634892
row_032398,0.34213293
row_048639,0.010676529
row_043078,0.3166877
row_037137,0.048265655
row_046662,0.00037584573
row_017866,0.05695428
row_001614,0.6341826
row_005687,0.55149865
row_036738,0.036115177
row_035471,0.33323097
row_019067,0.20917678
row_011742,0.0072572106
row_000605,0.97683734
row_021426,0.0017826775
row_046947,0.97370005
row_032907,0.24185167
row_026915,0.010533672
row_049970,0.813724
row_032464,0.0041636257
row_024477,0.24743854
row_028019,0.15032625
row_016659,0.30107597
row_010571,0.006710439
row_028743,0.0021054868
row_013117,0.9984756
row_006942,0.14743483
row_035721,0.43982646
row_015883,0.56952363
row_008324,0.8555573
row_034880,0.86284804
row_041532,0.9948777
row_008269,0.7494765
row_049476,0.0604613
row_023891,0.3703772
row_013258,0.052413575
row_043745,0.023840932
row_031318,0.53753537
row_015751,0.0020994332
row_029316,0.05284428
row_000936,0.007134103
row_029750,0.008456063
row_015716,0.010822052
row_044722,0.28037143
row_030463,0.0035223905
row_031980,0.1342174
row_022245,0.89566344
row_038668,0.017053245
row_044823,0.9376521
row_035998,0.006840288
row_018425,0.07089621
row_046291,0.11962027
row_036574,0.00044290107
row_036320,0.4810425
row_017110,0.7087612
row_025173,0.7855593
row_049407,0.36909384
