id,target
row_007104,0.3591455710505079
row_006043,0.012476639221337427
row_007861,0.0115573334780269
row_047137,0.026908582100389603
row_010138,0.06158286836304328
row_023073,0.007196991882889722
row_035683,0.505628290874559
row_022781,0.20274653239301987
row_009191,0.002349506223712397
row_032489,0.22884160957739824
row_015546,0.043567123904984004
row_004831,0.011847870156369254
row_049662,0.30032148960034144
row_002801,0.011552636935982229
row_018161,0.4196608049824431
row_027564,0.05874617493984091
row_022650,0.9995130033232631
row_022115,0.09430839277362624
row_045437,0.02851135436453811
row_022832,0.003693469928427653
row_048862,0.03171500449210303
row_014485,0.0010780624596786021
row_036301,0.0008123505056281443
row_043639,0.012809770893589829
row_010817,0.2317332342008637
row_022126,0.09449340372952474
row_010880,0.0292864014499421
row_012312,0.9767871780532343
row_005242,0.9583795287965199
row_027006,0.0022084285011778186
row_045606,0.41574279650296764
row_008741,0.5008090679757304
row_020854,0.14779475826274593
row_030178,0.0034911548673107117
row_046981,0.004845163078467915
row_025209,0.7094041175893017
row_024462,0.8806087339834747
row_017511,0.0023730617809593142
row_041636,0.0017949511976477713
row_013812,0.7452752279130769
row_005663,0.12111382756694009
row_005356,0.008006296555732647
row_029800,0.002595184452438352
row_049910,0.004555438795637088
row_018548,0.0012329014285544359
row_000642,0.8083798217032601
row_030807,0.02524976793433241
row_024854,0.7777893948662816
row_002522,0.007720856510898203
row_002142,0.1270765899933639
row_012057,0.3310307261308346
row_040457,0.037380434194218416
row_049293,0.4725615811745039
row_023111,0.9995551507937557
row_005843,0.03496452304203706
row_049938,0.3486749200172266
row_014835,0.2674797318369905
row_016185,0.07731146378262549
row_007562,0.787180009387439
row_036421,0.009835398098721625
row_026147,0.006245542103362488
row_045442,0.10363516961242512
row_004975,0.03550333709950067
row_029879,0.18616277090651245
row_006837,0.002189567933374463
row_000327,0.00011405354533021176
row_016161,0.0012314882508577332
row_013068,0.03923219111036092
row_044235,0.011300112910134554
row_044023,0.0011814120713865416
row_044257,0.9202633899663476
row_042302,0.4105964571144712
row_008684,0.0513501517354115
row_030783,0.30600209543302287
row_009255,0.002002408410074019
row_044451,0.15723603851587029
row_039440,0.06594719432793297
row_024100,0.4934059062943048
row_033299,0.11188842021321535
row_038958,0.025393974687981956
row_029612,0.6598640429818956
row_045755,0.8626957617538318
row_010657,0.24733832512288054
row_003539,0.9742728445838148
row_009953,0.7427940588688939
row_000094,0.0069906020373999515
row_000672,0.6628080265456364
row_048074,0.9838535761806326
row_006680,0.9943047028045087
row_024446,0.05384183930629248
row_031985,0.014591195901018669
row_012887,0.005421629623482162
row_012454,0.001448280576802566
row_021921,0.11517479217007877
row_009619,0.10110598441752626
row_023309,0.001657967473943194
row_031495,0.004319119891546418
row_003688,0.9399001146172566
row_009085,0.011129685370616958
row_020302,0.002921917236958758
row_000946,0.6003273834183438
row_045447,0.36543342290516095
row_038036,0.11560508645704164
row_014204,0.9999494838022779
row_049040,0.006137531713181794
row_019373,0.005039900062507899
row_018205,0.40210929511763754
row_003364,0.13093435532909475
row_037797,0.10117458893694564
row_037037,0.997266610575859
row_027438,0.19483391038798997
row_031650,0.9997335547854844
row_028962,0.0001855473908261366
row_035130,0.009459540434345548
row_007831,0.14221755490078603
row_027355,0.9139856810852165
row_022063,0.27003855688815825
row_031708,0.40437653388150707
row_042602,0.6783835369243728
row_038963,0.7451464286237803
row_021513,0.02883990717650848
row_002471,0.8766011678170041
row_025835,0.043919174127559274
row_031662,0.029153275718173593
row_048592,0.604648051038029
row_013935,0.3386142249386054
row_002281,0.3398978783369205
row_000862,0.03880245243697777
row_033695,0.000696326005133682
row_030694,0.10694320400605185
row_010034,0.012080160767872595
row_002009,0.03354289249411475
row_004645,0.28904554733681376
row_034313,0.48013718795588767
row_017791,0.0008003100606834562
row_040624,0.8793833203993462
row_013860,0.010304305515883244
row_036127,0.006314015658735801
row_038664,0.36009551495493247
row_018594,0.009984187032259475
row_008921,0.004120825584895033
row_015833,0.2891781157860637
row_020932,0.21355462051165783
row_034995,0.01726567900274615
row_005860,0.7162021989267199
row_010064,0.5536552566257036
row_046230,0.08866773255500995
row_021398,0.003115558542180833
row_028710,0.3465396481318127
row_011454,0.004125821838797238
row_036435,0.03796015809794454
row_028518,0.0013041910132775077
row_030796,0.0007170594707070505
row_032541,0.10955378396233516
row_039766,0.1730862973994867
row_020421,0.006493023282952954
row_039862,0.9525943450928723
row_035359,0.00033237522678524194
row_007202,0.10322069890171194
row_034121,0.011677932057452104
row_002483,0.0052878596745488966
row_031221,0.03009099482468956
row_023730,0.0005509639375789164
row_018283,0.010796930955606483
row_047132,0.22440916979757908
row_021594,0.41396670298778915
row_018809,0.132464181597246
row_026910,0.011735749261936285
row_026041,0.6720813415651598
row_032340,0.06155777007815315
row_020980,0.12345053538704867
row_048279,0.94504320691387
row_002913,0.011956954741124633
row_025818,0.9922070805645952
row_000333,0.029347381809251855
row_042882,0.7078944595247413
row_007509,0.22684995070145425
row_019691,0.3929361623211371
row_043901,0.016639619436146863
row_033900,0.06458689512790794
row_026186,0.011919605729227681
row_014454,0.0010909825861138197
row_036765,0.02921595722896681
row_005322,0.01446231486258743
row_034332,0.951256636614159
row_013289,0.04862615271744499
row_011493,0.0042763876955080405
row_036925,0.0008306959408606695
row_022186,0.014841375346763306
row_022961,0.6874929016148787
row_030951,0.11511518726105022
row_029339,0.029624322053527215
row_027191,0.8568605959521399
row_006484,0.9909870278917772
row_039211,0.006827561457178611
row_040580,0.1499933822907424
row_038856,0.14431458445944917
row_015352,0.004778945954311883
row_008338,0.14415110038203782
row_005673,0.030045553729063892
row_022474,0.06512092534399042
row_032677,0.7352628106915796
row_037470,0.015968384557763116
row_018228,0.04238114275691003
row_017346,0.12065057713803537
row_014844,0.01237444634969208
row_047809,0.00406570690632784
row_006851,0.8859545692447547
row_034791,0.04228992158173924
row_047794,0.28975458341717275
row_001489,0.8688196835823625
row_022739,0.015056308203495707
row_016475,0.018404897254868977
row_002137,0.00678610668729313
row_035031,0.03945299686044904
row_042932,0.003687632863840495
row_033060,0.040743221128678814
row_041599,0.9768416276950364
row_000077,0.1405868208704314
row_048042,0.0037484485999809553
row_005393,0.06141506467231628
row_007965,0.05293431717622676
row_009803,0.0031843220947741727
row_045740,0.04493552057440838
row_037117,0.019337007313838424
row_019829,0.3328777412885732
row_045303,0.12040357434290949
row_023525,0.6327496251893319
row_041621,0.001602435431049345
row_011494,0.0307566320466551
row_000858,0.9011717358466871
row_025819,0.016958543693304115
row_034889,0.043099981558712516
row_005263,0.011940491387871566
row_009489,0.023105878611081744
row_013714,0.11903483614972854
row_001709,0.12894061450514294
row_009382,0.002734692541159296
row_037165,0.09644445953986439
row_021184,0.3260341559656735
row_036560,0.05098865630422505
row_034905,0.09066295078743038
row_030859,0.08537909958660658
row_041797,0.0009537643996877787
row_021506,0.7038516189115934
row_008113,0.023752452899473944
row_028511,0.10201531226732678
row_020515,0.04864295104240537
row_038246,0.05299615166258015
row_005027,0.00273288935714936
row_034760,0.006174354238464296
row_029069,0.0011908205987562657
row_001910,0.13747462894657195
row_026625,0.0018423613078420802
row_036095,0.002048167893646918
row_021845,0.14295757954675936
row_046668,0.017200830775499613
row_029761,0.0019816063564593845
row_038584,0.20454070956001302
row_006579,0.3028558863895055
row_031629,0.5136656416148182
row_046809,0.021313900510286986
row_027851,0.008001027270784259
row_027069,0.4446417694452058
row_014929,0.07502583988103799
row_002531,0.026909588702784447
row_037886,0.32993696671102185
row_006061,0.9678516690261955
row_023649,0.10468714026407712
row_006760,0.4231452492765795
row_025931,0.01791730414265013
row_047446,0.021331777946537844
row_028176,0.0023593520673510127
row_010155,0.3955439094837268
row_048699,0.15859619237626338
row_019808,0.9996360995710152
row_035427,0.057333896799703424
row_042393,0.10438789264481999
row_042780,0.9979188737585264
row_012204,0.5415753904275931
row_000988,0.00010413871011873744
row_014632,0.13946814552024858
row_031595,0.8984410740676448
row_047286,0.14377266430851585
row_010945,0.0009316850451361428
row_043547,0.8635960429060671
row_025575,0.04571956427293028
row_037025,0.8596169900639938
row_040523,0.0027429466898769776
row_005466,0.03766150857053877
row_041746,0.0011869106383467379
row_007675,0.14781491070328512
row_037622,0.0041392016582747085
row_015117,0.6525628190246869
row_017507,0.0005633601221635829
row_033412,0.005029347085876175
row_033997,0.03419156245141039
row_048144,0.0003557852020691459
row_007359,0.0027325225068462163
row_013232,0.3798902545547443
row_004587,0.07842235139434071
row_032920,0.4883305103187799
row_015444,0.9147698539923681
row_013624,0.006030927499865377
row_016353,0.001983360970024756
row_013627,0.037040512810597954
row_024071,0.007697903756858978
row_025959,0.009954860898552555
row_003423,0.2135801145773626
row_016473,0.979025994921593
row_046377,0.126395820694904
row_037692,0.022744838746189665
row_035108,0.015044667968297343
row_010998,0.9084276852889164
row_008695,0.9315864925117663
row_009473,0.018079866847619825
row_021650,0.02792773485236897
row_032908,0.21848585707634752
row_025402,0.9465523101000478
row_031534,0.3851276970142555
row_002781,0.03861132694804785
row_035233,0.029612853709768527
row_038710,0.08518891177692771
row_002313,0.0236485486847318
row_013960,0.7861356353711129
row_043341,0.5910443284240731
row_012280,0.0007659838302488764
row_037592,0.025217197206975125
row_002534,0.0015815970981445924
row_049860,0.04770912500364293
row_013037,0.21442121692150387
row_034537,0.00030427499221200813
row_027665,0.025586545423719083
row_040718,0.0003370887485029148
row_024664,0.014382705186379212
row_010574,0.44047030299263024
row_023215,0.030407847447050648
row_047807,0.009914476139898593
row_003716,0.00023839830492365188
row_000474,0.023924502122624446
row_032960,0.04811942452876594
row_037746,0.03255003348393234
row_000669,0.04042208412524121
row_039326,0.9818580132369721
row_047452,0.0075864922220038695
row_007187,0.9870946560949094
row_007612,0.002416391229929732
row_044616,0.7499003043750657
row_009701,0.10236510677634561
row_014987,0.4956743359392849
row_022038,0.002214916363370873
row_037908,0.21883289159828653
row_020556,0.24146548607719528
row_028480,0.00032126097158286394
row_042641,0.17452423463580435
row_043627,0.05764043229897276
row_016110,0.009583015793052775
row_027856,0.0011939369831615756
row_028129,0.012461378652123054
row_031665,0.17386408747144885
row_013275,0.014761076464180137
row_015588,0.3091217331791056
row_046675,0.11098576539076228
row_027967,0.9301580811446101
row_032566,0.07407023474885517
row_015436,0.0945904113748592
row_017852,0.14836205527869256
row_022039,0.9014784953131797
row_035800,0.042158616516123924
row_005492,0.16754948783168663
row_048068,0.9272269615252329
row_008984,0.5957384293580213
row_032357,0.6665047798121573
row_043984,0.0030540050934833776
row_042859,0.3096946037100607
row_017821,0.13616425660008902
row_005020,0.00955518624414542
row_016139,0.16898802312250133
row_031095,0.16945305495258378
row_043822,0.5667433808452258
row_010863,0.020959353425184894
row_048551,0.007158022804653465
row_041957,0.8581157358654445
row_044517,0.03327637809079991
row_031172,0.011264901394434089
row_048947,0.6658599295382863
row_044487,0.029328281691119923
row_001153,0.00036631421945790624
row_024832,0.22749600577010937
row_013249,0.1946841499745893
row_002799,0.12556955461668803
row_049522,0.3662395814024037
row_037750,0.2302051438019465
row_010778,0.37792494936483795
row_004000,0.0036416624393191305
row_024026,0.0815254223579297
row_003469,0.5581094503942727
row_035930,0.06397353578044342
row_048079,0.0004954002291272688
row_015535,0.1370878725014648
row_000295,0.025147579071658797
row_001257,0.018486975714855625
row_022893,0.8397883687654163
row_015771,0.03810107706382045
row_017583,0.014928575207577005
row_019471,0.701399441948428
row_018249,0.6042061540237591
row_019836,0.018678706831404348
row_027671,0.025225767254745964
row_000475,0.002353126287333369
row_033135,0.2427757312876658
row_003580,0.21241654992039635
row_032567,0.06974948608908044
row_029939,0.014908347169618771
row_020811,0.22167723004923237
row_035494,0.011041004952842841
row_015568,0.7772701533395069
row_033898,0.9790055884234967
row_017395,0.024724212622178682
row_016215,0.0587092918832197
row_048969,0.09297584170983716
row_011892,0.8008118700009613
row_048036,0.11164517373154338
row_017525,0.26943634632991587
row_021798,0.0008201157266830163
row_002944,0.002890551995497652
row_015651,0.20711218571883144
row_013395,0.664376004022167
row_017697,0.33469890369419847
row_029186,0.00451937078087578
row_018595,0.9999122422562475
row_026902,0.03609919862239341
row_004838,0.5447551999171469
row_003543,0.00867001541231965
row_045477,0.01465453926337368
row_021725,0.0032869808718738614
row_048133,0.7656325601829017
row_005101,0.41575316945966456
row_009584,0.04544660501016542
row_019063,0.014412796958749627
row_022488,0.0011338734636586615
row_038295,0.009394642828027454
row_024545,0.10282601066628055
row_027753,0.010776401170304662
row_001887,0.011067930958810084
row_008651,0.021853379790436573
row_045111,0.060174999448020454
row_046879,0.8431767221616314
row_033225,0.0036822885097542828
row_045911,0.02465290636474527
row_013789,0.056662844599966705
row_010220,0.19162200898062437
row_025845,0.5092613617174226
row_030509,0.18488769067813515
row_020941,0.006268838888624265
row_049328,0.21930977596216014
row_034984,0.7437367586584527
row_029867,0.9161218404409471
row_016846,0.13170535310746223
row_005649,0.1508409692818211
row_000721,0.17435733574217196
row_021562,0.04978756330020119
row_044212,0.13528843694134846
row_026953,0.09088456281408237
row_043284,0.014316425010477791
row_043697,0.5359655580744674
row_046797,0.022245392011753656
row_032413,0.004686400195057879
row_047848,0.10441604611938042
row_011079,0.05667176889486127
row_028663,0.30771720470908576
row_047053,0.12037062219871393
row_020582,0.04756457131263552
row_029342,0.039272464395649825
row_049048,0.6778410854433993
row_022957,0.11787573892955108
row_008070,0.8408297539647828
row_001127,0.19252735736029475
row_005135,0.1906494231849498
row_001841,0.8145616294079272
row_011515,0.06922327021057935
row_004327,0.019574812506807853
row_031316,0.09212556384143476
row_005129,0.5135413960453897
row_031721,0.0008879571403699366
row_022143,0.13655246753303665
row_007333,0.993302806805609
row_032291,0.07078976005527507
row_019687,0.026296868328328112
row_038551,0.0005173490397501875
row_015438,0.037045913634724675
row_009783,0.00826160521007436
row_031822,0.15009086779743816
row_006423,0.004730681662064273
row_009524,0.1843343769586032
row_038773,0.002086748532941395
row_019549,7.922970217120982e-05
row_044333,0.023977879901156695
row_034859,0.004802758261622854
row_035763,0.037388845831155856
row_029814,0.06167835905032333
row_037505,0.00033105173180899167
row_049207,0.028018866422138675
row_002553,0.008819927346115404
row_034410,0.0003087730425827227
row_016684,0.16444700764696374
row_029544,0.24516065221719358
row_033291,0.1512205267040099
row_015040,0.011256349271834984
row_012111,0.9871630265576148
row_017268,0.0018014535118231279
row_021987,0.036374130680975315
row_014563,0.016161084308617804
row_029286,0.3669427566386657
row_012944,0.10832059179352761
row_046907,0.9788772567402179
row_000269,0.08125855652453695
row_018685,0.029158025951347297
row_021735,0.4661388117012127
row_015054,0.016600271464755737
row_024323,0.045735298134000534
row_017465,0.9554380724471685
row_014900,0.0017272288658239673
row_032068,0.0027840273019655304
row_021234,0.34617995380795197
row_004732,0.9932364879980567
row_006547,0.07410743124025511
row_027257,0.025393061703489456
row_046836,0.06251099516428302
row_027944,0.2742529417536307
row_048711,0.1843062108282032
row_034283,0.01799919347146287
row_030899,0.2407480461387223
row_009675,0.026374484768520622
row_034924,0.7229114165811352
row_009369,0.003363443097358354
row_041126,0.9984693746360661
row_006028,0.21034668033489515
row_016317,0.10648202688449447
row_044944,0.007218923501387034
row_028148,0.14543542593125733
row_007860,0.025886395021347323
row_001863,0.12545166863496904
row_025123,0.46423563334419254
row_023242,0.3108014847999416
row_018305,0.8812194274596248
row_024609,0.7982462878867203
row_048543,0.0069618636913700025
row_007182,0.06703057179429667
row_004550,0.04125209669361104
row_035782,0.08210559449356308
row_041396,0.10766599006425055
row_015705,0.4832817475744116
row_001604,0.08493812601079107
row_037520,0.004978936694358866
row_025276,0.009529995947940142
row_040697,0.005028556303968224
row_048035,0.5616601802547042
row_026574,0.05734590774154468
row_016822,0.8036463411536954
row_013454,0.2045087890128054
row_018768,0.010998761877062054
row_049215,0.09428661542011958
row_038124,0.04059618188313621
row_021044,0.0003812527487455861
row_001378,0.2525696903527567
row_010016,6.233490352345087e-05
row_019101,0.9579383901694113
row_047253,0.006301268679675178
row_029463,0.13348588938751726
row_035521,0.5544872322053082
row_042078,0.0017419776061312069
row_011400,0.33041120504076676
row_004262,0.0020995318546057963
row_030971,0.7588040732666052
row_001633,0.011383348854423731
row_030758,0.005570210318233138
row_045233,0.0006226787434774302
row_040313,0.11062837963795849
row_007463,0.0016956242593150236
row_043056,0.6009229616444527
row_035259,0.13382066852328905
row_026591,0.4388687630978263
row_034382,0.07843028344759075
row_044928,0.7346045041431873
row_007795,0.18608526296714062
row_026526,0.12731795952044517
row_037842,0.011981222121755447
row_023839,0.003929214784901495
row_007588,0.004768002869525898
row_003613,0.0024780486318751265
row_032694,0.0022396428180441936
row_024397,0.027765036771921534
row_021606,0.10195617468221832
row_019234,0.07965400067988793
row_035868,0.020784413591143164
row_005640,0.8743955912909034
row_035016,0.04080006684380883
row_024378,0.003433679721506558
row_027817,0.003041791683771321
row_022385,0.007470830373494373
row_038494,0.173376392999113
row_020733,0.206844955503683
row_015114,0.027497455952498397
row_036459,0.0030774270940477433
row_001344,0.02942390536767906
row_009994,0.012465506019227706
row_023150,0.0242200428046791
row_026597,0.7899473178289317
row_011071,0.004039655130994664
row_019411,0.09085857404588978
row_033463,0.0021133961509020357
row_015600,0.0005776059316857396
row_035343,0.004071983197962814
row_023522,0.09901355185513776
row_004051,0.3572983214379203
row_012590,0.0005595930917661126
row_025161,0.16238477831696926
row_010360,0.28825981934623435
row_048046,0.12141611787985368
row_012459,0.2493287409748041
row_018543,0.17536397019545616
row_030068,0.008383619788281385
row_027171,0.003064471103404911
row_028054,0.0037889744268349438
row_036177,0.0034298529733365964
row_047176,0.4792069612417399
row_042875,0.04037165530118842
row_027084,0.47746827936015285
row_029472,0.7892243651792068
row_007748,0.05823011808100087
row_041626,0.23928395130110275
row_016980,0.841289199225532
row_021636,0.002570525037551905
row_040529,0.657030817690684
row_020528,0.9846491693555603
row_023122,0.012055475194880915
row_014543,0.9856791335709472
row_032658,0.3994909787652842
row_032100,0.0852087168961854
row_026265,0.28003045191658266
row_008797,0.3857688915271542
row_016972,0.0007034812542726479
row_017364,0.5683044470522757
row_043535,0.005754075206583031
row_022806,0.5974390761999494
row_019674,0.8756329665914669
row_019269,0.10056845224803766
row_047639,0.8138011898255336
row_009407,0.1432012857796773
row_030257,0.3070748494498767
row_028408,0.0009336922010176817
row_031160,0.7076655352980237
row_003607,0.024565009601395002
row_017977,0.0003884199308685412
row_004534,0.0011822846788624509
row_023444,0.014939166136359159
row_012778,0.000180279211465701
row_048446,0.635355091442218
row_032700,0.0005643746955528071
row_014176,0.1791276794944524
row_031753,0.16501381425825623
row_026692,0.2091275943683871
row_045750,0.528781097751957
row_016075,0.5046220594299097
row_045155,0.5076315283117624
row_016572,0.15284381079696166
row_029736,0.18715519208548045
row_000137,0.0014349823495582665
row_018532,0.0036416575193803126
row_000956,0.8375908013552433
row_004874,0.058797332839835806
row_018059,0.07082135398196893
row_012440,0.9936152255561997
row_028826,0.0012884672457304503
row_037488,0.07758723145560897
row_035423,0.23528444501985757
row_013291,0.004201756975114406
row_037801,0.001576974099786192
row_046853,0.017671156235795075
row_032201,0.0032069874747631464
row_043734,0.0014546903364177578
row_030070,0.5099099208728217
row_014953,0.6789586132200487
row_006520,0.8935191275413376
row_021894,0.18342153443371556
row_004720,0.018576357211485588
row_022465,0.014087531350294247
row_018209,0.872220490350331
row_017183,0.10222724879721455
row_027988,0.6753215666944463
row_022295,0.005504037840490178
row_037925,0.10029079522616292
row_010227,0.9173303078629822
row_048641,0.009975296084752939
row_042554,0.1749399327042311
row_025349,0.8112851919769936
row_046768,0.0807254888940621
row_039670,0.0007972821623765116
row_007384,0.0046807517052488345
row_007424,0.007847174667481601
row_021717,0.008009189110072437
row_047331,0.0001859345910464617
row_032212,0.5760174607391224
row_036456,0.003287148079503902
row_011845,0.48385813910677805
row_027192,0.3014291066665644
row_046993,0.002387313672938155
row_042829,0.058480613042354294
row_025204,0.28020765950438703
row_047985,0.00045728972119093005
row_026206,0.04228926174992768
row_033218,0.011005812975221303
row_002942,0.02844818472050191
row_033622,0.9351274225571691
row_020662,0.21286797801887006
row_014786,0.3070989347754053
row_016133,0.05566370930685943
row_005369,0.7478201789995003
row_003980,0.3280610450411728
row_037766,0.4226295993353397
row_024124,0.02522499129185161
row_042102,0.07274881989397752
row_029016,0.027807111904128615
row_013410,0.02024355646590736
row_008936,0.778111432169329
row_016649,0.002420188474115902
row_012478,0.29322405060781903
row_013189,0.0033866928492175042
row_036661,4.0855066328445036e-05
row_015129,0.054536809964461634
row_010082,0.09103502075855863
row_047041,0.09163461491275846
row_001248,0.001367855158707824
row_049173,0.5790434709735713
row_036810,0.9666606817455065
row_036920,0.054649462616271814
row_017902,0.005326644311154163
row_014511,0.08557462123293226
row_038631,0.18507859599670207
row_045107,0.021831230362691707
row_003566,0.9518303895862638
row_013314,0.17265437758589133
row_018355,0.30720504691169204
row_010426,0.9186270473124689
row_011738,0.003930472061166581
row_013268,0.058675021423879294
row_004694,0.5828284903842419
row_041278,0.10261324367870232
row_037731,0.06119956517627765
row_030362,0.3308760677445693
row_040426,0.09151691037184138
row_048034,0.009677781980756748
row_032376,0.0008072790751232223
row_021042,0.005356089628593402
row_002445,0.4425838266900401
row_009370,0.21173582606812186
row_046314,0.0560179589884463
row_049133,0.7017673263220667
row_038152,0.26149743140472936
row_025593,0.9989522974079521
row_046409,0.023527486395420738
row_039466,0.5563004671551164
row_037679,0.002516942376999282
row_032706,0.002123088987359124
row_049428,0.003512573771598326
row_028859,0.8781897727452445
row_000579,0.01904778628595558
row_030402,0.0007098307669102114
row_012802,0.11971033909076075
row_009201,0.12497534102358221
row_037773,0.00681075718159878
row_005015,0.4334966649956529
row_016074,0.7521835038588089
row_011807,0.562201948801245
row_035425,0.743893679568626
row_016328,0.07414005159527115
row_039215,0.18178148987009235
row_004710,0.9297838870053254
row_033386,0.14971450076728307
row_012306,0.0968398581645017
row_016255,0.0022287090581148
row_007650,0.009099763390501009
row_015313,5.1115442378662044e-05
row_021473,0.9207888133790892
row_018680,0.8813292538530818
row_028533,0.9121347289579937
row_019961,0.14269497197834247
row_029868,0.008285469203997253
row_046089,0.08171589226910113
row_013248,0.00368815125202971
row_023001,0.04842269866092715
row_004495,0.25765226276206793
row_024623,0.03196992136338401
row_001515,0.04384611036012365
row_043129,0.08537906634265191
row_024414,0.029873459023418366
row_038522,0.06130996820468551
row_010620,0.12156467602122262
row_000890,0.005125289948707895
row_029263,0.5155913413231342
row_046635,0.03961810243240739
row_034581,0.14450004041783762
row_021901,0.3490664652136681
row_016595,0.5959558352881505
row_012553,0.014342945708510716
row_009729,0.16246238250054687
row_006118,0.8595216906707073
row_028316,0.10307266191691662
row_003303,0.04983549121619518
row_039152,0.3922055573942988
row_030021,0.001891552707133381
row_049130,0.004264521724469442
row_001373,0.7986479805094461
row_019268,0.9639487760711407
row_025639,0.024218417574238434
row_002234,0.7802655561991231
row_022868,0.1018524268831291
row_048684,0.0064285604074729484
row_005004,0.00897932008882697
row_046440,0.15845655647282622
row_033843,0.2948596562612757
row_029149,0.9998697327034697
row_006544,0.013207021444931586
row_010704,0.0026291255682934097
row_046410,0.02026454323323566
row_025837,0.28932363705259556
row_029027,0.3346447767617328
row_029664,0.8537307486043629
row_027262,0.6299124126314553
row_008768,0.9843936130085189
row_032372,0.36038048711760595
row_017990,0.9944467839271884
row_010234,0.33314211282561323
row_026830,0.9988961007749042
row_046512,0.06292771578079086
row_049143,0.9967078406892249
row_023153,0.06136152064798907
row_029262,0.4369240855464428
row_037189,0.623195558464897
row_042966,0.000914122198567219
row_046453,0.4111042376910742
row_006397,5.989141771618706e-05
row_021103,0.07540352491641068
row_023784,0.08613065668976114
row_015251,0.0027692029607933673
row_027188,0.014756498492434598
row_032657,0.0024772279318679763
row_036639,0.5053666332200828
row_007093,0.9554566725249639
row_013620,0.008355735619631958
row_040234,0.23954788848738454
row_040292,0.002306896937291509
row_016476,0.1353431681026251
row_009744,0.7863730809111631
row_042286,0.032198545624386975
row_025995,0.5998234255615167
row_038220,0.3881890345393203
row_019860,0.8983045213816298
row_044295,0.0862784783138029
row_046024,0.33930191377780833
row_048344,0.6386135268609727
row_022697,0.6784731828827804
row_036520,0.3392031256762083
row_047914,0.01218852350499785
row_043148,0.01391062652528112
row_016124,0.010379016271828181
row_039699,0.005993187490793904
row_025210,0.0003162180326674128
row_004373,0.25676287225798966
row_008030,0.0010471323693858686
row_026307,0.08266063540418256
row_021733,0.008334522078158638
row_040172,0.08394036667896439
row_008778,0.9914011458765762
row_002806,0.0073965500753271594
row_049764,0.01627919942428307
row_031396,0.01560221922666094
row_017849,0.26297326886811273
row_007163,7.934597780935778e-05
row_031782,0.19589790084093545
row_039471,0.010900561916072858
row_026766,0.1330354070912751
row_014133,0.0007771200584326599
row_000654,0.8323162160319404
row_037718,0.551422441687251
row_011598,0.0018094282400907774
row_031444,0.10528134454842472
row_015142,0.008167431977712608
row_022930,0.3267960983605363
row_009387,0.15005275113756344
row_039745,0.0014319398214913807
row_017495,0.2113394622799161
row_036298,0.018857150280767548
row_035777,0.0008126204725775698
row_042344,0.9450452007017192
row_029390,0.11202913757860616
row_034554,0.3227142144933241
row_031996,0.8766401090050762
row_016457,0.011562064518572212
row_003215,0.3249675911958805
row_014971,0.06118678082481274
row_021242,0.7130514642749642
row_004286,0.188282321532028
row_044971,0.162748655304344
row_043892,0.002795664277191422
row_027028,0.12486660525197339
row_038389,0.0014693613644392084
row_000690,0.20347548556961356
row_027981,0.9590493539563416
row_013507,0.24274229411542708
row_033377,0.0032098730078977252
row_029978,9.367880412909383e-05
row_000013,0.007958756617515944
row_032515,0.0027840002951446657
row_026870,0.03983605748283756
row_027828,0.028003350746486067
row_046625,0.31366726431762854
row_016245,0.9995159425745402
row_020676,0.026771683174304468
row_020105,0.02008152314554238
row_006992,0.9139839995644566
row_010383,0.10464447021487246
row_038731,0.010924087279071047
row_013628,0.007829081616600295
row_021100,0.018515381341172223
row_042487,0.32648328957187
row_041700,0.05481488773926349
row_013965,0.005794575625252001
row_045519,0.18656731684278202
row_035502,0.31375637759935276
row_048770,0.03621304390669773
row_013486,0.2121781841772396
row_042404,0.02431914516690311
row_015498,0.963382695465933
row_018628,0.02616747195894115
row_017359,0.09702867712490604
row_011202,0.4712265531436168
row_019480,0.9930195248784939
row_048101,0.0006686832842973588
row_027533,0.4181520587150967
row_045427,0.5568966670593756
row_023311,0.06493771199381485
row_031374,0.007154063931456398
row_010259,0.5877961273507258
row_024465,0.003096079202335256
row_001325,0.014807139782096372
row_008004,0.008630797074238286
row_025564,0.7215003492392723
row_044035,0.08713416903530123
row_044482,0.04540196667093383
row_010961,0.3990451063305447
row_005151,0.15426525985798148
row_002572,0.00018265827820667337
row_010453,0.2460423240510764
row_015042,0.25746244558529335
row_021140,0.0020755780099560705
row_017696,0.9937296893865827
row_024922,0.8608788972856519
row_034133,0.27770235868935644
row_042946,0.015423271043323389
row_017930,0.08303676154530461
row_008745,0.9991290756024177
row_030832,0.06668493976543728
row_025318,0.038767802642735126
row_001613,0.078611936916669
row_041771,0.1794034678447758
row_037748,0.001475091751881714
row_025477,0.0005133824216448096
row_029496,0.020866162178855636
row_010743,0.005504996579807231
row_005421,0.3443749994487467
row_018846,0.01958747685430358
row_030206,0.6172189899298021
row_036178,0.010959746166126487
row_043462,0.0011086795191935913
row_025618,0.03716073747994255
row_023313,0.47192101518949087
row_018584,0.07321577038556358
row_032077,0.0125571027951542
row_012407,0.3114468758575877
row_038593,0.041870804474490604
row_046554,0.006747689713727979
row_010686,0.03237835711924273
row_037057,0.10572480348724923
row_033642,0.031727203721538644
row_046109,0.18768751176542262
row_022413,0.014092270178842896
row_048726,0.0042272019462056346
row_044968,0.9827721628096573
row_033637,0.792967501402673
row_045940,0.028884098605003662
row_035940,0.04540564927872147
row_033101,0.008304869052838249
row_026083,0.3005577779963844
row_019080,0.24835955403708918
row_018819,0.0020907170797849458
row_036615,0.07730973658026837
row_007208,0.7708057331224065
row_048855,0.8191802703944081
row_029678,0.0027083020777668946
row_048492,0.6630190256053535
row_019700,0.33651410565405115
row_000503,0.018193217073162144
row_042925,0.27190182575490823
row_047815,0.021871993308618998
row_035803,0.552710286595937
row_047744,0.26018140282644614
row_045844,0.008465412652036881
row_005091,0.26536852063362737
row_037604,0.3852620461114453
row_049450,0.8294725370052907
row_045531,0.8740446963356896
row_048680,0.00900458663725045
row_014965,0.4890232464611871
row_035986,0.035768916183884676
row_020525,0.0029205203659170035
row_027079,0.49396958058071927
row_037178,0.8146020487169685
row_005937,0.37077840165909187
row_036266,0.00387637587837076
row_012076,0.010764857552525495
row_035597,0.0006101581766696307
row_008305,0.0002866096923509747
row_018082,0.00200619761368465
row_006523,0.003345001125566894
row_030095,0.7906091705455159
row_019564,0.1608743732214543
row_037480,0.9349201916327025
row_027826,0.25457590119951157
row_041465,0.3362001084369818
row_038017,0.6827720728728187
row_016785,0.008322562725298454
row_035892,0.09171477218017311
row_030970,0.1328506452696968
row_018423,0.07818022623978384
row_046658,0.11895946165289926
row_033564,0.9960062861361689
row_045088,0.9699807678686805
row_001112,0.2781299099326735
row_033899,0.0018083939553605844
row_014854,0.11713933846934917
row_033089,0.011383945102906037
row_026502,0.5785538719878849
row_045612,0.22453419927515503
row_010400,0.21277979366265218
row_030871,0.526499177036448
row_025206,0.23187881439175934
row_020678,0.015538841423752671
row_025471,0.01989718897278559
row_037059,0.05510369153578318
row_002200,0.1791276121283334
row_019505,0.029456189129080757
row_013616,0.265070146449038
row_000371,0.2925189643090816
row_046220,0.0228359097695244
row_015293,0.022098362551845226
row_028473,0.04396578646396082
row_023653,0.02692631293798163
row_024010,0.0008514415499671527
row_020788,0.0444331192898773
row_014780,0.09737749084921005
row_031027,0.4206767619405938
row_032949,0.7796136149953553
row_038804,0.0115806792683561
row_002744,0.02989354770075344
row_000388,0.8990484924724327
row_036154,0.9793918506378099
row_012455,0.002993993935210169
row_003459,0.18118489300921192
row_035207,0.0007222586273739866
row_019088,0.6366603496212174
row_001888,0.4998392130794587
row_025342,0.000707685956773433
row_006237,4.9571050581795897e-05
row_005081,0.9482540540407451
row_027874,0.01679360070972715
row_040096,0.0015657950415602989
row_039897,0.018385300589229096
row_039015,0.7556364866583096
row_014197,0.09076776685055227
row_030002,0.07091819047699928
row_027886,0.018500281108611634
row_035276,0.7089941697576888
row_016019,0.027346834596821724
row_011563,0.0013623344638770672
row_021006,0.3242782231276449
row_026001,0.006609780039371494
row_024400,0.061643722381829
row_008758,0.018283759412751923
row_020974,0.00024213317303497194
row_009048,0.010311171079064079
row_025891,0.25475782230073596
row_045589,0.07691506105973776
row_012480,0.011748861393221214
row_035843,0.027521099629166924
row_015937,0.001667126793298205
row_026308,0.014701373446174464
row_043110,0.020337227966415194
row_048786,0.013515547872751447
row_009649,0.10505387679749885
row_027497,0.003954362893882437
row_009777,0.005523924157762627
row_000193,0.016581533558309575
row_041648,0.5179369335540305
row_027818,0.010850516411272125
row_007573,0.0006206597318080586
row_025783,0.2307525475478893
row_009912,0.012170778854121603
row_040921,0.040695321718113
row_018151,0.46277701381166336
row_040090,0.046475947287744075
row_024995,0.3674952581630957
row_000822,0.04719240845217228
row_001388,0.0006279130933915963
row_023180,0.07550508995079269
row_003243,0.8641053463064793
row_031226,0.007634631431014049
row_047418,0.1652630235638873
row_016909,0.0018537913093306913
row_049350,0.06035912755376522
row_030912,0.3330819785151612
row_001858,0.29753058202481264
row_031975,0.0024542935432195784
row_025261,0.0004522894353985462
row_008029,0.026676647376004316
row_017989,0.007813795067329963
row_026578,0.021881158127209435
row_014044,0.027061054771205323
row_028608,0.024275799283209828
row_035660,0.07254706129698421
row_033406,0.007627759007755698
row_044909,0.004658104563298013
row_043061,0.8510947770455184
row_015052,0.06416895139347428
row_035690,0.0032737847000140537
row_011381,0.087143312919158
row_011971,0.199019177347431
row_004078,0.08285270237119954
row_042045,0.001804375819329683
row_021978,0.037964580315558084
row_039612,0.8407285210295544
row_015123,0.00026699633582132114
row_039260,0.0045481438388971975
row_007313,0.0007594473662835417
row_033153,0.6671061185750047
row_027875,0.15782701706147
row_030522,0.004564840345791987
row_028767,0.0013693918010081441
row_014561,0.0744562205142336
row_044480,0.3382225561093035
row_040848,0.19176800303761748
row_013040,0.833161405017521
row_001044,0.9957768704999499
row_003018,0.26431532011865105
row_000201,0.06981669208903789
row_026010,0.0061197788594742
row_015564,0.0010779885130666159
row_014935,0.0023536740553996905
row_042237,0.0021662309778922007
row_014816,0.2941963436193747
row_034457,0.014327749605371701
row_008511,0.0011490307493037981
row_006928,0.11836842478441315
row_011110,0.039574830361057925
row_037853,0.16706004975391855
row_013559,0.7038760899438035
row_027333,0.007450335732887879
row_011123,0.23740304772012036
row_040979,0.9529971520062284
row_039373,0.0014038160674252143
row_049680,0.14458959014577757
row_046059,0.2512256065895795
row_006607,0.02416040936200874
row_012112,0.07460823262830761
row_008488,0.11214799460522616
row_032134,0.0772006281579142
row_017787,0.4360350329615342
row_041156,0.6505852619414617
row_023674,0.11103337813657213
row_033008,0.005868248869566668
row_032573,0.9956843117751576
row_029291,0.3312817989498895
row_043367,0.019068911346647458
row_037196,0.1987488275189321
row_009020,0.10248132698902189
row_010351,0.11788735671383334
row_005078,0.003448436701072649
row_008562,0.3621019834527824
row_040353,0.08576752033157328
row_045164,0.012639697728121894
row_015053,0.0019802334482868964
row_000733,0.9262409768370374
row_013943,0.086430426365526
row_009240,0.11476503519449704
row_020767,0.899936793070433
row_037896,0.0071483414272760695
row_018671,0.003547961783452415
row_021461,0.0018078484841828897
row_048270,0.3117709251527489
row_022742,0.0027793595370987872
row_028359,0.9773528387811506
row_049110,0.007481494393688877
row_046831,0.002240543082782407
row_010904,0.0025161339066573085
row_030157,0.904007233972644
row_001676,0.09745274902836623
row_049986,0.11429803370269226
row_026180,0.05626575381900305
row_016796,0.5611038362938048
row_006249,0.02035331073010277
row_030436,0.3781341629056416
row_013259,0.030783128157597206
row_047770,0.013486616825630621
row_031846,0.022767127884970876
row_045195,0.6425777918230553
row_030164,0.017226352402936327
row_023968,0.007605097068036214
row_035231,0.013694899067079153
row_019064,0.15304802247070542
row_017770,0.8381416742149876
row_024330,0.2043909605402036
row_039608,0.013246661086652178
row_017610,0.8452410181276128
row_048128,0.09596159571494134
row_016456,0.006677323856537453
row_049456,0.9329034190273889
row_017669,0.09211339546083454
row_040301,0.07421470299169795
row_043487,0.0025413163190112272
row_009928,0.0021457011397204738
row_015007,0.18857246520332083
row_042040,0.001664185317663469
row_018534,0.084982955861889
row_049971,0.656249101255681
row_028124,0.8350820231656674
row_018206,0.005437117790275761
row_015113,0.02353713224836123
row_001899,0.8956442527063873
row_047434,0.509138896385729
row_018538,0.05430512554112057
row_043851,0.06019837068481781
row_045724,0.19891904762268273
row_019601,0.8159031532248898
row_039173,0.9906542316665934
row_037951,0.8373413198425717
row_040636,0.10791763023322173
row_001673,0.005484448515061795
row_004869,0.002708287576372905
row_045850,0.4584401023444081
row_021810,0.17587903651557657
row_042709,0.8647458376752977
row_001545,0.06633486752044034
row_048562,0.03367370990520506
row_013680,0.7723392036617636
row_048585,0.13644617891666552
row_002477,0.044134464821687515
row_024513,0.07680703272564303
row_026542,0.7051230547624279
row_023703,0.18371930330762273
row_009241,0.12675822043234175
row_019416,0.2197651752383991
row_034371,0.058722648698396766
row_029210,0.16133248345581494
row_014345,0.8228550825316101
row_020926,0.01916249222075255
row_007957,0.00041964601538362013
row_012327,0.4748142896108
row_002276,0.01986814239131506
row_014314,0.7584716678145477
row_018442,0.017367377907779896
row_041539,0.5563986803445226
row_020856,0.09788540774014018
row_048360,0.001453157437034435
row_025768,0.06081022816432926
row_027632,0.10216367758886818
row_028648,0.0017834444730047264
row_010279,0.04675579517473453
row_048269,0.9269778978210288
row_016900,0.013896508458434874
row_017306,0.29318730299883744
row_027655,0.8156179215712641
row_005944,0.017218622512618027
row_003797,0.35130011858609367
row_043633,0.15545576223618537
row_038481,0.7332063654172775
row_047127,0.11217401050143441
row_036697,0.4595066699270909
row_011965,0.5366729742900631
row_034216,0.0047974914516429835
row_049895,0.03490419957512975
row_028635,0.17379934136207922
row_048918,0.8105312427017106
row_022827,0.9925368127981222
row_048658,0.21572705512121285
row_004214,0.8783460489227095
row_039288,0.23587604346391638
row_039621,0.1585187649096844
row_011709,0.000599899260693861
row_022080,0.00014629872320317917
row_047604,0.2686417930227222
row_009189,0.40270350463828086
row_022672,0.06800800200236265
row_025787,0.09082606077360755
row_023095,0.17858682894865577
row_019060,0.020101764382854156
row_043360,0.9861637584765103
row_043907,0.00027266490472428094
row_029392,0.3685462135332714
row_018785,0.00478490027176433
row_022263,0.8587192611754652
row_013171,0.1611970905353879
row_025148,0.011871546486381394
row_048263,0.18816858739791378
row_004899,0.9923191816841133
row_045165,0.005888015723064795
row_032259,0.030940783630784053
row_025346,0.0493755543433942
row_035292,0.05562036564005957
row_022625,0.0047169739892204635
row_005067,0.18348142178563728
row_034728,0.012857390122491652
row_035781,0.05243386561912663
row_021164,0.02605908259107551
row_042738,0.024521416728434754
row_004388,0.8106971193053611
row_049922,0.38417508025005626
row_032306,0.008986393579226874
row_035977,0.015075290222049675
row_015688,0.023905487776320376
row_038097,0.22882638302566602
row_041711,0.9969297543037363
row_043366,0.004324535811992275
row_034561,0.9518089101247484
row_003589,0.16732422274304218
row_027446,0.8092432393256499
row_007723,0.06472688817966789
row_042092,0.2458174351167714
row_009270,0.4398657407825739
row_034774,0.06758365829900738
row_034018,0.0402041243723714
row_022467,0.31184725098040517
row_019654,0.10664440576782945
row_048798,0.040853521134073804
row_036768,0.10430728329995553
row_018633,0.07398130198045402
row_012771,0.8839576468029273
row_024245,0.695721012039213
row_005656,0.1866743599350513
row_008847,0.0031548550462514057
row_026396,0.538767719645435
row_035753,0.22439080905302342
row_004200,0.14518587552765216
row_034577,0.36376832171141443
row_024642,0.1060420600295653
row_039293,0.28330084137539663
row_035020,0.039487805226736304
row_021896,0.012373839355317799
row_036194,0.2170131121590234
row_014210,0.05875226177753224
row_019623,0.6655929280457838
row_042715,0.13383056277023744
row_012081,0.00014383033658028224
row_017096,0.0035188300788324095
row_048408,0.8826387878376222
row_025315,0.007933531927746849
row_002499,0.06565991327870427
row_025567,0.9602311335152067
row_043313,0.5830341616931197
row_009765,0.5367020087921924
row_010232,0.08882602964797018
row_027793,0.06288851926614858
row_025096,0.004706675162171041
row_042614,0.6951835984178026
row_042569,0.18724760597238796
row_029993,0.0018608407164606598
row_002643,0.06228048791759479
row_003438,0.9664801888504568
row_006025,0.0028461545936096697
row_016550,0.0012119051682690184
row_007167,0.04580508876422612
row_009721,0.03447798693395708
row_024021,0.033688019978151594
row_043599,0.2968662903989445
row_034587,0.9700863917013615
row_014899,0.13556734368016615
row_042322,0.2602437665534071
row_045454,0.030700076333720773
row_013006,0.8290621280940257
row_048176,0.009903067718537337
row_000467,0.0014468386868017125
row_004342,0.03496587748307742
row_048700,0.38522493683223663
row_048628,0.5599416197486704
row_013048,0.3525560215393443
row_018388,0.020182562154524297
row_038536,0.5652811945763608
row_024816,0.003020741189710929
row_023030,0.15709257674732718
row_043425,0.7297626130500063
row_024723,0.003251159913119474
row_015739,0.03942551364101183
row_028740,0.01562096547695242
row_019660,0.11896639824283708
row_029231,0.04088938233431977
row_047966,0.17126017099718424
row_047312,0.08734300604886576
row_036300,0.04584974777170003
row_002710,0.02587304125542353
row_012243,0.0012474052046555569
row_023962,0.049752508739916816
row_008753,0.24924811225422552
row_036234,0.7649145477657209
row_046826,0.27763246112892914
row_031489,0.02840248597262474
row_035925,0.06912850456768375
row_027458,0.09114586205432965
row_015343,0.04235276951224977
row_003586,0.6287754228337836
row_022173,0.0003223900648659199
row_019371,0.01509877465386383
row_002186,0.5667895805100452
row_020931,0.7197066146443347
row_033870,0.11639398322016022
row_014674,0.8521843446068843
row_030019,0.8721515897913079
row_020359,0.6591935593799204
row_046147,0.47741662937954776
row_036284,0.004475762145159639
row_038313,0.956571154379765
row_010370,0.0027552328297855465
row_005941,0.23237333892871695
row_001762,0.9757333197988215
row_009298,0.1985626523024453
row_039249,0.041918917918348515
row_003298,0.0011462867151810305
row_044153,0.009250683382425597
row_037336,0.8414660644866511
row_031882,0.8659993744899706
row_004222,0.26354386866218327
row_015203,0.9476470784911232
row_004229,0.003407049416845218
row_031518,0.10607544201400199
row_016701,0.3251916982072397
row_036469,0.017347472771131047
row_023805,0.0016531466017012059
row_041940,0.1392892220797244
row_045627,0.24020587306518396
row_027702,0.05032438725083805
row_031340,0.41109803239143605
row_031828,0.14552122742591164
row_044466,0.0010182453995317452
row_044905,0.011497269453886998
row_028382,0.0027213006156101283
row_030623,0.02642736538078868
row_021190,0.005248281210099506
row_007053,0.03709385866802132
row_017574,0.9361009744095868
row_013425,0.23733688896440017
row_007459,0.38876184994123886
row_047756,0.019838822025200882
row_031257,0.01968682313063376
row_008358,0.5026668264797912
row_025300,0.11272569186624905
row_013582,0.10303470954878864
row_047146,0.009985954122100042
row_039223,0.06267770540551638
row_013339,0.7440663150832434
row_034269,0.019803127180659262
row_022490,0.0007098509200991651
row_025387,0.24936115131635572
row_034259,0.7321573512953438
row_025163,0.08579894861031577
row_016592,0.022461605444209855
row_013471,0.0835560249615096
row_024687,0.048093567236251245
row_014938,0.6532142714677982
row_042461,0.08863141197798335
row_047958,0.04268543082706803
row_006852,0.8749263131450402
row_031417,0.7200291832110631
row_018711,0.9905770565005713
row_029714,0.6989579363277681
row_048063,0.9919127927750938
row_044384,0.06724064016580848
row_004564,0.00044820485105158745
row_011003,0.0001668790748548587
row_006276,0.031926622599532
row_014350,0.005470039874221628
row_018914,0.0023199280695989527
row_008715,0.2126386993543376
row_034557,0.0018521219211356027
row_011790,0.01997400578485613
row_026896,0.0019911262042672335
row_046267,0.037677718429423836
row_030537,0.336293373457847
row_013795,0.011368745352811793
row_008942,0.034147793868226424
row_044587,0.010482198739081084
row_036935,0.007875278158777286
row_029416,0.8744594957180382
row_002218,0.885725434265962
row_005714,0.08070558969627002
row_038508,0.05439769730740168
row_048536,0.0014641260261699408
row_038976,0.01348679243723497
row_007879,0.8596604659656331
row_029765,0.946421483721995
row_028271,0.15067731532061013
row_000992,0.21344676652017847
row_020027,0.3173576464879955
row_014601,0.03797200084016154
row_036890,0.06522028125173257
row_006995,0.6816496164039934
row_022462,0.012146958903755953
row_015191,0.9965463018107634
row_043725,0.015170663451244116
row_047825,0.4918982075924716
row_009320,0.014783256465692944
row_030585,0.00655244619097538
row_031872,0.009863978279838393
row_044501,0.22549848544146614
row_031540,0.08653305368679312
row_031878,0.03182811951548401
row_038659,0.040720932881176175
row_017097,0.005481782925587052
row_044009,0.20896324107103248
row_006325,0.0027641653519490284
row_011890,0.9873930304046566
row_006284,0.040107847796612923
row_007911,0.8700680456330585
row_035779,0.20703934584061615
row_001726,0.028033121973846522
row_044819,0.4651313122565675
row_047738,0.010958565865399532
row_024765,0.3519779889672646
row_036493,0.3134053683686785
row_038569,0.08576673023612814
row_036499,0.9886496000432484
row_016755,0.0010379358983417283
row_015365,0.4312270334584824
row_018083,0.060233739445894476
row_004591,0.004322432220268115
row_009961,0.722471869537741
row_032408,0.999976358344397
row_014628,0.4472640088206715
row_012755,0.005481320419663725
row_012983,0.0007887862472543489
row_008359,0.009878503291185085
row_000714,0.06125729191209428
row_031365,0.5261683722725585
row_038171,0.0016922964854642448
row_046330,0.24595435284944758
row_012842,0.26565769682477225
row_007348,0.41089400824254696
row_036984,0.006486959923761401
row_044365,0.07586259818937449
row_006029,0.00871040293115789
row_037852,0.04768282817911247
row_013328,0.8712540357768691
row_045172,0.003851793597013751
row_000443,0.8954207220610438
row_047456,0.18275566637197718
row_032530,0.021717529189280237
row_032225,0.028035039225292654
row_006936,0.13277871392821636
row_007135,0.0006844791988371728
row_007914,0.013804904167188528
row_020936,0.9693187879620576
row_049863,0.00282644182137045
row_048922,0.9580411869356114
row_045022,0.3087688218508332
row_001021,0.0003111794810147032
row_006027,0.3563566762723435
row_024511,0.035198088510776666
row_016386,0.010835282058055184
row_004614,0.04111231828732768
row_044695,0.095516479406462
row_007572,0.05318900771968455
row_003707,0.06913862857521658
row_004642,0.4037522216932938
row_048840,0.928341287574116
row_010126,0.01837618289682035
row_040174,0.16774519415620917
row_030735,0.7417835029351864
row_029237,0.0914353246861901
row_029806,0.05062543506556907
row_027537,0.0035934055331449475
row_043595,0.2167767477743952
row_038454,0.014773714790643717
row_003362,0.009005656155361304
row_047471,0.6667217017042885
row_038300,0.007564636970687649
row_016031,0.02408287990912255
row_017838,0.5624827908183658
row_018748,0.06124734441215869
row_007070,0.32460536686863845
row_007775,0.0010520854345582858
row_045819,0.012652434617880317
row_030956,0.9998439904384903
row_002453,0.8610741171060478
row_016101,0.0001635762036750412
row_003234,0.01318905072395336
row_023004,0.8844402491861798
row_006487,0.0168166768252349
row_039206,0.1324651635832994
row_047774,0.8824758335011067
row_049925,0.18626158268602527
row_015703,0.005414028234782158
row_014843,0.201315902737345
row_010890,0.007825339877432214
row_024717,0.3926038267624315
row_002725,0.018742880329878014
row_003475,0.2641113301168036
row_010380,0.023713483998449244
row_045439,0.012209214331561863
row_011497,0.09161398408154152
row_004523,0.5202577456708273
row_014406,0.9645392442000946
row_019200,0.30407651121408813
row_044052,0.07561575656440243
row_042289,0.27033411700025994
row_003409,0.9947438084278286
row_015130,0.19530309322336778
row_030999,0.3950083211135601
row_009947,0.004592378993572542
row_028893,0.9992308306202372
row_037987,0.09920319479579882
row_048115,0.005508243189914302
row_008981,0.008435995754191074
row_017463,0.49081446438790394
row_049448,0.20251309813611615
row_002651,0.0149312469820985
row_043999,0.007341080908033887
row_042081,0.01615118065079846
row_021163,0.059787997496844866
row_031111,0.025107605132369766
row_015247,0.505557941007827
row_048622,0.5357628918987952
row_018921,0.021522146136555103
row_039377,0.6493638649971583
row_041263,0.004438609744511294
row_018694,0.5173670301045817
row_008384,0.0683141728821048
row_015188,0.004946053488207128
row_006369,0.026807906530315152
row_045079,0.061080516693314914
row_013184,0.5869037193649325
row_020551,0.0331608316654197
row_015050,0.07671224372006855
row_048153,0.8898923885699138
row_047587,0.07538822279241815
row_015039,0.9951761113621802
row_037194,0.0031670681822264807
row_038767,0.03139231463249755
row_034202,0.05170449770250083
row_046737,0.9422695846616091
row_011124,0.4687187041568828
row_041708,0.5014641747321731
row_040350,0.023112358097829966
row_004896,0.9569211186449931
row_021721,0.022174405985015903
row_016129,0.150427119898181
row_028194,0.06065775052029801
row_025073,0.016250091449140226
row_009846,0.0020768366060950143
row_025104,0.007561522614562918
row_049677,0.9905675396600636
row_034601,0.004660979524402102
row_045274,0.11356234664815101
row_005022,0.265768870744329
row_047511,0.017992477964350304
row_007413,0.8270398499089185
row_042093,0.001166382565581502
row_014459,0.0009692295790824341
row_030188,0.02347758279148641
row_015167,0.10414204113649402
row_018959,0.0164926733739713
row_042893,0.0032260363839163807
row_041412,0.1396402287360901
row_041175,0.0053686071676388985
row_042708,0.0047557112625208385
row_006168,0.2845529909028834
row_018831,0.07746693661899857
row_008194,8.039782290776151e-05
row_003730,0.7931701573879218
row_003861,0.02552194940416554
row_038805,0.9446335089488117
row_019323,0.026933761387639796
row_037657,0.016469385056023658
row_036910,0.014644876881340644
row_028790,0.8061155565179833
row_019319,0.0023877830460212793
row_044994,0.0008168882051937087
row_041592,0.9742657882306703
row_047551,0.052780541082244205
row_031241,0.00012611916234346677
row_001499,0.07544494460914312
row_047928,0.011165952732487943
row_010088,0.9165597635022753
row_045501,0.0715417301204951
row_035042,0.33459513964721765
row_038741,0.9820955231809012
row_022646,0.026730349652476608
row_026851,0.026109507843511848
row_030697,0.05403256586654898
row_007780,0.9237340622348917
row_003146,0.9983024541665102
row_023753,0.3467432017856384
row_028536,0.973978550587864
row_042480,0.00962854186007368
row_039692,0.7509962589638303
row_018687,0.019651258425419274
row_031055,0.6603792911065627
row_031012,0.04640349007234276
row_042342,0.38069047939895456
row_021181,0.03463165191832451
row_048243,0.21619221346149645
row_027110,0.03850850828769441
row_017145,0.007881939244862706
row_013136,0.02360314229988037
row_044147,0.8817672759925024
row_000633,0.07381837868591558
row_017188,0.013907562915906876
row_028819,0.009779361735590084
row_023247,0.36913528978987387
row_047123,0.0032354570890103314
row_038901,0.03909953839643659
row_007766,0.015793850516727343
row_014607,0.09252311806441543
row_006510,0.8716160802770938
row_021020,0.11350522244858943
row_018899,0.016620633259650144
row_003437,0.022628572966144102
row_020855,0.012773234590287843
row_007696,0.03484139180017977
row_020561,0.09608555547568096
row_042655,0.5218290398441099
row_036939,0.004550962280218315
row_002322,0.9723535876640488
row_048851,0.9929929783973088
row_034891,0.014722736067413946
row_025972,0.24630727119500692
row_038865,0.025131712275743758
row_005609,0.012728488308993481
row_029432,0.012269239805435012
row_019500,0.014792755933199548
row_034747,0.9162791072048825
row_043770,0.013223214942813947
row_018260,0.4676453492839062
row_045099,0.15367023198852917
row_045974,0.02536630390611226
row_045835,0.029070373318818243
row_021413,0.6575423135788196
row_049701,0.00502439061360034
row_024469,0.29024272167025966
row_017549,0.8299212878300911
row_029323,0.29920207251822595
row_034815,0.23619351890269136
row_004396,0.9711925473511
row_008848,0.3387087503384272
row_033604,0.07932696664333873
row_042003,0.0022035116747564087
row_049008,0.00247954662669071
row_038406,0.4523242287085293
row_036225,0.00020017527959822267
row_008191,0.988643777054726
row_006726,0.16385757947812443
row_005308,0.003927279418550964
row_000821,0.2132180249196594
row_011366,0.022273911279203272
row_016052,0.6208448665881381
row_024695,0.028451280415858104
row_035972,0.49170460673570987
row_024492,0.1268662571665751
row_002961,0.06565115521609893
row_033032,0.0005253614305526645
row_044456,0.024444152882110166
row_003170,0.039118538277082296
row_006089,0.026815850001078487
row_017728,0.023965972975179297
row_039221,0.30519981661850726
row_034314,0.07510798409913459
row_005750,0.7926700923063003
row_002628,0.047912617912730576
row_039464,0.1755803361613559
row_025005,0.5378945517529526
row_023611,0.30426076769136834
row_047690,0.2620422884258999
row_026393,0.7244599750706285
row_025584,0.0793156868785847
row_034540,0.012698832527418416
row_001730,0.12762567393291346
row_011129,0.15721447041881828
row_009853,0.004373834079915274
row_015303,0.24071056733132512
row_032318,0.8668408098966827
row_003753,0.17339158006628583
row_021359,0.00027244892876780117
row_012497,0.017944279254817095
row_013096,0.029350787788482068
row_025308,0.06382100957093326
row_021930,0.0332641954532005
row_021815,0.6514275516227709
row_010692,0.35944599784177417
row_021937,0.9993260814367734
row_019150,0.18103989009642493
row_030005,0.012389538644189686
row_015559,0.4942483263768161
row_048254,0.0002368723994984334
row_001249,0.1261034643755058
row_031864,0.0014397641937915968
row_010645,0.009819324807499037
row_016809,0.0009361141129590738
row_030536,0.011436978849040267
row_035534,0.031038040003888177
row_015086,0.018033434227597723
row_010435,0.09063612564941352
row_024560,0.3689568763955632
row_011364,0.009209539399889
row_026043,0.003537278540066118
row_044427,0.014393294465897061
row_038988,0.9277458400815988
row_000248,0.9959145255368261
row_023632,0.009254346625680952
row_037760,0.12033793913098441
row_048557,0.06984399036474254
row_024732,0.006419238112375664
row_035435,0.03066730769390568
row_038955,0.1254383025857392
row_043716,0.03149747170957458
row_002544,0.2858581524272559
row_002086,0.013825239278774644
row_041155,0.05861586663949399
row_024294,0.10227387072965903
row_020038,0.03499446891939485
row_042969,0.7877264819852363
row_010664,0.22920798911582912
row_008739,0.7656026214520152
row_013482,0.07978254005324197
row_026440,0.8879054746170632
row_013445,0.04014027036015278
row_022484,0.006070628693848821
row_019185,0.0022615843198001188
row_013554,0.08279379657343316
row_024843,0.8205117116695595
row_023436,0.04737471423970211
row_013194,0.024512497739505777
row_045089,0.0377510324524253
row_024595,0.4425819531109243
row_048411,0.8199588478224691
row_003036,0.005224451137255451
row_047530,0.04493056813616784
row_032435,0.007680357646986641
row_016919,0.04463319678973039
row_041154,0.23502678889416043
row_000762,0.0014857465340493343
row_021327,0.009015651815109644
row_047367,0.010014891835104508
row_037968,0.012700764364743117
row_013450,0.9999033432660773
row_022433,0.014701719756694494
row_012830,0.3772915372094674
row_011967,0.02872217207050876
row_001596,0.998863320039401
row_019113,0.6226475033604992
row_003782,0.03076927605669403
row_015335,0.0009093184576061535
row_035382,0.0003252747275553933
row_033133,0.002882694212735635
row_013678,0.011111671058346637
row_043850,0.829883469285746
row_034818,0.8344131451725766
row_007422,0.006886748712164581
row_046058,0.10155014859795722
row_008922,0.02892365833618332
row_017152,0.45350157467370966
row_005541,0.09444116427525273
row_029204,0.07475861439141425
row_036957,0.4871708023968842
row_002385,0.017502114081560282
row_028270,0.04795110426678982
row_014580,0.9459823630303277
row_015028,0.021310868743324617
row_044476,0.05740626139114334
row_036261,0.053192745593967604
row_012403,0.7660388688529762
row_031336,0.012962903575344256
row_011604,0.01754481689577823
row_049319,0.06668533802834781
row_039720,0.01965338038610487
row_006508,0.015364672205297058
row_006298,0.16666474207324466
row_026468,0.9181017571218483
row_026573,0.0024102287282526096
row_039696,0.22452294091539815
row_048997,0.0009540652370709166
row_041879,0.8227625794304583
row_042892,0.8951893364908751
row_007894,0.20601057641271242
row_021627,0.0011098344812792147
row_013574,0.0035388544201220293
row_039876,0.014056329272043288
row_029314,0.00424083897179131
row_005812,0.12750715933517084
row_016192,0.6786695261647766
row_043438,0.05049122423999225
row_038697,0.02268327286600248
row_029770,0.48164727418347725
row_003988,0.003863635671936178
row_025117,0.007280018326042571
row_015931,0.010268670453456297
row_004144,0.0027004736603325505
row_004095,0.00012849918301296342
row_048471,0.00012233807816906358
row_046219,0.030425492092076588
row_041478,0.1384446459288911
row_020092,0.0027681452807438098
row_018972,0.14523206924952045
row_007410,0.0011218332057611753
row_038049,0.3638390735233904
row_046321,0.4818347007190946
row_027207,0.02219850588541413
row_016569,0.028046252884558018
row_000867,0.8648441504696708
row_038499,8.012136554060412e-05
row_034120,0.0005950132367760279
row_041515,0.007233584470016359
row_035035,0.012084112743881064
row_010207,0.012206938499763636
row_004227,0.010005909698366199
row_018792,0.6704164962481012
row_045774,0.46422014422174124
row_036511,0.11404057780425936
row_037550,0.14392871664679546
row_042713,0.744322694712755
row_022325,0.03580479644199071
row_002682,0.07316157071192908
row_026461,0.008914252145846189
row_017445,0.0027544848279576557
row_036026,0.14072140829264784
row_043601,0.006679117813393222
row_041085,0.6227766029838092
row_008949,0.007532392241124311
row_041839,0.15742242465923667
row_014807,0.9341989275964895
row_000827,0.012944618585510796
row_028634,0.004787648114802401
row_025983,0.002560578661127474
row_001306,0.19289890986794936
row_002465,0.03164250442922789
row_003599,0.012222896368602208
row_028779,0.08663033551964272
row_026185,0.02485014800516096
row_047370,0.02845423318070187
row_012603,0.05396636064961801
row_004502,0.37491474012509896
row_033914,0.1504275507148047
row_036977,0.9757316761468193
row_008376,0.04912728841398381
row_043238,0.4204017694036691
row_043187,0.9776823496549413
row_033106,0.020428256810539978
row_027286,0.024407102633192124
row_034070,0.24243103966087756
row_024926,0.9955077540547886
row_048571,0.042120992528228166
row_015336,0.004958225830648038
row_016324,0.08117710564751095
row_002207,0.038464338257680204
row_026255,0.004274277356781232
row_032830,0.09112903586497337
row_034060,0.14374171113341375
row_000526,0.6405124228243796
row_019816,0.043679822761344016
row_048188,0.06764021274995041
row_022169,0.10739093459710687
row_001961,0.029937930065073542
row_020320,0.2363981863513719
row_007296,0.059409723633387035
row_036727,0.8471234643913186
row_021120,0.0017809609800521445
row_019761,0.006201442995254944
row_021091,0.20187273800656014
row_042509,0.0033305972103348223
row_006516,0.012394210371231545
row_015322,0.002154343039894136
row_011378,0.047192996358980964
row_000583,0.0017705011138332294
row_043259,0.015338017223899825
row_040710,0.00013153509020930694
row_002197,0.0003420397852260472
row_026125,0.4302760891969434
row_012686,0.10889899377300467
row_000175,0.07151139143009468
row_027876,0.00244130707505913
row_016357,0.003946521069169548
row_045488,0.007999370348610492
row_042939,0.03964374015086258
row_025363,0.0028910425151052383
row_045899,0.02543380629484584
row_037105,0.006733831412837666
row_031270,0.13660093642628374
row_014328,0.03408620363560026
row_030626,0.10727072956814004
row_031999,0.09197767301371651
row_034865,0.02929489012412379
row_035823,0.4860439121231985
row_035168,0.8235807006095184
row_024363,0.14403782215295663
row_008558,0.46294344845842517
row_046252,0.06093989754552024
row_015455,0.09792118591272686
row_013585,0.06575889950590273
row_041333,0.07803731152551245
row_048630,0.0014563954216314221
row_045651,0.0009806742120031715
row_027905,0.010507765670479478
row_002530,0.9989957623364372
row_021968,0.9899335270232548
row_040412,0.1341003562768712
row_001379,0.010854012403220302
row_016915,0.5915332039166129
row_020934,0.042083066666058856
row_043622,0.00042196580246442564
row_040856,0.0006260229812595794
row_007522,0.010228656814493718
row_018208,0.497000176141914
row_037721,0.026665538119939478
row_035861,0.7885447834554765
row_016455,0.01615369721717114
row_038279,0.8756220779226367
row_011794,0.692019884776237
row_011453,0.5506590828683628
row_047315,0.007671888368007441
row_000234,0.04005313218298251
row_023617,0.00035329815858120567
row_044149,0.9799735864094611
row_015125,0.020297797071966647
row_032233,0.005159479005553503
row_046272,0.017197015490126585
row_014381,0.23911549837636625
row_024271,0.021839207558927348
row_030930,0.2786061345605748
row_011195,0.07891829114855216
row_039765,0.14204004895864855
row_009475,0.2913269938941115
row_014945,0.0012411376560475694
row_002163,0.014848668758159406
row_006636,0.001033431721072608
row_005667,0.001332330220123917
row_016488,0.9996414280569385
row_041662,0.00783348181204032
row_041549,0.0038491175414092126
row_034934,0.03421333140253078
row_017853,0.0011847632504390253
row_002723,0.18476177129980204
row_033708,0.00026683093549761505
row_012036,0.01025521936891037
row_031868,0.8401790469545304
row_032033,0.5392383505433014
row_006087,0.00964086208627541
row_018241,0.0033318234171267843
row_036414,0.007826147676626545
row_028878,0.03913861838495703
row_034322,0.0053833450776727045
row_029046,0.9227306370979845
row_022980,0.8831055385270601
row_025495,0.10278608899429545
row_031510,0.05294214713758942
row_001712,0.0016202583460718871
row_038676,0.8798941439228276
row_015242,0.9563081040295693
row_039241,0.004929600580546839
row_016716,0.9938852637565578
row_034311,0.057896683724371026
row_034281,0.019909745825990883
row_009268,0.05123148942122477
row_024336,0.08057547047734152
row_034663,0.9261365954701726
row_001537,0.0012203723162659231
row_029111,0.0019987742904517282
row_019364,0.39255496677010165
row_045132,0.7916126984426808
row_003863,0.05884647977888238
row_026981,0.8144725790978931
row_028897,0.18619598710614807
row_001995,0.02655478976768997
row_026248,0.4714866211294944
row_037606,0.5745216169290089
row_043322,0.027786516878904502
row_007069,0.6094344905152422
row_039812,0.3855582426728075
row_001775,0.2864732922525893
row_012351,0.04186720381050479
row_004235,0.010945534576169888
row_019690,0.3510002999954821
row_000661,0.008933550599062312
row_049912,0.001793998826848393
row_003271,0.12749890968545421
row_047487,0.116783350592657
row_040552,0.03186157982629458
row_028659,0.603107387862749
row_017202,0.7872200334850883
row_039873,0.004201763831396243
row_014007,0.38705977690351734
row_034431,0.010830910393198724
row_017184,0.011429818858430627
row_018911,0.6098661885268695
row_026957,0.4439711507847484
row_005328,0.13203997682883337
row_034350,0.005868390023558784
row_015469,0.0010413928583196171
row_037131,0.7278310792078864
row_038827,0.003417151796318401
row_030152,0.0844077751130221
row_031458,0.008296113727216392
row_010470,0.9656397288674257
row_019940,0.997904360453345
row_009193,0.020502435566523352
row_032794,0.07482129117024335
row_028142,0.059793769261781406
row_009847,0.23567992508515004
row_024704,0.02150442887836857
row_014872,0.0018112339047232089
row_014972,0.06809138916957823
row_001651,0.0002586807363493532
row_018721,0.03183895462259897
row_043510,0.019547342160179292
row_033767,0.030720517338225797
row_045905,0.009157597952876824
row_034153,0.9995199105644995
row_033156,0.2780343499712862
row_016651,0.5817996458461071
row_028224,0.4288048204588297
row_000413,0.9307386972373545
row_000591,0.0004277865557816928
row_046828,0.006906849020691011
row_011050,0.020189946924844368
row_044103,0.012588383317053116
row_015732,0.03582508085974381
row_039426,0.3304098900469658
row_016614,0.0048184392785499035
row_043351,0.030318154291371562
row_003489,0.022489904712096002
row_022946,0.006521897277009299
row_022988,0.05893516854063123
row_023198,0.00033767660106438893
row_003004,0.19121177612005388
row_047562,0.16890878411841315
row_006624,0.0075286707571191715
row_015064,0.0354089625774059
row_002412,0.012260814076587332
row_025679,0.010878618587887369
row_026372,0.8146862846701125
row_037395,0.009809546006640425
row_002848,0.10630620074662059
row_016047,0.5354449578315825
row_006657,0.020362586113241616
row_036267,0.16334034100754533
row_025370,0.008879194455663429
row_014770,0.016003768903660807
row_007574,0.1695343425509681
row_038235,0.38660023764437323
row_025124,0.733441850649948
row_034114,0.19843802617310136
row_036651,0.1414666857349584
row_012675,0.006187424571090648
row_038800,0.0700366230160072
row_003561,0.18057408542903233
row_044890,0.06778592162575134
row_041703,0.01774372002850544
row_014640,0.54740533027531
row_013284,0.006264794268019837
row_000704,0.01975031052597827
row_010350,0.46352752226008676
row_034055,0.981820504741726
row_021418,0.1943533379622276
row_008491,0.016945021265737187
row_042610,0.9418538736805145
row_029451,0.038955691605539335
row_028702,0.46208162497381766
row_028514,0.023398639788465875
row_031452,0.937685685729681
row_007983,0.3450102070110804
row_019593,0.002121885963072795
row_021056,0.027044360424415857
row_032205,0.05235669857192613
row_010050,0.5654789909899867
row_048327,0.013883685576848681
row_025614,0.030468604630009277
row_033413,0.7706565227928532
row_008054,0.003684428036272948
row_007123,0.05939186538913553
row_043938,0.002643362177246615
row_029289,0.13618985236966072
row_035131,0.017813618470082882
row_039182,0.8838343963927893
row_004535,0.004846235801084457
row_021514,0.01593854881988268
row_014316,0.7039429923399545
row_039321,0.12321678451004794
row_047467,0.204422944856458
row_035623,0.9685579561133406
row_024123,0.03503522096388738
row_026973,0.010860648801322984
row_026847,0.5888872619476644
row_011426,0.637275856756043
row_000419,0.856633881855917
row_012757,0.2101905028057753
row_001728,0.0012214952092620135
row_017529,0.5190870601901489
row_013853,0.014902624199092062
row_043212,0.023663661440115433
row_014205,0.0046948767540429944
row_002021,0.030290073135504258
row_040834,0.0020720496149609978
row_007224,0.022423650589415707
row_039242,0.008909582315997344
row_048666,0.9382758524304777
row_019655,0.009599612130540431
row_007249,0.004891020567114335
row_042138,0.0025309955531075904
row_033420,0.24102897261170733
row_012839,0.9816210332663229
row_046868,0.060440677337581995
row_015640,0.7951058093685045
row_030744,0.0018300215712931758
row_039179,0.004011335283717374
row_022555,0.027851776521108016
row_031163,0.0009609674108521292
row_020428,0.019715601464134404
row_008594,0.06266782657275569
row_003553,0.018624203076658696
row_042995,0.02175871597129991
row_035529,0.40836696351733565
row_005810,0.8666402713062911
row_022719,0.6171990275008943
row_021761,0.06314507170322559
row_004412,0.3421663498930983
row_017985,0.06662858728474129
row_030602,0.03103508253612398
row_010181,0.06532221004634522
row_013101,0.05746295228090685
row_048816,0.7977664158182779
row_048566,0.2027277897733353
row_028628,0.9938261947287994
row_041684,0.00031072121604866504
row_012504,0.025553122263180798
row_044829,0.018139992380225903
row_038196,0.3735898593347282
row_041091,0.4184242534712963
row_010999,0.01539159954359572
row_043169,0.0027436612815932163
row_031152,0.0007532546279908182
row_026446,0.00207313358103841
row_009896,0.021056278752231393
row_008973,0.06474357519813356
row_000771,0.137037356577775
row_045675,0.23740266087856168
row_026647,0.2184090091966473
row_024784,0.011369809894933922
row_013813,0.05829158607103029
row_007884,0.01200444155225686
row_009621,0.5843488047446198
row_016487,0.025790448149250002
row_045272,0.02627296071905012
row_029388,0.160055879409263
row_001870,0.46389901953762563
row_022731,0.4582035891700306
row_032614,0.9570583859976812
row_035367,0.062265849910529816
row_027613,0.01471834750329674
row_039868,0.026996022708030688
row_005117,0.02342720398331482
row_001780,0.003924790132147814
row_010546,0.01764276329755854
row_046852,0.0009031934917185909
row_040364,0.13338468449893864
row_043270,0.008994675243715717
row_036982,0.002200994019826081
row_020771,0.0028675625267099566
row_036383,0.07197421023967901
row_011150,0.000805407867848964
row_010094,0.015145178158891135
row_001626,0.6370166008190835
row_040790,0.3803701941558432
row_020740,0.026744212495645115
row_009681,0.013904818616742361
row_009024,0.022100176625564672
row_010987,0.08483306058690689
row_038357,0.04461233268077908
row_043723,0.0008960502190430159
row_030788,0.018217172815196254
row_049172,0.16476644494837428
row_028961,0.0047604628236906235
row_031612,0.12829071014678567
row_027250,0.00403746178069578
row_009108,0.031059310086747238
row_028040,0.02633473857495423
row_010238,0.05897825650604257
row_046080,0.002181732799706701
row_049224,0.02820352001331166
row_020833,0.017617268758664886
row_040510,0.013003572460371517
row_024847,0.8655613985212594
row_000015,0.03264633529956982
row_033850,0.752778758920553
row_001258,0.572414509503885
row_024643,0.06360697167926065
row_044084,0.1124347503532151
row_026718,0.053894376182716974
row_005864,0.9277011749719181
row_026048,0.005725245581268198
row_004524,0.0009118053839169533
row_011001,0.5065983271595949
row_042903,0.0005874697830958613
row_007396,0.01757890711198848
row_046498,0.003688396957930551
row_018849,0.7203042684944174
row_037637,0.00101039298843868
row_007371,0.026419812682770806
row_047761,0.02266108588834636
row_043564,0.04513497401708832
row_002107,0.00020492034436020895
row_048521,0.0685677062297664
row_038302,0.9512694997461307
row_039604,0.022012912423605407
row_025574,0.9563687512864082
row_037463,0.018409820419327032
row_033069,0.000723961747467251
row_019908,0.000768873354707055
row_007658,0.010914303432248898
row_007456,0.003253324048091064
row_022106,0.01480768750492286
row_015633,0.002172770066975021
row_003615,0.023872415575564007
row_040833,0.0042204215974285175
row_048602,0.09062300036385125
row_040680,0.5558725131727376
row_003057,0.0014596468311980514
row_028244,0.19770895578596892
row_048527,0.05069133739799277
row_017986,0.0644668707704218
row_002857,0.15483123936419477
row_020145,0.10746441630471676
row_046197,0.6463055051507764
row_032598,0.9855756616960641
row_010049,0.9113601619299081
row_023327,0.03179961997603705
row_014801,0.5312645905763956
row_046077,0.0318524937521851
row_005316,0.027752396227138012
row_000260,0.020294696887929824
row_026159,0.07839036555913108
row_009003,0.029974885766472857
row_018144,0.3398720869014298
row_043976,0.9841866237594631
row_027977,0.005322245147088176
row_026946,0.055708817766345405
row_042852,0.11246999903758616
row_009653,0.012947423628478312
row_032586,0.16167865997596625
row_000280,0.002233496300634508
row_020859,0.9530562016674969
row_043142,0.0091518496003159
row_018113,0.000830056044010432
row_028068,0.0830515065859406
row_021497,0.0014466322297257935
row_010770,0.2876111423734073
row_021463,0.08144694520553343
row_024445,0.828430432122796
row_037439,0.055801902670901626
row_049065,0.00267655143865724
row_040181,0.05118713567694403
row_018682,0.04621947525997288
row_029727,0.13732998430609278
row_039598,0.9843100107592244
row_035893,0.9825904520815686
row_013727,0.053139693034442055
row_014285,0.021155869101524515
row_005910,0.003558225850850482
row_025789,0.9881914300908201
row_021785,0.3422266735254628
row_044245,0.04077646392551124
row_035949,0.7781279207527009
row_039166,0.008165637918771005
row_011897,0.28012831307992964
row_012833,0.2271169828605906
row_009785,0.030162487856861677
row_019966,0.16206242864636264
row_010462,0.013857838530534622
row_038645,0.03989850373163965
row_002054,0.0032806696967766125
row_026362,0.0028148450418950437
row_032845,0.026805290194764003
row_019769,0.7246323728733151
row_009893,0.015102148394084546
row_029209,0.004083747007877133
row_006261,0.12348016941926014
row_005046,0.5638336857724254
row_021931,0.005819023500778894
row_019953,0.3163361664156867
row_023855,0.23680896173934113
row_026132,0.008325191671717904
row_014171,0.33619845829395795
row_010078,0.13936441969074612
row_029189,0.11831637536900964
row_005198,0.07254835847310552
row_034904,0.00011903573338190685
row_036704,0.17653904225138642
row_014135,0.0051868501422718
row_017345,0.04419365645496821
row_010031,0.005944250362548993
row_041491,0.746107236340512
row_005929,0.011900633501264107
row_042176,0.06306316920429993
row_004942,0.06909383079923932
row_001867,0.00814786404296707
row_045809,0.012592276290256702
row_036711,0.0007760748577586986
row_000559,0.003879141371126857
row_033025,0.0025113407646056222
row_017502,0.4157271558642709
row_005873,0.016106770685276713
row_013996,0.08069391046991821
row_043930,0.9949393075253634
row_011827,0.2751166041077242
row_015590,0.7919395257230583
row_038734,0.2374070691595046
row_024362,0.9227596450236744
row_043544,0.6461296659691518
row_012854,0.006090556764823651
row_010716,0.1398842574805283
row_020660,0.0013385298357457057
row_027282,0.02480804645828027
row_024392,0.04362511178966866
row_024771,0.0013151342345797908
row_038852,0.031681498642266874
row_045961,0.00013765286889277217
row_016816,0.0005364071108632808
row_004453,0.10642309665161419
row_014318,0.005153574277403786
row_039028,0.03425267204228834
row_010293,0.02642843887010134
row_045872,0.9977430375221076
row_028943,0.011525660657348231
row_030500,0.5769281576475601
row_000513,0.13463879680955404
row_017012,0.24739161769560872
row_042407,0.7929524346035699
row_030802,0.29201635546711696
row_041837,0.009538086876501112
row_038228,0.4143682363019317
row_040266,0.015197124569452582
row_035243,0.010066412615614088
row_040414,0.07938420994247476
row_047267,0.43985047698684665
row_048099,0.019051588262800262
row_033231,0.008177975789135917
row_013971,0.0028486284200619242
row_015414,0.4176851666510054
row_020558,0.08654644216602438
row_021880,0.042724571939718556
row_020412,0.04525535778046543
row_022589,0.0006320939566078317
row_003531,0.02266396032150197
row_002140,0.030485547114923725
row_046295,0.036802745190015924
row_023524,0.2296995362205638
row_011448,0.10650570662064443
row_030853,0.030968738144014987
row_032852,0.0898029697816724
row_031494,0.0007776605288120853
row_006242,0.4180841501910836
row_030366,0.2440010310705228
row_023413,0.03490506742345
row_048436,0.5421726705318878
row_000572,0.003249339214561845
row_038184,0.013183580473086383
row_001695,0.009944555806049027
row_048180,0.07130643078895381
row_000886,0.87542546698083
row_035510,0.0043363514573282105
row_031968,0.03211741184397162
row_019158,0.004923726573722656
row_011226,0.060469579598099864
row_024207,0.015862061733964785
row_010913,0.015174205512954533
row_007720,0.1400925364285235
row_029173,0.10671816895536834
row_036204,0.5733231214661294
row_024394,0.03172670153850925
row_040818,0.11748955600856319
row_007949,0.005849812070664381
row_005892,0.0012387289406168387
row_048573,0.015981275618080798
row_000879,0.9748864935671673
row_029260,0.2660220066125078
row_032656,0.007059667441237222
row_038820,0.9912793282943777
row_016565,0.01730056604560572
row_034802,0.37119381392544853
row_019835,0.6404885776729433
row_042343,0.009774714250925983
row_027979,0.2582042359351579
row_014163,0.007102085198617188
row_006005,0.003921783624053713
row_041606,0.7414700880102032
row_028729,0.36808203796628464
row_047108,0.003336692084095868
row_043445,0.06519139134159861
row_004303,0.37759773671615576
row_017155,0.00017008980925691046
row_027914,0.13034735578301077
row_035312,0.0002639607780364059
row_049772,0.003713536276685194
row_048952,0.8889552292669928
row_044221,0.4549519919929051
row_049570,0.36439100759543996
row_019054,0.07258861552786043
row_034109,0.0853931082597156
row_016633,0.0059351478846281095
row_006156,0.01221998434504516
row_025102,0.17439924097671677
row_010909,0.01740538888682472
row_014492,0.10460814440571485
row_011058,0.09000302853484703
row_001916,0.005531469241035251
row_030053,0.14953945284137377
row_029180,0.02107887319251038
row_044596,0.19314447830672257
row_000875,0.09613058076305095
row_049323,0.7754760898432889
row_028350,0.0024036484086581477
row_013316,0.034564105299935914
row_030417,0.5161133383815905
row_016566,0.9809428510490157
row_021057,0.6516982893696942
row_049943,0.38455799193737356
row_043140,0.07665187473878762
row_025286,0.5771331023530428
row_037941,0.11221336167787331
row_034029,0.10967043655089402
row_023996,0.008298710005054003
row_027094,0.8745862556456019
row_020074,0.020947830458392134
row_033904,0.050811829483824796
row_011758,0.06806130518290243
row_007376,0.005022775347326034
row_005315,0.00949832960664604
row_027505,0.06112646770208373
row_036478,0.11620558733596588
row_026453,0.03938160513915132
row_011234,0.0001727713963078873
row_006183,0.025025887792731037
row_044589,0.00797552148276061
row_026328,0.03296433054091323
row_036996,0.5339550954252981
row_016001,0.025943471459716524
row_011851,0.06353833290079636
row_001133,0.08496206192528648
row_046301,0.0007945178608620888
row_039362,0.0021245795858073203
row_020554,0.005662953244566479
row_010366,0.07202089705863475
row_013315,0.04324006776695583
row_013933,0.03844193114527757
row_029742,0.28376986537268645
row_011839,0.008914028657716483
row_008894,0.9917447584266552
row_006091,0.6722719848416435
row_031519,0.041678674835630466
row_042430,0.626413465595524
row_009134,0.030991270896320134
row_033479,0.04582799481303679
row_006615,0.6686777045422556
row_042290,0.020971908677840944
row_021397,0.04194762353325778
row_043475,0.0019075405139063436
row_027897,0.007348730663842349
row_024791,0.0015661091185810263
row_042151,0.5933713975898804
row_001063,0.002499984641979602
row_041679,0.997323417606934
row_013353,0.4304026083078396
row_006266,0.03497208647399676
row_005038,0.9221518126330378
row_041748,0.8384999512871771
row_031151,0.1508975827962329
row_043513,0.016246289209549247
row_032797,0.016372666322741772
row_017453,0.4872872641169118
row_009561,0.07797096366870494
row_033445,0.015124833296158035
row_034622,0.0015596610138387083
row_013367,0.18689238506197392
row_017237,1.9317048087352983e-05
row_016940,0.9684255016680335
row_005042,0.21603794685156016
row_042401,0.012505054534152557
row_047747,0.08112931033569311
row_032344,0.006725180619169745
row_045575,0.008398992291989524
row_033132,0.19712624586453745
row_015655,0.03670270076913862
row_029628,0.05073122397021933
row_019689,0.010063317904406179
row_024144,0.39910689544163014
row_002603,0.005838516405607681
row_042211,0.04000914795378211
row_017540,0.06314719998492094
row_032790,0.19281297493842023
row_028200,0.011314127760786667
row_030969,0.06565857982832565
row_039533,0.11070022789463048
row_038314,0.009910575486832067
row_012809,0.9791423316545003
row_019305,0.0012234306130844887
row_006022,0.026526639810688542
row_007754,0.03652852600307526
row_021367,0.3434685912393881
row_018308,0.001793959131163495
row_041408,0.018069453120996486
row_028453,0.00045905693225296894
row_046261,0.10643525280622729
row_037304,0.09493600504134884
row_003816,0.2560910295507972
row_034400,0.9809352801703703
row_016346,0.6989867552874638
row_013038,0.19625864885829095
row_026481,0.0030542096747767688
row_023237,0.06362323964669417
row_048740,0.08806999547371759
row_023210,0.9974236350885319
row_012599,0.6144960549270353
row_035621,0.0027123003981893426
row_042950,0.007359269352795652
row_030014,0.08051521439458914
row_044348,0.011410560277982285
row_042657,0.10231572634933885
row_037399,0.003239892014268888
row_027955,0.9188360739386314
row_011682,0.94483310872553
row_023895,0.011116237572526472
row_041654,0.9942107645639535
row_029849,0.008470410255191513
row_027090,0.008501962594051008
row_005260,0.18266349677281912
row_005066,0.06998818265591143
row_025165,0.8056551439443195
row_038782,0.01274383261944341
row_006279,0.0273069263788498
row_005759,0.0325995408134757
row_013702,0.944984372648803
row_028425,0.0057025774565612865
row_045882,0.020644120417588015
row_018047,0.000977137194674682
row_019144,0.0038090326419835535
row_018180,0.0039005434046335092
row_029326,0.07232802207950254
row_016832,0.014842748206896577
row_017388,0.5274353030271527
row_047696,0.25951152298999697
row_005157,0.006306380201293282
row_045416,0.0229673559041999
row_037242,0.9558988809897461
row_021909,0.21563516363869972
row_010469,0.002869401568586395
row_013437,0.16092871501705244
row_009663,0.3797080960934971
row_030634,0.9839001301366792
row_022018,0.03809253331422305
row_037107,0.026467688196566176
row_042958,0.9767028145511086
row_047695,0.02991580586296176
row_021827,0.007100837794480669
row_049981,0.010445957881900432
row_018469,0.1551798103304826
row_035633,0.9782928025087144
row_031740,0.09782203331382133
row_032821,0.03989874909753673
row_015479,0.7672831593097666
row_016247,0.007563692420295848
row_010152,0.2451088499239759
row_042632,0.017044876856313066
row_013134,0.01557796425406745
row_002251,0.6928259753231261
row_011930,0.6317688481932633
row_006499,0.0007178288630757344
row_040792,0.04164653169049479
row_032075,0.23411694972160546
row_001347,0.9309646209477774
row_001735,0.028364658500112803
row_008085,0.9628646464833771
row_048863,0.00040835634888494407
row_041731,0.04208643927624503
row_007955,0.22452560027896587
row_021924,0.003356862859269508
row_021071,0.09750232842115963
row_024600,0.004753151719421104
row_041118,0.3845293505303129
row_034719,0.0612244029052832
row_032333,0.012934699066907142
row_027846,0.10571165553746684
row_025666,0.002548876987439876
row_046643,0.07004815747932312
row_038366,0.011963341716555859
row_043762,0.08514839813873776
row_046667,0.0891950186103007
row_011407,0.06257919282307399
row_015318,0.40572460589925596
row_033867,0.002629522829351333
row_033456,0.04309830153286503
row_030107,0.002353167704500943
row_023295,0.022892547343006227
row_000726,0.06409292803752958
row_030306,0.21271218544827725
row_010841,0.010558395754485209
row_024217,0.7531133716382976
row_010964,0.016728952845248685
row_001745,0.0602929543440626
row_045070,0.015663160575721424
row_020511,0.9994858048137285
row_000199,0.26876621362574954
row_036692,0.010975454129434296
row_044156,0.2793331433724328
row_031429,0.014762443181678122
row_005778,0.2988354434190611
row_032707,0.01662247863721629
row_023085,0.5627084628575207
row_028727,0.4459322499525154
row_044965,0.5932099006865582
row_021043,0.011830736830398945
row_001679,0.07561730694879817
row_045453,0.08196696973934169
row_006293,0.016730452589858082
row_046837,0.004836076283175562
row_017334,0.007168106850674769
row_013720,0.016560153218386442
row_022250,0.801782641203613
row_008927,0.9596825017988463
row_009869,0.0023752337373561462
row_034658,0.045907987012937995
row_041069,0.04141827919113558
row_041084,0.005739352252516601
row_047387,0.2945148835619976
row_014077,0.00883996206321872
row_006081,0.008414645495400292
row_040196,0.004023858076781359
row_005603,0.1608888270113582
row_047433,0.5746572874802516
row_039735,0.6298998682815308
row_036231,0.007509457752364164
row_007260,0.2323740086338197
row_015447,0.6194919911427156
row_006960,0.0028862907478780513
row_039803,0.13873769402242483
row_048483,0.0045513894409756825
row_045733,0.0033227190253186374
row_045530,0.018836356160017203
row_023144,0.0728132720127287
row_011597,0.011782321135800779
row_015503,0.22315637219553214
row_020004,0.49690315144934777
row_042036,0.0025037070355744743
row_008851,0.017093913588531618
row_041137,0.42418252843984133
row_009942,0.002112953696123923
row_038730,0.005553221583178896
row_036652,0.34659657400039817
row_019250,0.025297699942797243
row_028870,0.0005859529210313473
row_009360,0.09530683947955268
row_037872,0.0003355523454506553
row_000878,0.7118043371348767
row_023379,0.7427812183012654
row_033909,0.5975826804647868
row_034616,0.010654652647207968
row_025417,0.009053930113386484
row_041418,0.000842139354191351
row_023945,0.48039711726243417
row_000375,0.770324082906213
row_011893,0.009618363425204796
row_033026,0.08139861486788116
row_039762,0.0018891042491494228
row_005007,0.047673562301870656
row_024464,0.014743428248661266
row_012950,0.06758799063672705
row_030631,0.2804474468582505
row_037378,0.8572677581569481
row_011590,0.02790280412259147
row_047659,0.1323966351680683
row_032400,0.4809250784531054
row_020814,0.07968215115660195
row_001527,0.19965613865240894
row_012331,0.02191064562341462
row_040294,0.028617001907208017
row_009263,0.015242875642745337
row_035033,0.008833067964849776
row_046941,0.17885844702936782
row_015744,0.11382711225121121
row_047489,0.15407513090456074
row_042470,0.029877599782581973
row_032024,0.056427198990918664
row_012773,0.004572995934112855
row_002520,0.9914796539312957
row_007378,0.014844987213922627
row_029821,0.042616352973240804
row_028406,4.633223099041864e-05
row_017626,0.68403926372078
row_000525,0.012710846656094055
row_020051,0.6328925241584229
row_005574,0.7078555911372295
row_040265,0.6231134633062613
row_015461,0.026605295547410274
row_028078,0.21633276036702684
row_008912,0.042515077078195455
row_040640,0.004894553111683899
row_029145,0.0779547451441116
row_000056,0.03953147940430667
row_030009,0.9746231222164163
row_009084,0.004755895220729039
row_004532,0.008918112679198863
row_032480,0.006751690742657368
row_019638,0.0005399579831642326
row_027717,0.02036687420844772
row_031096,0.002277159013611874
row_036991,0.06431243340426512
row_009195,0.026958499208156957
row_007394,0.994570581199337
row_041486,0.5387169431974173
row_017955,0.023680363184001012
row_008015,0.4857705913981333
row_022991,0.8962805070428551
row_037073,0.09118431090803426
row_014304,0.0010465280742897505
row_026990,0.0072397189082582985
row_032816,0.027516769914101923
row_037646,0.6027338811774733
row_027938,0.03657659855258654
row_036667,0.004214437954837798
row_038272,0.29607440528196527
row_010654,0.01979442948205007
row_032991,0.011525727529720817
row_007699,0.004137543243861487
row_049897,0.6072776533861477
row_013773,0.0031139868051778263
row_043332,0.21961068162148042
row_014748,0.012974158973436296
row_029925,0.0497113968147373
row_000428,0.24981850177581366
row_049171,0.006882390199854261
row_045186,0.058488973745726446
row_010286,0.006908178344049477
row_034643,0.0034507991503795535
row_028349,0.09096584570348396
row_014146,0.8988812274654024
row_017447,0.0052418519469266366
row_049919,0.5519972490177987
row_046248,0.03767086154888413
row_037659,0.11780653435147748
row_029649,0.019037729449361968
row_000849,0.8189103687468674
row_018039,0.2238895058006398
row_017969,0.33877158263008295
row_003513,0.0023004836962088977
row_009415,0.2318879028883959
row_048582,0.023851485222919407
row_029995,0.4397373677900021
row_023182,0.08575612063031066
row_020017,0.016236334673335504
row_009125,0.07253424974941017
row_013924,0.5591506858782815
row_040284,0.009027745357255942
row_040672,0.02019556005079497
row_048779,0.036106580965342853
row_000535,0.09761465612304222
row_014128,0.21573974222213882
row_028442,0.015234866636247704
row_014859,0.05455658652437968
row_007307,0.012857423485032682
row_035926,0.8747337327273079
row_037056,0.8084087190467005
row_010786,0.8819789713843268
row_041682,0.0033416969045264415
row_025406,0.0006008371202957043
row_017812,0.12175273266912047
row_024726,0.3066853699810182
row_042326,0.013275780292795785
row_025953,0.07511400025301858
row_029904,0.03570180221780679
row_020445,0.08917090428522825
row_016719,0.06519187426565091
row_033078,0.049140211005229396
row_040638,0.21356601165998196
row_004976,0.4353044923174031
row_038342,0.8288010505301122
row_035388,0.2479226370819222
row_034460,0.7439921283282478
row_009852,0.014063354963616536
row_046062,0.19063650352348066
row_044788,0.7228955615055407
row_014704,0.019344754889004206
row_018597,0.06830009937388096
row_040671,0.004456072048736962
row_048624,0.5219128764284409
row_034700,0.010746317776742658
row_025444,0.11086250021850744
row_046488,0.004027774670974056
row_000785,0.010171375858336988
row_004268,0.7436618222839344
row_013018,0.0057182069374359015
row_012298,0.6341693781411697
row_033532,0.10593003712308252
row_002171,0.08485779994228825
row_042981,0.00012127637845095532
row_000446,0.046782482033166435
row_015492,0.014505308329922145
row_046628,0.021459383446273374
row_007433,0.028086325303191426
row_038821,0.06753460334674612
row_017884,0.10566291440262367
row_014949,0.4118978849162263
row_016211,0.8529041303694449
row_042897,0.17077401356365365
row_021850,0.001921769776189563
row_007767,0.37807465166232185
row_022217,0.27182812994146394
row_022438,0.42277677637346933
row_019072,0.6607448688521118
row_047213,0.01491687018303355
row_006478,0.0007356574972833368
row_042269,0.02820146182359985
row_008569,0.11616649003340541
row_042297,0.02484480413020118
row_025722,0.990425931807296
row_047116,0.004492856092183172
row_034193,0.0006899942358058037
row_032670,0.0006240661027391774
row_010316,0.11102367464047544
row_041025,0.00925432697873252
row_012086,0.00015988969338877738
row_022070,0.12863112368767896
row_027676,0.028636593292707693
row_020755,0.030155221505693535
row_014119,0.014067356122464693
row_015695,0.02612380134158068
row_039144,0.5795440390071024
row_031910,0.3252800873320889
row_011975,0.05257649151561689
row_038966,0.3169917733010128
row_002113,0.006223505483622855
row_037442,0.27629789522286663
row_038787,0.7680179587317384
row_033786,0.12435097961659389
row_023571,0.9496671756990297
row_027993,0.001620161901773338
row_041289,0.05214239266095721
row_003140,0.002662383379527923
row_003930,0.001813684840097406
row_047920,0.010542918742164595
row_001382,0.0039613911933393696
row_027822,0.03347000335697461
row_049524,0.13562777100961193
row_045326,0.10902894088680111
row_000102,0.7813633476188254
row_008760,0.035127387027685184
row_040022,0.21571211503286716
row_013911,0.03976536315186962
row_030577,0.7849577092057793
row_004776,0.4849324975165149
row_022420,0.009887386535029827
row_031958,0.19962279826523852
row_000860,0.0054011300754618075
row_040187,0.009431431059084732
row_036163,0.9625195043213824
row_011985,0.16109140162459787
row_033139,0.3280982199870251
row_045895,0.003744095292706698
row_014824,0.07207034339816411
row_000629,0.29811185798657935
row_021388,0.47322956986346065
row_006285,0.05524252328184527
row_048452,0.19122032390347088
row_032998,0.0018406242005851942
row_039906,0.03364028799461138
row_041928,0.002059455137154421
row_044769,0.015908894948109917
row_019336,0.009948237404965619
row_012293,0.0022578669527579765
row_023888,0.08726260527952281
row_005897,0.11535893616081694
row_032466,0.03219145158816605
row_039383,0.06438472371166841
row_049823,0.007327257986920322
row_043980,0.8686244935309021
row_037187,0.21431309585569203
row_003520,0.012748116529590616
row_009973,0.061874576570757574
row_021781,0.9993915074243784
row_044656,0.21484276748987596
row_021622,0.20710925761025867
row_018153,0.09464707449782746
row_006634,0.0015236656581538348
row_039200,0.0028795555070778886
row_048673,0.590950889238792
row_034169,0.13568760445613848
row_014893,0.008239448146463253
row_035706,0.0017322411503803029
row_028230,0.9983140896619875
row_035503,0.005979284750896848
row_016582,0.1634597846939463
row_010421,0.05449716229175342
row_048496,0.9102366122355579
row_026056,0.009166844347421694
row_005233,0.00138339952188736
row_003407,0.015264380288580782
row_005787,0.9383495660734372
row_010992,0.012596897180075022
row_047172,0.6824152622101279
row_009583,0.9976688675341157
row_035703,0.9231148373396579
row_020909,0.0007795179205750616
row_012088,0.723890314144667
row_004009,0.014492410370407284
row_040555,0.6515407516585974
row_034647,0.021921007116675443
row_027123,0.029302430672738616
row_028297,0.15899104563006575
row_021846,0.0013763961483663687
row_033992,0.9344628127640997
row_013741,0.04496537739950668
row_030986,0.02471528713329156
row_006824,0.007269674894063606
row_000681,0.028188899307457507
row_003118,0.07367991983374907
row_016960,0.09442215158203333
row_009122,0.039457662519972556
row_016398,0.04114493060826169
row_005705,0.9513859175960794
row_007893,0.09106349233293708
row_008812,0.08102475622872088
row_023842,0.030126816398207832
row_000894,0.00389453954791907
row_040926,0.895087699905028
row_016083,0.00031997945592771325
row_005938,0.0016909593617475112
row_034480,0.649133159997243
row_033713,0.9270124631726028
row_026448,0.2463219721765588
row_039540,0.01260420594853448
row_048872,0.3748571089797151
row_013569,0.804868718019589
row_021819,0.2891252181332709
row_010023,0.021087696136407808
row_018826,0.4939903078810658
row_024015,0.1761884980768848
row_018335,0.02532920129296957
row_013240,0.01134910738045326
row_000153,0.005957297061350715
row_006110,0.0003517265885059695
row_004920,0.028175472666389815
row_023168,0.17400822034562458
row_037012,0.39463505796609644
row_031903,0.0002508464236384136
row_017496,0.029512679256377454
row_026478,0.025942957323419828
row_049543,0.013399588998271662
row_026252,0.10015460582265329
row_016689,0.001198830536288563
row_047056,0.9354292756996485
row_004506,0.011126760407792891
row_005340,0.16704970291307025
row_029395,0.003245613293499413
row_028392,0.7265651741482694
row_028833,0.002744208758539829
row_024690,0.5796867756013127
row_017590,0.5761627778275007
row_009446,0.005640014582223561
row_011639,0.013778500458954065
row_013779,0.036082896972382324
row_025199,0.05035713284613929
row_014813,0.2547603825267999
row_047934,0.0025866537184189974
row_006297,0.09887169326289914
row_021053,0.00459109022664969
row_016753,0.0006643585773740255
row_018152,0.9279438903121987
row_014472,0.01045205386870824
row_025566,0.9591521166333682
row_023627,0.6770391074778223
row_036160,0.000551165731349032
row_018230,0.1804013385206021
row_034358,0.002210179910147386
row_036700,0.15036192529645925
row_006174,0.04151984250753141
row_049667,0.006411496209305234
row_010724,0.011616598180088335
row_001860,0.2548287207352202
row_039998,0.15421925402364867
row_046283,0.00030645669657839813
row_017104,0.257887127068848
row_044931,0.14866038471012735
row_048768,0.004149850921159707
row_019138,0.9345381415849277
row_028273,0.008760240832842813
row_027941,0.15681204277808597
row_027607,0.00015449626302999007
row_010883,0.005719764485682549
row_039472,0.6562681331999752
row_025908,0.02217858827240826
row_006331,0.3973653754270421
row_024122,0.9351928090879548
row_006391,0.04621680850820866
row_033727,0.023283068050222174
row_031330,0.02333293615545925
row_044634,0.08095173303384924
row_015175,0.0008133604553415305
row_039796,0.013230221361690848
row_027577,0.001159025424856374
row_045695,0.9544757382134643
row_029135,0.07158246840712074
row_002685,0.2010337017959918
row_046371,0.017712129434839227
row_040942,0.003922035580984872
row_045110,0.006027744503179007
row_029578,0.020219483416958565
row_020654,0.12264980618291038
row_043748,0.005099491765265439
row_016674,0.42541617039893187
row_043694,0.39103309848858914
row_000081,0.736178838171594
row_019727,0.0012772785835350894
row_033363,0.007904763139394208
row_022007,0.010267597110575028
row_041637,0.03387662730180268
row_021667,0.004201635150011363
row_038403,0.9215061583539389
row_014150,0.9970633900461293
row_046268,0.20790667646955532
row_013733,0.019473428837959127
row_045313,0.002608293732901227
row_038106,0.3508226707974802
row_025250,0.0316235692291807
row_043237,0.30125594360201524
row_046319,0.019987676513161457
row_014797,0.9593971936125215
row_038141,0.03383172034141302
row_010581,0.10270690616010374
row_007826,0.03330118883289982
row_012775,0.10862783272392751
row_021916,0.13445185059988288
row_045715,0.0036748912366761817
row_048923,0.13138896620075782
row_015090,0.02110038424378588
row_038281,0.3429655442596851
row_022767,0.005754411753257871
row_004482,0.4708164958843592
row_036221,0.25803788539171396
row_006857,0.034742332876596324
row_011858,0.05596922723111428
row_031040,0.07194143998481786
row_048825,0.00864718563468403
row_037118,0.9372627566287542
row_023151,0.10139075332409953
row_001046,0.0011219445516358873
row_003327,0.000872086206651363
row_004119,0.00223088989328438
row_028363,0.036114740143027076
row_022440,0.006286188280795118
row_002872,0.9793328393078715
row_015724,0.0016005510303970366
row_015545,0.46267458489010804
row_001150,0.0504944823827405
row_012250,0.03421312051345221
row_027158,0.31437993393018454
row_005474,0.07180429207271574
row_012694,0.06715810552214417
row_010781,0.019208051879805385
row_027969,0.020225309129106965
row_035160,0.027402955034766245
row_032947,0.04251099396793521
row_040711,0.04348349021049193
row_021227,0.005583351044028463
row_041087,0.8579011202288008
row_047652,0.2377643914128178
row_019639,0.004079044508577021
row_047102,0.002056659901878124
row_023640,0.04135888784134684
row_026014,0.05660183216058662
row_045311,0.020628921624806968
row_042087,0.12987362919364034
row_019326,0.5688709442975131
row_025581,0.04324243687216469
row_046723,0.03542349881473381
row_007528,0.009298426640575211
row_038074,0.009026231245720294
row_043404,0.8936434576049164
row_011556,0.07622678429643873
row_027378,0.0002712536101769103
row_001014,0.5651758621587551
row_024195,0.7583540775170282
row_033194,0.3266925124048126
row_024621,0.006669253650584995
row_027673,0.22526720388916457
row_028912,0.8302166655621077
row_044564,0.5560674508723158
row_049939,0.386596213422669
row_030426,0.009850552565143035
row_006008,0.11273303353136346
row_036423,0.023782971920442014
row_013211,0.08396716753112313
row_019466,0.970538198424775
row_009515,0.008818367323957273
row_019346,0.013531143921653055
row_045254,0.0025488958773864884
row_003008,0.9809907498126159
row_020809,0.25802354980362047
row_002344,0.15883660184481244
row_035268,0.8263255323808377
row_049199,0.9830954608789376
row_044449,0.12900549280905513
row_018175,0.12508673288700004
row_024680,0.057354821866501086
row_001783,0.7362290693281935
row_000457,0.0016936765275997138
row_027388,0.004354792659170108
row_049250,0.39139058813674366
row_032767,0.028830099832371215
row_049390,0.020939468233023083
row_022294,0.0036070487723658543
row_047219,0.09500646556441111
row_020670,0.0036789273563836407
row_046390,0.028093802743665748
row_018949,0.12696059007456884
row_028703,0.46113021774422824
row_032948,0.0468971612979062
row_004450,0.18294654840092683
row_034868,0.041720080493716956
row_045970,0.6752366993008475
row_010874,0.03428608731265078
row_031705,0.48309165479967997
row_008287,0.0040819352416183044
row_008782,0.005372076246586542
row_013966,0.6973437245478639
row_002309,0.009543261011247492
row_007768,0.21600427591137292
row_034793,0.01479345406985085
row_049845,0.01892968939206674
row_048366,0.031916400282453766
row_030003,0.03348306291167312
row_021508,0.08651980437805636
row_008428,0.022100761075775556
row_004617,0.0035944549110748522
row_014031,0.995457027706204
row_025734,0.001524815511542384
row_005590,0.043697319339749886
row_019945,0.0011216931814796902
row_010777,0.03448073869524444
row_003127,0.9958935552763256
row_000815,0.38419653166669426
row_028275,0.7270260264016394
row_049649,0.12607475007889815
row_037068,0.0065900095430822874
row_025394,0.08993719640626889
row_022611,0.045570993057331526
row_017910,0.14880762752204088
row_027220,0.9747230795607081
row_022949,0.30757596391408976
row_033082,0.14186745664349404
row_044088,0.09305916618367563
row_049027,0.0963423261856886
row_045915,0.36211474135547833
row_031002,0.18297512461243345
row_032037,0.09266690693057673
row_033331,0.004953006093850799
row_036046,0.03320614936263454
row_049054,0.49737418624415636
row_015302,0.15147064565903953
row_022291,0.1457824776549279
row_032565,0.458673736431781
row_033658,0.2185624171974301
row_004624,0.03832000061690884
row_014259,0.009630632864455663
row_035006,0.0007253930433949624
row_024458,0.443219681617748
row_021903,0.019949720376296158
row_018630,0.010622384747238055
row_021600,0.04247012251439749
row_016709,0.18656795608052
row_022040,0.02125025383883405
row_038249,0.019976658439900444
row_033865,0.21274971693975553
row_047813,0.28756334023401225
row_015224,0.009945035936182619
row_004994,0.2726535576491215
row_006135,0.018037014193032726
row_020142,0.5955554534725475
row_035963,0.0431703150302241
row_019736,0.12154618801039838
row_036625,0.0039834005291398775
row_025743,0.9853440573543717
row_036858,0.20419667543896972
row_025622,0.01200720630151844
row_003768,0.005853474888360306
row_001022,0.8543665758794695
row_005061,0.6132305306451735
row_043485,0.017718679592597573
row_037905,0.05890046315787518
row_022071,0.6081191013029337
row_036514,0.185487306615683
row_034639,0.0013747087591383155
row_047964,0.006451693100066848
row_003442,0.9736574144069003
row_013343,0.7401151638525406
row_009361,0.0007031765752553393
row_014383,0.05053820362208517
row_027925,0.0014653112377661039
row_028670,0.7659752437242646
row_037264,0.0015254251901830893
row_012559,0.4835662482920842
row_011998,0.39463788451441384
row_007064,0.0005406789955892282
row_022746,0.41917139120639174
row_043495,0.033832284632955165
row_039872,0.0016501928256650695
row_024344,0.38712676457345696
row_009175,0.060234212512800915
row_023857,0.16013145270981294
row_039203,0.788899730906579
row_042869,0.0006198987108550002
row_010473,0.0359924155423946
row_027456,0.015113248100333501
row_039694,0.0016741108798070334
row_006705,0.0004129499853568816
row_036587,0.02732103415141078
row_046207,0.24921727958701814
row_018847,0.23913881718092497
row_028883,0.09544573891642083
row_036392,0.13990231143800974
row_039643,0.003511330608263946
row_049991,0.0029906618350950187
row_016840,0.17784167194839776
row_027644,0.9991932885363134
row_012347,0.3332302959549634
row_013463,0.4696188172514871
row_026449,0.05356675174943216
row_012695,0.3601496731397536
row_031666,0.2954704283650145
row_038156,0.0021711608179552657
row_014539,0.011584617844034037
row_043501,0.1580532984880348
row_039534,0.8962447534127896
row_032659,0.21871901263299753
row_021228,0.00015235170223270515
row_001146,0.0010265802841510287
row_030284,0.14974647146838005
row_037301,0.009865473859429687
row_033490,0.14174010730765818
row_020299,0.6311265350407131
row_009082,0.21050697391247447
row_030043,0.03913912980234176
row_022857,0.4650875175670046
row_003026,0.0066580428223037965
row_004479,0.00038602185574547314
row_036512,0.009741418669275557
row_039135,0.7885291752397858
row_034360,0.731402927128067
row_044238,0.6743206167110072
row_024957,0.006320987080685565
row_028487,0.011713761526307336
row_033813,0.49962630769055827
row_039866,0.007725945000563672
row_032308,0.01614594203994315
row_030080,0.25767962173178416
row_032292,0.001711951602476931
row_009448,0.019012502415378753
row_014851,0.3857721194662559
row_018440,0.007987381167444789
row_029200,0.004708736352550906
row_013246,0.016610231349274616
row_040771,0.014244167855800172
row_041104,0.011949803001984567
row_024564,0.48474560519228566
row_034341,0.0970373323246635
row_000982,0.001104023354437169
row_017299,0.10055797614360751
row_038207,0.8307881963261272
row_010089,0.09725164761744079
row_035794,0.39142651934918415
row_033316,0.050233887490049534
row_016126,0.01277017327140879
row_020157,0.019249115003338518
row_007316,0.027838083320579302
row_026833,0.8084842976398456
row_002564,0.003937425019505994
row_038978,0.03338601685579894
row_015211,0.01779814480454045
row_034804,0.007926572674962103
row_015296,0.001655984264120133
row_001292,0.9945947555409917
row_015397,0.0009284540897786954
row_048283,0.021184256839412188
row_040038,0.09822560195655565
row_047791,0.05446554017181304
row_045369,0.11370970675107328
row_037796,0.018784758165691626
row_039815,0.002031031653472576
row_031142,0.9993977549224181
row_036380,0.0008231128078198795
row_004226,0.007316542315444512
row_023887,0.11845040841416332
row_023872,0.0662084880093674
row_018558,0.025555956011990278
row_005802,0.3165916114282133
row_045400,0.21052518815392587
row_041680,0.31510217532048107
row_045214,0.0641078736458794
row_038012,0.00023506161218352526
row_009931,0.005158702362253301
row_042510,0.02422812454805627
row_043909,0.9997800706019834
row_004138,0.858629102472833
row_010862,0.26958741038092454
row_036956,0.002191954131564782
row_035709,0.04134700946460221
row_000307,0.9580126904085674
row_019428,0.00057512893578467
row_022408,0.0011745629005475151
row_006568,0.022733612307699585
row_014553,0.004145872061086811
row_024074,0.23554138509517242
row_021715,0.011364365830498878
row_017482,0.011545746734716887
row_015943,0.9300575408534529
row_005397,0.051464087092786284
row_045452,0.12437857102132943
row_020039,0.001854810286725233
row_006066,0.9442112009681296
row_006813,0.06150794654933466
row_012167,0.001520573526068894
row_045771,0.09516222196100131
row_032443,0.24345827671934384
row_027526,0.15163490217602996
row_038705,0.05047878735899894
row_011100,0.030413811209691534
row_005781,0.04182426227391389
row_024311,0.14299045196285673
row_008565,0.976789967375848
row_024427,0.7534649973545365
row_008617,0.003051731129852588
row_049026,0.03860107135051916
row_027698,0.02742930982661038
row_029878,0.006860408280093829
row_021072,0.8540496661722407
row_028799,0.0018166046692609046
row_020056,0.0009825866342201908
row_048912,0.003614686926751519
row_043947,0.06770119522953504
row_001454,0.04509503726222294
row_017659,0.4362625084042666
row_000961,0.8994862796732013
row_009311,0.6132499939044872
row_046166,0.02850473782080844
row_048410,0.11332736938534102
row_009636,0.10593059551452631
row_041983,0.7694156695585782
row_001812,0.001481537685174795
row_002811,0.009312463077180224
row_006493,0.05513410980946402
row_025109,0.00955261163669999
row_010411,0.6198955703450562
row_040001,0.04630909323366828
row_017665,0.08573635158260816
row_005310,0.03771056569883335
row_007988,0.0030904215882104603
row_047708,0.5775822435743561
row_016661,0.07182444992075501
row_047228,0.014818304342010993
row_033297,0.947430405199955
row_001711,0.011777084878251017
row_046322,0.06383377429059794
row_032385,0.18731262854197364
row_024022,0.024377020361049884
row_003003,0.10994639484093786
row_045133,0.0017776820288863725
row_041909,0.9433617454749794
row_013615,0.0018354106861047288
row_014791,0.002786030630443805
row_042231,0.057451622577195306
row_045902,0.006926061094160635
row_023426,0.3237509138194394
row_045086,0.23802819331762373
row_048207,0.10446856853702637
row_020447,0.3226845806464703
row_001047,0.023794665753366702
row_040203,0.053056339100120885
row_003775,0.46469854881234435
row_039039,0.06556655309529998
row_012817,0.0063514320148047275
row_006754,0.02642117840885092
row_008026,0.00028603593431294366
row_005558,0.03457356213160433
row_006785,0.06842906726469097
row_024466,0.008672061451104657
row_013125,0.004219794461488218
row_031794,0.06550080205345395
row_008356,0.5792756004509761
row_026533,0.21702022939341165
row_027703,0.0011641182340407024
row_011927,0.16234768399104413
row_008529,0.0013144860195271522
row_023305,0.01181723249699834
row_000266,0.053155595687034124
row_043188,0.0020836947166993597
row_020861,0.021428583848105653
row_024506,0.4283518699972784
row_019447,0.05981396928127804
row_025227,0.053674428098689164
row_038136,0.03486888522650632
row_025705,0.5425570606650395
row_031213,0.987027369958356
row_001354,0.8216939690806664
row_041989,0.876771046378562
row_015280,0.6175231929819418
row_003045,0.19399901523340587
row_008280,0.029084890111859704
row_036391,0.05787093094721155
row_009700,0.0023179320737221542
row_031739,0.6831033469113492
row_029137,0.13638032917330267
row_044474,0.02251490838937307
row_003943,0.001969113049686817
row_040328,0.04525515007715571
row_046889,0.7380515015268768
row_049020,0.0020516446711371923
row_031756,0.841383558757698
row_032471,0.0027979542377018613
row_030964,0.9859706569726857
row_012038,0.3957397287602599
row_014022,0.2618364791000652
row_035990,0.019199508491069807
row_028056,0.06603937810384453
row_029797,0.3994621226500392
row_017193,0.0034763966650701206
row_032553,0.07722508579862475
row_026714,0.016929114537284743
row_019584,0.042626944555655376
row_026420,0.043344939287533114
row_040590,0.008999994986989201
row_016014,0.06740309829996935
row_019448,0.007742022515985759
row_020879,0.0017597691314627539
row_013922,0.029725674490369777
row_048520,0.19897493048694337
row_013046,0.003851784902420061
row_035647,0.02069546508430355
row_035241,0.7439064272097242
row_044130,0.19221540171070856
row_035838,0.014361570072575571
row_009823,0.40083490027622315
row_036485,0.03118542831596508
row_039819,0.04462464888019076
row_027756,0.06257286506565493
row_028247,0.5335757166056115
row_005297,0.17180531675959052
row_008556,0.01248094990241397
row_045988,0.2058449328397715
row_031220,0.29101002236447204
row_044196,0.0473507859147098
row_019990,0.4871946290497024
row_017684,0.2705391537447596
row_039065,0.5456224885758377
row_017177,0.010026085985947722
row_029194,0.5224407014004242
row_020496,0.9533492224721061
row_010600,0.49801802437565773
row_030347,0.0065750522630245055
row_035775,0.42815187230892754
row_049833,0.008834095782374414
row_041905,0.01814653740705102
row_044185,0.6271920691613381
row_000998,0.16816617509054432
row_007797,0.033330752261041985
row_002160,0.02019731180079623
row_040171,0.24146071311133513
row_029781,0.0009320649218460393
row_035499,0.9615627358668869
row_045192,0.05903970032990958
row_028060,0.08337820428121151
row_030354,2.7139541793243393e-05
row_047686,0.044920826887182824
row_010530,0.3515938698157276
row_020711,0.07271950963516832
row_039679,0.3115550886148225
row_002668,0.0009362682827694204
row_047601,0.004898557369243533
row_008566,0.0005044520256850572
row_036775,0.027853546301728677
row_036254,0.04690318113415225
row_039190,0.028599209784244913
row_039270,0.8677653594910448
row_006528,0.032385559248919615
row_049546,0.062343777371072995
row_035881,0.1160318032462355
row_045280,0.004802925972962193
row_026045,0.0036263340680344567
row_010741,0.03434617675586367
row_002764,0.48455225194451323
row_048959,0.007436026318250382
row_016277,0.043214446506962045
row_046605,0.004609026090820715
row_023693,0.1109351236596052
row_034572,0.69057614407192
row_038511,0.985243607939317
row_035450,0.0009761907517624068
row_024688,0.03609651996164821
row_032764,0.023396388547273394
row_039072,0.04488650975240661
row_013262,0.2797377848813676
row_043203,0.0004789159916942734
row_020117,0.028361952680672518
row_031613,0.00524711531499158
row_045000,0.026936296416069924
row_031788,0.005114293887499013
row_030309,0.001233425250888932
row_026212,0.4308603856737774
row_040762,0.8578966482119749
row_045851,0.001405959422462886
row_029461,0.004001484936055429
row_019589,0.017173049538272808
row_000751,0.8846119226799201
row_025979,0.8204738675004148
row_000799,0.008269938548068198
row_024938,0.002166611253201004
row_029651,0.9988892783993195
row_044263,0.06693679419802535
row_001461,0.051002812810875674
row_029525,0.015704457040466732
row_006567,0.001608165118569195
row_005573,0.0006416609759954952
row_044694,0.11875679864647896
row_002437,0.2648776357330401
row_009064,0.015069291070882382
row_031876,0.04310606394050587
row_008802,0.01975252078031929
row_037433,0.9780583262329754
row_013730,0.03245735539386286
row_043463,0.03034076513395261
row_005093,0.0018510614033033796
row_035983,0.012717479612908434
row_034759,0.0042497266010908825
row_040847,0.08291431858725415
row_003030,0.06153024388444013
row_029346,0.0011037405408736323
row_039693,0.10557459262052338
row_047706,0.09262147858629079
row_006920,0.008644711650371076
row_005213,0.37111366679371055
row_029709,0.0933851490145013
row_001211,0.0026682114393499603
row_015202,0.04190083561571963
row_010756,0.017353815281862355
row_048354,0.713314920776863
row_045246,0.8186406591071944
row_029359,0.8615168559751631
row_044562,0.993695179845448
row_011855,0.008590974844867094
row_030916,0.015584491117732597
row_011701,0.02030847150701164
row_024250,0.032821678338934485
row_032894,0.007809949016691174
row_043033,0.07441469208391671
row_046954,0.00024656663519958936
row_016811,0.045958009396732565
row_018738,0.30749002856374685
row_019636,0.3417966293544418
row_023081,0.06073545729019725
row_038044,0.0022471057553661716
row_027160,0.017349625733283268
row_039527,0.17453703257437267
row_025369,0.0005181993556709124
row_023286,0.10124342983182688
row_017687,0.35556625593422314
row_008219,0.03206735548113591
row_008821,0.0008873218566218517
row_019824,0.16408249139484343
row_036022,0.028883784321138552
row_010877,0.03817809561951535
row_040534,0.01642011271622509
row_027653,0.024831986499204487
row_011873,0.007294464304523205
row_048847,0.0018446005421089283
row_042922,0.08041230787048533
row_001450,0.06324109983149756
row_039996,0.04158569059104404
row_044201,0.0018401314932921992
row_000991,0.011192461483461981
row_040105,0.020775584143999336
row_045764,0.9730403168982288
row_037658,0.10840046454036169
row_024945,0.11862043081097697
row_011322,0.023551132377834873
row_038386,0.26605623900626973
row_004542,0.11558646275235802
row_027204,0.006615520468554992
row_042817,0.45940526086622835
row_037045,0.017508570806851382
row_038952,0.0012599662399754034
row_033332,0.13060101076038655
row_019610,0.46737817086237476
row_037469,0.2132360496127164
row_005436,0.00501996855059637
row_018810,0.3227114792633071
row_007353,0.025904131507483774
row_015995,0.4556442625217363
row_049032,0.011605009906562696
row_004208,0.007237309918337607
row_014504,0.016292462318358243
row_020583,0.0033244734998872792
row_028959,0.9958871611484003
row_023384,0.2871279207246807
row_011087,0.0554689327140931
row_016029,0.3915264553925588
row_010179,0.4698052658135775
row_011708,0.012265852306494613
row_027478,0.04975539789258902
row_043577,0.010100556835420717
row_013967,0.02438909762553789
row_049124,0.0017017746320460304
row_023104,0.0670588134791332
row_032650,0.01689431296785179
row_006009,0.7856961427914371
row_006410,0.3585713395040535
row_032975,0.020035635681646274
row_018954,0.08409572949702446
row_029866,0.1437296013794789
row_049364,0.005636750525101086
row_002285,0.007037417138773072
row_021522,0.9793765581205097
row_029492,0.11750317702141153
row_001395,0.09012983786305215
row_049085,0.012779192479170457
row_042935,0.6502373723176766
row_004175,0.023782002454323645
row_017114,0.9539631688776921
row_018925,0.057994120169313546
row_038433,0.5125606592212244
row_012431,0.08494242453730554
row_030662,0.06726271436675228
row_018337,0.022228753373639134
row_014271,0.01155280501858645
row_002521,0.0009488770370603206
row_014037,0.14649974919285824
row_010431,0.055263756607845944
row_034025,0.02478852538743783
row_027098,0.012547378503116222
row_025670,0.22698471283496743
row_039395,0.7268481272178923
row_025610,0.01337456081990352
row_037221,0.004107478986286462
row_032253,0.21167385624027107
row_025293,0.001384813804228122
row_048007,0.16043043183897418
row_023440,0.14881733471872383
row_046481,0.2991212409980489
row_014086,0.018281919507735424
row_012664,0.0502824138468328
row_046996,0.09841798192032547
row_038122,0.5262712640737288
row_012039,0.5334984738896926
row_040185,0.32356853950544956
row_014876,0.0009282129392206411
row_032099,0.0004762298695159022
row_028863,0.0556672571903661
row_005605,0.012392426234639254
row_033964,0.011844209792720833
row_007513,0.0011191711060840569
row_029802,0.04938741857846555
row_017449,0.001493175210349231
row_006376,0.004768201137699056
row_033307,0.00290701360903016
row_029640,0.008252891310680013
row_025472,0.5248022277681176
row_008857,0.03932645293514385
row_003710,0.4500683098923749
row_014130,0.14292799456649646
row_029163,0.15003398426142459
row_018743,0.6344766141962513
row_000676,0.42741154789707875
row_025410,0.00038890843557910337
row_000222,0.9860827956822114
row_024027,0.03495452577725528
row_043343,0.9991908967719505
row_007701,0.3792195477378901
row_025122,0.10476319514697705
row_014700,0.0006919175114574748
row_042967,0.12170285945166273
row_000463,0.15929436124544027
row_030756,0.15846360780193022
row_027663,0.022468188601611577
row_016282,0.00432352611464568
row_025865,0.004826713473925491
row_019694,0.0027399532309481194
row_008779,0.5326226504689602
row_018990,0.18860076114302035
row_044718,0.005551281959892907
row_049376,0.21697272320936214
row_003336,0.06069052189034738
row_004433,0.0040978537006358135
row_029357,0.39756692890793327
row_003111,0.0038460773792975593
row_041584,0.003909094613923932
row_044092,0.35261914320681886
row_039879,0.026345627425667463
row_021185,0.46661062377961426
row_030491,0.12656114245016362
row_031777,0.006023633010531867
row_048938,0.20499439625227214
row_048489,0.047824748139823584
row_041076,0.9393386766759574
row_008067,0.028435670520935884
row_043959,0.030825794636519816
row_017965,0.07537636214380936
row_030132,0.05060459533391764
row_021542,0.0008285972837866386
row_025403,0.0013263470480831742
row_012978,0.013362077025117191
row_038101,0.0015042682164372106
row_034318,0.02229252452152455
row_013132,0.3846121845868852
row_046529,0.9352407185260998
row_004065,0.0419559828482761
row_036733,0.027060496559779493
row_017274,0.8273508508962322
row_043198,0.22502305455575985
row_004233,0.8294378168452602
row_046480,0.13582095372501254
row_003504,0.06797960088801255
row_032453,0.13473182178767482
row_048321,0.03612036045763421
row_047122,0.06379326755610006
row_017725,0.03720834035727657
row_043350,0.005867183676692301
row_034223,0.274541529095126
row_004192,0.006587544746724689
row_009562,0.38213476788644407
row_004475,0.9948883131381676
row_031899,0.9889729713874468
row_038399,0.005550153202192074
row_030336,0.006683609469080166
row_010535,0.11325248437104518
row_041765,0.032873750867204905
row_003117,0.14479098537707186
row_021331,0.04780423939142956
row_014229,0.033602282147301744
row_022797,0.4300902460897193
row_026375,0.2718644889096751
row_035586,0.44134957878191045
row_017522,0.3029051587342202
row_049160,0.023533736253684143
row_049480,0.8779958891624562
row_007892,0.028431718310978054
row_002925,0.11141327547666707
row_014101,0.0004214660376964196
row_003233,0.00349193600803138
row_038370,0.001930934480700689
row_006039,0.9717128440150862
row_043179,0.3656965851219845
row_006784,0.04159124695842549
row_048749,0.09172447179002063
row_012891,0.009201125942191779
row_028467,0.003655091461840714
row_029454,0.010409037853387409
row_029990,0.5696654516886845
row_011169,0.8086034024129386
row_018824,0.023138020629595687
row_016805,0.9412032416813363
row_023989,0.8955326665564919
row_040823,0.004454024542424273
row_028302,0.014083872091429677
row_005094,0.023158384547659828
row_014443,0.005258629380420799
row_043863,0.006167044714916097
row_035434,0.002405068275297822
row_033724,0.10497063480906546
row_036665,0.07869952815892131
row_003449,0.0029537217173651203
row_016967,0.02582492603490844
row_000317,0.04719191007662672
row_026434,0.002795478102832444
row_019767,0.5961113370023324
row_031125,0.255280260314083
row_023785,0.3198111412242881
row_028338,0.9290274816101264
row_040689,0.008385161662875935
row_018698,0.0411852464705456
row_028875,0.05727884741014755
row_015337,0.0024160180585417724
row_005118,0.15486999237306723
row_015719,0.007560973191503922
row_048390,0.040156851762768314
row_007029,0.002725829753865065
row_049399,0.001989926313339758
row_007495,0.4874413949794202
row_025266,0.02959537950772012
row_032472,0.7753259868821729
row_016116,0.47287934835851686
row_034483,0.905490334650195
row_026873,0.09223585167518882
row_038022,0.006615975177388996
row_010660,0.4285221797120333
row_003424,0.027047200857109897
row_000290,0.23788045418614573
row_021061,0.05004180537322468
row_023847,0.0030798976848044305
row_004986,0.25816916716920785
row_023584,0.0013381857859851565
row_000258,0.12454603193115812
row_048512,0.9277380472693293
row_040658,0.12280984424575199
row_038419,0.011142342738302764
row_008127,0.08527156107237467
row_035795,0.006048564160097622
row_038414,0.11006312905567521
row_036395,0.08277177069281084
row_048431,0.0010947586902801802
row_038686,0.6389898384964976
row_037640,0.05778566668559778
row_029758,0.2945155321446417
row_028344,0.5235429201486705
row_001304,0.04345826463499891
row_019213,0.08680992920758705
row_012676,0.0025852647213064836
row_018938,0.006001341228110768
row_019867,0.00202163304896484
row_034376,0.0015835812301959779
row_003821,0.014847889929939276
row_017750,0.8204950449859286
row_047710,0.05292701563529533
row_027454,0.06859251957007474
row_003793,0.02376369304061909
row_028360,0.07315038464472574
row_035051,0.07023803910709253
row_019451,0.007492650741055164
row_010458,0.906237695930534
row_006840,0.010062636299334482
row_015984,0.5059328561405119
row_035815,0.04036682567593415
row_030438,0.00038676559990041007
row_029997,0.9978102445381171
row_032269,0.044444517719374556
row_028684,0.005123871956925571
row_014650,0.004241428692056143
row_014132,0.0013271521083728737
row_019391,0.029057887225772516
row_023450,0.003948847643615572
row_001556,0.0018800096012957443
row_049644,0.6719152753020701
row_045465,0.06256401010290552
row_023969,0.010668275852060932
row_020683,0.7755925777706697
row_010646,0.04589134433667348
row_022301,0.2682948414680011
row_026264,0.024677705932058498
row_029168,0.7757053967267495
row_037912,0.019054581678418465
row_028071,0.6969774185449559
row_039033,0.9625698969338785
row_005049,0.21029344163399794
row_013153,0.011067648163963922
row_017709,0.06786712538288817
row_028526,0.34081028949388903
row_042778,0.535609554441324
row_014994,0.2950912966931618
row_039711,0.85091967846265
row_021582,0.04295330521525833
row_036844,0.08505685040171887
row_012435,0.153029682273647
row_036864,0.008695363175116454
row_029424,0.060800656791543055
row_028527,0.04254306175557824
row_027133,0.008230682601565016
row_004142,0.03494064539616157
row_021299,0.494562366941674
row_034059,0.049342846614606126
row_002020,0.9873378757807173
row_049491,0.5125686305287028
row_024965,0.1694814430919358
row_043484,0.051300086434114704
row_004738,0.5650555588812513
row_026824,0.012235809900666696
row_034458,0.0302793425828269
row_029831,0.301906788180234
row_023074,0.019157762580336937
row_022722,0.035144046047675716
row_034267,0.0489311798898124
row_025925,0.020053829206048986
row_025675,0.5936162643994588
row_009712,0.01235171694648228
row_008404,0.19623542956938894
row_017206,0.00010132616299478527
row_035707,0.02584626353010727
row_009338,0.0026283358706153076
row_041425,0.03428186723224352
row_045403,0.015157768392536228
row_037050,0.5431598626956428
row_046422,0.013729205460630434
row_022800,0.8902171693772152
row_020417,0.0006210822573914473
row_005999,0.6315679618159087
row_007841,0.022013677115950637
row_035716,0.7601015041207072
row_000816,0.1091028329288999
row_033061,0.012030599423749467
row_004038,0.02983987179262842
row_031761,0.4914712133126631
row_036432,0.007991062947987198
row_039058,0.22086753877960258
row_021990,0.05858523489342309
row_017870,0.052644684250106294
row_003619,0.011996303736180042
row_019183,0.06883476896461162
row_047303,0.003003602698928448
row_008623,0.06377632825529155
row_040961,0.16842830093017583
row_018448,0.10793716957022793
row_019048,0.001381019398942235
row_038261,0.18445694614839703
row_009247,0.01609063563471603
row_041534,0.1620467573967744
row_025661,0.19766997992262528
row_011046,0.0084607992203375
row_037150,0.0012617500068685043
row_032568,0.9973161082317366
row_006961,0.1795328732833767
row_029690,0.7324841836667324
row_020433,0.015694486675382254
row_002826,0.027931677247786148
row_002617,7.079541974873032e-05
row_040949,0.6854208843791036
row_004187,0.23637313942966579
row_030649,0.4487815262501999
row_026947,0.08271075404695127
row_017459,0.16668359602395919
row_008887,0.0240989786047962
row_034874,0.015242006715107488
row_033096,0.00017461432443189123
row_030997,0.6849317152079942
row_014852,0.005244517529868931
row_042222,0.8302208916597803
row_045814,0.01235937688559915
row_027335,0.009086113862977438
row_027193,0.3792305065072305
row_022459,0.1637942995847952
row_010899,0.0101856491265825
row_020124,0.015745011875077132
row_009340,0.0035383700280750886
row_030806,0.003332747683539757
row_003028,0.03293672354911048
row_021001,0.18681264556597324
row_048636,0.7798136400323965
row_018943,0.008499282383747331
row_047075,0.03400369890604786
row_028868,0.026680786426629795
row_025688,0.33482204988905706
row_023110,0.008628109249399723
row_017556,0.7097637976500736
row_023959,0.0072350224317522865
row_006388,0.9813839827431732
row_004215,0.001198071097908735
row_026081,0.7288611936449594
row_029322,0.01522251581911239
row_018613,0.8266235913494061
row_041292,0.02675327721859329
row_047778,0.0373574847194992
row_010578,0.003703118378768177
row_038650,0.00047067259077534346
row_018732,0.030761341524487184
row_027870,0.6025433833794738
row_013320,0.08328167238389061
row_029274,0.002678415619650588
row_027095,0.3139534788261488
row_021391,0.05520401129977526
row_035370,0.015569730492459646
row_047691,0.013852877888986927
row_022411,0.39149647094955287
row_024572,0.003823533360520682
row_049597,0.01745825560653737
row_008331,0.002963059639052724
row_000362,0.004342964825153823
row_037625,0.7926120857231614
row_027276,0.0020849495078585955
row_023995,0.6237389133821755
row_040002,0.01456477028201474
row_043306,0.18989024335290122
row_030196,0.24964805571200768
row_026969,0.35099716275529375
row_013029,0.07042698115903585
row_013601,0.017670922782561344
row_015413,0.006982640559719368
row_018928,0.6204517439044883
row_046772,0.03870393929370886
row_035509,0.05156188028669049
row_014415,0.011396120660914942
row_044419,0.02120155903585115
row_039838,0.27879321915956273
row_011991,0.9937815472908712
row_039562,0.08355080488218196
row_021612,0.001787337596732901
row_049933,0.002796135780133068
row_046013,0.0042021774075615935
row_032743,0.09447651345808733
row_041100,0.018718113528467088
row_000254,0.05676012220665519
row_038574,0.49348557038307916
row_049769,0.029304247996150435
row_032763,0.0493137529337933
row_044632,0.003896027225773685
row_032569,0.6613088659670622
row_001945,0.05557756468041238
row_034196,0.0026520499052488256
row_019265,0.9863892930173088
row_010682,0.38911606872342397
row_026686,0.2902557963427005
row_005026,0.017032924105480834
row_038822,0.003039598682607721
row_017493,0.02187473321691491
row_016337,0.11642979161509823
row_034938,0.3317715684678197
row_018800,0.009158641556991974
row_020052,0.5894960677759482
row_005886,0.04496071740565734
row_048215,0.15885964315525644
row_038895,0.42715327720105395
row_026219,0.0017640265819673481
row_029560,0.2101837509916098
row_005189,0.19194203069645846
row_019770,0.0010635649830521715
row_009000,0.004745375730292785
row_016503,0.8952056781444298
row_025773,0.2717783782990719
row_006967,0.002451243263719475
row_032179,0.008094601103193398
row_041858,0.002703034178005744
row_030198,0.2398716611656827
row_025833,0.3303329038648965
row_031625,0.011171115652617174
row_020295,0.023059278391982494
row_032425,0.01260895135844965
row_006219,0.1520750449017665
row_002648,0.37331500915295845
row_034810,0.0312829444911675
row_024104,0.0432544806210136
row_046545,0.5466779491371543
row_026768,0.8136928594739317
row_030271,0.11257701598197216
row_024093,0.013022406701441155
row_037289,0.22937103321909325
row_040786,0.017041743505957795
row_022345,0.000598710254393393
row_020597,0.006023937835886852
row_038225,0.1894626285582214
row_030444,0.01881897016558444
row_032288,0.10397047350072357
row_007800,0.04326879785697783
row_017841,0.0678351616730779
row_024910,0.29284750759458406
row_005977,0.09261742655433228
row_006021,0.055639754166683424
row_049205,0.0661383940244358
row_040898,0.0020287189608368473
row_043002,0.9027316453259475
row_003655,0.018094268010368713
row_047926,0.036348581492426695
row_012103,0.00602415036242505
row_022069,0.021349578189746643
row_009679,0.5674277636253843
row_017437,0.1634779357744574
row_018428,0.03836138710274462
row_037684,0.06646446219691543
row_036980,0.01025504636359166
row_037906,0.3960155969410477
row_004848,0.07600660967472206
row_045564,0.4777950098569185
row_049237,0.0011674308836577755
row_034761,0.36567264603353317
row_020548,0.4507567353113822
row_024030,0.008679828398907347
row_040077,0.014087741003027563
row_000768,0.0011268449625935054
row_035931,0.15241252450368042
row_008685,0.03222583316252132
row_048803,0.6244803739968846
row_044961,0.011915030879813628
row_020590,0.004991850721432421
row_025132,0.9274990416746879
row_007080,0.016242409254570607
row_018257,0.14899804423358892
row_014662,0.8581855809454156
row_044122,0.040047602848152605
row_007392,0.6030271443116616
row_039150,0.11932484391752154
row_029478,0.0009818400293807874
row_042169,0.992552139033044
row_049571,0.008243308451579476
row_023497,0.0010032933422289801
row_004881,0.3921168858297211
row_027767,0.004335692329321548
row_007647,0.024828441031641293
row_012488,0.7204136582399243
row_039674,0.006900911538009601
row_037055,0.13816906533055234
row_003453,0.28920745525991226
row_002046,0.9921677165054212
row_036106,0.2558567356388464
row_014489,0.3807392950390286
row_023024,0.5065925778862356
row_046251,0.2548620287704647
row_007243,0.72959614136493
row_030586,0.13203978361019234
row_026709,0.005488017293479357
row_049411,0.00042028498344077125
row_019776,0.0003292700392132273
row_041013,0.06049006812764203
row_029950,0.02977129426867825
row_016761,0.47918704681336466
row_017392,0.1331461302260724
row_016034,0.9604594213778955
row_031070,0.033698356842277295
row_012826,0.7474287109109182
row_012751,0.0032308662184474066
row_040768,0.32068487063875384
row_027266,0.01766463474285327
row_003752,0.057985245503764625
row_043966,0.07860381282092947
row_042142,0.2600153507554742
row_037329,0.0041855156182619025
row_021193,0.8227336142395602
row_043358,0.04346068827427795
row_000996,0.08667745705820468
row_007200,0.38608113378137876
row_018569,0.8432492019100118
row_017552,0.03656934994331748
row_026688,0.03762336450650823
row_025321,0.003605612750779391
row_003128,0.3590525283983093
row_002426,0.033298115038415205
row_017925,0.0004013189697765242
row_006441,0.006292485474404095
row_036540,0.001060321293561285
row_012010,0.07881751822915366
row_020802,0.5532025087310372
row_028466,0.38850165872742803
row_020858,0.001840595397027864
row_038790,0.9946437172271747
row_040533,0.9919035984121939
row_020277,0.7020225773463425
row_022870,0.001134037923454585
row_004633,0.044715976834448716
row_008934,0.6834930019855249
row_011782,0.010873047028749108
row_002080,0.4933086446845552
row_033014,0.34289226817478835
row_013100,0.13975112316672303
row_026521,0.036890275511497664
row_047103,0.0045779534151927795
row_027399,0.2812791908606381
row_039940,0.09244758783002228
row_029965,0.024988425724681157
row_046076,0.0467140242410403
row_021442,0.00019021245434923647
row_000331,0.7615479253689581
row_046470,0.22217756732554939
row_016497,0.0029378064529518174
row_007502,0.01983476680035504
row_006581,0.012987279013900847
row_024671,0.1098997651687833
row_041876,0.9507813934203402
row_042841,0.3902422119349854
row_038429,0.0028853530220446315
row_048638,0.9056201418727505
row_029608,0.001146062971122466
row_036436,0.006191386280539381
row_012571,0.010692162034328738
row_009333,0.916297859612914
row_027643,0.24729064682005056
row_039633,0.0012703221068995727
row_008743,0.04259270579847185
row_014773,0.4781842146472184
row_044075,0.0008103674691741403
row_000138,0.15511275747751282
row_031422,0.10092539415995548
row_016434,0.06785600801727981
row_021379,0.19513675704581562
row_003662,0.05441589687317518
row_030873,0.15907576251832628
row_021609,0.0002810207297037769
row_034386,0.5855015104767528
row_041417,0.047656101687478004
row_036541,0.023353249392434532
row_037140,0.007255237032269804
row_004734,0.9867384034792555
row_000184,0.00549095325405742
row_025636,0.05287464966575667
row_034187,0.40109161973684326
row_046308,0.005167400285855811
row_019985,0.6886876773712479
row_008044,0.004937182429705465
row_001241,0.32061013587557363
row_010273,0.9798162194772086
row_018564,0.010228891377604972
row_049378,0.014557737475051121
row_014655,0.0010343152298680396
row_037246,0.8988483645587612
row_038573,0.9467547152498564
row_044946,0.9918905759749052
row_033019,0.07532989717125091
row_012193,0.002481477472038703
row_038107,0.9946412307704232
row_034517,0.0700261861703635
row_033544,0.7682805762064904
row_019382,0.14634053798872035
row_041102,0.5877976402794713
row_006943,0.017481033609994753
row_032780,0.02371109025531298
row_046871,0.13973479343983827
row_049693,0.1011445313090992
row_011880,0.004422243555496655
row_003223,0.056688409600647055
row_044161,0.01638523688087757
row_029820,0.41441650185145495
row_009650,0.008035895436628441
row_002540,0.0014582146724597931
row_015858,0.02384152088413768
row_026386,0.1187889481136669
row_035071,0.138677265037754
row_005988,0.31135215953543044
row_025393,0.9143981863816019
row_047910,0.010154933568586556
row_022623,0.3214641845489568
row_043185,0.044847362490550845
row_026726,0.046821984423722394
row_005582,0.707479962548768
row_022391,0.22155239733262366
row_026443,0.048180923122799896
row_030252,0.07259193989385149
row_027520,0.003269191074467119
row_042818,0.9343181184567435
row_009462,0.10164838407142672
row_041387,0.014978390946928748
row_001800,0.35723339008403426
row_014530,0.017864752698985232
row_015733,0.0005994969890072184
row_013978,0.0015951321156262542
row_017194,0.0012040464845388178
row_015136,0.03547102260475842
row_005680,0.0038457935620707802
row_008177,0.01665585951796883
row_012555,0.3200477014065188
row_049014,0.002425677333947858
row_032407,0.009269525907385839
row_000664,0.355122221239909
row_039936,0.06811873513757759
row_027465,0.14664448646961806
row_046360,0.038382360964789565
row_033157,0.2328012814221306
row_034266,0.6802362326277686
row_038002,0.9844788621485558
row_013986,0.006443510798836774
row_026968,0.2362783006340005
row_023400,0.034020101779523956
row_013008,0.8232079481232892
row_037603,0.11463824146874034
row_017018,0.057887898871762336
row_000393,0.21499346990596516
row_022100,0.03500794206743019
row_041487,0.030935632192867567
row_046636,0.4384803615663651
row_043989,0.7571441065349372
row_029512,0.03240604536693598
row_003869,0.11454367417619064
row_031880,0.008034871863843229
row_013676,0.001002347073883289
row_045358,0.024377682488493292
row_005797,0.0743239316476632
row_044862,0.34491207850958505
row_038549,0.9897958344848282
row_010109,0.6498171142765629
row_012924,0.19598206949443553
row_002323,0.08908629586691644
row_028581,0.9650055648806858
row_032540,0.7770364212836172
row_009431,0.020110458448890107
row_015539,0.0016866395758881217
row_047365,0.027534998215936995
row_033179,0.7478852331314614
row_013703,0.013651878012142024
row_000097,0.11468938466109055
row_031605,0.07567240644284275
row_000656,0.25470420256314286
row_049166,0.002443712499537015
row_012474,0.7495684323368219
row_030232,0.10766453340461786
row_021440,0.046786257137841035
row_015618,0.00037201084272683546
row_034676,0.06324663030620481
row_029232,0.13893566714075617
row_002552,0.30723741382580505
row_046020,0.012072973558008217
row_007937,0.007472139019147279
row_022974,0.1132904120589216
row_006205,0.7824479427441792
row_048338,0.01926756372591308
row_024321,0.002321998445639169
row_017473,0.774759479825313
row_041362,0.004768970492960842
row_018825,0.028213468383211673
row_007369,0.5790875347847148
row_004110,0.003069783800219619
row_022012,0.48628780194918914
row_007407,0.16694496230314515
row_017917,0.008043823167260898
row_034592,0.019303550083058996
row_045766,0.8895781757341227
row_022452,0.8974236376352899
row_045377,0.8919115549607382
row_049914,0.080419648900711
row_006866,0.8764648164279244
row_031117,0.007975177182098137
row_031170,0.060269597412608025
row_034939,0.5863509282098012
row_012228,0.07600102816657227
row_040982,0.19747870680086366
row_005075,0.000249700454991673
row_023026,0.02421821852147677
row_014966,0.00017811910384061115
row_011324,0.0017389020440205915
row_029819,0.032131103973475385
row_008282,0.9837018396206043
row_016463,0.08459169619511245
row_019366,0.08229939164790423
row_016175,0.05992545884461992
row_013116,0.9797541028999946
row_045528,0.0006032405027718423
row_042890,0.7529388863145704
row_031929,0.013551895133275243
row_016975,0.057883912472593724
row_037047,0.06393027013141267
row_033729,0.015128300559664947
row_034324,0.010340114712305937
row_018769,0.1680408745856059
row_049208,0.016205111788139458
row_008365,0.15467079911437562
row_031263,0.19554340273528925
row_023503,0.5515890217976117
row_019402,0.012815597997099477
row_027050,0.020624240742553552
row_037171,0.15463783840151465
row_001162,0.09483512434149395
row_049429,0.07233942026746512
row_028817,0.540399871864119
row_016023,0.12811894848090413
row_039987,0.6996683055882346
row_041247,0.18762822790208403
row_031102,0.00027220141834128335
row_017517,0.05168894340360021
row_003999,0.008330722844718612
row_025609,0.015721319317488578
row_019360,0.015037476969065903
row_006885,0.9669601056205157
row_020626,0.0019042789312790753
row_012011,0.9736253621656805
row_000502,0.05044913082667097
row_043597,0.09704418772846034
row_038628,0.031107411670909146
row_015000,0.01110896544359233
row_038863,0.022481864316935274
row_020091,0.07657366723505435
row_007045,0.05828086369968377
row_026401,0.5951105283256167
row_044114,0.40393645627055097
row_015445,0.0754804636722642
row_008396,0.02750903945259449
row_039115,0.04450691239637029
row_021039,0.061810964780784405
row_018654,0.0261873520374324
row_023590,0.0040516786654191134
row_036839,0.9935588059082373
row_049218,0.03699306078787472
row_026223,0.986539036749275
row_012152,0.03425191362529059
row_027960,0.015577260869490364
row_001318,0.0034453120058356417
row_047932,0.7056126826820104
row_045336,0.23965348268839448
row_019206,0.014815062383333273
row_022880,0.07363096848432579
row_009615,0.002130670295139172
row_017287,0.10226678603268909
row_039462,0.06888777829112681
row_021823,0.28290211848877617
row_001322,0.004640527499179837
row_023631,0.8629802237170167
row_020304,0.08399096271435522
row_017300,0.0958423895833673
row_026437,0.003145962242812126
row_011857,0.13673451310879875
row_026380,0.3152023225226801
row_048190,0.027867440170434306
row_016243,0.0737348762273216
row_025691,0.6820205905822546
row_045395,0.03534507726532838
row_042183,0.06440801698885833
row_015267,0.03463745669786818
row_017370,0.06855301668928282
row_024225,0.13465808535203763
row_032832,0.9999068061203178
row_037919,0.005652308906471986
row_037215,0.41123281219524654
row_041006,0.06858728807805238
row_005113,0.03300736535513889
row_013359,0.00355995762084563
row_033700,0.9092208545451489
row_008929,0.7553462319986112
row_026211,0.030677333672052606
row_035413,0.3702273546613161
row_026084,0.0021020356597805374
row_022592,0.09447663081123454
row_016532,0.5804088933719559
row_036371,0.054537030870872055
row_030262,0.080789535249768
row_048799,0.06986399060366388
row_037319,0.08546355492845659
row_048511,0.08406428532601476
row_033664,0.00011073133734034803
row_008095,0.0436332801465747
row_049942,0.016582765345174468
row_010480,0.5821497884710589
row_011989,0.015634677928177566
row_025991,0.015507207721228489
row_028475,0.4103802662004745
row_026621,0.5108958189025734
row_031734,0.0019665808225803882
row_042182,0.07212504821670668
row_023775,0.9929058022229855
row_041490,0.0076011297854798755
row_030289,0.8971795068809387
row_049270,0.18426537365402101
row_038757,0.0024728370333203836
row_008188,0.004540563961371494
row_021646,0.015641548954081565
row_039953,0.006317602308568128
row_021963,0.13709632877034683
row_010395,0.7624168159947865
row_044690,0.08137628885565686
row_003488,0.024553287197331252
row_027107,0.026086009444068553
row_032770,0.1045166758015583
row_016362,0.0014214778966217053
row_003086,0.22643680826355386
row_005437,0.41630084149716085
row_045335,0.19219966662466975
row_040367,0.09201676881463731
row_030393,0.9473020551039754
row_044661,0.010558838046424672
row_046891,0.9424991054468794
row_022869,0.06593487144736217
row_033499,0.07066580538676705
row_008264,0.11112980211727691
row_005108,0.07682738346593815
row_004162,0.0007500760567268939
row_042605,0.9859154616456334
row_034785,0.10922978024259976
row_040008,0.0019291039634348577
row_009162,0.01753759473326755
row_025824,0.3224857101798464
row_021972,0.4781397408240418
row_013882,0.0036914861207270515
row_024326,0.09462286106205484
row_036513,0.04701959171031506
row_049995,0.7957813852110507
row_009146,0.8468461531160494
row_000927,0.1454169061173744
row_001017,0.0016117407514539522
row_002936,0.9980961926874372
row_049113,0.24638002311643695
row_010498,0.04622435526947095
row_012302,0.002294148260479761
row_015813,0.012338184928635228
row_020462,0.013197274018462987
row_031259,0.8128020168101849
row_042068,0.011081560022569884
row_001422,0.18040686582535972
row_035258,0.016192846340715418
row_038723,0.004483920509211276
row_006023,0.007186734292114371
row_020279,0.009550045880276383
row_031964,0.05163711487316357
row_037574,0.10729391630256531
row_017434,0.34520977233154343
row_019562,0.030027033823845663
row_022191,0.032836809637738586
row_001787,0.7184033191530184
row_047469,0.4671362650688635
row_021408,0.09013364017949678
row_019983,0.5229023381448044
row_044766,0.004015063197292895
row_043012,0.017323573517515078
row_005754,0.014625523899954631
row_023581,0.0009838922242951737
row_047464,0.049202699369886235
row_046741,0.043942238289159864
row_001578,6.020330132579849e-05
row_024645,0.12652353516353532
row_011507,0.0762617484350442
row_044110,0.16196650156934128
row_017490,0.024576994844834887
row_004282,0.09416920114884793
row_027898,0.0053383752997904505
row_004004,0.1336588521651085
row_043396,0.15556360741627132
row_028395,0.19050854072483964
row_032915,0.02799868173701266
row_013633,0.0055468001447706305
row_037976,0.02648167159466175
row_016115,0.8189314109320686
row_004541,0.00862603570763559
row_001667,0.008868159298714795
row_021330,0.4208474474316876
row_020484,0.24819454441553065
row_044319,0.4018009334864716
row_027862,0.0035001582375007935
row_041024,0.0034913480839014665
row_042227,0.02646337832471002
row_025071,0.004230940041057898
row_007846,0.9660411712869854
row_048371,0.5482325521184073
row_013907,0.16977529234766925
row_001128,0.0624130842478812
row_004354,0.28435794720144386
row_026251,0.001541737375161339
row_045544,0.06174803806643127
row_002637,0.4362941549689638
row_029567,0.5445832277639654
row_008016,0.21258980086645674
row_021082,0.01270255747419653
row_042836,0.9374008740285117
row_025676,0.2990164286638348
row_011548,0.0002760845637006181
row_037279,0.2638106164206339
row_011818,0.034782400958897446
row_049310,0.04781810238110604
row_000510,0.565507219371667
row_004788,0.0041996121035783795
row_002827,0.024515348410729318
row_013694,0.07359810755205698
row_024744,0.9944787766144546
row_018736,0.031256758341340195
row_009796,0.00420727902281041
row_034247,0.3510849634992965
row_039254,0.023332986506954288
row_031874,0.11140788715895779
row_003432,0.0015201203356341709
row_023023,0.12285444463393098
row_002183,0.9976696675948346
row_015753,0.006552312554251311
row_048473,0.0005708665853306642
row_009463,0.0076705938895245225
row_009499,0.04100255114718516
row_016238,0.04495071222106311
row_035791,0.4425245657882259
row_017109,0.222146884561371
row_010162,0.009383079782405867
row_006641,0.017044160340685528
row_032793,0.013330019024563988
row_039542,0.8556819016566986
row_042161,0.0167651446318294
row_010910,0.036958478214329536
row_002206,0.01820778150694296
row_042901,0.7584630720064843
row_005831,0.0026615562389094693
row_002918,0.017282398370972698
row_002917,0.712602331056295
row_046079,0.3558206652759463
row_028037,0.09881848697084147
row_008899,0.8866000998035097
row_003990,0.08086344291169478
row_005354,0.3196533119463756
row_000422,0.006636977538165358
row_031773,0.011801847943556706
row_033334,0.015022298238382194
row_048615,0.018073579215953952
row_035048,0.00625685855539669
row_047832,0.6638425272369154
row_012110,0.026505848758028933
row_048964,0.009057393140211686
row_023735,0.4359948835100604
row_033392,0.7797814406164757
row_043401,0.973273887632525
row_041456,0.03830387498181503
row_025212,0.0009173762106629514
row_023828,0.07615129534621257
row_034135,0.036947219140649065
row_027334,0.006153731658227261
row_047406,0.023337800863893483
row_033534,0.22582004242945342
row_020876,0.9158776890460696
row_030096,0.9061369266925975
row_008505,0.03779643888503569
row_012441,0.38300168556901176
row_029743,0.5930981321919505
row_003456,0.05492124652838047
row_029707,0.09240881321259334
row_033318,0.018692638720007388
row_038311,0.013216424909372778
row_001266,0.9893497272222331
row_043038,0.009263257382213293
row_019681,0.32633665546029533
row_046890,0.00635180755689974
row_009900,0.44717878302505326
row_040431,0.07080757853415795
row_019797,0.004388146613984957
row_008979,0.00028075875189247014
row_041859,0.008409168473887802
row_037000,0.06076233001064978
row_034439,0.8132567686838472
row_014730,0.33937724021765325
row_022330,0.0892128216126265
row_024574,0.161395540236749
row_004408,0.0014569258397229311
row_031632,0.366608331454901
row_030052,0.8663551792567838
row_028482,0.01784229032311848
row_002272,0.5888845909918299
row_027652,0.9291878842246385
row_048335,0.4995409523691849
row_018941,0.06416857203991508
row_017918,0.4879735767762388
row_042304,0.0032257601402787485
row_022175,0.4855225126380187
row_041581,0.021887856114216103
row_030733,0.007200035259475503
row_023860,0.2719264695011789
row_023054,0.008009994079792561
row_013765,0.004251711458665151
row_041036,0.0015865733482468634
row_033512,0.30599190034603535
row_001933,0.010471837801159926
row_012849,0.23627175922592766
row_047707,0.23856819677622043
row_030208,0.0332470685548471
row_030660,0.7221101271682969
row_028851,0.09668263329020023
row_006240,0.0263719373992584
row_014798,0.03167890181886414
row_002518,0.5374276655369767
row_046503,0.5814409122736317
row_009286,0.8715975363037389
row_011854,0.010446264204526068
row_032114,0.872000947222262
row_027849,0.3644117288591086
row_001401,0.02994560047896723
row_007136,0.006900622926840479
row_008090,0.26704868550878336
row_020847,0.12067833533442869
row_010577,0.49380049840823786
row_006050,0.2575237872664227
row_032018,0.012088011641904692
row_000306,0.5305484412926749
row_028610,0.005184869386052696
row_000637,0.009057874110546656
row_027923,0.0038778062371459753
row_029556,0.00013509600050284413
row_005844,0.7970324057723233
row_017896,0.6579821637166592
row_022527,0.1490766053315292
row_026148,0.010150263852663292
row_027738,0.42401328951677136
row_031335,0.4480552768357054
row_012500,0.5798268682101477
row_019819,0.02525769097266837
row_012034,0.024128236912938174
row_021380,0.9035021487392036
row_022481,0.007649821289667337
row_046232,0.0029146752391111417
row_035805,0.028834942369961293
row_041656,0.18538798648221919
row_015068,0.010994519350814745
row_025550,0.17174405973295978
row_017033,0.36009553495658003
row_038583,0.9954882685110212
row_003196,0.013045337493674106
row_041452,0.28958975011177845
row_008827,0.012483659712056935
row_001333,0.2841766206595299
row_008846,0.2578282792389845
row_024039,0.004928720904445018
row_007303,0.001954444029551823
row_016767,0.7080204840438957
row_038455,0.059556252409235635
row_037672,0.001747514398790218
row_032654,0.972456783573816
row_036427,0.03406546926102159
row_040337,0.32812957760558986
row_031618,0.00943420738406016
row_042638,0.002478349892977968
row_036922,0.33498270982027256
row_024584,0.9037231432023918
row_043525,0.025334967508654976
row_028167,0.04358236172186631
row_013407,0.3713833907086775
row_032003,0.1263694212670592
row_008437,0.02291382794080443
row_038669,0.15101482913426298
row_002916,0.3957069953818872
row_020464,0.0339668771243233
row_028396,0.05411333181758932
row_041414,0.1433769317726925
row_007538,0.027860986708170336
row_003181,0.00912816013399579
row_030762,0.00501801387505961
row_012760,0.006485277728189468
row_035905,0.04079005300811557
row_031867,0.0013298097021824363
row_004468,0.0016041064079467908
row_038056,0.0024807638934330033
row_047547,0.04237612500467775
row_047430,0.28116100443428027
row_049659,0.03652609662281535
row_027704,0.0016453540364122633
row_009987,0.40281882305902683
row_047700,0.00029259429197442865
row_024076,0.047089029529298804
row_019748,0.0038462248799601096
row_040252,0.11057064715821453
row_046804,0.47420907605684187
row_046633,0.12268800741949387
row_029508,0.12912950191791225
row_020549,0.40780541833324296
row_047703,0.06103588843459405
row_007382,0.008655974963497163
row_028463,0.49081532408173206
row_001350,0.0019063459223122778
row_015684,0.5374701032536157
row_041284,0.010936307456580127
row_039093,0.030166869045729783
row_008914,0.007372125274300805
row_001659,0.202774533533082
row_037920,0.0003359892195778144
row_021304,0.0020277570732679753
row_034366,0.02701253106255943
row_044274,0.021312212089538998
row_035456,0.21042482615380365
row_005553,0.18429017884498788
row_016801,0.11839601776039203
row_017282,0.0013610215195681992
row_036342,0.08857165882567289
row_043134,0.24620517895687405
row_005164,0.7836587756263012
row_013140,0.9837393922690798
row_020095,0.0015167112684016247
row_035008,0.9057462674983204
row_040586,0.09358031333573814
row_028021,0.40240111095717596
row_022226,0.0020590745277835254
row_034502,0.34278192466730184
row_036038,0.002147214386600356
row_013385,0.05625068223415754
row_038439,0.2712072325793748
row_017518,0.004077677741996716
row_042357,0.0060700533767531215
row_022842,0.007597658083848252
row_023734,0.22716756969772936
row_028164,0.01221242708603888
row_045030,0.3330119950014177
row_017649,0.4754381586950576
row_036578,0.05572714471060165
row_040972,0.0017675207661540676
row_004779,0.009953468002880828
row_007606,0.019761074726667886
row_035938,0.8470324352091652
row_019118,0.0913972391985089
row_014448,0.7658935150931687
row_004415,0.42964238349135125
row_045682,0.20138411070616188
row_037355,0.0630946288019361
row_024959,0.9975574546083397
row_015629,0.4745762704905856
row_043027,0.23380146775107244
row_015005,0.9518004566184207
row_029498,0.05006492212057068
row_036220,0.040617148873972435
row_018754,0.19963814553247594
row_026355,0.1854476960393915
row_007485,0.03438168967443685
row_043325,0.10516326505280235
row_030440,0.017987175899135278
row_038538,0.9408988531270592
row_002533,0.055575527269204804
row_046107,0.3957097238907956
row_020265,0.005141348055258496
row_020072,0.014264306198432237
row_044918,0.01750640802296899
row_044991,0.48706692284224073
row_032774,0.9800695097200269
row_022496,0.28876999687021543
row_007904,0.3485418971129379
row_008477,0.036031447367594976
row_039889,0.008526136022109176
row_002454,0.9083352556237736
row_045515,0.002961617631188833
row_040864,0.11840373654165748
row_014115,0.0955174709201522
row_035077,0.24896902848707567
row_007587,0.10174263018767957
row_017647,0.42690959978109405
row_037881,0.4542807711344829
row_026962,0.049807117934914116
row_014009,0.002848036409361533
row_025457,0.8473134919780725
row_037671,0.006036114092448744
row_025067,0.8769299253414369
row_017019,0.043513586770699546
row_029465,0.00011314813718691924
row_030199,0.2067998267082493
row_041407,0.007299000352928418
row_023804,0.0027626357198762812
row_026227,0.03202056641198603
row_041651,0.12500024110499763
row_040610,0.9769972637944537
row_047419,0.11045373783033384
row_023405,0.05523877685345429
row_012961,0.04623767021918847
row_040501,0.060186045196963724
row_000391,0.9821317710633488
row_030688,0.003175322867114521
row_043670,0.5685743410886392
row_045587,0.7614826152055256
row_047322,0.9158587432464539
row_030296,0.10581409024296587
row_030892,0.9879235806365668
row_029569,0.011577242706573981
row_028923,0.07053525578234704
row_030978,0.004320984586303895
row_034877,0.0008028863363476199
row_018713,0.17796790707218757
row_003913,0.615280393931644
row_013550,0.8984780306383874
row_022764,0.013799746088290663
row_047821,0.10612230802310836
row_009775,0.17278473176981562
row_030540,0.0010046216064748521
row_027360,0.05339196545536851
row_009907,0.015300152050670786
row_021546,0.014455218496159956
row_027588,0.29118405403968706
row_039044,0.9954762884306584
row_049821,0.0012559697824583295
row_022926,0.031837080143312706
row_022421,0.8775528446279895
row_046404,0.007874580584102186
row_035123,0.0007083627079788867
row_006409,0.002888540929829236
row_012964,0.08609345999265001
row_023973,0.9395756276141995
row_003719,0.13042756320048543
row_002134,0.15800127169190245
row_007534,0.02597677250216326
row_025532,0.046599619704105616
row_012837,0.9074080411371749
row_025252,0.0398581256172212
row_014591,0.28009111261276626
row_026750,0.0022395805677257446
row_012213,0.8215790752480813
row_016221,0.02000310995243397
row_013226,0.0007270912237415517
row_024783,0.7727263017498648
row_022249,0.009375256707966993
row_005360,0.6111934192325386
row_036244,0.2455034525659127
row_046161,0.9884644344849809
row_006112,0.16430776040648112
row_023217,0.0011790295035509016
row_039393,0.022458800826019684
row_036621,0.051167894050424156
row_044447,0.1115902516310468
row_048607,0.007188907390030446
row_014391,0.3872838023982663
row_002606,0.032476382650162484
row_043346,0.003852929702418682
row_020245,0.08671871163051895
row_036712,0.4606116921624352
row_021859,0.005332390341906185
row_045797,0.000662225865269708
row_034903,0.004610540120896669
row_006058,0.8146823355691322
row_015849,0.025661991175519844
row_044166,0.3519462688424608
row_035491,0.026280579336794046
row_034992,0.016187382345249662
row_008601,0.018444372200494316
row_034911,0.02692060535238285
row_001741,0.04871664043215919
row_014584,0.005083395212563042
row_009275,0.005080157990534901
row_005786,0.05017319847146971
row_001376,0.00038952339895588137
row_015003,0.046102609364778155
row_003517,0.030696442578065555
row_047930,0.006279214438768227
row_040451,0.08179208917657395
row_002249,0.45018099818078466
row_025089,0.9778922372251848
row_038834,0.9647581373519748
row_020939,0.013036767563788904
row_018430,0.06638486885811497
row_016953,0.006031593551573393
row_035993,0.0030955302051606753
row_021574,0.029034302284618077
row_025000,0.04767488721650805
row_039972,0.004296880487803956
row_044856,0.4713859276632082
row_022919,0.08329708139787181
row_022510,0.36485921485650114
row_012540,0.0639641602983998
row_031402,0.0037475672592271604
row_022568,0.0775412783502339
row_017382,0.031157484018571584
row_009711,0.9771552086804849
row_040576,0.009586590285550626
row_031131,0.40905930334919066
row_013296,0.0005281886648779864
row_017279,0.30619119786440885
row_038162,0.05682910547683894
row_037391,0.042191990047715275
row_032890,0.012587451574796817
row_044123,0.5275350547044603
row_046641,0.9958302766173877
row_010044,0.03459218118342899
row_016873,0.7485531730255318
row_026975,0.034004663975021956
row_026888,0.1551254145601465
row_002724,0.24410585238500643
row_013197,0.035535102184830934
row_005276,0.4219867132667967
row_031419,0.03361569052417382
row_006416,0.010906866328393848
row_012885,0.4865848745508957
row_030058,0.05973724187120529
row_021029,0.10679257462401569
row_025133,0.9637117621818604
row_023267,0.6973441838962307
row_006809,0.9231865225386924
row_037660,0.07821672410017912
row_009813,0.0012007394673767796
row_007471,0.009960643885081222
row_002339,0.02475795124699747
row_014403,0.423056374360355
row_038516,0.05390854217800063
row_021031,0.14514449975527152
row_006422,0.20654802524593316
row_035516,0.0014418017071336595
row_016888,0.057158303416562785
row_016752,0.702812097287825
row_024748,0.015445577995384005
row_033131,0.011041749777725264
row_001341,0.019746043802859388
row_034387,0.7868424281194167
row_026838,0.021595010979867716
row_007888,0.11377623411193823
row_020438,0.06722897766295187
row_046259,0.09975261775470774
row_045657,0.6832966316454662
row_008224,0.007760499932684607
row_020128,0.009271836596045715
row_037297,0.0018277621771081434
row_040733,0.0022309597137841995
row_018015,0.8631817282157729
row_038501,0.0035398217443918163
row_007682,0.46083769806970143
row_028461,0.0012846327850645513
row_032582,0.01448264243074656
row_042499,0.004431978076126153
row_023039,0.7995116148947267
row_048454,0.002573156984953927
row_015400,0.0035840876408853306
row_012102,0.012592104943304809
row_039432,0.00041970630508475097
row_045184,0.009764965516073929
row_043077,0.8264987823225678
row_024251,0.017398225061543215
row_017641,0.178732274263955
row_009421,0.008814858111306877
row_030026,0.011950125909581543
row_029282,0.36680786691488015
row_033428,0.9275209998741669
row_045366,0.9876608471596904
row_049025,0.9973339275961506
row_007109,0.06222197441479273
row_025856,0.0037518699572194137
row_019052,0.05602132532189461
row_044735,0.002862738541392453
row_008675,0.0225274777710159
row_022876,0.903214682053351
row_014360,0.41755007407729294
row_012442,0.3067387161676375
row_012799,0.730315722807526
row_031360,0.01396797371540917
row_017562,0.05683652117183697
row_024472,0.039709049066416036
row_015979,0.0009695063504570479
row_004143,0.00022457398702401227
row_044094,0.6074269615151788
row_017836,0.049337901745841975
row_043758,0.1899675937902753
row_020993,0.6963990379519522
row_007691,0.9976748148356337
row_038846,0.08486516354133349
row_018346,0.51413512378204
row_038906,0.1283110519850219
row_011773,0.045993130635730066
row_011186,0.025486030140715703
row_022412,0.004789275084358686
row_034725,0.4551633626758869
row_009692,0.8882344174335397
row_016951,0.9122976832166685
row_025912,0.004929674553859213
row_027844,0.0017356657510115637
row_028543,0.05003419124317627
row_005875,0.09942864618217298
row_008694,0.0033999657730444544
row_044593,0.003449235759709612
row_004205,0.5539819332142054
row_035106,0.6118049291615155
row_018678,0.5223976189823321
row_017307,0.04400052179990243
row_021467,0.35643429009771044
row_019386,0.05717560866199422
row_044981,0.3122905010973398
row_036379,0.06102201923028656
row_040939,0.00217195379289439
row_043630,0.9510374629681536
row_037898,0.10128431384450487
row_039496,0.05396026883536939
row_010501,0.9973549813609078
row_016669,0.0012885884503664943
row_021105,0.356820988428264
row_034286,0.9511378704538809
row_027622,0.2247760849151083
row_017895,0.05508864869358764
row_026562,0.0023295131386698964
row_039116,0.07445051516361462
row_038216,0.02476631129749704
row_010015,0.1608837603924876
row_044186,0.9614131814599758
row_027718,0.01816094864923443
row_042065,0.002726460902761757
row_041231,0.031261435010662954
row_014269,0.003813136992953586
row_009404,0.15664593082871714
row_040907,0.004048093608565142
row_009019,0.16330112077652273
row_001260,0.33823561427724125
row_018379,0.8922812990580758
row_031574,0.09223277129995298
row_003480,0.4057857999532139
row_018072,0.0008416240535027518
row_028873,0.026103467619373728
row_030285,0.636075716611643
row_037863,0.16832156919896343
row_003838,0.26248547510438697
row_034975,0.20465942953533708
row_012150,0.9870237648248795
row_013793,0.027615059953071508
row_016022,0.4963232429469215
row_011460,0.0014567659548760138
row_021282,0.3365270919066975
row_005272,0.024887821167230262
row_006045,0.0073312695155945224
row_034749,0.3008839667014534
row_030237,0.15573831572157387
row_023605,0.042597569426259065
row_049859,0.9998705552652717
row_023879,0.017489731487589102
row_010002,0.268428134309611
row_019117,0.18348701090401298
row_047206,0.48859250271366433
row_015073,0.4818044447958684
row_019948,0.5094621943919257
row_033094,0.0005695490653754359
row_002244,0.029840546928786908
row_017333,0.06697830370722645
row_010096,0.8835919318507405
row_004758,0.22528015247356173
row_007292,0.04006768141649759
row_027801,0.006666588186207463
row_045697,0.3193285345454593
row_000933,0.0017286197448046182
row_009917,0.009123760478192307
row_022241,0.009738234823367898
row_002088,0.1313201036085441
row_046192,0.0012981960752057053
row_042518,0.0036517284601430976
row_012094,0.05591026299408202
row_021357,0.01104915692433624
row_015415,0.0061545526191866115
row_004685,0.33703161477369137
row_037761,0.9356797676049264
row_018100,0.005193621773528939
row_048253,0.062139709088922926
row_031042,0.1175333012887611
row_048550,0.09019953240705396
row_039451,0.012364307771884499
row_016149,0.02263856555811164
row_013725,0.06499322324600058
row_044701,0.03945973474502142
row_033776,0.08367018797014093
row_006189,0.008628946196715078
row_017597,0.11762222697898297
row_018731,0.006783424317889821
row_033111,0.040269501295179796
row_048913,0.0029215300210188627
row_030722,0.001956974998969226
row_004230,0.0033964531376064772
row_005358,0.10015852485621814
row_030937,0.3745339672107436
row_047319,0.040856863736506446
row_015998,0.0426353047300742
row_002977,0.3476749924353162
row_039677,0.008118427723744966
row_021479,0.003918826269154762
row_043650,0.05441882470324434
row_011313,0.6705033798832796
row_044408,0.0001647183096836458
row_024742,0.8276139820325833
row_006083,0.08144389749685722
row_003975,0.03382572390662758
row_022334,0.5633391386547447
row_047861,0.04944379457555544
row_033905,0.22536508208789516
row_011482,0.018290774973425447
row_004884,0.9425139300710361
row_032788,0.3587105050752162
row_044833,0.6305815336893156
row_049627,0.0028577186904204946
row_004203,0.2585727970814546
row_024417,0.02541858059362166
row_004060,0.2002717096387575
row_034118,0.0025026750697672083
row_025990,0.01685785976050882
row_011236,0.544927370531965
row_005261,0.00167971936876227
row_034600,0.009477030538780863
row_029176,0.19672436485607897
row_010628,0.8508003202812957
row_005231,0.008303166609639475
row_039545,0.028391752192601653
row_018727,0.9596534481339385
row_018516,0.9064986215288279
row_001412,0.004680194166460041
row_044639,0.0011143932229716713
row_032103,0.1299802286370578
row_041664,0.5934656288023276
row_023657,0.11488327218382621
row_020441,0.6197140600691701
row_016994,0.009465910557211374
row_004610,0.007980057992112146
row_029218,0.3865945286705201
row_009518,0.9832370440128175
row_027985,0.03884997954309196
row_017992,0.03094355912291518
row_049093,0.012649284329738893
row_048943,0.008571445081703091
row_010032,0.027556525673692354
row_017636,0.9890441624467289
row_022790,0.2386150803675063
row_022932,0.003598977668246725
row_044916,0.09212609087476203
row_038341,0.01222775622900977
row_003809,0.024365594512778713
row_016616,0.007516247291260613
row_031609,0.011989818608275606
row_002220,0.050869932386935574
row_016191,0.02737592836887236
row_043882,0.13520010911987126
row_038836,0.14095911602465142
row_024179,0.09191164330412376
row_017792,0.08287521003959879
row_038347,0.7943813298010655
row_037324,0.07602605886178665
row_038291,0.12742912432749168
row_007138,0.04305837259571392
row_043611,0.004041164385003064
row_040323,0.08387094539967992
row_019522,0.05901128265988984
row_039188,0.12751239710951925
row_016617,0.002679007162454529
row_022502,0.5611833055867951
row_028778,0.0008414603767058072
row_043089,0.02091701188606213
row_038970,0.03282961570185802
row_018939,0.015288034992154517
row_015710,0.8556473251490908
row_036518,0.8638831636392593
row_045023,0.13732305941164563
row_030330,0.03619347612333728
row_042716,0.0012228893085686413
row_037177,0.0734535770706141
row_002489,0.002105609068686216
row_043522,0.061052317039599895
row_015603,0.8546119385847514
row_022303,0.25884240651499135
row_039157,0.007229144326525785
row_010783,0.024816937113015417
row_047814,0.1191990542497774
row_040406,0.8344270466420295
row_035760,0.9988636919878937
row_004423,0.0019989764925275417
row_035036,0.009618462583630178
row_037128,0.005026915353228126
row_038696,0.4041380630872465
row_009083,0.04663099133279844
row_014878,0.0018719748514085706
row_040239,0.09264830473373453
row_035608,0.2565715607285273
row_017863,0.013598004945311421
row_038898,0.3449497160972027
row_016170,0.010812730166147224
row_033731,0.0331042140668363
row_001268,0.7706500968557023
row_026923,0.0026154086461457797
row_033221,0.04070860637847213
row_008195,0.0005019755477224924
row_021183,0.0009889109775257313
row_002984,0.1396367120779247
row_009363,0.0052706096418827335
row_005196,0.009506365244594745
row_010924,0.000423235377461226
row_049213,0.027433004992240207
row_003246,0.0005229735905064837
row_032674,0.0027126230093854286
row_003325,0.027028376646348856
row_036495,0.00014641099463926182
row_035019,0.006534401584488108
row_036509,0.09859008124972228
row_017627,0.07752038252112721
row_013806,0.06337352651393882
row_036739,0.009704706009633838
row_007599,0.0004886152199865574
row_045117,0.10890625092789911
row_010416,0.004804733715326725
row_035488,0.007964631437822133
row_012366,0.012187881527925265
row_000541,0.017435911242024482
row_042389,0.010454349201165655
row_045486,0.8968180144273487
row_027908,0.015546456628248198
row_028295,0.040223691671111915
row_047484,0.048865552902049844
row_048126,0.07235230651257459
row_018245,0.0042255680996203995
row_011024,0.8625610198442367
row_031325,0.5061882025887058
row_015759,0.0028127871200612597
row_005290,0.9884512568276226
row_005712,0.00017276076160053098
row_020960,0.28840251852110005
row_029309,0.1602673115950323
row_034955,0.12119981246178287
row_028439,0.9989067778189823
row_022508,0.004715224527175189
row_008937,0.04011383710779319
row_016794,0.03914544490997395
row_005372,0.0006199041919335674
row_048167,0.009857291879830291
row_010218,0.09373181780993511
row_017281,0.12665459791747252
row_032429,0.9844162626855184
row_026761,0.3826483756102001
row_014053,0.004043977973136819
row_025064,0.07147408987379604
row_018455,0.008891297598504131
row_022285,0.4412525405186466
row_006762,0.8592352019146541
row_024475,0.2822893953902165
row_026109,0.004911312510901576
row_002968,0.24414097065306567
row_022900,0.007538399840355247
row_036523,0.9821340832853204
row_002093,0.08603204136094778
row_010788,0.0009868390700332446
row_038695,0.00016082532164359546
row_015663,0.14403225578213716
row_018692,0.04257717285860266
row_023355,0.04607797313529653
row_046287,0.7011330284631322
row_024739,0.0007857394960461867
row_036350,0.0004897887956705597
row_015925,0.05624962211673496
row_049984,0.28406829986296483
row_022935,0.0025893139556180393
row_009438,0.856026163601217
row_040612,0.01986530169380954
row_042223,0.044596650638363815
row_047527,0.033631702972602255
row_027243,0.09217042133452352
row_038617,0.023340563870174906
row_023698,0.0322545493834513
row_013955,0.8487199149858717
row_016220,0.393946950986141
row_045968,0.1869180208978371
row_006746,0.015493216713888919
row_013091,0.21088946544057502
row_044093,0.9986633982533322
row_042055,0.10499590679979197
row_002030,0.04367357621801107
row_004145,0.24202514724527993
row_008465,0.057782836721157575
row_028632,0.9832092487983258
row_021319,0.07620953095002701
row_029668,0.0451032438595721
row_023479,0.0005349385090923998
row_034735,0.6540134570368945
row_022634,0.06811850636572603
row_012318,0.03980515541969522
row_047268,0.0035757304771204734
row_029446,0.045950777997984533
row_029343,0.03635861084542835
row_013774,0.9153792050869062
row_020923,0.0016218237456169112
row_012248,0.15485024606948472
row_018955,0.021819213890057684
row_027064,0.010826014617812674
row_043588,0.0049610280631389
row_013602,0.06799830934614456
row_026278,0.08221616787720541
row_018380,0.29747597843772233
row_027795,0.5751389006054434
row_030504,0.026731644520017195
row_003693,0.20969960675273946
row_028992,0.0037043993034016186
row_011061,0.22200448759448616
row_048708,0.000745726182365968
row_035468,0.40428023690391957
row_027541,0.06345575150389086
row_001942,0.11784785346872025
row_026360,0.05011402152785618
row_034910,0.1340290028029863
row_021791,0.6968913500436864
row_021943,0.034010137087375235
row_023206,0.8371008616783971
row_038440,0.03732848498220367
row_018055,0.05127028371248178
row_008596,0.1472216938143332
row_024583,0.007564750773318102
row_004320,0.05555363585753781
row_015848,0.005121597279880733
row_036112,0.03684740595953123
row_043302,0.42290851724639833
row_026039,0.9263766256357844
row_005373,0.9141967755923837
row_018396,0.9756527784917297
row_042837,0.9893960633254345
row_039442,0.9632886273100468
row_005363,0.023131116204035317
row_035004,0.7661656931890203
row_001313,0.9950577294048158
row_000658,0.004789392232982867
row_041503,0.33703317307832953
row_007377,0.023572642126931283
row_008449,0.019658150662037292
row_012746,0.22222119315199834
row_028353,0.9824297289121768
row_039354,0.0003820049834177981
row_025213,0.0029687321816493297
row_020588,0.04259363465190204
row_036913,0.7293305111176465
row_025140,0.859678907216476
row_014261,0.15672070361780044
row_029683,0.016892063514804673
row_047062,0.07305925579733202
row_043464,0.009726406281714763
row_016183,0.020682567635032637
row_021174,0.002527666491446557
row_032218,0.13806953426128063
row_017369,0.5686369028388742
row_005599,0.9206116644676635
row_044509,0.575826464471923
row_004249,0.00021803279874013475
row_022959,0.029777541464373867
row_035409,0.005541423193041835
row_035962,0.06654355311681819
row_030177,0.004916123718455012
row_031343,0.015028080768422093
row_016556,0.008103805168778176
row_009512,0.9284395191756214
row_005442,0.0006610224097643931
row_035265,0.010326426946613065
row_030111,0.9764125809622256
row_032478,0.44513882759863377
row_036199,0.05914635083636581
row_023395,0.01540846039314905
row_035333,0.1009156671786462
row_040385,0.37230221536525315
row_000543,0.29401554283890086
row_012362,0.011721336215541263
row_023749,0.23385128204050537
row_042446,0.008371545397391583
row_018373,0.5000790807269981
row_039126,0.005018889511243585
row_005517,0.163823654020753
row_032590,0.006324084709649032
row_042054,0.9773143654831015
row_002773,0.6955771059759749
row_038166,0.007344656555921055
row_023476,0.7967608949967334
row_040777,0.31241958651919166
row_023628,0.002945150620148565
row_033237,0.001361844940661172
row_029141,0.00045882255322659545
row_024971,0.836954800209369
row_041019,0.013025579506306714
row_047566,0.7584022361400983
row_038639,0.007428527098266771
row_008109,0.013002036428740277
row_025916,0.010157338983297858
row_031982,0.43504188123667004
row_048734,0.1664304711751489
row_018259,0.00043734972078437524
row_002126,0.07974282963197114
row_020913,0.10447801945141515
row_024057,0.0014849863332293968
row_037786,0.9563160170936631
row_044010,0.0013830668098144098
row_008538,0.03395762587503824
row_035655,0.3307892364546382
row_010958,0.9976262055119444
row_024487,0.8734890846736685
row_023696,0.3061485230341047
row_036247,0.24067422743918193
row_015406,0.154846559459502
row_027672,0.00989770218275049
row_023595,0.5452076062709134
row_039205,0.0005903351548771109
row_046834,0.4594991107218376
row_002599,0.08942659910530043
row_004548,0.011340479148749182
row_003523,0.016807493362331654
row_014232,0.016249849656453513
row_018374,0.08154639165271585
row_004243,0.5980136931263579
row_028210,0.9422488833465582
row_032940,0.6260320147213988
row_022469,0.05793002169066741
row_019934,0.2300733126338379
row_028383,0.14624566376079515
row_021805,0.3533427950879252
row_042864,0.8656241036859421
row_029457,0.13207120075369722
row_003820,0.8799486839105128
row_022977,0.0005966525222221122
row_037525,0.000469195752200719
row_014456,0.1904955991829425
row_008486,0.020100547729276174
row_042576,0.0007247175454817398
row_035315,0.5228899206414869
row_026635,0.05757236748814805
row_040376,0.0036701262455122196
row_022348,0.6957488861415269
row_015115,0.005227030335542264
row_022057,0.17336643324987006
row_016070,0.7445679850467466
row_016276,0.07582202623487427
row_028624,0.4347914168588084
row_030319,0.10972924195266338
row_011844,0.733073052030589
row_012305,0.09859498165694361
row_023716,0.0011767996791454038
row_014739,0.606399954844765
row_034739,0.9926120034767592
row_036243,0.046827153657161315
row_003889,0.5621203602733292
row_027606,0.008711710805048132
row_033484,0.02969475402800919
row_004411,0.12364234351107126
row_048019,0.01592044971291062
row_021914,0.0006099299528623737
row_030273,0.04423614892964014
row_015489,0.3718645210153946
row_012452,0.008600288917967727
row_040375,0.013042560645682618
row_036226,0.11327528957689899
row_003484,0.0557533404114407
row_003491,0.010348871844754054
row_006259,0.15780290276141476
row_036774,0.7244784818655778
row_026903,0.359834581413715
row_003839,0.00466554842161956
row_044205,0.17028000549231878
row_033176,0.006406138414522818
row_000793,0.000738198507412399
row_032345,0.042109952430148846
row_033707,0.002027364194660815
row_017921,0.0006303259748814677
row_026430,0.5421888206830551
row_044955,0.020760159624003623
row_004092,0.21653340515251157
row_044879,0.03842755215731786
row_038893,0.0874157307927558
row_041803,0.028047904115019548
row_044847,0.012895487676844656
row_008123,0.5928496284445957
row_019124,0.017646653119449376
row_035973,0.40081525657696027
row_035642,0.5483727407541902
row_015700,0.22322286963269505
row_047107,0.031067613797214552
row_040388,0.04150893634125466
row_049588,0.5195393208204682
row_008013,0.001107184518296543
row_009539,0.021624749126990125
row_013442,0.4436074343512905
row_031810,0.004730166965253517
row_023796,0.010282936135868193
row_041206,0.9081060057031423
row_049269,0.009031051887477286
row_023416,0.10913807299703966
row_040190,0.011310086771820592
row_014187,0.3675497422664757
row_044891,0.010536156278061273
row_035713,0.013451169829219928
row_023261,0.05380972593270354
row_003786,0.7581776280507486
row_022529,0.01103370754139265
row_030740,0.5117151013714143
row_046751,0.08489800720941536
row_031832,0.3358070605037949
row_005881,0.026260119454981343
row_005323,0.6253024918781449
row_033549,0.384407455630139
row_042351,0.009649193574348937
row_013080,0.029684111391159524
row_040602,0.1983402155236592
row_029971,0.0008803919068992499
row_021194,0.800473034798459
row_034326,0.16812283584002408
row_034797,0.002845632050311194
row_022747,0.9695808889226174
row_045438,0.7419697400625618
row_009714,0.3377825863299368
row_040224,0.0001684657606443357
row_028049,0.09233174162833192
row_046774,0.03853497679440952
row_003699,0.00841642050778737
row_039412,0.07997601816785203
row_000725,0.8622060818075236
row_042800,0.11756161947235513
row_025984,0.9905396297233285
row_045197,0.07442550260544861
row_034167,0.004705384842553276
row_043776,0.0025041096359282376
row_024129,0.011144316666593155
row_030303,0.0012313841261179846
row_043131,0.0016123037197607651
row_043584,0.4694516953444212
row_033563,0.05508143108371052
row_016010,0.4080820613407335
row_020571,0.021443271925679776
row_028284,0.004057477716197139
row_026285,0.019168986939928963
row_002266,0.0017093228137502808
row_032072,0.25701232211117614
row_009834,0.04116283310518196
row_028435,0.19738802916486065
row_027174,0.934646547929453
row_039232,0.012621914859556119
row_012725,0.01355106610506455
row_031825,0.0068707650008744256
row_024149,0.2145358040264922
row_013301,0.30580176752032234
row_011027,0.5322061177299018
row_031087,0.0788632449179073
row_030088,0.03159186881071603
row_022846,0.007594299657151296
row_006277,0.8691052921943748
row_025544,0.09498509195243406
row_046124,0.9475191855391673
row_043136,0.2743689220928899
row_028165,0.008301184299840234
row_027562,0.07214361762709874
row_002568,0.15118600594336648
row_046982,0.8271279056804165
row_023199,0.006402901793996102
row_049091,0.9161012415990236
row_002690,0.01805405644415463
row_007719,0.05681621986414255
row_047098,0.0016958562335168941
row_037245,0.6395708300396243
row_039708,0.027259639213097996
row_016798,0.004414756260168281
row_017297,0.659768504196209
row_023765,0.0009577611923236143
row_039944,0.015526508973535715
row_043394,0.010798184607012927
row_032679,0.032706815462837255
row_003963,0.0210210988115509
row_012973,0.00012034043980111129
row_008142,0.40065943801652437
row_030049,0.1454214754727663
row_026577,0.5674903071278017
row_032135,0.06509628664763363
row_011278,0.09258776479870019
row_005187,0.062344529540923885
row_009310,0.14286047828755477
row_030858,0.023371849920922973
row_038361,0.007473123185893753
row_021944,0.8723185492328766
row_013851,0.17030715006934752
row_008472,0.05792329143612868
row_001135,0.007662572045950592
row_030977,0.0037994445320595864
row_049088,0.005685132181045405
row_020681,0.6281625161683784
row_038189,0.035665879091338774
row_016938,0.0016758437606080546
row_045993,0.00047300224692381444
row_033749,0.03146498137718412
row_010943,0.6878143270406014
row_003647,0.03900295733229619
row_025626,0.46462762613013864
row_008277,0.8027513962701857
row_025427,0.001692492540666783
row_036141,0.12652553475600853
row_045796,0.06161697367877234
row_046832,0.0011328838258405066
row_005670,0.001303464039608537
row_042691,0.014116648219159348
row_018631,0.2628147963110254
row_011229,0.03158954409488084
row_040316,0.055297551331266986
row_019714,0.00025299691837750096
row_015594,0.1823596565258922
row_039724,0.16708237772780168
row_047763,0.13238834354476145
row_030946,0.23513828558085761
row_013265,0.13244397083438883
row_000979,0.2019400989536468
row_040110,0.06685524692530179
row_039968,0.041326579086051723
row_001830,0.8496873007110481
row_044761,0.011941116484292047
row_025508,0.006049102062719904
row_036787,0.16436187468886
row_007646,0.26654451543554286
row_012530,0.0694310078635865
row_017980,0.5654798370563641
row_039931,0.036954110468516384
row_024931,0.6460800085181558
row_038853,0.920722829825379
row_000363,0.02154507052820974
row_007126,0.03458852973638159
row_031090,0.00472635696100299
row_005745,0.5223871775446035
row_000134,0.029452997575812413
row_034732,0.21797703324081774
row_040087,0.13899829633564925
row_025868,0.9772065520408484
row_046759,0.8240530861348837
row_032108,0.027126529707921804
row_037572,0.00467517832463628
row_027240,0.007441812112863816
row_015037,0.1822439053423871
row_042532,0.7215014083989036
row_018133,0.16441040275497557
row_045243,0.014224441756219345
row_027765,0.03727572440464649
row_029448,0.005043289769560337
row_008342,0.011672965789970267
row_049084,0.01866858704653014
row_003918,0.0037181333420569095
row_007580,0.007386245529367257
row_026741,0.0005375087912007408
row_017011,0.9998905304461957
row_037563,0.021909493992372003
row_025762,0.0018684145973131942
row_021661,0.04945722176978368
row_029844,0.023558962175496856
row_011314,0.03456939076197527
row_006057,0.550882001277027
row_021019,0.01253441135795093
row_043076,0.03209114615895054
row_027187,0.002706922498143736
row_036197,0.03728041721212836
row_033818,0.007271494557632858
row_035978,0.029753622188810603
row_038656,0.6697712818019753
row_031477,0.013826338351514117
row_037216,0.017099014104986893
row_031583,0.629094383017957
row_025382,0.0009657956040689253
row_046148,0.05035143095372136
row_021441,0.1374253288365233
row_045987,0.896363519739794
row_009704,0.5428869959620106
row_041519,0.14371152897105377
row_048372,0.0002179374403013323
row_012932,0.12504394161222412
row_000149,0.07385415550586985
row_041594,0.015610707648542846
row_032320,0.13872163189499093
row_021312,0.20395355260674494
row_035043,0.08277844174033652
row_034243,0.00015691017186764082
row_003180,0.9413095661413282
row_038521,0.7855196644123259
row_002238,0.06365218750681037
row_032394,0.6087035805322631
row_046434,0.1271213132582115
row_018397,0.012906065327433113
row_027787,0.20449070254064652
row_044531,0.0850955062476344
row_013120,0.24341164360930548
row_043534,0.9269318627730667
row_041395,0.14608880224949292
row_027178,0.20514724979707558
row_001847,0.07311482101735846
row_027797,0.041118562756118464
row_013905,0.03476091612840998
row_030343,0.00599485313590337
row_033663,0.7248875096169043
row_009949,0.0047020850009999665
row_006055,0.0016011357460516018
row_022194,0.7177885420592572
row_008809,0.0227205567922535
row_013280,0.00793740829551874
row_017001,0.015320005352908521
row_034991,0.016039669981300585
row_039896,0.24595553428949207
row_007592,0.3295734180899479
row_031645,0.4884779148502088
row_036543,0.0007697354190292067
row_027791,0.025638047658982338
row_005543,0.007689883293723937
row_001297,0.26958196394481065
row_042728,0.5399685867235036
row_021490,0.005916299405155786
row_027888,0.9417462824234778
row_030482,0.020848493968153175
row_012708,0.27509951636017393
row_037034,0.44421852063037526
row_016102,0.9996373253880175
row_042924,0.4702278684977533
row_012578,0.5942539280125319
row_002776,0.005244454218118988
row_020935,0.6761946677811598
row_021022,0.5681107763175107
row_010182,0.04282811104746926
row_014569,0.006661701626468971
row_007508,0.13094343423676333
row_040873,0.17157323207395558
row_035159,0.006531103570131986
row_009231,0.788036188104269
row_048334,0.16758778268935842
row_039714,0.08836605588197731
row_004712,0.579158861285784
row_011391,0.09812928330557215
row_022766,0.437802566348612
row_015256,0.01940317272939631
row_002501,0.09265455439359985
row_007190,0.007653664775038976
row_029093,0.003371637178605511
row_041268,0.13641408024054144
row_029991,0.09048680703311157
row_012245,0.007741142521523557
row_039666,0.9584793657495903
row_047626,0.013618023579023907
row_009205,0.26206479059688764
row_048824,0.02691522537166165
row_034638,0.48938004150886993
row_036568,0.20073379379435438
row_010282,0.014768913100607326
row_038288,0.43930355855993997
row_027159,0.10175464559111867
row_027684,0.006279555871507434
row_031064,0.002488875410529534
row_039746,0.18578868828431533
row_010984,0.024757841131759283
row_004567,0.05619653687261982
row_046006,0.46441110166077976
row_004795,0.5171891244286652
row_005758,0.005373603123257083
row_032083,0.10533072489896868
row_012244,0.46374763079338943
row_028222,0.5864872418456893
row_045508,0.002014636607906585
row_034897,0.14949960980458576
row_022891,0.07078135535609609
row_002393,0.017878145925906315
row_009371,0.9975506712089088
row_029272,0.28022773604419177
row_011004,0.09072924297596184
row_004364,0.009207943195691376
row_026619,0.4068657665595255
row_048721,0.020554242739001066
row_018000,0.08291686965806126
row_049681,0.012157060887849656
row_035832,0.9615486884449366
row_033353,0.002033456954647783
row_032064,0.04584132309229734
row_040473,0.1295635919953607
row_033954,0.008009006927791077
row_014184,0.07455541185025567
row_008261,0.6066470003314497
row_030972,0.7068471173753473
row_018258,0.06403092760034117
row_000122,0.37806822745146695
row_039841,0.7964229547330377
row_024140,0.0029924719913754063
row_004059,0.045938042448402994
row_019871,0.04425784234923904
row_004343,0.07074298167558413
row_020795,0.04669869272852722
row_018324,0.048585907028401286
row_018744,0.12370335978678165
row_007099,0.18515156527239535
row_025769,0.004752860507195989
row_023278,0.08037738879285446
row_000865,0.036523681547763906
row_045134,0.0012622663608709182
row_037062,0.9969317071636598
row_034251,0.04413944166627701
row_015554,0.8186759962840109
row_028574,0.04615704834949362
row_041127,0.00348392643215969
row_035536,0.14514828599026794
row_015106,0.10954245509005477
row_000019,0.0030985030680538276
row_034001,0.07041395260043903
row_009400,0.6210121956255086
row_042125,0.028082406659345836
row_014126,0.0008133990222391432
row_022874,0.0036893182381299247
row_003099,0.34867951170190686
row_042241,0.05238608190476955
row_003591,0.03046348849952476
row_038980,0.08203027647334031
row_047972,0.0018314186716638058
row_009390,0.002695884369854917
row_011648,0.008305385663462667
row_004803,0.009735062393116032
row_031207,0.05311156661323001
row_023003,0.7419818954303397
row_016096,0.05722962945678595
row_013846,0.06007649139632595
row_011596,0.06422060428792634
row_023806,0.03370088549364671
row_009157,0.12756419867109478
row_032458,0.38635156292220213
row_038518,0.04202058171442865
row_031331,0.14577998383454024
row_017091,0.5482761741999431
row_009106,0.4248960022118925
row_041540,0.04929987420467761
row_022225,0.0038363658266171094
row_036868,0.0009971006214541985
row_008017,0.15125702724168288
row_003291,0.008280678511639515
row_037565,0.00459364253198567
row_032467,0.9008733970202347
row_002192,0.7582613580420465
row_007770,0.2168883374657119
row_031175,0.018656125363949463
row_038897,0.0024384306471136505
row_017553,0.0006892246448183474
row_048675,0.010462540151252904
row_041969,0.0702433645326436
row_017541,0.4042442902936096
row_031386,0.0039379383099613155
row_018128,0.1164099414866371
row_024348,0.6771623575693354
row_002634,0.017767787194600915
row_036503,0.009965377210727863
row_024699,0.008220858932212412
row_041498,0.520959285230673
row_031266,0.09528210087389438
row_016800,0.06688517328164004
row_023306,0.021232068291843764
row_005776,0.0004908322444693366
row_040738,0.019263170079149076
row_021038,0.030466568587258974
row_025499,0.03252934929600832
row_012581,0.006074623140139065
row_025929,0.5061567211024861
row_035172,0.031435098141027074
row_031457,0.5512538980048038
row_001224,0.07655949957931532
row_032756,0.031318524234149665
row_037218,0.022016289972263355
row_010479,0.8696839783759212
row_028400,0.31211738362864083
row_042051,0.37115948334181875
row_029283,0.0008923263096259776
row_015578,0.004872777142774425
row_007040,0.07850250126111057
row_002688,0.000493102397487547
row_012948,0.011186961952732562
row_033371,0.019871378101105133
row_045064,0.020556051145860982
row_026667,0.05056694167071204
row_039611,0.06821991026951747
row_021233,0.023431230070141335
row_008160,0.3164724191257711
row_048606,0.04258774501309525
row_042647,0.10840617979414141
row_011689,0.07948800452270735
row_033450,0.025437288238332887
row_048898,0.0032348441038277907
row_042074,0.0434066359722788
row_014296,0.9777826102095447
row_001641,0.8366554955390265
row_018061,0.2955061098255292
row_043243,0.089127720360097
row_043041,0.19537034462887362
row_045066,0.05840298382535216
row_031961,0.23493107062778157
row_046190,0.031616672350401435
row_010618,0.02193605432613376
row_014237,0.12460446730308017
row_019664,0.09286971018523248
row_033424,0.01343552229725396
row_035448,0.42580256347467976
row_006115,0.019605473684948367
row_043035,0.17087830669276738
row_038203,0.00797250437277548
row_039651,0.2015986071191618
row_027524,0.36944576722595673
row_034182,0.009348074634579394
row_045202,0.03033122593394859
row_001229,0.008467526494740519
row_006494,0.011293009683343062
row_049468,0.00822663653661382
row_017481,0.0772180138839161
row_004646,0.789766695608302
row_013158,0.015277914700547542
row_010997,0.039075240998984594
row_033288,0.10217115257181253
row_020008,0.016340633205188585
row_010687,0.006811928809093463
row_006987,0.004514903855333157
row_038416,0.9193982970497322
row_009905,0.000992569413257232
row_038139,0.017719360453429776
row_029071,0.04093145810526098
row_012917,0.9508535371570017
row_017564,0.2347317092540002
row_004817,0.9410070773700381
row_008247,0.10088081468798503
row_010248,0.004813620648446332
row_038858,0.9749397081646558
row_031582,0.15170115578859783
row_042392,0.005339552086789857
row_025766,0.03322168177805935
row_013207,0.08377231810144775
row_026880,0.005344778631458508
row_005604,0.9082312446014097
row_039298,0.14177778918431028
row_016189,0.10130850282971525
row_002148,0.06799937372496608
row_002034,0.01038030622393951
row_032094,0.016137736710726953
row_049538,0.009746766740723783
row_012330,0.2017265694236557
row_017526,0.9962231740544016
row_009722,0.7994590160329228
row_042535,0.08865535546861171
row_044049,0.3252187665587459
row_042154,0.008237074309375925
row_029746,0.02219675631563988
row_046766,0.010447787846239242
row_046359,0.04182275459974184
row_049739,0.14495247767142724
row_034636,0.004932480366063338
row_022178,0.035694732897085725
row_020835,0.004106082878988778
row_008069,0.011404814973635467
row_005100,0.09384713453894833
row_024402,0.38690085170860145
row_035361,0.1373637705189706
row_035818,0.041541784446260874
row_007059,0.004429645524895199
row_004790,0.32133690932175835
row_037687,0.9760531287125613
row_014480,0.03277465395765187
row_015067,0.025582865556031485
row_031529,0.0006101082727157975
row_047827,0.00016107347326861188
row_029213,0.03502231607256018
row_041167,0.11229588521477156
row_036445,0.0033213329099401542
row_013583,0.8281138502271709
row_024275,0.3296540370649685
row_031736,0.12587635594935034
row_040914,0.46338058191247206
row_028098,0.019159605305790132
row_034583,0.012361522194413468
row_005935,0.89495279089363
row_031560,0.028334968589448676
row_037612,0.18348524343596015
row_021314,0.3204933108073976
row_031856,0.02022373764926893
row_030789,0.014126333717469217
row_028423,0.0071982550014708675
row_021386,0.00854247303983831
row_043977,0.0032822752775703576
row_025271,0.055611036002065066
row_002248,0.0029468456179860786
row_022819,0.005205812983611854
row_003189,0.0015267902524484262
row_026076,0.2613707593848619
row_025316,0.9505839594333028
row_016265,0.99250329312117
row_024125,0.8698638247600465
row_048416,0.012573055741838219
row_017754,0.0006589290408538297
row_024176,0.0007581157412945153
row_029655,0.6451183759780376
row_002328,0.01708571599582882
row_037966,0.04856576234873816
row_021743,0.23182266473380958
row_046781,0.06444697861781684
row_005379,0.11315211314942265
row_024145,0.19902164545852938
row_017782,0.3142385721394629
row_029704,0.06833110419030756
row_018094,0.011015231257163768
row_040170,0.015174451635500626
row_038967,0.03666296545504063
row_009353,0.020250977632014944
row_007765,0.1659451589530398
row_045324,0.0047022949545952285
row_026646,0.03631330385926658
row_033645,0.08533477787409639
row_031547,0.041915378777312905
row_026310,0.4600585210532147
row_001513,0.24522213175616714
row_049412,0.05104530960085957
row_029948,0.0039086053694274295
row_003842,0.06602014261254543
row_024059,0.04181167338729377
row_040272,0.008367873519289092
row_049741,0.9359541420699096
row_032089,0.6519940599269712
row_018223,0.02238892927315305
row_030501,0.0022338176599422947
row_034293,0.30329933480691773
row_039617,0.3331827846832076
row_012765,0.00577874735190986
row_024868,0.9771190286554532
row_032441,0.11587763711277337
row_011022,0.14736759883744507
row_026832,0.06511113317054837
row_035208,0.015137911768507992
row_047063,0.9825294874619196
row_033197,0.001885994171890182
row_030382,0.36607106231311315
row_014085,0.0016223853800562702
row_046494,0.12900029097332763
row_015196,0.7743687032857565
row_025650,0.09736529683267718
row_010603,0.015683370629604985
row_008175,0.03780124932073227
row_002754,0.20675476148442182
row_024260,0.0009382365839674171
row_030145,0.10148625877210553
row_022907,0.004059600332505114
row_026231,0.3413805718043709
row_026262,0.015974163700666663
row_032924,0.04614680266042689
row_049582,0.06809909261133366
row_008737,0.4159927394612076
row_024638,0.21386553506880288
row_030137,0.014286494803638
row_000548,0.24231969508166562
row_049120,0.14555094755580172
row_004856,0.014993836644100188
row_048486,0.001991064539083227
row_044614,0.04850651508579655
row_047068,0.3128807976417557
row_007928,0.026802583287521466
row_021841,0.5602019462217338
row_026886,0.5454871986241225
row_041341,0.11306914861562288
row_009436,0.004899864078532523
row_049553,0.05970937986094313
row_012777,0.01865467710246977
row_006187,0.00036690248435722106
row_001137,0.9985625650738013
row_048030,0.7766102545959565
row_028603,0.815603783267651
row_009658,0.07056215163711632
row_041644,0.09446056356569549
row_041057,0.11887350148285816
row_042077,0.2707691636469097
row_044962,0.009451261419188497
row_003799,0.5008673248376904
row_040363,0.04448615614996574
row_013466,0.446713545517197
row_047658,0.5689846954499724
row_047812,0.0004239622825640944
row_021799,0.036927564117157106
row_022473,0.022228320563849657
row_001994,0.7387180226970993
row_046331,0.0007745960480464122
row_038485,0.0883762526332637
row_011190,0.02660246582449127
row_048041,0.030778945305514883
row_019506,0.01712698401108569
row_003175,0.6974397574562992
row_009863,0.004537622379899412
row_032148,0.9986298269990863
row_024527,0.8403967875838084
row_014419,0.9383364421451561
row_015501,0.9977895199604515
row_040422,0.9015071339829703
row_037015,0.07747773666887181
row_030012,0.48201816952483495
row_011355,0.0006248164058928648
row_031407,0.7079281694690549
row_025311,0.0021722389403023737
row_039459,0.01226537455630437
row_010873,0.017659456347499183
row_049192,0.06947182728916006
row_021210,0.00808615055043627
row_045143,0.003783762275398516
row_023502,0.02185931726387077
row_021801,0.022728404984779935
row_007716,0.0196147935483507
row_040075,0.0022347761408945243
row_035911,0.038674839061949705
row_036365,0.9926551062184671
row_029916,0.017473700098135262
row_024835,0.025535125127976618
row_031224,0.022537536180118962
row_043195,0.0005024018176435942
row_034206,0.013903855463658745
row_032162,0.9188284143824449
row_011135,0.051958337343087954
row_026976,0.07774321273194208
row_006565,0.014146453795955406
row_030302,0.22105669112328685
row_031043,0.5850093773172103
row_010490,0.3780711994223524
row_024229,0.14447538495700865
row_001478,0.20628578945002712
row_002355,0.3252416258487914
row_032065,0.002905937550914034
row_047083,0.04690868945774272
row_028324,0.1184179933030722
row_000910,0.9993712056980762
row_016267,0.047076734298327955
row_045494,0.0005688428662672763
row_040333,0.03230473998369497
row_037322,0.4162744078942279
row_035743,0.03370887462784948
row_017516,0.1197832743841203
row_016244,0.017531658811519118
row_047180,0.1544681576936856
row_033290,0.09184338142659973
row_037040,0.2775481011405229
row_008941,0.5920101934756771
row_003936,0.01433294350138893
row_040502,0.13573891305446475
row_017432,0.07176315009716355
row_007438,0.36120034786464406
row_032153,0.06158188564779439
row_039476,0.0053348598402382895
row_029873,0.5240629887757868
row_043656,0.0006857023248338672
row_028949,0.00055547260434508
row_037376,0.0029878096921950167
row_005216,0.05524547431671656
row_049206,0.04693813143214281
row_004353,0.16453254307260654
row_029734,0.015162940880793582
row_037473,0.0566250457538422
row_031962,0.7313517463372342
row_011811,0.4048577722329287
row_020685,0.38392399297089597
row_033361,0.1708230727837013
row_014243,0.0037664106397762216
row_048230,0.02897022566943959
row_014615,0.16411279739191145
row_018741,0.6678960445147701
row_007973,0.5886535225362595
row_009166,0.03782125615485546
row_000168,0.02611355685066858
row_045699,0.016387397718890487
row_025822,0.06939846560340385
row_033398,0.0548587229605749
row_031346,0.38126712616841496
row_048820,0.07936140414976227
row_020928,0.04956797458793935
row_045071,0.1060655331343833
row_047472,0.0015077642120054652
row_042251,0.9272724100215481
row_040997,0.4539021443594686
row_005995,0.0003220202371025809
row_027176,0.20906872831215925
row_008274,0.003313814799924763
row_032736,0.3284737540545708
row_023115,0.25301027780434543
row_035658,0.7441799795064058
row_006138,0.0014388950490467414
row_019130,0.18209778091384635
row_002670,0.10053463321785167
row_006255,0.05282548362096597
row_005651,0.2276663381904853
row_043855,0.2117923378879642
row_007423,0.0010997093777196944
row_015812,0.18561564402832928
row_020155,0.0031584610753789526
row_033097,0.04323129643443211
row_015553,0.23799065222868557
row_022704,0.4267885164153033
row_003426,0.046674716555385604
row_040870,0.00506042616237489
row_018277,0.010808873336435081
row_012800,0.002829050224463667
row_022376,0.9705426351119145
row_020749,0.023378631843422645
row_031281,0.11833652260419848
row_006067,0.19442193096556049
row_021638,0.8764984327661295
row_018006,0.2627845145040867
row_004970,0.8780571784132795
row_030920,0.9545900276962976
row_005158,0.049280745543193824
row_018533,0.04981711027551162
row_031675,0.07260240517976381
row_045182,0.3529769927207252
row_016486,0.02212378743842682
row_027619,0.04770673647055978
row_011940,0.0012162540882142314
row_042795,0.5721476390430899
row_002718,0.0681295958855084
row_001909,0.008749178717412157
row_023271,0.16051325751348766
row_000197,0.0007799734342600657
row_029271,0.03933325766837731
row_003093,0.0005819555239503568
row_008884,0.06398219350175126
row_036034,0.0669787413936573
row_046581,0.42259098793435523
row_049370,0.19982353703754285
row_002929,0.8684864582505402
row_024213,0.13082745497511952
row_026438,0.00293543288533105
row_037866,0.005578477132655634
row_043730,0.14979026638597914
row_017971,0.003581303092477449
row_029192,0.0009061323374891833
row_031987,0.004165207020793287
row_044627,0.038298254045143795
row_001416,0.15512912368343182
row_033596,0.9989007627279639
row_043986,0.17901738058172997
row_023233,0.9810911245844539
row_025624,0.8596676459187081
row_038402,0.15568327395313894
row_039922,0.9656563863915604
row_016911,0.34200710575475674
row_006437,0.015018526019429077
row_017788,0.25800993800342165
row_000518,0.6700981860880859
row_049258,0.2711728020182651
row_026702,0.0027159828298807666
row_036532,0.464967294063041
row_041475,0.1801995884526779
row_017901,0.002495088288965185
row_005041,0.013516924806740422
row_017480,0.028254496866976026
row_010454,0.9661529223648784
row_031554,0.0023757728216810803
row_011551,0.06383906121726521
row_023087,0.45661065849400645
row_017085,0.0007112010596151282
row_044985,0.025287470252996824
row_049408,0.7023301235558271
row_012875,0.01773810353154825
row_003885,0.002371574205650805
row_025956,0.34912674977751784
row_045329,0.13996921576938612
row_022840,0.9448729303525152
row_038293,0.21560949559237164
row_038364,0.013918463159845657
row_039924,0.003614510184613978
row_018092,0.12723519341561157
row_047486,0.07898041580487734
row_048318,0.24606952169859417
row_035464,0.4961322577096352
row_011393,0.00166872611490447
row_044376,0.9823855056875744
row_006264,0.1565188599460025
row_032892,0.0137925975705483
row_019527,0.7706791829823015
row_022161,0.09196439895660564
row_017593,0.04282789604363902
row_013059,0.0017895308418745275
row_047037,0.007491463384524978
row_033431,0.9531322309350695
row_010242,0.0018749662131312802
row_031348,0.027251767685832408
row_043752,0.21587479496769688
row_037028,0.05197575004827647
row_046779,0.9222202658707866
row_047488,0.9135551382911278
row_038067,0.6054729219363626
row_025445,0.0008187114348881893
row_043994,0.2118717588492392
row_034065,0.9805689625122012
row_037651,0.15685246528057417
row_016351,0.3546814167151852
row_036263,0.03981212564383661
row_018233,0.042216660642294464
row_023403,0.025600620044196776
row_020605,0.8847079136099808
row_048717,0.023881009790098183
row_043740,0.015851238112565523
row_043320,0.21757815729441912
row_038274,0.026107495542992246
row_009194,0.7341812214328376
row_045462,0.9880026223068475
row_007738,0.07177145406164061
row_046763,0.0216224288545234
row_036390,0.0014739551863262328
row_041286,0.4656915706488535
row_020952,0.16380399865536077
row_013245,0.017700324186465864
row_025075,0.0859284846304927
row_026675,0.26036337111663704
row_030484,0.02991428305181726
row_011347,0.02728864393614986
row_006986,0.030670815369813118
row_020134,0.3446084946863376
row_045693,0.0037455057262435892
row_030525,0.6576006204342326
row_044383,0.07789460089950015
row_047840,0.0006680137594523856
row_009196,0.0047499977376092815
row_010005,0.30471178413868644
row_001020,0.07109731732445929
row_011535,0.1066072131519376
row_020547,0.15002968691452925
row_015806,0.2671482418563594
row_039973,0.9999922301504363
row_038932,0.7262925606052022
row_006020,0.013054145716340513
row_003915,0.15582811014504838
row_021113,0.00419879969177766
row_001214,0.007280221671384201
row_032509,0.02949820985885588
row_041833,0.053992080922432066
row_031310,0.9288001340592282
row_016857,0.003850180438082714
row_044818,0.8058883939867733
row_027058,0.03403155996774104
row_010782,0.05069920082792057
row_041732,0.05803090034595438
row_023867,0.0023491183623254937
row_019249,0.019867161187978256
row_036213,0.0017164801219182683
row_017014,0.002317512000286017
row_033874,0.019778600514458556
row_014033,0.0001005896500157653
row_031934,0.133283557414862
row_039397,0.07567440792644241
row_045829,0.0020017586865782497
row_032888,0.01433301479637277
row_025504,0.5792899096732542
row_041872,0.006916261861586766
row_014131,0.2653917264875764
row_017209,0.21393736086759463
row_000531,0.003940446081731089
row_008034,0.7462142052321377
row_014236,0.17386661975597356
row_034858,0.0021890181670729206
row_025233,0.00047715948020501817
row_044302,0.012951641697459309
row_018998,0.9998996550779353
row_028258,0.8540227000261426
row_008289,0.16593142437971165
row_016164,0.8826393208129085
row_003091,0.01923054041062583
row_014390,0.0051448850383788046
row_020763,0.6186838610185749
row_025189,0.9515027113042438
row_011346,2.342178465588587e-05
row_009713,0.5063681165060079
row_023116,0.0005032436181744251
row_032979,0.039784548344777265
row_026942,0.0672692494604239
row_046474,0.8637107216351908
row_032613,0.004846482752907168
row_027128,0.010560215303256806
row_016502,0.257065957792856
row_012065,0.09511933030062211
row_021996,0.013570145136732678
row_035290,0.2780265546543584
row_037883,0.985013373133101
row_038301,0.747673027240189
row_016097,0.0021977581627768356
row_026952,0.3410901259375391
row_005095,0.19952854473800305
row_039530,0.01314262937306776
row_036307,0.012371142972312498
row_022783,0.27314237060631497
row_018354,0.013470984114796733
row_023427,0.1699061300608221
row_001934,0.0030637296855187414
row_036778,0.03302334482229568
row_018318,0.010029100018433105
row_001889,0.007828591034448051
row_046606,0.008153944221457354
row_020394,0.33083922419077655
row_001447,0.7115209548833532
row_027377,0.06989845752229858
row_031723,0.9492853701803556
row_035531,0.00810013103703453
row_048043,0.5103517104216535
row_013932,0.049514919483858416
row_046962,0.001402746102259402
row_033893,0.09430392650143726
row_048302,0.19458443497101457
row_007948,0.8143923528729518
row_026905,0.9924247207797716
row_014263,0.9059338507011754
row_013431,0.00019074788770518663
row_043264,0.030341170879470546
row_013293,0.11584104172872835
row_047398,0.6857810595886983
row_003983,0.00885798536271561
row_004130,0.041492576042823276
row_019853,0.8112394231396507
row_040436,0.18770315819264294
row_000284,0.003789360685660003
row_046748,0.01870232928814245
row_001362,0.12433602972467722
row_002037,0.5100094746545428
row_012031,0.010101545779976179
row_021394,0.000810009786870254
row_045524,0.5352107378492607
row_033847,0.17514897598990853
row_022501,0.006765502009895133
row_025338,0.018017948777129013
row_004753,0.01467816584057333
row_029667,0.5808252998480107
row_017637,0.26323465106269694
row_049674,0.47079363622418763
row_042850,0.12311307489251996
row_039886,0.043164218838366894
row_036139,0.011042867081811245
row_033201,0.011922315235556572
row_031762,0.06160351478067255
row_044373,0.029120494706848372
row_002783,0.021215530823499425
row_030381,0.05770212087404032
row_005568,0.28206949045521384
row_039772,0.004937477909091762
row_031377,0.3908568611253375
row_024780,0.026797023371890737
row_045130,0.00025899859939052027
row_025680,0.6219625007923603
row_028927,0.7700308101436489
row_044684,0.02287472765810655
row_026921,0.07151804252704977
row_020168,0.033702633588289885
row_008231,0.17919447444951156
row_044213,0.0018487521914466484
row_042282,0.08263392467347613
row_029946,0.9879345730890439
row_036505,0.008446860064762373
row_020160,0.00936616512591257
row_013864,0.336218452179204
row_013899,0.024387024604128244
row_041537,0.06695459939619046
row_007205,0.9983792229453244
row_035126,0.016489042594255585
row_004588,0.024047179785625872
row_045702,0.06324704773296867
row_014957,0.23198893444622481
row_005404,0.5598247437093352
row_024315,0.014464076549310907
row_002841,0.44403721900447046
row_018553,0.39488554186227065
row_026612,0.018084575419780983
row_033020,0.010895048771281316
row_042373,0.9973630529067136
row_046170,0.023714569644951895
row_011082,0.18960801105481517
row_042225,0.0687205561846312
row_029066,0.9976661868582191
row_042679,0.0005038506671569486
row_006699,0.08697272209664393
row_031836,0.32816184834401957
row_028633,0.03270924048684252
row_001810,0.7186734383989336
row_017075,0.08603927067942321
row_036172,0.8329666459042274
row_016236,0.23549643174377963
row_046199,0.035892184138565306
row_031568,0.059380362876909114
row_009633,0.685523537323273
row_033924,0.030114829229289618
row_020991,0.8172631674703521
row_029151,0.02889844542170719
row_029385,0.03776498017430792
row_031617,0.027073506134549764
row_039178,0.0385532333119131
row_016091,0.03591254817057866
row_040423,0.038740092360444935
row_021712,0.632282676748663
row_022341,0.9879259254347946
row_028132,0.1239070384327067
row_035107,0.48370563610924766
row_021961,0.5643532399540452
row_013357,0.036528814342349426
row_009367,0.5783978052326098
row_035393,0.035908133603760065
row_026569,0.04236669650627952
row_041709,0.06296976642796569
row_024552,0.4292934469241895
row_039162,0.1254773245671255
row_034538,0.044939167984153906
row_021130,0.07103491599614624
row_010442,0.20304547381925683
row_001411,0.18749432940071892
row_026305,0.45494352196185645
row_031362,0.021084563248653886
row_002035,0.042705619551941604
row_031541,0.0019156927815707832
row_044044,0.0029290907225449155
row_049424,0.09662490141319877
row_026087,0.045173733204814756
row_016445,0.7519501623948255
row_024737,0.8256697176071044
row_032843,0.01817951565732627
row_022933,0.06274767139683798
row_044927,0.019154296445816486
row_026040,0.814673322454045
row_042249,0.00020662557594016348
row_032741,0.0032361043184171464
row_019525,0.9674959422441342
row_000608,0.7644738592096417
row_012895,0.13950855200497295
row_049851,0.027349230647140742
row_007665,0.04106828223765709
row_031557,0.0045129874132233605
row_008476,0.5510365154569696
row_007519,0.007502839555534541
row_021865,0.018111496834574633
row_004049,0.02314835871179262
row_045732,0.19621447305030773
row_044448,0.004262586899157999
row_033993,0.3258120521901284
row_018052,0.027205505362974582
row_024721,0.10644457951299206
row_006001,0.00731209313045962
row_019590,0.021659374512865457
row_019370,0.020317536594764724
row_013535,0.27164898350780997
row_022123,0.026160957026694083
row_049841,0.083479408376544
row_011546,0.23543796602223163
row_021720,0.006052666589841528
row_031134,0.3250125856596341
row_043761,0.1544649809674243
row_014827,0.04474295867206919
row_006131,0.0051032143476831176
row_014776,0.07380836032669785
row_034402,0.07101032008271724
row_000921,0.20897552101848493
row_013369,0.15247373439371592
row_006864,0.024683067232294194
row_015722,0.013108083026924032
row_017241,0.004939226120779319
row_026169,0.7248042160489666
row_046822,0.08996019854420122
row_013563,0.002397675958642788
row_027134,0.49980313421358963
row_007643,0.0004569639719235472
row_006201,0.09920656117847958
row_031320,0.9418559235373015
row_014865,0.13065040671813502
row_045623,0.980736323695461
row_000730,0.06683678045831846
row_024489,0.05055215231200079
row_043057,0.92568372339393
row_038585,0.08420834776308296
row_044077,0.09091720531947094
row_021820,0.6316786042682516
row_048293,0.006353921081247334
row_012744,0.011470084880578204
row_012886,0.00259176424638811
row_005854,0.03104178520774685
row_015056,0.24229577487499185
row_034367,0.0039184940159317306
row_039061,0.0011663666352791366
row_019492,0.30972810996283395
row_022838,0.015453813264532648
row_000716,0.33674603872660486
row_016339,0.021569913324891814
row_038894,0.055380182225589415
row_013072,0.021297514991826548
row_033851,0.7193194477421727
row_048111,0.11308476117299178
row_003772,0.8735492587298797
row_000133,0.04382248393554469
row_018304,0.4343592530571574
row_028484,0.45930596542120405
row_015776,0.06348619174903292
row_004322,0.036031562078502825
row_008523,0.035500529986586066
row_020697,0.5908891339910378
row_002101,0.1610901459364237
row_011329,0.0869437889687542
row_041444,0.029748050609705846
row_001065,0.2041271068931252
row_027100,0.009676805434546198
row_010280,0.8381202335273948
row_029637,0.0021778062789072896
row_037250,0.11033827345448038
row_030881,0.019560222307637622
row_000748,0.0012457565937598455
row_013087,0.39743139567662866
row_032584,0.09765286651950146
row_049561,0.9067651848616601
row_006596,0.03206956808511286
row_029164,0.9880739747927139
row_043392,0.001032388841212351
row_040554,0.5188393660338741
row_001332,0.07348576122934745
row_042101,0.05108977319112086
row_019405,0.015178337211054839
row_021154,0.45593713978049544
row_045690,0.9575322324557659
row_016853,0.004728135239344526
row_036886,0.28518178750143214
row_024236,0.011082028275532362
row_040522,0.42784640911894006
row_038571,0.0018727521096495784
row_025389,0.5208971747400573
row_034095,0.13264170085130345
row_008484,0.29929990487114505
row_009029,0.8730311443707448
row_044827,0.0008477867889918392
row_018210,0.005406164592699722
row_014508,0.014710384924935998
row_017946,0.9906342067363461
row_004455,0.12836630723214823
row_046659,0.062674611006176
row_047906,0.026094063965874045
row_030588,0.4387766348944981
row_027600,0.6248263950710776
row_022196,0.4172991473444884
row_028144,0.8034526757489877
row_001594,0.12814762158543108
row_011729,0.35282094557472665
row_029836,0.19372697008649592
row_017112,0.03241005485615727
row_001140,0.254655385777926
row_016350,0.5312663433608943
row_002703,0.022968808205582517
row_038480,0.013924559887424047
row_033696,0.6433803119137786
row_007627,0.8442007856773758
row_009745,0.7776530061126131
row_027821,0.045371465170259084
row_043026,0.17889179431250235
row_046588,0.21368465254731864
row_017947,0.007904281410156077
row_033559,0.0032075163630104616
row_027602,0.0053111715880296145
row_035591,0.0015975997808594974
row_039683,0.0016425577893639854
row_016042,0.280017153540203
row_022343,0.8179151353540244
row_038744,0.5190576470752861
row_033998,0.0022258388409003437
row_036899,0.014614126554079008
row_048598,0.028621800351465068
row_037777,0.0009440176288253867
row_036216,0.019205737901337887
row_027585,0.025383116283691692
row_041468,0.0010729537444915643
row_000906,0.09803343551251124
row_015856,0.5347826189303878
row_033073,0.4720981069920743
row_021554,0.0329446171960142
row_039800,0.7039395062349045
row_048466,0.002924878129115418
row_038286,0.020319695530560934
row_024741,0.06507953112737716
row_021888,0.02201529372264724
row_043967,0.15906286536584152
row_025907,0.00171394510766488
row_030419,0.005344811702675103
row_008583,0.4728514228471708
row_046068,0.059292719907629715
row_038674,0.001237132305720406
row_038972,0.018061352432065504
row_012517,0.043460141388093385
row_003037,0.37326248235946563
row_048725,0.07341894961592355
row_029064,0.009935823383543768
row_045010,0.2507051080081939
row_026283,0.23296887070683941
row_031011,0.02038990168916777
row_042514,0.8273967928538746
row_001725,0.04972653343825545
row_018790,0.682965667324379
row_037038,0.37801635949610213
row_025205,0.0008537928603984162
row_012846,0.016160832715100343
row_036385,0.22159504557348342
row_025901,0.9987483388724547
row_002032,0.9001790142371476
row_003552,0.00023162127559976938
row_015540,0.7087599702572737
row_033017,0.03343939609429538
row_018036,0.9301920991837783
row_005508,0.5634914569459645
row_044261,0.0463887078539075
row_012705,0.030857894697203816
row_025969,0.6246163438516013
row_046452,0.0008191394975020117
row_003991,0.05622003535313444
row_030456,0.15313702264900622
row_015901,0.04120506444583236
row_042685,0.11092167870482546
row_012164,0.003019879809924984
row_032127,0.003328286476053704
row_046380,0.2841943552810544
row_031813,0.0028976237527914605
row_044496,0.002703930487257948
row_042671,0.0005260735561887567
row_011372,0.10502424712709434
row_035166,0.8642963067015293
row_040377,0.008070116669389938
row_017835,0.07525345946162743
row_046756,0.0017054744101329194
row_001952,0.017216102244070646
row_009627,0.3414751495341495
row_025806,0.003665224443211685
row_047510,0.04732841145388487
row_037337,0.1223762278033545
row_015176,0.36225815029605307
row_028112,0.08575193254422445
row_041580,0.08560673144325621
row_045712,0.0011050289651190525
row_031178,0.02506017992169354
row_036609,0.1276832846565171
row_041470,0.16715154311543506
row_015630,0.09689755320785096
row_017578,0.9493082752324699
row_005905,0.04082955305460625
row_043583,0.07318373777018658
row_022637,0.02540469304232046
row_022363,0.01714974818406623
row_034630,0.03317244602139137
row_023824,0.2567327269145952
row_025431,0.0012418130657734375
row_015532,0.14818465784373142
row_018220,0.017748028208932624
row_038359,0.33439480733595284
row_024973,0.005998860157399086
row_011255,0.5733951050242537
row_043523,0.0012521635775671245
row_034166,0.011303265457116577
row_041078,0.010136514489694227
row_005144,0.015068381003172824
row_041755,0.03496319233210583
row_029078,0.0026718711797053193
row_018660,0.10580554854366346
row_048608,0.9229698867518865
row_019701,0.9874364277094351
row_027843,0.025252863452310825
row_022176,0.03648327328106381
row_018099,0.2231130110070723
row_013095,0.0034058028261609173
row_024422,0.8877430380397852
row_006795,0.6799884385657246
row_013064,0.7704654241841286
row_042934,0.2258107874917921
row_014103,0.44828845471110773
row_046225,0.030145394109940053
row_027764,0.006158377473503959
row_037389,0.07380365026617763
row_035511,0.2051200125250495
row_032174,0.794095421744262
row_022521,0.753167224036749
row_042496,0.00014007498885403052
row_027308,0.038544705083411006
row_027599,0.2759109551308145
row_032512,0.00037401119116517727
row_048693,0.2230730767642812
row_012723,0.9686674687649618
row_017365,0.0008547953928156049
row_002998,0.6499032779616823
row_045646,0.9623473698635924
row_011055,0.8482070366249129
row_046091,0.13002775047479442
row_021245,0.007810128278795272
row_027061,0.7058097328877874
row_024390,0.004794862669637584
row_027855,0.22619996793768357
row_032896,0.25417595068268145
row_010700,0.5531262239591073
row_005834,0.03267221546672198
row_024747,0.0008111912612242024
row_040737,0.030333679923196223
row_037126,0.1466001367195511
row_021998,0.9246849851436179
row_043708,0.20535967124956486
row_033054,0.16676874932515595
row_031569,0.5367910460965423
row_040960,0.5003406184419238
row_024724,0.09356114051446877
row_045567,0.01374689596428034
row_040242,0.0022815385724115444
row_032271,0.01297400179324053
row_015948,0.0013061901151902957
row_004372,0.03659597782917905
row_005412,0.07435477914091855
row_000472,0.09283254010471302
row_026634,0.004401682139910285
row_037175,0.0013559102048722542
row_025016,0.0022540785584245
row_019680,0.012015966149156895
row_018431,0.015503728608363295
row_021015,0.005656698907923894
row_006489,0.003382239866237967
row_024261,0.010312571184290643
row_016335,0.9868930280926043
row_033772,0.4548750256548218
row_032969,0.014553188544333136
row_041142,0.3987358308396763
row_029050,0.01699181514351461
row_025646,0.9998070202835966
row_034393,0.49034054907718827
row_008065,0.10728063930021915
row_026668,0.006337597738908669
row_018454,0.9714896360827561
row_002057,0.6957061150211764
row_024147,0.04022101948970858
row_021656,0.0034628606336955525
row_002188,0.5846081192167164
row_026172,0.1862317806897724
row_012444,0.864499643677004
row_032535,0.0018406422501074647
row_029375,0.0009500200869409655
row_025059,0.00014943566099107753
row_037697,0.01581184101527424
row_031121,0.2167821743509287
row_013084,0.9371213152194323
row_016812,0.6426899617677619
row_000808,0.1562381353125142
row_025388,0.5317911300164363
row_030563,0.04290010608884665
row_015950,0.08213392747831527
row_035916,0.004185489756405379
row_048650,0.006218776341086405
row_036767,0.9166363783360822
row_003172,0.08464358616836146
row_012522,0.0011358529199119488
row_032409,0.21624295221382944
row_043496,0.6498573056550656
row_023736,0.007761122997503446
row_018788,0.8268376322733774
row_007698,0.017558107826619828
row_011865,0.0009644470423618699
row_018310,0.03757940595699282
row_034871,0.09007028865670819
row_016985,0.0029338076803098506
row_015985,0.012173023805001598
row_001804,0.004766083445524428
row_036755,0.8295547877512752
row_023556,0.01395625401994328
row_020130,0.007287468477004928
row_025746,0.08239190183388377
row_002047,0.007258799920630659
row_009604,0.2086080958615354
row_009401,0.02974604453887365
row_043830,0.0523726176919615
row_007128,0.05822451955596538
row_026874,0.03401388452117272
row_033932,0.4709955019665291
row_030983,0.791662039954593
row_020924,0.0033837700122421417
row_039053,0.003972573473211118
row_003119,0.03910161276423846
row_033021,0.0038059184847138248
row_026290,0.03644673686262816
row_040520,0.23511227131512014
row_044150,0.011412527237194384
row_045251,0.008081708160152983
row_044503,0.21447963228950426
row_049635,0.00023000003529434894
row_040335,0.009999433177876018
row_012665,0.024004795860223575
row_023997,0.12681722765841724
row_006371,0.00143094617867528
row_013027,0.7968948585627094
row_025351,0.058655380247269885
row_008668,0.09965501420071798
row_032250,0.19871942173139653
row_042588,0.9227443723331578
row_009040,0.02283431142583677
row_010736,0.5246436527888628
row_028523,0.09830516252557005
row_024358,0.00629503724687478
row_022181,0.5620690494262675
row_020910,0.23520364291316095
row_000438,0.10386013546784717
row_022576,0.17300747665393099
row_006656,0.21258792742581473
row_030532,0.10049642139098025
row_018102,0.14862509552193354
row_043531,0.2166848130558027
row_020275,0.23915012628777116
row_041927,0.002405215017997778
row_009922,0.9113293620113289
row_025347,0.0005918743913870558
row_026557,0.19146456518584032
row_002614,0.14269196548251212
row_044544,0.028118020496951324
row_023146,0.3122633040951082
row_012940,0.002881287273350751
row_022544,0.008893777396107746
row_005302,0.02036217509582576
row_018755,0.026112311429452993
row_012013,0.0018239780438544576
row_028587,0.00415310235848288
row_011771,0.15106065839081503
row_030097,0.3957103953987217
row_024060,0.05976180269426192
row_007079,0.03958916146985741
row_045001,0.00070344178464913
row_023690,0.04890296496798064
row_045565,0.5339359708412686
row_001199,0.08325186914279566
row_039305,0.05852684036526066
row_017914,0.23249800396354653
row_033482,0.9256153872402154
row_009496,0.9468366580316355
row_031234,0.21209994290941372
row_007974,3.6249800065921355e-05
row_020687,0.06095106282374068
row_047040,0.44551582406406
row_005433,0.02031974379009764
row_032143,0.1998691062499618
row_039089,0.838414779013978
row_015788,0.01742249684986556
row_015298,0.013993209857414717
row_003349,0.1006708660154266
row_023786,0.08373185245355248
row_000917,0.6157060766412603
row_005467,0.03275363523802999
row_005936,0.0786210444885542
row_037623,0.014763602859406318
row_007179,0.03250463945744068
row_019221,0.0031850519775688106
row_028980,0.00615503490838669
row_028051,0.03588652685551588
row_023431,0.07353968405485733
row_001958,0.027205620390162572
row_001471,0.284966558735191
row_030637,0.020827160365376005
row_036078,0.33396557255385734
row_013300,0.0008186826844732638
row_031741,0.027706379024224754
row_036835,0.029670370939067638
row_023454,0.0010346938688343679
row_030158,0.13423503759282282
row_035135,0.03189708258168412
row_000790,0.6329934144733359
row_017751,0.003409962715475428
row_036654,0.017537552110131756
row_012046,0.092011372094467
row_030118,0.04255454948152614
row_005724,0.05820144473894665
row_042287,0.01514343160057108
row_049483,0.02397287851773466
row_008495,0.058082310250683084
row_024946,0.0022119491800929965
row_038688,0.04569569697880968
row_034227,0.059185875101933745
row_039105,0.5776053321136783
row_031700,0.3263542802675102
row_002038,0.01271311027044304
row_013669,0.011462561290955393
row_022504,0.033730033915540636
row_024234,0.06828668193682527
row_028642,0.07824755650167756
row_041110,0.144911460366479
row_020032,0.9508856772671358
row_035991,0.5677003553867386
row_031434,0.08849400709403445
row_003485,0.008176806775423514
row_008771,0.005581158148041811
row_026390,0.49469786050901093
row_001868,0.020831473127785088
row_008664,0.5038523466891678
row_013330,0.691819456395799
row_044438,0.10926458321843899
row_043995,0.004018850694914373
row_008312,0.18729738478258406
row_027081,0.05274996668351431
row_028553,0.18926789948274214
row_022476,0.9092534110323616
row_021281,0.00010451418385436735
row_028261,0.06739818172282931
row_034788,0.8417229419613784
row_027292,0.9453719009175996
row_028235,0.002942579459725795
row_036138,0.0015341316614628888
row_025021,0.9974342837484381
row_004919,0.01135482192680572
row_045708,0.02143768584428991
row_048516,0.4444073145260512
row_013565,0.05721127698488939
row_009710,0.6145374907400412
row_028266,0.42527404331125734
row_034145,0.13672030144449707
row_019649,0.018162674619883835
row_031859,0.04909324122566193
row_011587,0.6679591608993745
row_045301,0.09478246455076438
row_027674,0.004772521239822055
row_027009,0.03175301355913249
row_000082,0.003988596919583343
row_016727,0.007174594407868494
row_049387,0.02090685108699953
row_048162,0.08891015957860182
row_025524,0.039442587709004585
row_020712,0.07398150137246304
row_043687,0.008298755374917392
row_004913,0.05158281774235615
row_005076,0.03514628250778294
row_018447,0.0028862832604088584
row_034782,0.012644001980372938
row_008100,0.41852944337623105
row_026993,0.12054251559780292
row_017505,0.7658041322711083
row_001086,0.1523743637925833
row_000127,0.4361543348195862
row_025914,0.011639610636301966
row_043364,0.2159151249792383
row_033777,0.0009918964341622293
row_028909,0.6944629682904658
row_010871,0.7179711030740767
row_048924,0.3072338502813893
row_023429,0.015584679226823474
row_049490,0.3511351677641837
row_005597,0.0031677046251758095
row_040931,0.1656090269229968
row_039294,0.12563989161895442
row_027668,0.09585185536990949
row_042162,0.7231908041575295
row_039420,0.25313998308754493
row_014657,0.33063446195992885
row_034444,0.028010105576964144
row_006157,0.039863280086240835
row_048706,0.09195130617086279
row_006394,0.010856769400625962
row_024241,0.6744314568252977
row_041559,0.12237353096531464
row_007207,0.02401491218269366
row_009234,0.20618773320245798
row_041111,0.056362882816184526
row_016048,0.03373090001735624
row_025385,0.6951797273752536
row_022428,0.6806763554491914
row_049873,0.018285298708307775
row_030488,0.009546055981117713
row_008749,0.0005739632144263376
row_010084,0.024937884906999098
row_014016,0.19766208339401378
row_027739,0.0052845684188303045
row_046849,0.01569861110266351
row_016269,0.5884596317048805
row_007151,0.5203302141411597
row_007061,0.8752444334586297
row_006251,0.017820157797151497
row_004955,0.010861939776175406
row_032462,0.0268311439164115
row_007381,0.013464074944933855
row_036528,0.04930102101507652
row_029014,0.009169980056910824
row_026682,0.0010203667392844073
row_036907,0.0033138888228059233
row_029744,0.5470211029257025
row_039964,0.12515101977202456
row_049621,0.13417780544217547
row_041531,0.008785579211086044
row_022103,0.00034588054777735013
row_004852,0.02885804951691083
row_019465,0.9998437222080551
row_021593,0.22447106862295918
row_028227,0.0004297141985787429
row_010556,0.0585237512577344
row_004438,0.9795538083221108
row_011678,0.21959471913182477
row_038832,0.6371529047183102
row_045204,0.0018452402539387068
row_036135,0.1231445606044558
row_011559,0.9944403831118388
row_029776,0.0020763426280280533
row_005497,0.002525254429771644
row_047974,0.074894873187227
row_009838,0.00010794819008768611
row_041150,0.5398486983372273
row_003764,0.007532521548589306
row_010587,0.0224632509888556
row_019909,0.008021927520829412
row_026351,0.10044636078975944
row_043417,0.0022788283246523294
row_018066,0.30005356954184403
row_015878,0.013263749541004805
row_049690,0.04996268087018435
row_008284,0.20176196788659984
row_041530,0.39073474311800466
row_029096,0.007239691508170296
row_014923,0.01017933383609768
row_009103,0.05410155202355964
row_019273,0.014431669270310437
row_046864,0.12684915764890267
row_030554,0.027114616999516058
row_018640,0.002154899956020342
row_011120,0.4505136104955935
row_022954,0.0683762188021185
row_007589,0.9843887091524317
row_024431,0.02133642652328837
row_038262,0.15947611879117068
row_025197,0.4696383422979856
row_042524,0.03511775861006299
row_042239,0.07632867464596195
row_035653,0.018146633543214694
row_039890,0.02990331299201447
row_014477,0.035051489261030584
row_032559,0.865238044105066
row_005485,0.5118885053967315
row_047463,0.08238402367598033
row_035751,0.15577243079053882
row_022327,0.0688553436058398
row_010970,0.9884136998225174
row_017380,0.009694645498362645
row_028430,0.0017186420082451698
row_038681,0.017515790035167567
row_045681,0.9320847891398505
row_011756,0.0033856144064812856
row_028291,0.8196887868037587
row_023568,0.18003081974205368
row_010828,0.14338827601460924
row_045799,0.06193287526562098
row_036214,0.04604298552866152
row_036553,0.0029991924059553157
row_049778,0.028145219898557165
row_033935,0.9734491187164472
row_037132,0.04886940696386831
row_027027,0.0005533823227990027
row_045808,0.9075075703718278
row_044006,0.6317208658800892
row_047560,0.0029333866914925634
row_028120,0.07901692821727661
row_012018,0.29043292482533584
row_000014,0.03937643044441782
row_001650,0.1495429942319244
row_007551,0.1642571085480471
row_028267,0.007467890927995682
row_001524,0.01765428781385688
row_017551,0.12752988393637796
row_032539,0.24194100188584697
row_012959,0.03422678504948479
row_004075,0.0033048535594831507
row_012863,0.18094170745000063
row_009249,5.7262573713649946e-05
row_011428,0.0007859600671054852
row_043820,0.003735410999649183
row_016446,0.0038452913951689412
row_040581,0.022224969571216262
row_007370,0.010887594956352022
row_031764,0.1483346246041607
row_020104,0.00025590691726123786
row_002965,0.09006368906079311
row_024505,0.9857419485137144
row_043910,0.0018849010254639094
row_033496,0.21781533964213584
row_020416,0.053319478623718136
row_048282,0.06757161559715913
row_010221,0.5832085917433955
row_010804,0.24136151654434476
row_022525,0.001655623417182356
row_045779,0.6000017978095596
row_008839,0.0056494236888529675
row_013200,0.3646572547203676
row_013769,0.0028776500543445513
row_024064,0.010768915561441127
row_045282,0.016852979650389555
row_030246,0.007169559143898346
row_041398,0.0054586671432847456
row_015059,0.849457435612592
row_024817,0.9699182964142735
row_008132,0.3469598452117633
row_049158,0.9999798838710259
row_035076,0.04189623888272894
row_039434,0.006187903684779786
row_040567,0.0016960541423054157
row_010423,0.17247209494309557
row_034628,0.3220300086072117
row_042368,0.3746816199561126
row_002926,0.8766351630009409
row_013349,0.006500925492917103
row_041314,0.9452093649477026
row_029421,0.0011289533930905708
row_009176,0.05512239467441416
row_021405,0.08639842587448726
row_011645,0.00602911929465096
row_040716,0.08879607582903916
row_035052,0.014988796853586511
row_024451,0.9676632176630644
row_039818,0.13210771264929394
row_020761,0.048901086958683705
row_015679,0.000600781893519978
row_021470,0.00960888203388304
row_044420,0.1645462503853492
row_001595,0.1249746804223847
row_025690,0.11286770043886606
row_019120,0.017086217019656885
row_039220,0.19165604442986228
row_022045,0.14023421207370348
row_011848,0.016512508742692125
row_047882,0.013060008007265159
row_029133,0.6816376871972003
row_040657,0.03128433115544806
row_011792,0.001464455161642917
row_018991,0.023460134620875737
row_013435,0.1347888734789415
row_037135,0.18721055369224676
row_001861,0.34626051195237806
row_014262,0.48596033154394097
row_019661,0.021385235910687292
row_002380,0.07895451505779881
row_006247,0.04952293185562926
row_015873,0.01230688620420748
row_040766,0.008985378820569675
row_023795,0.0005632980304660031
row_014651,0.004830041676391136
row_002602,0.02300123090344798
row_041541,0.009437333183154272
row_006740,0.8821509646608557
row_006120,0.4973470947457701
row_043756,0.04181388775121064
row_008464,0.022002162413521396
row_045539,0.0056652128038114724
row_029979,0.0015876489537082331
row_028502,0.0006785340427044542
row_045649,0.15320203812384617
row_045151,0.17932991643377286
row_046424,0.023872353155624176
row_023216,0.005872474984805373
row_013415,0.011801167748638954
row_015297,0.23711511738606084
row_005874,0.013968375498142805
row_003737,0.42719259830067186
row_002666,0.4436326923932239
row_015221,0.34159984696285395
row_046510,0.8271142574099958
row_041259,0.8693797290189456
row_014670,0.7879761702236503
row_018983,0.4873126949482678
row_016583,0.010112111907033986
row_032922,0.006103074364873782
row_024888,0.1742191777430017
row_046600,0.3944384020086479
row_034294,0.9835872264385475
row_040749,0.04668857966247793
row_000948,0.019965026435784773
row_004028,6.926587978800502e-05
row_012129,0.03635116432261045
row_005058,0.0033198028060027287
row_032141,0.007829791498169546
row_038812,0.052230267709430046
row_014305,0.5703971335332019
row_029160,0.016456378103338422
row_037591,0.40533702210245015
row_013354,0.5574030002562099
row_036710,0.00254147276905512
row_015918,0.04745866162576214
row_009105,0.004281350449150824
row_011730,0.9952314711191864
row_024697,0.4503341795034979
row_003135,0.034468127930886404
row_026603,0.03832981085393809
row_003528,0.588497508630322
row_006068,0.27531762970592216
row_007946,0.0002789478030907134
row_000643,0.02552917072220544
row_003441,0.560990982690212
row_036250,0.0289664020504074
row_037162,0.18138805359292276
row_014829,0.032240002722255925
row_048873,0.02203800747714518
row_028159,0.015886454300247183
row_004959,0.017069353052031166
row_012428,0.0037208590303175605
row_000079,0.11162530826417602
row_003372,0.04627378660717785
row_043444,0.046601264118571156
row_000274,0.7286853813486834
row_012805,0.009932677088059349
row_005569,0.3081423282382491
row_022269,0.05870236994475226
row_043537,0.008054245235453806
row_007822,0.14223296703834873
row_013755,0.1207643215915714
row_025628,0.22086594834838064
row_000389,0.09101371611919085
row_006917,0.5490008737287568
row_042247,0.48581112624910283
row_003288,0.005241794947276188
row_005278,0.7723668400585088
row_020259,0.0041638543757271575
row_013520,0.7911187220965729
row_000486,0.009476493062690787
row_014469,0.0006983265495355786
row_006301,0.002689131168919246
row_039553,0.37545843983986465
row_046644,0.1383030096867794
row_025175,0.09060911807977294
row_028047,0.8778204474807357
row_018733,0.010116247464553611
row_017643,0.3423706620019035
row_043498,0.10791603925807525
row_008773,0.0796785341083889
row_006185,0.6199951578199469
row_010163,0.004804075560964098
row_036945,0.1581469951948659
row_007918,0.9848690267386083
row_011250,0.0014267232852278348
row_040775,0.864086831625983
row_042879,0.0018511720433726448
row_008170,0.052409679533826234
row_037737,0.014632001610534556
row_004129,0.08038115091787941
row_023810,0.001570764072059338
row_022218,0.03225637712692023
row_030041,0.05232760858897564
row_042320,0.007619879075834803
row_043328,0.2013650493079912
row_017856,0.032054120301427486
row_033667,0.5107629526713268
row_003646,0.0007546265403590449
row_030914,0.02556979118784097
row_023597,0.0355951841747139
row_010885,0.04100492465136294
row_042136,0.006151059645987479
row_028847,0.003162514101850607
row_046760,0.649895054779209
row_046469,0.003147357208817703
row_040605,0.9950032462127117
row_009437,0.20784631188506958
row_027280,0.0030611846443319934
row_039713,0.024059054005439416
row_034072,0.17247635154241028
row_029087,0.016115917717764067
row_035921,0.11111434466315448
row_041995,0.002120686405965075
row_024875,0.052786826800820495
row_022715,0.048359438904523794
row_031479,0.0038969057429689025
row_024419,0.08224261277260117
row_020376,0.16112505291190624
row_042849,0.859573776139983
row_006479,0.005296687918018988
row_038240,0.0319375945281437
row_014476,0.01704094275533525
row_008835,0.0028770720226358936
row_021465,0.017668684490785954
row_031845,0.8833710902130955
row_039291,0.0017187403059436696
row_008630,0.9747163987074412
row_023200,0.9973358710770401
row_032957,0.02034869711644953
row_028835,0.0878264696935381
row_040278,0.000611305726506203
row_047719,0.20323605509830392
row_003696,0.9466946576653826
row_004281,0.0002997171977654443
row_001993,0.004998372206155053
row_033852,0.007413008153438245
row_027662,0.01924592002952526
row_014484,0.0026669836411146084
row_013823,0.20821675804998996
row_048631,0.15385183286883905
row_032898,0.0011107258042735689
row_034007,0.6631846372044967
row_008022,0.21779515111818545
row_043767,0.003946916761114718
row_035385,0.04006600147235163
row_031884,0.4808103331705924
row_002241,0.34716041421507393
row_035461,0.23472168436388985
row_007144,0.5414592509975483
row_043088,0.007977313022082978
row_013417,0.023638063360478467
row_020090,0.0011870831477665434
row_004287,0.3938095799744225
row_028860,0.2587362878963714
row_022886,0.06372207622512954
row_031720,0.0018198670304501931
row_003390,0.2772727129819298
row_029999,0.7744478136429973
row_033508,0.5948776093038584
row_021385,0.021292871612954702
row_043921,0.02622397385820664
row_006799,0.010147472601865996
row_043383,0.14600402315382455
row_037624,0.04526504703178539
row_022127,0.03629838916448592
row_041577,0.498493656535159
row_030367,0.004342286899112472
row_005939,0.0013412030580769072
row_043166,0.2492108709594691
row_009934,0.003091319267290115
row_031854,0.964632616863812
row_001737,0.04141005751539578
row_004721,0.0139260285393724
row_016173,0.008200224503702372
row_043804,0.05908545903661001
row_036345,0.10709707171758204
row_021678,0.01856740210028438
row_014287,0.0044146876785087965
row_009091,0.8548744767235397
row_024387,0.011216861156118607
row_001040,0.003014415925570419
row_030305,0.17638519679711712
row_025748,0.0009568162257513452
row_006080,0.00224361825277588
row_035518,0.671211298811085
row_045029,0.9824118634938128
row_015446,0.022534742952214776
row_015307,0.8015993800992789
row_009302,0.9983827679114016
row_037227,0.16516591517473528
row_034505,0.3553052754205677
row_031440,0.07641222305101686
row_018942,0.5617420949306592
row_049997,0.017395134609203795
row_020608,0.36064455776442844
row_037500,0.12535733855580336
row_025592,0.9879120776156478
row_035013,0.06561559802248379
row_019875,0.18862597471300616
row_041120,0.7598630309879874
row_028620,0.8748816499031904
row_002817,0.005823939663234066
row_021137,0.9745715302429355
row_040829,0.006111565862592596
row_017968,0.07918475506959008
row_028548,0.1644883405776801
row_010816,0.02673117650678868
row_002592,0.3927761531755112
row_013945,0.011630555005288928
row_024494,0.03365565332153642
row_007707,0.02180971554879447
row_044998,0.2956923265447542
row_036726,0.15446303570477027
row_002619,0.03651459347430912
row_013375,0.27204559068307566
row_011203,0.6055856854671836
row_009325,0.02486701347594476
row_041894,0.12530494170951947
row_033763,0.03889381865915773
row_047474,0.010209081068823778
row_024102,0.00696503023771463
row_030469,0.9493777321589923
row_044455,0.06219651630659146
row_027857,0.4291111159708142
row_025381,0.0003870601184585031
row_015527,0.07553457414375121
row_009551,0.9356092955824087
row_046348,0.8908087626642858
row_020793,0.0017762172849244708
row_007994,0.16997208859452964
row_000794,0.2646834581613904
row_005215,0.015352865558123348
row_044317,0.2237859717911702
row_018149,0.5263929149037069
row_034506,0.012565879200581009
row_033976,0.03188649841444121
row_035555,0.34419664411170053
row_020610,0.005827035438697901
row_022913,0.05902002234191512
row_042861,0.002729267539744334
row_002832,0.01995382115670011
row_043527,0.8845081850372688
row_043329,0.26632273980989846
row_037006,0.1605399354831573
row_002145,0.20628553716650758
row_019783,0.8321694372236288
row_001275,0.010122498185602867
row_049805,0.0012704549537274528
row_023833,0.8224633868615284
row_002039,0.9694952832926094
row_007259,0.22055277968495499
row_042001,0.9230790644732401
row_009495,0.13310611956705834
row_027459,0.0013962039696492306
row_004928,0.019568659455918756
row_016107,0.013251269521096773
row_040804,0.017991106411800947
row_002582,0.48732330182249345
row_002357,0.054630209293131664
row_040227,0.02829025011669339
row_019296,0.0441296556278763
row_022073,0.02342113557439437
row_018712,0.001221010079838333
row_024084,0.05003612855702492
row_000400,0.11171963611137914
row_042690,0.9977647567813863
row_034014,0.4625008063695697
row_022666,0.002862848870869927
row_010602,0.03659950759923589
row_009128,0.27697883063361767
row_041923,0.9330722492562128
row_044640,0.04067096594264311
row_009690,0.0524344942243043
row_004293,0.014748751688900398
row_031254,0.030360952280457723
row_027615,0.9833138210123072
row_047414,0.997560557874796
row_040433,0.22910869651703475
row_009359,0.0023124783905097896
row_041670,0.004011803439521409
row_007804,0.00019302214816632935
row_038902,0.2418622166512079
row_006026,0.019656277931547075
row_003304,0.0002616950950926131
row_006161,0.9007513807216845
row_005389,0.41145628797279776
row_014266,0.10621813395420747
row_002842,0.006608758933087505
row_031750,0.01925353264203383
row_001935,0.7133192935651967
row_018281,0.9764418541594693
row_024786,0.024738337297100083
row_029665,0.003982708912098539
row_019248,0.0040247278560449915
row_009595,0.02532363412826488
row_033628,0.032062924623847085
row_014759,0.24285372523600865
row_004625,0.032359753007099
row_022399,0.9585809454575861
row_046593,0.008270667771080818
row_017994,0.027817728803422172
row_015522,0.021499918604484542
row_030317,0.00945685898335525
row_012977,0.8492743163468598
row_015868,0.0007924996289695743
row_018093,0.005779501166453306
row_047590,0.00037664032081971213
row_034415,0.0008742613057691576
row_004213,0.02000638960132891
row_037195,0.8931250587065466
row_038306,0.47784711466519497
row_016037,0.9923672777128019
row_017311,0.030600371818160606
row_006770,0.7397714066272372
row_007614,0.01666548828697956
row_016108,0.0392452624720333
row_014703,0.0417708491214115
row_036917,0.9259919579627944
row_003578,0.0619374970123415
row_009724,0.11284309931797122
row_025294,0.00355118380268631
row_037323,0.002550535006357873
row_028313,0.008404067822278654
row_014357,0.36915978188155296
row_044740,0.06740681018941407
row_030760,0.004014858088614842
row_039869,0.36223276976242313
row_004219,0.20764956121136996
row_048419,0.027687678989662092
row_035304,0.00574469974857473
row_049311,0.05625787805078072
row_026501,0.7101193249540944
row_027768,0.0015327028687241273
row_031997,0.0010670722448401205
row_021642,0.9681371794754913
row_020284,0.41224525400452333
row_019924,0.029694683021994656
row_049807,0.020745175733221044
row_041707,0.2745956246380973
row_042266,0.0056186222838230165
row_025172,0.057559971169840754
row_009738,0.019702938099158986
row_035607,0.004148826545639429
row_048709,0.032804852060748985
row_039620,0.088966458408292
row_027943,0.5592245815706947
row_038165,0.28201856149549687
row_024161,0.009952222407976918
row_027242,0.045102692617232584
row_012861,0.011199908996491178
row_003516,0.0009706713107969523
row_004361,0.4880126899841839
row_019077,0.033390029697578136
row_049911,0.011914807672846374
row_037583,0.08738381952821127
row_023807,0.7677781177126484
row_004949,0.6194963757859306
row_034869,0.8781856732832773
row_045319,0.024335108467746905
row_024468,0.002132169905697996
row_045445,0.021175464555904973
row_037547,0.5085199352969111
row_027054,0.1805830977531574
row_013382,0.18577430824428318
row_023987,0.02308221771296936
row_003153,0.03633446317320031
row_026543,0.08318839402460938
row_008810,0.7406676159884016
row_034365,0.18871695210764727
row_038382,0.03788806142198767
row_015757,0.03586505780721748
row_037581,0.4780757889010663
row_036210,0.5022186926990021
row_033344,0.025052535379403006
row_038498,0.4774020412967789
row_031901,0.4372045369590179
row_042694,0.9844594443701868
row_024078,0.8941152399520217
row_004402,0.2612713123983561
row_028995,0.5083061518366803
row_003043,0.018918150223655526
row_037432,0.6634390121585133
row_015170,0.6875959989789093
row_018062,0.0009063510779715793
row_014127,0.34481037313248136
row_012311,0.010622720677807009
row_032859,0.9992365019208288
row_006119,0.6152625528297442
row_008117,0.02601236364020191
row_011048,0.09335956403093217
row_012835,0.06440816010220778
row_006614,0.08468992623038393
row_019429,0.004526724084992398
row_034613,0.3653997387487621
row_042943,0.048192770433530686
row_003017,0.004570372072505279
row_023622,0.03519399658554107
row_010048,0.0785687960671178
row_014113,0.05972174903065985
row_048430,0.7897369038015836
row_023360,0.1034787357565361
row_020933,0.004470579387537214
row_001165,0.36173385082202986
row_048883,0.009663850155843128
row_023097,0.008469108495279678
row_038489,0.9607253540569969
row_047524,0.04956399263704919
row_019177,0.05704633802922861
row_027587,0.31909364959621717
row_027714,0.011437042633442482
row_017661,0.017270034900450048
row_023849,0.9996475076523559
row_019327,0.0074964726926220185
row_029656,0.9602387549200907
row_045249,0.018313668132641594
row_039049,0.04599502033945935
row_017416,0.0952424303491136
row_014219,0.03052377285254507
row_033521,0.6606286992979122
row_045035,0.11644293852349698
row_011358,0.12521265011413973
row_033365,0.22284852671290453
row_037438,0.008924135342456336
row_006922,0.039860755614607814
row_037099,0.01033432393632724
row_028184,0.03411360692021443
row_001907,0.7982077189386328
row_029886,0.9219190246063899
row_049784,0.006961706493604607
row_049003,0.012397873595943338
row_004359,0.0055027581224002834
row_016410,0.00018700413443948607
row_006274,0.050302002287546985
row_045457,0.1411452307812461
row_002981,0.011337788834068269
row_026436,0.42665796911991916
row_029511,0.7367818077048927
row_037139,0.2392378498986378
row_036702,0.4981041146881995
row_032522,0.0040320196909043515
row_049632,0.7889095513192972
row_008943,0.028331053302460798
row_031119,0.009326613852930883
row_038552,0.004418439278182892
row_007903,0.06079604315910535
row_021529,0.19716843032992273
row_023993,0.021919772946415287
row_030397,0.9922574262288258
row_004981,0.013727008484664013
row_042750,0.11989631651363715
row_017319,0.008049675554621575
row_036470,0.018748632675258
row_017103,0.00514423581784152
row_032602,0.02166181505413495
row_017385,0.0054462680122550795
row_019374,0.05005923043518497
row_029614,0.4441018994996251
row_009346,0.045975824074428004
row_025174,0.6108465254732792
row_008430,0.9365706171786272
row_008600,0.020579442864684407
row_004839,0.31455645019004913
row_023022,0.3020686098563526
row_026333,0.003371699646001307
row_037027,0.01725581600380322
row_049789,0.01712400603850476
row_044325,0.0009251184084547348
row_009742,0.0008348222491712488
row_033379,0.7356712437418034
row_011871,0.4089598322477159
row_043540,0.003275912643535449
row_023064,0.31702640626883655
row_000405,0.9849792350430363
row_014465,0.5596420492915734
row_047275,0.9922706850973653
row_008407,0.03356031121827856
row_000723,0.10544576002594382
row_034783,0.7943321270250073
row_021064,0.04382547012578104
row_012557,0.7992674541512985
row_001100,0.15343122786227548
row_002780,0.000555339303445012
row_012649,0.01766568223408829
row_021261,0.01346661995032023
row_007654,0.9079481360503334
row_043988,0.09198953503125593
row_005230,0.9257446898287075
row_043267,0.018138209524264818
row_024966,0.3878758939913191
row_022810,0.023180793023642635
row_009811,0.029125178280307234
row_015936,0.04418015447716231
row_017607,0.01548703898063996
row_023107,0.020078208548905067
row_000068,0.0012054690995919608
row_044703,0.014851342177022858
row_018813,0.2120349628198021
row_014727,0.01977102669679493
row_032020,0.4413012085044237
row_023161,0.5230579540063869
row_047924,0.004220727197882337
row_040703,0.7832748846012494
row_014933,0.3993715847409431
row_035313,0.08390448773881728
row_024355,0.006162765006701416
row_027859,0.40583047777209114
row_014366,0.090848350371847
row_035811,0.9723471024565427
row_028255,0.09022448134865771
row_025327,0.027349612939390044
row_034349,0.0001998965172279649
row_028245,0.24569913703679225
row_022652,0.009976663778883543
row_014238,0.6414834256342521
row_043779,0.0010028462138382268
row_012077,0.002421106886017036
row_007883,0.02060301707766366
row_042796,0.0029122786941964338
row_007718,0.17355863773280128
row_000873,0.08220826307987261
row_013551,0.02064834874347687
row_046017,0.1045347401343151
row_024028,0.08582186487087975
row_044650,0.0644409290753469
row_036695,0.018912723072312742
row_023187,0.11489832749074622
row_043744,0.0016184504984839447
row_022922,0.8525111221603924
row_011789,0.6478039549632579
row_002361,0.5537045837813528
row_021427,0.009244260231728004
row_031072,0.004096811828244372
row_036898,0.018536374427261488
row_004170,0.09467580589931325
row_046302,0.02539944050428014
row_004001,0.018109380476362315
row_013982,0.01097167929456687
row_020962,0.7401136722673306
row_044737,0.5130419197895979
row_002846,0.4841444998961938
row_001113,0.10996506129351354
row_012640,0.02397471693798338
row_014363,0.8996274296393911
row_038587,0.1520264589880625
row_029588,0.49450830559888
row_029778,0.015283726558717048
row_026471,0.28610087989538036
row_039623,0.2350200642453806
row_037001,0.0038943984026705886
row_040800,0.001080601869530711
row_033624,0.6176062630640747
row_048613,0.8674813994052343
row_029494,0.02193205852544541
row_016378,0.7155092695215761
row_042253,0.3148507231501462
row_024087,0.004569206368691049
row_029321,0.1572590787052842
row_004157,0.01053517109726254
row_044426,0.01093827223446315
row_047149,0.9982761748978393
row_039075,0.0075112636572991776
row_036147,0.001884448786187281
row_037545,0.09803545286565778
row_042285,0.013655192528081624
row_014956,0.021597539232279164
row_003653,0.043185226029425414
row_000011,0.0014910955048319822
row_033169,0.19927837008832497
row_014894,0.00033544001931016767
row_043450,0.06613451031860931
row_013784,0.09491757715704333
row_015245,0.004390499321227145
row_039791,0.02124296066663971
row_036473,0.01923681318013209
row_010144,0.008835863714654937
row_047431,0.11945044515815918
row_010275,0.272081386589984
row_012135,0.036858044362817775
row_022552,0.04255914306878306
row_024778,0.09322787699476193
row_046712,0.491596116989672
row_031349,0.06405452495844832
row_040416,0.2596949094810585
row_014609,0.08058096320406476
row_039661,0.004356680694875419
row_045588,0.9993581440602622
row_004393,0.03788822419590624
row_023139,0.04617769821027963
row_004749,0.9604020856248359
row_030541,0.18225747110181445
row_032611,0.4862149392488153
row_016323,0.006110758741410666
row_012901,0.007922599226884373
row_031081,0.15426269844736365
row_007480,0.7814180325748818
row_047072,0.0018773153457920264
row_041697,0.012646534665150344
row_045692,0.06861945311883294
row_027353,0.08834021651793103
row_001034,0.6836350610461153
row_038230,0.1739340037678284
row_039958,0.011566063833599252
row_034315,0.07543332593807492
row_034486,0.00467085757031014
row_008037,0.021316981128886008
row_014774,0.01701146175110698
row_037571,0.013810806148418406
row_025834,0.5158631717284061
row_039016,0.850985850729554
row_038738,0.4005193786234435
row_033104,0.9570155272838524
row_033894,0.04656136005153847
row_040270,0.008285222200158416
row_032194,0.007413367501710746
row_024023,0.0052161628591026995
row_000135,0.5550921273175228
row_009087,0.0975529194692113
row_030695,0.13656351973571554
row_012349,0.6219318343757633
row_000680,0.9473858132199481
row_041979,0.824354398410357
row_042880,0.024034045829039962
row_008832,0.003501012260063486
row_022010,0.0039510672875350955
row_037492,0.007363633550948029
row_014242,0.10302879275846324
row_042462,0.0008859049494021438
row_003312,0.4178939878623164
row_046444,0.1551900248580952
row_041895,0.007089184989062673
row_034876,0.08348648429702543
row_035377,0.38842196892235215
row_032847,0.8950064802326486
row_001582,0.21266106089864853
row_021196,0.8330555004277803
row_012963,0.4121615821231824
row_028036,0.9151313802651811
row_042902,0.005054420920798345
row_036538,0.06688756491994301
row_023729,0.017301190204570514
row_002820,0.002092004302865107
row_007715,0.010010905618805011
row_009654,0.0006805319454367362
row_011592,0.5387954029635377
row_039282,0.5722387754770811
row_007706,0.281746105136256
row_033396,0.2966691638291621
row_018674,0.9891787970578211
row_039848,0.005473421387254014
row_023725,0.17984336121355018
row_040130,0.003323295996855785
row_022335,0.024476808043557608
row_032295,0.0019615964147947232
row_030752,0.1746751492462209
row_030315,0.5582453107212734
row_015378,0.07334852381072719
row_036198,0.3666624017363438
row_010452,0.08254346939549222
row_012075,0.004625858363619438
row_036030,0.02345634205682708
row_009525,0.5568485962216536
row_018317,0.004397333210874678
row_029840,0.001514225471726389
row_020314,0.04865492906796339
row_032836,0.21592310547873797
row_042143,0.7526619891908636
row_026744,0.6896273759358562
row_036120,0.3215983811491482
row_003905,0.03666233802495251
row_010608,0.004632750886083824
row_004385,0.48616456865302254
row_045947,0.05603308905608978
row_004882,0.18567098389049727
row_038132,0.04061556072911839
row_045626,0.0018313897881127514
row_013929,0.019119804268443535
row_041959,0.003041256158107189
row_007088,0.011699513951435838
row_018453,0.9987509460344448
row_001406,0.00863835840499025
row_044653,0.8939607735805895
row_001479,0.003967809639607355
row_028723,0.6716581331884424
row_019004,0.9687560212807612
row_031420,0.34366760389339646
row_007902,0.05016253113912698
row_030617,0.837870001783316
row_041358,0.2141271558690752
row_044859,0.47023324474789235
row_019740,0.02095165535404771
row_001171,0.549645151363583
row_029020,0.011403722704819423
row_006877,0.18346771953390292
row_016784,0.0020545644233098256
row_004265,0.024533182809795523
row_003401,0.05900851139330149
row_048368,0.03894906537111465
row_019280,0.5215882144575306
row_032930,0.10848010948039494
row_033252,0.027560512425872243
row_029674,0.004660000415208376
row_009041,0.602507343309722
row_043889,0.011575664713043844
row_003249,0.09472679279217903
row_003013,0.08348876036797027
row_041483,0.00040618262846471516
row_043860,0.03811908066320167
row_026520,0.0624004734268913
row_035573,0.9884557286835246
row_041215,0.004787443866162293
row_046973,0.01769830895280787
row_029240,0.24591400033507715
row_042466,0.3103760071126787
row_031839,0.02352620406929263
row_047977,0.01896443275597449
row_012012,0.22924153012293136
row_007787,0.07110376703479157
row_011955,0.015502806575617506
row_030279,0.9938615892341839
row_007373,0.041300920194264436
row_015249,0.018058431942694343
row_014260,0.12116642152439956
row_019171,0.0013610934557755207
row_036582,0.01143264131610903
row_000341,0.5713198959118457
row_000002,0.016011353708072173
row_002669,0.642394377760744
row_024135,0.1291742586547926
row_025836,0.9932722842555614
row_005125,0.30356901725849134
row_040156,0.47901275034624696
row_005943,0.0022604034021594653
row_017235,0.05033607437413237
row_010502,0.12574823858021028
row_003015,0.0006207119055305093
row_044036,0.0007042919954474803
row_009876,0.032943492362262426
row_009812,0.2533647877106868
row_040611,0.12685708806176565
row_045278,0.11613444987771315
row_018884,0.0905172965299154
row_003868,0.0020640162077234076
row_006668,0.07184464651379537
row_005324,0.20819431560232646
row_038555,0.4342817460693146
row_009568,0.34786231350655433
row_044064,0.02419382065399443
row_031215,0.0623873823834644
row_011514,0.0340462500180565
row_025449,0.004310361799024563
row_016405,0.026701924206075034
row_013163,0.021709754464092006
row_014668,0.615471457598596
row_030801,0.18419241966304978
row_016421,0.4540156636535678
row_025629,0.05554815979275141
row_037513,0.9827742503923421
row_005918,0.026337941520774774
row_003822,0.04344347249346399
row_016839,0.004705138759922712
row_029081,0.048251395617639845
row_016146,0.9121280533094256
row_024258,0.020454380782877996
row_033930,0.4110897932780704
row_031692,0.9248601870998431
row_000276,0.002561444065617228
row_041689,0.5947613736394092
row_035474,0.324858769583013
row_034775,0.06015875775759909
row_011408,0.03525826233105333
row_029958,0.08461697577655712
row_026476,0.052844150231512954
row_012982,0.033765898081570635
row_002940,0.0003497800273935132
row_019372,0.007544576233957607
row_020294,0.008756070005712178
row_021310,0.05083036126687139
row_009262,0.1580520579233715
row_024226,0.10651328441300922
row_043760,0.7978504952831023
row_003679,0.5469450249722012
row_041198,0.0020936515601717577
row_028444,0.7883285687404313
row_011580,0.18010884945208253
row_004972,0.010564395258219712
row_041347,0.7886077996668401
row_045773,0.020273240800360536
row_011327,0.04071832082543732
row_022022,0.031114335611469975
row_025282,0.23214107472451154
row_030917,0.02063428890889181
row_010947,0.013802077043046354
row_008613,0.36381789213710825
row_017462,0.03372368283839241
row_021432,0.003102853798987958
row_043157,0.10523098190003626
row_017218,0.7745288327386798
row_015030,0.5722015862955057
row_042137,0.9846547188956808
row_004228,0.026078409258897192
row_013775,0.12185502022050151
row_000958,0.016840335659184285
row_013617,0.01935273805921903
row_001432,0.9891046769918158
row_014848,0.8412372851677997
row_017015,0.9992759980436192
row_020688,0.2204895356244091
row_036671,0.002671037384784067
row_025330,0.8063190497098426
row_027827,0.018072383018891004
row_037530,0.008484939551865063
row_047749,0.9314568049753499
row_048985,0.03122139832523215
row_015359,0.11374152065708354
row_040831,0.05223272340954872
row_004413,0.10711991735613241
row_007697,0.013715843985048812
row_016158,0.18116259494997514
row_010851,0.060943860130010026
row_048349,0.006067845792969503
row_006794,0.24409260700394003
row_036045,0.9883935416183159
row_037327,0.011435580097259573
row_013373,0.0010261278451958065
row_029986,0.01790326907147614
row_037283,0.1593032089212257
row_031892,0.9410672646820516
row_028770,0.18763043423669434
row_016544,0.45136488956291027
row_031941,0.0036952815651957317
row_027854,0.19474573754948254
row_015737,0.13279911410584339
row_019807,0.40500922791193916
row_045100,0.005818033030474079
row_022567,0.0042804026999951365
row_025027,0.02090758966780146
row_009991,0.21962635446712733
row_036028,0.0008883219339556894
row_009434,0.23377325128302348
row_025280,0.9996768530869863
row_033351,0.00019070966924978532
row_013474,0.10332264187766584
row_048301,0.07437290672904036
row_041174,0.034057390702926765
row_032838,0.2997519998598542
row_003559,0.04905564537868495
row_003818,0.025856307337872204
row_014868,0.0007694777849169281
row_033300,0.266289454212141
row_042329,0.4238785910837614
row_011828,0.023434924741622776
row_004216,0.04094717807974931
row_048286,0.006915347309235632
row_049595,0.09529926925426438
row_036425,0.5155157805311495
row_049583,0.007546907273295168
row_005998,0.08988808752862623
row_042476,0.7251394298560835
row_006380,0.004966436656571967
row_011508,0.026840911460333256
row_024174,0.11872566687758793
row_042941,0.0010550601634108374
row_043178,0.047604547723872466
row_012868,0.5964402366903313
row_025715,0.004491689885454475
row_039009,0.048540981025842554
row_024603,0.1873355383059333
row_015200,0.017238771018162055
row_007444,0.1627929109891453
row_046648,0.18259492769228186
row_042008,0.7197140255110654
row_037379,0.002052300683230586
row_037084,0.9475053133412621
row_044934,0.6629574164512704
row_012834,0.7129314670676482
row_040011,0.4628971897240336
row_042688,0.5207611500511786
row_011617,0.050523831460567305
row_015772,0.031536875961868736
row_024196,0.014483298832084537
row_025997,0.3805524585989232
row_001048,0.009528856605421038
row_040521,0.001498476207265178
row_012050,0.5097664757095165
row_033605,0.006735248404563728
row_006122,0.00011758938346343535
row_006149,0.01506605335568342
row_022547,0.025193046829684637
row_018065,0.007645096881497082
row_008917,0.23321335309544827
row_034036,0.02309714766640988
row_006420,0.013641692519075778
row_035487,0.2792504807533843
row_039657,0.0008825051908093872
row_013664,0.002969926916767182
row_018376,0.5561891801855362
row_009880,0.09296559504237684
row_002469,0.0006584958627836259
row_028389,0.0013686770119019503
row_044526,0.0033068423874501656
row_024001,0.0003732718611186193
row_002209,0.0017439981398085147
row_047359,0.0007251185824351582
row_023707,0.002687591001534978
row_005878,0.04319892328936615
row_022500,0.8343993055215846
row_008722,0.3730972502893564
row_000852,0.0008739658538554306
row_013364,0.5444816805016965
row_009841,0.0022062294537519094
row_013540,0.004482193337069869
row_044834,0.05622398988854319
row_008409,0.05421110896657918
row_005691,0.004133533397408462
row_017032,0.9952104464979802
row_024381,0.0031186599226786043
row_042175,0.007173905459158645
row_003875,0.2480956275791986
row_047585,0.29711397043295273
row_019946,0.0018659555757404704
row_024334,0.18407417099689896
row_031727,0.45059782664233244
row_015408,0.19546071871941018
row_016493,0.9391159286607298
row_004921,0.38661110389078385
row_019190,0.05513786971866622
row_029534,0.0005871357693520439
row_028658,0.012648777554420553
row_028756,0.004425739875006994
row_012727,0.027300929664664082
row_006435,0.29984872529874407
row_011518,0.016028880636495425
row_035351,0.05285135605939636
row_015725,0.0018106117530067257
row_019021,0.12738598423760744
row_032417,0.0015218036368416419
row_013705,0.10980694123482296
row_017633,0.020265497201602662
row_011336,0.02293613384628095
row_009974,0.07795139635324692
row_044518,0.20408928541218593
row_013662,0.07362916871484232
row_005515,0.8488286220846832
row_047591,0.16000992966464547
row_048895,0.3241449416795411
row_022243,0.02637039500865978
row_032997,0.9716374380334136
row_040869,0.062253533485477935
row_048590,0.06805105887655308
row_037633,0.7420169632167423
row_010258,0.0893976574829236
row_030674,0.00021303445338946323
row_048671,0.8552979590874628
row_031432,0.1253877954420729
row_016079,0.3806707605044392
row_022640,0.02943091152443295
row_007401,0.3599156480512014
row_015708,0.003489518812226896
row_049599,0.020548164907100833
row_007083,0.039777068041679235
row_022556,0.037322439012070566
row_049103,0.003383201636440408
row_018138,0.1024898047093109
row_020339,0.24269742084414717
row_017174,0.018222699007186274
row_001938,0.18088869207662567
row_017741,0.9888905056905912
row_006707,0.9883311386004248
row_041950,0.029097785214873287
row_020552,0.023270456290508414
row_043281,0.011450694564530045
row_049273,0.019975479756550694
row_034278,0.038756960574585025
row_048364,0.019791834341126562
row_000454,0.07331514224983621
row_021709,0.00897011262458253
row_011625,0.2904572260085255
row_026339,0.5152950074590406
row_041415,0.9846365339729981
row_017452,0.027837683654304307
row_012448,0.007496267794165658
row_037437,0.009891712539672108
row_011970,0.9998835231761681
row_043221,0.005712921996376061
row_031244,0.621328758784457
row_031900,0.00017452926418793662
row_001009,0.10260258154156049
row_028761,0.9959127998522004
row_019301,0.0006870102614491492
row_007842,0.09883326908778337
row_022174,0.036695230896604536
row_021218,0.0002931905316767447
row_044233,0.036860857141398556
row_047417,0.2770947731071408
row_017543,0.007388620887077566
row_044452,0.007002221123813752
row_020288,0.00444322491191006
row_011019,0.06278232626381355
row_032925,0.1746499398348042
row_018589,0.00042906184116130235
row_041246,0.013887767133523037
row_038283,0.005788013796629166
row_039389,0.00512135358553298
row_010047,0.006501943071049316
row_016142,0.03940213913571941
row_004579,0.03618129209138628
row_014737,0.0018496501712642567
row_024220,0.0015643325827231084
row_005607,0.0032092646638723554
row_030995,0.38259323081949215
row_040574,0.5730189311852691
row_029034,0.7380997286020455
row_032200,0.0001845837093944792
row_041705,0.9519891817021617
row_019764,0.08478528519836465
row_001552,0.21417078401485062
row_049751,0.04607514594300702
row_033995,0.2014666104990511
row_018815,0.008560343716989117
row_000408,0.4071316823705486
row_030741,0.1416732936341178
row_047271,0.0290445153178173
row_025863,0.020644195237287888
row_031657,0.288957948305974
row_017929,0.015660041622735214
row_001846,0.003080859815939912
row_017608,0.012599931547568631
row_041867,0.009211492263389976
row_034689,0.0034044078124569194
row_046524,0.012628295178313603
row_023822,0.5615667493723481
row_024719,0.9984271360386817
row_046900,0.2751945982991917
row_034845,0.12866612722933368
row_049105,0.9982264985257908
row_007357,0.01355619159895576
row_024162,0.11240873941708221
row_044796,0.01735871968623169
row_009092,0.0523572037869746
row_041556,0.2501431343994054
row_048050,0.03479896797996913
row_001497,0.16306806102004465
row_006572,0.010834555355262386
row_010532,0.6714716123344638
row_006278,0.037486577726355656
row_029695,0.04564285903257284
row_024844,0.006271895902783083
row_044410,0.5626857470017499
row_007491,0.00036994561375749133
row_030239,0.19228577670905483
row_001159,0.2917840249996845
row_038231,0.32960749453101096
row_004073,0.00013937384216599895
row_010615,0.11438857720300591
row_048738,0.9228905930119012
row_024740,0.03162762739425776
row_044259,0.008676771345816379
row_037228,0.01766238724210908
row_033370,0.012638618260212557
row_049352,0.024698217951321995
row_028220,0.006154230087523899
row_038619,0.004299890083500649
row_046801,0.05057029553355512
row_017360,0.21027866330819253
row_037544,0.03171062953121479
row_036044,0.014844447526063804
row_011446,0.3119455503622112
row_026042,0.030923299901687934
row_011208,0.5281755763569791
row_035546,0.8945716043841607
row_033454,0.5743231061120831
row_015421,0.7980637361110487
row_047336,0.023365564045047724
row_009204,0.01186268094461561
row_020365,0.08054418969878258
row_045969,0.044632541689474205
row_042584,0.8695257388511201
row_044659,0.012536800213431435
row_003928,0.004342350664500496
row_016836,0.04516746074489552
row_003614,0.0007381725577488868
row_048533,0.08224239897532447
row_026754,0.9955926271315878
row_022994,0.38718058486554535
row_006071,0.030887668203102292
row_019367,0.13305409034476867
row_000752,0.04746127310816357
row_004740,0.025633845257636737
row_035237,0.0007986226092962682
row_012172,0.1013035146256418
row_016818,0.0002419322166147598
row_020843,0.03395136438149488
row_036589,0.37031036951486607
row_022520,0.32880542594219275
row_025070,0.0037361229645231924
row_024227,0.022764716339355222
row_036932,0.9949440386023072
row_022872,0.01410080852398065
row_033285,0.8775848801611031
row_022828,0.029663525977333165
row_039161,0.09780213913558733
row_023523,0.013427027791813222
row_040023,0.8795432711527872
row_030090,0.0007186467767039175
row_025948,0.2675559484581976
row_007744,0.014915967993832597
row_041296,0.024449240263739562
row_048574,0.008558326605174516
row_044533,0.14212776641606933
row_010815,0.6053764765994132
row_049868,0.09897860463833168
row_048108,0.6814719866167106
row_008701,0.1742809427714464
row_040500,0.1883635493236513
row_017611,0.17053332992627074
row_004863,0.4673291457476733
row_014856,0.11304871821877643
row_048761,0.4129696321229556
row_019579,0.020183453418113888
row_023117,0.0014759987314028253
row_011644,0.42745213503602
row_032265,0.8946393747881806
row_049426,0.02642789589367975
row_018730,0.13160147350748397
row_034829,0.0018900197435634323
row_035572,0.006879119371787848
row_009151,0.10999125674930682
row_021496,0.5084463844883502
row_049459,0.08319398896409956
row_031248,0.30045171073562515
row_009543,0.005290806848498723
row_001671,0.4722474981778203
row_020269,0.3105925886404693
row_021579,0.008262918436941604
row_039767,0.0488352269539056
row_010161,0.007171810535214816
row_038479,0.027765393295970733
row_021902,0.002318713231167809
row_006807,0.9894567376783358
row_015581,0.0013302388002125593
row_000180,0.12321302129506108
row_015699,0.003452249800346616
row_030959,0.1937244069145429
row_034801,0.583497946111586
row_018140,0.00026380899545878656
row_036682,0.6815787268619982
row_041881,0.10702767799349651
row_036498,0.3072328311991877
row_004979,0.006672178908669363
row_033254,0.3710829975797876
row_005292,0.29061763914114286
row_049620,0.009919383705062361
row_022630,0.9158168997537616
row_000514,0.0008778987676605147
row_032468,0.0015787219927297675
row_031068,0.34470007690313975
row_017153,0.1789991773830442
row_008441,0.008343525052109352
row_021068,0.015478822054112492
row_048417,0.12131382429589571
row_017368,0.3064969366272389
row_023960,0.5986451427165173
row_028545,0.016827153576988624
row_027691,0.007815944444904488
row_002784,0.037550362524577136
row_009660,0.7383432172737361
row_031326,0.9657062386312967
row_030383,0.1365579083637676
row_026663,0.014747135403701164
row_001803,0.9350344210123148
row_000698,0.09533337690049731
row_025594,0.020487499952225114
row_034340,0.3943671561817503
row_009167,0.2588303910808855
row_038160,0.6340015595255679
row_003115,0.06367416294099246
row_030338,0.03453471593032827
row_034472,0.0046902419641962146
row_012416,0.015318421439979853
row_008153,0.014071499711616645
row_019598,0.09487411927360277
row_031400,0.002601221151428744
row_007996,0.0006715197522047297
row_043785,0.08982914966478725
row_031255,0.02104523326267594
row_014588,0.021199440860237125
row_018285,0.00900773760096427
row_013062,0.10430192558530185
row_049979,0.0012576758189196291
row_006661,0.9946183584679757
row_039743,0.004289441701401805
row_033697,0.13588932235375545
row_043449,0.19498497683039856
row_036836,0.16484040966693464
row_021046,0.05133235500317335
row_035368,0.9120571522340369
row_044328,0.8268444181743206
row_042405,0.15907428027365186
row_029716,0.11176863983691866
row_027327,0.19727031135750236
row_041432,0.11661961603403344
row_018242,0.15312289901016976
row_001003,0.8995459843382527
row_044345,0.8795548608956647
row_003139,0.9027950117611839
row_030598,0.5295782154320982
row_049162,0.04921321075321128
row_003178,0.22679213186575564
row_014892,0.6719278475922624
row_000969,0.0028933873164965897
row_019706,0.465362835731483
row_015433,0.8252393703176726
row_006658,0.02607422444122817
row_040909,0.0594209150752355
row_019283,0.034461440188021414
row_000636,0.014438522374717176
row_049477,0.019030810012471297
row_008958,0.0025477630648917554
row_001740,0.014718540593617482
row_008557,0.01594181085158079
row_021192,0.05194124218434893
row_049618,0.04384927451032342
row_029845,0.01895957887542603
row_012965,0.09193128862252753
row_043560,0.3589801702401745
row_037793,0.014057203610330981
row_013401,0.045968650885559514
row_035619,0.2628028891490143
row_032840,0.0021227664583388663
row_010768,0.013955439082108924
row_037844,0.12762560472626636
row_004522,0.00584181149993006
row_002229,0.000564206393829793
row_032027,0.25866486979564285
row_027646,0.9767260673337265
row_041812,0.018564881411734294
row_035770,0.014296702415539705
row_032465,0.011714638585459045
row_026158,0.001829923725347016
row_004072,0.04286668375063343
row_045817,0.007114266957839759
row_002369,0.15400997065500036
row_006927,0.05952165870336551
row_023032,0.008703936558824265
row_032168,0.0186029358813597
row_025740,0.0025852062653361927
row_026790,0.011004655290610624
row_049401,0.05487991824593868
row_006971,0.0009384011201575102
row_040751,0.018393071123363965
row_010283,0.006012065502150057
row_021412,0.006792891232383076
row_037369,0.04756071329640045
row_047254,0.007739213838422685
row_009980,0.0012525339847455944
row_002752,0.18329079860944805
row_034171,0.7565628866837667
row_014720,0.0037576773235779896
row_048326,0.8734444759599369
row_039394,0.009679800670670868
row_024067,0.0016536444203136401
row_008086,0.007178432804496188
row_040885,0.14344178421736256
row_021014,0.2435883491304026
row_005505,0.3268711452857083
row_036800,0.01674074199851862
row_030385,0.16414302020248278
row_045608,0.08271549335622139
row_001280,0.15516941980512133
row_031135,0.08368701532668614
row_031743,0.026780618407109855
row_000689,0.017347058045241705
row_001342,0.08873843176086547
row_046647,0.7224050729140161
row_035504,0.0008215671455512392
row_043917,0.2975582429071909
row_006570,0.023112678249511194
row_027395,0.00795527264538005
row_034071,0.25634485487710973
row_040575,0.5689037467216226
row_001161,0.32408278273676894
row_032536,0.0011678977567598935
row_044957,0.07209691965822401
row_022944,0.001412451920229126
row_006674,0.04970785712205229
row_001541,0.9694273062404087
row_012358,0.10228150247590401
row_043074,0.22956908444330396
row_037210,0.8442258773433816
row_040970,0.6454754124655997
row_028174,0.1300851112326409
row_023760,0.005621701323466466
row_010714,0.00019231805292746436
row_047903,0.9036958745714241
row_000156,0.004707713902540842
row_007969,0.2294634211470415
row_015819,0.000509955018571576
row_033003,0.3673214873666033
row_021818,0.5188942013096638
row_046071,0.5234719773443147
row_005237,0.5123313679021838
row_029864,0.009969144140664037
row_044168,0.009246882129161022
row_032348,0.27991898148048566
row_029547,0.05818934174588703
row_029439,0.5851449582224502
row_003832,0.005509309733920764
row_027075,0.342300770706691
row_005571,0.8594780071886384
row_027755,0.08167840974070874
row_007813,0.05029923959083688
row_005803,0.3879298223754521
row_015993,0.0967800511878377
row_020598,0.06209183716187375
row_018502,0.9908248813930238
row_008128,0.013380661839436436
row_024183,0.211570690208504
row_040387,0.0026280616631558402
row_008581,0.016989982845845034
row_037764,0.014345099422737664
row_020882,0.0011392674179950084
row_033414,0.12656627238452137
row_016858,0.0073674251929533256
row_013234,0.010469429692970175
row_006631,0.10359972046983552
row_020958,0.004239571887987532
row_045414,0.054176198785736145
row_007285,0.014975535000114632
row_040743,0.04729570197680079
row_040286,0.44779524192538905
row_006186,0.0009497770217421196
row_004870,0.032986138066059864
row_045598,0.013607947948222595
row_022883,0.8410549882066839
row_012889,0.0008723277679457964
row_038781,0.028578167091264768
row_003854,0.9629972755633319
row_023792,0.9669217854789733
row_028474,0.02975481491643233
row_028347,0.19951111579142836
row_010012,0.021261907043528257
row_008528,0.002959997743528312
row_029481,0.01168757538556176
row_029632,0.05468140546602318
row_012615,0.2548791850303776
row_014982,0.16880164688109892
row_009435,0.005105320639169659
row_041611,0.9876810156575597
row_040682,0.04685979080716569
row_010374,0.3039122727430619
row_017426,0.1916250467838263
row_013989,0.0009908086187354946
row_010542,0.7672117307054258
row_028308,0.179538206812697
row_044494,0.00115835942439382
row_000207,0.06041346866559041
row_002814,0.16626801374551203
row_023398,0.005653334028553731
row_014321,0.015687610650542756
row_009755,0.9106569377281931
row_020845,0.002292873754818649
row_026615,0.005978416750390663
row_016151,0.0017172715816645388
row_033022,0.023470137309108834
row_029369,0.1028058062640686
row_024691,0.30118028509164396
row_001503,0.006868548888834659
row_015817,0.008458306561317637
row_001163,0.06810488639596397
row_038537,0.0016537867367225495
row_003503,0.21766072178840534
row_037112,0.0774139248480048
row_003855,0.9977113770220967
row_028063,0.5110205274540329
row_007469,0.7336766941015442
row_019546,0.9785626669719741
row_000647,0.0008789836169612097
row_044912,0.018144982523832277
row_016715,0.3236494409615132
row_049057,0.0012242818265575418
row_029327,0.08592185927958668
row_042007,0.22245012765600486
row_007253,0.10129584201215731
row_040947,0.9957148259488159
row_043245,0.04961417873519876
row_027421,0.012515498340491139
row_016160,0.04539619483369917
row_030992,0.43467479201933823
row_016412,0.023511668946261378
row_048715,0.19582733255774096
row_038226,0.0014168525430758342
row_009771,0.00014180713342171905
row_001990,0.005312699762415229
row_033409,0.4232373220941726
row_031488,0.00019973250636279522
row_017446,0.033201353475173244
row_006256,0.07892031838974009
row_036073,0.8894796780365554
row_049686,0.3338478030702809
row_042098,0.07295296729672704
row_031132,0.027427373065185084
row_026659,0.03915924974600806
row_028025,0.11737540493548834
row_014665,0.027757635277022786
row_030592,0.029725607278901164
row_014738,0.008087680131784201
row_030664,0.19653823738311765
row_042976,0.001532917573058245
row_022187,0.9523320026491302
row_019464,0.034776615291880815
row_040978,0.9524344654206975
row_031528,0.5499617507409021
row_003781,0.7955224719604602
row_025569,0.05999355067778357
row_024727,0.7755946255183134
row_003317,0.07661725685079873
row_032823,0.05479121314773826
row_017961,0.8071257877006579
row_006098,0.006629190766531866
row_040963,0.5070076912353693
row_023145,0.1313921305515441
row_034051,0.002062561231392397
row_029572,0.6288893516467636
row_029774,0.9645051752574803
row_045017,0.9357848314602246
row_048871,0.06292619647155899
row_032280,0.2683285129754561
row_044223,0.944348729261076
row_033829,0.023004121684450825
row_027640,0.7188592994434135
row_006042,0.9788983073871992
row_005317,0.0018823242326349678
row_008233,0.17092547853274045
row_026803,0.10862658481628548
row_011609,0.19343034793715513
row_040767,0.026637977166161245
row_013070,0.19892268681518768
row_001287,6.89443960845994e-05
row_025799,0.003010323032992855
row_036043,0.01838258426433735
row_025621,0.13783162509242958
row_034362,0.0006811717596328115
row_013721,0.05498685710911664
row_033801,5.010142022998561e-05
row_009009,0.029307222998435623
row_048114,0.08813084742965104
row_002001,0.9171138606828216
row_021811,0.14492988133389492
row_013388,0.0008595889270404734
row_027625,0.14975962839668247
row_042724,3.9717816133128634e-05
row_045173,0.18897135405189852
row_045509,0.1384068255176944
row_009284,0.1411738071590682
row_038462,0.025574796232914983
row_011950,0.0008962258015620558
row_040595,0.21762658582044392
row_046257,0.01577133855003514
row_026513,0.04812680653078087
row_014409,0.23564179647524444
row_036895,0.6583921911321305
row_019963,0.09994039178891145
row_004664,0.3835396374864784
row_012993,0.07643301986223865
row_030548,0.08279741657307327
row_042144,0.005946076702889322
row_046437,0.0029010643574692327
row_000830,0.005935464296679846
row_034397,0.8756872464345026
row_004257,0.0006032777736005003
row_004754,0.015733054596562112
row_049474,0.7508574668406677
row_037792,0.011409662854883857
row_032967,0.35592696407705754
row_011560,0.029741312857978798
row_019414,0.005078403569955644
row_022221,0.2939987071521788
row_004098,0.26157480475302036
row_003970,0.7264013272928374
row_023226,0.0115660654922582
row_048292,0.0033060508482738882
row_016020,0.001815482674988255
row_045945,0.8176189136788181
row_006616,0.2919019427560721
row_044948,0.10385963570271044
row_004486,0.9825419440769376
row_026492,0.02814922710955971
row_006446,0.021200251491936294
row_017923,0.0012977690908310261
row_015417,0.03569840489783342
row_039314,0.11294440278430003
row_005686,0.8894192210424775
row_048610,0.09293063944893346
row_024637,0.0029818458826097
row_028462,0.007582078702629003
row_023348,0.17721782624016327
row_032238,0.6054973727714604
row_044184,0.05019959784331855
row_045078,0.014802609913252671
row_000994,0.00041971079981622866
row_048564,0.17175021366925558
row_008180,0.005282058648599921
row_029246,0.08112032008635367
row_001978,0.5168983776070327
row_008143,0.3965200682894716
row_042073,0.011968528350927187
row_035421,0.2810814581599326
row_008035,0.00501302202099189
row_040850,0.012405896136950466
row_000734,0.09957463296422182
row_034627,0.005891514942443989
row_029996,0.008228394644113146
row_049605,0.6878505869755585
row_029872,0.007389821777935198
row_039492,0.7404424726669282
row_010650,0.046671623720606306
row_048732,0.1494896166708853
row_020010,0.08588342857908021
row_025105,0.03490857245573956
row_014062,0.03269140238894828
row_012343,0.3208982961374178
row_025412,0.0034527465052085603
row_044771,0.679219810518687
row_006225,0.1127295011106984
row_012595,0.08410007820500215
row_031364,0.902697024999864
row_010551,0.5583672562016251
row_010610,0.04301968817931055
row_018568,0.011881826462563016
row_025536,0.6029184304201284
row_034542,0.004597404224574681
row_023071,0.9812061688804884
row_013879,0.30029243661579774
row_017591,0.05666646029404699
row_035067,0.7968515716356432
row_038918,0.9141515943139545
row_045891,0.3926879689816847
row_031838,0.02852151159201912
row_008193,0.10862777920756433
row_006283,0.1436517893818638
row_014428,0.035894645946779005
row_048899,0.005571576862665872
row_010381,0.7955730525750776
row_046819,0.13952436336590357
row_016713,0.037240212784256654
row_000342,0.014207267495172088
row_045865,0.650061123084607
row_017737,0.022162265184940546
row_049705,0.001917318596676833
row_016696,0.48897528459205064
row_023371,0.0012013746443373051
row_043220,0.005459379857812481
row_031383,0.17732047037402182
row_022109,0.007176056148232238
row_003904,0.10976175554395703
row_000555,0.11564381540143365
row_024976,0.06273595592101601
row_035269,0.0001107600977244115
row_016460,0.08622357935705342
row_042568,0.977076302569964
row_018875,0.03873637489506678
row_005578,0.005073312080798952
row_018947,0.0025256950484275616
row_004055,0.7081554445482627
row_044249,0.0013400705949085567
row_030416,0.004974889225673364
row_044393,0.052706715410077425
row_015907,0.06444245089611451
row_028618,0.04620992847561006
row_010246,0.03915184178500791
row_004771,0.4024475460447578
row_005877,0.039563658985597785
row_002390,0.20339412232939083
row_028973,0.9888820052801863
row_048104,0.002080451157780706
row_012344,0.0046772498778286445
row_033860,0.0011966963857007798
row_015750,0.594780526217418
row_030089,0.0018924892956561576
row_007115,0.004457672893493721
row_007096,0.3934260334729966
row_046594,0.41955807649031024
row_011693,0.024560761354170537
row_018121,0.006694274833426636
row_006108,0.2926763300501327
row_006651,0.01560955014822762
row_016847,0.030913001559146676
row_034523,0.18930904861894646
row_017760,0.978521325415551
row_046948,0.14211940326438138
row_048504,0.0013191247922110466
row_018375,0.0037214791937117972
row_020084,0.1547122468012965
row_002566,0.46147545714071897
row_028178,0.0038749703346525563
row_015226,0.003160864919673536
row_034582,0.004805875579341673
row_036166,0.017245502649142177
row_048679,0.005827635877211856
row_049375,0.6711668994978142
row_030599,0.0052820341615678335
row_041205,0.07496114826723713
row_044145,0.11055092047800405
row_021605,0.02099575208998102
row_007568,0.015051269188071766
row_035967,0.19657295404345043
row_040677,0.006791692979652207
row_049007,0.39191079434991305
row_023463,0.8865707030591236
row_030940,0.0018949340383914908
row_014767,0.800916525014703
row_046844,0.6005212270672232
row_012565,0.61928034985016
row_004264,0.6131282961539297
row_003176,0.9171257613092767
row_012658,0.7078783395312991
row_027309,0.2717500226063632
row_017698,0.733219082525357
row_049567,0.04559511963809633
row_037897,0.0031433741391213516
row_020325,0.00033694550617029644
row_024806,0.10017426064408913
row_039415,0.06824593752518641
row_027487,0.5149636460958472
row_001718,0.005432689429901635
row_049531,0.007116752020380545
row_035223,0.7086966193510584
row_044472,0.11388427435572904
row_038140,0.0006108051374906167
row_040080,0.0053978369261843484
row_034511,0.06684407400809912
row_005083,0.5354835323284616
row_012059,0.24518791532546014
row_046856,0.49702701824077006
row_024170,0.0061531928370329725
row_037483,0.048966355772727614
row_049829,0.1483563928095538
row_027294,0.9882851390238424
row_005675,0.24790112272442122
row_030782,0.016367711304777845
row_045081,0.2823936214274939
row_023270,0.32120000114290564
row_038018,0.16110721280952
row_036905,0.022018412429961998
row_024568,0.008688428097227611
row_041368,0.0005837275595315771
row_018841,0.004374816246979281
row_015308,0.024218275740194483
row_005598,0.015865219263577115
row_023423,0.6904631957196454
row_013810,0.01604523640464105
row_000043,0.02155761251013915
row_002448,0.3504503028820509
row_028458,0.006838042365831
row_023112,0.1358180927909863
row_013607,0.5750494124963731
row_001917,0.015130292421503547
row_016817,0.2822633844412917
row_036333,0.004210867508177511
row_037011,0.008793790722883906
row_015276,0.07218175650631976
row_029015,0.6828958333708004
row_010857,0.10737311449790038
row_013162,0.19751632370605945
row_013069,0.0028894651626386377
row_043246,0.018021107464648745
row_024807,0.0002173463670300546
row_004560,0.9808096706022682
row_016969,0.6181261805497464
row_029147,0.0030480067101704565
row_049896,0.4664185105154082
row_008869,0.0740032141315234
row_040734,0.10978538257414622
row_045757,0.01250105172548838
row_030826,0.006752840919975136
row_017779,0.0011013071613863177
row_017198,0.0030348431437077694
row_021318,0.8718523053075428
row_017653,0.003289103260069579
row_004027,0.22376729287239747
row_021016,0.22482350385194583
row_048396,0.048502439042900476
row_007623,0.002006871301882249
row_028786,0.22178081081759185
row_042497,0.03051150055087198
row_042699,0.004826268557696046
row_026332,0.04625887222542455
row_023303,0.9897285990104622
row_035280,0.6129638067293852
row_037368,0.0009645117684252602
row_045521,0.011478357630418578
row_021048,0.9968769916413612
row_049434,0.42794281309494736
row_036577,0.0001773029732980962
row_027648,0.2367315559194598
row_048219,0.6528544207334329
row_038158,0.02042083048679726
row_008974,0.6473026230711062
row_033304,0.8039492329582717
row_039427,0.6293539357416289
row_023914,0.04949875835232618
row_042506,0.028073628099979223
row_012123,0.18522866820502962
row_006575,0.3430946771421973
row_006654,0.7609621618119562
row_012199,0.9910998024739819
row_037740,0.2924995037514697
row_000717,0.5753166176024884
row_003551,0.037849547896104264
row_043476,0.015563876927008238
row_023737,0.0026949185539769317
row_004251,0.4386247931818369
row_048812,0.9401753734618572
row_009795,0.04837766304705736
row_029377,0.008986510917979324
row_008120,0.22695548791392992
row_000125,0.12144087684620389
row_012596,0.09764303058253632
row_041042,0.32513600018515754
row_012121,0.0028286555181949225
row_045542,0.0135761410741301
row_037249,0.011590055498267063
row_024668,0.19323365159679326
row_018592,0.0016065544165404547
row_017064,0.3126943750919952
row_039655,0.21909105354645292
row_028556,0.2482753273530796
row_003784,0.006973990810808103
row_013286,0.018423350755764324
row_039133,0.7752493280539047
row_045890,0.38005090132692115
row_023926,0.060227183226941906
row_023769,0.01313428260885718
row_020864,0.03685063164196988
row_015799,0.3255535388192718
row_013244,0.06245985715742249
row_014214,0.3232336203320335
row_015228,0.05552711810950996
row_049308,0.002266850691820989
row_038478,0.22548261392411767
row_009802,0.013831391497805818
row_039742,0.15623464728362937
row_021277,0.03315880458212006
row_030589,0.004197246695010537
row_023434,0.9913989987495291
row_045113,0.023882996154175825
row_006194,0.16392554848408708
row_027186,0.008133914002690795
row_004577,0.8459344536690735
row_006990,0.04049226298102836
row_003455,0.18418436248630102
row_040753,0.024942164966798998
row_049926,0.0006441907957178626
row_036006,0.001466276540249852
row_026909,0.21814091207191008
row_002761,0.2573782111903952
row_033451,0.0032085776115478764
row_013014,0.014067442618100329
row_005532,0.9553260700015967
row_026788,0.06831309080999518
row_039209,0.0018695363854813166
row_000896,0.10520444687437819
row_023411,0.05509087818907122
row_017809,0.01618722638952463
row_038927,0.8278024760357777
row_037667,0.831197309450705
row_031091,0.03155561373560862
row_018487,0.5053620720004792
row_017892,0.00020612666142558392
row_035698,0.000734120201548985
row_028577,0.035126886932364425
row_006235,0.18898522660396744
row_003890,0.8266750145752702
row_046765,0.046403840966242234
row_042846,0.091644808337161
row_038879,0.28176910649339976
row_048567,0.0011266819716464883
row_032935,0.8474437680708221
row_047259,0.016070837959083387
row_000189,0.0306271019529721
row_044720,0.4174796585931477
row_025664,0.0019772626033083083
row_043609,0.030520355143024827
row_039177,0.06717498054931219
row_038602,0.0008302622221592283
row_048821,0.005007065052374627
row_028811,0.009965953816033697
row_000613,0.052104793303105704
row_008956,0.008945880424310167
row_035979,0.08836685588099283
row_000423,0.02527764517917171
row_038795,0.0523769375394746
row_033198,0.21256752739991094
row_019573,0.34050524397131393
row_041443,0.1646284621668613
row_021747,0.2546554343750408
row_019865,0.28692898903460323
row_019621,0.11631661296148323
row_028441,0.0013508713884349387
row_004608,0.1822027752611686
row_005185,0.003213450615018343
row_021626,0.0035795046029608642
row_046458,0.09629189869344688
row_002417,0.005848491818756082
row_005913,0.23680996758936698
row_040167,0.68872972050945
row_039948,0.059836692567101425
row_008738,0.11711738144075959
row_025307,0.19225591083544244
row_000089,0.0043045020807454025
row_044463,0.6094748489105274
row_013021,0.9362603235205638
row_022976,0.002218510007951642
row_024954,0.03175724058336534
row_024132,0.0016922394200117965
row_032937,0.1420133675092747
row_039593,0.7208786202820349
row_019548,0.004277163712925242
row_003672,0.039673623121366915
row_028540,0.020944047672966915
row_000460,0.6315160825499602
row_000142,0.11585661495097752
row_009890,0.003338114656714731
row_038362,0.004327765424441789
row_006731,0.9988627769124973
row_017195,0.024750281705044067
row_033395,0.9841057818723206
row_037936,0.42744353742436847
row_038032,0.059452899224577145
row_015409,0.0005695730053890707
row_023826,0.6141826356696416
row_034069,0.009532257586803108
row_036151,0.0015189365767114564
row_039719,0.5295878364608821
row_033631,0.02532588531172067
row_000278,0.10762811507867007
row_034751,0.01401291636013088
row_001865,0.9153966956689851
row_017808,0.0010414977451605242
row_016537,0.004308560805258793
row_039554,0.0362253291522977
row_029129,0.273963717146625
row_028692,0.123795314669609
row_005450,0.9914521585566421
row_003802,0.0020652964307623584
row_025864,0.3934607606353908
row_040401,0.14047186584886354
row_000800,0.41219612533955374
row_041761,0.4527188529112357
row_022084,0.0007210283190391331
row_014310,0.00045057958046782967
row_012471,0.014048758976862823
row_018347,0.2677523009902063
row_004447,0.12642618505695327
row_033031,0.03793908322646268
row_037922,0.026571994094750067
row_001557,0.11813924731443834
row_032230,0.9547310291601752
row_032096,0.01355501904934167
row_021960,0.010672976856532717
row_006758,0.03397024986780763
row_024540,0.23280032340078435
row_019803,0.17095568917494497
row_025960,0.871986187734713
row_006221,0.005907198605064
row_019599,0.9590193094928972
row_025918,0.02183799905514089
row_047399,0.10158672560363137
row_037649,0.04629760649012032
row_036557,0.0014634457659849565
row_017563,0.044802273567158976
row_040536,0.1555247256809963
row_025602,0.017423511914433105
row_049216,0.051800948662429985
row_024070,0.015521690354232221
row_011037,0.031713113511161614
row_011605,0.03609196778892196
row_022743,0.4308246250621477
row_013180,0.011082381976227617
row_016166,0.068737952488317
row_028694,0.0019215494042732664
row_023624,0.544748106591025
row_030331,0.1032621604270829
row_043227,0.0006791202270366333
row_047772,0.09110947324220237
row_013166,0.10894509905969624
row_003804,0.01907434365762141
row_037318,0.13921514320336306
row_036472,0.0056519186545696595
row_036866,9.440991998340052e-05
row_012739,0.04319862117021298
row_043216,0.0006517720275530354
row_020354,0.831895102101427
row_028378,0.28140282262495403
row_040368,0.16465991599872065
row_014189,0.040213635207295505
row_037813,0.8373311954124619
row_005273,0.08681864176154058
row_030773,0.28872489833746595
row_034701,0.0048185624582233084
row_041194,0.23158756174683276
row_026770,0.9957104274469938
row_000701,0.2974744398231664
row_046398,0.00878317953963056
row_023350,0.19491311120882465
row_014488,0.0002872657041816794
row_044403,0.336071128784409
row_031564,0.00032199852838737784
row_018070,0.007193171448597772
row_038193,0.010406901653293492
row_049445,0.9766189921313677
row_044625,0.0021200717478851603
row_041961,0.014711355265821562
row_010500,0.3270043440121564
row_005382,0.18307948061699383
row_042090,0.07015912172547342
row_032608,0.0007385472645660893
row_041403,0.002119900165856677
row_042216,0.01683492469788193
row_013024,0.0009546845612670979
row_042203,0.08900571706841327
row_029017,0.0004958618766047864
row_001206,0.8300358357606153
row_024640,0.13426111208596353
row_041326,0.983880762004799
row_047167,0.0019830914451545107
row_003398,0.13472705248488204
row_002155,0.8313153123206656
row_017855,0.33635981272063653
row_017257,0.0019460258183452298
row_047589,0.0012689757035296413
row_021334,0.0011716997892748048
row_023078,0.000715260945727547
row_041751,0.10295151645364493
row_042379,0.11859525029799166
row_000402,0.3781587217145426
row_024768,0.49386098932311623
row_015846,0.7459027819203548
row_019666,0.3129601406087909
row_009391,0.22666279252622404
row_014908,0.021217343577016535
row_046959,0.001101840687746639
row_029115,0.22184033934469277
row_023488,0.3921302156397516
row_033606,0.7487856567459779
row_045404,0.24922651533896611
row_026836,0.9790262608986608
row_034750,0.1289061083490316
row_026376,0.24165635541007557
row_004804,0.0026208329579950752
row_030998,0.011728302631591778
row_028182,0.9299984175000395
row_005974,0.1903382612362074
row_022785,0.01273358459986786
row_021037,0.6677720247837532
row_014195,0.16207330338850745
row_032082,0.17423362616010632
row_044770,0.009145796077654481
row_018891,0.007665409665611659
row_019910,0.025604670861582277
row_010522,0.30140451456267653
row_018799,0.03955365258730968
row_009260,0.2907050739392653
row_026284,0.06690775431712624
row_026760,0.34506288152053594
row_020727,0.03243733144327542
row_047334,0.0008230212574117612
row_029440,0.6317681064545876
row_021222,0.1147179735262212
row_022769,0.0001020611844815854
row_015317,0.005672217524724476
row_015909,0.07357630955597105
row_038779,0.0007062993119497522
row_035022,0.04176514143846226
row_020202,0.0013642526177412675
row_030777,0.20938597571221104
row_005882,0.8427778825585788
row_015593,0.62116728549646
row_007789,0.1551365753396359
row_004503,0.0003271138866697691
row_010647,0.9906189745950825
row_034703,0.04005544704322908
row_037597,0.012445902556598096
row_017500,0.0122314250980098
row_042974,0.47578530189096596
row_019852,0.11402274679934583
row_007929,0.0015122180189278205
row_012750,0.034114085741032085
row_003938,0.20690054512580278
row_016477,0.30492667755157077
row_010677,0.10100877198065873
row_028686,0.01071611768090622
row_031180,0.0031056528311016783
row_014555,0.27887077497688345
row_014413,0.3579073491413399
row_022111,0.02182771716411979
row_014638,0.13885508105463978
row_006690,0.3764921729176766
row_030290,0.16518094807439104
row_045300,0.7549672571672961
row_005257,0.41565852769957023
row_016263,0.09879316018384987
row_045349,0.00031031709847644624
row_021780,0.010487144750786027
row_013557,0.0258970209855114
row_000334,0.5983862517059922
row_010722,0.02516965036588729
row_041947,0.002741542580763311
row_018582,0.03187051276036698
row_019923,0.01668439562324534
row_023901,0.14319429839004083
row_046762,0.0519500911590051
row_007796,0.10024207312522487
row_013427,0.42189593018476773
row_001585,0.3259808306696239
row_011093,0.030017096005334646
row_015102,0.9443386028127468
row_027422,0.05038879514394977
row_001458,0.9989666741769383
row_047036,0.07176593812705298
row_030104,0.7111284777889627
row_027799,0.014874193886158293
row_002386,0.3808541761296605
row_034257,0.006669600387261342
row_034854,0.16848149788714795
row_034982,0.016270326971186473
row_010733,0.516256264029017
row_025097,0.005124328409465817
row_041400,0.1874488571232863
row_039548,0.15354353067100798
row_042832,0.02986203883517919
row_037106,0.4232848840490574
row_031744,0.9495309997226469
row_031301,0.13431697992699443
row_010284,0.30802457759262963
row_032483,0.07072171115966065
row_028438,0.000776783231761453
row_018560,0.0768133228708211
row_026320,0.15533692678221364
row_043143,0.019810648650063142
row_018852,0.0009677665697994854
row_045893,0.5218311986748078
row_016700,0.011899567426581615
row_010906,0.5027820757243722
row_046789,0.9088563000490655
row_043817,0.2187187077992046
row_046585,0.81746252721872
row_008325,0.009777408464912036
row_041337,0.0036095528984026355
row_043004,0.030834952607225966
row_029406,0.017675374822528445
row_040476,0.009406783530988018
row_022278,0.3083272034945442
row_043505,0.050624700856464665
row_040136,0.46810491621089756
row_006339,0.0015020244082242795
row_009283,0.005452404813157665
row_022048,0.011772281918139579
row_043408,0.01826862754341716
row_019356,0.0030596329100191053
row_013063,0.45850250933138303
row_015571,0.14337469538010505
row_003950,0.9118669051557861
row_008002,0.007755627075616667
row_005106,0.03777141805728262
row_013776,0.9512064310757867
row_001138,0.016214189601221403
row_044229,0.9936448101358505
row_010209,0.928729585849209
row_035348,0.6626798607071334
row_003190,0.06788544763186008
row_032746,0.11025220156675272
row_032964,0.31595476631421804
row_006393,0.010365723465266902
row_048112,0.29946685848941257
row_003858,0.026160427320512953
row_008292,0.06326756546022999
row_020065,0.8618357930186196
row_006970,0.024287042797643044
row_034867,0.019376381905539426
row_010774,0.0899301014254483
row_023670,0.13913141115015934
row_046956,0.03577699117470005
row_016807,0.02793713020517604
row_020706,0.008126786979792475
row_034204,0.009873344708604952
row_004890,0.1217915325830578
row_033652,0.019708217090964417
row_012829,0.012823412736506766
row_020059,0.9758849732022747
row_028510,0.07543949778472875
row_016237,0.21978093693781828
row_011029,0.7224096275928525
row_028946,0.010085142031824798
row_025753,0.17671311442240653
row_038936,0.015952126992145613
row_012127,0.12139258195077697
row_021789,0.018153982758071785
row_039425,0.304869831140472
row_013949,0.012433960190028466
row_019809,0.10670883607007967
row_025667,0.9985421160050963
row_027937,0.043065016050822934
row_003876,0.06196507364271738
row_019242,0.21175760899850984
row_045205,0.011153218512927655
row_028989,0.001940771614067763
row_040047,0.005560737143266443
row_045553,0.0016984202933572297
row_025875,0.048210625022201
row_040304,0.009091998374894413
row_023658,0.012394530966017165
row_003001,0.004814710620283649
row_037295,0.8489177595753454
row_012774,0.10293501689645607
row_029638,0.031815105983383704
row_014790,0.3330920028851982
row_036961,0.07357160578788335
row_004378,0.00070923842015307
row_025760,0.016569616284237143
row_031101,0.7859652793752393
row_024324,0.009679061158501121
row_023245,0.012570264371064958
row_010800,0.034673602865115574
row_040472,0.0022901246149102158
row_008892,0.044037591032540534
row_009685,0.5491341660810234
row_012260,0.015574408692889619
row_047032,0.4962076447730019
row_008863,0.030436690993431846
row_042816,0.9219581684463127
row_023312,0.022823679915330488
row_006682,0.007532845723317521
row_023483,0.0005421486549530809
row_010006,0.011875020013083142
row_031041,0.16060763251170504
row_008108,0.3253304367087071
row_032023,0.09153882496339986
row_018926,0.43509923864679895
row_029022,0.9765105936023687
row_012998,0.06674996328192555
row_041488,0.03245431970896609
row_015643,0.11064077152855972
row_003473,0.8776114194751505
row_003173,0.035612233421975406
row_033607,0.2367391033669258
row_047177,0.061699113958104956
row_030030,0.8398333646176593
row_007523,0.3156186154568049
row_029951,0.25306820046758166
row_039733,0.03891774444208382
row_041386,0.007848379658655015
row_001496,0.002535206416536142
row_009080,0.9889434671908723
row_028920,0.312633981956231
row_006858,0.0075946645540806
row_003557,0.10103111600802085
row_001188,0.010087591451833067
row_036679,0.710138920555213
row_002097,0.029202582619418226
row_016862,0.5939816482254814
row_011982,0.002947008935012537
row_028951,0.14154415447434635
row_018857,0.04042661997698572
row_049086,0.04383676016993575
row_004971,0.030338362010531996
row_033680,0.3002844266534236
row_003315,0.03316733517401949
row_010241,0.06085104068200207
row_008548,0.06269991960200705
row_040702,0.0015212796457351472
row_028517,0.07905609890588444
row_004777,0.0061417643265033765
row_005071,0.00788443780996524
row_045109,0.5439013162217853
row_048660,0.16111986137657533
row_004018,0.7036868127233835
row_010357,0.0021291535337156164
row_004471,0.071314911286855
row_022901,0.479106163748269
row_017664,0.026739625699437667
row_027515,0.10298776555033566
row_007033,0.04216716604101391
row_015754,0.2751128049974865
row_011801,0.0025640568549995697
row_035688,0.1561135179145723
row_039099,0.1995888176195709
row_035330,0.014122950002933512
row_018222,0.012859825537636548
row_020230,0.9503422198263485
row_022587,0.2539131759096572
row_003460,0.0018859473970620185
row_021488,0.021731972200618316
row_029818,0.4606497189840114
row_026423,0.02731750631764383
row_003415,0.0003098477471164246
row_014423,0.015454955143032037
row_007669,0.13500940032297468
row_003191,0.03507083708982578
row_004699,0.08188625728472808
row_022396,0.015427664255272968
row_021223,0.43868039711650153
row_007851,0.1445074655045861
row_007178,0.06906012867239605
row_033811,0.08257374119069245
row_011344,0.1538834294189502
row_010403,0.003436977684099244
row_029906,0.0018144006755579998
row_036878,0.9990272048110093
row_021420,0.6614611536928904
row_008124,0.13149585395982807
row_042022,0.022106981166318963
row_017004,0.020348001119513983
row_017093,0.015654358058496916
row_046318,0.18998287861455054
row_047492,0.034834562530383015
row_012692,0.33672722281534534
row_042215,0.1007710673423369
row_029226,0.0019018218592026731
row_038418,0.9972378285603055
row_021251,0.0037230649576992336
row_022628,0.012019048993044693
row_043106,0.14941576967375814
row_017877,0.9996454766967108
row_006318,0.9782010079039878
row_037798,0.0016032878413441362
row_038239,0.1567402915002565
row_024921,0.04565667711233236
row_036516,0.9174494849892728
row_042830,0.7357752111623688
row_010376,0.07453952717580987
row_013893,0.03254688577490904
row_017170,9.000644764686572e-05
row_016360,0.31376512507640825
row_030747,0.07753026947604703
row_009691,0.9835345813338044
row_045526,0.023354877214061986
row_028530,0.9820647360275297
row_018399,0.08198722555416525
row_029074,0.010451898745851418
row_026077,0.21958072302754464
row_033531,0.020149041519035377
row_018723,0.0826952798366282
row_032615,0.6149409025920439
row_003295,0.0006759993347447017
row_021060,0.04896492463106619
row_047297,0.011386299570059669
row_011170,0.9764259405718961
row_009677,0.007379431390910487
row_019217,0.12440815244821786
row_035202,0.03175028081257239
row_019137,0.03878341851565225
row_021935,0.7208060791202239
row_046127,0.035229187525246175
row_022099,0.024664936635166612
row_027841,0.029260084593212433
row_007075,0.082302231316131
row_014441,0.12392662778483617
row_003329,0.003393586402571301
row_038460,0.004697945654905026
row_019854,0.010664715623696652
row_012411,0.019885215755534154
row_000062,0.04621728668086418
row_047896,0.5119409716419326
row_042478,0.0994914794453787
row_009023,0.2285262368219317
row_021633,0.2761468264093875
row_023885,0.00025101964831906256
row_013596,0.04832315254854577
row_009001,0.015773242526480002
row_046415,0.6945133211683043
row_011099,0.17170370979756797
row_005537,0.006543045573844426
row_016447,0.3761818370801963
row_018148,0.0004051918511695515
row_012787,0.07464955150433639
row_043354,0.6373521994360433
row_046769,0.30417086606223204
row_028003,0.005392243244663639
row_037753,0.0018776467335536201
row_032373,0.006812788905886839
row_030001,0.6224803450938421
row_021851,0.031249108308982556
row_022753,0.22600020585310845
row_003564,0.009831279844214825
row_043695,0.0027964941355778307
row_045944,0.001653274647106993
row_011085,0.6591047875548129
row_034235,0.005954724487859734
row_019085,0.0025837506606936167
row_022831,0.03965053084464031
row_030709,0.03490976319015877
row_028705,0.672916142000967
row_044350,0.015080960271469584
row_020616,0.01718125520106011
row_014533,0.00596590758595882
row_017442,0.0076953097213908654
row_007094,0.011185955781582638
row_013362,0.0025184200631727517
row_036999,0.7122663770341205
row_023162,0.3025524867728678
row_011368,0.04088814939870327
row_041794,0.289429355577137
row_023938,0.00024285699696668402
row_030705,0.021052076169946594
row_040211,0.04060203926245709
row_001348,0.13378355378020867
row_017757,0.041241177883601
row_019010,0.011167507454082095
row_048116,0.7169718515429193
row_032355,0.5003869382397275
row_031267,0.4808063625692894
row_003864,0.011223964446795544
row_019642,0.010673354023450765
row_036201,0.11305517207783115
row_000546,0.6076100406669013
row_023031,0.022254393927481794
row_005030,0.02138436541003426
row_039997,0.8980186184576284
row_035615,0.002636120839732406
row_007629,0.12348730122091867
row_018081,0.4626530688222203
row_037461,0.004568387604215482
row_005917,0.014789747183885512
row_045260,0.003561960705885027
row_029079,0.07333335965453396
row_024980,0.05368495618958021
row_023528,0.39007270734668553
row_033016,0.19472913413954082
row_043427,0.016156947028631203
row_004829,0.026126670529134144
row_006117,0.0850925570766468
row_019468,0.5235261683621285
row_028287,0.04907574884333911
row_009533,0.08253556572137546
row_028693,0.0023365592080805556
row_006602,0.12752851472803312
row_002144,0.43296144186794766
row_033961,0.006813885132372956
row_035517,0.030596933672656215
row_014437,0.9997921632608717
row_026496,0.0007091015402933013
row_024239,0.00020768241965832778
row_033155,0.013065948275317959
row_020381,0.1940385776436272
row_040043,0.302235688306895
row_000169,0.0007489096047157576
row_009025,0.6728310450515049
row_000078,0.889812271304792
row_045455,0.021986224478964117
row_005833,0.15396384240401392
row_010822,0.03495714518513751
row_044443,0.0007057816809027576
row_030927,0.06247508681303258
row_012400,0.06758246128667056
row_016804,0.07503921584199465
row_029333,0.9313825943080916
row_044525,0.5295755663138895
row_011080,0.010332939551718334
row_046845,0.02696231986700965
row_032113,0.39026761735370535
row_028793,0.02473014751892095
row_007784,0.02544420841049426
row_044510,0.014274006881917286
row_000795,0.1629898605071779
row_011824,0.1214650876400946
row_026053,0.22188284438229616
row_018587,0.21977016352965065
row_042673,0.012228527017297213
row_042364,0.50000914899355
row_018789,0.041910684655890484
row_002632,0.880342013913362
row_039960,0.34120105874975065
row_008350,0.15995806334158902
row_031563,0.2863401111493695
row_034104,0.011789466000687093
row_005110,0.018510739202702776
row_021794,0.31935546841221457
row_037942,0.0034746118897155745
row_015420,0.11852391817015952
row_032563,0.27123833467068875
row_019377,0.6117795338376871
row_049750,0.09206693812848737
row_024833,0.07617517951804893
row_001208,0.05513854497184689
row_044535,0.29225970889726116
row_048793,0.4580062306193013
row_017047,0.0008341745683283777
row_018752,0.16436660806569664
row_037703,0.4165934632972297
row_017828,0.051421669690726486
row_005063,0.012964092127344035
row_006723,0.0016315456786189656
row_032071,0.4668012531387619
row_015541,0.0011535560383814905
row_036467,0.06496796381244951
row_033632,0.7509104638528753
row_022540,0.1461777717899659
row_025729,0.6191159013540426
row_037526,0.3081201199136298
row_027731,0.1863588500678889
row_038938,0.6786066582793179
row_046574,0.02771658976042223
row_037201,0.024598054385858197
row_043021,0.9992405473922716
row_012908,0.09747689040049311
row_015393,0.3132168768864349
row_036981,0.47826075428624376
row_023147,0.35056110763177967
row_022939,0.24710905849144443
row_016392,0.002206577871886194
row_043379,0.9430586450407699
row_014785,0.04412144017451413
row_034423,0.9739287194604465
row_009728,0.048736950653377846
row_044105,0.036504717397841266
row_018715,0.0032391094803863986
row_046057,0.0001884117058063833
row_013076,0.318380522422395
row_018486,0.004994496323773093
row_041264,0.1260076052070549
row_019300,0.12540241799426965
row_010175,0.013540068739922551
row_017949,0.02098181119248853
row_002153,0.8861943141985857
row_016039,0.02939106528621893
row_049348,0.018861704437178172
row_019036,0.003998072226602837
row_040046,0.0044986376026278614
row_018519,0.04512873133950381
row_001808,0.008768192584355978
row_001948,0.2540699000846247
row_010621,0.1215426227632214
row_016705,0.6701640566896857
row_035165,0.36795485831292496
row_031206,0.907934445134873
row_019545,0.04098869343831221
row_012509,0.05168383690387356
row_042552,0.002621318285773932
row_044277,0.005780344077321379
row_049180,0.8738957697518975
row_014682,0.01668770524108492
row_042477,0.34148377198441293
row_022346,0.6736016803753674
row_013511,0.0011376662214427282
row_014726,0.09182296358616963
row_038982,0.19594583057155482
row_007358,0.0021945664024688918
row_021793,0.224864644065738
row_047333,0.009652089453025025
row_034753,0.8872686713599248
row_032358,0.016054735387258833
row_007529,0.7818932574156026
row_007331,0.058336111833461865
row_019043,0.6206061567357508
row_009537,0.034696960868620605
row_031060,0.9394736159389853
row_007757,0.2510919954023625
row_011544,0.01526700028365073
row_023943,0.07641401729329915
row_017634,0.007875937248175435
row_033384,0.021135442232066152
row_044431,0.46204364267116094
row_025683,0.007997376925515123
row_020235,0.4865424171281484
row_020212,0.003418393507625171
row_015555,0.007637746161879767
row_001570,0.5604801193319922
row_009574,0.007588534898978411
row_042719,0.012939731230230879
row_004628,0.9297321034410798
row_038809,0.03115753656119324
row_018021,0.0404073920481344
row_023518,0.017062362455926433
row_040553,0.04414126325721083
row_032901,0.20166390772376347
row_035116,0.8555681317009222
row_031627,0.020409823635592836
row_005269,0.8572385900549307
row_001834,0.02064748971004925
row_006831,0.01582116948267645
row_030518,0.8943328062882517
row_000404,0.02909213147853778
row_039861,0.8153327592895225
row_025825,0.18583403304799648
row_014422,0.7390695847511934
row_042062,0.009115385883180945
row_000309,0.010480169807646203
row_038601,5.4301079360059046e-05
row_040623,0.012644104802009544
row_026225,0.2431144034347239
row_048450,0.3039169699054317
row_049815,0.26374830332747834
row_045263,0.14305431050702969
row_035806,0.07480421349644112
row_024585,0.022951102998050164
row_010934,0.6090639293284789
row_043580,0.9281979264133899
row_025514,0.02613155810154032
row_023580,0.14532781805657807
row_038957,0.033845718366933314
row_005800,0.7535448576181909
row_044590,0.12107712581224128
row_011466,0.0503673349202839
row_006876,0.22498061151247106
row_015781,0.6335990756037253
row_036256,0.9479556604891568
row_028839,0.10181769748457639
row_019019,0.01686852744846713
row_049909,0.061665966112746384
row_046100,0.03244358294377717
row_037080,0.47871122277688105
row_041723,0.014888927818503978
row_004271,0.8271685165101096
row_008192,0.4854922986763123
row_004241,0.02135345408129199
row_019772,0.9995776747879276
row_001116,0.19260830488822822
row_041749,0.0525784602383334
row_042440,0.34066455114989225
row_033978,0.21557263879019106
row_040840,0.08913629038146545
row_029564,0.004708266026250294
row_022973,0.003446684603690432
row_006844,0.6321155965665499
row_037380,0.00418138669227176
row_027138,0.16425097239192737
row_004620,0.07978912523141546
row_001754,0.005577004952321819
row_041495,0.0013379360943099612
row_040210,0.05704580400652998
row_014188,0.4904391488227238
row_030394,0.9497157339683218
row_045811,0.3710433475448589
row_038942,0.0004979116229284538
row_016384,0.007435558337150798
row_049713,0.8576314313236009
row_005480,0.011680348582794072
row_040162,0.18847404390161793
row_026743,0.05668966172353738
row_011436,0.14095185698167387
row_044272,0.0015686048716113598
row_039079,0.41731053958249986
row_032710,0.9640510553319153
row_039155,0.9773912549970236
row_011142,0.0018275763495714987
row_018493,0.0024893218565696642
row_015996,0.9740308126034867
row_022618,0.021685026976895724
row_038131,0.006505668969671964
row_040215,0.00012406573623632416
row_042214,0.9615271557500643
row_031256,0.10335609824211237
row_043196,0.024574408625251506
row_027783,0.08167414940859437
row_023818,0.0009383266732262782
row_021783,0.7475400076591188
row_009734,0.2645340402363443
row_020562,0.00047944622120798446
row_043369,0.03254871071982331
row_024674,0.04173783599306143
row_000080,0.9320698732821677
row_040026,0.7590530713775976
row_032661,0.04350221164272708
row_046935,0.001956103654871128
row_021365,9.23133765040083e-05
row_006163,0.2505871306550476
row_025774,0.006545756290775335
row_002743,0.0070426433057213834
row_016500,0.008725843021161916
row_005119,0.113491334573471
row_023958,0.910754361115972
row_015824,0.02695003813672718
row_047104,0.005065531912117222
row_033119,0.12286316287198142
row_014177,0.004861495703319238
row_001536,0.01674295343597113
row_002394,0.06802797720621478
row_040594,0.2209015715963574
row_012957,0.018212715449035553
row_045584,0.822617514777998
row_024126,0.0050092294164279585
row_009292,0.03604431145765089
row_014004,0.9524608997898373
row_032173,0.0009112840080377575
row_020894,0.9918803433559826
row_005592,0.09496237440007319
row_028623,0.016655099213606698
row_026208,0.007033075380201094
row_038996,0.045649801600463294
row_027873,0.4719826233636124
row_028312,0.05791283613300066
row_025920,0.17194686207828053
row_016340,0.037613178370598584
row_035821,0.02144894771086217
row_049734,0.004626109978066364
row_013642,0.4044408646744378
row_025976,0.04952344327124929
row_013106,0.11116997698513742
row_049347,0.013468684801092298
row_039817,0.0035220716262918525
row_022775,0.03395395233242854
row_016313,0.05371017265918196
row_013287,0.08595592503285189
row_043286,0.021440975889019595
row_003268,0.07580512973408193
row_011759,0.000718595809714802
row_013157,0.00422814366312867
row_005567,0.0032110768938848487
row_015272,0.8382028924412893
row_021984,0.023267759586278518
row_045534,0.862229409659948
row_014799,0.48030266264526444
row_020315,0.001458027848109352
row_037384,0.13932385153921317
row_020169,0.16302778232902795
row_034958,0.010863917898033459
row_028116,0.8771222789011769
row_033404,0.016609152052969017
row_013539,0.015202969636873022
row_008421,0.04970868670828737
row_001920,0.07749883622468146
row_028476,0.03468208482792557
row_034012,0.019608729748460976
row_045031,0.806309022059982
row_007733,0.04365165387423125
row_014641,0.1096770396165017
row_038077,0.09622287346048172
row_022884,0.34864405652448394
row_028930,0.0009918343408553147
row_022850,0.007629929721957192
row_017810,0.2835530696417173
row_027295,0.04203430857689017
row_015528,0.012356269239144508
row_031746,0.9609001952956933
row_038620,0.9962605459512064
row_003405,0.03893040877207906
row_030261,0.6018229746363919
row_037839,0.0005685283183881927
row_031816,0.9201015951145907
row_027724,0.05302513705539598
row_013681,0.016843484116885542
row_043293,0.17560773946603392
row_048413,0.042176925499390755
row_030755,0.009695788431771012
row_031626,0.00630347969722012
row_043856,0.004403128599806117
row_023498,0.015961963592767886
row_004446,0.12078471869486347
row_049944,0.00044031410199216
row_043713,0.1800502872877976
row_019288,0.060755493800503026
row_019978,0.025145801552929517
row_020351,0.8229541015579406
row_027231,0.003601307994883628
row_007824,0.914731316593577
row_046346,0.05834521247951064
row_029308,0.059032853173914476
row_003942,0.08782848740859277
row_000221,0.0047502992698122085
row_009368,0.4918375738524071
row_015900,0.030090391598121123
row_019259,0.09849467620745919
row_007511,0.0008025924793313262
row_039030,0.0018496302634015472
row_048832,0.00800240833297703
row_003870,0.004102772516671849
row_030265,0.0006993365125726179
row_046640,0.4663741371644913
row_037247,0.005974375670907778
row_043832,0.25780791144192217
row_016209,0.009841201795471832
row_027920,0.03268038602411675
row_009172,0.026193001334441097
row_000999,0.9124263322624931
row_020708,0.014614295080438102
row_013206,0.08881090898100946
row_004992,0.015892381826957715
row_048238,0.008398730109380952
row_044377,0.570311634871837
row_010827,0.006035298059612099
row_029125,0.0050586283392994565
row_022699,0.12876012974680973
row_019209,0.019181313589117982
row_015690,0.005534410418838668
row_009033,0.08991537305181738
row_042788,0.009322777736861746
row_032350,0.027286833931144425
row_011586,0.5291507132481504
row_030093,0.009218577477016723
row_037333,0.0017499929339732192
row_046129,0.7253568831841354
row_024841,0.4268806365352478
row_042079,0.0699600444257099
row_000893,0.006934703446308434
row_038195,0.0016623971256370682
row_035472,0.11835078923081122
row_013368,0.12302801362123267
row_009750,0.443400576556067
row_040633,0.008074734503029105
row_049573,0.14029595642329798
row_007262,0.005472682435305958
row_017539,0.0020219140011414646
row_021557,0.2606253840790689
row_040646,0.01959728099153737
row_029799,0.053456206090547256
row_036389,0.1008297506739943
row_024627,0.05673763597164372
row_048623,0.04558195180497624
row_014030,0.997619326053326
row_025235,0.0026594181525338365
row_049135,0.1855314902913655
row_039040,0.02339317239678098
row_033524,0.0031876814617148243
row_028809,0.06452492799289042
row_007608,0.03404689988944047
row_048445,0.8607196234206923
row_035627,0.3170364141678179
row_048539,0.42281243093695864
row_032976,0.000351850348662284
row_006349,0.0008045868710814229
row_031398,0.13697410010679692
row_046115,0.04245403254203503
row_039512,0.00853955329442612
row_037238,0.6650400194976313
row_002755,0.015845862608888813
row_022888,0.5955139724854254
row_047640,0.42439038808647556
row_013837,0.541875058050827
row_001554,0.1241988954400592
row_011652,0.005345695416333557
row_015441,0.013149158390718105
row_022418,0.0003455134202979627
row_015452,0.11796491967535251
row_031858,0.03525040190612724
row_035180,0.5264301025474355
row_002950,0.11844413970221672
row_007143,0.2726730751527382
row_042731,0.00627316973250629
row_008366,0.08494813113595706
row_026395,0.07195134384550343
row_024054,0.0412981252296142
row_001055,0.03399117724568204
row_024914,0.6683155064103595
row_002008,0.016864018835066445
row_021913,0.0034434973380619337
row_018860,0.00710366737907328
row_008265,0.020546269064037625
row_016026,0.3971311378620293
row_021089,0.987791234814896
row_040101,0.005866322522781228
row_029595,0.4649802815263537
row_026510,0.43050729680853794
row_039682,0.5439640954993988
row_049094,0.0063610046302954
row_008415,0.0067382417354060545
row_011009,0.1401934665763218
row_031535,0.376288170212589
row_011713,0.23982140591004003
row_016757,0.6246260137327994
row_042384,0.14596315777838428
row_037115,0.17041827468774023
row_016797,0.6277479855330871
row_008677,0.09703462783794892
row_035829,0.11942391408994316
row_007713,0.23219054018503937
row_023948,0.005437385388333699
row_045798,0.32807259337295136
row_019668,0.0017172788023413525
row_044428,0.000915644380559813
row_031269,0.6697804006394462
row_032155,0.505125383527701
row_008561,0.3515626086884893
row_021592,0.1411833520210544
row_018714,0.0003508576782586239
row_024677,0.0008491070898711495
row_046277,0.7974807875302865
row_047052,0.018682641049120024
row_037770,0.009626212961790401
row_046655,0.0024872043013106373
row_043224,0.040334735862641365
row_031614,0.003058010898398695
row_040938,0.010917442304030855
row_046547,0.05574405772466907
row_009038,0.007362845990870783
row_000339,0.1636284931690047
row_029788,0.06768013724331888
row_045942,0.020188078961762123
row_027346,0.06264724403260546
row_045983,0.11268118409134029
row_008687,0.04172134355915295
row_037382,0.005867213162979785
row_037870,0.503056811250736
row_039974,0.04116572641476053
row_014074,0.07810588679756843
row_015635,0.025057392863177614
row_023509,0.004284239774012476
row_034624,0.026994238724758566
row_034030,0.1378513586605031
row_048058,0.03362800793858941
row_038034,0.00025410732982827873
row_023986,0.9955917716873927
row_003493,0.04838967781982394
row_011785,0.00235242787136878
row_032698,0.06356866593675378
row_039101,0.3265105561811476
row_039153,0.9097131767755309
row_043786,0.10357667991583433
row_046528,0.08397734243602865
row_009769,0.041576266371474845
row_017781,0.0035942657988397102
row_003425,0.0037031909999871585
row_022288,0.04201147354368699
row_044566,0.09244990298949082
row_021730,0.00014512101470135505
row_003152,0.08268387029489636
row_033064,0.42524008262784246
row_019093,0.02209569448771328
row_007539,0.0012627993004547863
row_002946,0.7926842671286363
row_029434,0.002981021371229933
row_048767,0.007917310535394032
row_009810,0.7178919715250575
row_018931,0.7406508813215531
row_042834,0.009703906945020057
row_035403,0.018049379139624122
row_048695,0.9700196662742088
row_019198,0.009608671886577302
row_035737,0.5765036996253694
row_022168,0.46337118306338687
row_040168,0.020988610854483867
row_034595,0.07025644238705425
row_000577,0.0019885799943491086
row_023359,0.0913688028233771
row_017428,0.0002276497630192899
row_011884,0.16399417182074605
row_005089,0.0013840696982075676
row_041763,0.08093021160457908
row_008655,0.024295489028825064
row_014502,0.6752134237511076
row_022999,0.8684787858095603
row_047263,0.8420347357765574
row_021125,0.0011580516714707661
row_000210,0.003192669885875324
row_048757,0.6672257234599694
row_040006,0.34018973503686595
row_030180,0.01215841009789449
row_014744,0.2849861124464911
row_010896,0.43742503262972776
row_011441,0.01268868048355888
row_018621,0.8164138452772405
row_028311,0.008207069363548399
row_041529,0.05813715477996805
row_042115,0.01544566633408145
row_029222,0.0223884175721401
row_008311,0.03833305726827791
row_026866,0.021932181116293206
row_048491,0.004937267792419862
row_027579,0.13953583881806664
row_022050,0.0893408738257067
row_001286,0.30674166872936054
row_011781,0.005541272259779173
row_036825,0.0029521983942164274
row_033274,0.9236634223010729
row_039744,0.9695913681883408
row_007364,0.2978470115765826
row_010460,0.6246404780898743
row_030429,0.0014749771216955405
row_003767,0.006278153195799447
row_010055,0.13649307999860463
row_033195,0.6163204791520133
row_034449,0.04692166943696062
row_000200,0.0030679284631678614
row_046506,0.044500969100320184
row_017729,0.01737093343685987
row_030656,0.14416673587838394
row_039017,0.809131679336569
row_040865,0.9934199437381155
row_025424,0.04127236542801455
row_012681,0.840342245951262
row_003275,0.0601707612212965
row_049167,0.01529699268232002
row_033584,0.007913561611459681
row_021073,0.00845555612059801
row_042453,0.6872432130004744
row_008570,0.005518046102146395
row_001932,0.46411871664827237
row_043729,0.0019740844462359836
row_019397,0.10818994329053457
row_033245,0.7648585232259543
row_048518,0.12844338549043835
row_000985,0.43707016104433183
row_017081,0.3127709128126314
row_012427,0.2475068153309393
row_002478,0.4492067125562363
row_049575,0.001418857230445858
row_044836,0.0008227249539775128
row_008619,0.007875894337634314
row_004127,0.0005139275343993838
row_035654,0.002712707991725298
row_020498,0.012162666954025058
row_034757,0.8724863115508276
row_040808,0.0036880294149551894
row_003622,0.014839875689698937
row_017738,0.06712207584575705
row_046471,0.23807038776779652
row_034770,0.04747194805461953
row_029757,0.006776962858713661
row_032255,0.21514333395099858
row_038265,0.09469135481578878
row_009844,0.9441876141195585
row_020741,0.11532002093160987
row_049154,0.02740000137625691
row_018823,0.0036540059043995076
row_029131,0.6236838281286964
row_031337,0.9213275055035808
row_047026,0.020256150270326526
row_020838,0.05945022697090165
row_028538,0.016763108998482205
row_007991,0.017478441361139067
row_020852,0.006661987407980042
row_048244,0.7900439744089128
row_007436,0.004598955877783991
row_048865,0.006668896318592513
row_016259,0.2023039377340927
row_049453,0.07787194503150523
row_032080,0.9402533324167259
row_014678,0.1731610142680231
row_039287,0.5395626573195811
row_009441,0.006553323923728362
row_023011,0.9736173985493276
row_013638,0.0009138538651123283
row_043881,0.10204823191459185
row_010449,0.10597176057535283
row_033383,0.03320334149092687
row_016775,0.5444034140397963
row_007046,0.04932995186771397
row_028168,0.2153413077283135
row_000810,0.827016059074194
row_049465,0.013795131164160144
row_011946,0.01002204651462122
row_040760,0.4074788452160142
row_042856,0.0069904384696439625
row_012023,0.9508985527160174
row_036402,0.9994800009413468
row_019973,0.0012024554833419878
row_002836,0.004099633675766036
row_021659,0.005010059665862809
row_000482,0.014346788652334998
row_027496,0.010392534521154568
row_025099,0.0488177953037678
row_002762,0.00223399045933176
row_020871,0.0643997983645554
row_003254,0.004334688243646565
row_026236,0.01380367877916207
row_039507,0.0413327095581382
row_048878,0.03398793313144802
row_020684,0.012074013196416305
row_014516,0.027370618557321705
row_002392,0.8005704085785056
row_045602,0.013603014125469931
row_041280,0.014712571220877603
row_025323,0.010643225814642419
row_041785,0.07427400997302183
row_011483,0.769981747845677
row_031050,0.13417653558250436
row_031726,0.008953598916138637
row_048730,0.040797645944101166
row_002358,0.025088922583888704
row_015442,0.08243160171709431
row_037855,0.024534903542486795
row_048522,0.9972012477791676
row_031542,0.0016790288713085081
row_005719,0.10086720542527583
row_004294,0.7356493305489538
row_022212,0.16202719930239692
row_041311,0.2523374013880859
row_016759,0.2019259814415683
row_049704,0.9988652461159758
row_023738,0.02464004935653931
row_014106,0.9626187222719006
row_019260,0.0027449291421037885
row_035575,0.08151054508304433
row_037116,0.010611708457473277
row_003429,0.4971639043021291
row_022492,0.022882886071286423
row_035519,0.019482176739345866
row_049136,0.8531016121521486
row_035055,0.12595293514260048
row_029426,0.5111353596373321
row_018816,0.09269013913732962
row_045691,0.011445399675354063
row_042361,0.1557733680420956
row_028125,0.007006112062182356
row_019168,0.13464846110132048
row_040299,0.006321302565484317
row_000703,0.16213460217100287
row_042057,0.18522292163746276
row_024373,0.9954993617384202
row_017439,0.09459080931192701
row_047714,0.02783560027784431
row_024266,0.003547252332207686
row_022771,0.5287969588942111
row_024523,0.01728350301290579
row_007071,0.027765991091043878
row_047436,0.02494880037066855
row_033824,0.3320640535007531
row_034763,0.6294239675590979
row_039686,0.06267131388687144
row_013645,0.8772617831985228
row_041806,0.022924938057827086
row_024517,0.05902099812859172
row_047304,0.104854070294676
row_034830,0.013754217187456315
row_043036,0.9127714349087633
row_040324,0.030250172067669223
row_020580,0.006306631152742201
row_034996,0.031908898941174955
row_049560,0.012876832326884337
row_030505,0.0011321403465314912
row_001903,0.10035449200264167
row_033234,0.4767619876007554
row_012991,0.0341961293132521
row_044415,0.429450146502047
row_048367,0.015446136987825727
row_018677,0.2588601489802051
row_028237,0.013367881416651456
row_002689,0.01614747266572749
row_014712,0.7793035191292803
row_020586,0.7551580917585636
row_042948,0.5985798791650487
row_001166,0.28601717519383163
row_033685,0.8621879591338453
row_018299,0.09681731404643329
row_023549,0.9761938372832769
row_024285,0.1889113742205775
row_004048,0.0008766902999658599
row_012556,2.9015795408277664e-05
row_003363,0.02736564635948499
row_032492,0.0031968520597545997
row_039444,0.6154983929450606
row_034539,0.029806691179061026
row_021922,0.5806690450094901
row_034082,0.0036488249736602875
row_004531,0.2385831836362782
row_002507,0.3295806038457579
row_032273,0.0010193745731751872
row_044620,0.0452454843413725
row_032516,0.34206903458447313
row_048236,0.987242535085675
row_044059,0.029486277687576036
row_007124,0.0019093551147662678
row_023950,0.00017080713761120686
row_039965,0.07654032262613239
row_003105,0.5080496179249356
row_038005,0.05112018275617124
row_041817,0.6053468974187001
row_035424,0.04359312764239019
row_039227,0.9472900040304821
row_036239,0.042277297444563246
row_021485,0.052454477126453146
row_038273,0.051819615282302285
row_049839,0.024385618459219206
row_035959,0.39316207892070654
row_038540,0.006859338712986505
row_034008,0.1946171359814116
row_006415,0.7649527492727948
row_030142,0.20822115717647033
row_023672,0.01427174091658255
row_004340,0.5771977398973858
row_003527,0.004034458987650047
row_037343,0.01584715454840855
row_036655,0.7482848522613268
row_035073,0.06476438990843544
row_013097,0.013406364997710642
row_028010,0.049998725058566416
row_033056,0.41221965000405625
row_049566,0.0007214981322708285
row_005708,0.03138855896960058
row_014498,0.11984289634883626
row_025978,0.0035968211799860188
row_041327,0.0164802416670838
row_000235,0.26574829515388526
row_040149,0.9509624534441785
row_023848,0.026824937738511634
row_031441,0.0005569328753032805
row_020650,0.00998387647486816
row_002650,0.49256332193166913
row_011464,0.038983206575930185
row_031379,0.6955089478046468
row_034931,0.09149254893364342
row_036909,0.06300825391711336
row_034407,0.4575872628952156
row_010468,0.34945481728948685
row_012501,0.03224818969215332
row_026994,0.031590983409999635
row_001505,0.022348895710802237
row_049589,0.03228561050243794
row_003569,0.3303679209695914
row_016310,0.054977723641863666
row_031570,0.9319005915842411
row_010362,0.0016642132204366875
row_029077,0.3284410416259136
row_016062,0.0025849524707818056
row_022573,0.8481442308745618
row_036055,0.6894146278344307
row_029299,0.9962482781935048
row_028602,0.0158570530855938
row_033768,0.06930995438812802
row_035174,0.022425938426415746
row_047790,0.0004473893494234591
row_001301,0.16512397877792356
row_034368,0.0033813367334402876
row_014432,0.8848708103298265
row_007818,0.021855415182468082
row_037361,0.0162926555646345
row_030310,0.07033345384150058
row_042727,0.9947224400699601
row_009116,0.03403537075832041
row_008905,0.001038022767340333
row_016187,0.06714689070783537
row_017730,0.9738877917860805
row_020834,0.1607017351744299
row_018611,0.07787117430860653
row_021483,0.01744339080113601
row_033572,0.03338881326192788
row_021787,0.07756026005910024
row_043530,0.9976119844964485
row_019565,0.26201617487821033
row_033649,0.14999606518543063
row_035415,0.21002908964477646
row_022925,0.0050553678983088065
row_045636,0.4694685937180061
row_007781,0.04449897640995641
row_045769,0.3933186571878033
row_024947,0.07267095195014729
row_004657,0.018803925764791875
row_030887,0.003836877851771643
row_006011,0.07659286864016601
row_005894,0.019011542057779225
row_013944,0.4045670571249214
row_024760,0.03808635389290479
row_042842,0.1723792160311719
row_032289,0.08250271463845862
row_004888,0.00020683582932349418
row_004792,0.018604548454695467
row_032175,0.012537624910081582
row_045397,0.008873090043664622
row_033349,0.014528759162680987
row_020477,0.06519299985685652
row_030044,0.0022682256276892136
row_021604,0.02326400760468238
row_017331,0.05142450083379212
row_049475,0.7361949291406252
row_023469,0.0010585508479551082
row_034357,0.8104234616030189
row_003502,0.06547615364434793
row_023399,0.9080315558626589
row_039463,0.9608919077428749
row_034184,0.4801285561731624
row_020686,0.9958693838843505
row_005277,0.17445233402462035
row_049592,0.007047430060784748
row_041981,0.14218216155111446
row_015597,0.036667171108139406
row_017141,0.8446325742196169
row_023019,0.08354598962202901
row_036047,0.03925739787941177
row_044546,0.46822725423479
row_036811,0.005506507784767923
row_035637,0.0025351825411145178
row_006007,0.3195800363419444
row_038145,0.0006053226997970084
row_003971,0.3059509542682996
row_008186,0.7924858064798189
row_000903,0.012388381919584706
row_025465,0.06443644898360136
row_020989,0.004978124054960884
row_014277,0.09372775731087639
row_039055,0.025058854919398414
row_038707,0.15659768734613083
row_006825,0.0042245780031204515
row_002549,0.006311168333213528
row_005593,0.08070410159019328
row_016625,0.46873390440549384
row_000488,0.05084650262642175
row_037977,0.7686954982342623
row_038408,0.19468916908801326
row_044776,0.043154327539043656
row_044561,0.001914873742490915
row_044974,0.009820810162667785
row_005006,0.040564810321542466
row_031587,0.01921859661644225
row_002884,0.03169649019280753
row_009190,0.6033944694364899
row_032697,0.01237645685313159
row_015210,0.12626729387435337
row_010875,0.027857870493130835
row_003956,0.17425002274177995
row_033498,0.01891302083132398
row_020401,0.8093511741676412
row_010554,0.07239748810916553
row_005859,0.2508163793354237
row_015011,0.9819467776601597
row_013988,0.4585233029888062
row_007703,0.4775161086788903
row_029593,0.020496848679533938
row_007397,0.010304141342153654
row_003736,0.06121131375040379
row_015767,0.0029137004610844076
row_015953,0.019463686745816246
row_025777,0.06459858636309371
row_037070,0.09434283818651402
row_039469,0.011618315616586515
row_036144,0.0071683014724445455
row_002470,0.0003861471057166334
row_031338,0.040364944121374494
row_010472,0.1615778126529725
row_025905,0.24846912365038432
row_000939,0.0003294133079104868
row_004597,0.44038861823844694
row_022941,0.02063768527302152
row_041032,0.0089388159929676
row_031487,0.11466578910319332
row_014200,0.26617157000142616
row_013411,0.001035352354625216
row_041725,0.8422225419304158
row_015613,0.1805684195658288
row_048232,0.12071141205397991
row_047507,0.24188069476411625
row_049954,0.014710650700612686
row_009467,0.0046798443888589735
row_026122,0.05554840974962573
row_030431,0.06826737325888049
row_037683,0.04968991741438188
row_027788,0.018669083751270795
row_010056,0.058866741536403505
row_033287,0.7953783985515596
row_046388,0.0057396581973906445
row_037564,0.001711158353475921
row_037069,0.103952439499839
row_038014,0.7479564861774618
row_040905,0.16864647385519693
row_027772,0.004281950267486309
row_025541,0.21010953419911893
row_026175,0.5095188474532729
row_000217,0.9178488339830423
row_013686,0.0639553444018887
row_034695,0.04448333107808309
row_044239,0.1243439742556564
row_022849,0.225554220341189
row_003512,0.9965850476990602
row_012492,0.4551505938226743
row_014529,0.03006328648083609
row_040764,0.03564539484442399
row_044875,0.02535229886556777
row_026559,0.0004925122207619751
row_005155,0.18478103612293584
row_046514,0.006807819193317966
row_042160,0.0809198990663214
row_019622,0.9884156086731134
row_020311,0.00026136198170319383
row_014967,0.6134413625620257
row_000253,0.08663192106597044
row_001807,0.3133953907102428
row_005318,0.038893576936525204
row_045466,0.033739768315867474
row_037607,0.9654237852844767
row_023470,0.44529159460994494
row_042133,0.08391335535053983
row_027087,0.1485379636808669
row_028351,0.2059341209339243
row_001078,0.025098150104121586
row_003526,0.006381207897513481
row_043653,0.012838304483411462
row_031153,0.4697231491476889
row_036769,0.17643617561195782
row_033046,0.3277205548431555
row_006090,0.14157648211622104
row_044131,0.059413448267589854
row_007889,0.0044037872552977
row_034042,0.11406755319668951
row_029324,0.012622330902925848
row_032835,0.06517814215863094
row_020080,0.511519496187824
row_017957,0.04845311385161614
row_045448,0.4813259103673748
row_042455,0.0008243537392378813
row_012307,0.0525013858530252
row_025858,0.27376633923595567
row_013752,0.0054822075493088625
row_047836,0.023781550234260308
row_033928,0.030317671003137106
row_036275,0.06754271670325182
row_010752,0.038747439241210206
row_001492,0.3409650439064037
row_007565,0.22087205704646082
row_005755,0.04716178758403343
row_018513,0.6177328557249216
row_014258,0.3603533535485446
row_039102,0.042149161644701456
row_004024,0.20312546953892657
row_016270,0.8612064750549507
row_029611,0.0009563129310822904
row_043226,0.6559158387226449
row_004780,0.004432832889643788
row_030227,0.14398519628778775
row_048849,0.004856307575687041
row_029780,0.6026913728610073
row_044777,0.0013220984884170115
row_049275,0.9107965218546054
row_005504,0.07523326177573664
row_018132,0.10990079496656854
row_044751,0.04396907567493134
row_024407,0.18789413183255563
row_034495,0.04248762422097759
row_041727,0.2271208083152437
row_034348,0.0404741382958487
row_012925,0.541245040768575
row_028429,0.06717764897613798
row_037184,0.001139313156257139
row_006718,0.00022365929608197382
row_036685,0.01008146402096435
row_022351,0.0072943256900271135
row_006524,0.08707653706650301
row_020545,0.5855710569609893
row_014032,0.006078414745407041
row_018032,0.0008497317943463706
row_002312,0.06762558004373882
row_030231,0.01099997979231142
row_019779,0.02663430309559373
row_044135,0.011240180534929969
row_031332,0.8626436185805282
row_027975,0.051490917582292
row_027917,0.11468507803951712
row_040910,0.0002328941634930455
row_029170,0.14912887313146753
row_017520,0.0041763816333829145
row_031264,0.9643016836182834
row_010128,0.0980831237852525
row_014710,0.5406598195414136
row_044516,0.03180941446432263
row_026046,0.6475637115568323
row_049380,0.3567170186729608
row_013443,0.27873775181595256
row_032833,0.7225630856084557
row_040497,0.0003667881443660327
row_019435,0.47483809248448017
row_029394,0.7778974129448069
row_007979,0.007859338599404062
row_029172,0.0005113441419754622
row_014137,0.06754869758336111
row_038777,0.016470595560779826
row_030130,0.002736694095983863
row_020851,0.031754479703098686
row_029456,0.06457984442021883
row_031437,0.007796237339598307
row_003872,0.06144590913468301
row_016188,0.21988477643847312
row_035436,0.9972835524430105
row_009865,0.22041885451764362
row_005271,0.0038992492118443143
row_046226,0.1216438087826749
row_042490,0.054789193924144636
row_040739,0.21169230265148825
row_009840,0.6011754064589229
row_041351,0.04244541716447034
row_032593,0.03884338243726845
row_040550,0.002323913997475182
row_025223,0.012666831994214414
row_037331,0.01791054689430849
row_012763,0.18013375638527546
row_041005,0.7584307212363333
row_019241,0.5531848704848041
row_011960,0.17569266698426408
row_004761,0.03201128319328147
row_002256,0.9962632263793109
row_026145,0.06353312963485025
row_003450,0.027803874702408662
row_003735,0.0006546077722993485
row_025428,0.013155642625406496
row_045656,0.0029904872273704085
row_030467,0.0026300421812422035
row_010616,0.00458789043387412
row_013724,0.5467450496840185
row_046859,0.585161628388198
row_038874,0.4316077369989597
row_015533,0.07516892015174888
row_044943,0.8856436509280411
row_021541,0.9612073365283472
row_018160,0.03447956913224007
row_000943,0.001147874057601357
row_010464,0.0028453537160231137
row_005510,0.005436839058709579
row_020408,0.8240995029058759
row_037377,0.01285738919494303
row_043222,0.06799451977944634
row_027396,0.11138066685243654
row_002311,0.0022925001780016653
row_030991,0.009110352034265013
row_003077,0.07338472844796845
row_045084,0.020520822586628663
row_043674,0.8262416606598091
row_006637,0.010372512997769924
row_000351,0.20081715409278025
row_020743,0.006434046641876403
row_002398,0.015895115363822977
row_025032,0.8573143475184974
row_027878,0.12203108279745944
row_025192,0.13676720205517542
row_023545,0.06266019695974769
row_034860,0.056154475651086035
row_030496,0.010811060102531798
row_020701,0.4692088148672949
row_014944,0.046738186569658294
row_027385,0.035933428959110406
row_024702,0.07993572948722588
row_038519,0.009745031333011061
row_006996,0.942875599795887
row_040199,0.0054811498962575
row_031751,0.12369695051244727
row_018614,0.0006399935868248129
row_035901,0.05142635424621989
row_011341,0.11147786980316282
row_017092,0.024059836294387633
row_041402,0.008693948168296257
row_046215,0.00780998352337932
row_009630,0.03639778629756584
row_045410,0.001966777181456016
row_047025,0.018501855098408803
row_040209,0.07375989187012243
row_024371,0.20383360544758825
row_024978,0.12192119908883174
row_031188,0.0805381822920156
row_040441,0.9916796514290549
row_015509,0.9055333776398454
row_002759,0.08806437264560728
row_002120,0.002202895163527098
row_038060,0.005161259530690568
row_003933,0.18504632551545108
row_003972,0.02048640114780875
row_046047,0.0035540724139752357
row_049666,0.21727230882254298
row_010703,0.0009373397687897845
row_026455,0.025698523019720365
row_018784,0.006287412421591545
row_033796,0.19074578538130363
row_040776,0.0027906110438644695
row_025557,0.0917303816742164
row_007779,0.018891808535267125
row_044781,0.001258620194935342
row_014573,0.012267344817967742
row_018894,0.10841016153425234
row_007771,0.010597439012030094
row_019820,0.009203087233209022
row_022668,0.01634954500467556
row_027088,0.29144470259621247
row_049101,0.36730920820829427
row_047152,0.8697602445816239
row_037472,0.00040967060266417616
row_036630,0.05479902585786467
row_031812,0.0141976353691541
row_004855,0.004214745936499434
row_032555,0.0060150305214746605
row_037181,0.008125118709647194
row_024454,0.14456160296009243
row_008642,0.10537976107271059
row_039826,0.08436301936533047
row_013229,0.2114663002055349
row_027861,0.6080126461175404
row_049155,0.7474417409907498
row_049330,0.24376759793958597
row_020508,0.01644146161188577
row_045372,0.0009866372593333127
row_047857,0.007781809844618931
row_041354,0.004225068123165012
row_043550,0.1582101450129658
row_029484,0.43672409573631726
row_049336,0.7438422655086174
row_012043,0.002941834771370531
row_006250,0.0007533151633756928
row_040656,0.03948327447452374
row_004557,0.2181324132425283
row_008326,0.0024370243836414527
row_003592,0.9075735643088715
row_036090,0.029444723718875528
row_010740,0.11950417350310974
row_030445,0.642115744566956
row_023192,0.996259393420347
row_016302,0.9652549884835817
row_041801,0.5245057253548504
row_012628,0.24487984639931773
row_031536,0.001187783564492389
row_048579,0.03224882541048093
row_026829,0.33701762758880066
row_039110,0.08101887966717629
row_015434,0.06261564344164228
row_043861,0.002189514301254824
row_007817,0.19976828742109093
row_038072,0.4747051057955177
row_039164,0.10644410546528238
row_006094,0.8813539989375163
row_027065,0.35431226775276176
row_001855,0.007596531760980289
row_023871,0.3437001524217888
row_018968,0.054092750981908626
row_025211,0.00226903249472555
row_001139,0.0017723645431057878
row_041466,0.17759819161255758
row_005338,0.0037936174679734625
row_040692,0.02667737077616113
row_017783,0.005301446525693286
row_041694,0.007736770134237636
row_009913,0.015246743501123141
row_026515,0.00863378780685169
row_004707,0.03323441137989732
row_011776,0.05534515022318742
row_017042,0.042943979358582254
row_012634,0.011960350098538368
row_017568,0.0010299740722029477
row_037111,0.5962514713815706
row_039895,0.17935056968246926
row_035704,0.019169774259659097
row_015031,0.07816088273949703
row_000367,0.0008864090640841612
row_044167,0.0204463739830296
row_000067,0.01036541173531574
row_000776,0.03621568566623837
row_030490,0.5738816429037951
row_006691,0.0008137395288215658
row_010424,0.9580361630249009
row_011921,0.15130870150652725
row_002260,0.6809003369982053
row_045874,0.2898192934699042
row_011139,0.8640492666128782
row_045734,0.4579745541568449
row_001066,0.7256128069184067
row_021695,0.025077949766394127
row_020765,0.3070327558812063
row_024660,0.14096252902893566
row_015396,0.007443940592607533
row_007155,0.22270559430238063
row_013805,0.2571831404163659
row_005175,0.0018562891950755058
row_027611,0.5665810548541574
row_019018,0.06738382432463712
row_035084,0.41006106367360917
row_038931,0.7543340182040278
row_030671,0.42142300421203244
row_010042,0.062007288201449656
row_038598,0.053203239408082165
row_044959,0.8725419398051852
row_020183,0.0007350312288229833
row_026589,0.12197184351930676
row_049937,0.0006470595001452088
row_005535,0.01452642133271647
row_043841,0.926462434425857
row_036262,0.0009926175025373385
row_009418,0.11563045520984828
row_000645,0.9579526079167333
row_024152,0.002226872899560986
row_009995,0.0033803359185026177
row_026796,0.05113821973697097
row_032274,0.23064276537107484
row_011033,0.017904402341171452
row_026313,0.9676176408855904
row_046776,0.013489173002611156
row_044565,0.029013885649397567
row_025911,8.609346623260422e-05
row_049482,0.05499557956272919
row_031177,0.030788587883012798
row_014819,0.06253771964593242
row_035392,0.11995553573237508
row_039474,0.22847921931477866
row_045093,0.002493665597534012
row_043854,0.02252140276731177
row_025418,0.0007781546837490566
row_039703,0.0034668057041727963
row_042463,0.0003847240549313101
row_036628,0.10500581641773313
row_024428,5.971899910619241e-05
row_041034,0.3784250142610911
row_036016,0.005050196686449177
row_000702,0.00035176211484167473
row_039737,0.36833836068134096
row_043824,0.13989268792076803
row_014789,0.9860627989166955
row_024870,0.38090178033766026
row_036515,0.025674184549028808
row_005010,0.3808210252543227
row_041846,0.16076113507520573
row_016387,0.12088674653942857
row_021297,0.12668884339847336
row_020444,0.7020286835599193
row_036117,0.0010173192238313242
row_039380,0.9268411258250843
row_025158,0.37373862506875205
row_012140,0.04376979125938268
row_031758,0.004808962824095163
row_001550,0.008931809838471652
row_045698,0.09591560983853152
row_001857,0.4848566285364787
row_047221,0.5963057717685085
row_026063,0.002208788269879033
row_011531,0.1649235336647606
row_041946,0.8804078479143294
row_023125,0.129394806237426
row_048800,0.11335622862910176
row_001551,0.7125167416132768
row_003744,0.0015075529807960526
row_007603,0.03463039725176276
row_041083,0.9434336016935259
row_001681,0.637951488085544
row_012754,0.5779014931501085
row_003205,0.002134052967016315
row_046393,0.02596982979909265
row_005451,0.03190064625015764
row_014760,0.03346970435053377
row_039052,0.8673358603711537
row_018591,0.28998730501248593
row_043883,0.0038512781134549152
row_015282,0.02977338526607346
row_003177,0.768215767739023
row_006779,0.12510199434601776
row_045221,0.052885416790832834
row_038278,0.45535344680295997
row_042056,0.03740217258990116
row_044806,0.7033522377284278
row_034372,0.0903131997697706
row_013004,0.507803829145091
row_002324,0.0024363162680767574
row_041652,0.007121354286300528
row_006483,0.029992312004612005
row_035648,0.39706457295924114
row_039660,0.010546118677983789
row_017213,0.08685600435818866
row_030288,0.008524135040219987
row_010010,0.7471278450066978
row_022995,0.2762481824827796
row_003532,0.023880021097847322
row_024508,0.8033645318630696
row_009887,0.6083231736399964
row_004898,0.0033239979799335666
row_042174,0.04042245436216339
row_048609,0.010908508917580832
row_037291,0.04871654201490049
row_019251,0.9961095307345682
row_038155,0.0110288940769265
row_029745,0.010113618637965791
row_038652,0.06453956873868508
row_000355,0.061849807436331554
row_001080,0.03698066380402672
row_014014,0.0022928929724924134
row_031271,0.02014205405519847
row_041047,0.1042721013807194
row_003846,0.004635404601935038
row_028205,0.0694082346500604
row_010930,0.1323537008897594
row_035200,0.014015249878716341
row_040667,0.0033975300149962466
row_021561,0.054066992202775645
row_042555,0.4670784466544196
row_025954,0.022118765186437996
row_003923,0.12702377986888405
row_015291,0.012996099570990927
row_037166,0.019019794771717433
row_005792,0.2866728658213213
row_036460,0.009716681836945696
row_010588,0.021771707865789712
row_008345,0.07514518245987778
row_003225,0.043812709644375614
row_032761,0.7129006960483444
row_002515,0.02097228052025998
row_024409,0.04124745936882182
row_033238,0.005748394860374516
row_035965,0.052559320076530754
row_043387,0.03481814216681737
row_017389,0.3541327400262865
row_039228,0.01095294513670796
row_006604,0.02778010601228697
row_009752,0.01771861614377756
row_029433,0.7987789763901597
row_003806,0.13636473753279685
row_036662,0.6485714127286839
row_035480,0.7616935779904344
row_035625,0.2607068987357333
row_015002,0.0042538569112344285
row_008133,0.061719436577476645
row_035872,0.03614378537415174
row_020363,0.03770036561710536
row_048723,0.6233038128951653
row_004906,0.21179868420262843
row_004658,0.0003619454122571472
row_039334,0.02445375778511758
row_004772,0.0007811406996952756
row_003094,0.016606543329905108
row_021208,0.0033411904645756956
row_030874,0.46680416731087854
row_010719,0.21818660645647972
row_018948,0.004458507659433956
row_039213,0.001273943986637033
row_018855,0.0773055528180193
row_010738,0.002030092069294399
row_012297,0.01716399879183526
row_008050,0.17231422005500965
row_045476,0.010871819865122806
row_014934,0.01637933617555896
row_041281,0.005585399117360116
row_005300,0.3241076648761945
row_010881,0.02116945091782466
row_004499,0.644904054830337
row_005992,0.05171794627977798
row_047224,0.6874060430167306
row_022108,0.0448074931349132
row_039490,0.004057620963449276
row_033755,0.03046973468141904
row_034101,0.05001262024221598
row_024821,0.6225232979351554
row_035320,0.00325419002802584
row_041614,0.07769272030160985
row_044336,0.04074762701099829
row_009819,0.00726528682105752
row_017982,0.0010258736291741375
row_039513,0.01318145243945358
row_043721,0.1281702229530857
row_043255,0.00460163725254059
row_034683,0.01136827801958056
row_014890,0.007955553294164827
row_009731,0.024537217065020857
row_022858,0.039203568634757255
row_040527,0.04173143582435709
row_023179,0.07689022510753481
row_040345,0.0015189386263717228
row_025698,0.02791363848721774
row_042397,0.002373627127817548
row_016593,0.012144132704990773
row_028697,0.10424946322021669
row_039139,0.001826811593693824
row_018169,0.0391287719201653
row_014386,0.007653006086907598
row_037843,0.8856723220443472
row_005694,0.0007961086393548128
row_033107,0.028574589907166385
row_042474,0.040530633090912864
row_012246,0.4916203897311608
row_001010,0.007152321725058802
row_011312,0.1034263260292182
row_006379,0.012829081671045886
row_022881,0.06638575947301201
row_030781,0.5958815641129723
row_025897,0.10445511219692016
row_049577,0.1591720048989723
row_008913,0.0007743481175202932
row_046591,0.2327853172952977
row_039396,0.011585168734484097
row_031167,0.37200963218613325
row_022137,0.3066617293069518
row_007492,0.008905870756893617
row_009725,0.0035463160716041665
row_023741,0.016054543837086974
row_005359,0.003137392768894825
row_037632,0.9388414824650531
row_009101,0.00807153411763034
row_041190,0.14046477764439227
row_032882,0.013768927781322273
row_025967,0.014241989119293893
row_004165,0.8618360264650552
row_000301,0.10649589364790697
row_019348,0.0478225796885676
row_045965,0.07307016695140085
row_046577,0.000804748447798287
row_010244,0.02116089018947462
row_048199,0.1654457536882121
row_022437,0.45560772491629514
row_012229,0.9990016778721634
row_025149,0.04741713326309117
row_015857,0.7555119540706395
row_035574,0.025364264446607093
row_037598,0.12791136853760796
row_034205,0.7018801108571573
row_002066,0.24184426870716244
row_027675,0.0023980751187527615
row_014825,0.136846748956405
row_016516,0.031903180376731885
row_020385,0.15786530918340838
row_021414,0.018866032393164082
row_000096,0.005316347490200609
row_018575,0.3112811390556928
row_045002,0.0032421471716287814
row_000960,0.42246136925758837
row_022292,0.019190470995988185
row_007204,0.017692541122204655
row_022238,0.013451418248322427
row_043128,0.02367423382584288
row_002259,0.952635313424441
row_036479,0.9834201163665558
row_041841,0.10570582138983317
row_002279,0.013867949861907456
row_018489,0.009753397817416638
row_015864,0.3385749995694674
row_025051,0.01009612488354176
row_012163,0.0026508188177438432
row_006792,0.011192925321123703
row_003814,0.30025060101667495
row_046383,0.0021163089000663334
row_044651,0.022071968785510956
row_038588,0.030770576351065535
row_040838,0.0798916979730175
row_049847,0.17497376875458912
row_040106,0.0005202400286959706
row_030489,0.01674881810289558
row_037556,0.16803067552381593
row_039814,0.5843813457796055
row_008807,0.3676609959583223
row_026324,0.03484533665679092
row_007112,0.01766406225525185
row_043733,0.004660868260437487
row_007493,0.4986566199077421
row_042867,0.5274294431090609
row_048381,0.13003287182611553
row_022119,0.5215104025839558
row_021649,0.06604381413661117
row_039555,0.8867943315423469
row_024497,0.05004456243836205
row_002616,0.08833484144926057
row_042543,0.04771872825979864
row_021887,0.9967499923856282
row_016257,0.0341549641940169
row_026381,0.13088135463344958
row_002907,0.9981730186105506
row_043073,0.00357548405796575
row_036785,0.07213175553572569
row_017292,0.038554233724308884
row_038675,0.14162183526068267
row_021381,0.9118080381117954
row_025290,0.5992291754421085
row_032768,0.00029879171467701214
row_024619,0.08129068194611273
row_011572,0.025173966167781323
row_027501,0.09445580215964398
row_035211,0.005293522942488639
row_023040,0.47254528141635666
row_043356,0.006975799300412528
row_045047,0.006464393606365779
row_001309,0.02417170693321762
row_049849,0.9945733794881615
row_012333,0.7923679227058479
row_010790,0.08445670046805763
row_035477,0.04739825239115712
row_049018,0.009713373493985291
row_047343,0.010991252387109187
row_017361,0.8055152357941064
row_001508,0.05606571685142181
row_002410,0.0037721377233379165
row_032871,0.003647037429443913
row_046824,0.012601732250702906
row_047269,0.13384692509425736
row_030147,0.8389504435303465
row_033448,0.01606241527342081
row_044748,0.006988465976254012
row_034212,0.28319556619383235
row_032111,0.006812687936205348
row_003129,0.2835777214329081
row_017040,0.07942261748752578
row_023141,0.7631215552699603
row_027645,0.07091900334897183
row_015770,0.0033884782958714743
row_016422,0.3683697443048336
row_001004,0.24712552743946098
row_011594,0.005547096931536031
row_048189,0.0818656351002883
row_048545,0.6269874805511138
row_000487,0.010137626688720635
row_003374,0.035801059190358364
row_039602,0.011714378833660622
row_036122,0.045519613468616126
row_049144,0.26468033584039224
row_016212,0.041737494996257486
row_000214,0.01981040473793434
row_001643,0.4149321465343069
row_035206,0.012189407257316709
row_016291,0.581969114970303
row_010178,0.26541873543046457
row_024967,0.1337243770984623
row_025739,0.042671438558119223
row_008470,0.026573076960404212
row_010289,0.34573098193034596
row_024772,0.8179661690364549
row_044592,0.27408288362446054
row_007233,0.04094191428376562
row_018879,0.009195247339776223
row_001590,0.0020851946458434615
row_020648,0.3425856545865981
row_016929,0.15793746693648172
row_015099,0.019143044828009895
row_044899,0.7238321416088337
row_040150,0.8200919415300518
row_038213,0.07254557039002857
row_046023,0.15368424017326596
row_022601,0.7137740861498028
row_027466,0.041841980325077445
row_003071,0.006564145804870508
row_019311,0.4761231903226318
row_028941,0.001250299740168465
row_000397,0.05574881652044328
row_022102,0.008656637088992796
row_036164,0.7981747564540299
row_009466,0.013171298906578493
row_035307,0.004609602647154065
row_012272,0.18830532947224504
row_017915,0.4466761179324549
row_039423,0.0702720106532344
row_045516,0.44489527545043134
row_048981,0.9141054777000621
row_035908,0.13384240504805345
row_019173,0.0021085799942883897
row_047528,0.020658936192184525
row_009618,0.032268631613155796
row_003720,0.059785506990632176
row_017912,0.13767154764538556
row_029956,0.010203340306070131
row_034640,0.450279600998897
row_035505,0.1590104387357106
row_029068,0.11759613200647301
row_000433,0.012797020251733422
row_028653,0.08534470789804416
row_013543,0.6739544370391009
row_000001,0.02028779889571159
row_022875,0.0020858400523711966
row_009768,0.05399219811500628
row_013576,0.5757012998738397
row_045239,0.0021072611671403016
row_034966,0.0006894949240038161
row_008257,0.9975429465911757
row_032525,0.21733132336338823
row_034509,0.906258580569606
row_023417,0.024044581832969283
row_022310,0.007276605499760775
row_027285,0.007629749828354895
row_030884,0.18313997771737142
row_047768,0.18115652644835262
row_016413,0.1684251436247378
row_049337,0.8818090813852483
row_031014,0.07213828672363409
row_014418,0.05903434387325487
row_016643,0.2337056060611543
row_008049,0.7156846141823149
row_018718,0.004449508068072499
row_042910,0.003814737738649611
row_016874,0.08393177953943821
row_018176,0.21891721196949432
row_011412,0.006998486132882415
row_017020,0.3995861243958568
row_032209,0.7205752399260439
row_040600,0.02840668580103593
row_000509,0.08523397269400014
row_004180,0.057361064403628974
row_034272,0.39178757764453387
row_006612,0.5003219439772969
row_007518,0.05725442673067559
row_014612,0.02272377090513642
row_033603,0.006688091658408783
row_027184,0.9336861626574812
row_037643,0.10218698095535446
row_013759,0.2606602408774463
row_048223,0.132337033906458
row_009818,0.24488385388112432
row_033333,0.9369804868360457
row_011154,0.03204405217717846
row_008661,0.06506383403633426
row_042755,0.4340798241975867
row_027593,0.13741539642251144
row_016748,0.3400061830010985
row_019818,0.21559548003814802
row_028657,0.003838974756983543
row_008575,0.015206720493610137
row_010665,0.8045429360892284
row_015814,0.05669032817030967
row_047629,0.9938577921130123
row_040616,0.05006351553306147
row_048057,0.10364861272291102
row_002202,0.012034483976463055
row_031959,0.5097955265058723
row_006370,0.4805109130519635
row_029847,0.03604205088361659
row_013612,0.0009103624785266472
row_034370,0.5580036395586044
row_022422,0.008757651121017044
row_045135,0.8709948067040424
row_000041,0.017053648180502225
row_039580,0.39079454267315056
row_019718,0.0035756240028381363
row_006401,0.06139005912153663
row_042835,0.022412233034324106
row_046908,0.754409255310912
row_036170,0.13020323838557907
row_049127,0.25740378208066805
row_023981,0.39065349723757153
row_042959,0.0642665061423809
row_023797,0.035242478032797626
row_016571,0.03811810475653761
row_029892,0.005938046112827733
row_001484,0.0026306598601596705
row_043688,0.053850595293982575
row_042353,0.02233469646252597
row_031287,0.04688998439588783
row_027732,0.07709227878170255
row_018865,0.004224978502889091
row_047366,0.0679030833547063
row_033320,0.2358701151193236
row_033725,0.1337886123983396
row_007499,0.012399832131819956
row_044608,0.004626667157563202
row_019415,0.9446590464848847
row_045924,0.06490689178545915
row_020418,0.011902089562913621
row_018821,0.045549037423422596
row_010378,0.890285126946819
row_019041,0.0208246584165494
row_028660,0.10252865064952858
row_044870,0.010636771574286174
row_010951,0.7695631011462745
row_010129,0.48128659186518347
row_005490,0.3854870239823564
row_010917,0.007187157754981665
row_039267,0.8333003217970593
row_029376,0.0005792690947271406
row_022446,0.17284613768747556
row_020289,0.0038980065020634775
row_036622,0.2507764114066725
row_043545,0.9145326051080824
row_022651,0.0016399374737002066
row_035565,0.025579855380591817
row_032690,0.777475590702972
row_039071,0.20318633425115787
row_030717,0.022815152648809383
row_027555,0.0026332510752909693
row_036313,0.4357242108432897
row_039488,0.033904852729471906
row_021982,0.4391230795042708
row_027839,0.015121876578000062
row_030815,0.6570302924426964
row_025441,0.06320331461639227
row_011656,0.002743713084626365
row_044457,0.0013981196560158332
row_006206,0.010933438834324396
row_049246,0.15628893533038749
row_037930,0.028487015353589745
row_035083,0.30896400051928463
row_034704,0.02370503707409122
row_027918,0.0836270035586182
row_037334,0.030491434726744333
row_036524,0.011871404129319328
row_023124,0.014509489270649814
row_043365,0.013623732934801023
row_032814,0.053831337407875865
row_022298,0.01986079211698975
row_027762,0.43609578598321996
row_038837,0.0070223512293167
row_015382,0.040969421765433243
row_046980,0.0023234337158222875
row_040956,0.0004974239215515268
row_044180,0.014063472016034214
row_024567,0.24801988715067733
row_047888,0.3922930239003109
row_046802,0.007160754699183652
row_023998,0.8698231982163068
row_032560,0.006550216985299037
row_045091,0.36420959012295845
row_037366,0.0012124571560275948
row_042787,0.996391894292026
row_000832,0.4868305258930126
row_033994,0.5260221578904739
row_003463,0.9460513707150855
row_021602,0.01526257444356526
row_038524,0.07696958714529807
row_018615,0.026893572117447594
row_016226,0.017882676385537217
row_019298,0.005700446213727515
row_001387,0.11201775158490877
row_028269,0.2864903807739357
row_031802,0.011898646074770598
row_046770,0.006463852427397602
row_014630,0.8538390211706416
row_042773,0.5352666704130455
row_047005,0.14540963796786016
row_034549,0.9688344386771472
row_008163,0.0012209273633261868
row_004406,0.0013692527327069425
row_019719,0.3879398632915783
row_014882,0.9450378113497124
row_046850,0.09343784266817351
row_049082,0.029130565817686062
row_044810,0.0019057684218119915
row_039230,0.051053178788779435
row_019733,0.002302159980931226
row_016027,0.00047608805095415664
row_041937,0.02621285445563189
row_045903,0.013135081918985561
row_047124,0.004648269952079825
row_043013,0.006815301508632277
row_030691,0.3796401637977051
row_042754,0.03235817296518859
row_031243,0.026769669051898773
row_016679,0.00311198106864904
row_010108,0.03397163684026867
row_000511,0.039394485492750056
row_022562,0.020041215525789524
row_030689,0.1628752133157106
row_028907,0.19756487705645762
row_000401,0.0020700471505078924
row_005513,0.1944732708806352
row_033805,0.4563530963012221
row_004545,0.03352261376686092
row_020148,0.016457365575937962
row_038456,0.953110456556489
row_004867,0.12360506948889143
row_001251,0.004748554458608209
row_049198,0.09519570948515298
row_011745,0.04691279304784387
row_008072,0.13651260576434712
row_017864,0.1499014668622098
row_025448,0.2765792700078424
row_019608,6.684915317259403e-05
row_043548,0.6359894086976468
row_035147,0.04354673386800524
row_005729,0.21719640438407015
row_017472,0.2422499826229768
row_034273,0.036912703102649706
row_036305,0.25032322912068167
row_009877,0.35923805239973317
row_042028,0.04961158944985116
row_037066,0.5261138550131172
row_011576,0.014351194589654706
row_033890,0.32441061573157154
row_015877,0.01959240197464268
row_047637,0.9503823210886385
row_018663,0.01749922016439268
row_006458,0.00027127041757364504
row_041677,0.07113034382375055
row_044711,0.706726736596234
row_012582,0.30701295227403913
row_036914,0.5541263322464753
row_020244,0.41344867098143023
row_031295,0.3542548676312382
row_043894,0.04010920050943831
row_048479,0.0029374181797634413
row_045183,0.006075077156566436
row_044674,0.07108401648815142
row_003307,0.11735001722229384
row_013544,0.04431237963169993
row_044311,0.9950513042595409
row_047408,0.019895842778199894
row_021844,0.040831776974512846
row_032013,0.41927126662176795
row_013825,0.37656456346184924
row_043209,0.030225162511876916
row_039367,0.7869197435457401
row_013515,0.036826322502170834
row_027008,0.0008604837344953961
row_047014,0.5263149184562974
row_047217,0.3935498940050221
row_040932,0.3738984468034102
row_032574,0.5982666597562094
row_010408,0.034548413046566244
row_034279,0.08111814372535557
row_015774,0.34519877785204506
row_035201,0.009536717344218413
row_036252,0.551348807224755
row_003297,0.007125852038248279
row_006152,0.01198832209844927
row_043691,9.026933995630104e-05
row_000025,0.110457771833847
row_030046,0.007870664004092694
row_032636,0.41855522186444305
row_016959,0.0741664014133695
row_028832,0.12660908111031147
row_014389,0.1724336962628787
row_032855,0.021076915150856725
row_043011,0.16850722520833042
row_021779,0.012012749150410035
row_033415,0.008036824802582835
row_029626,0.5175448041920193
row_044136,0.054379106697363254
row_031579,0.0014168709600616027
row_032981,0.0007598162948304404
row_026746,0.17008127564681305
row_048495,0.710531023056302
row_015609,0.015607225427838108
row_029964,0.06691007723836945
row_000480,0.8261111199470075
row_048192,0.006923474888628247
row_015366,0.09687834883340335
row_004186,0.002441006830332497
row_001156,0.00945543690401762
row_009349,0.06237313286544662
row_037921,0.002624643568329999
row_025126,0.3684273012093977
row_043539,0.5425512640812948
row_000662,0.5102678873912794
row_017534,0.7779820012526724
row_044513,0.9808548968563211
row_040249,0.00991213573789046
row_032532,0.0018272271748658341
row_041045,0.008724424993526195
row_021454,0.06021592892537868
row_031790,0.6647015257482645
row_036951,0.0433923859299728
row_013468,0.0018607506954502202
row_020560,0.012599285865240803
row_046666,0.523283118783507
row_034777,0.008479523218387915
row_037411,0.00429831906103404
row_044895,0.11775935873475075
row_047574,0.0013259173262168496
row_014120,0.03667604241318019
row_040851,0.0064690462099357545
row_035277,0.22686137742086226
row_013279,0.3977666775403242
row_015035,0.15632852690844273
row_002061,0.0519409605184463
row_005683,0.9794779522691694
row_025933,0.14091481336829584
row_031174,0.7925870087847376
row_014916,0.2986289517500524
row_039565,0.060760253108641304
row_018973,0.0175027911882478
row_001027,0.21198731857012845
row_027563,0.0002979247250990481
row_033079,0.8481176818238193
row_024337,0.9874531510086036
row_015178,0.0059693801271514906
row_033460,0.009463886779839184
row_020455,0.10552018666865767
row_007145,0.760406482631691
row_040151,0.0006357625047399792
row_012825,0.05260824027052784
row_037630,0.08746814557320606
row_044936,0.002848665570460045
row_007828,0.0015522334019750952
row_030786,0.06714979348555472
row_011862,0.16652184983659235
row_010074,0.06002800454527286
row_033173,0.8884349674331066
row_013173,0.006844570665772036
row_023976,0.003960584644749974
row_019297,0.03566955038326415
row_023665,0.01655908568698014
row_018751,0.03252977654427075
row_006728,0.0737402588287229
row_018288,0.96960210563151
row_003959,0.015717655345731007
row_011076,0.019770398971925264
row_022721,0.20277015008111088
row_037220,0.023007332468515846
row_032156,0.00676923311624156
row_004443,0.34315029032958044
row_036176,0.9827832559653653
row_009095,0.44958062703846485
row_040004,0.17314130059095847
row_041782,0.7178531667816999
row_004572,0.4599277201418299
row_007758,0.40784107739589615
row_022607,0.9926566480530962
row_019693,0.45060426811958654
row_029452,0.9628151195461078
row_047092,0.7310299742530026
row_011672,0.0038157973174229335
row_046508,0.03282498115995922
row_005103,0.015338286155771824
row_027431,0.0007013271927821336
row_026157,0.02753337027034812
row_024134,0.07431560885010231
row_013026,0.006472596917871335
row_002626,0.0019164221124572621
row_018602,0.0027974451255121263
row_004417,0.40827329078595803
row_007709,0.23041094424239877
row_027477,0.17917828298991326
row_037856,0.13604096299719415
row_007054,0.022611153640907575
row_022707,0.03874790505462229
row_040471,0.001980087964164214
row_018540,0.14173996134734512
row_006736,0.8047842426131516
row_004932,0.002119945295906339
row_026181,0.1217006197695041
row_000206,0.0005187960450152267
row_024385,0.027238789663322077
row_049600,0.01630114276044503
row_028730,0.558223143489485
row_010928,0.0020353659776650933
row_010952,0.2635692717891626
row_049872,0.018314592349473025
row_031803,0.9951690237228179
row_027374,0.03300843653979539
row_026490,0.8248613949018758
row_016440,0.0919265077489837
row_024795,0.0064223911326600725
row_015777,0.2878024857563738
row_034892,0.9924630762200909
row_049669,0.773595718200139
row_041128,0.4711832431602455
row_021734,0.014833539231408292
row_027033,0.08006858414364267
row_039816,0.3733079277910876
row_006455,0.10748562751157144
row_037030,0.7164463619355765
row_037431,0.004259161092752204
row_037789,0.08236759235230019
row_046893,0.07917316980307584
row_028667,0.3541897450478154
row_002716,0.6829388504504905
row_013845,0.019507953116952217
row_022208,0.9712928908958129
row_028626,0.07438029852390309
row_017363,0.03615641790770517
row_024268,0.051429186948324455
row_020875,0.013082133792770689
row_009458,0.007927518126897478
row_042432,0.2628189432712473
row_030148,0.0040656676797244775
row_014348,0.5925399099619574
row_029822,0.47994343246301746
row_021446,0.03586925808931003
row_030645,0.02326098999973826
row_034136,0.9953345867703144
row_007807,0.275280784127782
row_034545,0.008841820517637357
row_045663,0.05117782356323999
row_030769,0.6867846423527855
row_002704,0.003629792106410181
row_009623,0.04953607650162402
row_009066,0.015610863586348002
row_019887,0.036155487414775124
row_007255,0.32753226995465573
row_026475,0.6520679225709888
row_016831,0.0005201344324196398
row_019351,0.9619481141016021
row_046624,0.9158785659515276
row_015391,0.00387928196977924
row_030572,0.00039039331460393925
row_031289,0.10379218759186806
row_030293,0.005019334073439454
row_008849,0.0032889207589366603
row_000183,0.7094749124962252
row_016121,0.05378605625429715
row_012420,0.4760816691036178
row_049002,0.002787210477455792
row_045379,0.003594040648213893
row_006527,0.07842816740573036
row_027949,0.014651197902291448
row_029724,0.020791801308565852
row_033407,0.04769113775744266
row_043233,0.09517839781545454
row_024859,0.05171260083000205
row_006234,0.23468558312256857
row_015978,0.8667821887115674
row_038297,0.8809964412750071
row_043382,0.01603476275055638
row_001733,0.0450780448252766
row_040727,0.6485762201690805
row_011513,0.0010704648395555522
row_004461,0.019691440816792097
row_017044,0.0028218651105534802
row_037580,0.03217149227183236
row_023207,0.2657460393737327
row_043493,0.01454634562598129
row_036449,0.002990711430036951
row_022407,0.0017391842506999276
row_040503,0.004094337955303829
row_038491,0.07270986931205392
row_044389,0.09477791356407801
row_002683,0.2172135940848296
row_023231,0.15270048729426478
row_018937,0.09666067073984723
row_027175,0.003750943094569225
row_003873,4.6005916179281784e-05
row_010252,0.34283612125031865
row_007437,0.004076951577512721
row_003054,0.06923131738265033
row_001282,0.047478258401644026
row_006677,0.10763471911029097
row_006012,0.010976286479162375
row_022837,0.0020027184784990517
row_015319,0.884387676256595
row_027348,0.005490922633082448
row_038470,0.01863985604229554
row_034041,0.0002045427358690826
row_016401,0.5841473442989664
row_020337,0.07363499889490747
row_039248,0.00381703982240519
row_028991,0.0018717052933185838
row_009918,0.09316787211569107
row_041459,0.5728263884307682
row_037822,0.027386086782321684
row_038381,0.031246826763079542
row_023904,0.0019870608668207277
row_023921,0.06558442811677541
row_040728,0.00039818147060642563
row_019651,0.021126349277886505
row_043755,0.07110722879323769
row_049102,0.03196716168360891
row_002649,0.001439247693134344
row_021402,0.0026693692808416516
row_016437,0.0030856304659664167
row_039954,0.006120295860600942
row_005465,0.008130259930799289
row_022273,0.010469465490684584
row_000118,0.8380879030421757
row_041033,0.04796120839447821
row_018475,0.05014899689693874
row_009581,0.9309773471171117
row_023699,0.17065487707918411
row_026740,0.8839099920436062
row_042544,0.0028459441939836573
row_035451,0.045855760873055665
row_025587,0.12764210335915374
row_016782,0.023049310820404366
row_005931,0.011747039541050384
row_012545,0.013338084952713323
row_045048,0.021843251229454203
row_039706,0.029239345675961193
row_028240,0.44052740524545625
row_027469,0.3314165254261829
row_009383,0.023341844500240412
row_038255,0.9836767624737041
row_011451,0.019828072411726735
row_034699,0.005901727997944047
row_002141,0.025013834771225454
row_011184,0.827311833988697
row_045229,0.3466156820890717
row_013496,0.07359929556146169
row_043421,0.08724620229621942
row_022829,0.24321829949187324
row_036056,0.7001299219829573
row_009784,0.012751814452186726
row_006207,0.002164693002284733
row_026811,0.01770484214407901
row_003606,0.0017801997639404514
row_020655,0.0009609799237049335
row_029666,0.9647051322814401
row_038729,0.21502841358342212
row_023625,0.014243248714800776
row_025422,0.006155285323985244
row_019627,0.19419916206477136
row_012378,0.13651343018511553
row_032081,0.0032655488480511454
row_048909,0.003040994353362761
row_018339,0.0005642182711551674
row_049252,0.12107523699405462
row_042682,0.2961221584193946
row_012238,0.9999156888153498
row_015374,0.40188226473776195
row_016426,0.044111220614750216
row_008166,0.0008978013888193046
row_021576,0.008005486139383922
row_020187,0.029613132521813027
row_004667,0.011234899499091901
row_012371,0.5322081616426789
row_043072,0.026022021864309863
row_037203,0.7993849786539641
row_034088,0.043370277010757255
row_044056,0.3751421358849807
row_048438,0.006357688921212524
row_020293,0.0071447062259280035
row_043206,0.010243259196230347
row_048541,0.008258010154505053
row_043349,0.016766488014858916
row_027151,0.0006744692785445071
row_046541,0.002892115032303167
row_028082,0.018972774751364163
row_044679,0.024345315716723596
row_013398,0.14507495429627204
row_045777,0.002515731543229852
row_035981,0.9636709577171529
row_046391,0.6951697456909417
row_021116,0.009805463015238372
row_040263,0.10773610595601596
row_028734,0.9921851525645035
row_023746,0.1224854228426075
row_036633,0.017441655875612146
row_001205,0.03170408482295985
row_016509,0.03307956195722355
row_016430,0.004839753955508208
row_034106,0.9902936845201328
row_024686,0.8441249960450038
row_043664,0.9895532602789301
row_040601,0.8494390970374701
row_015151,0.0037767031803119253
row_029261,0.7447889075554655
row_007582,0.5339328205185131
row_047255,0.3065701210824446
row_004914,0.0503293445701993
row_003908,0.17788779162164475
row_003683,0.08825310668606309
row_031855,0.05040090103735134
row_001758,0.0856185419837012
row_002636,0.2511181466715675
row_041160,0.20916965175823704
row_049545,0.060787254342839235
row_009626,0.034240504282106995
row_007065,0.057479197831331666
row_020069,0.002827589825262285
row_006132,0.970505727164478
row_049519,0.032880142663328484
row_022516,0.35195248440756643
row_035244,0.8025528400221716
row_032934,0.8429878480339072
row_011007,0.0022192836236781498
row_027866,0.6723867208244415
row_038737,0.8968774941237997
row_019303,0.010053069118513175
row_012657,0.4705757822384788
row_037994,0.2789566576281567
row_043024,0.08856971270037736
row_033639,0.05285146370796974
row_022087,0.0005221116716559752
row_041241,0.0022884483341241296
row_026863,0.5961890639386987
row_033831,0.4319826200479203
row_030247,0.01687432310678027
row_042150,0.9937056794563087
row_036064,0.001392465568329542
row_013928,0.0003511796328616781
row_003368,0.005666231575644801
row_015562,0.6112295940435827
row_048528,0.7927482454032714
row_023553,0.5444028452971807
row_024904,0.003907584298837343
row_010314,0.009639115086761447
row_039323,0.008693669883221244
row_040495,0.05829235923192138
row_004879,0.9067145594186545
row_010956,0.0006662072860364589
row_020043,0.007485028323511965
row_036752,0.05648294887133619
row_024248,0.005994286524566337
row_012274,0.104668166271789
row_014280,0.05246685311474289
row_033091,0.04547342382940386
row_021796,0.13361416469217954
row_029520,0.23152094203183232
row_036979,0.9997618971283342
row_005856,0.0035954457129142308
row_023178,0.03432006949036648
row_029459,0.01270447249126478
row_013658,0.9837004980934612
row_034973,0.00046243685963556964
row_025728,0.06129990480803825
row_024052,0.029160681353654124
row_033047,0.19041270066116955
row_049489,0.10592593908722914
row_037088,0.045875108621566685
row_012398,0.1943094599696218
row_010027,0.0003617558100842822
row_001238,0.013195437163782147
row_041772,0.005743765180317934
row_038349,0.4111673873681095
row_042173,0.03183889947316416
row_033001,0.8082922343297883
row_023447,0.08890532086413146
row_022344,0.015900970289802602
row_047042,0.9889150056616889
row_017377,0.6867233260160797
row_019495,0.03312049294694148
row_031885,0.3462014215301419
row_030852,0.5751696578546287
row_014167,0.0070447434128851185
row_025910,0.0027222131391114366
row_048747,0.004874259457311526
row_009036,0.07337002883310802
row_023965,0.009066393869617386
row_011146,0.19889026395393578
row_021570,0.06991409454820509
row_005368,0.06109067202145307
row_011896,0.0072756961835245895
row_039736,0.21242925660042922
row_013378,0.18016629587058147
row_036108,0.0026458677638579835
row_033910,0.1405011660625141
row_046309,0.054099033680618684
row_013751,0.9647793841388121
row_036207,0.012301057210642468
row_018837,0.03318499658470397
row_016788,0.0065783189359067806
row_040420,0.5279121808293881
row_041671,0.5690243133126145
row_038992,0.12337150016970413
row_040679,0.0007610088737023853
row_045684,0.06990491804773072
row_031141,0.6179263063732205
row_031165,0.04719869762350043
row_015641,0.008844879557763457
row_034712,0.005303053462943925
row_027638,0.673918553584198
row_041925,0.09337816017096805
row_048229,0.011852339585068539
row_007792,0.4011649601523111
row_026259,0.44211654627365565
row_017123,0.013477586512034406
row_032771,0.6839621345133692
row_021289,0.9480274605648448
row_040419,0.28273839030832865
row_012337,0.039213413123400064
row_003674,0.0004297689567672286
row_011815,0.8090980453554144
row_037074,0.8085512153066229
row_035953,0.5035217015625579
row_000160,0.1798508115501189
row_010879,0.013412887562696117
row_009493,0.004855341370265002
row_007034,0.0983778303818592
row_020131,0.07226436407716129
row_049663,0.2400869467527378
row_049648,0.1601019915033136
row_014221,0.12097307017615029
row_044588,0.03356080933912692
row_024896,0.02516177109511553
row_034843,0.9948662251124681
row_005214,0.0011109506543797159
row_018025,0.026127427104576374
row_030342,0.931255787858458
row_019044,0.2503945303093918
row_043795,0.17010947333101215
row_006534,0.4314456843534528
row_025337,0.13305881035479963
row_036168,0.021989719505347678
row_035061,0.2514920514843131
row_044945,0.005906261163136697
row_018645,0.5212523769688817
row_001769,0.09030262037975571
row_037338,0.11490206579017259
row_011072,0.006361440550628149
row_008490,0.9143146655529697
row_032902,0.0031577553294656465
row_009135,0.0007869856318200668
row_029441,0.0016815884814393915
row_044605,0.00357992749574033
row_002053,0.22018750489446376
row_042311,0.03784239946068542
row_004390,0.014929340591952745
row_010572,0.9505773452297612
row_018165,0.00046975313526662776
row_034334,0.0014569988581222483
row_002629,0.3428739513515542
row_013144,0.12013347362648469
row_041176,0.009754584694234842
row_037158,0.06746805969930231
row_035371,0.07614811923455117
row_025796,0.45282143657018004
row_020784,0.003094644382915129
row_040826,0.4553384701942709
row_000305,0.014748463715784069
row_013736,0.03842956342094119
row_045721,0.058027412589094995
row_038463,0.53339916289306
row_024352,0.033889221895593534
row_046106,0.07415190220756032
row_039993,0.2205502532551488
row_014035,0.06601697663254207
row_020831,0.9917312164898446
row_031424,0.31392811175951385
row_001429,0.3440994550764757
row_005139,0.22736772365469335
row_027238,0.3205594951721816
row_012338,0.02827136723466318
row_038078,0.0019580807426876927
row_043705,0.05430728306011744
row_048016,0.01089919060979716
row_008422,0.06124783809218286
row_025965,0.001576130124566922
row_028212,0.9124087664913607
row_019108,0.41680455101802055
row_014560,0.5309009103016161
row_029098,0.4328414680226871
row_024042,0.0708545075251228
row_035261,0.007743517634725846
row_034490,0.004598378254578658
row_044723,0.41809851994699965
row_045493,0.2506001872854063
row_028914,0.007161148449757708
row_032834,0.011287880150347394
row_018063,0.012754128222084679
row_017909,0.009000618744697392
row_021290,0.005216756909979263
row_041968,0.17222135084545515
row_002556,0.0027418913109418567
row_008815,0.004619172220114144
row_026697,0.821275087986454
row_032630,0.0026672604608352956
row_022329,0.026051729601425645
row_006352,0.03517741656558876
row_005251,0.0026836373717896746
row_010067,0.00978832857559245
row_002463,0.03506866246221303
row_034034,0.6215027455680023
row_028236,0.07452283714056801
row_033638,0.00020472891556588103
row_015164,0.02021709636483135
row_026814,0.5295608520001734
row_045080,0.3525053442372592
row_012066,0.5720468525779977
row_030432,0.07344639688636931
row_046778,0.6652181777502254
row_017530,0.9955096306704084
row_001997,0.011422794685381385
row_033465,0.18777971347687203
row_010731,0.13336874423888587
row_025278,0.052174618271722366
row_026938,0.0009791249086457327
row_043384,0.36170014660156474
row_021532,0.06989593179158252
row_029193,0.3626244282213096
row_044068,0.010801622295426997
row_047841,0.004902074872819411
row_046520,0.39572460375420604
row_011902,0.19638840392880053
row_023456,0.036832017186992465
row_039454,0.031285349851476255
row_049190,0.0554542699974028
row_041612,0.060894631225487605
row_003811,0.04629337837623539
row_025732,0.9565513419273508
row_034605,0.5569132002616102
row_021173,0.0028482523028001035
row_008110,0.7363970772878854
row_041048,0.9335380234281732
row_015822,0.9915280734530745
row_032501,0.12544536055355712
row_025958,0.00030317829295827946
row_008822,0.03846660024297627
row_015326,0.9567146587262023
row_000396,0.3179074083615905
row_020370,0.03576114946539164
row_015244,0.045618693578774544
row_049874,0.013978734579547005
row_012699,0.0028045397598487165
row_001420,0.004272841993145105
row_045910,0.001624221839238601
row_033973,0.0002264117020639909
row_002449,0.007918529839991851
row_014066,0.007064386712535589
row_005479,0.999508216531471
row_012296,0.01320281999243761
row_001776,0.002464353648151797
row_024172,0.8655183504860104
row_014396,0.9998170606186262
row_015023,0.010228467116826883
row_036299,0.032926686558535256
row_034575,0.011239547509177219
row_040508,0.9999445803407734
row_017069,0.04443618426040844
row_033621,0.033459810975876275
row_026555,0.2097859843273826
row_007635,0.5617782285828419
row_014114,0.14218201956359344
row_024073,0.0016515337175025046
row_004106,0.9274325666291059
row_008845,0.7560499847657641
row_046805,0.220581631950346
row_019958,0.015172389026246874
row_005782,0.21129327791285615
row_036716,0.00944302654556245
row_044220,0.00245763979939203
row_011128,0.011854030106915889
row_014596,0.06216482845227976
row_037345,0.4094412938971621
row_038875,0.8496054211187141
row_038803,2.7232917717493882e-05
row_037274,0.00042904437985394713
row_027380,0.04671640971395492
row_011557,9.160183564984687e-05
row_022579,0.005352909919955025
row_044412,0.0005553605907618856
row_039414,0.006045680429558651
row_029273,0.13624236042465548
row_043114,0.00348108776777082
row_023620,0.3187428684804343
row_038991,0.023127449007667833
row_046841,0.29354045296473874
row_045232,0.07007119428238724
row_017084,0.97562266222211
row_032877,0.6748101585258625
row_025459,0.0004936025320799087
row_036531,0.034974762359606996
row_024883,0.40251409106146113
row_015100,0.9877506227037022
row_015680,0.1672187143817903
row_032819,0.0445608209904854
row_020666,0.23957785111527968
row_023911,0.09408683354128576
row_038004,0.03599596349631935
row_004507,0.04766037309181865
row_015315,0.22717313976851253
row_027109,0.4931180835107999
row_016005,0.013653004196533295
row_010345,0.4720993422900747
row_020457,0.0004736825839208054
row_047865,0.02975366330938709
row_015324,0.006901876575437424
row_038554,0.039578852081976854
row_014404,0.7113269248866148
row_029144,0.06839703536558234
row_045529,0.019542327337087412
row_040288,0.016472903489119065
row_029559,0.8908823744788144
row_006590,0.30321636172806743
row_021396,0.5339641037675962
row_019307,0.007605538621140113
row_005739,0.5369330009808326
row_002092,0.004301594925158213
row_019275,0.007354131690735697
row_001811,0.9863389713999656
row_045407,0.07134766213844637
row_025589,0.015236791978562465
row_027068,0.03767819224549031
row_048284,0.8755436183093435
row_038887,0.01568319496802693
row_007501,0.0012321586681696012
row_023934,0.6433139361839031
row_044193,0.0036068591740666097
row_013947,0.16094795696010158
row_022548,0.3149651070795138
row_025812,0.6706793760163937
row_012189,0.18530154060691514
row_000902,0.3739909801087928
row_034674,0.09657875847874918
row_033719,0.0003667044049317206
row_004500,0.008961255769445701
row_046384,0.8021932746298281
row_017376,0.393010087207652
row_013337,0.02605301224469556
row_019081,0.2557170709864368
row_022756,0.7338774810035009
row_047385,0.008213887487850782
row_026848,0.0037739317068382163
row_029325,0.032692019685267366
row_027933,0.033819554908178555
row_022085,0.12280850434881102
row_017456,0.030127676528476286
row_026104,0.9187991645007607
row_006019,0.05016493678225047
row_009888,0.09892409581003912
row_015543,0.49203564991624144
row_023956,0.37489767244954353
row_035561,0.001474437631633623
row_046228,0.7069256612758599
row_035486,0.037359220109311635
row_010547,0.029762397851203798
row_019489,0.04468400147346566
row_039348,0.01047147493699114
row_016751,0.0003212893469672747
row_043099,0.03325652955473667
row_020087,0.0023010466828466696
row_024153,0.9974124531606712
row_031469,0.04154744558971406
row_042428,0.15669322126394294
row_002338,0.052801959531927935
row_018509,0.029568355506642108
row_029570,0.603479646864115
row_006843,0.9428432648785997
row_032234,0.11249824549779101
row_013276,0.23127729001559127
row_012878,0.060748270516376456
row_021448,0.002820212379620149
row_035417,0.16985796241766307
row_001968,0.12182742098598551
row_000088,0.017909155001628763
row_019882,0.9998445151386918
row_005280,0.6265245732713519
row_038599,0.030746806187520084
row_040714,0.8455576403152271
row_014646,0.0018464881232198402
row_002341,0.10218748533249335
row_049312,0.19097363936152587
row_027416,0.010289836085430524
row_016306,0.002284973899341797
row_027838,0.39313639194910643
row_012291,0.004111866732023565
row_043363,0.3705624901773706
row_002674,0.8340170926372164
row_001558,0.03869965229058313
row_035500,0.44046123829419187
row_003251,0.00036083044051974945
row_032384,0.035537430035064946
row_020106,0.004601084204785426
row_006741,0.007858889949442586
row_028567,0.013064374053612647
row_047787,0.009206998536689387
row_048008,0.0008444173769914292
row_040809,0.03328657676615507
row_017603,0.054667483194592845
row_010762,0.2105899408801305
row_032617,0.6121722463356948
row_048135,0.007347429987107502
row_022362,0.9786988939512317
row_006348,0.08891373812211541
row_007201,0.0018822328739299865
row_018708,0.011403095547397872
row_039024,0.13385332673028663
row_025437,0.9951201489249665
row_033745,0.06466002116326783
row_036434,0.43093949909144763
row_039180,0.35711104258061493
row_002176,0.01840745845757863
row_048937,0.009932506620271335
row_001305,0.0025017131884243335
row_012702,0.011120903840860945
row_040464,0.22268359756898592
row_029092,0.938342169212756
row_023667,0.046528506894203826
row_009661,0.045940674553046
row_028766,0.8535387411426708
row_019231,0.2316280360730949
row_032552,0.0006569619159041012
row_019615,0.022128081364885973
row_002043,0.0008634512572246271
row_017766,0.9384592376718099
row_024891,0.9490966360365549
row_027105,0.23629064370165506
row_017498,0.014570268209674147
row_044893,0.09303337478571419
row_036230,0.03081152261600336
row_028683,0.9730456637297612
row_028931,0.005546344993302957
row_041416,0.04602093385642719
row_043722,0.0007301017876622336
row_000863,0.029370593463467917
row_040138,0.3466101032098446
row_001430,0.682719162704438
row_034323,0.8574879617585064
row_007482,0.03305400395181866
row_019184,0.12093457886193659
row_020486,0.004509680398636049
row_040467,0.02801569612280284
row_046256,0.21244363232754584
row_024654,0.30709750335001945
row_006332,0.0030025664996821216
row_047680,0.005871426609412062
row_032531,0.7094882785388418
row_048777,0.8047795110057598
row_017642,0.9946992325238155
row_001937,0.011314114398274249
row_010611,0.17917728998316576
row_007234,0.030796000799768287
row_040051,0.24879433693413344
row_042472,0.9979042710260204
row_043731,0.06652199445029043
row_043950,0.011763352204023973
row_019512,0.032924331046394306
row_007926,0.006175155814495985
row_015333,0.002200426169993607
row_017162,0.04650937020388921
row_031647,0.003986557220245149
row_017172,0.3383822544867425
row_010651,0.9999686252688832
row_019439,0.14898514128600424
row_049608,0.08230009215463513
row_011939,0.0002746590489791875
row_010812,0.0013094917290126446
row_022997,0.05017459783492236
row_004058,0.9793486489931009
row_023356,0.17691626668447027
row_015879,0.006945931471180172
row_016168,0.063671005676721
row_001507,0.00019723705578592792
row_043806,0.012603304312216346
row_043253,0.15010276262218633
row_002016,0.006385399639534526
row_049386,0.010757802777189482
row_046222,0.9742651740811646
row_040483,0.0013465360822879
row_003166,0.7459354002622832
row_005544,0.5549210797534349
row_018330,0.0031042839457884634
row_006309,0.16789134671913858
row_016602,0.89329781985114
row_003731,0.9699541643772254
row_002278,0.09597455358662177
row_022681,0.004291939106896561
row_047940,0.8870564190960275
row_006049,0.32050104622064535
row_006899,0.0061677501362407275
row_041583,0.9837291771762203
row_035066,0.00013625209769108716
row_014190,0.002700090560820662
row_032514,0.0474992040416021
row_021842,0.052614589656932026
row_009718,0.0036516959328893447
row_001134,0.7736450179387836
row_001105,0.02590210701536256
row_009230,0.029508696537751927
row_028371,0.00486118005670129
row_037635,0.2155247306556119
row_000099,0.36538731367272037
row_042088,0.278727932439352
row_044330,0.04371819982508285
row_041143,0.007780699122526668
row_037067,0.09706762530503557
row_036245,0.0018415687319926852
row_045723,0.0019242194028617494
row_035902,0.01707823580581554
row_037676,0.8972222338413729
row_016880,0.09722743583742086
row_007644,0.009300558042640586
row_029850,0.1779915999872145
row_002250,0.1910681794771299
row_000696,0.2197188071115657
row_036324,0.08597914774899747
row_017942,0.0035678255481059735
row_014015,0.004227844514766885
row_044062,0.04247506396928913
row_007383,0.41013462262883177
row_022220,0.26368016066455185
row_005160,0.00072015912100138
row_015622,0.19224283207509862
row_045921,0.1091279301130877
row_015363,0.6201780399330373
row_001977,0.010236648742915123
row_048633,0.0204096811242942
row_030584,0.0024152659643053203
row_036658,0.0073462618558504285
row_000590,0.017222781108366683
row_008544,0.028701263080938722
row_046263,0.016237702930854993
row_007419,0.12320647192626621
row_025662,0.070710175566636
row_013042,0.23282472001880755
row_047595,0.00178102773353081
row_014102,0.002078178208549643
row_028041,0.7792098059771191
row_025433,0.7694721308528015
row_011357,0.4505855728015837
row_048962,0.024249870913053147
row_025359,0.03177420073416278
row_037749,0.007970511118245236
row_017963,0.00011534175854578596
row_008215,0.10190817053549812
row_012979,0.7537597918303998
row_036970,0.015629329964741374
row_000520,0.06236291374584693
row_036952,0.10241230129301412
row_047900,0.04688375854019392
row_020564,0.08632640652065944
row_020107,0.0036942153008841364
row_000736,0.22774431115445132
row_029190,0.0016595123106382646
row_001343,0.004125333092544196
row_048049,0.029174077523047317
row_031655,0.008846877280130642
row_004965,0.08621298145503989
row_001446,0.642967885733205
row_005851,0.3364824720342551
row_024887,0.009105111796627739
row_024066,0.8665685403370459
row_027987,0.09199102395425995
row_049291,0.017648476792713735
row_020691,0.11458013132303102
row_037904,0.03458851893299124
row_035877,0.16931834824728534
row_001975,0.04823808886006805
row_019753,0.7955318295112289
row_030344,0.029001821979683835
row_030684,0.20920338336356645
row_026173,0.03823821319840512
row_033283,0.03251018019127975
row_037518,0.001661865542691147
row_014343,0.48980567317187546
row_024051,0.049192095645445126
row_027370,0.17048779462202865
row_049431,0.2805349798253422
row_034626,0.01061448314579823
row_037423,0.25967073011546316
row_030736,0.0010191113142858175
row_026195,0.9832835925988767
row_025372,0.007884337858388392
row_045778,0.2713050978075617
row_035975,0.703820246250267
row_038250,0.05243770950884076
row_043190,0.015774546882233512
row_013804,0.4201923641418861
row_021866,0.007559483313566253
row_026335,0.0023508987923873204
row_011247,0.015836917551769126
row_029561,0.006325374105320552
row_001221,0.18948951535900788
row_019891,0.0005530373223210275
row_000883,0.04639058268580188
row_040315,0.007860319435499603
row_027569,0.7752307639171827
row_016973,0.004588226321742794
row_032386,0.9888527999929264
row_030316,0.4469867631242645
row_043773,0.9547957797228039
row_019972,0.4010230273183047
row_006079,0.0007876760296264716
row_000533,0.0036155651216442618
row_025770,0.0008911640325765716
row_007363,0.005072284539483869
row_038144,0.0059910453540762834
row_014902,0.6184394187186463
row_035379,0.10212537859402766
row_016802,0.31222116160742786
row_010450,0.04581130905206134
row_040897,0.6365889165914281
row_011167,0.0021459936474259333
row_037090,0.029685274794359267
row_001926,0.007727140613880695
row_003345,0.38509335078077306
row_013137,0.06737998204933973
row_015538,0.0045856619355884075
row_032511,0.2977944247742426
row_047373,0.5099392651738887
row_014980,0.08180916722461133
row_040306,0.00024082403989508425
row_044633,0.00018869196459253464
row_013747,0.980327036624401
row_012612,0.02361066835980849
row_032572,0.0017912124748298197
row_013578,0.00844541422099326
row_033861,0.06068663554328783
row_002198,0.08212761738709984
row_046055,0.4128778180438099
row_035768,0.020995215720495165
row_045176,0.07002267927335984
row_007497,0.0007902430332328095
row_005622,0.8231224011429423
row_009470,0.17192501459619058
row_047153,0.0075932247598019245
row_036644,0.005559842228129807
row_042100,0.4480231905042186
row_028118,0.013913573825545629
row_035879,0.02769922140627995
row_023091,0.7106690555988611
row_044192,0.04031798643781996
row_041479,0.5831615981066437
row_030817,0.008528903291873178
row_020501,0.1783808432568376
row_045063,0.9850715176292499
row_009999,0.017397557827016488
row_022331,0.06797324333621216
row_008788,0.026296703912496947
row_026297,0.7489380963803172
row_046264,0.014254423799670122
row_039625,0.08486363080084336
row_003914,0.15856449285185648
row_041363,0.0005591920783995908
row_016927,0.006563994669068184
row_024592,0.777362035925211
row_033921,0.0027493673929273018
row_002387,0.009061553348391168
row_048264,0.005960222670224011
row_022706,0.02141490414697931
row_021250,0.33994992698137666
row_043590,0.427162375863383
row_007311,0.08044650851889786
row_030654,0.12467255865326825
row_030487,0.023515507179504933
row_016820,0.2716311485992823
row_032717,0.010024988076671007
row_019511,0.031380790989199776
row_045058,0.7122743876335235
row_049233,0.0012068353181199135
row_048950,0.03295075312776875
row_035136,0.14876374944009976
row_002179,0.07557713044896942
row_039208,0.01055773626293709
row_009039,0.9769000110708543
row_008959,0.7941638850022005
row_010080,0.8662065405514107
row_009422,0.07814199210527573
row_031584,0.0005407580989798431
row_037507,0.18080243391037593
row_003378,0.27392640893673326
row_038917,0.003057855900167592
row_016557,0.000561753301205629
row_028828,0.04146579782523542
row_003711,0.07640344937124897
row_049655,0.014135876506665672
row_011132,0.04227949977432405
row_026784,0.0031400631822115195
row_010195,0.22308554848464593
row_021737,0.3590151623481349
row_007237,0.04737902339505866
row_014180,0.2766020317038036
row_036448,0.22694764588180552
row_028208,0.18529727203410554
row_011704,0.01083588085036786
row_045481,0.0003690642287556582
row_049730,0.3025732440153735
row_031952,0.002697425688444727
row_018127,0.024998903152927965
row_016467,0.04758077154187834
row_007507,0.07837126479798988
row_012185,0.028139089661308802
row_040142,0.02299943721419322
row_002671,0.0591897120608839
row_049670,0.724288052737774
row_015032,0.6233328740694816
row_020516,0.6683906353723302
row_029712,0.12630208646525007
row_009266,0.14413618581348114
row_027654,0.01485088212142724
row_020589,0.1211409176902454
row_021078,0.01661967841934369
row_022049,0.14678008340366036
row_028373,0.8273469949636738
row_015428,0.02752204940348115
row_031769,0.5393622665343405
row_042232,0.28594718423806187
row_033618,0.006366099083255607
row_001042,0.6694146506719452
row_022326,0.24754735581182624
row_025844,0.06771405782204182
row_010780,0.014019250028127317
row_034436,0.002950962360231926
row_005023,0.5071652935389086
row_008136,0.018415660040768764
row_026681,0.01824438247268107
row_018407,0.0052952386018220365
row_005149,0.48767601764923224
row_026708,0.6281165566611163
row_049463,0.0038773425508096095
row_001645,0.006807244057153025
row_022724,0.0007353450651091729
row_049931,0.450159492876643
row_042421,0.37465121021197956
row_025025,0.4612998528705784
row_001012,0.4137966343226083
row_035075,0.5928887034478278
row_045187,0.1763400083886742
row_046773,0.010937255514351043
row_044747,0.010747005282942406
row_012096,0.6943593249006585
row_001018,0.17074024629078424
row_002408,0.022045620370209115
row_004326,0.96569038357792
row_033933,0.2014905999213072
row_026156,0.11968416784369384
row_037489,0.005707368516050152
row_005194,0.003552541240329357
row_039385,0.6849556029764277
row_028997,0.5030109611816453
row_026140,0.02680525220134876
row_042571,0.0361620739616317
row_034989,0.07933891346210423
row_049122,0.07185081827881876
row_034084,0.284533535098131
row_035711,0.9904212774373865
row_022749,0.9522398321056588
row_001588,0.009981212699478792
row_012414,0.3897780586222234
row_023743,0.4000428575235779
row_037642,0.9765613188560388
row_006856,0.0866935888199272
row_036296,0.12736853576301088
row_019626,0.06937342907287954
row_024970,0.2387385308621118
row_026805,0.5348693666390109
row_034648,0.03629732207329162
row_008938,0.03385402318051804
row_035643,0.0010470114625537033
row_006632,0.25796778322370056
row_017246,0.14610014562682797
row_031075,0.05535542303143516
row_045469,0.1552347665683261
row_041216,0.8913948912906994
row_030391,0.18758822604672942
row_041974,0.38850817706803603
row_012955,0.004981544525746963
row_044742,0.11626643991648032
row_031344,0.013580210310148251
row_038161,0.01770346465122606
row_044043,0.08402229223866696
row_029816,0.013257453672780415
row_016515,0.003109978974458162
row_032204,0.3557067899492326
row_003762,0.06358555313745827
row_019129,0.014710151412968034
row_029300,0.9434880035379777
row_042700,0.00220916956415489
row_042954,0.21425688125547024
row_049617,0.5865382736204495
row_004030,0.011876234913666532
row_025365,0.011963414230312497
row_044061,0.03991377480664186
row_029699,0.15841598141526828
row_038667,0.07754247120183762
row_022458,0.015740793424636548
row_011212,0.9654982053067199
row_022665,0.05607763578849638
row_010855,0.9881403622665437
row_036688,0.0013371725202119572
row_020211,6.604420107073502e-05
row_006451,0.0007713214851551208
row_040305,0.0007582609062257911
row_036132,0.23312108391227498
row_000298,0.011479087341367107
row_010145,0.09678631011363624
row_010729,0.9121405286436718
row_012251,0.027941329459835088
row_009219,0.35248838267535176
row_041124,0.2686594299400651
row_034598,0.016803949192975124
row_013829,0.11013598996111071
row_009414,0.8921304043644845
row_015237,0.0007035655952039289
row_040261,0.9540921646299745
row_037668,0.06850923763284458
row_003185,0.11448098297468778
row_022356,0.0749308584864201
row_032426,0.9562625778587838
row_044745,0.004813583840626186
row_044839,0.8119244213270128
row_042434,0.008496892899202262
row_038693,0.7427253289645925
row_040878,0.07291262899948468
row_036158,0.11395910047076568
row_046026,0.025535414607180805
row_021296,0.011064386425243591
row_000229,0.004908985075939765
row_035612,0.04908622101673643
row_019432,0.0365698023130123
row_041741,0.04295862763001157
row_015659,0.17750494304008338
row_009447,0.040752053861528185
row_042200,0.21577323775622864
row_006341,0.18706158820032856
row_018126,0.06249679038505113
row_018750,0.1869048332382729
row_027989,0.13323808204687548
row_005341,0.1433081300752128
row_016420,0.00637136460854223
row_005434,0.43858374676417183
row_029591,0.8556417264060142
row_041365,0.07124826110741367
row_044663,0.28194328525852885
row_034838,0.004713748618943201
row_027283,0.04976240403927668
row_046144,0.011221669657277195
row_043069,0.007770420798555793
row_043847,0.040478853206809266
row_017451,0.001034191897597951
row_037503,0.9853485108361446
row_022394,0.14309702033907123
row_000989,0.10482159708413831
row_005727,0.003486354471783072
row_020742,0.004563905055303981
row_041585,0.06804349006405296
row_038572,0.2590849044826012
row_015265,0.0009247505943307565
row_039114,0.002022679583939014
row_035685,0.15161739968501112
row_006092,0.0434379594191628
row_048970,0.006336838922657987
row_044397,0.14789452881818738
row_011623,0.9716775106378077
row_027082,0.019791866494649726
row_021157,0.0904116466804878
row_046576,0.05243937956582974
row_001233,0.009317621493403911
row_015938,0.004790534453523325
row_030714,0.019987340975037397
row_038172,0.04781072255051515
row_020231,0.0004663498617609235
row_005716,0.006333678669877184
row_033833,0.03211068252615085
row_045328,0.007132136622158837
row_025116,0.0368313609742612
row_019777,0.3982815158834781
row_039214,0.011978745258137281
row_008555,0.7387747041456686
row_033072,0.03374200931835535
row_029475,0.0733788968857142
row_036813,0.04347751284928473
row_026877,0.061753734010352376
row_024549,0.0667704913763807
row_035948,0.8116897910585537
row_024388,0.9125975312040687
row_045006,0.000492210111656376
row_034422,0.27417974762302644
row_014267,0.06493820362559292
row_000506,0.07542835763353249
row_013831,0.27886349035571484
row_006672,0.014462441348092
row_013698,0.5227704773403876
row_007031,0.09419754047770966
row_027823,0.0013935914929546292
row_043466,0.10615399930363707
row_022936,0.5083000131219196
row_010239,0.5189281259076103
row_027025,0.0035823533823285923
row_017227,0.007224378551377222
row_017000,0.0201592759089786
row_034487,0.5338893770269235
row_010272,0.3509361117089657
row_034081,0.02808109611822831
row_041071,0.9988677759696627
row_001093,0.008371668704213665
row_034941,0.0016663586519551855
row_039550,0.234634873146725
row_027244,0.418079863822695
row_041166,0.010217498911753784
row_015057,0.18243596265293155
row_040346,0.5708011866798133
row_012436,0.014656468760841444
row_031679,0.0031179960564343893
row_013869,0.012422513490932995
row_047517,0.09836990535704672
row_040712,0.11569168441275822
row_040512,0.06932341646585025
row_024295,0.05772704030878467
row_026528,0.09059852599635553
row_014460,0.11271990514308142
row_018003,0.1621528814980533
row_013005,0.03487173029598039
row_025982,0.003704348437644271
row_022316,0.1039293513203466
row_034888,0.1207598078679963
row_027961,0.03143311145697141
row_001904,0.00714407759772097
row_001655,0.0279250280256034
row_000092,0.4760400188399884
row_005709,0.009564027895596669
row_043289,0.06158446240138381
row_009291,0.0889892378919964
row_014985,0.7617325548177593
row_036461,0.9037551510565964
row_015349,0.11368875703574381
row_018867,0.9947206317550757
row_037031,0.027967570350419548
row_001158,0.021443527976323106
row_022373,0.6132746971787034
row_026669,0.9701006042032374
row_048342,0.7780370901424858
row_025362,0.009687541195889205
row_043637,0.024297465630142633
row_028127,0.0029139876246000685
row_009384,0.17596998368394776
row_045615,0.05206765758994906
row_009779,0.9962014696362271
row_039403,0.1628478690385889
row_035749,0.99764283161908
row_023079,0.02128260966626533
row_033527,0.041150505744581276
row_007072,0.020961374026919742
row_001247,0.42963054148753577
row_047200,0.014821050203573218
row_015179,0.0041213420638168
row_020624,0.24257110603505178
row_009686,0.0024051914624049287
row_028677,0.06873698437296435
row_035686,0.014830937233465444
row_046376,0.0020531955167047925
row_048702,0.007343142834342431
row_008579,0.05386998357204831
row_035050,0.004129393628703079
row_037416,0.019599617786625757
row_018514,0.009042263119425702
row_005221,0.008237961815728289
row_038864,0.9239097869452526
row_041948,0.0004465240761906382
row_021063,0.02496061688449498
row_039247,0.04547276806933086
row_017899,0.012032131687996534
row_003794,0.9991527948444231
row_010922,0.04514042769282877
row_039076,0.10420113051277204
row_047324,0.03137416616304342
row_008468,0.02856860507434901
row_010750,0.02305665352825972
row_041528,0.020503415582713645
row_024263,0.8961677764577611
row_031481,0.27329388142322614
row_024610,0.0028904722014621133
row_031496,0.024222743961795
row_000850,0.009976829384869537
row_026486,0.021848287161638374
row_028672,0.0038303648070516527
row_019246,0.0012640254327656861
row_022030,0.2635799560709868
row_033946,0.011854354734027822
row_024782,0.012091748201645762
row_049793,0.004995850380878622
row_025549,0.006223108597630906
row_023127,0.10855370440055145
row_029574,0.4019704503441215
row_026050,0.5821593261734118
row_004053,0.5465475489631484
row_014268,0.04981994134752422
row_034221,0.06175712216098843
row_047233,0.9638734366550162
row_039069,0.033532818894888246
row_046497,0.9783372578951678
row_025329,0.5160985939724252
row_020718,0.007986343317623209
row_000740,0.00037845873192681226
row_017348,0.00452195604982857
row_017536,0.5847314633545365
row_035419,0.03486099929770749
row_015377,0.011983941553837477
row_044550,0.020908683998253273
row_046146,0.9884259386255938
row_023196,0.0007654120061451071
row_010120,0.7745711913110149
row_030266,0.004929143199666172
row_020388,0.07427284448802322
row_000272,0.21100908901047158
row_004071,0.035924187741868216
row_011020,0.05217311730943805
row_004431,0.37635111192525
row_046620,0.0020884935930435182
row_002062,0.011539245912242159
row_031919,0.006282066053980654
row_032227,0.06197703712367494
row_004054,0.02014032912457228
row_045198,0.18798452540079114
row_032181,0.017381046404856992
row_046684,0.5960226979594552
row_008039,0.00036778127055389566
row_025275,0.02903021786438328
row_000336,0.34260985488245516
row_046695,0.003930647177677935
row_022231,0.006450411447486822
row_029294,0.01380115045506409
row_013325,0.7008629286277864
row_027147,0.45955364555279377
row_021457,0.31893056119665875
row_024186,0.9083949970806583
row_018091,0.07744037781616829
row_017466,0.0014382678480361088
row_001827,0.008381769376035107
row_029812,0.00937353036274555
row_039915,0.21465650940919656
row_045104,0.0022714503208044767
row_008567,0.3914046019638373
row_048168,0.030304142527717084
row_046997,0.9998154450219803
row_005783,0.16130557473125173
row_009208,0.9997290929905899
row_015294,0.0071376043069403495
row_002570,0.3803078690655518
row_005972,0.0004968324240749341
row_022495,0.021192204062156297
row_039202,0.049626099674910634
row_012026,0.02461898335985653
row_030267,0.09877690654745246
row_048842,0.02495036735406998
row_043952,0.035409343332996
row_015295,0.5127879683342419
row_018757,0.009423400804326146
row_022815,0.07467877492571118
row_026982,0.02537122091851812
row_001340,0.39222989894347854
row_037292,0.3095215616926824
row_013749,0.009156428301880437
row_023063,0.01439983181735045
row_026319,0.05624134366951991
row_015476,0.03381304473756734
row_027211,0.48571380700181915
row_031073,0.6984232422031016
row_038024,0.8782214107431251
row_016403,0.0175393692644626
row_042385,0.7783212157496645
row_026763,0.02014916725947248
row_002367,0.2472710176750957
row_034031,0.026722997305657473
row_002969,0.3419971207857266
row_028810,0.014796384991792717
row_041211,0.4471875049994869
row_033827,0.20557835148165043
row_029751,0.003504489970821711
row_042516,0.6272704433780174
row_045237,0.007627103623281948
row_018583,0.0020603666456326117
row_031236,0.759696758626014
row_046690,0.7704549201264719
row_029905,0.12578081322167986
row_022076,0.8352381638810429
row_013418,0.06719668295006566
row_031850,0.7274501034955513
row_036359,0.4767060038910531
row_035455,0.004880176663275381
row_029841,0.0012630072343023354
row_008686,0.00010309999941894831
row_045471,0.23118533294675814
row_006460,0.2522373303536657
row_018014,0.3308812127082169
row_007241,0.8233491595685407
row_029871,0.05735162458312678
row_020890,0.11228928351781135
row_029384,0.5299959763504635
row_043551,0.053182028239411
row_025685,0.4109150434415882
row_025924,0.8104545935752799
row_001790,0.5455560748850153
row_045016,0.08748530846131591
row_028109,0.17260811147792757
row_047808,0.40502791038836644
row_023491,0.18739162804525186
row_031853,0.020215187797848852
row_032451,0.008486021009559962
row_021344,0.23723197940781277
row_023302,0.39846313247743015
row_006063,0.6243548151209979
row_047148,0.10310572512131247
row_044146,0.002529522652516058
row_023731,0.005059127084913158
row_009161,0.004539135026321835
row_028616,0.010897006943599654
row_033676,0.060705553896823236
row_047599,0.004533499365582916
row_001123,0.7583126765120866
row_046942,0.012242686032005819
row_032806,0.21923338025309125
row_003920,0.1096609644009179
row_014254,0.9903297547033083
row_043042,0.08781006799556249
row_016045,0.9420715745450479
row_005059,0.2785481241847748
row_014392,0.005126257210060822
row_046370,0.001523137852864973
row_001414,0.04509553528968654
row_006252,0.0179568457148962
row_026565,0.05263706565167625
row_037641,0.04859405976444487
row_000495,0.024142200936965286
row_046911,0.4529817866847215
row_011859,0.02132756424042509
row_021424,0.0699293303398876
row_025803,0.9892366612643133
row_037396,0.11813092538112108
row_025131,0.03216666111173944
row_048978,0.23527884474909314
row_024265,0.006698998844619274
row_011974,0.0771241366956069
row_042023,0.001890345692106178
row_018267,0.020715358275522372
row_006111,0.0561675158419615
row_009684,0.0013738436931106678
row_016439,0.470449925690857
row_013819,0.2268208160286142
row_011181,0.05788500949657045
row_008946,0.10768404237761678
row_010558,0.01941904020283791
row_043775,0.3999885338958403
row_042300,0.7648565316300197
row_032144,0.0024058519081554264
row_006253,0.05941960783299048
row_039368,0.0011139467839037323
row_022165,0.052792150979925345
row_037357,0.009802148575030272
row_044558,0.03181831514266851
row_041838,0.06353903991922995
row_021933,0.9401845007816093
row_048092,0.03447603691350105
row_029768,0.9988951390945101
row_036458,0.007439147789657875
row_007090,0.004545012032110647
row_036335,0.0513846473229047
row_046203,0.08661190241066367
row_035155,0.03349729933291056
row_047858,0.020554366991453583
row_029236,0.011438236286086008
row_025635,0.24119196491117045
row_000286,0.09768415001938699
row_031453,0.9816997852019543
row_029851,0.9446848914834104
row_012270,0.7611415283812173
row_030318,0.1465564860142351
row_006559,0.00011978516852756258
row_033567,0.3167045302977394
row_000685,0.10912595622355545
row_036339,0.01864825227703024
row_011491,0.0013798021840759412
row_012457,0.18066146076143047
row_011885,0.6568704237593084
row_044060,0.015911600123710182
row_003108,0.024546359497628543
row_012203,0.01764113147321605
row_039243,0.13702776763440142
row_004376,0.2030739164075234
row_018786,0.9992928491621157
row_006469,0.018329266437148384
row_048166,0.15524576168695936
row_024526,0.0009858179302537143
row_037287,0.07566761618517903
row_038472,0.04475949286918062
row_012148,0.0659057558003245
row_017146,0.011771558605594335
row_007275,0.014412028338349881
row_022748,0.023042852744121534
row_043063,0.06459167512522382
row_018853,0.12867439868539204
row_036826,0.049522370601287904
row_008317,0.16349532497038477
row_027014,0.07162931219519787
row_030249,0.9004198215494449
row_027461,0.036146133037675054
row_029250,0.6599531391160359
row_025693,0.9985787645727312
row_038466,0.5914180214635898
row_000580,0.00021664555041667953
row_024014,0.023954824545524625
row_012267,0.005409428691051729
row_012579,0.393744722091971
row_027228,0.015444447360882019
row_039261,0.07852727596295625
row_039419,0.06678936986399107
row_031861,0.0480842286832167
row_036510,0.011066891394343527
row_022314,0.09702306374525904
row_018316,0.016474664938960028
row_027045,0.8467635012164028
row_003338,0.5085430743841758
row_035765,0.029070552004609382
row_047424,0.032411815976007834
row_036367,0.2464649408128759
row_018985,0.7752945993904542
row_013673,0.9562935157514362
row_035819,0.5500663832530746
row_017795,0.009772293315651838
row_015888,0.026812767768271413
row_038488,0.009871324153930962
row_011196,0.1601854574535035
row_041299,0.11418133819390813
row_004432,0.2692956627900583
row_032412,0.6929694469719443
row_049202,0.6261166350154401
row_024781,0.0004842143723189866
row_004381,0.0007599928457955733
row_008767,0.097359581197885
row_002110,0.023378134850740973
row_016130,0.06187059328767644
row_039971,0.1291210399855289
row_026291,0.0028108993121736593
row_009022,0.07601296370104887
row_039712,0.16952440160236443
row_045169,0.018558125293605156
row_004290,0.009602470230466611
row_008883,0.0013225581694549981
row_036107,0.054503384208105396
row_034451,0.08183309698987953
row_007300,0.00038133929025607895
row_031448,0.007251324498999262
row_011882,0.008868716013867054
row_042810,0.4831164570080188
row_009978,0.004282168001184651
row_031354,0.3770105738120616
row_047823,0.792494864350079
row_028525,0.9815730852739086
row_017654,0.028832109988663968
row_009478,0.8753872142933576
row_030828,0.3365952999333059
row_047811,0.009942922607950568
row_046459,0.018825917608172028
row_036274,0.5868163299781759
row_049865,0.005226317259238942
row_021927,0.015774588865542966
row_024990,0.24290076007170014
row_021620,0.0028307926838272374
row_034470,0.08437747951989037
row_046539,0.08538945940823572
row_016850,0.014778435419731435
row_034115,0.8163082622941795
row_027935,0.0028026376669279137
row_005793,0.1989208978581895
row_012620,0.0010227216201593838
row_041343,0.05219987809424494
row_039978,0.24059969541515738
row_019699,0.19826218154396313
row_040724,0.007203187828893918
row_010575,0.26216377361254606
row_004177,0.03141967336529655
row_004168,0.0022430577234920646
row_024412,0.11115916078402702
row_029267,0.0030406077979653677
row_009494,0.2693799241850427
row_033123,0.144050727343737
row_027869,0.14766660913646987
row_022960,0.46252325884839
row_018897,0.5873983656835358
row_022750,0.04498706896238727
row_006861,0.38201309060304584
row_040628,0.00067377825926758
row_021090,0.17478833776032404
row_039626,0.018888747915332085
row_028121,0.3197700775515724
row_036546,0.18338100793674564
row_026950,0.0048559967863202776
row_035270,0.0007666619660423413
row_012721,0.0033968328090583926
row_037259,0.04036091533438248
row_002890,0.006534637179872479
row_005033,0.29962207977762717
row_021952,0.013184543673045826
row_017945,0.861226913133325
row_020572,0.937295312176271
row_046746,0.00440094321336712
row_017533,0.03417471555377871
row_007494,0.3705246788744589
row_003952,0.6298754398744848
row_006702,0.0006402249394416975
row_022970,0.004203747293528744
row_035402,0.028383369412090253
row_036626,0.0890572085755793
row_011472,0.35359561165616366
row_045363,0.7877368470065765
row_030433,0.3905549348422764
row_002992,0.522238427410981
row_039077,0.07500980813225086
row_014072,0.013056770743484682
row_021092,0.012961813432933292
row_015835,0.29336510382086545
row_012134,0.263353832309401
row_029436,0.9962062409117698
row_020443,0.00746595954830677
row_036372,0.030156502984036222
row_017926,0.008541314339484867
row_027236,0.5704133771152372
row_016642,0.004620944051437536
row_007341,0.00450756767213628
row_013455,0.5301819137204293
row_023437,0.4374458317396804
row_010939,0.011620145737841349
row_000833,0.10179669983411684
row_042301,0.38798052703159375
row_002423,0.07347488575339302
row_047482,0.002323135188299138
row_019799,0.5033675065808997
row_025555,0.27912189059495945
row_023188,0.08624343683262037
row_035358,0.9844445338694661
row_006617,0.0685536751017961
row_020135,0.780462735002662
row_032625,0.8546166227881107
row_048237,0.07130571952799566
row_000496,0.13099634019918382
row_004528,0.022693458422880508
row_000021,0.0994551452115416
row_006471,0.1940110707459518
row_022419,0.4917197868681294
row_016803,0.012955883359991585
row_000944,0.007080599306346186
row_031031,0.037697193217516786
row_007305,0.6599472220509714
row_005976,0.9238654285245367
row_032315,0.08588949503265944
row_023808,0.3939252332460675
row_006925,0.05015715118183766
row_042559,0.008831623874198604
row_032142,0.058917331452756384
row_025828,0.041609506939180335
row_008304,0.00015403681696307876
row_029630,0.09699268329865911
row_009017,0.051488277246836585
row_023592,0.6072766581655255
row_014964,0.015237765150923331
row_030437,0.4302573269466716
row_000324,0.12508954204606393
row_032482,0.30108264287324404
row_038709,0.04494037181064122
row_004042,0.11686121710848558
row_040999,0.6353625033174785
row_017508,0.5009656878154072
row_044685,0.9939192159280245
row_030846,5.3802934463378047e-05
row_000462,0.012085975987995037
row_019237,0.001469817942225316
row_036851,0.029700307955844166
row_043301,0.02530056400523767
row_027320,0.029107536716683858
row_022841,0.058224298119550974
row_017148,0.11959939144868234
row_031550,4.64323513868788e-05
row_040013,0.31037984748419817
row_020233,0.026590479716678554
row_047364,0.6052312941270471
row_037536,0.9886476109542908
row_039721,0.15545427023662572
row_012070,0.010205041251714248
row_021617,0.6800768192022848
row_025361,0.1680342193291143
row_037878,0.018033863356460136
row_043234,0.047778778107333754
row_009150,0.7602235501532428
row_046862,0.016153953262835894
row_022950,0.025386379842584864
row_040732,0.05889967567671553
row_019981,0.0569765754269377
row_036967,0.17884397924441417
row_038559,0.04355077306524022
row_049149,0.16097958166145188
row_006382,0.5980703755147617
row_038929,0.10353181770032904
row_029720,0.06711540342631259
row_044933,0.41001580788780684
row_029505,0.47631733743653504
row_040446,0.6502514394736144
row_035631,0.9606235689357728
row_022701,0.35187979805216085
row_049265,0.06041518080985861
row_024157,0.2278345445950249
row_035072,0.25645258926256004
row_033263,0.003340952791687943
row_006765,0.18164609081695932
row_039986,0.049917908227515864
row_046122,0.7368245218131177
row_003637,0.25853862290340457
row_025560,0.5024609042995561
row_039438,0.0023749055361548263
row_049439,0.008073855487483622
row_009976,0.59172631090458
row_045380,0.13835528690022092
row_008963,0.0214542744975343
row_001620,0.11699553183857445
row_048091,0.43310980218716216
row_025262,0.015473183976602864
row_008400,0.26509985168296235
row_020198,0.8738302684449183
row_023955,0.032355783979826414
row_026532,0.4227882457399971
row_022833,0.9526891175119074
row_002310,0.05191820227038871
row_000679,0.015704280671732313
row_006230,0.019720491786411023
row_010929,0.02764062996095938
row_046131,0.006526952295955172
row_031591,0.7253957855273357
row_024774,0.38760525096578524
row_032675,0.8753828928626973
row_027239,0.15981880107509283
row_000892,0.012064102634190277
row_001377,0.019269757422965945
row_024858,0.12644843789194435
row_030711,0.46608320253979557
row_026505,0.01059462034384401
row_013409,0.029484210841698208
row_006862,0.08940210074709302
row_047649,0.11687564142821721
row_035859,0.25248070436265435
row_047984,0.003503522927856249
row_024110,0.0500935585403395
row_036635,0.28254458124316273
row_002900,0.010687312238932137
row_004695,0.13562008117028457
row_024206,0.7454184566962588
row_003479,0.07762386722364968
row_045355,0.002013428755940547
row_047905,0.09201158719253832
row_006443,0.0032636336407767747
row_012394,0.3170251980975041
row_012384,0.06387733370753126
row_042962,0.10701285608545617
row_037971,0.7139659369981707
row_039212,0.057339793162762887
row_035156,0.007246298232825978
row_023017,0.0017394330132376457
row_047316,0.003096607668733636
row_006903,0.7153110045719654
row_033746,0.0248573442030989
row_048991,0.0052876929318200405
row_048968,0.19036236249448307
row_004346,0.977791196322419
row_000759,0.7393197584654383
row_026881,0.013837234754554357
row_030286,0.0019492493367715173
row_026731,0.10115041948983222
row_021941,0.002511557016844316
row_001281,0.06703132856345492
row_012505,0.0104413511841626
row_015523,0.024720428516841118
row_042323,0.16128097558102733
row_017885,0.01834170222593394
row_041779,0.06191707620316499
row_049736,0.08678312334901758
row_000024,0.05555175680589633
row_046042,0.48085857743029886
row_024951,0.8472590967042417
row_011375,0.04593193996709678
row_002333,0.03721583569924167
row_006533,0.04612382607651517
row_028732,0.1906370077900402
row_018601,0.18423826322000736
row_004690,0.5977809037307305
row_049153,0.2868558956512773
row_019532,0.0032105782733206478
row_036396,0.27656391196955415
row_043978,0.002781585604473497
row_039899,0.6594977940985738
row_030523,0.027251074162631846
row_035705,0.22563123141657954
row_005209,0.04928806145910432
row_020536,0.0357885320400555
row_021012,0.3352732618210645
row_008139,0.5688826657881004
row_009924,0.3871677267896873
row_016867,5.354070680873538e-05
row_025986,0.033108382850623785
row_014883,0.15177659018513978
row_001391,0.021663748399502154
row_048839,0.9906327060342278
row_036647,0.3644024579861724
row_009927,0.07640060441941356
row_010701,0.006417842977452108
row_015942,0.652738693634176
row_011795,0.29120835132818795
row_036823,0.014447272984106165
row_018679,0.003956446284688178
row_027015,0.7188766011237143
row_015773,0.00889542117442189
row_023496,0.7539764767790768
row_039224,0.008893782753883025
row_016125,0.03404672231145201
row_033158,0.09149956232270332
row_029182,0.0098243182610335
row_045418,0.129966899817185
row_015586,0.0007785637672404228
row_029275,0.015094181130921116
row_005319,0.8829474252427866
row_042540,0.5673641770895997
row_039994,0.08782833098876869
row_048718,0.03914058042111142
row_005463,0.00505657611921878
row_009916,0.055852702799469085
row_019165,0.00273774751267727
row_046551,0.077205474213328
row_047786,0.0011875878401984312
row_031470,0.25141778896313854
row_026261,0.001435624301591324
row_025613,0.0004557119093073894
row_019504,0.0008062783994301233
row_033692,0.6797162213827486
row_041485,0.07583972246696528
row_014420,0.009810003379878598
row_009855,0.3906018922725244
row_049444,0.9644694534976005
row_025820,0.7625548485102142
row_049129,0.1912289912991914
row_031922,0.04765432970078334
row_044138,0.7770839348421917
row_027328,0.005678938386745596
row_029303,0.011036805748823826
row_027603,0.0548118227400987
row_035251,0.06895833554615138
row_013452,0.23441318325598837
row_009602,0.20458571073353585
row_018398,0.001519371310432373
row_049077,0.6751401892289913
row_007756,0.6839985601487595
row_038940,0.0009219801138321826
row_042004,0.0038535648640810375
row_000627,0.16477421074091575
row_028652,0.046367019754492096
row_003022,0.0006085985263996469
row_024766,0.1346479360629769
row_048831,0.006556344987906377
row_014758,0.001042630371781371
row_049457,0.00650435558819963
row_009969,0.008918116581545706
row_013606,0.0044850731423925864
row_001424,0.06633831485192607
row_049539,0.11603748431286624
row_018845,0.017555939629421303
row_029242,0.000810134456486812
row_025591,0.07639689008591942
row_047309,0.005297099669229984
row_009294,0.08724483798453148
row_049615,0.04337149700017444
row_019752,0.013971941970670747
row_014937,0.009401040057710192
row_049217,0.9182506413811284
row_016887,0.5167096036229032
row_006321,0.9982340763622715
row_025860,0.00038387396903208045
row_019073,0.024527038370519953
row_012920,0.9719303771035166
row_011568,0.02188818715905047
row_037320,0.02915432798642106
row_046674,0.014374710133623738
row_008333,0.3185633075888898
row_019544,0.0068208429313293415
row_003621,0.12992751574994008
row_043480,0.002618832324878569
row_022580,0.4434771195420096
row_035890,0.05121562834145135
row_002561,0.9782299567560849
row_015150,0.01034385123906805
row_029485,0.014211919266067298
row_044799,0.0003284366426062042
row_023126,0.0017703724083329596
row_018619,0.0014837182780518881
row_001121,0.00025019985623097674
row_018720,0.1497178414985199
row_007995,0.012110961140501426
row_019325,0.02015827369201812
row_032699,0.06000770353819529
row_007638,0.24605027483010244
row_029902,0.010229040326708764
row_037341,0.9843491811849797
row_008061,0.4506942318979819
row_008432,0.01580509466831474
row_005804,0.24578660638499994
row_015723,0.12850647350860414
row_000603,0.021964007593376828
row_007815,0.08158651812653545
row_026336,0.0019015199560437912
row_020442,0.2003119166642223
row_003458,0.03350943135475605
row_041999,0.017641323523992624
row_048507,0.0015032343334809488
row_018024,0.7340831552278252
row_038666,0.18121708309886392
row_010113,0.05125010210565169
row_017304,0.0018142301880555499
row_013931,0.058957914496639986
row_011010,0.12722771449275289
row_017076,0.10547679628112097
row_028845,5.365309998876277e-05
row_020657,0.23329439172486194
row_047109,0.00021359634183338604
row_009305,0.013684263467934148
row_013338,0.00020012263423767432
row_035088,0.03442816027614934
row_018411,0.06511324023994963
row_046725,0.027361601109277357
row_021436,0.019556513490390837
row_004711,0.039650277999998276
row_047163,0.01614315631042156
row_023020,0.007208435390110141
row_029313,0.32300325028856913
row_015231,0.03245705303514366
row_037381,0.02197732373304673
row_017933,0.04205103990075674
row_043625,0.01882876085126291
row_045928,0.12577854906132427
row_035014,0.022644640442129806
row_004003,0.10622304202672084
row_035245,0.0048393517134015795
row_022046,0.12988533393207538
row_003382,0.009022757569251723
row_013122,0.004105715117939262
row_034670,0.0404304993655963
row_028636,0.03118878721760005
row_046902,0.0035061013711417655
row_044499,0.0002716268632289415
row_022523,0.003959290931301844
row_007154,0.011702154090848828
row_007014,0.7661064047630508
row_009221,0.004981700645506557
row_042644,0.11258192754362321
row_034781,0.0420895379130753
row_015097,0.006235768738920889
row_007129,0.042538409927654924
row_023439,0.12850910688201705
row_007328,0.8786445886062781
row_019462,0.010303980143008621
row_037680,0.39772420180432905
row_043252,0.9881580923046631
row_006997,0.003615226404706167
row_037434,0.1531870312655682
row_045823,0.006542837095569632
row_034824,0.010582025441998476
row_019619,0.1437305718188554
row_027085,0.6011766489470864
row_016182,0.13059950262956396
row_023569,0.13104074162667462
row_021346,0.09245762905021053
row_002813,0.05525278976123362
row_014169,0.1436106281600996
row_033374,0.006653165128167426
row_045738,0.15263336984682258
row_012396,0.02316902736447892
row_025778,0.23127802600116013
row_041945,0.4031167221216791
row_043503,0.812548912578044
row_044553,0.002053049073296976
row_014603,0.216282973033875
row_004044,0.3824893826267988
row_007777,0.023333381332971293
row_018803,0.17257322394310173
row_049762,0.005953733106602154
row_012489,0.005666702020508896
row_034319,0.003531132684529664
row_033519,0.09338173001391178
row_048830,0.018248332113426774
row_045123,0.40892866790980503
row_016746,0.258396174351879
row_020507,0.0988262518550253
row_014329,0.17548029389603673
row_000558,0.8168403178664275
row_037367,0.00023922774805395044
row_044739,0.26394092923972146
row_038948,0.00419230099426331
row_009097,0.10083940936857062
row_031216,0.06061549552338674
row_017599,0.009371658318376037
row_006065,0.03467964736497503
row_014528,0.47106353165141246
row_021139,0.019638700159512936
row_023051,0.9109069772106452
row_029661,0.05465393103814396
row_028563,0.6735230903372146
row_044721,0.0027228659854079793
row_021153,0.060292443972778054
row_005540,0.017357860675695575
row_045877,0.14617614932392858
row_040661,0.08547561403440435
row_044636,0.5875146858772622
row_036623,0.9976247905798609
row_047933,0.0011575193473185685
row_028748,0.08865168097110768
row_018542,0.9323230483378653
row_009782,0.02742169515382105
row_023942,0.9999579936265106
row_030958,0.20838830395616273
row_032105,0.03541234023335868
row_032028,0.010744805765258608
row_021740,0.005261254995560461
row_008923,0.15571585248199335
row_027108,0.2624077672302894
row_023376,0.002598821576211584
row_021097,0.0034690809013512044
row_046639,0.022150040277598516
row_040859,0.09797318967746428
row_024061,0.03376665844999606
row_021777,0.9731702398136011
row_036948,0.1707237302050239
row_033934,0.03838088574561539
row_024007,0.057982065680915726
row_027498,0.007154880370064263
row_024313,0.874335653949473
row_045843,0.3910635539793793
row_046180,0.32431543457881956
row_042519,0.6383673772241795
row_032321,0.016088248615814097
row_018728,0.11058823227806833
row_034456,0.0010014802022459224
row_018635,0.07662970094998336
row_028246,0.034234004578999055
row_041750,0.18259360560436796
row_006228,0.30339805797827574
row_008211,0.19645535330331299
row_040494,0.0011290479811129816
row_039829,0.11249327000916337
row_047801,0.31016238010917946
row_021433,0.005381137341788539
row_011299,0.8522140508031385
row_008256,0.5489462268802368
row_038753,0.20384700007727144
row_029805,0.008325716764792612
row_027203,0.9051887663730597
row_036863,0.17676517470129208
row_022289,0.0032126806922294503
row_013865,0.05574910424344001
row_013850,0.034088149563147034
row_002696,0.023206141324982537
row_039755,0.06007345207033664
row_029195,0.041960102132907795
row_049080,0.04727583375450092
row_010225,0.1416111892407151
row_046193,0.20601685337641099
row_024715,0.019999348489620428
row_037340,0.0017048274470152537
row_010593,0.7554807185497606
row_020794,0.0008523853578418658
row_027984,0.08417668929783363
row_029048,0.2982338181290178
row_046955,0.00722846849528368
row_004348,0.025462799225332802
row_029431,0.8519208238385592
row_004330,0.008213986562275477
row_008710,0.0013498686658572723
row_008790,0.5083885546694432
row_035557,0.012243485339613832
row_022368,0.9943013405654436
row_011235,0.0007819514412736692
row_011111,0.13083771290458812
row_011260,0.011415864744879267
row_017295,0.004863814525596456
row_021263,0.22469820761097586
row_004305,0.1668913601365643
row_000356,0.3513980298328067
row_030408,0.28198247928206027
row_015287,0.004364888966755354
row_037849,0.05795038029857322
row_047043,0.006353807335304896
row_006425,0.06072264311200224
row_004926,0.2880483226510703
row_019900,0.0902910929530257
row_045098,0.006836940948581921
row_009490,0.00010953877036397035
row_038338,0.09584959777820455
row_034062,0.5948682829121025
row_045633,0.009020273212769013
row_013868,0.2055741179824554
row_043054,0.06750070046223233
row_043019,0.024457077809733687
row_010698,0.0006384671473863626
row_035801,0.01358903554332655
row_038118,0.41210981669228997
row_044903,0.13258642672921572
row_043007,0.009308282384376358
row_004835,0.06761895951583581
row_003658,0.7081977768528896
row_025608,0.06614632546462074
row_040129,0.014806571661525967
row_031986,0.10767218927850368
row_048053,0.019942318066393867
row_049346,0.022387510924130216
row_009545,0.1480023615358803
row_020044,0.3245333066538882
row_016200,0.001935616732429182
row_029747,0.16478545436000067
row_020729,0.010339656750288806
row_034417,0.018538671444440817
row_036074,0.17189731017651316
row_000843,0.011905038772914453
row_028760,0.016535913844186362
row_041306,0.0866312772013728
row_049394,0.7389929299643763
row_019030,0.9677377905107057
row_038245,0.672840792405632
row_018408,0.011860142019436788
row_044523,0.39214744027445037
row_044453,0.0461386741494641
row_005120,0.09301865850870843
row_002876,0.9826786141559296
row_028896,0.02538631495783674
row_004584,0.10271833639843025
row_022182,0.013800097544250992
row_020308,0.012637422249582196
row_018617,0.0630894339816683
row_035420,0.0024752194943679718
row_028547,0.1507944898072613
row_023172,0.6490899753345533
row_038533,0.1479188421806189
row_031315,0.0041100096877888445
row_031576,0.3134226319480158
row_023800,0.007531461909145468
row_045053,0.5973433224078196
row_021307,0.5207317034534323
row_037157,0.0022203917180718597
row_045425,0.4854728118185015
row_011296,0.011900532644108543
row_012824,0.6477405559605408
row_011847,0.0019193069239347648
row_048917,0.175819612472021
row_034116,0.5665229153579927
row_041942,0.5406801969026069
row_041728,0.00035434061144890553
row_029654,0.0021966806778096148
row_045806,0.0902653178884012
row_005789,0.015856047269956004
row_036880,0.10785943353584829
row_005963,0.6110596693018143
row_008696,0.23340261066182447
row_048935,0.8493086382376459
row_026425,0.9952814905040452
row_012258,0.3022245819265768
row_017667,0.20513262357452075
row_026495,0.05429934976187164
row_031954,0.12166847618379019
row_002366,0.372592602975976
row_034053,0.005632922988255517
row_035053,0.006812897418978371
row_044053,0.0107400766753917
row_041930,0.9481454000321332
row_039687,0.00023863013305485303
row_032723,0.10020024771648534
row_012597,0.12244869667838035
row_043961,0.0008222200135736304
row_030767,0.013667384616718495
row_037268,0.008411044793419916
row_030348,0.004622518286989563
row_006031,0.07161756982008054
row_030847,0.6677454387636901
row_015116,0.1363778231592137
row_002565,0.07558537702612425
row_020995,0.06460756266464145
row_007411,0.00899195129728771
row_023323,0.025274097484616606
row_009109,0.0044510921481391895
row_030511,0.18235837346919506
row_019069,0.29528547285478524
row_001428,0.024482137328903145
row_003533,0.3382804166310619
row_004823,0.11419687991456844
row_013833,0.05446232251643145
row_001184,0.967503288741668
row_019857,0.9033613579959086
row_015607,0.0890062133332247
row_026717,0.037209610167124624
row_042759,0.01273433788982055
row_031136,0.009908361986716161
row_005577,0.005808708424684066
row_017375,0.16245588889506868
row_009047,0.4066918298301306
row_002438,0.5594702987297115
row_027970,0.12764370929648874
row_014063,0.1384655415217273
row_010329,0.07330958186238266
row_043167,0.021922108029770952
row_036581,0.03860472438778851
row_024259,0.0046693652829568645
row_026037,0.044956788265653316
row_034707,0.012396217070245871
row_014772,0.19980394852650268
row_041589,0.16390221753604
row_028160,0.01209544253938327
row_043208,0.010934341888411097
row_016623,0.029053848289811213
row_029502,0.00024871916682248313
row_013451,0.7503083527163585
row_012020,0.0359462517022861
row_042792,0.004726134324439031
row_005752,0.8448974190910881
row_017214,0.0006015121206786847
row_044804,0.7874418834366028
row_027127,0.0035962417834596275
row_021276,0.008864426850324259
row_044699,0.9984651766013389
row_042579,0.036817234720566305
row_024984,0.025696846575369366
row_028713,0.47988799519934777
row_003332,0.0016929472639979392
row_015044,0.006097530917303901
row_018049,0.0704634616366958
row_045368,0.6365617877220519
row_025928,0.6714839573230927
row_009555,0.31063516171106276
row_048250,0.380845000542073
row_015798,0.07317924944896566
row_016273,0.007861470855912643
row_012402,0.000624019269143947
row_008410,0.017682187126941838
row_001000,0.05281316324743475
row_031749,0.0014099124760743344
row_049131,0.4459045181820321
row_013223,0.0018435958677645726
row_015371,0.03281449732955566
row_008836,0.2596637356689142
row_014129,0.00689467974784695
row_035144,0.9984330772889567
row_039240,0.877753505741121
row_020144,0.09272801389365999
row_005188,0.48589595120143947
row_030275,0.0025118915566163676
row_021487,0.00480872118167014
row_043059,0.0010448998628797635
row_003694,0.1288938376260483
row_036351,0.46220375582970064
row_037974,0.025049831776721054
row_013786,0.006692061662845452
row_008414,0.002551199712406775
row_019833,0.048393270303584916
row_042037,0.600264823508365
row_011392,0.18899848352154952
row_040936,0.04065299490298012
row_004302,0.763020010490708
row_007962,0.058272346964559185
row_010823,0.002195392291739495
row_031623,0.13476602008579208
row_003565,0.013411352643582689
row_012573,0.024292211879896993
row_034210,0.01789207914024037
row_039700,0.008206058497470243
row_040825,0.010239174073829556
row_005420,0.010706834262037812
row_003446,0.127112622008514
row_047899,0.03824975053538418
row_006627,0.3110062403001043
row_029789,0.2645718231896627
row_041522,0.1568783781856329
row_010334,6.0749960060002415e-05
row_028501,0.019437018181406425
row_023619,0.03807748878127965
row_002679,0.002934476131344676
row_035982,0.003792550284002946
row_010727,0.035199257171238674
row_000640,0.561988069975764
row_041575,0.9523767032290601
row_030123,0.016644803876886473
row_024684,0.7098609650274877
row_014885,0.24841135975137194
row_030975,0.30815536939612015
row_010388,0.009511918689781275
row_006610,0.03786472163867242
row_016795,0.10281244107384507
row_002135,0.10810402091169054
row_021301,0.0067734396985760495
row_013630,0.003991098668058638
row_045154,0.12469651004798275
row_039892,0.4668283758870967
row_008692,0.9394378565973224
row_024160,0.11967701419425408
row_013159,0.0074927087195786665
row_013007,0.30718271192284885
row_049810,0.0584160861673792
row_046736,0.006555359002286237
row_022016,0.023604521953393676
row_020607,0.0184656990397045
row_037673,0.026293643010631293
row_038829,0.23915914712127123
row_027106,0.014279569648073764
row_008336,0.5702815571798991
row_044144,0.007403231481847712
row_011109,0.06313731104132139
row_014427,0.9787547217192533
row_026154,0.0026076237891396585
row_047689,0.563304627318502
row_004335,0.2213764250516815
row_029029,0.6400509995215276
row_001008,0.013907252192523882
row_047211,0.005362979326667188
row_000095,0.007941701934885114
row_034909,0.029911453149614794
row_007266,0.13948124921243477
row_008880,0.013520905310244481
row_022947,0.002162946027718585
row_029798,0.9817501599497888
row_012390,0.0004384830740748559
row_015825,0.05597211917694085
row_029807,0.0178215153183506
row_024553,0.0761552185006968
row_034716,0.004558773906005737
row_015662,0.005147403317546764
row_038857,0.004354995754992911
row_007745,0.013046103737229085
row_016454,0.09445693064738232
row_022009,0.9998700329212458
row_044234,0.08122389603709988
row_028802,0.06366052290235122
row_018192,0.009310955507321842
row_013099,0.5309780260133622
row_003285,0.18855717940345748
row_027423,0.8040332942262354
row_029748,0.02910211182190619
row_008978,0.6397723148562258
row_049267,0.0553318131007605
row_003682,0.999370499700475
row_033687,0.947194908810509
row_045582,0.25216560193812915
row_028952,0.6375696008989633
row_027936,0.9284895729899271
row_019058,0.015489256916309879
row_027403,0.022811717616636227
row_016894,0.0005485763465127352
row_011691,0.0028161264103748087
row_027952,0.4677445268643716
row_000242,0.5861757185797908
row_022899,0.010296604805905076
row_009951,0.004051048868933493
row_036527,0.03418811944884546
row_013781,0.013233047414828895
row_022987,0.4194614117025482
row_038503,0.006311826988004142
row_008080,0.181056935444344
row_021232,0.021606212381595664
row_011277,0.004570293568465321
row_037016,0.010164935678206932
row_049715,5.358699707166409e-05
row_045873,0.5345074653343937
row_003113,0.5316170700997201
row_025655,0.005989942276443151
row_019111,0.0009651948021939115
row_020139,0.03136968995838518
row_030641,0.023167873357567564
row_017402,0.0019128974800565494
row_002219,0.0070632298453655595
row_022406,0.006337359149785245
row_026939,0.005381223152380935
row_035235,0.26097181183421425
row_040430,0.19775078821739847
row_005371,0.32720019677584966
row_001094,0.4313512165066563
row_049987,0.03029833881397966
row_043859,0.16742717490986556
row_016514,0.04387575343891581
row_028352,0.5635769384746439
row_005736,0.017695473583436323
row_008533,0.02074009270100197
row_021759,0.06618920111356967
row_013447,0.13462644802178855
row_014179,0.00022799696127669676
row_004014,0.03419448799481274
row_033356,0.05850885402108961
row_021558,0.004572580564726651
row_036306,0.5179513362736397
row_034635,0.017848125414930045
row_040405,0.03476431220870468
row_000018,0.003858781017964547
row_028187,0.0035126491283653527
row_029317,0.0019077704109305032
row_034846,0.22232354739592702
row_005798,0.11872802930463909
row_018193,0.7632406534691164
row_040570,0.8588831690850621
row_046046,0.4170230429592888
row_019957,0.022342194719055936
row_049344,0.06086399104583845
row_032446,0.7133255136703264
row_019145,0.24280834845443078
row_031372,0.09117895617931525
row_035950,0.045410311931869195
row_005549,0.006952007734106816
row_012227,0.5796083502820721
row_008754,0.00751423100321004
row_038256,0.041619789097012035
row_005483,0.09921420460689424
row_019806,0.0026072194528898233
row_001924,0.9937529383546898
row_010604,0.25087549794159886
row_014531,0.7558547125475529
row_023007,0.004944852186327725
row_041208,0.699171206169735
row_019695,0.0016281913667078956
row_039707,0.036438276158161996
row_015756,0.22240895722238926
row_032152,0.03511242658871511
row_032180,0.08946437543939198
row_002304,0.023373563438070673
row_045981,0.007300345448646465
row_009798,0.00011147764765807289
row_031973,0.002073927401232184
row_004565,0.008561166338293498
row_018101,0.021110722735056514
row_016395,0.011288188596892153
row_009081,0.0029912610495989966
row_002180,0.13286145620222933
row_029471,0.015846713037099013
row_005933,0.1274235982758363
row_012806,0.07847885755879172
row_029415,0.33534190384364887
row_029691,0.5170957520733239
row_017079,0.1965020866226014
row_006938,0.409621212583471
row_037041,0.40294766793426734
row_035923,0.32438638231343175
row_003245,0.06045085653796209
row_047112,0.3906081075960071
row_003419,0.024155711938273906
row_020770,0.19512178743922107
row_039100,0.10710418293088397
row_038956,0.19793398692638114
row_028094,0.015168593581773587
row_007750,0.1539598706546288
row_028304,0.09302073077915314
row_048204,0.0032318614358197617
row_033393,0.20891375755637595
row_038000,0.7218525556407184
row_014677,0.4231398196118069
row_047544,0.05684107300360061
row_009147,0.03618588284578152
row_011064,0.09018576391809684
row_046255,0.00588436213895238
row_035842,0.18372165123693415
row_044173,0.007592243223029464
row_042457,0.16612403425603736
row_006532,0.0014610195265940536
row_024528,0.55859738329663
row_011201,0.2416759144404034
row_041856,0.0005282218208255824
row_048311,0.004640276522097037
row_040991,0.6988175920332252
row_040189,0.09631752222053873
row_017234,0.9980719654707264
row_035373,0.011724226499477778
row_021525,0.20640197609292765
row_005846,0.15874626404325334
row_023224,0.004038134313022925
row_031639,0.24272626209868975
row_023053,0.002997423546706088
row_003901,0.10935531187910615
row_030250,0.010814128503553459
row_046400,0.006322763194652904
row_031937,0.3033756168107437
row_018164,0.053388114090675017
row_002033,0.016878032615828587
row_030562,0.006341590775434636
row_039376,0.006409473410846753
row_032211,0.2480732638831204
row_040807,0.030695579822526353
row_033035,0.6171480262949859
row_014181,0.900011795160516
row_009587,0.02370626017025029
row_026096,0.016358403173150654
row_014875,0.1553074381512462
row_044032,0.007100579665999166
row_045952,0.9964305310236424
row_004086,0.6476031824116781
row_024413,0.0028773094570994535
row_027769,0.9061276167009444
row_018573,0.013254208040154763
row_027349,0.02087263237915379
row_044798,0.49258583269940814
row_034659,0.00831061105973362
row_026111,0.1194665101280671
row_030017,0.09501682538892561
row_022591,0.10423249987544406
row_015584,0.06247453834650979
row_010784,0.3049033455232388
row_002024,0.01808524492021354
row_021776,0.011815853802931259
row_023660,0.5386539505304995
row_026676,0.09003907417483079
row_000101,0.2822352324998552
row_001657,0.1035984225560457
row_015278,0.015405217205157376
row_043173,0.1596359826176977
row_007536,0.18993276262456382
row_032856,0.014000268250785323
row_047227,0.0012480542854971606
row_030981,0.06518492506396874
row_024151,2.181538133889289e-05
row_039810,0.006044519106856549
row_001566,0.03833603298303365
row_033987,0.38523695680767867
row_013453,0.006055589947618973
row_032161,0.01219517090173905
row_025669,0.00038148088990345546
row_004131,0.016937629300479425
row_039935,0.07647164469950388
row_012718,0.005958365281343757
row_049232,0.008597264497072776
row_013188,0.5541770585490791
row_003973,0.03367520452220973
row_022197,0.5956657086194108
row_011387,0.013112228981622127
row_018182,0.001544406850578338
row_045005,0.0050405318987851505
row_009457,0.42029711072596987
row_020853,0.002689323150095596
row_043235,0.002724003980296432
row_048422,0.01345818745511937
row_043626,0.3320307396413666
row_016441,0.09081981044200964
row_015047,0.05510488861292992
row_032244,0.20459680057688007
row_004384,0.09897663988628849
row_019295,0.06508543813540134
row_032626,0.02135960704901995
row_039478,0.0007250483266384709
row_011147,0.566992375976889
row_044315,0.028865419208351797
row_039264,0.01940723887020778
row_001599,0.008635223345783729
row_025442,0.008591274945300407
row_047369,0.012892382056615664
row_038086,0.010906026932238296
row_016283,0.07040793046497187
row_036992,0.8013979332654035
row_006965,0.30655519597796416
row_019278,0.003804129811629025
row_001573,0.026989627254889577
row_037665,0.001574377304780914
row_044071,0.0032801163614264053
row_040468,0.33496954871453444
row_007570,0.04752210573947929
row_005838,0.7996189235110817
row_046709,0.2944388568636904
row_018314,0.008842914352297991
row_008214,0.001258796981242649
row_037699,0.02056586838464749
row_000763,0.0014702190804835873
row_045475,0.03288180627993282
row_030569,0.025902223156076487
row_046262,0.058402257356876895
row_014542,0.005021947020137592
row_027350,0.014411042950713125
row_041197,0.2861362102013678
row_048373,0.003958995745586499
row_024405,0.0008483195986538141
row_049225,0.009536385993048143
row_034621,0.024960320057314772
row_040177,0.1565791387996387
row_027375,0.03401961440371388
row_040444,0.11820263349287553
row_028326,0.0023978775238629436
row_020786,0.6801993285642539
row_020366,0.8762273807631208
row_014315,0.0005954662865410653
row_002757,0.23512603918574967
row_033871,0.21186021671087804
row_000635,0.0735738070697545
row_047028,0.5409629950846487
row_015189,0.24870240446297684
row_046680,0.012072944620852908
row_030418,0.23295162185397203
row_003555,0.05610148674211429
row_041997,0.016375864154613222
row_002044,0.04107632941777344
row_000983,0.039974257888192234
row_044469,0.15399851679022472
row_013430,0.019341147511096193
row_037755,0.21749218399987588
row_003548,0.1433192324904225
row_006308,0.9232981209994623
row_047859,0.16876137098320432
row_018930,0.002559616691080874
row_002488,0.061982515469971626
row_023315,0.018598656279156908
row_049688,0.001408146495306055
row_031499,0.011568166046162294
row_008442,0.09394374863706523
row_037752,0.00687125452259814
row_040695,0.010383055307217616
row_030687,0.0014727016969362306
row_046135,0.00046347384894715227
row_039473,0.31840552580156006
row_047693,0.02931628403964971
row_000186,0.024782737730159612
row_048674,0.006298190563740099
row_023980,0.43914260293826674
row_033736,0.01868587610571876
row_023300,0.9584725873454565
row_016035,0.025934371503111526
row_024357,0.0013865912671209195
row_001843,0.0029042350726942567
row_007541,0.022032928568420162
row_041629,0.11104928366757191
row_004596,0.0336557467187651
row_002822,0.024130103212823464
row_049188,0.25262091879641696
row_033668,0.006358913492615644
row_012930,0.14355387115159515
row_032176,0.004054822129324198
row_006035,0.006876537166877604
row_043634,0.1131243415736156
row_036416,0.022652172490221195
row_033778,0.8215421634643532
row_012323,0.029442292467991123
row_004115,0.008577427050729398
row_042043,0.9815659307958172
row_049123,0.8520164786939917
row_012383,0.00996170567756985
row_021489,0.08524626974643419
row_041673,0.02235274443887604
row_029977,0.041019205997535994
row_014203,0.0014579526685615377
row_028346,0.26244886368375614
row_019586,0.8452046059573933
row_022129,0.013466266810499516
row_037845,0.637773837327251
row_043156,0.0020889710080018117
row_019721,0.178693787277263
row_022855,0.019599874020874524
row_022304,0.2228586365147598
row_028285,0.013981232156255678
row_035109,0.04759271484096082
row_000161,0.06414467678059156
row_043683,0.005176148359621588
row_025138,0.0004299699086810208
row_037541,0.014617540616905936
row_024539,0.29163679637156
row_032931,0.011302606437985533
row_046332,0.46566367454816404
row_006597,0.27845250950793216
row_039639,0.20412377927468228
row_022183,0.15592011085259552
row_028621,0.0064482925983308905
row_020195,0.05217820443839176
row_018704,0.06545843434284879
row_028318,0.020028101080554035
row_034229,0.01738538995228901
row_023999,0.36383175798896134
row_005452,0.14062172522203056
row_021685,0.10008967228414112
row_011026,0.012294934951273706
row_027639,0.02122489788166049
row_031290,0.3719110600502132
row_003596,0.948154349207525
row_036573,0.10218434424172361
row_024181,0.04634163573655634
row_007943,0.47306185956392477
row_009120,0.13008097507902427
row_029102,0.010646305185119682
row_008321,0.3248002293511717
row_039856,0.11402917860235222
row_023294,0.11506044626292497
row_006603,0.6858620347062918
row_003638,0.0062676700146939894
row_023432,0.11753820493297705
row_002377,0.3966304207308118
row_022624,0.07549647218918742
row_038986,0.14973780308387183
row_020579,0.007910074808708228
row_011298,0.004284722550407521
row_005542,0.0002196211327006411
row_013236,0.0017655914161553209
row_001056,0.06226757998151632
row_019942,0.004397091022447136
row_025741,0.8219037669383127
row_007042,0.9573067676707092
row_028483,0.09717399208913012
row_007159,0.02701377051070978
row_038079,0.25157156781265505
row_048540,0.0017958482898158881
row_046568,0.0019362735781891754
row_033328,0.9395241952311172
row_027863,0.004226709318177101
row_010585,0.0591802096646922
row_001538,0.034506666745609864
row_018395,0.03934244933756775
row_037255,0.006847578836675459
row_045719,0.005313559012558498
row_045718,0.04280758219653597
row_001023,0.03029190221820269
row_000361,0.6516563521971497
row_007626,0.48294222196491854
row_018088,0.003858188510290086
row_033140,0.347673640756679
row_001805,0.028974676266918183
row_024033,0.0010585032558013546
row_007018,0.008784026141086216
row_015729,0.7158431193995773
row_026656,0.4563745592391324
row_019735,0.9732141040118645
row_026665,0.029321708049911663
row_049316,0.044313360870441666
row_044660,0.11441121707161754
row_031978,0.11520890825758154
row_020451,0.3126711320453847
row_015550,0.09600107827395475
row_015694,0.03689407658869265
row_006464,0.0063077180006564475
row_012130,0.07591776211151244
row_013456,0.7480977541146647
row_004400,0.2468960723300523
row_036487,0.8174635191180681
row_020368,0.47251070612614016
row_038530,0.004465510416465558
row_045775,0.006426540002963402
row_014199,0.08251185655066139
row_001464,0.12897225922112182
row_041676,0.002702789235902683
row_024106,0.0002152492988728476
row_029138,0.10853118395688882
row_036759,0.6559672897095278
row_013722,0.35685760225582985
row_037197,0.6820196845969128
row_028595,0.003385259965628854
row_036000,0.008063346720380128
row_006711,0.06989248403567731
row_030934,0.04280082815341816
row_029711,0.019213031905817298
row_045441,0.7660887101786609
row_021484,0.16890058904467767
row_003220,0.23835683936188307
row_020137,0.035235782119046766
row_014123,0.7770099155300766
row_007240,0.04419928349368124
row_019743,0.02095426443957346
row_023830,0.013482303781663636
row_010799,0.02302231195223994
row_004315,0.970599557633608
row_009107,0.009157804547223676
row_044385,0.005103151889700165
row_039365,0.006992666458460558
row_006125,0.9726970824405432
row_035103,0.004376743455430486
row_017612,0.009625400642796104
row_005448,0.01876693277812051
row_033983,0.02046192527941465
row_038377,0.00027227098803994464
row_046951,0.007820512072976427
row_034790,0.061122858358605
row_035218,0.0074816041240679835
row_036988,0.10087208348227263
row_013335,0.5192011597884475
row_005692,0.060230980782093095
row_017966,0.07107264959648119
row_046895,0.014506327441680697
row_013030,0.005490148152341275
row_007157,0.008523120722269436
row_048357,0.9430540914871482
row_044505,0.16024696747313522
row_005285,0.21396263937262727
row_029152,0.004514265352785743
row_015485,0.9080819705961306
row_030591,0.9887804270064081
row_044557,0.9999117488850596
row_034499,0.958367669660804
row_040998,0.017945398958607504
row_001294,0.6612710560594995
row_041148,0.2170509840483474
row_043109,0.004383799256189943
row_040492,5.0357175666963234e-05
row_031302,0.003180008564860836
row_020021,0.04682611383234617
row_014803,2.8860136290136293e-05
row_027488,0.10910025329375143
row_000841,0.11446408618067411
row_030405,0.006355396422290397
row_011074,0.9932035171157603
row_047668,0.012789769620171717
row_045480,5.647021772764849e-05
row_019225,0.6260499437263195
row_034882,0.0026460294666164094
row_047938,0.43187925466033805
row_004362,0.18574215327717022
row_019412,0.0041443255644620855
row_023191,0.01236734873353213
row_032989,0.09600250860438164
row_016300,0.9889149826715048
row_006923,0.02188218831093019
row_033099,0.0022625605692549225
row_032987,0.06382039980942152
row_026318,0.10248144457264839
row_025474,0.04986671705466583
row_046285,0.003813657492205016
row_012446,0.016225107375123022
row_043873,0.9290413114961278
row_018420,0.11716316215385439
row_048535,0.07575109965174288
row_021419,0.2067488331746845
row_024376,0.00321776023305359
row_022615,0.15359093425096215
row_033717,0.3485041875661385
row_021688,0.056552218025936636
row_030665,0.06223344882150196
row_023368,0.24388327689523398
row_030908,0.004907401827009267
row_000466,0.7589632957896568
row_032652,0.013414201647783439
row_047596,0.024832835059921916
row_023225,0.014635351854376678
row_046559,0.0005516796794794068
row_018352,0.03454680749051092
row_007774,0.6072058056068572
row_011642,0.04764592243148499
row_022553,0.013944566191731123
row_016563,0.36688199340852795
row_044141,0.4177351472834187
row_022763,0.024602613526482082
row_014000,0.00765046173816862
row_004254,0.004658459371488727
row_016989,0.9555317023131036
row_038562,0.15117784903346687
row_025551,0.5905429746680201
row_028854,0.5391663595950644
row_030690,0.039679137361287184
row_029855,0.6260199644333151
row_022051,0.016911884203972695
row_011395,0.006921234657366826
row_012513,0.7877591407057322
row_039210,0.30863631987046825
row_022445,0.0020845996549883313
row_003158,0.004437558161918799
row_007530,0.001163539037680819
row_047632,0.023636144521226945
row_046689,0.19916742557532902
row_025973,0.012671520641164525
row_037818,0.14073872335277257
row_045405,0.03660794477450163
row_040664,0.08255822544132102
row_029503,0.005842290727803128
row_002516,0.12191016496850435
row_043932,0.035430902398246644
row_013164,0.2209369056127429
row_029279,0.005007656572422546
row_032416,0.0074439455596461875
row_001095,0.009387662427638464
row_048794,0.09970878027956578
row_018037,0.0653656050184891
row_048648,0.7874898887116097
row_024571,0.996952437422689
row_024851,0.4536304532334009
row_008875,0.47921546144707966
row_002005,0.0011894081659346966
row_044169,0.5273898955582764
row_001956,0.26691023105499
row_007743,0.9392493696127197
row_007339,0.6450779122475989
row_004616,0.11815730454643711
row_020945,0.6943511587285837
row_042201,0.003958738710886855
row_035913,0.24658786744952366
row_009014,0.9992532131877747
row_045156,0.0641813900943891
row_007132,0.04669612811986996
row_019814,0.012072085213301135
row_009925,0.16109954211258848
row_000674,0.10248409210346443
row_031184,0.012015002483672887
row_004109,0.1108080305986082
row_003982,0.0199273979165616
row_045039,0.42475808032395757
row_043236,0.07980442405115237
row_046094,0.8370411244268247
row_004421,0.0016090704035280577
row_014429,0.9607847812225965
row_027264,0.002013090000031019
row_009737,0.012145271273406439
row_019140,0.0042589534565938645
row_004272,0.44703353681238894
row_003214,0.01699627110928808
row_010539,0.10463784686835371
row_003399,0.07533801025995385
row_014747,0.007931059179909527
row_022435,0.14049403854360282
row_000300,0.28351058563889914
row_020254,0.03863691429334157
row_047084,0.0063453107445703505
row_031116,0.00024625067279545416
row_037017,0.019718072127131312
row_010584,0.05337704206664579
row_018366,0.44835783476123486
row_027733,0.00603692485759738
row_009398,0.9154368780826425
row_006385,0.010168402362468227
row_027641,0.563240244185799
row_020977,0.7705634308701264
row_019332,0.002169064403215839
row_019618,0.0012629086613280473
row_021578,0.004725404272549616
row_036258,0.14418577190290138
row_048986,0.011735273262446213
row_031676,0.0074429705066554105
row_012792,0.08155462068455342
row_023328,0.001660483527707737
row_013209,0.006237395123267199
row_026007,0.023228653937081168
row_012715,0.2949237174098452
row_048249,0.00559848996997753
row_040359,0.03769103577857108
row_040018,0.033414458616156696
row_016065,0.05620316252249338
row_013758,0.007490285167003362
row_017190,0.05555624156326572
row_049623,0.022766063592534837
row_014334,0.0032420862911541467
row_033656,0.01057724576523801
row_014766,0.9173707359517119
row_001283,0.9749743520377491
row_035927,0.6626608583886595
row_023414,0.005417395594454662
row_046316,0.8674252964786069
row_030829,0.016291188394664344
row_049417,0.9984782344701564
row_037309,0.10370357926745473
row_019804,0.004391652662680142
row_029301,0.02265128997989269
row_004149,0.012184472818056815
row_033793,0.09577435191440263
row_003242,0.0001971317704026196
row_033108,0.12813512167188332
row_036403,0.9183259739450743
row_033600,0.0006521979883772034
row_028666,0.0006191828580777882
row_008200,0.012705329892606686
row_046280,0.6655148537802639
row_025279,0.1362241805064739
row_049523,0.45528316864405294
row_021023,0.789026597696422
row_034369,0.02437140568464866
row_005388,0.7344080792477461
row_007982,0.00740140911993568
row_034343,0.060548645333003324
row_015300,0.3771315704485347
row_024519,0.0006789015817977049
row_002728,0.06335084894931381
row_010864,0.049730540329050346
row_033864,0.0004587860252491226
row_043472,0.00011165113465222717
row_011054,0.043153101534577784
row_019571,0.0017744429863131813
row_008924,0.4047570676259825
row_045463,0.01215326819578136
row_019091,0.003332653932499169
row_019342,0.024715041586903113
row_037717,0.00974911866055054
row_031875,0.4018194603163731
row_042315,0.4749591266784534
row_031003,0.006123186458390902
row_022052,0.3064179726139022
row_031865,0.5916759516948094
row_046556,0.027952756733948557
row_041433,0.008897811516727038
row_024682,0.20884908354293835
row_045378,0.22921863360894026
row_029513,0.7262422791439113
row_002584,0.5742202556867824
row_028737,0.0012183112596507153
row_044398,0.1447221188769384
row_048300,0.4636773069609508
row_008616,0.00031711218727258165
row_035355,0.18023233310862188
row_003199,0.5354392491188873
row_031944,0.021123128067689546
row_002373,0.2838927960098009
row_020720,0.1409090881803091
row_009699,0.960238660291764
row_016492,0.13777876033649195
row_023609,0.00048122218448260975
row_017225,0.08685202489706173
row_046218,0.010263717284875544
row_011252,0.06426449395211056
row_035216,0.597809350351371
row_016061,0.02350374438922931
row_042823,0.00017614949681127589
row_025245,0.18953911790468844
row_049782,0.03540881370854908
row_023425,0.033685161316228854
row_032085,0.7140859928521663
row_002121,0.06947261857239397
row_003011,0.0005708042482487006
row_049787,0.1578693989643521
row_034017,0.04818750308946177
row_004079,0.7654662200952866
row_036865,0.02742525336349617
row_023446,0.057192862721139825
row_012290,0.006005784476864468
row_047239,0.02217449724388699
row_049053,0.0430310863113496
row_047616,0.006227340663812896
row_014211,0.0041066161271841916
row_044126,0.01022168963617377
row_044600,0.33010746448841244
row_029777,0.1791134964348921
row_024364,0.2745747885201807
row_006377,0.8955354010467355
row_045327,0.008561962309423146
row_019774,0.9968281159654871
row_015654,0.013020195908153129
row_039782,0.849911107431373
row_023164,0.011273033365180544
row_031706,0.031027001957126897
row_011530,0.4136128931378821
row_015826,0.029859549251413403
row_020478,0.004866061224778826
row_026715,0.2564291154685849
row_049906,0.018894954750566795
row_031791,0.00020274924966630012
row_005469,0.5878020119938453
row_042312,0.6623604580134324
row_008076,0.0321300803887536
row_032992,0.03395258343482182
row_046505,0.00028521884785628573
row_039172,0.1144049185636346
row_014056,0.0014528052570010905
row_006577,0.005352225900506021
row_046274,0.021903999296638225
row_028278,0.7331436445170993
row_024025,0.00019452885204651387
row_035242,0.07455058129252183
row_013887,0.0033284889239062103
row_046704,0.09344984893182809
row_003369,0.04044068117932787
row_038477,0.09781717475938653
row_005644,0.9957592715801367
row_002479,0.5663228753474316
row_005945,0.0044539071399994435
row_028216,0.23104975828649413
row_015139,0.08810939070809386
row_015259,0.5118953546588861
row_010658,0.02782955393072894
row_018498,0.030010789366050727
row_034826,0.011689298912470367
row_026783,0.0033526517076932893
row_011371,0.9873836674160484
row_029934,0.0879749552098982
row_041889,0.9680552595068129
row_002419,0.014923666246100614
row_005087,0.23411529631969402
row_023851,0.28013932643712386
row_031946,0.19257531590587493
row_029646,0.1659161201556853
row_013516,0.05134122041284019
row_029285,0.2612045495815899
row_017708,0.04398016719355363
row_034044,0.002464852342113413
row_014845,0.02612706647683284
row_005636,0.014971460507819744
row_014826,0.217618555068888
row_020011,0.052540560638087416
row_016833,0.016558843532726086
row_005842,0.0019566269477203405
row_048561,0.0005341642402091348
row_037299,0.014270969982372636
row_016297,0.5347203946803799
row_012546,0.3875112696635481
row_034268,0.19208357371796622
row_008426,0.02115339138239158
row_042277,0.0024255756496138884
row_043702,0.004573173263145817
row_028755,0.05842228558441583
row_045364,0.9309992260960024
row_001495,0.00218062785091838
row_033773,0.003504303614254901
row_025493,0.6108654424415951
row_045849,0.06107037153576339
row_042811,0.006691381661775015
row_025399,0.6583832053876646
row_019796,0.03083143586258226
row_031752,0.0028989533383101903
row_036766,0.041179465443978415
row_000148,0.015219445949715145
row_003023,0.931401311563991
row_045669,0.08669945297106392
row_024991,0.0003264569077766288
row_034161,0.0011623465994363533
row_046795,0.04112444017955472
row_002869,0.35515750172348226
row_048090,0.018659114777314325
row_016923,0.20970017315673883
row_017874,0.0011701724098281071
row_039535,0.0234022251741906
row_038990,0.0027659656861306935
row_024273,0.23661773559826796
row_022184,0.0035594818926321646
row_016854,0.003753242978351548
row_025988,0.14151413217468806
row_030860,0.0005816962856934533
row_041919,0.06440156820281033
row_016658,0.32017394064138177
row_048125,0.18586114095688008
row_015612,0.6567727439518665
row_049885,0.5035565264255523
row_036237,0.9525653413431623
row_008450,0.04199246043718225
row_029671,0.0759226216567737
row_001943,0.05427274939923342
row_009733,0.26848791949085526
row_030993,0.15892174175299675
row_028262,0.26830995196644586
row_042112,0.013623230561802202
row_016491,0.0018113019053023567
row_006750,0.5735961794625615
row_010798,0.052484458911910024
row_035398,0.15113872539186027
row_041569,0.011060218852930067
row_033530,0.389277135686076
row_037996,0.39628956293523493
row_021452,0.04468483778172988
row_022542,0.6231353403549662
row_041390,0.012648188679558416
row_049327,0.36935187170577266
row_021027,0.440386756698299
row_001678,0.09279309297724242
row_025674,0.0003008796931512902
row_034527,0.013065025926091087
row_034399,0.728697687965558
row_043858,0.1683157381185609
row_011220,0.21291012193010286
row_021687,0.020685953576624613
row_028437,0.9783854216907507
row_010634,0.05389969081463805
row_013127,0.9429269101450178
row_020716,0.8474544778744939
row_013902,0.005826722621835155
row_034454,0.0012564365932038017
row_004397,0.011431895976357957
row_040916,0.07141403946734884
row_040283,0.009582129046862271
row_043192,0.03532334080949198
row_004731,0.3369957244716161
row_009053,0.9081835297097137
row_033162,0.2609580256727818
row_032857,0.6426254768748304
row_009579,0.9666984707309151
row_018622,0.013953595461107518
row_014445,0.02525766637014077
row_019092,0.19069540568918764
row_013331,0.034969305605092975
row_005377,0.06738036314690626
row_019384,0.1425636451525764
row_007555,0.09961694492237086
row_031415,0.003282369220224508
row_012120,0.1083280497618867
row_011555,0.0028681838001401246
row_037454,0.27200522038379915
row_046333,0.5587131181642436
row_008823,0.13610881776181818
row_032621,0.25109391748749454
row_020713,0.3842676834860572
row_045250,0.1501912872538862
row_008516,0.03486947702404388
row_023541,0.03672570156436296
row_043514,0.0011851624633365974
row_047450,0.3740000926678821
row_011913,0.023211614631294918
row_011687,0.4834345287807665
row_024962,0.09460646953656877
row_011377,0.5520680249214417
row_015902,0.5782712253110539
row_044065,0.0025933717086970482
row_011976,0.02480311989420489
row_003147,0.012579488123447467
row_023659,0.008412817650929594
row_021588,0.01771593318964321
row_005311,0.1020525515310256
row_045433,0.05399236811700539
row_042689,0.359562413124537
row_030242,0.008554487326030561
row_045140,0.07374600796772181
row_037808,0.8739336773520456
row_047594,0.040925269555016054
row_029367,0.7550737899289532
row_033115,0.20529107894507168
row_020591,0.6497826817223067
row_038817,0.011498008594788672
row_025232,0.09470336431483735
row_028253,0.11347575210746474
row_037710,0.06553909528212758
row_043171,0.023178651614066383
row_003221,0.010910927237543631
row_029002,0.0207196940310928
row_002359,0.005141293345245134
row_006413,0.9398897364984563
row_005639,0.6319475551876946
row_042936,0.02329935039380437
row_036675,0.5176797206097793
row_030371,0.9751999170952131
row_014165,0.5632026170212544
row_011562,0.016191237988129957
row_002150,0.015935529348388218
row_031641,0.39512738627975313
row_005682,0.21553799532396412
row_013743,0.6156549038801858
row_000035,0.4383255147053684
row_026408,0.011142292112642302
row_004224,0.1029073050729639
row_012006,0.09055948598792152
row_047565,0.5961696471902095
row_027490,0.03389843358528765
row_026762,0.07655408434810242
row_040326,0.3183123803036356
row_048846,0.027661735080178797
row_009337,0.4029821258516257
row_047270,0.29233407350559815
row_005048,0.057473421105678955
row_008391,0.004752425138187994
row_019494,0.017267288604348723
row_006622,0.01877942658361704
row_048880,0.036354319615193746
row_046149,0.007471613778467751
row_003852,0.9518925026789401
row_018170,0.3798168772903936
row_043467,0.14976556567405452
row_000773,0.007719367077483081
row_011784,0.045474493763126574
row_009121,0.05190892347547943
row_013815,0.02154891221496267
row_026006,0.0003623864800127635
row_027168,0.3976255280092621
row_029251,0.0056774006442012375
row_035249,0.6155545782762702
row_037307,0.1807048548402504
row_021553,0.018504637478019052
row_047455,0.048242342736488725
row_016432,0.28733940598473373
row_020118,0.003087723109444673
row_048078,0.8614153317651063
row_047105,0.1005845258946801
row_004719,0.00837894656401874
row_003795,0.014745001602317504
row_015160,0.8110258546921008
row_021437,0.13438872265660098
row_037182,0.03381776165882539
row_027306,0.33475328055226006
row_004295,0.6100512983669804
row_046435,0.23806963565614422
row_023165,0.2611714480803187
row_027261,0.11942835887677651
row_001825,0.6948297954472572
row_033216,0.31137516763482714
row_032860,0.03158119414803692
row_039007,0.771946804806897
row_043648,0.0727002865256209
row_045337,0.05199262890776362
row_036595,0.4267079648420428
row_034507,0.6160281266511097
row_008226,0.8321345105646198
row_011481,0.9905136454456791
row_009483,0.0019842496293309103
row_046397,0.8815918026157802
row_027832,0.4412243621611408
row_037478,0.0058785098882470545
row_039867,0.19897820882724818
row_017119,0.05018219090278583
row_038884,0.011424716290723086
row_036409,0.8765733129621085
row_038432,0.004740034885995038
row_032980,0.013868196472554625
row_028496,0.060250601604157066
row_016322,0.8188215388146118
row_016431,0.02190968465350151
row_027253,0.061113214307113396
row_041882,0.10771892773959228
row_042460,0.18569373511715231
row_046229,0.006334267032195703
row_036709,0.002148383916725546
row_014093,0.016727327691396378
row_047866,0.009758285566293866
row_028339,0.28589127437526085
row_011651,0.9987193642188067
row_031293,0.027287265728347308
row_021010,0.35892216392429427
row_027066,0.5761033945382029
row_031443,0.0017056701717486106
row_020891,0.0020598615962388947
row_012490,0.02969011236543075
row_002693,0.1572490179748906
row_036003,0.1579576413495768
row_006052,0.2134207777959735
row_015606,0.5542018021060561
row_001115,0.2509718802889301
row_025830,0.046349762464845144
row_026538,0.8848404848107588
row_023537,0.4740533946509038
row_049973,0.39031827271400094
row_020747,0.24514792821899326
row_032551,0.035284176988148196
row_009952,0.0524957531090955
row_013782,0.053381927183933836
row_038003,0.01279177172277116
row_000749,0.2558405455212675
row_041921,0.2951043769591546
row_048433,0.40544627359510765
row_010663,0.05709975907433209
row_019765,0.27418833914873514
row_038442,0.04810268243993174
row_041031,0.028241105353953803
row_005898,0.0025258469337100316
row_004240,0.025287163637017218
row_020146,0.018148488154709392
row_038149,0.012100641070569452
row_001243,0.5169775386408633
row_020448,0.8510692995519797
row_022377,0.006034691709215405
row_020413,0.22692386884597315
row_013975,0.02246281884230697
row_019483,0.002443291532552532
row_008071,0.20513538899394684
row_038252,0.9605512566923445
row_033438,0.0011430299651786194
row_008820,0.019385390812677008
row_049826,0.03610949339324992
row_008841,0.001749092390357833
row_040794,0.996740990293703
row_026642,0.0012870178323775164
row_031268,0.013270708141532129
row_026504,0.10517232843769966
row_003611,0.7082049374888578
row_048995,0.002240484352979933
row_048497,0.8496549350932373
row_041558,0.016244146783280514
row_015284,0.8941671479189489
row_022757,0.635573850977515
row_025724,0.78617157160271
row_010344,0.42352285370413223
row_001126,0.000769171477575349
row_047843,0.008830000719241157
row_000530,0.22737832949964357
row_033863,0.0649505849700338
row_042456,0.012086382237015691
row_025949,0.49452305954346065
row_033705,0.18091688228751862
row_047730,0.005386824336437449
row_023365,0.10842217423895831
row_021002,0.011955498248207077
row_048678,0.002773691985109156
row_021118,0.0036424401750868363
row_017067,0.02133175762290799
row_040448,0.003398071054332311
row_018920,0.7631709309755608
row_003261,0.025739434724880304
row_024716,0.15582005359790144
row_011741,0.2482327504935554
row_030470,0.3414105586898776
row_007183,0.0800081832417322
row_001098,0.4192732031182673
row_041717,0.027375689622400355
row_006816,0.007991940689309562
row_034546,0.41178395631062115
row_043375,0.09291494001628503
row_031851,0.17170387512096794
row_003029,0.11011650953548614
row_046097,0.14542609057648354
row_001096,0.8341600575705777
row_001794,0.2851992263062737
row_018684,0.019836314543064754
row_016230,0.7986912743724623
row_045506,0.9346416652975874
row_023637,0.016169058447168733
row_049481,0.002215769257472844
row_033207,0.033147230410683855
row_043592,0.042839412618100356
row_031990,0.849206771818962
row_033551,0.11988456139022756
row_018365,0.7869730658866025
row_013560,0.9616362186534725
row_035906,0.32703419781281645
row_045751,0.009682533255998906
row_001169,0.0033593487711237294
row_031100,0.0028673663517262693
row_028076,0.8210150128170627
row_005476,0.6555035168164203
row_038789,0.004983590534706592
row_030774,0.9999547749773374
row_036368,0.5293164971844638
row_016619,0.10785983810884227
row_042106,0.7380598315359076
row_006143,0.5440951471258839
row_033688,0.004237919240999656
row_027364,0.00226360266338279
row_003495,0.05397125884779101
row_009884,0.08221867756419808
row_025849,0.20628235189620495
row_036124,0.0027938517572922016
row_043113,0.0038399045188058493
row_038339,0.11467549527881554
row_011850,0.6974457728642957
row_003652,0.015415930742681435
row_048698,0.0026113062474401364
row_045428,0.33702405520709144
row_007168,0.8768050180447415
row_022424,0.5096374721782545
row_010594,0.18650784365889583
row_040147,0.2351946088347068
row_048669,0.26928011425995513
row_014495,0.0705654448276288
row_026827,0.7258848456431212
row_010020,0.0009108867026112492
row_033703,0.09965383293530881
row_047676,0.006521734029387217
row_028280,0.6379344907743345
row_027086,0.06519680327697473
row_010296,0.26871800021747816
row_030422,0.10716686886688202
row_041430,0.02449256646412068
row_037424,0.26092330104118666
row_034514,0.06695835117074515
row_025180,0.0036750267928232685
row_034006,0.1238316612644333
row_034841,0.3352561370938009
row_047979,0.011562063868508587
row_042171,0.01069594481396433
row_012711,0.37055870187043194
row_039310,0.011627077393146454
row_015735,0.07328062251639005
row_041294,0.3842813368798256
row_040558,0.03945267713784593
row_025101,0.8888293007340311
row_030593,0.027911283204755218
row_024565,0.053087805421847246
row_018695,0.20062985255075771
row_034217,0.019519994261320093
row_024367,0.8607110238366633
row_001016,0.008271758442596198
row_042697,0.016736955766839798
row_042765,0.041344700619155315
row_043373,0.2044857945485931
row_013519,0.109836301014023
row_005618,0.003973169335373567
row_006780,0.03547846967705087
row_046544,0.004303950617186765
row_006246,0.7379513111393549
row_033136,0.004279653798853859
row_019454,0.007344868431160385
row_003021,0.056059844799425
row_048502,0.005131872224227786
row_005333,0.019061410465537033
row_024131,0.3682891944057803
row_005839,0.10115302781000252
row_009678,0.010769304647471473
row_005633,0.36836416116565596
row_048228,0.14260695686214658
row_048252,0.22503531360431106
row_031611,0.0006345250118619518
row_017988,0.5969182896438014
row_040908,0.021793405433550805
row_045654,0.5617572404323784
row_022619,0.003637400898594396
row_042152,0.006972200146317364
row_049320,0.4203275942867172
row_005845,0.011002754292817699
row_043424,0.20059206102059762
row_011726,0.026783236928442804
row_047936,0.24652462163437977
row_004445,0.30223854469065903
row_001265,0.0013997307427662197
row_032683,0.999661296755632
row_037885,0.06820056442134742
row_038308,0.6454785927274898
row_041692,0.16247125432361945
row_002262,0.018206652631117298
row_019005,0.13749012948318534
row_025653,0.004644676714959653
row_017352,0.0013024933179453006
row_025237,0.004235831758734951
row_015071,0.6856142849192568
row_025573,0.12449648054697293
row_032282,0.006175248156739713
row_017716,0.00050311631319568
row_025450,0.9998332401500953
row_035903,0.8312683419118735
row_044801,0.0003664037839431486
row_027910,0.009954083258761116
row_041477,0.004685511416862465
row_028095,0.006801015364238266
row_006734,0.136112263747538
row_009465,0.005655921814834453
row_047567,0.4607528402850474
row_038994,0.010558949680681195
row_028763,0.1593028335992581
row_035257,0.8780759174709398
row_009426,0.7702791011768502
row_031047,0.5102692976591603
row_009376,0.01344705513270363
row_030228,0.02680494936289769
row_006539,0.0034256410842718053
row_043874,0.04929542338160551
row_005222,4.7963108672978495e-05
row_025113,0.0015700241924231297
row_026022,0.04614767569924155
row_015311,0.03365779872739297
row_011634,0.003613520257293497
row_034580,0.006685211203158439
row_047733,0.06489136023794198
row_000735,0.9226841103059972
row_039898,0.7609821821823155
row_019083,0.5569133500262562
row_026047,0.3968200187078977
row_016939,0.37501049837561473
row_043132,0.022624175641704658
row_013872,0.0006391193444728605
row_006812,0.35575107804228734
row_031083,0.06424249761405128
row_030332,0.01126736308145971
row_020954,0.05555892291145782
row_007976,0.02830109363959343
row_014162,0.847345741466522
row_004929,0.024217410548411436
row_034287,0.0037866449488111998
row_036241,0.18655172113055815
row_002504,0.08781720423164455
row_015015,0.45869087182110696
row_030263,0.0028853820700671692
row_001988,0.27763034104050316
row_022359,0.7873539375512936
row_034236,0.00017041069707214162
row_039269,0.28180735728841266
row_045160,0.003934373923784043
row_027390,0.05014974881841158
row_036669,0.005619839448005502
row_027092,0.027095750735554175
row_031484,0.1076544212483375
row_048330,0.0008037114648645772
row_034254,0.5714383704321093
row_026152,0.08103569614279126
row_010504,0.0003878403195297597
row_013403,0.07412131791220787
row_004135,0.014408750117349326
row_026370,0.044348565684327525
row_046933,0.008331755120350517
row_016093,0.47116036075024376
row_009746,0.21377959517876288
row_012926,0.04630136150814664
row_003879,0.004440275351860063
row_037860,0.17767933790398793
row_038197,0.9994913809693683
row_046010,0.0007802133520351516
row_049510,0.10343142437711905
row_040892,0.0027785951204235427
row_006128,0.004244255380788703
row_041010,0.020183850667072966
row_016984,0.009717560618712031
row_025941,0.05575036378814856
row_045753,0.23231736760448535
row_019563,0.997228117653302
row_025900,0.0035087175959355914
row_013985,0.3088039897109583
row_033743,0.489950734276269
row_043696,0.014616040966283245
row_028427,0.031564372175470236
row_001960,0.3716465328664351
row_034687,0.23529188256701375
row_046294,0.06864101977601778
row_004649,0.008469101502205895
row_030078,0.10666136101698055
row_002425,0.14060518458837218
row_047357,0.4471389339987289
row_021628,0.011830570019381365
row_003130,0.5654567424688213
row_028580,0.01117119641572784
row_016013,0.045762647734993056
row_021300,0.0370997261953258
row_048137,0.06805538892993793
row_048031,0.10585010818988981
row_042591,0.3108123737734569
row_036052,0.04906285657482268
row_020533,0.0015820881003875352
row_030140,0.2208438702090848
row_027871,0.5362426397177058
row_029672,0.04723371446264099
row_004939,0.046571408386746796
row_022206,0.15908178102592466
row_047478,0.18609715695261855
row_040678,0.0071789281126167165
row_032110,0.0023895007235996877
row_046629,0.6382081221302813
row_024416,0.6417773096884709
row_006713,0.004863682516600458
row_026445,0.03733949741321346
row_023916,0.1993727638412544
row_003654,0.014956372152921303
row_033375,0.004528845780659884
row_004336,0.7946117920038818
row_004805,0.11902582362804931
row_007055,0.011706746859102638
row_021450,0.0010648792605831413
row_032804,0.873780215975158
row_010033,0.19051450009931564
row_045510,0.12894775144833526
row_023113,0.10828658453130766
row_027621,0.0013621917153536908
row_036657,0.05489695782117566
row_042108,0.006482452139806855
row_005336,0.12429794782828874
row_001415,0.11658614850803539
row_024211,0.13182964986951706
row_016332,0.3210944397361559
row_044066,0.09266869813937373
row_034951,0.009830089861702657
row_025461,0.04458984603280521
row_042797,0.0035556918946021113
row_002837,0.017342079973906653
row_029586,0.02706070549420362
row_014522,0.01673211007322478
row_012783,0.4965377448977437
row_015154,0.023655415385336956
row_019084,0.004156872803001802
row_040085,0.13234285340520632
row_000949,0.05595765459051942
row_026367,0.017982826297689283
row_047897,0.03155010498134553
row_034533,0.011637388532320462
row_026044,0.019582117429211992
row_020707,0.6923342564455885
row_017700,0.004304521589741167
row_035834,0.9767887771693702
row_047805,0.08801346066855821
row_047923,0.010500508989023754
row_021316,0.004937604857959115
row_044172,0.033474918537438954
row_012602,0.13541686568392222
row_038916,0.15964304555355813
row_031729,0.007729653943262718
row_023814,0.16838769694232927
row_005234,0.2453170558462245
row_031831,0.0710227589339739
row_045556,0.8656400415675904
row_026403,0.37867026790131336
row_049866,0.017940039476566857
row_015678,0.0722349845597355
row_007062,0.1605816249075154
row_024820,0.44731473890461515
row_015108,0.010226327848937266
row_024138,0.009497183333340676
row_001185,0.050566369186372584
row_014355,0.01698559471532979
row_026904,0.288610532627322
row_027413,0.17804130376840552
row_007913,0.012866141771318652
row_046599,0.9717481766001024
row_047420,0.20039530758059623
row_030175,0.0350895788450278
row_031482,0.0010632279552932064
row_031283,0.3432749497281888
row_017537,0.4591526412600973
row_020841,0.00508296402063966
row_004824,0.05302263739716507
row_025295,0.010913856929861644
row_011628,0.03204843599962285
row_003695,0.08804213163343158
row_029057,0.47187253043945765
row_047758,0.008179126031638624
row_005695,0.0001691577816607201
row_023473,0.016995188611149428
row_044683,0.08003132219683742
row_010640,0.013079283771980785
row_018506,0.024754538447948806
row_005182,0.8156816345256163
row_000381,0.9988475263331499
row_038103,0.036961559435213
row_045188,0.05415537643842409
row_004368,0.011164096246954901
row_034128,0.050025977250270665
row_026419,0.003219257102274841
row_043144,0.004427085550473108
row_017080,0.1615446924782086
row_041265,0.025570715754725686
row_049357,0.21176736984119043
row_027048,0.019337460285505287
row_046433,0.3813602794755351
row_013590,0.05934752329896148
row_038870,0.2835125128554247
row_021530,0.2847689811233502
row_013273,0.01421752741774148
row_015852,0.0056474985067430355
row_038677,0.07775793721137408
row_017343,0.018310505996363843
row_001181,0.5547418765051186
row_041018,0.0700137233057593
row_043857,0.8211263404591526
row_009155,0.014186530681638493
row_038214,0.5846039262147785
row_020577,0.0021668972755530358
row_029606,0.36970374192328137
row_039698,0.0550510674954803
row_014108,0.09766613912188293
row_045067,0.010157549955270758
row_017101,0.3389319322711505
row_041935,0.016407904445582447
row_047174,0.01216697279031687
row_041481,0.6929641286889946
row_006820,0.001490609947279789
row_045148,0.002688180926596422
row_019255,0.3683349202035674
row_035657,0.015642662499923483
row_039529,0.04491878016684981
row_038946,0.007233977599545968
row_012518,0.6752284475242564
row_004537,0.011286315014473771
row_032829,0.0011978516721318875
row_013392,0.10188915696299138
row_013358,0.005737570292272176
row_000757,0.5857161157533827
row_032695,0.29303047217837214
row_023635,0.9248106990945132
row_046944,0.0016500637333792818
row_011846,0.018671453054941337
row_015141,0.8939796651329188
row_049169,0.061799123349546174
row_029890,0.0779592469609748
row_024133,0.009079654937194462
row_040561,0.9089010879408992
row_032323,0.020179863990393527
row_023035,0.003975325861882367
row_022067,0.9446915392671865
row_007465,0.4944576784750938
row_028122,0.688427540791342
row_017623,0.24472131107865358
row_035614,0.6985479641465441
row_018642,0.7493365206244516
row_009365,0.00479791954880297
row_014676,0.0031698694211478393
row_048785,0.9540384523857557
row_011954,0.00035143768822538447
row_027636,0.0077831623151591355
row_006538,0.0018910283076526532
row_021700,0.001075855050549767
row_038943,0.03169642436867887
row_021493,0.1277794528342568
row_018992,0.06701375910768759
row_034389,0.820137745743286
row_018970,0.023749339773993003
row_025317,0.001890413714833448
row_028614,0.0028521736531432586
row_043145,0.8575155609510792
row_037928,0.9993940883157781
row_005036,0.4432746074541493
row_047576,0.0037918276750355862
row_003865,0.1441907508593528
row_014879,0.0019069764917862154
row_048532,0.0027867256541242486
row_024003,0.9983221816734464
row_004631,0.3912930211658508
row_006988,0.003183102846749274
row_022283,0.016760000837764074
row_001345,0.3213019711960902
row_038750,0.006546874248916846
row_046327,0.009092161012173552
row_010095,0.0007017076935268915
row_001564,0.0022767968603495657
row_022902,0.0016193560110070962
row_026960,0.005284576639157208
row_011219,0.9165358666647235
row_039910,0.007715920393536921
row_043486,0.21898333863832312
row_023239,0.07836197094322253
row_049087,0.0008310665217726759
row_007252,0.12327453332848007
row_048468,0.09081396417599683
row_019128,0.27178568182117085
row_024815,0.00021121851401626176
row_005025,0.4415638635253013
row_007073,0.4466946486133115
row_016358,0.001236443610707701
row_040690,0.04177963415011009
row_036490,0.031052494615324857
row_044702,0.030401604429596586
row_029631,0.10307673336434274
row_049331,0.0171850245229715
row_019955,0.9473522999113049
row_027858,0.02804179534445984
row_049798,0.6898762805983545
row_042885,0.14857117035705916
row_042275,0.0037323423611098547
row_048789,0.07174357218548551
row_017078,0.0016066431886027758
row_036646,0.0023978022812537057
row_008666,0.12124522443313672
row_034312,0.8263182933868763
row_025058,0.9428761726228707
row_044939,0.0016124654752660594
row_046618,0.007893682290563106
row_019491,0.1753878991704103
row_030728,0.00393713479261457
row_010528,0.06197048374453616
row_024401,0.005519544916810514
row_038490,0.009943858425828801
row_022371,0.24007980424380526
row_011047,0.8811276764223492
row_018600,0.21501345834698068
row_011504,0.003451398344894977
row_020362,0.002270662152009895
row_017259,0.9955053863099808
row_008353,0.018912067889465166
row_029535,0.0022589567079511997
row_048152,0.6504876408782954
row_008176,0.7102147135100992
row_006150,0.2143232384637376
row_001106,0.5220588838859003
row_046429,0.02282470398412886
row_025558,0.0027262848925218445
row_014036,0.9462781771959093
row_005489,0.13998626627574742
row_005017,0.03281190824379767
row_007547,0.027207256464371436
row_031433,0.08641299061068192
row_020101,0.15572588792849337
row_005679,0.019549676656606226
row_023664,0.05239511070960228
row_023893,0.012525077625255026
row_047031,0.18715871380277327
row_012376,0.04966622729081022
row_007953,0.014323475264397005
row_001815,0.008840703180197862
row_001460,0.025872103115887675
row_017736,0.04757431567472291
row_031684,0.9575312808415573
row_012461,0.0034403728589405204
row_038492,0.9950210239556841
row_031920,0.020346869887718787
row_040736,0.0030605439167956227
row_014538,0.03154987151660058
row_029311,0.16016149900284687
row_034363,0.035283726266581265
row_037460,0.36981062233602874
row_038120,0.0029908546243495883
row_048233,0.7686243105418015
row_034604,0.5151568285690661
row_034351,0.016758409177754254
row_042048,0.5090578724829501
row_006531,0.033365703365470525
row_004570,0.32288658839069473
row_004439,0.2966159840798305
row_045765,0.07021000407696615
row_024415,0.017977131517076975
row_028579,0.0014118864300087753
row_017373,0.0006133181094643565
row_043199,0.5180839144095272
row_005902,0.017392774512381824
row_019728,0.13141161394698106
row_031984,0.001138392998180074
row_018478,0.07893980803507863
row_000233,0.10370030149972556
row_021231,0.015029835033206205
row_037058,0.301657185744691
row_018783,0.03217174360570169
row_044028,0.9336594172165592
row_006155,0.2957445339835277
row_012287,0.11755544685099935
row_008334,0.013769954834015845
row_044860,0.019830249637725415
row_031197,0.8205031236147744
row_017676,0.04560766503169448
row_024948,0.028471198865140584
row_030502,0.005426837430625903
row_038039,0.09240526790206517
row_012793,0.11602396324017722
row_032900,0.33400698145969926
row_032824,0.4281960274730573
row_023251,0.062174541989828476
row_015144,0.0013806343495879807
row_024661,0.3635918447210731
row_011944,0.00530666471332899
row_019929,0.33373954532457917
row_024733,0.0038321585325628
row_011501,0.021268893075632296
row_006095,0.015293788796100905
row_026192,0.07946910542187144
row_048087,0.18155587390442648
row_009031,0.029932966362911807
row_034479,0.2851133079538681
row_035554,0.15049620512633047
row_018866,0.4586306107813907
row_044314,0.3180588474120309
row_031300,0.41866780608128407
row_033594,0.02656132155612916
row_038597,0.010413575600960498
row_017410,0.002685128484852646
row_039537,0.00273204178515604
row_024048,0.7262838974325726
row_025181,0.0178149905478887
row_004566,0.016501948662678186
row_046602,0.011484398535805419
row_030816,0.010150760691765785
row_049447,0.4008345309329862
row_032182,0.0015381997268608528
row_039631,0.021853883707270625
row_033918,0.0658323194068321
row_040191,0.05940646558201916
row_034748,0.0057170907731826474
row_019394,0.1715315531157149
row_039728,0.0017242449262169371
row_048202,0.012517569246949849
row_034384,0.3919469887292219
row_041988,0.03125954243238963
row_035278,0.03494264584816312
row_038148,0.3732528456050932
row_012942,0.19586303349394713
row_023243,0.29350569909178065
row_046740,0.26587680047308215
row_005777,0.45606218981599833
row_011685,0.037149703342715105
row_037909,0.4457725679762364
row_000442,0.008743076170444442
row_003984,0.11333687025418449
row_022778,0.01694837713988378
row_034641,0.03609214330134557
row_016552,0.6540006749407704
row_030115,0.9574389669097889
row_042324,0.19310879083211854
row_014193,0.023818200838242255
row_002583,0.02430292522334086
row_003354,0.08030902861937306
row_032207,0.001093656384367559
row_008989,0.10449537107358352
row_013302,0.023996267161591932
row_037256,0.16503367976323227
row_025869,0.01979533998610589
row_015672,0.18298586670326872
row_017701,0.010560213025417634
row_001856,0.26537012519568987
row_015621,0.6027325317834529
row_017905,0.7834081743618444
row_038981,0.06002952546224694
row_005407,0.24174780783777727
row_018874,0.9089811446680318
row_039477,0.40806146555925354
row_048774,0.646418170886861
row_024447,0.18107300462508358
row_041815,0.5701863619588767
row_040759,0.0017964129050917787
row_018449,0.0019441149026676531
row_034822,0.046900659209432725
row_019832,0.011286710463289778
row_043158,0.010230585051012101
row_028150,0.1819121766566882
row_007221,0.02753846833452824
row_023148,0.17802943897645235
row_010169,0.39627393434263053
row_046681,0.17816520761106008
row_042683,0.3330565577359154
row_026531,0.009688634713597238
row_038474,0.8374070438471692
row_025801,0.0766426692469659
row_031476,0.8724056633728113
row_049019,0.03162681218650753
row_029055,0.0066517931033469885
row_041511,0.004699666993987102
row_023283,0.3087075652921589
row_008251,0.00807004986154648
row_023345,0.0167863270831417
row_041978,0.019143902137002847
row_035349,0.4854753970027135
row_042512,0.19433196970661054
row_030234,0.011638465760062132
row_017585,0.43542084948934284
row_004246,0.0030553480247200297
row_048611,0.012477948949126998
row_016071,0.10706714886249755
row_002983,0.003533049183404179
row_013459,0.0171403300941222
row_046683,0.11469890821924904
row_044430,0.004178334390808603
row_047894,0.006464086769212935
row_024408,0.007416746740309125
row_020978,0.016233773834362124
row_023610,0.9114760933214145
row_000758,0.0018694220389762807
row_010824,0.00017561857593268026
row_001421,0.0012758530838645863
row_049410,0.11218297463735769
row_039181,0.18712017046140775
row_002040,0.010309071563595791
row_035922,0.007465755603714947
row_002560,0.0581524028261565
row_044682,0.33334351769466447
row_037465,0.5399273662818168
row_037535,0.004716018249315968
row_042130,0.022019687831938188
row_039085,0.6417279952843027
row_000256,0.27274053253564234
row_029495,0.07167756541437452
row_033907,0.10895758984612414
row_018445,0.045404910228610526
row_020868,0.03215074850434878
row_022693,0.16473715911539893
row_010226,0.022549839912376874
row_034890,0.8959789127767032
row_038785,0.21085810684821113
row_012749,0.07036621109009178
row_041568,0.11166240029894788
row_042949,0.0007962233859608017
row_045674,0.6202135227834042
row_047677,0.011515415625668626
row_037490,0.002553458632881842
row_005774,0.028187397126555682
row_045238,0.722219761014203
row_025298,0.2718174865751468
row_013679,0.8936581795929748
row_037836,0.2519501422065214
row_029378,3.44698540453171e-05
row_007581,0.042249358540124266
row_043244,0.1902437334690007
row_025861,0.00011892612313753108
row_000052,0.010532134420552588
row_033259,0.012585238713675777
row_045082,0.08833334278008141
row_002883,0.03227350157947099
row_004176,0.051228758540434204
row_036927,0.2099744561137795
row_025926,0.12875456920737519
row_004632,0.9999283565525324
row_034345,0.008113081266709071
row_019345,0.008383591358329693
row_018185,0.10779525093474354
row_023546,0.029625632463890075
row_016749,0.4494615765634367
row_010489,0.0933528703320347
row_018087,0.09512768329442998
row_040052,0.011385563522421331
row_002932,0.03325259492712997
row_027130,0.3083722573613632
row_041853,0.04912878135920636
row_012495,0.0007336859760932542
row_035143,0.9750865437842026
row_022585,0.7350456950274432
row_029455,0.001940959100295367
row_022737,0.006106554678359482
row_020529,0.03170946762408732
row_006611,0.00859436199510261
row_045879,0.028589958455390006
row_006447,0.05438770563585032
row_008001,0.0009101327331103071
row_020439,0.233895736076663
row_002071,0.06818357720859615
row_017893,0.6272454861828288
row_036936,0.009799456701787643
row_017998,0.01249132873702976
row_014250,0.5190929303160359
row_010579,0.00846853794381776
row_033126,0.012766857652119408
row_015796,0.035135893601385595
row_047503,0.7197968438508024
row_015731,0.03765211814899523
row_048213,0.10993384917408112
row_029469,0.00902732668367617
row_047498,0.02150029186861085
row_005342,0.02134838235303879
row_010974,0.1758948233619213
row_044055,0.0012455682726856987
row_001905,0.018821426719959542
row_041863,0.13369034962332293
row_049731,0.7605829274650553
row_036730,0.07987693829081917
row_005335,0.2729827707928874
row_033629,0.004253981293343104
row_039391,0.607317463626152
row_040135,0.00028162627080078467
row_040438,0.9367807939964159
row_041900,0.5812306754962309
row_007688,0.0008088756775584947
row_036668,0.45167235458972793
row_008933,0.7520814579373624
row_021864,0.020430974462206174
row_007120,0.018883159970090598
row_003788,0.08614168961647023
row_032154,0.027898460955308877
row_043796,0.11476310903132404
row_009432,0.0021956996958724636
row_039505,0.6326334743630395
row_006640,0.17847883991204877
row_015955,0.021326583053389556
row_031636,0.8304091181887621
row_022915,0.9729713916534307
row_014353,0.0009772970407664477
row_010734,0.027525333029827327
row_000720,0.011444552264400675
row_017275,0.01112422297686608
row_025006,0.7396780829329445
row_020961,0.12106698993645787
row_047607,0.003115284355172825
row_046929,0.022904047399787415
row_029067,0.030610453731416545
row_021393,0.02925478872233916
row_048659,0.005018035552603585
row_025757,0.16277550517047826
row_044231,0.047805785128057464
row_034446,0.027488207604656967
row_004722,0.06951939868226446
row_004864,0.10421270699321565
row_025870,0.004941555666016359
row_019393,0.9031699992076293
row_029738,0.31310169262175847
row_032249,0.011648199907861399
row_016239,0.7851207579010757
row_000854,0.0460673977396048
row_023607,0.012709744423526242
row_016095,0.8675284703145627
row_048499,0.010506339936885715
row_043737,0.0050241129586031975
row_034835,0.048047471887237035
row_000925,0.2595132618908344
row_037800,0.0013032898960857369
row_000038,0.7635161824926361
row_007405,0.024664603697387016
row_040044,0.004577009725137156
row_027031,0.39536731274802994
row_041920,0.67005249200323
row_034325,0.06943686116307166
row_030954,0.0038474525827662067
row_021447,0.02727033222231907
row_002663,0.6541082187330863
row_043180,0.11742941740887257
row_026011,0.004801641607318326
row_047957,0.4440933855405014
row_029662,0.010954897202766916
row_020483,0.026383417579454428
row_001603,0.9589662177538294
row_039004,0.03519769266091198
row_019420,0.11351922599115906
row_016464,0.0061811386115154495
row_023748,0.0022012381065397986
row_027904,0.40111630241764595
row_030221,0.18455483936244504
row_011980,0.6110212261236613
row_027504,0.11903236835058358
row_046239,0.054026750606335786
row_024745,0.054851733959461225
row_026781,0.0029330732349783645
row_037403,0.11367971731720494
row_020503,0.9990198171619751
row_006072,0.6950648114440535
row_013568,0.0036217310941131643
row_014486,0.01428045567286544
row_024424,0.04323330529814674
row_012808,0.05043165520948602
row_035772,0.0038025374799558914
row_005444,0.19867428769582945
row_046936,0.005625662690046922
row_021206,0.07731945227415032
row_033602,0.013359300974585537
row_010566,0.932684815792146
row_000213,0.010209630950902502
row_044335,0.027058186849832626
row_039481,0.004800910999096928
row_017185,0.08208704916904469
row_004858,0.9837710887314699
row_023655,0.014436118659826604
row_009609,0.2562407047519598
row_005296,0.00089503800844128
row_034681,0.020335137668309296
row_043826,0.2512980078207868
row_036763,0.7264282179192513
row_042021,0.007344126172642874
row_010467,0.014172447386150052
row_006946,0.002490306892497282
row_040034,0.4762156074434082
row_014107,0.12952713233962393
row_019247,0.06264293344659642
row_035715,0.9946320336811869
row_041818,0.00648637943710983
row_017759,0.00565673248557795
row_036724,0.10243409433567692
row_006102,0.0005998707013464397
row_021942,0.0025622228858458098
row_023433,0.34594488446934657
row_028411,0.002171908984158158
row_048915,0.009882797778160233
row_036681,0.7427297999111606
row_010761,0.2144365056664
row_032063,0.5856308276315972
row_008698,0.03891766373275383
row_031212,0.009562067782123197
row_042427,0.632419250466551
row_018456,0.1536839084241754
row_047941,0.017776143103058705
row_028627,0.04437962068422611
row_030420,0.016175117931794138
row_026269,0.04877302079303713
row_022338,0.3452094852277176
row_043043,0.02786435663733467
row_017628,0.7224131843789673
row_010735,0.017310157265578604
row_035444,0.018291442419483668
row_048724,0.016819472883543428
row_046211,0.07818753927894795
row_037595,0.8983681586462876
row_003588,0.03291290831192148
row_013483,0.007937791231789773
row_013849,0.009213802579978048
row_001584,0.0006011157027714688
row_000950,0.905869913968452
row_009902,0.00638004400901201
row_026118,0.3087700751982401
row_020900,0.00021714507733858223
row_008238,0.2595344595405152
row_009042,0.9825980187223134
row_045687,0.06095021302255642
row_024375,0.006675757792684129
row_031544,0.5607625600930632
row_004733,0.020771899058472248
row_046578,0.996138364914999
row_031020,0.0029595107368016924
row_036887,0.027375668711656524
row_011382,0.2595036567939992
row_046053,0.2628586171175052
row_015922,0.054885479137421256
row_049779,0.1704017612419107
row_014613,0.46465686736440764
row_026019,0.18359041623795086
row_003617,0.036265304839968794
row_001493,0.004769372857951459
row_024425,0.03234419860461793
row_005552,0.007701963829326439
row_018197,0.06828444029539404
row_016914,0.016314556750408667
row_030112,0.0016363434542368978
row_021070,0.6880391294067485
row_040701,0.0010013866704585545
row_020671,0.6217796071569142
row_034855,0.004795174657864116
row_027470,0.2605354283878261
row_016289,0.6838797922671815
row_011070,0.010079255044032454
row_013143,0.006093609836442902
row_015087,0.05856003334043645
row_026546,0.018467345392461913
row_014335,0.0926999798012832
row_045273,0.003767328839703826
row_030974,0.8520736753246505
row_027022,0.5654287351607556
row_035384,0.8315596873813975
row_038941,0.9959800029279073
row_017396,0.9996321001433126
row_020940,0.8206626535577255
row_038747,0.09253064925288947
row_043511,0.01074201731460609
row_032431,0.08975262114003348
row_009306,0.04097759831093612
row_041836,0.05076053900199911
row_041861,0.7221545356803578
row_002072,0.0033496181344575948
row_038436,0.06566237845277066
row_023133,0.12489835356832359
row_037626,0.3347128843548008
row_042733,0.09066585420001883
row_010925,0.12013387263362858
row_045569,0.0011983732397565143
row_030425,0.09051668002748353
row_041139,0.051679965590597295
row_037634,0.01991147425185911
row_031076,0.04209730125279584
row_019009,0.0028371194718427046
row_041068,0.4020006631527599
row_013655,0.9728509102185392
row_025023,0.0034875880493007833
row_046705,0.07426784003177776
row_025267,0.0045331005888773895
row_004985,0.06987282064836309
row_005040,0.4398030770809928
row_028061,0.047548602294895576
row_042598,0.0031052809023849573
row_029409,0.037368250334550455
row_026537,0.0004732503148845905
row_027214,0.5252007883747986
row_041067,0.3050158185582857
row_026316,0.0008780929863674653
row_026078,0.18592007282728684
row_043546,0.06374459376202923
row_004307,0.016684567230808568
row_005399,0.044807738842580096
row_035605,0.48253456737371564
row_019643,0.1273445837409205
row_011588,0.0004322248168586784
row_000030,0.0004422482011431041
row_027816,0.19059606435617124
row_029915,0.8696621176554512
row_018761,0.0011801842166797407
row_038267,0.1085908616065157
row_013564,0.06703179944448702
row_031182,0.028984777684853424
row_004328,0.017486842189003055
row_013878,0.02533962136500882
row_047150,0.1779865466293528
row_028709,0.0009473674191806143
row_035289,0.0042432858827424445
row_017897,0.00915205613868177
row_027872,0.008418443446175518
row_012381,0.6937566836684763
row_045370,0.0009576105402380832
row_040539,0.1315599637153446
row_003912,0.12904221911979144
row_002906,0.4030032699262869
row_009301,0.37065000070880666
row_028513,0.1571102095205901
row_024107,0.37943390706596275
row_014783,0.00991264966266327
row_038069,0.00016711290812717195
row_047320,0.3716727736801552
row_035527,0.9392553121272461
row_014408,0.0017918802056681531
row_022405,0.39365967998269197
row_008360,0.0015722878999360253
row_004991,0.014080030104110542
row_023131,0.004029782670889198
row_008478,0.004443131198353492
row_036794,0.020501571064064552
row_036110,0.6174156872644401
row_046583,0.9164255669153758
row_040300,0.01976800277760747
row_045003,0.6160478752868114
row_012389,0.3780501663131755
row_005029,0.05417407264524866
row_013830,0.14275853855312728
row_004416,0.2499085982298666
row_008212,0.8579675833817852
row_042574,0.07269768815190927
row_014847,0.03391032628202592
row_036185,0.7847914940973513
row_040923,0.100852887856776
row_027651,0.8206892619584918
row_043393,0.016654258194197767
row_000818,0.0040990557567813345
row_018012,0.022386376951994455
row_048187,0.836694144464772
row_000693,0.004367202773687572
row_045305,0.5771445933350294
row_036693,0.9236474772893319
row_003723,0.42232386561858615
row_046517,0.00019140002531186818
row_036840,0.060884646196038665
row_034529,0.4448335808798709
row_008530,0.006819446351159274
row_004556,0.0011669137710886783
row_037108,0.0562210136819298
row_041849,0.5567021133274643
row_002879,0.022390360210213876
row_012949,0.07387742190388519
row_002598,0.0410175210736074
row_042070,0.9984667687466574
row_049729,0.5989457909048078
row_031406,0.9598586363459009
row_017694,0.04981051372813439
row_020147,0.5265577155190689
row_005701,0.006445522521517439
row_005244,0.01618273639124248
row_038580,0.25455158140231593
row_003939,0.0005564090894638773
row_002335,0.011784584721656
row_040639,0.9621003863366531
row_008953,0.04858624182377921
row_041283,0.030438716220131275
row_047992,0.3713246197645262
row_005236,0.0013805174049836323
row_014537,0.0016482535350712628
row_001029,0.01606933736926895
row_036786,0.004769138411032695
row_039676,0.047854927526262254
row_033154,0.8925239974076864
row_027692,0.0011284928615157242
row_038908,0.04048086141530877
row_027789,0.35706594054779645
row_003062,0.07140523598757828
row_027299,0.04409843469740841
row_020647,0.9997331192238177
row_006475,0.10215967334191987
row_012637,0.02953253314108766
row_035731,0.07881673944687832
row_032873,0.0034500151625620765
row_047078,0.8667200909454132
row_046663,0.04667366337561631
row_038813,0.07510306721697683
row_003783,0.0012279122965752922
row_023639,0.28587009175103006
row_010606,0.4702207444994068
row_008551,0.034321566655471945
row_020642,0.004608851574390306
row_041696,0.055108859891616846
row_017648,0.028380369394411655
row_023761,0.0024861671752101975
row_032681,0.6466258559922383
row_009186,0.9169880240473173
row_006214,0.002674960081824612
row_027972,0.08871228797598518
row_014378,0.08622555796210782
row_043852,0.04635779169771557
row_022882,0.005079271309366921
row_037134,0.12886157357706376
row_026144,0.02109270293669529
row_001400,0.0005702928810260809
row_031275,0.4963984167181198
row_007812,0.6994725804588937
row_045720,0.007474953387142729
row_034794,0.0018658507467151416
row_040659,0.3841626208466622
row_021034,0.0023970958440124204
row_011755,0.02882513437252838
row_044395,0.0004557233116666093
row_006972,0.07683058972078635
row_006991,0.46941065228171186
row_046179,0.6265259105099381
row_032391,0.007490716957262852
row_022083,0.0036688327189022705
row_010298,0.05430143669027546
row_006905,0.18225672640325058
row_003116,0.014952156380831213
row_031049,0.04861590720293022
row_000368,0.004765791729193759
row_014702,0.0026749519982700413
row_004984,0.004400933933879033
row_029224,0.0006384155481105756
row_039278,0.02274455865458781
row_002152,0.11835606288047937
row_034190,0.01536328694597045
row_020093,0.6496706019662447
row_002099,0.0836597500264789
row_041307,0.00465658352672317
row_010441,0.18563102274086632
row_020430,0.020935412813410548
row_041891,0.014413447964953132
row_043667,0.2519471190682771
row_046692,0.010732249630571402
row_033226,0.013073973720636307
row_021962,0.47204139782632176
row_036354,0.0007481256662317413
row_007805,0.08181551855422972
row_023056,0.02387138213330007
row_016495,0.017444195414359147
row_000310,0.0039843651430607864
row_048150,0.016328374524198115
row_005659,0.005918239504901395
row_023086,0.00017209622038977587
row_028588,0.8935639811535957
row_043954,0.004244298396668439
row_031718,0.09092947078276788
row_020827,0.001762457508966093
row_044930,0.034128435043474806
row_012798,0.03358973120770256
row_030023,0.04920794947580172
row_026855,0.5765660413799897
row_038027,0.6805720570822562
row_022744,0.006909261961793632
row_022992,0.009615239069891599
row_046807,0.001593452645018391
row_047421,0.1669072037537789
row_043693,0.018462499346013482
row_042630,0.0010653792558596392
row_002838,0.0036996436627516724
row_005893,0.23692546917917204
row_010410,0.032860041867026527
row_031149,0.361066754715226
row_009289,0.5499571035853132
row_014562,0.561282759810583
row_003582,0.028705828539100624
row_002921,0.16404692402297238
row_018155,0.001169900634885133
row_025470,0.6461853673078862
row_040339,0.6435369925146728
row_028801,0.004623418019695662
row_014675,0.007432872661568682
row_040327,0.015988616345828106
row_002381,0.9982693211852747
row_037784,0.0029652167811617725
row_025432,0.21648143517709556
row_017523,0.09462651532015749
row_016996,0.02290297006155167
row_012241,0.009150448176368267
row_006912,0.06393707184951257
row_042042,0.17094098275060784
row_035264,0.017815562485598922
row_040509,0.00045497097684072004
row_027575,0.640153867635916
row_026312,0.034285023819495344
row_011304,0.1084406557352398
row_027129,0.47289833295426154
row_001878,0.2956143774344365
row_008549,0.7527283837705114
row_032314,0.06358182004749002
row_004735,0.8326971863962691
row_014013,0.007267212721299575
row_004350,0.0796616825381666
row_039356,0.024037694291740786
row_040319,0.0019493117473071162
row_002306,0.9293192639813201
row_049876,0.8423494390666306
row_040030,0.027275834887219935
row_044142,0.0582212598041088
row_015328,0.0072541391214456605
row_006015,0.9965515880467563
row_011415,0.0012685124089678733
row_014395,0.030319673014276977
row_010436,0.0016446932115038889
row_026273,0.0006046282829404205
row_013187,0.0062701406320727635
row_022692,0.0074200098589037485
row_010474,0.004068269861531046
row_009354,0.004400448129017894
row_021284,0.010861235401548902
row_017732,0.023294221217139748
row_045552,0.06852492807299485
row_023142,0.25509124539527656
row_015020,0.02541299851340233
row_039050,0.40314875565946295
row_020028,0.2162784119409541
row_014394,0.0006180785445860075
row_008232,0.0005326204906143502
row_012654,0.06111646490009346
row_034462,0.056347860954460406
row_020502,0.009715779959191052
row_005109,0.03770271160125281
row_015149,0.026437777050020525
row_000641,0.0013184856276217776
row_017144,0.025304582211363558
row_047413,0.21040214691616288
row_023055,0.04771277892702215
row_025236,0.025640163161205546
row_036363,0.007474035756596077
row_047944,0.010300002393580131
row_028309,0.872453178548986
row_015079,0.47698266260813793
row_009296,0.08539192229810837
row_030550,0.026373693959882875
row_010387,0.006273858733736492
row_045543,0.9998084133580074
row_029527,0.02307644755886643
row_037521,0.40989015058105654
row_046114,0.014556857898111826
row_044551,0.014548062697221916
row_010510,0.021484436943424882
row_044446,0.03833829673728424
row_016364,0.0050086815984024865
row_036805,0.0023982782418750692
row_017745,0.12814528126458608
row_007659,0.04072247993233523
row_020099,0.06458633996908857
row_035873,0.0021484315167416995
row_048584,0.0671873053134845
row_041826,0.3159833450836657
row_046236,0.01669534062068565
row_010941,0.29090236865131675
row_047030,0.22851624840174048
row_017854,0.04323309447822261
row_034124,0.08423760517152666
row_029403,0.005883796677990027
row_006951,0.010378654047809865
row_038395,0.6858001477093677
row_021953,0.042844032482281
row_030297,0.014748098998573081
row_042999,0.007124029346875964
row_027583,0.3382605988236977
row_029557,0.005199135376110484
row_001802,0.015241251639509124
row_035693,0.2984895777884956
row_031430,0.03769946355580003
row_021838,0.010275998702017902
row_001918,0.05975922241350694
row_011316,0.6448004863178152
row_004470,0.1118313016058191
row_024306,0.08190107560528688
row_034756,0.004380663330779499
row_045105,0.2981189005532294
row_044970,0.04033597993303191
row_000072,0.005221969607761489
row_018579,0.033184169484588015
row_041622,0.0539910853943248
row_048903,0.09732874655994134
row_039255,0.5527833761465125
row_008316,0.004640794033835764
row_036328,0.5350186948396171
row_020781,0.9347167132544374
row_009248,0.06995284577804739
row_035568,0.06524188796129293
row_016584,0.4600095418024848
row_008323,0.13719615280191227
row_008906,0.40211628206372063
row_001215,0.08712922591940848
row_040470,0.0014474014515043774
row_019742,0.0436661747730248
row_020013,0.015681641221306025
row_006801,0.5268625619217673
row_004201,0.07403546298626947
row_021956,0.003341068707882945
row_030099,0.27386857187360314
row_006328,0.12715668661720902
row_016968,0.013604729325489902
row_012525,0.053376694164985666
row_001130,0.8697331587490308
row_046896,0.00022253509310281235
row_023208,0.11395235468041642
row_025336,0.03797125183635609
row_001876,0.039732046778818676
row_043400,0.5722209519024378
row_026085,0.00029950955135675083
row_038816,0.6736105867367085
row_045061,0.3857653159943039
row_041958,0.07805403388347933
row_011662,0.006659849133038984
row_047441,0.00350459161521662
row_049045,0.0022232949182873344
row_037269,0.06050343315320578
row_038613,0.000622461770414827
row_048505,0.8529169570744504
row_029843,0.20125616514939362
row_003144,0.04506402519244035
row_030657,0.6188747567421937
row_013432,0.22695741578581718
row_047278,0.6101116878135034
row_013044,0.02537571979176222
row_046186,0.01731084909987142
row_009546,0.11421482594546098
row_012170,0.9992820485401837
row_027986,0.09147539907372489
row_001207,0.13196455571064253
row_017577,0.04315276095467006
row_000855,0.09348937940955561
row_013570,0.5730548447772338
row_047901,0.06320386453271386
row_025228,0.0011817698109825863
row_020287,0.006542796832322914
row_021563,0.9766952280366098
row_038964,0.11368615303519881
row_002347,0.043247999201722113
row_042089,0.006981518586419101
row_011748,0.14651720745928062
row_004927,0.22384663487181586
row_010323,0.1599466738773209
row_010635,0.007044167625664758
row_008674,0.026668432423013803
row_032538,0.07012799813300805
row_039980,0.003924609828886921
row_042071,5.788381965121651e-05
row_032410,0.21561552718554713
row_017089,0.6220760141276599
row_024320,0.1272372597157896
row_044949,0.012593639422327739
row_016321,0.3457086117605866
row_047350,0.017252431370886525
row_019624,0.3041909074398197
row_025083,0.7477660666454768
row_047203,0.7606917458018569
row_015069,0.06542342558512836
row_043681,0.03361381827831485
row_033183,0.9952176963630989
row_013093,0.8958040256531047
row_040812,0.2011630861643001
row_015666,0.7509915205752107
row_012534,0.02835619058890065
row_000826,0.008066090893784754
row_034492,0.9204057235542423
row_018096,0.46793159083478625
row_036854,0.7286328281242336
row_014303,0.0820598924137225
row_006196,0.9531999400009696
row_002849,0.0003173315467360912
row_027430,0.26003223616426424
row_036780,0.9031417259810461
row_002654,0.0017573219232741256
row_006847,0.1449527806245343
row_038774,0.0012001489980541396
row_041165,0.39717897431860055
row_039945,0.00113710386573088
row_015626,0.07597097555738737
row_015275,0.07636048589779379
row_020920,0.3249464512043128
row_018114,0.6177917932475823
row_024118,0.676817845421898
row_025324,0.0048639407549651665
row_039192,0.0040536382384599905
row_016664,0.004946069604211137
row_035604,0.028102490892980864
row_023816,0.06556629972603516
row_032601,0.9581553894451725
row_002351,0.0067699295055081085
row_035498,0.03563406154665971
row_012738,0.1313435898685498
row_029894,0.013192779087416437
row_024596,0.7356235540076363
row_042883,0.28729841479950474
row_048921,0.4100571926801945
row_023418,0.04362330692903309
row_039360,0.6296750063813307
row_031889,0.07939548015151819
row_016343,0.021156381984658214
row_048439,0.0014633199883911834
row_032734,0.20254109459299796
row_036133,0.08269542140141115
row_026893,0.021387243519670217
row_034906,0.9826812948430901
row_049263,0.9010926522980485
row_000304,0.050726734151189126
row_039275,0.9851909860258768
row_035797,0.0543505584747069
row_014547,0.25684637115203385
row_045984,0.5093889557198017
row_000978,0.9320277229328491
row_018988,0.21908213433643048
row_034396,0.9781362285282289
row_029643,0.00877915828533975
row_031129,0.5842955330115203
row_023682,0.01588621854089719
row_032701,0.05577295262802932
row_006548,0.01790541276485482
row_006517,0.9744798324491949
row_031805,0.5025850635110619
row_042881,0.020251636312673342
row_021767,0.006429268594508339
row_029126,0.02440140252330608
row_018760,0.006749680587844023
row_035738,0.8709704724315166
row_013023,0.5105855523055572
row_016542,0.10266303007163022
row_007081,0.9997268991021778
row_003572,0.022249030285561196
row_006226,0.0546908424383984
row_025505,0.20041364515779153
row_017086,0.09067901894295624
row_022549,0.08629907790895722
row_006448,0.0974978667398553
row_017082,0.0031595940752066226
row_022079,0.5008365697155379
row_044556,0.04420759727554657
row_016730,0.009669614597372646
row_035814,0.0384855977641749
row_035846,0.05005041726524473
row_000112,0.2951165217979113
row_004622,0.004976364361934776
row_032799,0.903123069287632
row_027217,0.9321504061530547
row_042907,0.00500657005078375
row_027901,0.03353051510145857
row_033810,0.0675930325007973
row_009469,0.03067302341048913
row_047185,0.09251380099777753
row_024004,0.048305029184993506
row_049927,0.3592992340363303
row_010438,0.08238375238249743
row_049920,0.47113923195006197
row_001500,0.016347050712644584
row_014424,0.9792200815595618
row_032945,0.011126080521278637
row_048313,0.4251576789703071
row_017753,0.7890272083288415
row_013992,0.016453571906080038
row_009461,0.0033635564983881074
row_014008,0.02024501059174751
row_036094,0.21504975836987014
row_025547,0.13188429083390268
row_001823,0.04376737557818136
row_020485,0.21588858291819
row_033423,0.023135988445378945
row_014468,0.025486322025703285
row_043125,0.589079124373683
row_032296,0.9757880301972214
row_002580,0.09562492068022768
row_004309,0.15840515213573528
row_044677,0.004643546829988881
row_049108,0.02369464576100853
row_043928,0.011920731824972853
row_016747,0.13382961933792661
row_025512,0.00020861654582243373
row_041188,0.017023184509947283
row_025147,0.01118345482999498
row_006789,0.9242261981525117
row_016241,0.022219256401376584
row_001632,0.012221733906150296
row_013073,0.2454890997151158
row_034731,0.09849599657805465
row_032299,0.0009153542423492641
row_049066,0.004903546940642153
row_013717,0.18891483032667777
row_027561,0.002704892316234723
row_014156,0.007922745573755767
row_025350,0.050396375435740576
row_035074,0.8452674270989596
row_034898,0.040044848224831626
row_031712,0.6273119646021608
row_025249,0.006220187314628381
row_024167,0.006048857104137925
row_004441,0.05140462913979807
row_034262,0.003894912040869314
row_007239,0.006751864690742833
row_029726,0.041748849748348776
row_039753,0.24308501413256353
row_001059,0.03881379611649952
row_035593,0.5863505501948367
row_044977,0.06598663930558103
row_034105,0.9120890187093316
row_019423,0.06367755218534962
row_011114,0.5607780436971682
row_017973,0.04780992662203579
row_041394,0.0074779355300744026
row_001136,0.06026698205317395
row_037903,0.005930678356294191
row_019817,0.014628487097044998
row_017062,0.001200715297060414
row_014306,0.7894299995742112
row_045461,0.3850844248264024
row_038450,0.3906143068551466
row_045141,0.38085704945225096
row_019437,0.13143457040927287
row_000110,0.9435959572939565
row_010382,0.3561780352267891
row_022332,0.9956077544833051
row_039809,0.2773069431538219
row_040761,0.1674073987471692
row_017950,0.20382586707250222
row_029288,0.11939235146190882
row_021597,0.07599011848859567
row_024710,0.005329562567717338
row_002166,0.05525732757072917
row_029429,0.007227791459293746
row_042944,0.014754087729051063
row_031514,0.001024656995482025
row_032120,0.323626989707761
row_039196,0.3034206889323617
row_045279,0.6045287716496985
row_017169,0.1556530743742826
row_016750,0.6017912370354058
row_015816,0.030515437142414236
row_049622,0.007173437970165635
row_012562,0.9805368553272167
row_001967,0.9780884067964088
row_024605,0.10762913940314264
row_013178,0.008316082818545106
row_040089,0.2239308317097483
row_002461,0.06922660946158254
row_045474,0.004839308235314913
row_047204,0.12282084819567593
row_020446,0.009032193867866486
row_041185,0.04096170629063231
row_042196,0.9090853168239101
row_000354,0.10663283213234107
row_044584,0.4985964289792956
row_039776,0.041587035196181565
row_030423,0.33818093434440727
row_029119,0.0023522708665942712
row_025597,0.48558227769295775
row_027062,0.0002644995693200891
row_047516,0.02751110677191042
row_042906,0.15330301009081143
row_024813,0.35801275553344114
row_032247,0.05795076756764427
row_014820,0.0032400647367823144
row_019235,0.6905399752298745
row_031185,0.3122247307709272
row_000856,0.3354678817104246
row_005645,0.9991257000901813
row_042095,0.9284230629527651
row_028611,0.3400136398891348
row_008310,0.02362284812492024
row_026130,0.0063047431888202665
row_041220,0.004414060751635156
row_041377,0.052804901544189174
row_002329,0.030453414300828756
row_023474,0.0010776481953328912
row_015105,0.20973303238905538
row_044814,0.021336430356283832
row_015411,0.02281406688777996
row_046405,0.09775575835519336
row_038367,0.007502140299776042
row_034304,0.06625121825447136
row_011757,0.09225552660787352
row_028277,0.3758591563043177
row_022472,0.018652662377755175
row_030229,0.038873594913439974
row_035932,0.7968747776074923
row_043184,0.03821988602714388
row_046112,0.41623875543596556
row_002586,0.031045495906018523
row_040440,0.0008951441631626262
row_046312,0.8062222641890778
row_032433,0.01858380380703067
row_025962,0.005843828671329725
row_045878,0.23201831082327118
row_045027,0.6569719092342389
row_035404,0.0027437095178594233
row_029949,0.04354288669601432
row_027760,0.1259841612116287
row_023016,0.003740550109558491
row_012190,0.001719400937915253
row_034825,0.25577442139443657
row_033007,0.7343952263097026
row_040019,0.16108172932836434
row_049243,0.0015096748421843896
row_023591,0.35792152578243114
row_000344,0.00802001523595273
row_027057,0.45712306478123965
row_011383,0.00023159218749691117
row_030220,0.1463604701472443
row_033553,0.026877834993641665
row_026817,0.0052079022451978416
row_035300,0.14872015042808687
row_008826,0.9423926405756663
row_033955,0.001074885289521861
row_035783,0.00427368885811035
row_021215,0.26052086427471227
row_025952,0.045844013974553476
row_043864,0.8900301661563824
row_043403,0.1860890212729975
row_004191,0.5420751478250266
row_010000,0.38845298348717827
row_041009,0.28906429034012804
row_005668,0.005700059172116525
row_007340,0.019841285808177525
row_017850,0.11768474554507452
row_001213,0.10623173924167607
row_035773,0.012472657040473492
row_022804,0.0710770740849669
row_033004,0.9983346130739764
row_009611,0.002276079904010455
row_029295,0.000971445802701582
row_008368,0.003618288466321203
row_018436,0.19681874129782276
row_012226,0.11139780049431375
row_008992,0.008239995071571823
row_000203,0.0705440518886357
row_007041,0.02259395142067631
row_022151,0.023683497975601753
row_034718,0.47875468284626577
row_032032,0.015938600535687283
row_021186,0.013704506368885276
row_000410,0.9305660724235028
row_042752,0.9968039354109783
row_013531,0.3564697547672378
row_022282,0.002674943228153139
row_023370,0.018539924559563548
row_045383,0.17186039270563377
row_006883,0.010640041943540037
row_009173,0.0244686641037859
row_023186,0.9955968086995912
row_020330,0.11481591497399307
row_034972,0.2267427563449785
row_012186,0.004359852135980724
row_004594,0.6423731152096988
row_006855,0.1168921727249529
row_011635,0.01503717183052028
row_027853,0.009752963861807086
row_036624,0.043903662204867126
row_037734,0.0018161963003129331
row_032718,0.13255397994472864
row_003219,0.045456432302397
row_034317,0.09750478392097767
row_007290,0.0005260861263681696
row_040606,0.04673322706920416
row_007753,0.0035564520414834403
row_005438,0.706357407643882
row_006609,0.0014248189378714058
row_026059,0.07450087519436999
row_032977,0.02522187538982962
row_033292,0.14524797401118533
row_004087,0.02448336923433669
row_033399,0.09988599732514165
row_007601,0.09891347592967335
row_033816,0.003830202782920306
row_031239,0.0018718937093959844
row_037582,0.00041752102831518994
row_017289,0.8851523857955125
row_046402,0.00019911939776086923
row_003705,0.011036795598648123
row_029304,0.028563637592642094
row_038699,0.040279661889810824
row_043371,0.4003721629427809
row_017524,0.3804844491338902
row_012716,0.020880427578986917
row_010264,0.007158641909309892
row_009192,0.04353825891547979
row_000550,0.07103119802951482
row_048200,0.05701419311362649
row_010111,0.9716303136383831
row_047586,0.0337427757237505
row_044675,0.03196380722542755
row_007142,0.009404252942874195
row_023046,0.014768933836385468
row_011125,0.038987964973152114
row_025328,0.4219753760652994
row_009569,0.42293886360546856
row_044305,0.7020051359529581
row_017072,0.9931900563583044
row_006137,0.05477373525357373
row_001192,0.16859761352482325
row_041270,0.11979993349822046
row_044696,0.0454633375414546
row_023381,0.14040423986112882
row_021062,0.7771024290044181
row_048314,0.0058102550500319814
row_005942,0.11040379452335083
row_006704,0.04958824282046199
row_019928,0.3683998936555295
row_000436,0.05375504662670454
row_005780,0.6368358875133594
row_007286,0.06874069963440346
row_008830,0.14834071863793633
row_030655,0.6140965945117934
row_048266,0.5468136911378984
row_048930,0.012103545884952025
row_047120,0.08477153732898597
row_037984,0.05056635243167617
row_019888,0.0013694602789420954
row_004031,0.08273113976606833
row_049999,0.9791629784643122
row_001973,0.28818838855673223
row_017030,0.004049773493919524
row_017220,0.10382762301812355
row_035266,0.5080899713056798
row_048257,0.9240691220344687
row_038444,0.04052138268807989
row_017374,0.19480907779317644
row_016465,0.126381107939581
row_049832,0.0747050090737938
row_021499,0.345089806766134
row_031314,0.09511727669603084
row_027722,0.16319650125497948
row_007310,0.016542035075855846
row_030260,0.10559608805353683
row_038914,0.38940074989840295
row_044989,0.04605586742793391
row_000471,0.04132202505621338
row_007923,0.005018901575205616
row_030073,0.0682038278314169
row_041449,0.3207279955578221
row_014461,0.08067026674013905
row_047561,0.038188956078451436
row_030820,0.15515895744286567
row_035446,0.18785853694844543
row_022943,0.09153811552839393
row_028700,0.6554475450457828
row_030060,0.09618778646775927
row_020310,0.039830720034556615
row_038482,0.2692037423806715
row_005484,0.07007067586331513
row_047846,0.3810268973970257
row_013894,0.33894975865078814
row_012473,0.0018758188538375846
row_012796,0.12637982461898498
row_024483,0.575440342224362
row_002741,0.004491774874409352
row_018934,0.08335539258905338
row_017660,0.8434046685197546
row_041931,0.30584254638765357
row_034816,0.12397322636347538
row_047734,0.001222894477628678
row_030091,0.014300298618810945
row_009308,0.05182708086239867
row_045484,0.00992742868992
row_027198,0.009913938275151999
row_025792,0.009709310945037469
row_032506,0.33114414502866346
row_040973,0.033082228636989536
row_040360,0.14569110264439902
row_004582,0.9476078734165375
row_041436,0.6910385909077456
row_013341,0.12654056837806874
row_000760,0.049261745077335106
row_002697,0.8099684863543452
row_030465,0.7846797446959926
row_021860,0.0057651604588544745
row_039792,0.22826849379495365
row_047893,0.9263997434213385
row_039487,0.060006604453796394
row_019703,0.054045044814925884
row_021682,0.01828485477511697
row_033421,0.002028455337783401
row_018933,0.04871968813420241
row_043885,0.0015357745492237066
row_005068,0.032411988899196026
row_033641,0.002476009406079207
row_048587,0.1658955526389726
row_030185,0.08350844644761869
row_031992,0.09710140373110934
row_002388,0.10517262137518993
row_049609,0.021814432794134007
row_011237,0.732514456727753
row_032725,0.5866184879597883
row_013218,0.7695018883523033
row_020512,0.3025559043275718
row_038925,0.4433052126533585
row_008808,0.02371807467402627
row_016053,0.0007368462126025731
row_027637,0.0008252877343283909
row_010696,0.09811333588270355
row_044624,0.0015937563827171104
row_001179,0.024510073518729084
row_029104,0.0036813745849033313
row_006983,0.9864088432405208
row_013802,0.04782331270902349
row_035272,0.03359316555861314
row_043205,0.0479695828601269
row_044548,0.8782774499329902
row_005650,0.2648685766598786
row_011199,0.0075407211540588414
row_012586,0.927544337204592
row_027880,0.00048439686014237665
row_042984,0.12956072603497548
row_013191,0.0041334173311645675
row_007648,0.040635609607721106
row_020731,0.3041649225023619
row_021445,0.03517276450235283
row_008135,0.16771279625285007
row_026276,0.4716601388031632
row_037508,0.014756788457266908
row_033467,0.2539777284233395
row_020070,0.00046007308628282965
row_025396,0.015739444594364875
row_023827,0.13263790098752695
row_046939,0.6170806197310965
row_006335,0.007954206070147157
row_039416,0.2809054644156104
row_036036,0.004771074897064927
row_001844,0.0019762495409997765
row_032301,0.00538182040544084
row_025930,0.06214310453279019
row_002468,0.5827446247818379
row_042877,0.03883475807155697
row_011647,0.03357389926330758
row_004252,0.9521673276376694
row_035724,0.4689993782047019
row_009348,0.010694973584450899
row_028283,0.022560971770710078
row_022740,0.23232012412068073
row_031951,0.22935061996692196
row_046561,0.1182943175463975
row_019844,0.026941308437862403
row_020522,0.1071032348670528
row_029618,0.003082859891560294
row_037482,0.18986119108552424
row_033181,0.04354389226199514
row_031251,0.0474498257597538
row_039790,0.41871014400292045
row_009285,0.6657410266665528
row_003542,0.6765038792003151
row_016547,0.012757914040063793
row_005334,0.9888698177275846
row_027815,0.9835735996354477
row_010742,0.004670451750799856
row_000417,0.021669445284938974
row_038305,0.0014914873040206612
row_029114,0.008973732836651092
row_012677,0.13037100099700383
row_035283,0.023077302230235384
row_001440,0.0007207296949610636
row_043407,0.07026359914546271
row_047580,0.00014357246916079971
row_024090,0.2203330767715386
row_021131,0.7869265206189264
row_003286,0.14727039712214643
row_017979,0.6462387693338563
row_045122,0.016802839558350328
row_028869,0.004770607474432803
row_044580,0.0006871571948076048
row_007354,0.11656680069802136
row_026409,0.1562593751745807
row_044326,0.00011370212445468785
row_039094,0.020749566806777236
row_004360,0.2569520696841525
row_021653,0.002473954972941767
row_043823,0.9995896166569826
row_042857,0.7242929684864244
row_010699,0.01409120415140368
row_003734,0.012312494230853241
row_011777,0.043608987503499244
row_005858,0.0006513882162370084
row_033566,0.8617216161368803
row_028904,0.6329366169401127
row_026844,0.05081717332898921
row_000491,0.003062713826998416
row_022505,0.025212401008923576
row_005035,0.19750844289190733
row_025585,0.018856828112173284
row_030555,0.84985416244781
row_002232,0.12404653847390655
row_046946,0.182734539099006
row_009635,0.06324638405850003
row_027713,0.9930033470452004
row_013880,0.013606975940303223
row_011997,0.37278268431437117
row_007016,0.008632298633911099
row_017842,0.016122632307834495
row_027999,0.013844772855667849
row_019952,0.8074765212730832
row_022354,0.0033912621851849164
row_013098,0.28690866931416087
row_021852,0.013488214549335402
row_009867,0.7945488788082471
row_043631,0.8036536025327456
row_014499,0.0009032899382517032
row_045228,0.026188727681019323
row_021803,0.008454930219366961
row_039430,0.015666718488552046
row_038303,0.008565181423906906
row_004634,0.04786876009112194
row_000010,0.9182989950725663
row_017124,0.043080458182495014
row_019349,0.9775179861596014
row_007225,0.9464305841786044
row_031067,0.25558983179246475
row_013567,0.22041433643250144
row_009061,0.21769320468600145
row_021639,0.07361543140325073
row_038497,0.0045443644859185246
row_025696,0.7433515883531724
row_025159,0.10579283540204241
row_021946,0.9767729334824825
row_035285,0.1626874610051669
row_043104,0.0004843234768264058
row_031159,0.018261235768172488
row_021456,0.0034363634510392
row_016609,0.0007113322918261072
row_024712,0.06285903780463904
row_021435,0.02445763354684694
row_040273,0.07448028644015263
row_041616,0.00026434840279901135
row_022461,0.9279898455361029
row_032903,0.03929421800879083
row_000023,0.0016735197166561427
row_012388,0.03315839848516263
row_012138,0.9993750808201395
row_021644,0.8393577777361689
row_033041,0.39268858634285536
row_018074,0.0593564631134487
row_014690,0.011027845019161745
row_030283,0.002171105410926868
row_013492,0.9910420776505066
row_044707,0.004945598748124617
row_041385,0.025761379303376408
row_029341,0.3376734774557028
row_014444,0.017102593110055686
row_046500,0.30008207493014455
row_032527,0.002299638601839422
row_040620,0.7317948673216179
row_010377,0.8465040378133653
row_037985,0.03915315062706086
row_021453,0.6090323481352637
row_028310,0.013844399957313703
row_027059,0.9627831488506171
row_041059,0.01305441310537743
row_023755,0.2151601923479066
row_004762,0.10429295786326308
row_019789,0.08016864648173572
row_006260,0.0025661525143879167
row_011094,0.01721147593435564
row_023770,0.5093461091841841
row_048859,0.8398043635151894
row_020360,0.17890254013854137
row_017920,0.953860846391653
row_023745,0.013457497172108942
row_026417,0.026186450541668523
row_041991,0.33392516275447565
row_007107,0.13540844761388401
row_049628,0.14949104798537827
row_014557,0.21299768110881123
row_048107,0.17366565123569463
row_037018,0.0021785623846260166
row_037785,0.9853947029000238
row_017948,0.4430512270095767
row_032378,0.0067490241754119065
row_044243,0.0028487038514193623
row_003385,0.0018046020248297337
row_002870,0.0011277365805034698
row_048325,0.019066763389189056
row_032570,0.36274152890272116
row_041451,0.5248357091539352
row_001326,0.027697305594412965
row_040653,0.040538013029031275
row_039853,0.0091524945349926
row_014252,0.01719985128606457
row_045826,0.004716326441946247
row_030340,0.30005243170351137
row_014337,0.025806367180541565
row_010771,0.01231177760160794
row_043422,0.0002829291951168206
row_033191,0.15863488705668574
row_023288,0.015094183793233846
row_004444,0.004433900934755811
row_028988,0.13875057045529496
row_037243,0.4809050239355701
row_004474,0.03576563729035105
row_013406,0.20555936725315324
row_042485,0.2671515704523425
row_007329,0.281148342117615
row_005621,0.00936721833843435
row_030725,0.01105158156149306
row_031991,0.47001179044170954
row_020690,0.7108732265735223
row_049953,0.9925184206909389
row_017305,0.009422606215333987
row_048506,0.16852791437926817
row_034524,0.6240326645871882
row_021211,0.27331600088347385
row_030771,0.2676867862327334
row_034137,0.0028641855569159482
row_003871,0.004149671682469911
row_005138,0.7107113786078462
row_041641,0.00353565943507734
row_018057,0.04775245223149244
row_039628,0.0651604638570582
row_038764,0.142759600244749
row_021086,0.26325568960952306
row_022029,0.469573346200026
row_018490,0.09222156515361193
row_044423,0.0009611940284787278
row_026641,0.17294245180749085
row_001364,0.009000823790174538
row_031369,0.592828502801188
row_038722,0.9000979379930241
row_003573,0.05183796420679363
row_020537,0.01598444967744974
row_012898,0.4066755508062254
row_005375,0.08952417397317895
row_035758,0.042029539527525486
row_015575,0.03120288808245768
row_031913,0.0027765813077366684
row_004349,0.5580513565130142
row_035951,0.0031277770503905463
row_043647,0.3060831126392831
row_012604,0.0398269189411563
row_002608,0.07802992477872092
row_019665,0.004552048557372771
row_033443,0.008583381145096531
row_023272,0.9935957510860723
row_033513,0.01167000330158981
row_004458,0.142804868221617
row_030759,0.0007514738608271493
row_023449,0.7209745050310324
row_034697,0.07301652146447647
row_037877,0.0417447561436225
row_025498,0.0015703141958435826
row_017693,0.01286754047177905
row_023402,0.019418034641290674
row_026387,0.36872151187363594
row_023382,0.028251557745994763
row_035898,0.05517895637911508
row_046883,0.0020708024417952346
row_015370,0.9722586316291101
row_002074,0.0201246002173006
row_029779,0.3907446733355549
row_003259,0.48480901371338747
row_021608,0.035489044416970116
row_026529,0.2851783449698219
row_007439,0.014871201918930602
row_023766,0.6400607878496832
row_032983,0.033083034884187824
row_037119,0.5893513975581793
row_010559,0.00014323180770678862
row_006977,0.08177356469044861
row_000715,0.3460609785849968
row_033557,0.03812290384760017
row_033317,0.07040667059752184
row_036723,0.04103451066244988
row_010642,0.5366659417289332
row_043327,0.03207903275225884
row_048082,0.9755886720351856
row_032086,0.05031853253877519
row_048399,0.0010405024902204116
row_034250,0.013493822516957766
row_030300,0.07925033707345427
row_016876,0.07266106371023462
row_023732,0.0026660916489279294
row_022043,0.0007133001076411392
row_008727,0.2445797207709112
row_012537,0.013630918561966708
row_005666,0.007551798689017162
row_042871,0.04793643794838834
row_030127,0.9863409951819173
row_011138,0.03522007497742322
row_025384,0.004790960260017373
row_016428,0.005058620984640948
row_036703,0.44130059013246337
row_048355,0.006514660616597886
row_046066,0.12767568531862344
row_020872,0.32928239106274515
row_017567,0.03744594923327496
row_002970,0.0032986101655781367
row_029669,0.9370652776040153
row_031981,0.0013169752140855038
row_020263,0.00046501160284941143
row_039289,0.000830210930258192
row_010868,0.21232644169319256
row_037685,0.0043734718179583324
row_017937,0.3382173270738437
row_042888,0.029124158131854205
row_033076,0.01196133911583069
row_020816,0.12034229543380222
row_049058,0.1300764693731796
row_009593,0.12114115327697533
row_025156,0.7227358299634975
row_036089,0.5438293957970189
row_013956,0.23204327378992348
row_037346,0.009151610354666766
row_035820,0.03401232385851425
row_047732,0.9458556473977525
row_019959,0.06039732957941079
row_022789,0.4252097719473975
row_011353,0.014698861921183965
row_019850,0.00867302828513366
row_016163,0.008633467992657146
row_046202,0.006757464652558743
row_009739,0.028719361928224305
row_001897,0.03971164619626639
row_032959,0.0031955971750560986
row_016893,0.021908495047256886
row_047114,0.4617906265467654
row_031796,0.38307160959851133
row_027208,0.9679223579333454
row_010127,0.005862584785235854
row_023069,0.9947507776489072
row_027551,0.06463736576248537
row_009825,0.22023994478723785
row_026519,0.2631498746365067
row_024246,0.7118463072179251
row_039046,0.6907980276960649
row_043162,0.02873734197061464
row_037559,0.005504674366787542
row_021519,0.002700621054259481
row_024439,0.32460798136882496
row_018470,0.9980659040165525
row_014693,0.27754219666670676
row_007338,0.012024468942445599
row_015752,0.04291736084318783
row_026935,0.10231021997846136
row_023462,0.006685676925202698
row_016950,0.03875772838680206
row_042261,0.7062937750806102
row_041016,0.004456944443578486
row_009753,0.00019965537523743688
row_001216,0.9996264237349911
row_011938,0.5333769825495477
row_049957,0.043638730594244814
row_020242,0.013986159801997551
row_030590,0.05913661523618273
row_004998,0.0010912607253289756
row_023647,0.030824953840405858
row_027545,0.011963143048213314
row_029887,0.016402878137466576
row_027164,0.11052387377151676
row_017051,0.02003429267302558
row_012224,0.04479745627285178
row_039758,0.2133741547963457
row_037806,0.00017783858119071764
row_016423,0.017556540551320506
row_033369,0.0900108619848036
row_012666,0.03238608029726402
row_001611,0.06250269860085951
row_028336,0.03259062327915802
row_020197,0.02246306909895294
row_031814,0.672814669942511
row_022641,0.5797116618213913
row_011311,0.016927340079648627
row_010993,0.021789879475206872
row_027166,0.832239213904152
row_046922,0.2747676634056491
row_012707,0.23124385312732137
row_039497,0.18277119312016948
row_048580,0.4159000644944237
row_016702,0.016766002809695004
row_021132,0.2254106796466829
row_047207,0.44446177273150533
row_034631,0.33191864482752304
row_040384,0.48176765430855745
row_007526,0.008061691968600971
row_001828,0.004152760974632451
row_027114,0.003421815966639672
row_027265,0.6494111499419983
row_041986,0.14624184043207797
row_027406,0.0046707483938798165
row_046007,0.008348303584627098
row_049516,0.01654809164274722
row_001197,0.21821235998306973
row_013361,0.23664467814392587
row_021714,0.061177820387744164
row_040719,0.015044939571267138
row_011149,0.04253128315238076
row_026363,0.3010092852640914
row_043251,0.08763123530157904
row_026293,0.0005413578539943387
row_045948,0.013235957134393647
row_010276,0.008376552644361206
row_019834,0.0027952034736679265
row_026110,0.002635890882044376
row_030006,0.20464285088912956
row_037125,0.6260792398236551
row_006891,0.00021374274524909844
row_040747,0.07992299503267924
row_031019,0.0004278338960535915
row_010847,0.030674444190833566
row_042873,0.03674693630308335
row_000444,0.007752159472424079
row_025257,0.0025839353235532813
row_026389,0.05605622373708272
row_011059,0.332741992687829
row_047493,0.0071322049988214375
row_037986,0.09574031667210557
row_011367,0.008083602251501823
row_035026,0.00037244747469696954
row_010330,0.07369606789208208
row_028814,0.002300408081792976
row_023134,0.011324180485321024
row_038188,0.10648757850743726
row_020667,0.09979849639756848
row_049774,0.24791650170999727
row_049687,0.23229482569981835
row_005249,0.36932291326777567
row_039494,0.004750921780740214
row_049723,0.003342496065355886
row_012205,0.9868621262950888
row_022965,0.022376707750272375
row_049098,0.011907363587613394
row_028775,0.07930769139978135
row_011008,0.000933449029112268
row_006144,0.10784323662757733
row_015815,0.030132726290774927
row_031819,0.006865562597518626
row_019991,0.9998561757812684
row_016739,0.0005185125081668588
row_012339,0.015680481007908986
row_044111,0.09683961109187973
row_044041,0.1253266474121947
row_025469,0.11446302948717718
row_010114,0.20361762143143108
row_018286,0.0075847384118507
row_044914,0.03562801418611651
row_006496,0.638184099428181
row_030448,0.18637173410712088
row_022163,0.00696285202798082
row_009617,0.1545182165892944
row_021958,0.03095094208773235
row_030931,0.03372373077019522
row_026214,0.018376895474229517
row_017221,0.42409153012512824
row_004289,0.010603766737215478
row_020592,0.585414464955282
row_027002,0.01591460056493554
row_039332,0.6055429896181348
row_046918,0.12173152997027785
row_011145,0.029987807794476698
row_008902,0.12296918632825224
row_009760,0.5290219835432739
row_014782,0.1887166594584062
row_008453,0.9990512865950938
row_004488,0.17140964853095247
row_001088,0.38997744335075657
row_018250,0.10867946999479738
row_043483,0.19521003403162873
row_014470,0.0010260456462752264
row_046511,0.0013395295094018177
row_042730,0.005636305392778438
row_023333,0.04138178300228977
row_022195,0.002686251469615496
row_027209,0.007532342421462957
row_031361,0.01889248177731012
row_047698,0.09631877215216532
row_035970,0.9597512551386768
row_049454,0.00825464610158599
row_024178,0.0022428373325833672
row_035429,0.010841137379895144
row_027770,0.047780385567881535
row_012790,0.2505547273627848
row_029051,0.004177072459496311
row_020399,0.2722322802767439
row_032029,0.8265850508978185
row_016528,0.022035676500335884
row_033509,0.1007724578885621
row_002354,0.009670287104893004
row_014026,0.002677990083207191
row_029740,0.0019716562041758793
row_000564,0.005581968797352874
row_032929,0.03679068945564413
row_048020,0.6940435534794904
row_037121,0.005554754238101387
row_024554,0.04493681257603154
row_014216,0.21381639035349104
row_047839,0.009096028574966927
row_005481,0.3522481139422137
row_028357,0.012890374768693936
row_011723,0.7050295155412161
row_005602,0.6747771515652219
row_042706,0.08676759095437248
row_016400,0.8743590182472395
row_006505,0.014922320643055906
row_039201,0.30639382212961624
row_049790,0.008296918887303975
row_029130,0.5757781949745845
row_019299,0.08037547944294132
row_032858,0.16213419773187035
row_039147,0.045279680836662624
row_026166,0.9829402040379037
row_044040,0.1558016116712141
row_009960,0.07457520462105575
row_049295,0.06501639172074654
row_008096,0.27682756685610904
row_019263,0.8903158667444793
row_016763,0.7759577952384298
row_046516,0.3947092007612152
row_010720,0.04436852538563299
row_033246,0.011890691508943186
row_007198,0.0008364311636540993
row_037759,0.5353751074242478
row_032748,0.015045253847774004
row_018981,0.7731389959075892
row_047371,0.804948401076628
row_040951,0.5728490289415145
row_031088,0.08501529491027772
row_001043,0.01464164593929209
row_044356,0.8134795376309215
row_034005,0.2107633761742779
row_002014,0.060578018906246554
row_039647,0.009616409337649385
row_005872,0.03395401890178598
row_049031,0.004533265776407778
row_038355,0.03772363646559848
row_020500,0.2660631125709036
row_044778,0.06542505109822563
row_019659,0.0025537574288204638
row_033501,0.6970246100078406
row_012463,0.04661518473891712
row_017883,0.1342860507905442
row_037652,0.06565092982346402
row_015749,0.0038722064563962467
row_029982,0.20988402880467327
row_015624,0.019559021506995712
row_001346,0.0015865996533729564
row_003931,0.3109991598243284
row_000459,0.4865593865398602
row_001245,0.016613797704322374
row_040166,0.17618535228965995
row_034515,0.0015561424762037068
row_024869,0.13805870515328522
row_026482,0.13381756368100087
row_049383,0.026321696919667462
row_048802,0.000151659745621035
row_016772,0.0076517701242310755
row_018085,0.8903059536431388
row_008106,0.0729242544213438
row_035335,0.0009622056322378638
row_043266,0.18228648155705487
row_044362,0.45047900140046926
row_031779,0.20241567765481674
row_025080,0.09013491284756116
row_018912,0.880913668244473
row_030515,0.9863968554919745
row_005824,0.5697302831505324
row_005498,0.0039631298396118194
row_008005,0.05199588598049921
row_008297,0.0005433847085056383
row_010415,0.14871459194420109
row_036993,0.023516749938240954
row_037217,0.0050172669177177
row_019712,0.0008608993626555896
row_034437,0.022070350023252385
row_016171,0.008445455126292035
row_034864,0.0036778101682189567
row_044293,0.9698737272794485
row_031883,0.002742298440658919
row_001253,0.06538108719410832
row_030241,0.8944910173563646
row_002708,0.3234605567944219
row_032523,0.8868724679369284
row_019430,0.04518422122194175
row_013204,0.9015612304055312
row_041099,0.035636747706145076
row_041201,0.29151756582668
row_017251,0.1884232350767294
row_022878,0.005909874332906849
row_048914,0.002755428234851216
row_022834,0.06841370590122532
row_040758,0.037922979263342455
row_008364,0.06593036855419998
row_045638,0.008102858072411116
row_001439,0.03288648064963443
row_030224,0.007959623960187255
row_047831,0.028215866632720906
row_005710,0.002259806712292896
row_009054,0.5031360845272411
row_028426,0.052119107626738596
row_039231,0.037788030313123167
row_041823,0.8413800113691099
row_018468,0.0013941691226414157
row_049928,0.010120654690481484
row_030350,0.10100194982423202
row_035541,0.2737249575262786
row_001640,0.0725087616903692
row_047953,0.013366825860420185
row_041555,0.024772375005609266
row_008564,0.20433753087749806
row_018446,0.005380220063969015
row_010171,0.0007767822186493215
row_000766,0.25137015162675425
row_036751,0.999274601139209
row_028102,0.006372658717510932
row_042365,0.005087687477173717
row_045028,0.2147710676337516
row_030666,0.7931033373506393
row_035933,0.8953877512240191
row_024210,0.00160284704911744
row_009797,0.01601454785540029
row_023616,0.3231128714901224
row_028612,0.9443662259535982
row_014191,0.007122459701969989
row_027514,0.617159182568654
row_024476,0.9935704286432288
row_011348,0.0019861945645555314
row_002422,0.0895740528504883
row_039905,0.005110021687261363
row_009265,0.9809879376506744
row_024538,0.0060139839432499665
row_022605,0.0019239892621616377
row_043395,0.00014582689930105604
row_028196,0.007749946137338561
row_033872,0.04503788477720275
row_028747,0.35116170238715244
row_002989,0.014234088537440057
row_037868,0.8755381045895939
row_036603,0.033877529434174755
row_018166,0.0077092075465620795
row_033068,0.013087804879791299
row_032777,0.10044678273448367
row_045644,0.08159314356353509
row_005170,0.740768540573954
row_037282,0.001589621873807612
row_024544,0.9763491458245869
row_040366,0.8960114173506101
row_013309,0.018074710192282874
row_014629,0.47260925868883286
row_039047,0.02815055679442348
row_028572,0.0012427649388453332
row_018936,0.5142936435347238
row_024827,0.5957106121306148
row_029566,0.06959654965147684
row_000386,0.08429382886366005
row_030287,0.007730628499870456
row_009641,0.02122007082111204
row_041544,0.0028068651076829363
row_049581,0.05867334717372877
row_038369,0.02612295107733445
row_029070,0.021048699061496666
row_045705,0.03367806886443469
row_017301,0.005696297657333811
row_024112,0.0009001685066852758
row_041219,0.012402496571853676
row_006181,0.06014771504812466
row_038772,0.3910937930454119
row_006395,0.0389080047105967
row_011343,0.19174711119063761
row_008309,0.002605656262798983
row_020224,0.05631890475433904
row_044623,0.01845941174432075
row_003379,0.02459638510513406
row_000398,0.516606033983947
row_034936,4.072892705788866e-05
row_007533,0.7536147931527847
row_046350,0.004681256703780342
row_048191,0.035344185132397565
row_044613,0.3397238559561676
row_014968,0.0625748791845234
row_048686,0.9723236130603264
row_017724,0.026466167327251437
row_020112,0.015289896604986902
row_003448,0.03983926769718094
row_034552,0.5084001109885031
row_047160,0.334511761431755
row_007827,0.03253129808419828
row_012313,0.0014704971522891636
row_025451,0.001415254335686865
row_043913,0.000989939560386677
row_026919,0.009146573734628129
row_005921,0.14058103750901924
row_038371,0.005433553879892362
row_013592,0.7503525639311194
row_035114,0.17540495053954372
row_045468,0.3274204979583595
row_040498,0.0003694539328567651
row_030712,0.8489607463758716
row_043459,0.00647997600940044
row_025638,0.06837245452551934
row_033138,0.08989039415995492
row_021495,0.38367476983979765
row_046923,0.013099661814709162
row_011318,0.4611254587582354
row_034260,0.016192539889835194
row_023586,0.940068682895426
row_044290,0.9331221282352391
row_014546,0.02084694680655706
row_049234,0.042978016856042016
row_000070,0.000702523483413495
row_007543,0.0017938333402223651
row_009110,0.0958268691746381
row_043624,0.7311808738116641
row_007427,0.007204833897352287
row_018358,0.010623406234289189
row_034873,0.004712575522360878
row_036978,0.9186440941318663
row_021474,0.6690914347430668
row_025944,0.20311043960261113
row_044072,0.8590340919141287
row_010801,0.010508137130815488
row_027425,0.03731706616769945
row_046609,0.007348116991931745
row_028113,0.00467968483551648
row_006440,0.0513312643992533
row_044171,0.034744432096637336
row_014029,0.04733199950037995
row_044400,0.1306850865465306
row_019257,0.39147388853540155
row_040241,0.9546308064882194
row_005756,0.06752506187782248
row_001892,0.15415671350286628
row_040383,0.005945124156253867
row_003310,0.19742150403933562
row_019554,0.0002238279307469417
row_046411,0.012025815347288474
row_023634,0.02729967283971558
row_046351,0.014906638662999669
row_001293,0.8657580208741336
row_013243,0.11163249820342852
row_018401,0.9908095655055834
row_041151,0.0026057326230074823
row_022533,0.09870567764551806
row_041107,0.465655197031355
row_007947,0.12124206018397023
row_030452,0.011797384003643031
row_036309,0.008490240399486359
row_045495,0.06497077954759942
row_014354,0.6703043481365718
row_024503,0.600093087669498
row_006867,0.9963209493980696
row_001838,0.008280022993527078
row_006787,0.02472806532081375
row_015264,0.49258395026779284
row_002819,0.07822305708432628
row_032191,0.0008983838949201519
row_030243,0.02214375764931078
row_025231,0.20480806595486029
row_015908,0.4945732279435379
row_015577,0.0019269929460132649
row_001866,0.021611648324470347
row_007229,0.3661852247570182
row_015451,0.43563605127353433
row_039495,0.22349149359437265
row_018807,0.0008394615817732741
row_026388,0.981531669937939
row_042011,0.822621860884736
row_012368,0.47727381486608766
row_026822,0.0022635164384231985
row_046754,0.19449141037190168
row_000262,0.014074358913493333
row_042310,0.0003623027178140176
row_020893,0.015882762341956125
row_018624,0.01241231770387424
row_026188,0.0028484970085723184
row_037569,0.007863570282184477
row_039734,0.41838790616671595
row_021548,0.2980275814504461
row_048389,0.8920535556055762
row_034578,0.07419221108478512
row_038880,0.0009319140174002121
row_037087,0.20800761602385848
row_042254,0.005275653093550264
row_046159,0.021490383704680458
row_037190,0.14217907233190916
row_026068,0.04291382497659354
row_016059,0.2872163098801041
row_019187,0.14352065784930548
row_047559,0.8286966209493514
row_014087,0.04937106907199656
row_019078,0.9649084707774759
row_042076,0.15364762681256786
row_030890,0.5344599122380205
row_020239,0.021239606665205964
row_040452,0.000689209236586204
row_027223,0.4073386216096017
row_012122,0.010918316072517874
row_009613,0.002504019367915717
row_040665,0.14976516406787227
row_021691,0.006121356424287541
row_020635,0.5580842017523387
row_038900,0.0015563913389813036
row_025950,0.02711168884609804
row_039433,0.004031529701185163
row_048813,0.07875100216396765
row_031989,0.03063925189435622
row_030172,0.48333138004452125
row_014292,0.9230560325613979
row_012187,0.13052134737570287
row_029901,0.6429195025681476
row_035459,0.0012345585442804946
row_009586,0.0006065043392084278
row_005619,0.4469067404393972
row_010656,0.16454852834061748
row_008408,0.8513057275907695
row_036784,0.0022239559291343434
row_024202,0.25465250586540333
row_049400,0.042843492190745354
row_007702,0.013401886250550568
row_008831,0.0055512428672221765
row_038974,0.007935775303389955
row_023080,0.007892187105574627
row_042781,0.9297010008385674
row_033689,0.04677745477440541
row_041576,0.003925787677938833
row_042858,0.018833632197611447
row_017371,0.04533969152436733
row_010445,0.01002495783485317
row_020756,0.003315663707494719
row_021632,0.2000010783650797
row_023213,0.00818262800828015
row_016589,0.22465050384192006
row_008252,0.10381651541647421
row_031350,0.029921742590237086
row_004460,0.005531875371949392
row_030606,0.3480148270909836
row_012701,0.14926246226506992
row_042412,0.004082554094604291
row_020409,0.0016682229227351418
row_034102,0.044397457694393044
row_041389,0.0962959534770168
row_027660,0.003964005235819467
row_044824,0.8939749461079255
row_026415,0.06327265279281001
row_027185,0.8017033621197126
row_041275,0.017244214768104622
row_032887,0.18856193809557653
row_046468,0.0011251026808680327
row_040515,0.930322076388496
row_008995,0.0568049324889414
row_048834,0.8732400563816999
row_044733,0.0035469312308166637
row_002428,0.11022605852709641
row_014059,0.01752293521375889
row_008888,0.8814356651430788
row_041686,0.91293843699555
row_002551,0.04306926044453487
row_040390,0.022271882909665627
row_012890,0.00958511186001739
row_039290,0.047136509729118696
row_046777,0.060859823401875617
row_010140,0.0032575605803913913
row_049777,0.03432669253935239
row_013186,0.0007981556545398835
row_005435,0.17386123456599653
row_008092,0.11385246134974014
row_046485,0.4996208986891735
row_032487,0.001862226286268233
row_012514,0.02090553267844233
row_043964,0.04799220303769793
row_015632,0.4093749171821061
row_018459,0.022418351756278973
row_033232,0.9599386077874303
row_019107,0.8847497639771399
row_014450,0.008761917601617474
row_011295,0.03215298724090077
row_003059,0.0008036237032086449
row_036696,0.02528859255390457
row_033208,0.9783290857679826
row_034440,0.999611014118537
row_017435,0.18013004216722422
row_029989,0.8468065344931051
row_019885,0.007976097009969827
row_045083,0.01983826635578802
row_040806,0.0007138902334982443
row_006815,0.0027770951696379116
row_005559,0.17484639349127773
row_008690,0.1552996576091474
row_018010,0.03910365759628873
row_003499,0.10500704961864978
row_038251,0.1560286430862493
row_038083,0.007111047521593305
row_022768,0.11823308937278827
row_002885,0.06964198269193106
row_005385,0.030696278828818466
row_012840,0.04172309240531318
row_010135,0.11947389254398329
row_012813,0.0008157554698843849
row_001622,0.5749058941000087
row_038360,0.08299570272180282
row_043553,0.1660818540273062
row_040566,0.01854534308078644
row_016246,0.007004289966416965
row_009316,0.07742006363498458
row_033821,5.6607871249212e-05
row_009008,0.0030958116352962964
row_026129,0.10747513236556276
row_031421,0.9067353908245557
row_023265,0.5219884064698526
row_037075,0.38964320885953807
row_043279,0.04385755252594254
row_044437,0.000226220790168778
row_041101,0.09441094095516804
row_007692,0.07021855363142726
row_022682,0.0806456322323423
row_044321,0.052096669547211365
row_033950,0.013953854863323584
row_018661,0.7888904596119956
row_018997,0.06455582269570284
row_028073,0.8556527320058442
row_030218,0.9626299398785942
row_042764,0.2673506486890759
row_025562,0.8772449854341298
row_005458,0.030316488435789764
row_024736,0.008591423262794431
row_003635,0.002024578507989603
row_005210,0.0805101697923309
row_031938,0.1604163888290345
row_011653,0.2536129958934518
row_013691,0.8259694036987063
row_015334,0.1819704742240825
row_033364,0.7749887675446312
row_022917,0.07359697669074523
row_000817,0.5939869651218703
row_014795,0.006834985241811384
row_030510,0.006308502100237216
row_016555,0.01831299154876635
row_004497,0.003955492837991571
row_032281,0.9299946141714819
row_037425,0.8668877491778918
row_030223,0.1040281130475076
row_029228,0.050224272190663624
row_037888,0.1291563297683772
row_020969,0.0015188803491508987
row_010013,0.014155672268507174
row_018945,0.004137881090289834
row_016640,0.011387056062409834
row_006884,0.5318697719198816
row_012257,0.6814264040205723
row_039159,0.024215672847182547
row_048815,0.27354017272218695
row_008643,0.00862023523045704
row_049396,0.007838352614006961
row_017673,0.006478341637851589
row_003182,0.45563938671484633
row_040009,0.014446084061411003
row_038475,0.5124019745637906
row_006814,8.849073815285274e-05
row_015801,0.03366236299617073
row_014687,0.013364869341211708
row_011290,0.4307954800980262
row_001824,0.13073011849428992
row_043502,0.021720590758433772
row_042938,0.9755307794213933
row_040033,0.021804171881690457
row_023132,0.057068578038665205
row_036874,0.08660964285549956
row_033059,0.3504858294684789
row_008865,0.01313766888189487
row_014333,0.22299150019460687
row_017609,0.002431325190652965
row_009964,0.0023271390891115616
row_009090,0.005050540577225141
row_038117,0.24224383109353576
row_019214,0.013149881141613865
row_032868,0.01752403967385951
row_012644,0.03492089266559781
row_008028,0.014793785318175066
row_006099,0.0048678200985689994
row_016956,0.15353489894314082
row_020042,0.0016194711103219258
row_032287,0.4934215126755205
row_014513,0.009244716893848594
row_035059,0.10945476897617516
row_032528,0.1255177378275758
row_029583,0.0006926427912363964
row_001443,0.07043996383900265
row_039112,0.02057772722230652
row_008859,0.0250809964729337
row_022150,0.28688463435956674
row_027229,0.004661435016846695
row_044705,0.014285645983491925
row_024849,0.2863412325243451
row_021526,0.013241169758977097
row_042560,0.0736505437806711
row_002212,0.9572126055194792
row_033492,0.014661017322232392
row_018556,0.0006700911063298152
row_036019,0.03248749520123407
row_031694,0.43711924368205274
row_047073,0.35553119566774527
row_016875,0.2740564234569175
row_033784,0.08892784389423938
row_034817,0.13532071780458166
row_005147,0.1712276679131543
row_020665,0.0034673282488034995
row_024612,0.07635114090056488
row_037413,0.16103967060635901
row_026931,0.24815616158492937
row_002545,0.011993087992220762
row_044710,0.000159445432426732
row_015961,0.005831613154331439
row_008975,0.31845051345535336
row_018700,0.8652227283853307
row_005386,0.03661897850001916
row_038500,0.9786769350106207
row_018707,0.011448161261134075
row_029737,0.0006597436952609469
row_048014,0.022485576878886807
row_003070,0.9662798822500275
row_040486,0.22688515518471633
row_033146,0.05079602094928112
row_035178,0.9247455549387978
row_014927,0.9710509793396175
row_002840,0.0005043802800873695
row_002243,0.6278076187340325
row_040877,0.03406347762124313
row_048508,0.8524396413232334
row_005345,0.3649109516100648
row_026473,0.994914866860337
row_004742,0.9908999718143996
row_044460,0.005885477813369607
row_002730,0.24803657235156654
row_041855,0.08207289149423759
row_049530,0.4670723101981212
row_025606,0.5518948832111823
row_047432,0.02109164813527234
row_049765,0.5928546229762757
row_017154,0.07760134753584269
row_003481,0.9880717838280704
row_020291,0.13078596808454732
row_018797,0.0006070845591900348
row_012156,0.13204114708322198
row_026237,0.07704806930876351
row_031044,0.9872687795658507
row_016512,0.08051896043706033
row_007038,0.7643341070422136
row_008904,0.14534303797665052
row_031120,0.08133090300704587
row_041279,0.3807385419001286
row_014235,0.06950714791200718
row_032610,0.00018861906982024066
row_041236,0.28923336851274695
row_035297,0.21564643225328872
row_033842,0.9325367457067578
row_005726,0.10103081848715466
row_008680,0.16382193146612328
row_047526,0.10596115362526973
row_022154,0.2693422379530361
row_042438,0.1090384010383084
row_019864,0.012402693599722658
row_040573,0.002578095304007248
row_027310,0.036122195043877696
row_036146,0.006539259043012311
row_026243,0.9767787762885796
row_009178,0.03869943981571566
row_028762,0.16046738190003
row_034191,0.17115569575923956
row_007610,0.050231207942310875
row_033856,0.7437915384729565
row_015034,0.19973264952343367
row_008641,0.00853678193257516
row_049145,0.0050151635478236185
row_020434,0.00017187858233997882
row_027398,0.023142105078996167
row_049493,0.007622900165881838
row_038356,0.1008951127927329
row_001438,0.7106834030030936
row_033971,0.029199375429924724
row_011522,0.10919719838080068
row_013836,0.0038091311088629958
row_041242,0.43234132527286717
row_032521,0.33925477429758727
row_042634,0.0038095585904955116
row_008994,0.2578149275428461
row_030165,0.06559066063326774
row_020599,0.006069267069719121
row_013962,0.15615139453227989
row_022265,0.03206490568448322
row_023419,0.260752723262875
row_019704,0.3315395039322886
row_046389,0.011212078725008708
row_012535,0.16177740538484509
row_009419,0.9177153283194295
row_031586,0.003934783967175016
row_001540,0.9635722400774426
row_011638,0.8999890464790018
row_029024,0.009960567440942394
row_003002,0.5027306848065607
row_002667,0.0009281923621332296
row_025164,0.399684180827517
row_033608,0.004995836193603274
row_031053,0.04597632579069014
row_048165,0.0547444501177279
row_047533,0.00030366055587376686
row_000255,0.007482782423055925
row_048503,0.6018538661106131
row_013323,0.011738557669905203
row_018244,0.40414910411431015
row_027201,0.19066141355338476
row_007026,0.03427801437234179
row_012074,0.7989495031440285
row_020627,0.11285179951628464
row_005947,0.039427205480081884
row_009915,0.028406208948636155
row_043686,0.999971139885251
row_040835,0.0006048126450776443
row_001716,0.0015078707831088897
row_037351,0.01848467178821373
row_000390,0.009151950721962418
row_010553,0.031685646562065156
row_009557,0.10675109736875651
row_024559,0.04891983957248913
row_042604,0.4664274080501475
row_036257,0.35132357958624594
row_047575,0.5449203239223014
row_040081,0.11954604011306214
row_036821,0.012205885979484072
row_014518,0.000380597255476228
row_024347,0.0011659273502416054
row_048510,0.20646621172440383
row_026485,0.021569189230023298
row_012994,0.11824744195969755
row_019897,0.6104827367959234
row_037963,0.001983359521981812
row_022270,0.8963051841053298
row_012656,0.8874096777639114
row_033766,0.19845943306409436
row_039777,0.010235467260888687
row_048926,0.0007181432526396774
row_001457,0.06089516468771386
row_014946,0.007026032883501633
row_035490,0.06060613407927257
row_022610,0.10100271290866203
row_040386,0.002226094295914798
row_016281,0.024108005542528305
row_039977,0.0002941242981105863
row_016717,0.003315710361333291
row_029558,0.0026123802216830657
row_030475,0.019489404057166582
row_022535,0.04957976971243675
row_017002,0.005060769106282776
row_039607,0.0008691175960690522
row_041593,0.08061635752368475
row_027695,0.046838718791416926
row_047600,0.34344067829682573
row_002931,0.09740191314724607
row_023290,0.999736202093643
row_033903,0.04009539419325201
row_009216,0.16516726635968895
row_049384,0.07255283869583865
row_044337,0.02600927556318596
row_017785,9.963193260766066e-05
row_000312,0.15547984627655312
row_009331,0.03334665159256881
row_044095,0.03267240860722186
row_017906,0.010421996858609013
row_025190,0.01538597651255298
row_031436,0.050104561850868604
row_012883,0.026382168733240577
row_034328,0.00021542485166644337
row_002170,0.00718107239452003
row_022455,0.0005723645079226316
row_012797,0.04042339076802254
row_037861,0.023885776862338674
row_010705,0.1542979755924914
row_004885,0.13950596539963755
row_025193,0.8392439653522646
row_047829,0.21075147235380026
row_038752,0.9270213047114632
row_039690,0.48103509525568006
row_005820,0.9989157886397627
row_022023,0.17157171111882466
row_033739,0.0006507990864471853
row_012610,0.1766778860302509
row_001144,0.0021783299870039253
row_004260,0.032162322241354756
row_018173,0.39847721141030695
row_025641,0.11062324996002584
row_026299,0.11177667788678777
row_032284,0.11900348589675966
row_013012,0.41674555505223665
row_023120,0.9099416048540871
row_047776,0.09511278862729941
row_003792,0.07325983868359412
row_008519,0.007468349400735857
row_007621,0.02579060849107933
row_039911,0.015913126137431042
row_016009,0.005649472857650412
row_039901,0.06899760771383925
row_002235,0.14242813608154775
row_037722,0.9723917475568196
row_024617,0.5302829567821554
row_008351,0.8772781462644873
row_045255,0.4925077375382743
row_021964,0.003206198588577432
row_013077,0.05283519581891445
row_049297,0.005677436583332938
row_014076,0.0002125188789883576
row_044129,0.42303003007628487
row_011118,0.02468957990342925
row_001987,0.007942346744656636
row_038344,0.005103672638737107
row_042399,0.02373634680200679
row_032619,0.017587941437600996
row_042740,0.028639819255000573
row_048441,0.019176069946396423
row_040482,0.016940515271323658
row_011668,0.040122238807978175
row_022379,0.19484671847713164
row_018919,0.03283490695808347
row_032769,0.27095576269987864
row_006373,0.4546143895850939
row_012360,0.00032653920870845144
row_048287,0.048246910731612525
row_033116,0.014030057204457928
row_026309,0.014866486595613492
row_043914,0.7179995435573818
row_003649,0.14157493328160042
row_030512,0.026365575580202315
row_021404,0.0037525675686970908
row_027840,0.16739212719317534
row_011552,0.0013239775890616008
row_023367,0.936462203011929
row_018762,0.5795092811371276
row_007098,0.1727553737101243
row_020186,0.9220736693825065
row_004122,0.4572911280922264
row_043853,0.006400076181099431
row_036418,0.8443577271430681
row_003294,0.36970332234346687
row_049875,0.3265598371556497
row_016028,0.04379168534227757
row_017594,0.014647983796944033
row_017379,0.6269876393254756
row_035828,0.13812869817518275
row_005630,0.6036315185231853
row_040549,0.21739421636320483
row_045964,0.00624717799328776
row_043541,0.1426000240073688
row_046971,0.83501404659369
row_032091,0.7125810024845453
row_015634,0.5901136350758684
row_037429,0.07800093325058897
row_024731,0.005372348340405196
row_027215,0.06992213935418876
row_025974,0.2127155809252882
row_022887,0.003844045449131642
row_031731,0.22816932179558563
row_036576,0.033939691924910344
row_002363,0.301834543457482
row_017211,0.016958533291113156
row_012643,0.007539396099799435
row_016017,0.04945493515280111
row_048482,0.013367280719009814
row_014407,0.10925867332272057
row_020283,0.08415034784711986
row_033275,0.8550956127515279
row_027216,0.06605543597095337
row_006589,0.014143916764529432
row_000652,0.05115427261068636
row_037023,0.3994125136605393
row_038182,0.007241549555724301
row_005707,0.040124000733543136
row_019013,0.924689013742204
row_014672,0.03025662065163129
row_000136,0.12587365586574675
row_032944,0.22533683405297808
row_030615,0.0009787808452159051
row_017663,0.005417449554033381
row_020384,0.47487147684956094
row_008825,0.0943426097846494
row_021165,0.7189671893500555
row_030669,0.015714557664670246
row_033981,0.7783779891090884
row_035438,0.7151341760435593
row_009646,0.980232501535964
row_011283,0.7615576594832845
row_017342,0.005243529307465535
row_015453,0.013369358599795106
row_039125,0.19683136207928148
row_047725,0.09863731405748208
row_001627,0.045840172463994834
row_049809,0.3667191255197338
row_036732,0.05606434835527903
row_018528,0.982755604621317
row_023679,0.03105366156991956
row_043352,0.9939367974907036
row_049296,0.9526696536246335
row_002345,0.04594307626982954
row_012858,0.0075257558583985825
row_026956,0.06371276275659755
row_014083,0.9999844549905391
row_035046,0.07872666179455386
row_044522,0.0027466766777037755
row_019090,0.021996688815785755
row_047830,0.008680293709802252
row_042370,0.9833650454493923
row_049606,0.6194617365737554
row_045637,0.0357249561170394
row_002162,0.9991991632486524
row_017421,0.0025900371846260366
row_026017,0.1527510873691752
row_002904,0.004539706426953043
row_025788,0.005925323529987199
row_018020,0.01702477543180461
row_018494,0.2730538440022186
row_005305,0.31747878407209074
row_047793,0.9988691124978792
row_047605,0.10931431908272915
row_012113,0.0771471083662299
row_028374,0.19681095408694596
row_046552,0.9995012658665843
row_018868,0.8907559281737464
row_011843,0.9592188339251402
row_042139,0.04252856233818207
row_038318,0.32146566631651896
row_016349,0.13445491508032145
row_028485,0.016922969193206263
row_039382,0.04083103721099174
row_002100,0.002552157157981207
row_020949,0.024813227030388598
row_009937,0.9803488064127169
row_033249,8.615069669339489e-05
row_019452,0.27019511073257574
row_031062,0.017145623989079276
row_020999,0.00017063764896669718
row_007483,0.0005433802527272071
row_033822,0.03276843468428519
row_032076,0.07034057632630299
row_044048,0.21559927953372246
row_019333,0.14057889758354172
row_033740,0.023516227061027312
row_039589,0.007281531835077813
row_047194,0.02835527628186995
row_031527,0.08950330664590268
row_042621,0.03750471738653042
row_023289,0.11364680875710867
row_012779,0.493085814605116
row_042120,0.11253382337053087
row_047608,0.4338926788977524
row_001274,0.0009407901176386113
row_041910,0.3483890932790554
row_031451,0.1526675703314469
row_038099,0.9945596062128584
row_016081,0.09941783738717243
row_014145,0.0007689434779157922
row_036012,0.6855734141261445
row_020410,0.008352236309668687
row_001239,0.9722633618043557
row_038673,0.03760299600803321
row_006199,0.06264407856452425
row_008216,0.07413839411585743
row_039381,0.11025943988619427
row_022124,0.1291298223854125
row_040095,0.14122677352340796
row_014228,0.9865152463460808
row_007281,0.04082712892376211
row_001832,0.13398215763884327
row_042635,0.13956324262194472
row_033342,0.3972100148221633
row_026588,0.03356569753547611
row_005410,0.0006141979840052185
row_027742,0.7964526014901434
row_009297,0.9426508909954919
row_047999,0.0001605148124352969
row_021713,0.0620870359114954
row_021736,0.13164268698866682
row_000683,0.007664554607100782
row_031155,0.7379403409433047
row_005954,0.010900882780987923
row_023912,0.9197171535465809
row_019907,5.356197873129785e-05
row_014064,0.2407956135619981
row_001587,0.6207928806729893
row_048134,0.1280678203224676
row_008588,0.000252872079107916
row_002575,0.36524924886499405
row_008181,0.43244748458061877
row_025078,0.033234830335293626
row_019089,0.0035960258176637536
row_033401,0.009473133547960939
row_003760,0.8362948673648636
row_010277,0.0004768267031629323
row_023477,0.03297463565690191
row_030877,0.011050210228748837
row_016325,0.006237541784945027
row_001601,0.04469764313520368
row_003969,0.022264803112386617
row_047592,0.8979087725676429
row_049466,0.06157655019050305
row_015112,0.08779232919588324
row_015204,0.3031144630486162
row_046611,0.0028837197751911785
row_044908,0.5586169153007485
row_042710,0.5019634706275722
row_042521,0.9654573411613222
row_036283,0.0005570444176122982
row_033726,0.07217216478885385
row_017638,0.004587210872079796
row_010292,0.4823945222386945
row_023550,0.2678006602937846
row_016626,0.9741959525706544
row_005975,0.05638883892067086
row_049639,0.005503227723423443
row_025045,0.9582321919883782
row_014025,0.0011745861340780987
row_021329,0.0016418678457199253
row_046925,0.021253899605757343
row_032164,0.013187416376964295
row_028498,0.14147454619738908
row_028979,0.12669324940893217
row_017519,0.7444005956732827
row_034608,0.02743808382883925
row_013732,0.02059653707682684
row_024374,0.9337809911356545
row_029497,0.9827391533133863
row_043269,0.012789507112215473
row_029244,0.04440761403428548
row_045351,0.0064116677202088294
row_004195,0.03851867241665717
row_032421,0.30399764113262845
row_045037,0.013768162721766036
row_014075,0.04261315017874441
row_005431,0.008713130922265597
row_045234,0.22758900124191744
row_023471,0.9009968652742429
row_010511,0.008138454016758095
row_045406,5.4434393970558895e-05
row_027719,0.043762940679763634
row_047828,0.02452223396207945
row_008611,0.08086106060715069
row_042330,0.9573631363847764
row_002215,0.2697642211061883
row_045813,0.7774700524888549
row_008540,0.07361526414638718
row_043816,0.12632974058193408
row_002063,0.013522698531867928
row_030880,0.09451965997584384
row_034258,0.9680606631751646
row_009086,0.9939386220561796
row_012359,0.13443729952712577
row_018106,0.0961595733387185
row_040815,0.1939334712195712
row_045389,0.7288408807589202
row_040569,0.21984946461506655
row_001175,0.017523219502530978
row_015292,0.008379713903260923
row_023325,0.12119125868480914
row_010794,0.2334419337443235
row_032594,0.6191311985218881
row_034037,0.009115497156775166
row_038867,0.02181868922130017
row_022689,0.0026816263279377662
row_036539,0.043668747168151376
row_027445,0.009618576963533946
row_009113,0.08338402513170842
row_023065,0.6443594257002883
row_030557,0.019138822742610938
row_018044,0.0537340285098638
row_011754,0.023170718537748273
row_017873,0.029712301625189102
row_000103,0.17749583234718483
row_030989,0.15594335463945636
row_013921,0.006645632106593806
row_046716,0.007928906931784378
row_032696,0.027136172072951156
row_002702,0.0012979217528715412
row_034297,0.001448873836015795
row_030942,0.3224051945176609
row_029692,0.9782852353094875
row_046088,0.9671163939671327
row_045710,0.18972214220983605
row_029464,0.0840094042718275
row_041778,0.0006813691821837283
row_025171,0.0053005474925154296
row_022851,0.03684689100606874
row_005054,0.010527675455680747
row_040899,0.011532818050699141
row_023531,0.004001699682914732
row_049425,0.022257846090179306
row_040125,0.008670184642921231
row_031658,0.078725676791852
row_012523,0.0007667009331397676
row_034381,0.8336311240496735
row_023310,0.005099326599616066
row_015664,0.3437166031983991
row_006176,0.012229809751022794
row_027559,0.10215638264833196
row_033885,0.25693142956525544
row_030194,0.16677450637361937
row_036989,0.0817875528121278
row_035530,0.12380703418191835
row_048461,0.28868977494727815
row_032286,0.0031656677288143956
row_035592,0.00022711904152722986
row_020373,0.8623564237224874
row_029960,0.04891759834482216
row_004277,0.03047880463934703
row_008303,0.06262657442111769
row_024587,0.004127099466602236
row_044576,0.20104942536525758
row_044439,0.012971988204366826
row_006203,0.01200417561048543
row_048064,0.03932536858124762
row_005055,0.17146319201124727
row_005478,0.017445275100577317
row_038944,0.001660531177681109
row_005548,0.38828689114059944
row_001182,0.06527030619060004
row_005511,0.40260878774863673
row_031687,0.10700979244722997
row_028446,0.011421736134340468
row_047355,0.000761637962913426
row_010287,0.02952322479681319
row_009015,0.7796130358489741
row_001687,0.11168510706249989
row_035888,0.5525264302484229
row_019232,0.4212751589501288
row_011631,0.010621905397735578
row_000824,0.4333086200747941
row_009329,0.7752767429277659
row_027271,0.16456148370243717
row_046927,0.27357963905866545
row_009966,0.03585926072355412
row_011060,0.03456116569351787
row_027630,0.9945356119551954
row_047545,0.02647591328458547
row_020745,0.049097343643141375
row_035934,0.008764920693992633
row_027051,0.1251588789539045
row_041916,0.14943023060844005
row_002871,0.0007971000827815969
row_017056,0.01859766720204696
row_021885,0.9772635660723664
row_009998,0.0783859226466633
row_009821,0.01754054336040385
row_021026,0.21322336037468823
row_005536,0.6161257231823927
row_000728,0.009024548334397437
row_014148,0.001931617983085849
row_028876,0.6045100647540403
row_003468,0.0014707957049968077
row_004578,0.04694174685957591
row_039793,0.09059788654627332
row_048806,0.09637353987661462
row_017156,0.8075530071411996
row_014430,0.004555524253501269
row_028128,0.0019227130509199657
row_032374,0.08061936113128701
row_047020,0.004177507524350882
row_005563,0.8079185528701115
row_040028,0.014364896421723937
row_038855,0.27171776487893035
row_034928,0.08671940576106274
row_034477,0.041799555741376546
row_002719,0.7702590295418725
row_021428,0.018572024296923523
row_030944,0.0033894822040579486
row_003412,0.002968648447134393
row_040466,0.020514278042484638
row_001682,0.024784330465192777
row_019919,0.054372142054115294
row_002937,0.20766662413861742
row_047035,0.28251395608189284
row_031732,0.9174196938598208
row_045977,0.31464541478172947
row_045106,0.002549493854567005
row_022228,0.0003634655529349071
row_049542,0.0073460142956634005
row_038421,0.915997192559407
row_020518,0.03963500576363334
row_046632,0.5701190073804052
row_018146,0.0009012172602069641
row_023579,0.14376898446604575
row_040791,0.0985599417982836
row_037081,0.0036284065401433266
row_013444,0.8767552803874586
row_012609,0.10560638192039001
row_022616,0.12870646184866613
row_030124,0.022851470013702684
row_044997,0.26869890907837973
row_005250,0.048011897774107824
row_043399,0.013008179374715451
row_005332,0.025393505100845926
row_049952,0.071569953519134
row_030066,0.015224222209145453
row_039871,0.004106032177403313
row_038119,0.0012337586505301668
row_009529,0.07119607153893966
row_047277,0.07701053997078314
row_000678,0.7450525263538943
row_011821,0.05332623042748539
row_025034,0.7536596409729608
row_032414,0.042315209515852124
row_047959,0.10837445211268174
row_025256,0.3889670802894359
row_044162,0.0037105730192922006
row_033975,0.0009798132309113187
row_003056,0.14353428799615853
row_007932,0.008828008602096685
row_007476,0.06012426279097101
row_044248,0.019547322688530874
row_015715,0.05059768760007123
row_045842,0.02345815946262458
row_040748,0.3232163738323737
row_048801,0.012832751032249333
row_026352,0.10533706500815357
row_023727,0.005258239529307513
row_023176,0.8855794855430961
row_003718,0.37296797477844806
row_028977,0.04089865104218148
row_031023,0.12398344690488773
row_029616,0.2668001640969516
row_035919,0.14726535106025251
row_006267,0.29342152975014346
row_013842,0.6009114647741399
row_005539,0.17903518241502958
row_010749,0.2960495419224525
row_004141,0.003486079241841139
row_031094,0.005210959985961454
row_027343,0.0017258636273980166
row_037716,0.2567688863002608
row_005176,0.04588981858063839
row_034413,0.1394163891040581
row_015548,0.03724529260908069
row_003055,0.08293541290755575
row_006218,0.033374563317334204
row_018270,0.00047576751566820745
row_008204,0.11396176143134935
row_012782,0.10155799528147322
row_037446,0.30193593455202555
row_015677,0.01010495770435938
row_000891,0.0066814742192451435
row_013478,0.03587440597609986
row_013252,0.07212597009612169
row_000227,0.06487714921660921
row_008780,0.0011483008733043007
row_042801,0.06683229481942711
row_037290,0.5154001155181845
row_001369,0.009869667985058062
row_032275,0.15216067072640416
row_025036,0.28842513818688353
row_011595,0.05511404893394696
row_039064,0.012378137346272331
row_006449,0.3424798988080167
row_023410,0.24304786305046114
row_039068,0.010289639496944761
row_018284,0.01010334611402252
row_022826,0.03693969279430058
row_047617,0.19382253640341518
row_032869,0.022678166991318863
row_011325,0.5944704466068861
row_004840,0.19698651173974133
row_000594,0.01069166604338062
row_018331,0.03020603948318089
row_032061,0.1556050206780104
row_020097,0.11354186420216034
row_026102,0.8060624906661268
row_037168,0.012814334627263519
row_009938,0.0004521212171015749
row_009523,0.03199740622954041
row_034691,0.9970725767919522
row_017151,0.1918449025576012
row_006874,0.020732054374314232
row_005008,0.24372662302452638
row_005178,0.22996282309845267
row_002051,0.11856601656312153
row_001261,0.0038933911280640016
row_016144,0.259396601420471
row_008817,0.004577247010286494
row_019148,0.3014122542994181
row_028678,0.07122481908844971
row_003335,0.04157952906518198
row_006069,0.02543232482750239
row_046472,0.10102730938877208
row_043010,0.1649719484424513
row_012674,0.0001316881011076632
row_024370,0.19814188706513966
row_014388,0.025337621981951875
row_002105,0.09224183833767863
row_032558,0.10869267553787362
row_039074,0.011549792890244008
row_040862,0.050178956787016095
row_041361,0.11199908544875241
row_028735,0.0052310346610181255
row_036812,0.01752020387640495
row_047760,0.5505294747415176
row_048469,0.03420877329327787
row_001607,0.416859129498018
row_043651,0.7233659483132221
row_028969,0.9974796601914268
row_023979,0.005021548901305571
row_039458,0.07053199769143713
row_022272,0.04373386874941079
row_019640,0.002806143253741521
row_032087,0.38501983350910424
row_020929,0.34933094718699315
row_027940,0.09534890863713369
row_014974,0.6855745448540674
row_041681,0.0013395490094719302
row_014556,0.09613741918765341
row_007193,0.4930498429733843
row_006495,0.011746659118269075
row_049464,0.006402242901172666
row_002611,0.006750037720008988
row_013791,0.09641483688563329
row_039912,0.004543224495170627
row_042672,0.03407456297992339
row_043556,0.001956975959991862
row_027929,0.02084002609570314
row_013336,0.860473919763546
row_023585,0.0004681522207542418
row_000384,0.9787472363407584
row_042653,0.10097994887348756
row_005047,0.0777508587462072
row_035069,0.0004229949469453439
row_032595,0.004794389472481052
row_033045,0.0125910873083855
row_030476,0.11119809093091637
row_007478,0.37917733581043805
row_012892,0.5117815548125845
row_036476,0.0019357766375559034
row_006147,0.0031038075005408185
row_045596,0.04789953307436122
row_003898,0.007921061297509335
row_031503,0.09846614551729956
row_031150,0.2211528375463819
row_019697,0.011280952924143647
row_005524,0.4596324860200419
row_012128,0.0012384529950239325
row_020748,0.0006963770393770787
row_039384,0.29480485306123033
row_026906,0.0005816999382918228
row_006763,0.805675660288733
row_003125,0.0005086078800679491
row_031490,0.9956971400374676
row_012558,0.03661591062802846
row_014997,0.013746785908661609
row_016768,0.04711094334147692
row_012324,0.9133121966868117
row_017657,0.05053755585269328
row_018585,0.059503600969419555
row_030945,0.00043546387985469835
row_027798,0.05929337306665556
row_022260,0.006461123547542283
row_018551,0.0967928906873783
row_001836,0.07551976381240694
row_020471,0.00598264247006869
row_022543,0.06780516004122088
row_044719,0.1772768774582943
row_027847,0.0005471450138030192
row_041795,0.009438405712205384
row_037978,0.351620356346527
row_006086,0.08354804494080999
row_016508,0.03762504981453537
row_014597,0.21364529372968852
row_030193,0.9887976380968938
row_035746,0.0005977494798451878
row_007642,0.01863806763209072
row_039697,0.16960826781950653
row_042382,0.036021066314514176
row_033117,0.05058606936382416
row_014300,0.517068143442561
row_033744,0.0051340031373048
row_040074,0.04370558651332688
row_013067,0.3418050714623239
row_011836,0.3868228462933125
row_021571,0.89714498074054
row_010356,0.013475908869701724
row_023933,0.8964961241477821
row_032278,0.017304942158170234
row_022559,0.04831455680426469
row_027503,0.313330100951979
row_033780,0.046521021443679325
row_002818,0.10833376840421324
row_008378,0.3719226156989888
row_046279,0.005472985775591908
row_008697,0.0015055697981658268
row_034585,0.007461844119898364
row_035296,0.010533289423068344
row_036355,0.1982338461916019
row_018577,0.015281752361648408
row_031166,0.11521561782070784
row_028445,0.09530466692847138
row_049009,0.3621996584537893
row_043700,0.004454827476527874
row_041799,0.002950773374060696
row_011207,0.053883504024352914
row_042703,0.14828023364698836
row_026384,0.5894865181929582
row_045756,0.3311238005981419
row_011796,0.007395926397464476
row_036362,0.08189592785290464
row_036773,0.02749279474747107
row_007170,0.03778776395280662
row_029221,0.0019825880520178774
row_007899,0.724479116491732
row_010090,0.06319999699031485
row_025548,0.0030242711885682225
row_045478,0.029956986054341776
row_044298,0.031266568930617966
row_042531,0.008575617096039233
row_047230,0.22853804076808704
row_014671,0.16683342233775045
row_010583,0.027427214963065605
row_035248,0.7858128619219693
row_024040,0.6637125472798989
row_011511,0.006006523154690191
row_036235,0.0017463888469335172
row_002886,0.13138083095296632
row_022824,0.07054506500275322
row_017527,0.021117185613102923
row_034744,0.10921445477215388
row_042953,0.13429895665240038
row_041257,0.000454565025217361
row_016120,0.0010308047078209292
row_047993,0.3422774299644032
row_013746,0.02365618361884092
row_023334,0.018627347481150965
row_029955,0.0009190879533648123
row_048979,0.025819181809484625
row_003843,0.005592670815243585
row_023501,0.07246401964453773
row_030352,0.0026536224228718387
row_011330,0.8032266178614419
row_040268,0.01686106676461252
row_025177,0.06285531992672326
row_036375,0.00938047831689646
row_037241,0.004002771230174396
row_034947,0.004357377191556421
row_032198,0.027475180034957053
row_036302,0.009028485250347015
row_029825,0.2244575624478371
row_044878,0.024522293239206284
row_033927,0.032624294510725085
row_000252,0.006122993844240057
row_049817,0.0006968898974056247
row_010728,0.018865016105385383
row_045009,0.18542297491131055
row_044838,0.04337325107120093
row_030314,0.06378049313036328
row_014958,0.9149974371466806
row_046092,0.9870609646406515
row_004339,0.06971351156675434
row_009943,0.008002287712043699
row_005818,0.03417644300618705
row_023043,0.9709812086168692
row_002746,0.0824034224913998
row_030339,0.345585160498685
row_022248,0.0029835097386275247
row_003433,0.00652130851614895
row_034766,0.036975686658782494
row_004966,0.8131435210399253
row_004818,0.012430895049951669
row_040347,0.054995460693756465
row_036496,0.008953155756713398
row_002732,0.0007890973446201787
row_004005,0.0003560193974926588
row_047762,0.22686529203580683
row_042498,0.10868708167457784
row_018545,0.3565144252869302
row_011749,0.028450921325578006
row_017907,0.04506904763736823
row_008873,0.05052948163141704
row_006322,0.6718926451616374
row_013788,0.002351778500077489
row_024314,0.014146579577549955
row_028356,0.05643159039882885
row_023563,0.0002459884471287463
row_031988,0.12552575629381674
row_041526,0.005365189406316223
row_020292,0.3954315248993915
row_027527,0.22399416299658959
row_011281,0.011003099800655683
row_044242,0.5774063546878976
row_033373,0.004751701935469972
row_014483,0.6192286675107171
row_027836,0.16473378545640907
row_032007,0.9976198490926429
row_014175,0.838585385798742
row_032781,0.408657582328925
row_008885,0.006922103772785399
row_042374,0.4217305853608909
row_020487,0.006542065836134901
row_013555,0.0035827932510133238
row_025168,0.001117133314148686
row_026648,0.6353660920325842
row_030413,0.0067363618855972906
row_012171,0.006281994564993542
row_004947,0.0016498448606019642
row_045325,0.04397069148033794
row_008607,0.23674614647401476
row_035441,0.06923573932576109
row_012294,0.0254335810921135
row_040988,0.10258039201476037
row_030386,0.15879133910199794
row_031219,0.02026450115497714
row_030568,0.8244656496807069
row_013761,0.25637262162361085
row_015390,0.3769058182942794
row_029150,0.014735706602246539
row_045367,0.02607733470377697
row_017130,0.002088365476885496
row_030647,0.003995442993808944
row_021081,0.8839383542544403
row_001394,0.8934200106540919
row_036569,0.7412753292999988
row_008496,0.06031681482502683
row_018212,0.4520060022967769
row_041008,0.27555222928895357
row_004659,0.027484521588808923
row_021333,0.013390579991094512
row_021556,0.006047710611571006
row_007368,0.7759018077229826
row_039090,0.003594031259463974
row_003671,0.008181970150423873
row_030918,0.8086905206356578
row_004751,0.1589487226832597
row_007432,0.27762121152652497
row_037450,0.09930970933333148
row_047718,0.00209206443783695
row_033163,0.0026394652968041634
row_015687,0.0013702476761844752
row_008302,0.04929966029846288
row_026751,0.35952559224762354
row_008976,0.12706283622203413
row_020702,0.11966908665241828
row_008653,0.016651825321638065
row_042394,0.43127803453899194
row_036602,0.02257315013552931
row_031947,0.015596288493440224
row_047409,0.8808550102206512
row_007927,0.25224543649562864
row_027531,0.0024927411636328327
row_023712,0.006484297675804369
row_033665,0.09169427963329742
row_032765,0.009845342817514618
row_044744,0.018075911073313692
row_028917,0.020170518689271923
row_047402,0.7269280560155763
row_044468,0.9848879901208835
row_016824,0.9717055304595184
row_048763,0.11798680543207252
row_015912,0.09875833624194919
row_007769,0.003061894379358306
row_026097,0.2590210478071978
row_011360,0.3449289091123004
row_046626,0.00011719047075758592
row_025019,0.021380340442613256
row_007760,0.5566581003971036
row_021847,0.20327665944499476
row_007845,0.15620777649210266
row_039508,0.0009322090942381519
row_016448,0.029320347184293123
row_031931,0.07972454238562378
row_018618,0.03454891916126238
row_046449,0.004223596755375277
row_040248,0.3702702292912808
row_039689,0.005897313049116662
row_038469,0.7664133746506245
row_015172,0.18018172787601516
row_020652,0.07426153101890794
row_027994,0.013491317231361141
row_017415,0.19236162407227356
row_024803,0.7511544656396373
row_027032,0.0028121927843475906
row_024521,0.2516490409349809
row_030341,0.9994350876448926
row_014940,0.07565332031628857
row_016926,0.011450103893656137
row_047579,0.27002440310666326
row_044693,0.097602084115323
row_004893,0.00523821535807093
row_036129,0.0399957358017788
row_020007,0.006476376617932341
row_004950,0.014548399427701766
row_008223,0.05049283307478663
row_024032,0.025815463469247703
row_047021,0.022210983288765227
row_041320,0.05671071905703542
row_034555,0.08507882981123413
row_016868,0.03162900042254672
row_034629,0.5429721337710247
row_043793,0.0015564620038584181
row_040832,0.07759650799960036
row_023832,0.021394040443557843
row_026871,0.13996435269086102
row_018650,0.9986176339404798
row_021481,0.14759288332989906
row_031228,0.0479943609535713
row_028410,0.010428441356220968
row_021246,0.03593798948134361
row_008510,0.003134176186405923
row_006340,0.15305071832998052
row_021540,0.00031638969227299726
row_030935,0.6978537721115908
row_014616,0.2814759524500101
row_000646,0.5911399375590072
row_008098,0.15017593382537942
row_044477,0.0039283772766874675
row_012191,0.04055601605527941
row_043837,0.2578058563200534
row_044133,0.008573283424921975
row_045283,0.012483177472412831
row_037709,0.004735084317723675
row_033644,0.03494024343018023
row_027928,0.9761180849860435
row_024607,0.002339021736645969
row_035045,0.007075422047483878
row_045648,0.9875435332253181
row_024254,0.0026322331648954106
row_048514,0.023111989769080004
row_033325,0.2617245673883586
row_005052,0.0029696106351854686
row_044462,0.07503900083860478
row_027144,0.9161313513000947
row_020521,0.24281542971911993
row_042515,0.8471509720949572
row_030749,0.009218915586944562
row_041715,0.036478768963049184
row_028990,0.1912063905486414
row_033444,0.18358910980452847
row_025273,0.7064903693929537
row_034019,0.2043908900837934
row_014708,0.0839583421100386
row_029657,0.6982279119846321
row_039933,0.0009780115592010288
row_010130,0.002695076340681052
row_023321,0.0005951860047905203
row_018372,0.0097847173138664
row_027620,0.13277788116059144
row_010773,0.003904394792674992
row_027241,0.01664149549768201
row_049564,0.046631442539191326
row_007549,0.011842156882651948
row_026364,0.9572857342140967
row_021829,0.026780610920511042
row_048141,0.9992537831118206
row_046456,0.041740912114287335
row_045557,0.0023614400845002885
row_006213,0.23782301975142234
row_039779,0.05956299404179395
row_028393,0.8960620219281293
row_002541,0.26456201335955687
row_040617,0.007169839218310749
row_045752,0.006766059319982939
row_005461,0.02400490432209038
row_026023,0.012839427661475306
row_017573,0.6176819998750186
row_004743,0.9980471228678239
row_032237,0.9627386396040378
row_036468,0.12433695399138436
row_025376,0.2256381917993767
row_004284,0.007214185122045397
row_044768,0.027672413658305847
row_008811,0.029533249737843322
row_019141,0.007922510389823218
row_001363,0.018660933586420805
row_039572,0.050732054356935986
row_007619,0.01420509542854211
row_013079,0.006875621412204127
row_004875,0.014954906534345393
row_040709,0.997725848885875
row_003538,0.9997345463647767
row_019713,0.9957471097140225
row_000382,0.9950376878315191
row_015346,0.007528339531608482
row_024867,0.5242780391389095
row_045709,0.05718290417936798
row_014325,0.6672935346153662
row_045146,0.17942556243945457
row_037901,0.012224922352086677
row_024911,0.7530521827218427
row_026331,0.005138828907413941
row_012341,0.21214768401471723
row_044318,0.36290381580833186
row_047641,0.6475732912214808
row_020669,0.08023676335320779
row_008578,0.009457405051704703
row_003492,0.7151248216642663
row_000770,0.03200861049007442
row_013481,0.0009251466978933091
row_038807,0.005819499137584266
row_005394,0.035196157880563066
row_003602,0.0007933548450444239
row_030587,0.6024877601234088
row_002173,0.02257909778029552
row_030327,0.8803363208240684
row_040987,0.009370588255812922
row_005104,0.010923867842876746
row_002187,0.0010142072616303986
row_037313,0.008596569132906419
row_026928,0.030455766238144482
row_011707,0.391879015482328
row_039174,0.18674257595791782
row_048467,0.001256068630670011
row_034298,0.33144975331550086
row_016828,0.5130524703004015
row_005612,0.05482301278158832
row_036737,0.008727959669255329
row_015236,0.004988888924878257
row_021637,0.025690599833895624
row_012117,0.017048489868504248
row_018979,0.300041424668758
row_019490,0.013971276370272647
row_030721,0.7527813646693873
row_023984,0.622915372533612
row_003174,0.5724349161618213
row_025014,0.009205765950994005
row_012165,0.011063111607814707
row_005713,0.07827608687522891
row_042747,0.07933382865415808
row_021863,0.024367807737352025
row_004323,0.6970582309242679
row_018557,0.0033324579235991603
row_047980,0.5003944466419556
row_043300,0.21387254555848328
row_046451,0.012464491715531467
row_025878,0.016903172762020587
row_026433,0.20233617032890275
row_004093,0.2147802322290858
row_003257,0.08001945947869152
row_013231,0.08154246189036754
row_025108,0.04254901308823184
row_046138,0.010264575800724866
row_031520,0.452778453576953
row_040699,0.016266202878237233
row_048796,0.09886601955867858
row_023641,0.19577223424142567
row_036856,0.33181957049917715
row_021159,0.2503030475870125
row_009911,0.07231020556699909
row_022224,0.0027106221522642327
row_035129,0.005928575154664677
row_044070,0.051789065399110844
row_035457,0.010253823001076696
row_022180,0.18742666050094062
row_049333,0.9965301016635367
row_049062,0.9919503821921624
row_001514,0.061554353204016
row_025319,0.11499924297561569
row_008605,0.000926543479199475
row_004134,0.0009266884842000451
row_019126,0.03629024196476033
row_000918,0.2027412463534412
row_041147,0.546002364325921
row_002714,0.016822292145813808
row_040408,0.12059224027526867
row_015709,0.01795474813819198
row_001785,0.7895999814587191
row_044547,0.1465959502793545
row_047251,0.06067058735807448
row_018662,0.05723868664637963
row_010229,0.0693999407180017
row_035548,0.024384620865406277
row_026556,0.4813257001988969
row_042094,0.021613667833036452
row_028754,0.45933803431548853
row_037352,0.013446297629802416
row_032439,0.0006246644313561066
row_009868,0.05863437493601664
row_003258,0.43603784677450846
row_028902,0.03348384257309765
row_008056,0.6967137598004141
row_001700,0.7716270070906368
row_021268,0.18377202048683605
row_024913,0.05498299587221095
row_030614,0.13045778821841683
row_037010,0.0647054386465557
row_012379,0.8549828492828742
row_030507,0.10439501436900019
row_024282,0.00025869578950858896
row_028866,0.058272523100593894
row_037036,0.8403418732403719
row_048375,0.01760033929121079
row_005395,0.89841198624966
row_044125,0.087466976715868
row_011674,0.007933041479309665
row_004217,0.0036526195177682226
row_005564,0.4920475744037405
row_012115,0.21380741822168872
row_034615,0.3218762257951769
row_002161,0.0326414739434983
row_034455,0.8135989730983142
row_040073,0.5822088994363144
row_032950,0.0002294977731904247
row_025755,0.4940898256715107
row_045424,0.08655371904557975
row_012527,0.3239887651930508
row_021681,0.0026976190371760835
row_016692,0.13171288069268097
row_025772,0.8039219419675557
row_038218,0.024664236758274193
row_031651,0.002843912985651828
row_046522,0.16283887181482587
row_042433,0.006542619742469096
row_043727,0.0032029956698684313
row_043925,0.027930837708667326
row_017419,0.0329569981995323
row_049374,0.3080353318961573
row_031322,0.887436522451328
row_026257,0.03209188992099826
row_017839,0.7274892104156585
row_020404,0.008204803955571768
row_034787,0.48965542363275816
row_039786,0.21185935379171755
row_036428,0.07759924296237453
row_029171,0.9238766319606191
row_030635,0.0038224639408084736
row_003823,0.08113308976334553
row_009185,0.985289122400709
row_038198,0.01978979165371081
row_037647,0.014350997799298335
row_010935,0.39340381994418616
row_020346,0.6991508145113099
row_043682,0.001806777774205999
row_019841,0.011342984867221698
row_018104,0.5100832372199422
row_038415,0.7380196723932588
row_038157,0.16636483997674548
row_043247,0.5797779460827355
row_031191,0.08960124258859752
row_044117,0.004483851111341033
row_012235,0.630142570622343
row_010897,0.004505981030575267
row_045179,0.0008060921977139385
row_049242,0.23079936914079163
row_014874,0.01441637034479184
row_010156,0.16101440158731292
row_041554,0.06650587975351807
row_044368,0.28416071208452154
row_035730,0.01418084482912963
row_018709,0.02017720528625108
row_044575,0.15953838463298145
row_018977,0.0006427763644074506
row_023536,0.6369134147468822
row_028813,0.26987959679030343
row_033309,0.4385011301349793
row_003640,0.013559901446225651
row_009693,0.14815908799111066
row_021322,0.03652582001921038
row_013734,0.03601233327274901
row_006863,0.011732669361254626
row_039725,0.14639861358959283
row_046457,0.399255276543872
row_036728,0.007868868882318915
row_035389,0.003742955068956513
row_018278,0.9811202085141196
row_007595,0.0007568087347409866
row_049756,0.008061207557425945
row_020345,0.005068085448266444
row_014909,0.022794302495989023
row_006638,0.018733097367719376
row_031192,0.005927524941077911
row_037013,0.20090802625215157
row_049100,0.6869958815199027
row_020298,0.9828655404966808
row_034899,0.06272431639229828
row_041383,0.04848197261366339
row_028919,0.030156282467461205
row_022511,0.6052900017228318
row_016123,0.038320292088587185
row_045901,0.0073895453701411495
row_031785,0.7997307693851423
row_013715,0.009321205943086828
row_044852,0.06071619941988734
row_039034,0.9845945505045209
row_011570,0.10602558279907046
row_019964,0.7588671780561052
row_031565,0.7819929488291054
row_019015,0.0023879685685268813
row_033887,0.008044091829881615
row_032597,0.205066242281066
row_000376,0.14570868559849642
row_034112,0.012544150490124204
row_024616,0.0682248258947538
row_043388,0.0006054702205557042
row_020614,0.10923819183512644
row_027260,0.02632172158352235
row_009202,0.0014199781146499702
row_005266,0.09291510805570631
row_025501,0.2655978989458797
row_038702,0.004956097628598177
row_046025,0.008347176787334536
row_046185,0.03197069709736612
row_023883,0.0015306706275310038
row_017604,0.2600120151246082
row_011541,0.003021360574277811
row_008665,0.09171621194718807
row_012231,0.06366469104242414
row_039095,0.19529710148693807
row_016634,0.0005648210625387717
row_041542,0.26754429048346773
row_013895,0.01726047894171929
row_019440,0.08273911006195069
row_000432,0.32871769679381496
row_009837,0.027370198896858523
row_011477,0.0019589180820982852
row_033926,0.0364678774534611
row_039834,0.05836077435570193
row_028933,0.021580262635366085
row_014028,0.40378332926520405
row_001196,0.4038824274441672
row_003562,0.01993646952512149
row_002803,0.01116963900443185
row_039659,0.0008576485458611643
row_039982,0.0022497876856387732
row_009397,0.02200076287901366
row_006436,0.0003674037211573211
row_027472,0.07904336430884915
row_025398,0.7997254984955648
row_020103,0.00017158435652168966
row_016261,0.030399087210503935
row_029710,0.035933849779078764
row_047850,0.019090812740591448
row_047997,0.7753554917265115
row_026480,0.004235802775451219
row_044554,0.7863648431272035
row_033747,0.052054370739795984
row_015104,0.36114540711528353
row_006304,0.00010392361720770217
row_039038,0.872147381753313
row_033180,0.3370936984350165
row_044484,0.4921519270812171
row_047077,0.020221246956236474
row_032139,0.11749840282581697
row_026190,0.00409675364756044
row_032171,0.022928862831919822
row_044312,0.0007909419922939454
row_004563,0.1605956205183206
row_045042,0.08689606713055531
row_002434,0.2606050071080316
row_013577,0.04017143837008545
row_020732,0.0022265503054183142
row_001361,0.3589162451975295
row_039923,0.015552902191184048
row_046840,0.016835003505154836
row_003964,0.29590299764936473
row_035170,0.008054395661980376
row_038400,0.6908323822657544
row_049402,0.0031658606008417908
row_020172,0.9810821929207983
row_036526,0.3777443627033404
row_009477,0.05469851605442107
row_016601,0.08601659024247069
row_027278,0.01082639924218176
row_002899,0.2017932722597613
row_012712,0.02724126275486618
row_036464,0.08371859545427814
row_029675,0.048771872513831346
row_018669,0.04059368039306749
row_033055,0.004258188616766727
row_005684,0.15630659836416727
row_033427,0.1989991780763039
row_016531,0.04633416166561614
row_030312,0.30232015068046286
row_007173,0.0008090474265999551
row_013264,0.05514451715573627
row_013446,0.003731115027966877
row_037795,0.14299916638087667
row_046375,0.7610139548835244
row_042872,0.6759833462639693
row_032036,0.03967803378113073
row_025184,0.2121956220642734
row_035169,0.1061678036239198
row_017924,0.8578652454437871
row_009335,0.06454436705455278
row_011243,0.3903007382331375
row_028759,0.0006499826991923185
row_044631,0.010356886475213416
row_011534,0.45193879776651436
row_040607,0.09038718563661609
row_002019,0.01111612544365337
row_019068,0.04524283515714455
row_032618,0.7618025029262561
row_038063,0.03856345457015939
row_042687,0.0023019198614030846
row_040382,0.022593735437962646
row_020888,0.004975604647232636
row_036159,0.0003851927937358277
row_028749,0.14703175050472056
row_048927,0.23171566732381904
row_048259,0.22643147524899757
row_038365,0.0012493712817662165
row_048654,0.14165273191213265
row_026584,0.018973043945046415
row_022599,0.022892822195492765
row_038717,0.4811807348326688
row_028622,6.204469880197167e-05
row_007958,0.025199904728635415
row_035816,0.05323959179914922
row_047881,0.0518168233378961
row_001276,0.12412958132365869
row_049901,0.18749643581437184
row_019222,7.893646079227148e-05
row_026998,0.09049892736477955
row_001449,0.028845427798271032
row_007244,0.013941400500694366
row_030008,0.44064306773655804
row_044669,0.7337810445293068
row_005045,0.5719750217393609
row_031714,0.2872710059326566
row_022188,0.01384261273007683
row_005264,0.6252649590702736
row_001881,0.009634970821275022
row_037148,0.9991600198385576
row_013352,0.022069241291089593
row_008954,0.02386952627409978
row_018051,0.10457436801617152
row_009472,0.01784873311618294
row_032863,0.9148059791253143
row_048394,0.366859880901728
row_034097,0.9396514846425604
row_007464,0.24157078838652526
row_019163,0.0658315381608606
row_018507,0.04804510687840612
row_049214,0.27762216054326644
row_030018,0.24932023781157175
row_024635,0.008163976091812073
row_008799,0.0061923284024410765
row_035260,0.031143337552124995
row_006606,0.06060511173108393
row_001038,0.27682485892758
row_036285,0.07608899955989505
row_011328,0.07244868430659662
row_011098,0.03741957228869651
row_002407,0.1462357264876732
row_015764,0.027416932439311942
row_032641,0.091382919036825
row_026094,0.17149184563325942
row_042593,0.9027302043491833
row_031553,0.5404885738809613
row_001210,0.4739909940217251
row_006319,0.01602509449948871
row_043555,0.0005308361598629672
row_008398,0.010749835676141507
row_017229,0.5302012949923511
row_031460,0.30015107227699545
row_034556,0.007790342145344319
row_003311,0.02418477664652417
row_023435,0.7107215476248031
row_030872,0.008291047196436191
row_012794,0.014880528884496905
row_032300,0.11987270188722632
row_047110,0.004644661406988438
row_022078,0.003964099456955595
row_029265,0.008193641041360774
row_008919,0.009313763797449753
row_001101,0.049708821230707745
row_037702,0.9425952938555301
row_022671,0.044320990873519796
row_007254,0.30125094804947455
row_040264,0.010787258513355024
row_027835,0.022138801078029187
row_013322,0.00047984560247571294
row_028798,0.03740450921129678
row_014281,0.948015109040099
row_038649,0.41784810942625555
row_019653,0.031184773077480885
row_002787,0.0787923698346155
row_026979,0.2968073571214496
row_039601,0.9829755080179666
row_010523,0.3922308954841721
row_027291,0.05837440649151893
row_035044,0.0220958997415133
row_048784,0.003425347214151803
row_007680,0.008842994257740261
row_000777,0.052787317072519054
row_048996,0.06861791190476103
row_016425,0.03874769993154077
row_012230,0.0012279453424307544
row_027921,0.1805019175513893
row_047779,0.7745894174447352
row_048766,0.01696056188581217
row_020911,0.25991534581000114
row_007052,0.055036813985203784
row_007442,0.017959755575815934
row_005288,0.004832775418780484
row_001494,0.086448399426969
row_015582,0.006441856528918382
row_021970,0.01591729653915399
row_042418,0.003090613886858665
row_047236,0.06710488184105212
row_020060,0.0033799476375106297
row_023282,0.11218131162725262
row_014639,0.15039644714592126
row_004194,0.00143243311958254
row_030607,0.0010860927383177699
row_028133,0.007014621003440637
row_045262,0.9486130301333808
row_038205,0.15335953567070462
row_014907,0.0813669788897022
row_044159,0.015853676703663017
row_003668,0.1807740559322211
row_039309,0.010232700810655776
row_034548,0.006242759801130142
row_041740,0.0002580629446330366
row_015797,0.008384657862464862
row_049848,0.035581071059115274
row_041448,0.04163890461010346
row_020550,0.2926456601842619
row_007935,0.003894888713210142
row_002497,0.02765668980122081
row_045789,0.1935853706412367
row_020241,0.02492677584151352
row_015227,0.001428351928596298
row_033741,0.01773683769944855
row_042590,0.7666478163303636
row_033650,0.15480340461032935
row_041643,0.005254862716918799
row_017683,0.7278241531436349
row_010509,0.4611304992754429
row_045971,0.7420815812447107
row_026689,0.00021170423756973537
row_027567,0.015529520818446033
row_006645,0.004368597407372739
row_029371,0.4731359143251514
row_042814,0.005936654000311625
row_045805,0.14200923111400784
row_020848,0.011830229313751932
row_000650,2.7416099756284213e-05
row_027534,0.01526515830435679
row_033671,0.01809988609659485
row_040674,0.01468423599075221
row_025291,0.004711597604654076
row_026765,0.1097159306514374
row_030605,0.019764928734483555
row_003919,0.009619813759716813
row_022136,0.041704017978823345
row_021104,0.27686601957056783
row_015344,0.1881941206117982
row_005760,0.9709058667705176
row_002880,0.00230709577650091
row_014768,0.3661531192485404
row_049650,0.07870844057791976
row_016375,0.03871237060258486
row_039317,0.11662493950682364
row_011830,0.028620450614515836
row_004930,0.07470147343469997
row_017411,0.7116020342867716
row_021363,0.13890778908736262
row_045625,0.005706630283736976
row_036005,0.11153345524298908
row_031755,0.25587539483918625
row_012743,0.12485456241171385
row_035727,0.7673051643611732
row_007408,0.5941057168018458
row_019227,0.3903090668657923
row_021680,0.0007023784629143811
row_026260,0.0013607618229484174
row_035357,0.11847745608309991
row_046156,0.005887704020849051
row_048890,0.012448399261826143
row_027125,0.8334427897995624
row_028916,0.018533405382403903
row_037758,0.0025734247284635555
row_023336,0.9852132468206231
row_003134,0.007741352971078455
row_025876,0.3377989543631124
row_016077,0.05297952556645942
row_041811,0.3015239579990765
row_042661,0.3267663472809553
row_043454,0.0008979838751681349
row_030329,0.32125445973880123
row_026738,0.029866232950857385
row_041510,0.21879298125088364
row_028197,0.05172873665110203
row_013777,0.0012881799358594268
row_014969,0.003856980109511419
row_000120,0.020144750624314908
row_006886,0.0034593086692341775
row_023163,0.4179887866065703
row_034579,0.04482492752651368
row_006311,0.7476276486950232
row_046758,0.010620151705769043
row_016777,0.06169891294188823
row_025940,0.336555437262728
row_023135,0.5881909134573153
row_003320,0.9508247036975148
row_016109,0.05695844394207963
row_026643,0.003525715739027471
row_008382,0.024671685542127134
row_024175,0.8739146444347546
row_044598,0.7917030481296503
row_028018,0.0018617323758701942
row_006703,0.005711065738626023
row_011589,0.28569930570329416
row_001467,0.21381294559995742
row_035099,0.46911562784795074
row_013696,0.01446634254825813
row_010912,0.23860628367595538
row_021264,0.0001377980677310467
row_044164,0.10901939352200758
row_037754,0.013479863066955587
row_021147,0.001891709675407045
row_043942,0.0034138032058660035
row_002550,0.013604430870946625
row_024808,0.012122615992785055
row_023378,0.04305029323489096
row_000962,0.03214799107882239
row_000066,0.06314810985305158
row_006767,0.23183513866943659
row_018120,0.017152550769734532
row_043045,0.14628952083814806
row_012159,0.4515899458060403
row_007604,0.47981344242689966
row_037833,0.00312100597213079
row_004911,0.004142868157359482
row_026912,0.012721380886744325
row_042898,0.00561334250386887
row_043877,0.0010634920284235485
row_035475,0.1065225860426156
row_034518,0.15298907143127902
row_042722,0.012440670023622176
row_002216,0.8141637609418793
row_038146,0.16817778039181155
row_016308,0.04367633154883337
row_030573,0.0757084321048006
row_000308,0.00019937308433904663
row_006835,0.0007965838863419794
row_038317,0.3014600362059942
row_018033,0.9780482090741947
row_045344,0.010707857373977897
row_031311,0.13433728548522902
row_033788,0.048975987116964895
row_039516,0.04666851097218909
row_028257,0.37023950078189705
row_005353,0.019545204818796798
row_011626,0.09275526581356205
row_045932,0.0005254303672161604
row_024520,0.8601431311526065
row_033472,0.16094330922481467
row_039005,0.21240265347405116
row_039658,0.9999495773442133
row_003247,0.1150588815651293
row_030446,0.049262466235468684
row_038849,0.14017469809734281
row_036248,0.8027323293825279
row_023547,0.14588104904919516
row_044465,0.2701718853791758
row_009631,0.19723944662390677
row_036549,0.0005719474185120633
row_011499,0.02785716313021579
row_038890,0.0005149790121357234
row_014741,0.03560682358614812
row_043836,0.238667022846323
row_019426,0.028691014671688872
row_018345,0.010286573055941701
row_036673,0.016864413942510665
row_041364,0.6234718355536242
row_045196,0.8464455411759254
row_010531,0.44617904748824866
row_022236,0.003530566540466027
row_033244,0.7668616711568612
row_014507,0.049314817897419955
row_019805,0.5873906957227024
row_008440,0.028937104438141535
row_033503,0.002683403724616336
row_029688,0.0011891741710062128
row_032375,0.08855799952070283
row_039331,0.5988630333481544
row_016834,0.716325993514389
row_010793,0.029173436012017512
row_013060,0.5827092171613025
row_009885,0.01440168780804782
row_029760,0.018571856735454355
row_035387,0.22721842743909182
row_048365,0.9945135628791798
row_044892,0.9817209860939261
row_028882,0.05669448412573953
row_037781,0.13007686388892847
row_047301,0.945796242107401
row_014570,0.20430486822248797
row_023409,0.19244926582985197
row_026737,0.024425502398187925
row_031284,0.8732811974613061
row_038637,0.23984091445088546
row_009395,0.12754102237640896
row_015475,0.03908527855558403
row_041832,0.07859926453471087
row_016011,0.9964851609276765
row_024156,0.15757192482525945
row_041350,0.29438311873754824
row_002360,0.0010364084730995048
row_010117,0.0015251660580872044
row_013631,0.0034108933732872526
row_009060,0.1463436793618055
row_010278,0.00013663645371480063
row_009214,0.012216882373661603
row_044790,0.055496200495592105
row_033936,0.010112374176489249
row_003995,0.06332085158000354
row_036855,0.10952087348114364
row_026878,0.021158389762160685
row_022712,0.0022482317437806008
row_026069,0.04979875282063579
row_009762,0.9489313624957172
row_011778,0.5716935427181828
row_001272,0.004725688364354985
row_011485,0.006117042288283372
row_021260,0.01821161904430065
row_002557,0.019008756503860833
row_021225,0.04917809637883564
row_001580,0.21247054774827182
row_047155,0.19745597103583234
row_018362,0.32760867396715043
row_016978,0.018856411372872736
row_031717,0.08623704358052658
row_034821,0.008970049274315169
row_039691,0.023575595217023508
row_018116,0.0018598254908031352
row_025130,0.11293272404440664
row_006320,0.0035835113476858325
row_047598,0.02947602600658069
row_026710,0.0001360972800280207
row_044872,0.01575760347679198
row_010198,0.3654752204661265
row_012939,0.10997404148103376
row_017624,0.9594402378301502
row_012491,0.1327187385312321
row_048428,0.27258696261955373
row_049534,0.5589125921903801
row_009443,0.0037367413897754376
row_013890,0.7380415097193647
row_020111,0.04262621799460282
row_041966,0.0639288181099947
row_039909,0.18304410302445445
row_032923,0.16276637770142255
row_049634,0.03986919714266084
row_045671,0.00022003150122846814
row_036209,0.30967881437579947
row_041702,0.026564213693825472
row_044195,0.6052329463346201
row_001036,0.06851605645379695
row_007019,0.004310379875947659
row_040757,0.06448414018485939
row_033884,0.005835339426914433
row_006169,0.018042664943022903
row_046706,0.037129002590265345
row_049879,0.003546530511421308
row_037934,0.1218317711912315
row_039340,0.040881871368454156
row_040380,0.04480633091611965
row_046450,0.2429013983711986
row_007950,0.034868542163113816
row_001120,0.05959233170185101
row_039884,0.1322481638195678
row_030025,0.1122374507042654
row_044734,0.004288016286733035
row_026724,0.48700203429815486
row_011302,0.1195200844299138
row_014775,0.3218224365162937
row_016204,0.2561969169856191
row_013847,0.011550129899384101
row_030032,0.01681288385717019
row_031852,0.08144128726940826
row_007941,0.46397257024290023
row_026131,0.03381942212498877
row_032549,0.9381597515763731
row_014684,0.625424284516157
row_015598,0.4273721606176163
row_040514,0.1057169318122116
row_022061,0.0214858814529436
row_019321,0.04691902717841437
row_007236,0.08554668153993401
row_009093,0.9793920966388676
row_020721,0.10132667925931428
row_022909,0.0005993721203108375
row_009923,0.30986741481004476
row_024578,0.003068289618991648
row_022661,0.0008390886101641136
row_026422,0.0005368005201702851
row_039386,0.28274117303299334
row_046172,0.018527517527581562
row_049052,0.3048047311854785
row_042742,0.2348618928756689
row_004604,0.9230695440641957
row_012607,0.0003107910136140634
row_032151,0.0008151686039809618
row_034327,0.09629746640522771
row_012622,0.0035889772588591005
row_001530,0.6574015145484683
row_015574,0.002791976498298972
row_038125,0.0009996113331734832
row_043557,0.09531066006104877
row_029952,0.008644669413454077
row_048879,0.03357652600407124
row_000040,0.042342285791193195
row_011467,0.001972035469626487
row_040592,0.0013406133212474263
row_019421,0.0032168248694967624
row_047711,0.11061827828166029
row_048278,0.16800141313259115
row_039852,0.002807075277549167
row_028213,0.007572455397881397
row_030468,0.6458726280214616
row_039596,0.09057691550319272
row_034634,0.031116530317570897
row_024785,0.3958819046599882
row_030729,0.009645181588828872
row_045641,0.07198476887071624
row_032330,0.14606743424379523
row_010083,0.008774381425907191
row_006601,0.04572625461318071
row_009727,0.11900337926350417
row_038910,0.013800651957835157
row_032827,0.0002845697683151847
row_002609,0.009248413507312245
row_028115,0.0370613257709171
row_009225,0.029372666190217472
row_006800,0.28861796486894575
row_024024,0.08914304232806994
row_040070,0.011792750248576582
row_030492,0.035209670636817354
row_038633,0.012129283077743315
row_016997,0.005755928533216549
row_017981,0.02472515526542313
row_005301,0.002118695624814152
row_022570,0.02199899928904193
row_026346,0.11696317091577388
row_001529,0.06768053272718517
row_013718,0.9895943428972023
row_020908,0.022085284353861066
row_030837,0.5396213178131003
row_008244,0.041301481668149426
row_010483,0.010015340406753215
row_046650,0.08356417431611034
row_038181,0.001209507546314121
row_019751,0.9849900620490167
row_044178,0.1279197098760474
row_027852,0.032340067846394996
row_038793,0.5236955336751267
row_022636,0.16798815666737943
row_022284,0.8870255531520554
row_024141,0.9325529435371799
row_041271,0.04206757920334537
row_025913,0.01000545749865676
row_019513,0.39750234458361977
row_031966,0.49710135271373584
row_035997,0.015096882673893761
row_042911,0.0037132639363974757
row_026191,0.0014857278687157355
row_000997,0.1533994695948128
row_002514,0.4396218105633675
row_047048,0.0850304299571683
row_002065,0.4291926599311329
row_048173,0.003717025543734102
row_028107,0.02023284441912692
row_046966,0.007800185783951432
row_017860,0.0009204664066134912
row_010251,0.43588603362768874
row_018050,0.00997228430984121
row_025456,0.014299939724981808
row_042762,0.636732785595438
row_047490,0.01613973093043768
row_045959,0.9376459509249963
row_049059,0.015425501071093008
row_024253,0.004208746102215126
row_021892,0.007857029498138405
row_008255,0.00039250813047513874
row_031531,0.011254517556381112
row_039207,0.19279394234191993
row_043175,0.08427677172741525
row_021839,0.1656438723931148
row_030236,0.009135971245926097
row_001649,0.014482327869033692
row_000322,0.051614724525909844
row_036632,0.9519559872847132
row_003700,0.5231411216667684
row_019274,0.032767815767959015
row_043443,0.46999559265517493
row_043943,0.0017433196397664329
row_047307,0.7740333740240615
row_027392,0.0002621780386127644
row_007895,0.6463297148803296
row_005223,0.038523224957303565
row_021975,0.0017474357437915482
row_004973,0.6482874376430208
row_003216,0.04009725538113447
row_023034,0.06922584937735157
row_023783,0.015158225499472228
row_029517,0.0029198804824017476
row_004066,0.2282447276616828
row_022643,0.09513612050104292
row_022791,0.0020209101203881082
row_040801,0.002727438141202781
row_033597,0.5937422960685064
row_001777,0.005628634017538176
row_000357,0.1723612729438286
row_034474,0.08527207080751582
row_017814,0.03293770953023867
row_043344,0.005430747669642401
row_001743,0.3199864878717604
row_044877,0.0031916884886508635
row_009929,0.041059884371590125
row_017090,0.020105477239858217
row_035682,0.02290456023795536
row_032721,0.12462525175958694
row_005757,0.3251939376689802
row_028724,0.0905910187130705
row_026092,0.0030079704245530156
row_033030,0.11689804472420479
row_019357,0.27363855400184994
row_024504,0.0058229448242518335
row_046083,0.050000922201342834
row_000144,0.762212045328894
row_016371,0.07329985495309577
row_003687,0.003931875229353761
row_022223,0.8666300649522829
row_043303,0.0026687324339527006
row_032126,3.419566622319001e-05
row_011679,0.16711003657603088
row_038736,0.008129391569017217
row_037532,0.5481141887576935
row_013113,0.06984830782634074
row_044200,0.011491342793999678
row_045525,0.06933459683269046
row_037169,0.13191678116061215
row_018520,0.13048733084196426
row_012816,0.006545025048498975
row_002343,0.17152852079493117
row_047704,0.9799139451646939
row_038087,0.026255651852528518
row_024257,0.1482290249408167
row_021986,0.9638526315810553
row_010839,0.02760842980960103
row_001035,0.006188971819387653
row_009153,0.0018802625332851053
row_046495,0.005707750458966728
row_020163,0.44058599219596306
row_048748,0.0007759942646694799
row_004643,0.3690694524737859
row_018443,0.001391804023687873
row_009560,0.011364072665738566
row_039399,0.4606506093373146
row_029084,0.011608935172532352
row_000913,0.9597976721793062
row_042851,0.0015490789768087237
row_030214,0.0901426793956496
row_002287,0.4161615630173353
row_000722,0.04893433244395574
row_022856,0.014025364029541583
row_031603,0.2494963460688523
row_023920,0.08057174407743722
row_043492,0.7598251503720371
row_020777,0.8609633768425995
row_039582,0.9257098858007574
row_003239,0.0037566513074442733
row_035305,0.012989836866410009
row_005753,0.9863518529464624
row_039258,0.8561373425893716
row_046392,0.0002632663866406405
row_023268,0.05699826130925459
row_035946,0.06811376595767121
row_030101,0.27921717625802883
row_037354,0.0034501508745243934
row_048177,0.01849669262323265
row_008009,0.9602574264266521
row_002686,0.021194332116035403
row_004448,0.04119496880145361
row_045599,0.23946230497056514
row_027194,0.0247185028324913
row_039447,0.08585458650083702
row_009374,0.005743847879248898
row_017580,0.12994174790812738
row_013525,0.9880336402423204
row_035281,0.01350029649739471
row_040389,0.009077407345767527
row_025463,0.06435900139191886
row_038046,0.2692456683279275
row_010363,0.06641228157616019
row_015380,0.03980370150389424
row_049768,0.2805258453255883
row_013711,0.0010260064742820586
row_045045,0.038820077829851085
row_043866,0.2973999183677049
row_041775,0.017045083951841077
row_030173,0.06905710006376356
row_016436,0.0013954284665968972
row_038169,0.149617577226252
row_036480,0.0013057064065209434
row_049619,0.010999850950180573
row_013115,0.004202803876731939
row_001149,0.07441649256947853
row_005211,0.10160295524951138
row_024999,0.9661800574561832
row_017886,0.7647174383105576
row_021995,0.30712191858372706
row_041209,0.9981745444029696
row_030054,0.0019056292418138808
row_014784,0.6432199656594529
row_007289,0.06218774663094423
row_042110,0.3534371365295035
row_008419,0.5382004904212748
row_018756,0.18527439109628788
row_048760,0.32585836830409226
row_038888,0.15316934298315904
row_036604,0.994735906499773
row_028830,0.9973265489557472
row_009115,0.5054077154916141
row_043317,0.0027295926293571006
row_019553,0.006158582990940475
row_028821,0.006664004187114799
row_015033,0.1526927577715267
row_042318,0.0005702007237944945
row_037955,0.11457231460722347
row_031532,0.43670690381934707
row_001882,0.06946448204391235
row_041243,0.025559747766100146
row_009588,0.03563370537044894
row_032469,0.9913943459874628
row_037948,0.0318026299502274
row_043845,0.008114497729273692
row_017546,0.0038248192247777916
row_048131,0.044232079987321864
row_016844,0.021062439695451508
row_039130,0.2336499624365771
row_026302,0.3873613720222378
row_033657,0.04468178429363481
row_031303,0.7706336391648625
row_046463,0.2806796855512183
row_022952,0.024758489752262386
row_013179,0.16389278096018708
row_049679,0.000937399436955295
row_044109,0.85717458633731
row_015206,0.006490449975323043
row_008599,0.1081623314653858
row_013963,0.0010226850334795463
row_024874,0.05545025875124279
row_022968,0.06402892601656962
row_036084,0.009339945432075811
row_038912,0.02600939861102712
row_027315,0.9482904338825477
row_027997,0.0005424984419444913
row_010753,0.1414629324775042
row_028846,0.8484543987418993
row_012014,0.38329189429245697
row_038939,0.0856629483089365
row_013670,0.0014570710539459437
row_021729,0.005573887837817481
row_046132,0.04740212922135274
row_041762,0.03583599423992856
row_014729,0.014387423909623697
row_002768,0.012163577891280575
row_012278,0.12869614783183836
row_041570,0.04798851124880754
row_015388,0.21665881947095836
row_048651,0.02847164409940281
row_038411,0.35705354058923594
row_032708,0.14280349550977084
row_012184,0.3293344739621445
row_035344,0.4490456649253963
row_040770,0.4225192655158596
row_036092,0.002130858800130728
row_047308,0.538545909346351
row_021187,0.7693443550329216
row_031616,0.009645649925076992
row_046985,0.31896562658756983
row_004868,0.008925335239210725
row_023689,0.20538810077408257
row_018280,0.34565262508204103
row_010041,0.06576900950680384
row_007975,0.4269749587881184
row_004280,0.27495171194794943
row_023527,0.2251035238818097
row_005384,0.0791414996726338
row_049116,0.005020950235345521
row_036268,0.19496268537016084
row_041380,0.00589394676858665
row_036025,0.007876159887886402
row_006288,0.06095221871232232
row_003005,0.797925486108909
row_010569,0.10660808799160161
row_007276,0.009957360963677138
row_013900,0.00280519882784176
row_034976,0.019188484177412767
row_037681,0.003482697490512638
row_020012,0.9999467445903297
row_032729,0.19864224855315124
row_022122,0.09034845221845614
row_018794,0.005345535618179443
row_007864,0.013158658603413786
row_008463,0.0010811656296016254
row_026514,0.9965743902555908
row_037744,0.0018335968400099772
row_020664,0.0069769066497981464
row_019161,0.032470970513588465
row_036676,0.660688888228187
row_048239,0.006324788287401289
row_017833,0.029557948170958602
row_049194,0.16167551110074319
row_027222,0.011891601003338937
row_036930,0.37775018247409065
row_035701,0.10472036980326865
row_019443,0.0034021307333258607
row_010265,0.006979907797511474
row_018466,0.00550341028899313
row_015793,0.005871930740386724
row_038388,0.7433190626181334
row_028966,0.756983186316654
row_029551,0.00028885094648388226
row_031029,0.06668590217768247
row_019244,0.00635678146303023
row_027206,0.05820376151824416
row_000086,0.6729171655263376
row_013898,0.0033293721821344817
row_040490,0.9340658298884227
row_029156,0.28623612490064126
row_012151,0.17583791992436973
row_022139,0.8736543193431586
row_040795,0.009074767712418476
row_004830,0.2392341865550416
row_001939,0.25879517185491513
row_036276,0.1030268168820911
row_001053,0.6015053509750801
row_004783,0.18288134843320059
row_012976,0.7371859984395936
row_009076,0.009084001254712233
row_032905,0.9448588374776097
row_000059,0.06538490082364223
row_041535,0.32048808998543654
row_040842,0.03787314474283299
row_033886,0.040931668775917654
row_005309,0.1630643268776681
row_040320,0.2014123652520665
row_037305,0.509423215399294
row_038604,0.023797000307056754
row_011495,0.9946031681637828
row_013621,0.9681014017659678
row_004781,0.29848049527288656
row_016391,0.06340771756838301
row_049796,0.0755147501950221
row_031279,0.012345398557042416
row_013843,0.0002392118881128073
row_033704,0.023542662770278645
row_018139,0.8134433168551125
row_034447,0.03580757910606596
row_035697,0.18858458653542148
row_036618,0.0062665038730183534
row_005949,0.0008389918602469542
row_023329,0.09803599181126142
row_038405,0.9373134751789636
row_034568,0.2611258222756374
row_048322,0.06119409576624985
row_001701,0.06566281743110675
row_042608,0.852402360648529
row_007829,0.11493846012135188
row_022728,0.3520833477490312
row_049880,0.0038324087321191577
row_033308,0.03210402565935065
row_029590,0.18097556142251495
row_013056,0.014550525118087096
row_004814,0.00368814450065667
row_020877,0.0030872700788029156
row_049862,0.002453229534447619
row_008273,0.0039015137459115896
row_019868,0.013582493702811376
row_048519,0.028943704692698205
row_012025,0.20810108116908418
row_014812,0.9984653524641264
row_031942,0.24330887570579912
row_020115,0.012377579270482789
row_015552,0.04572596012046074
row_031915,0.1121376862086458
row_015775,0.018528828256785944
row_033452,0.026466212147218775
row_018432,0.0033280705712927104
row_027141,0.016248604323450794
row_035725,0.0023810494627855396
row_045264,0.009580843259427589
row_033148,0.08258297291530721
row_027752,0.1421169611308238
row_008291,0.0006283629341274954
row_027034,0.0008523109985054455
row_009892,0.000798407479505125
row_002459,0.1381515576145321
row_039448,0.021212354628755908
row_008033,0.4053599930886001
row_021874,0.06237054540020051
row_036521,0.04556962988188707
row_001289,0.0011874704507357004
row_011227,0.9735382687134
row_013959,0.005066941797106966
row_006173,0.004859413534069807
row_046069,0.17716850791586378
row_035825,0.008432959604071257
row_048772,0.0005362076237573012
row_031201,0.023578095192556957
row_010810,0.9919444563908084
row_033625,0.30257829021978616
row_036002,0.015002310010302852
row_027463,0.2737896804072429
row_011359,0.49579900608700156
row_007197,0.054434934566803816
row_030699,0.10543337989808167
row_036290,0.021007303140333406
row_031969,0.010788413132679574
row_040236,0.15741280714924766
row_047198,0.7852506817125292
row_014823,0.0016292094674694403
row_016008,0.09556025755574167
row_017829,0.23106007809419668
row_026137,0.23588694909208233
row_038066,0.04559865766875014
row_027547,0.0005215657482978635
row_021269,0.016486612900209363
row_001605,0.003772965181655756
row_027424,0.00852878205127491
row_001129,0.14991977104026924
row_021629,0.2981600591358723
row_020228,0.023450115612002616
row_004483,0.008930402351841742
row_038016,0.781244541921149
row_031124,0.23313351938542376
row_019024,0.00490997715875529
row_029400,0.026307724058785224
row_002800,0.02000238511741581
row_026539,0.05308525844265456
row_040036,0.5479416750908361
row_003713,0.060359103693544906
row_008272,0.06296074279237585
row_000031,0.025026246823064216
row_011479,0.2847407827288903
row_003742,0.32183822301061177
row_049416,0.026096691274068256
row_009666,0.9944666631245522
row_045941,0.100808466832749
row_005591,0.6538595932706041
row_049855,0.00135464396478245
row_021704,0.499445204641374
row_010954,0.021006149679227357
row_001240,0.14331942105859816
row_013399,0.007005373985679999
row_002735,0.24638866369618553
row_043256,0.3698946355065111
row_016106,0.963038937242226
row_004819,0.0008971922444715547
row_010973,0.8980319714168813
row_001236,0.5378228781990618
row_008007,0.002000514003957308
row_016806,0.02290007579183801
row_016472,0.9870752253984675
row_007611,0.03791632981902971
row_023249,0.02054935251595047
row_024558,0.009928110007711573
row_043920,0.003681723727394906
row_036360,0.015809302352841975
row_044498,0.01318610594481677
row_026074,0.005978078423472503
row_006386,0.18348823836404973
row_044762,0.4345799773787531
row_048787,0.06511150993344578
row_047162,0.8737851869987612
row_000353,0.24386534055098535
row_025375,0.8786857112702496
row_041609,0.026878194204467132
row_046260,0.13576424082868824
row_049718,0.003392390700255101
row_006336,0.003667366923944963
row_031530,0.14495001948934338
row_045573,0.5793058231371312
row_043646,0.926594502495657
row_020133,0.4707654992522708
row_029234,0.6078020174473556
row_027341,0.022976055379662946
row_046734,0.0028815695288999664
row_032398,0.6151353305527929
row_048639,0.014843556315178476
row_043078,0.171587867579426
row_037137,0.1329211038873323
row_046662,0.0004168927887605037
row_017866,0.16151886786293176
row_001614,0.7032273517897463
row_005687,0.8044664566001168
row_036738,0.0702255872243078
row_035471,0.6246152052894951
row_019067,0.15523311467021828
row_011742,0.015160962381609501
row_000605,0.9943270569677072
row_021426,0.0022854855300024905
row_046947,0.7881370698772744
row_032907,0.11903458232284919
row_026915,0.019228011344864668
row_049970,0.8194317320424316
row_032464,0.0027543844125496406
row_024477,0.339014371715399
row_028019,0.03702855568395349
row_016659,0.10554262047632595
row_010571,0.0010029937460135031
row_028743,0.007701502934835676
row_013117,0.9917183340846784
row_006942,0.31914533545604307
row_035721,0.36130317714532706
row_015883,0.2267907911406422
row_008324,0.642218151428923
row_034880,0.6635512752481451
row_041532,0.9981366799049762
row_008269,0.7652891997358933
row_049476,0.011611458596216564
row_023891,0.37943086830827777
row_013258,0.022209445335500694
row_043745,0.005028993821265267
row_031318,0.4224380169283882
row_015751,0.0003424940802518202
row_029316,0.021701482843074615
row_000936,0.006678210967600916
row_029750,0.006037897174973423
row_015716,0.009387384740618001
row_044722,0.48213466191623877
row_030463,0.003132218810361607
row_031980,0.17797634583526187
row_022245,0.9660126269943232
row_038668,0.04742328962229241
row_044823,0.9056583992331119
row_035998,0.005178048515002402
row_018425,0.02499168153241873
row_046291,0.09576661039445665
row_036574,0.0006894417602351958
row_036320,0.4626579648695398
row_017110,0.5860678137261387
row_025173,0.737253155554972
row_049407,0.36362973256431286
