id,target
row_007104,0.251734799660345
row_006043,0.12191824368335946
row_007861,0.2020695490385758
row_047137,0.1140582429078418
row_010138,0.19188060098236182
row_023073,0.2752041092961598
row_035683,0.43841760068033914
row_022781,0.2715168372649222
row_009191,0.266055304207266
row_032489,0.26165283342324974
row_015546,0.41970996097017355
row_004831,0.19006474879550067
row_049662,0.2847404639991949
row_002801,0.13526962013021374
row_018161,0.21803010952929028
row_027564,0.26559077352378047
row_022650,0.5123490834262261
row_022115,0.23846443864156092
row_045437,0.3945548140525176
row_022832,0.12374308807373692
row_048862,0.3107168683565926
row_014485,0.13980683353973458
row_036301,0.15396843208631894
row_043639,0.46573241817109384
row_010817,0.3425131952254138
row_022126,0.2910992731418433
row_010880,0.15417341804613485
row_012312,0.36177322910839627
row_005242,0.24706350812376032
row_027006,0.2513626323034002
row_045606,0.23327252679916655
row_008741,0.24320647929441
row_020854,0.2818946140411171
row_030178,0.2676052091013101
row_046981,0.22794728770535963
row_025209,0.3383956411961361
row_024462,0.4386635316794321
row_017511,0.4108159053691441
row_041636,0.12512739773201512
row_013812,0.30195144595606843
row_005663,0.31863226203054296
row_005356,0.14319737103774854
row_029800,0.23855855169378967
row_049910,0.2482366789040401
row_018548,0.11222852177853286
row_000642,0.43603834140647313
row_030807,0.11060811284809205
row_024854,0.3763372404891642
row_002522,0.355186465297396
row_002142,0.13109614735505065
row_012057,0.3761725606468321
row_040457,0.2788671697141168
row_049293,0.28104468924785253
row_023111,0.4259767791278177
row_005843,0.21640990795746257
row_049938,0.5009706436018381
row_014835,0.4131752922965626
row_016185,0.4890455113523316
row_007562,0.39679443937645426
row_036421,0.236900262410422
row_026147,0.2406221317023976
row_045442,0.14888192828681548
row_004975,0.1282311009393213
row_029879,0.2049552183901236
row_006837,0.12446474996873916
row_000327,0.16591632113448013
row_016161,0.20822886280781686
row_013068,0.1447495813621946
row_044235,0.10469127619389862
row_044023,0.155748347079959
row_044257,0.36467315228200364
row_042302,0.2822509634872786
row_008684,0.188432653780529
row_030783,0.20379852472841664
row_009255,0.30419657519059096
row_044451,0.13938235433320723
row_039440,0.21798504079266953
row_024100,0.13655984808774696
row_033299,0.4301207499592822
row_038958,0.1669362152025555
row_029612,0.34935004735822445
row_045755,0.41028195385036964
row_010657,0.34861104507377
row_003539,0.29152193200557713
row_009953,0.3711717807856683
row_000094,0.15413750339619828
row_000672,0.37769268038435266
row_048074,0.3653139785642802
row_006680,0.32986409190587257
row_024446,0.14434022307831978
row_031985,0.3235888230571748
row_012887,0.33327338138213347
row_012454,0.3025541600160961
row_021921,0.16923570085752818
row_009619,0.3851646323683199
row_023309,0.44409292285624297
row_031495,0.09779360461226656
row_003688,0.38960375923768453
row_009085,0.12190034066142398
row_020302,0.19256476310753556
row_000946,0.30338466570254924
row_045447,0.32282746188481887
row_038036,0.3776253218440258
row_014204,0.5586740783991561
row_049040,0.19524637597004812
row_019373,0.13984618720795305
row_018205,0.45476929619927514
row_003364,0.40022852924662106
row_037797,0.14949562178900253
row_037037,0.4611798471301482
row_027438,0.15230464898768792
row_031650,0.2473754423360954
row_028962,0.16466566739914565
row_035130,0.25864880342342095
row_007831,0.39375808399270523
row_027355,0.397585742013494
row_022063,0.1761819316820402
row_031708,0.3322760546456889
row_042602,0.3882823520564379
row_038963,0.46575312412702013
row_021513,0.12449054420421564
row_002471,0.1983155859065014
row_025835,0.202453475548566
row_031662,0.21062121562466793
row_048592,0.2205444855825952
row_013935,0.24736511946746517
row_002281,0.3509010899417503
row_000862,0.23204927676812026
row_033695,0.25219438222942275
row_030694,0.3128474630751751
row_010034,0.18423760333439587
row_002009,0.14304497799449042
row_004645,0.14461270015800368
row_034313,0.3307079821328992
row_017791,0.20139605384855125
row_040624,0.36457051636405163
row_013860,0.312042276873203
row_036127,0.11261420672595371
row_038664,0.2145136819429255
row_018594,0.18629903187126656
row_008921,0.118908981109895
row_015833,0.42629530610092436
row_020932,0.34098220381250527
row_034995,0.2799910299466184
row_005860,0.3307800258242264
row_010064,0.2798362226009588
row_046230,0.2585452472933726
row_021398,0.2616268401300296
row_028710,0.38546427646727355
row_011454,0.10824796391423065
row_036435,0.13932885832413755
row_028518,0.27185206159965947
row_030796,0.12918402497086653
row_032541,0.49024948973314786
row_039766,0.44000208654230344
row_020421,0.19382137610256703
row_039862,0.33741916456429866
row_035359,0.1653016267417043
row_007202,0.1594629776268698
row_034121,0.15402485233558189
row_002483,0.11440664917608084
row_031221,0.18683009613684717
row_023730,0.15744324260285197
row_018283,0.23796770763397043
row_047132,0.33127977967478295
row_021594,0.24902316018647414
row_018809,0.25281346288777773
row_026910,0.2678560108274083
row_026041,0.28098783396909643
row_032340,0.4358799222737052
row_020980,0.3282181228861847
row_048279,0.14463831154848086
row_002913,0.17607369930780506
row_025818,0.3867997916531012
row_000333,0.16171158874471256
row_042882,0.3239849402327353
row_007509,0.2872229431549438
row_019691,0.312499993477113
row_043901,0.1439781228499077
row_033900,0.234362031062494
row_026186,0.1368055138722855
row_014454,0.15283130893994568
row_036765,0.3824015656773434
row_005322,0.11759345433780921
row_034332,0.28120410964836845
row_013289,0.11744956915837039
row_011493,0.14658740234395798
row_036925,0.16929184164888605
row_022186,0.2226317444295764
row_022961,0.4625443856683127
row_030951,0.1738741450833698
row_029339,0.22366779789211272
row_027191,0.36494499811082187
row_006484,0.4115887154687582
row_039211,0.1413792883429324
row_040580,0.15816453358618326
row_038856,0.33901900823098075
row_015352,0.277364673855311
row_008338,0.2748074696746892
row_005673,0.1364213092777396
row_022474,0.18228311485291898
row_032677,0.15597038671653726
row_037470,0.19818210618500184
row_018228,0.21370889742632845
row_017346,0.35590566700288195
row_014844,0.1410219003468676
row_047809,0.2474811536125585
row_006851,0.3284131505579748
row_034791,0.35103557357019205
row_047794,0.23977156749091705
row_001489,0.34343536956647713
row_022739,0.2767240870896018
row_016475,0.4045968363779248
row_002137,0.26176165344538077
row_035031,0.1444713275824213
row_042932,0.24063410666909707
row_033060,0.3061248669618894
row_041599,0.3669884373795698
row_000077,0.3283538851450336
row_048042,0.387931712178282
row_005393,0.11702302917343278
row_007965,0.28655894734011833
row_009803,0.12525226971372647
row_045740,0.16310346238419143
row_037117,0.1854124857546973
row_019829,0.3420778286972224
row_045303,0.24713158489304368
row_023525,0.4851847567668436
row_041621,0.09226212971799734
row_011494,0.1934931273224204
row_000858,0.3333309844338446
row_025819,0.3111868906499118
row_034889,0.1353190739905746
row_005263,0.16706540238788697
row_009489,0.500306402025206
row_013714,0.26546451972247287
row_001709,0.3526500100563817
row_009382,0.1332176596039829
row_037165,0.34908186788747964
row_021184,0.45713784293125065
row_036560,0.1847871958977554
row_034905,0.19184770995618852
row_030859,0.42488486723601593
row_041797,0.2978176253960096
row_021506,0.2285723848444811
row_008113,0.34563150369511597
row_028511,0.375120477287542
row_020515,0.31682546538769224
row_038246,0.26392740588510116
row_005027,0.1344453332488547
row_034760,0.1660384390129773
row_029069,0.3503867678749937
row_001910,0.28742520433229446
row_026625,0.09899006679316627
row_036095,0.1801375325145089
row_021845,0.18358654704133331
row_046668,0.2999417261513135
row_029761,0.1346348784573984
row_038584,0.1773665694191446
row_006579,0.36499085708189466
row_031629,0.3774511017686558
row_046809,0.40173691458598765
row_027851,0.42183850753960367
row_027069,0.1237723072328534
row_014929,0.2595146208238886
row_002531,0.14283471002575687
row_037886,0.39840986579608056
row_006061,0.39738698609585354
row_023649,0.31052646022305813
row_006760,0.3013639592796248
row_025931,0.2954775139998033
row_047446,0.28233581653098316
row_028176,0.1544267700138351
row_010155,0.4474287256253665
row_048699,0.3023803222654732
row_019808,0.30691957246530005
row_035427,0.2881115237461961
row_042393,0.19838869732306436
row_042780,0.30434569749706447
row_012204,0.4239865073052698
row_000988,0.15035380001994236
row_014632,0.14526700212010935
row_031595,0.12980572164061424
row_047286,0.3888471558386042
row_010945,0.09334829895400139
row_043547,0.3742900689087805
row_025575,0.14565633060086222
row_037025,0.4371210843198087
row_040523,0.11607711560552965
row_005466,0.11370390190759602
row_041746,0.17941702321527941
row_007675,0.42945971614614514
row_037622,0.2374513225435477
row_015117,0.37887669672662283
row_017507,0.2810396720846843
row_033412,0.3643228539184136
row_033997,0.1752645403768989
row_048144,0.2640237693756495
row_007359,0.16105437601609313
row_013232,0.24207166520422949
row_004587,0.29189307598943465
row_032920,0.30270325251171876
row_015444,0.2630386417176627
row_013624,0.2930646147083529
row_016353,0.21953355836411267
row_013627,0.16090862812707465
row_024071,0.1292882119224298
row_025959,0.25502802505353295
row_003423,0.4096226803825151
row_016473,0.10474551242803566
row_046377,0.3535894124398505
row_037692,0.19439200559615502
row_035108,0.3641165650587839
row_010998,0.4394776722395392
row_008695,0.2674125554882478
row_009473,0.14378029330292047
row_021650,0.27212761155258286
row_032908,0.2553325363559053
row_025402,0.43371613146364546
row_031534,0.40425706592438904
row_002781,0.40050355457753567
row_035233,0.2046485127318724
row_038710,0.18906477450550976
row_002313,0.12271036793312338
row_013960,0.3454498861466278
row_043341,0.436937464772024
row_012280,0.15429166546722584
row_037592,0.25008095801290714
row_002534,0.10383574579472134
row_049860,0.34528372658867734
row_013037,0.3245947301711927
row_034537,0.19437807845624844
row_027665,0.23731545562145498
row_040718,0.12215318678602685
row_024664,0.37860036786694273
row_010574,0.24985373640404224
row_023215,0.15892039538133465
row_047807,0.16252208620675626
row_003716,0.1105522554104965
row_000474,0.17722069929424789
row_032960,0.36193364679243867
row_037746,0.16245965940776602
row_000669,0.3791475801441465
row_039326,0.4543928073473481
row_047452,0.15190065567397198
row_007187,0.34616872614111316
row_007612,0.1745598335986532
row_044616,0.42184409677049134
row_009701,0.20032457924202896
row_014987,0.15920319642115205
row_022038,0.21303519078816754
row_037908,0.3141735518420587
row_020556,0.3530573103572296
row_028480,0.2326699673198403
row_042641,0.3342316164896178
row_043627,0.28140486258257125
row_016110,0.12665003509692252
row_027856,0.12705440387416653
row_028129,0.1210606080863048
row_031665,0.1367634584604227
row_013275,0.15903515086471187
row_015588,0.4039978795552617
row_046675,0.3696509700723254
row_027967,0.4418141714474454
row_032566,0.2869667787978704
row_015436,0.10456605865726147
row_017852,0.27996023926674496
row_022039,0.4794212113149941
row_035800,0.3471180937402059
row_005492,0.1565280636205194
row_048068,0.4623001254481401
row_008984,0.15362217839784803
row_032357,0.320632144057749
row_043984,0.22029712679472346
row_042859,0.20984052811172488
row_017821,0.3735496745824911
row_005020,0.16731626628491414
row_016139,0.29337577872267595
row_031095,0.31124761052361977
row_043822,0.3956507112756773
row_010863,0.35065465547591956
row_048551,0.21247365756356792
row_041957,0.41164878291599255
row_044517,0.16921761208965327
row_031172,0.12562282264757949
row_048947,0.29439714427348884
row_044487,0.35845763281866394
row_001153,0.09536827347840277
row_024832,0.1862524066175712
row_013249,0.3234759753446929
row_002799,0.3008880716115594
row_049522,0.17873965481523996
row_037750,0.6141882227276787
row_010778,0.4290558984778168
row_004000,0.33016184105328805
row_024026,0.24208223798877965
row_003469,0.4208558840622917
row_035930,0.20619734414505855
row_048079,0.12385143316817031
row_015535,0.3821564832156697
row_000295,0.270146199578566
row_001257,0.09966602303199719
row_022893,0.3764860649854395
row_015771,0.2644412411559463
row_017583,0.3175285612927631
row_019471,0.3316274046002295
row_018249,0.2616019826281249
row_019836,0.2713830170839934
row_027671,0.17749826174606106
row_000475,0.14442517367990015
row_033135,0.20980621906266672
row_003580,0.371536736520747
row_032567,0.20759783381522673
row_029939,0.11778493167747209
row_020811,0.1346749335843945
row_035494,0.1760782958445118
row_015568,0.42129523992987294
row_033898,0.20513594306515054
row_017395,0.12537047855069877
row_016215,0.14360674360987583
row_048969,0.23922906111260317
row_011892,0.2648696014168439
row_048036,0.15756021988324156
row_017525,0.24906767417912143
row_021798,0.3900632123132013
row_002944,0.11612347279661424
row_015651,0.35400353536055745
row_013395,0.3516543964584561
row_017697,0.1765164738299952
row_029186,0.4110546951708747
row_018595,0.5295282255112564
row_026902,0.3271317957188566
row_004838,0.37046231391409135
row_003543,0.35448269572492347
row_045477,0.11476277586066522
row_021725,0.16692489153944198
row_048133,0.40600935519185977
row_005101,0.1674667601040695
row_009584,0.302590467566091
row_019063,0.13193623144880745
row_022488,0.15726413769147934
row_038295,0.17341395229578566
row_024545,0.36097191672490453
row_027753,0.15882000079877825
row_001887,0.33647811282129153
row_008651,0.19828405562922383
row_045111,0.34375953213176963
row_046879,0.35974008292348325
row_033225,0.12083498430804174
row_045911,0.32114978064757405
row_013789,0.35086370528273175
row_010220,0.1308330539171732
row_025845,0.3048124200660712
row_030509,0.4857191751987384
row_020941,0.13338732979020307
row_049328,0.20479153357775898
row_034984,0.23040931299804185
row_029867,0.43168028002517944
row_016846,0.40691079537195163
row_005649,0.48137881886066164
row_000721,0.2922869572151826
row_021562,0.31928038320743385
row_044212,0.14876742092800074
row_026953,0.1932554608799104
row_043284,0.1043219022085554
row_043697,0.3497196119988958
row_046797,0.15349325682087686
row_032413,0.15269011275676367
row_047848,0.15210680098913007
row_011079,0.26196056810152046
row_028663,0.12681131766891104
row_047053,0.1144493947866759
row_020582,0.41574845679763833
row_029342,0.22712739585398356
row_049048,0.4421920802902934
row_022957,0.1804935031360115
row_008070,0.21522085625359863
row_001127,0.15077814803505374
row_005135,0.19067964310916297
row_001841,0.3486896437257014
row_011515,0.20631514545620663
row_004327,0.1051242421029693
row_031316,0.33978730957442593
row_005129,0.43448110139968704
row_031721,0.23848163037470746
row_022143,0.25372054609009076
row_007333,0.478657762480988
row_032291,0.19494654338445797
row_019687,0.3070364719873911
row_038551,0.12921704344757862
row_015438,0.18133773041477014
row_009783,0.37271515211546646
row_031822,0.3300786163527365
row_006423,0.12596627271680003
row_009524,0.2556288046346145
row_038773,0.22271188790215626
row_019549,0.09763735465691238
row_044333,0.16002760138437858
row_034859,0.2104546475329761
row_035763,0.4044429066958184
row_029814,0.3118924033550802
row_037505,0.17246539517996445
row_049207,0.16679077125935993
row_002553,0.20283244147324586
row_034410,0.11596638378075602
row_016684,0.3115633284025129
row_029544,0.28732175518943126
row_033291,0.15630360955645353
row_015040,0.2403046773186275
row_012111,0.4417133641061232
row_017268,0.1995454395100355
row_021987,0.27993713159174444
row_014563,0.32712203613685514
row_029286,0.30589750935633214
row_012944,0.20010017626394022
row_046907,0.434262440073757
row_000269,0.23896677110401013
row_018685,0.2280699093555666
row_021735,0.354891547430227
row_015054,0.15165663696987147
row_024323,0.2823659328953357
row_017465,0.49138213577913376
row_014900,0.3249177510526762
row_032068,0.1408182804653622
row_021234,0.24616749843198313
row_004732,0.31933202601998145
row_006547,0.25068904140574394
row_027257,0.14108950322400227
row_046836,0.35025640535443214
row_027944,0.3711981293767302
row_048711,0.1376611908137647
row_034283,0.2675524080617199
row_030899,0.2698585248655556
row_009675,0.2733444913846243
row_034924,0.39614898855710834
row_009369,0.11335139924836217
row_041126,0.43979531571198843
row_006028,0.21431790369510045
row_016317,0.4247890187839593
row_044944,0.3902588498555558
row_028148,0.23224875790459032
row_007860,0.22412637748040593
row_001863,0.2444444773163172
row_025123,0.14018997131482816
row_023242,0.13146403475089954
row_018305,0.3516783125416823
row_024609,0.4399966493885711
row_048543,0.10789394888002325
row_007182,0.2193326659835587
row_004550,0.15840527117973505
row_035782,0.25539109359833306
row_041396,0.3606089060193652
row_015705,0.3985974073871454
row_001604,0.443968148806262
row_037520,0.10562986277827079
row_025276,0.1836033779214672
row_040697,0.07606927358370075
row_048035,0.454087323769525
row_026574,0.17931078842290488
row_016822,0.2689632846525733
row_013454,0.2989727601951722
row_018768,0.41559868062705846
row_049215,0.12414655714248733
row_038124,0.16780139306366873
row_021044,0.14876038995390567
row_001378,0.3828838612729429
row_010016,0.21199746951621232
row_019101,0.3336348642048679
row_047253,0.13389291545073867
row_029463,0.2505315550589098
row_035521,0.4343261730796743
row_042078,0.15176973442401182
row_011400,0.1503072981533619
row_004262,0.15510167553415907
row_030971,0.35373910648593915
row_001633,0.17592469737903943
row_030758,0.4496118708093243
row_045233,0.1927710641911644
row_040313,0.2918824545583633
row_007463,0.18794567142684787
row_043056,0.3446291420629371
row_035259,0.3852214908089592
row_026591,0.23253330496411323
row_034382,0.23975376907037366
row_044928,0.3913166624379194
row_007795,0.36014698784056265
row_026526,0.2922553513627725
row_037842,0.2060757214656807
row_023839,0.11535004855914817
row_007588,0.1738633460752066
row_003613,0.24635013368308545
row_032694,0.12745569615101332
row_024397,0.3395917678912641
row_021606,0.13383565643358916
row_019234,0.32679411798930363
row_035868,0.2438224463420671
row_005640,0.4486270696542764
row_035016,0.24984236942856272
row_024378,0.13413547996967942
row_027817,0.36857474603133017
row_022385,0.272613110466613
row_038494,0.28767885323668246
row_020733,0.3795678451570829
row_015114,0.2142322239533689
row_036459,0.18785569033783833
row_001344,0.11019084425586388
row_009994,0.37876858223163057
row_023150,0.2984033598025238
row_026597,0.3284113272486823
row_011071,0.104999205522371
row_019411,0.160055281131767
row_033463,0.11096477550596545
row_015600,0.13941783350212608
row_035343,0.2095606913255873
row_023522,0.2618419772976792
row_004051,0.2046520149400331
row_012590,0.1250968468294499
row_025161,0.35512930730772635
row_010360,0.3188118930793091
row_048046,0.27690677889098614
row_012459,0.46161528684493386
row_018543,0.27905671193968457
row_030068,0.1417068833177869
row_027171,0.17004358152651058
row_028054,0.12308757443384531
row_036177,0.1152988515352449
row_047176,0.3336512989930703
row_042875,0.2826797317102972
row_027084,0.45328489704053465
row_029472,0.4159067074514905
row_007748,0.22176563650271167
row_041626,0.20834434913325717
row_016980,0.4124134610106018
row_021636,0.25253709078426856
row_040529,0.27783118051041156
row_020528,0.17247707719943955
row_023122,0.2698451094935622
row_014543,0.4371006763064461
row_032658,0.35057643904362024
row_032100,0.4588495616744692
row_026265,0.41684421448489606
row_008797,0.313498098949172
row_016972,0.12957342929901539
row_017364,0.43783149845890657
row_043535,0.14535755375780327
row_022806,0.2710157088029095
row_019674,0.1553366819172367
row_019269,0.4701204093174925
row_047639,0.23271118768713442
row_009407,0.1416241380229116
row_030257,0.20583944691219197
row_028408,0.14284523677685038
row_031160,0.46156872588399467
row_003607,0.1562084041735465
row_017977,0.23776785054566216
row_004534,0.1440502748367325
row_023444,0.2289060182732206
row_012778,0.12132745281982268
row_048446,0.3799024357800864
row_032700,0.15808015017605037
row_014176,0.20376128912994987
row_031753,0.14436911119348378
row_026692,0.2535718390140464
row_045750,0.16977176781967152
row_016075,0.2804484486234622
row_045155,0.24470166101264576
row_016572,0.4251076640238326
row_029736,0.2222115201139747
row_000137,0.13304050918147547
row_018532,0.10710827845984063
row_000956,0.35333264072459547
row_004874,0.18497903401215016
row_018059,0.14929343112513563
row_012440,0.3300939321833255
row_028826,0.1285419136461265
row_037488,0.2030632418896137
row_035423,0.29622391266278325
row_013291,0.3332356228900152
row_037801,0.11414538773357151
row_046853,0.17392631174157902
row_032201,0.18587006323193184
row_043734,0.16896086535086335
row_030070,0.12098341286765588
row_014953,0.1830131776563414
row_006520,0.4196067154016026
row_021894,0.30510593472078745
row_004720,0.10748141651420444
row_022465,0.18759714513509626
row_018209,0.4153923472042475
row_017183,0.2773703357070502
row_027988,0.13796013966373702
row_022295,0.1256117327839854
row_037925,0.3170917355274472
row_010227,0.43912982969875114
row_048641,0.1394449443352485
row_042554,0.3137260254636324
row_025349,0.37035301710337587
row_046768,0.2222697483001549
row_039670,0.15063936356629276
row_007384,0.16402529046318967
row_007424,0.23760854467300113
row_021717,0.24381140492914913
row_047331,0.16195842453788345
row_032212,0.4338304127352977
row_036456,0.18570309108546795
row_011845,0.28735593809094717
row_027192,0.4181317522050197
row_046993,0.10760139047224206
row_042829,0.4729653219151165
row_025204,0.3197785448213139
row_047985,0.1504817884372213
row_026206,0.2671317781297733
row_033218,0.1856797337313158
row_002942,0.20515679022310523
row_033622,0.32245670028639944
row_020662,0.3027259555414175
row_014786,0.308915370474754
row_016133,0.27349948574155675
row_005369,0.3551194006109716
row_003980,0.2588107664564611
row_037766,0.3014857727706536
row_024124,0.16675779212747174
row_042102,0.14893927303463092
row_029016,0.16856512603263576
row_013410,0.18806030118329034
row_008936,0.42088769328898396
row_016649,0.1873880538898477
row_012478,0.37609415104664506
row_013189,0.32144383684356476
row_036661,0.16255928307006112
row_015129,0.19154058081796294
row_010082,0.3348427195654364
row_047041,0.15450584875843906
row_001248,0.14393063467469533
row_049173,0.3730235786309792
row_036810,0.4059198193719528
row_036920,0.18261829043280758
row_017902,0.14474243505305767
row_014511,0.12822984024660858
row_038631,0.12473845482890142
row_045107,0.11088658573105571
row_003566,0.4121574211260862
row_013314,0.40705512195860516
row_018355,0.1858609940336199
row_010426,0.3461379049807285
row_011738,0.162558208190945
row_013268,0.11360696998190911
row_004694,0.36004988418348916
row_041278,0.12289090059002991
row_037731,0.2649667380415852
row_030362,0.33917135171628937
row_040426,0.3495892382479566
row_048034,0.12466075498866984
row_032376,0.15532244328456463
row_021042,0.21126775704321962
row_002445,0.35099195641436554
row_009370,0.1474768041565919
row_046314,0.1278790081293343
row_049133,0.2978801173491199
row_038152,0.3592659270399269
row_025593,0.5841889263752248
row_046409,0.11734916106115426
row_039466,0.2656336179765246
row_037679,0.09083272918905004
row_032706,0.08436924076394305
row_049428,0.4705408193731075
row_028859,0.3921606930850612
row_000579,0.15742545825247448
row_030402,0.06635080850843457
row_012802,0.3555261352993996
row_009201,0.3102574086777949
row_037773,0.26491604639999566
row_005015,0.3317401548884708
row_016074,0.3462722985167572
row_011807,0.34094578620071686
row_035425,0.2338582797080842
row_016328,0.23725403976564532
row_039215,0.49587882409335754
row_004710,0.4465533737931093
row_033386,0.26806536073143633
row_012306,0.2914075490565889
row_016255,0.17671050593653756
row_007650,0.1544716103618029
row_015313,0.2716394778872096
row_021473,0.3000090274581365
row_018680,0.3640699733849558
row_028533,0.42763505586558787
row_019961,0.30579052144677976
row_029868,0.12167341945772156
row_046089,0.43295559682817125
row_013248,0.12092579342819486
row_023001,0.30147115362630633
row_004495,0.1279294746706526
row_024623,0.15572580805485287
row_001515,0.29642393416689056
row_043129,0.323310985909783
row_024414,0.15173627864742203
row_038522,0.15889597286254617
row_010620,0.23316243462785194
row_000890,0.1968165860324328
row_029263,0.39078500203923405
row_046635,0.15211195873371774
row_034581,0.25715841066648176
row_021901,0.35346038045831646
row_016595,0.3680806426089098
row_012553,0.12164939843917032
row_009729,0.33433235759616425
row_006118,0.2155581956617377
row_028316,0.2667380685739217
row_003303,0.3100985233225645
row_039152,0.2632671580547576
row_030021,0.15531004654637806
row_049130,0.10522317789253718
row_001373,0.23140670888240084
row_019268,0.48078731731173246
row_025639,0.48242773915308806
row_002234,0.34542494309814326
row_022868,0.23346876578179498
row_048684,0.26605328231935677
row_005004,0.36580900755835816
row_046440,0.3326873853453573
row_033843,0.17824014363287308
row_029149,0.47671378631460637
row_006544,0.2717378379175956
row_010704,0.12379453534093132
row_046410,0.36042184365509544
row_025837,0.27794734395565024
row_029027,0.16970566902735107
row_029664,0.3311894231689105
row_027262,0.3073183277895464
row_008768,0.4830366087335108
row_032372,0.3148851342417063
row_017990,0.3966413481460509
row_010234,0.4402800007356593
row_026830,0.17029971615243378
row_046512,0.34100303705903057
row_049143,0.34639425063761675
row_023153,0.13815404952825663
row_029262,0.30808372226362657
row_037189,0.3713391660254627
row_042966,0.1725855155060659
row_046453,0.3701590712350049
row_006397,0.1750861923718521
row_021103,0.36685615297462537
row_023784,0.145966346918258
row_015251,0.196339087207042
row_027188,0.26740175759396484
row_032657,0.12723932730316745
row_036639,0.3828541045642111
row_007093,0.3956611869255714
row_013620,0.12946253967847354
row_040234,0.3077586464510079
row_040292,0.4853207386598329
row_016476,0.22037015812428354
row_009744,0.2823823010008815
row_042286,0.36064940617634333
row_025995,0.26585423519486373
row_038220,0.28739679424178005
row_019860,0.14409838766981672
row_044295,0.23542118089077724
row_046024,0.4265795887187632
row_048344,0.35424459550051135
row_022697,0.23275228229789538
row_036520,0.2379310015604479
row_047914,0.28970656418519264
row_043148,0.2387016775627887
row_016124,0.19665700313018725
row_039699,0.24709523730498276
row_025210,0.21256474133461423
row_004373,0.2580449367763379
row_008030,0.1484324935495172
row_026307,0.24947644348647152
row_021733,0.21046388681903305
row_040172,0.3118855950618105
row_008778,0.43572458662181585
row_002806,0.20757086221546808
row_049764,0.4062929649325916
row_031396,0.1461293776643291
row_017849,0.4321355021095523
row_007163,0.09271958712481818
row_031782,0.3294698835771895
row_039471,0.22412170902081363
row_026766,0.3418834171012234
row_014133,0.3015669764128428
row_000654,0.3031368403574118
row_037718,0.22777850864673319
row_011598,0.12093918188861362
row_031444,0.12754815549076415
row_015142,0.11007763962676778
row_022930,0.3608724264045212
row_009387,0.306698040562256
row_039745,0.1630538120488317
row_017495,0.31795418285670785
row_036298,0.18250903645276806
row_035777,0.0973239189749404
row_042344,0.4754509781965865
row_029390,0.22658310668580375
row_034554,0.32542430624107016
row_031996,0.5045509860829384
row_016457,0.30285383694060325
row_003215,0.4160759320312087
row_014971,0.21613689636529695
row_021242,0.30987440767982216
row_004286,0.1435971320957845
row_044971,0.40071066404133443
row_043892,0.16184195925476208
row_027028,0.13723513558391598
row_038389,0.2923978027690229
row_000690,0.34516768245153157
row_027981,0.4280819473727352
row_013507,0.2736540711190487
row_033377,0.309841471672242
row_029978,0.11240044609841775
row_000013,0.22064265041023107
row_032515,0.21707691314018251
row_026870,0.25147453622735516
row_027828,0.22258186790666482
row_046625,0.23492694428258257
row_016245,0.21339490657909707
row_020676,0.11358814845638827
row_020105,0.15609998480945347
row_006992,0.3252261199363568
row_010383,0.11966233187752293
row_038731,0.252992863203989
row_013628,0.3944553672373982
row_021100,0.23346096125793925
row_042487,0.11677076099771709
row_041700,0.26501793134961193
row_013965,0.29721964144100543
row_045519,0.3907775927106493
row_035502,0.3161777866932196
row_048770,0.4604474236530105
row_013486,0.2801992405568625
row_042404,0.29734304060874617
row_015498,0.23519386844422846
row_018628,0.2726200508911107
row_017359,0.37934637701287466
row_011202,0.46230004851204165
row_019480,0.10066551481505252
row_048101,0.07400515944802492
row_027533,0.3107195101874336
row_045427,0.5065236134273483
row_023311,0.2454914682975066
row_031374,0.179818732076929
row_010259,0.4889137642935152
row_024465,0.1580984145666389
row_001325,0.3973943549110931
row_008004,0.29930824966712005
row_025564,0.30420996195771477
row_044035,0.3120694641639257
row_044482,0.13821583095654916
row_010961,0.2294053293030171
row_005151,0.3444356848111777
row_002572,0.25384412349121355
row_010453,0.46682585882630423
row_015042,0.29838839495998204
row_021140,0.23194869064085813
row_017696,0.3998763738035058
row_024922,0.3234252604952529
row_034133,0.3546811698713484
row_042946,0.2815037952272875
row_017930,0.2789375997758296
row_008745,0.3459737052791595
row_030832,0.3254545638604942
row_025318,0.32756196073373556
row_001613,0.24178658223602778
row_041771,0.30438733665681716
row_037748,0.28572332424772573
row_025477,0.117151064117915
row_029496,0.18064925877605134
row_010743,0.10915005928687864
row_005421,0.18681487571157776
row_018846,0.25193141220527054
row_030206,0.37840979636848476
row_036178,0.26894548479758185
row_043462,0.10264558205535679
row_025618,0.2669839655530278
row_023313,0.3372121651186373
row_018584,0.11513703337817338
row_032077,0.3226184493955722
row_012407,0.24527751475739096
row_038593,0.39690702016501805
row_046554,0.16172017411933354
row_010686,0.2939131303409603
row_037057,0.15865795038301636
row_033642,0.3415627901145971
row_046109,0.36106005905007743
row_022413,0.1853852108051516
row_048726,0.25091466884383784
row_044968,0.5074363189926158
row_033637,0.41048548256792
row_045940,0.3329105294575817
row_035940,0.19800951582605988
row_033101,0.21479226267937646
row_026083,0.3338666559007734
row_019080,0.1948844218647809
row_018819,0.28337896324352824
row_036615,0.26120195992751
row_007208,0.1261561793724366
row_048855,0.3660801588495086
row_029678,0.17953342236715075
row_048492,0.275863800576191
row_019700,0.31921201436783814
row_000503,0.3350039214101822
row_042925,0.18640045389923293
row_047815,0.33214708152738215
row_035803,0.3501108158874182
row_047744,0.34945097309706113
row_045844,0.18815425042125852
row_005091,0.34426240493503696
row_037604,0.29424817377491796
row_049450,0.23821940042214465
row_045531,0.48321935170840313
row_048680,0.21931751914976066
row_014965,0.3905693748644402
row_035986,0.1993727764319027
row_020525,0.20274083305617613
row_027079,0.449229030646604
row_037178,0.18284005574026735
row_005937,0.1367970720191942
row_036266,0.15437073083727867
row_012076,0.19044135013975982
row_035597,0.18343814150421167
row_008305,0.11140732751276469
row_018082,0.10597856964353985
row_006523,0.1744348413999753
row_030095,0.1280352865928292
row_019564,0.31339729379733694
row_037480,0.3869025056135664
row_027826,0.14733288994006524
row_041465,0.336114702040279
row_038017,0.36978418102633026
row_016785,0.125885580701746
row_035892,0.3333802581240113
row_030970,0.3114435833590557
row_018423,0.1574418072533351
row_046658,0.29984912763452465
row_033564,0.6014013490426728
row_045088,0.12318852954701441
row_001112,0.31916040670905
row_033899,0.1245864746247132
row_014854,0.1425430197429973
row_033089,0.15179515056506748
row_026502,0.4283340239315846
row_045612,0.3529927165181819
row_010400,0.16522486230251843
row_030871,0.3809014785441993
row_025206,0.2630843355840672
row_020678,0.16551690330532776
row_025471,0.14302777839399874
row_037059,0.1167341628001006
row_002200,0.3452405152033256
row_019505,0.15520123196870314
row_013616,0.43411885896237773
row_000371,0.3031981660085188
row_046220,0.23351315666605554
row_015293,0.14285839525182645
row_028473,0.09201745960545607
row_023653,0.3918967781867144
row_024010,0.10345424653432272
row_020788,0.19624055925385064
row_014780,0.27753643041208836
row_031027,0.45791492697590314
row_032949,0.2424496546988226
row_038804,0.27014677717904173
row_002744,0.10001312733430802
row_000388,0.39612771922337225
row_036154,0.4146012784726383
row_012455,0.141975368835127
row_003459,0.43926092521349885
row_035207,0.13607999343647803
row_019088,0.3202507799476559
row_001888,0.3717979557626682
row_025342,0.2403950320249789
row_006237,0.08594642631090822
row_005081,0.4168010234067871
row_027874,0.33593767061045715
row_040096,0.3619096266158254
row_039897,0.10809602162895558
row_039015,0.34451019204571776
row_014197,0.3467427491356159
row_030002,0.13819059434013775
row_027886,0.09838072277842337
row_035276,0.3180095092587757
row_016019,0.3285784700091946
row_011563,0.08806760015702737
row_021006,0.34192915188598955
row_026001,0.1623123404834559
row_024400,0.2706674749849136
row_008758,0.24491424280982305
row_020974,0.10082684929291924
row_009048,0.08154889159819512
row_025891,0.17433489048367684
row_045589,0.1987833898027503
row_012480,0.25428586212446674
row_035843,0.3118373087037329
row_015937,0.17967884089601371
row_026308,0.11282038916761271
row_043110,0.24938739920507094
row_048786,0.24046726137324126
row_009649,0.3139415540196275
row_027497,0.15772414149652778
row_009777,0.18911503913847905
row_000193,0.1348426899912404
row_041648,0.3888691279220578
row_027818,0.2014443224626718
row_007573,0.10736537276888539
row_025783,0.29315614010515056
row_009912,0.4363727154552432
row_040921,0.11617747539194673
row_018151,0.3838253626082054
row_040090,0.22106723242428478
row_024995,0.38045232646295934
row_000822,0.21927759773501962
row_001388,0.2510011019894678
row_023180,0.26041183920764777
row_003243,0.3216657519086924
row_031226,0.14537090419208293
row_047418,0.29305103790769677
row_016909,0.30681090886436674
row_049350,0.2895596055630437
row_030912,0.36568761022078194
row_001858,0.23444972502937228
row_031975,0.10150452922834433
row_025261,0.1031369475881324
row_008029,0.3667512655439075
row_017989,0.17324883371971297
row_026578,0.21681937011248803
row_014044,0.20916296231188902
row_028608,0.24680528156743084
row_035660,0.4533628157367347
row_033406,0.17791883322464233
row_044909,0.2408724880863961
row_043061,0.37595346370544547
row_015052,0.144390571138527
row_035690,0.3473705766032916
row_011381,0.1552897360432988
row_011971,0.23461803636574471
row_004078,0.24989134775673827
row_042045,0.17292071722193875
row_021978,0.3088268067446403
row_039612,0.4616708079240069
row_015123,0.2824883490002066
row_039260,0.18780568022743646
row_007313,0.17887506879642925
row_033153,0.2854358067261233
row_027875,0.24740539356377236
row_030522,0.3857045698058672
row_028767,0.10909335183435116
row_014561,0.14355432215872904
row_044480,0.29662412018581613
row_040848,0.26289057030983753
row_013040,0.39681481325502027
row_001044,0.4096192383619151
row_003018,0.21167081377854377
row_000201,0.20838093299034172
row_026010,0.12167743506321714
row_015564,0.1054671954650801
row_014935,0.24646276298017072
row_042237,0.145557574281111
row_014816,0.38789529791589833
row_034457,0.2827757383756996
row_008511,0.11421319424613685
row_006928,0.3050116360037823
row_011110,0.29230279301782236
row_037853,0.3416598116061961
row_013559,0.40842230310353006
row_027333,0.22525690716977936
row_011123,0.43358694503926554
row_040979,0.47171388473509634
row_039373,0.1827809862286228
row_049680,0.38871595488193267
row_046059,0.3651448171928957
row_006607,0.20576408768717902
row_012112,0.17995193705882323
row_008488,0.4534613334986022
row_032134,0.13695753247098721
row_017787,0.45645495113396684
row_041156,0.39752937837510577
row_023674,0.35700238260733846
row_033008,0.20576927036562434
row_032573,0.19234015518723047
row_029291,0.24923582237671668
row_043367,0.125635557893383
row_037196,0.11243663519412962
row_009020,0.49772282708767185
row_010351,0.3554466722773935
row_005078,0.20346600925199584
row_008562,0.3347465984823278
row_040353,0.22255496393157242
row_045164,0.3674347038984599
row_015053,0.2920898019986197
row_000733,0.3625315522217501
row_013943,0.20226635396689374
row_009240,0.32429849590601806
row_020767,0.30819647745636347
row_037896,0.08706529525599371
row_018671,0.14288275580417975
row_021461,0.192927839107662
row_048270,0.4425174406382959
row_022742,0.2987756186123905
row_028359,0.3954922660507796
row_049110,0.2863605454601093
row_046831,0.12843724477678353
row_010904,0.1734225153985272
row_030157,0.37162271275112724
row_001676,0.31829121612823597
row_049986,0.20008715486099676
row_026180,0.31583022049413184
row_016796,0.32773420976609724
row_006249,0.33066801058937545
row_030436,0.356591688630386
row_013259,0.2790988492108126
row_047770,0.2445837169649354
row_031846,0.232763705396905
row_045195,0.1962267201182216
row_030164,0.11747929465630544
row_023968,0.27790543069010715
row_035231,0.227460115480469
row_019064,0.32787083094243413
row_017770,0.4401521161046195
row_024330,0.3907234466895573
row_039608,0.17481976434507068
row_017610,0.3079810367354947
row_048128,0.27786794285094224
row_016456,0.10154281402804533
row_049456,0.22572321346830684
row_017669,0.3271191795596006
row_040301,0.49402244950009455
row_043487,0.2581303105522788
row_009928,0.21508077969780864
row_015007,0.2705577489667081
row_042040,0.18728582596114782
row_018534,0.36074514580424094
row_049971,0.4071302608763731
row_028124,0.40831663312405647
row_018206,0.19326844148846983
row_015113,0.2190624693761302
row_001899,0.4859154608163334
row_047434,0.40795090140430473
row_018538,0.18984538575316237
row_043851,0.28807691147220826
row_045724,0.2578478898136932
row_019601,0.3172399557644142
row_039173,0.20360319499498492
row_037951,0.3618522215936194
row_040636,0.3332569200317882
row_001673,0.2641188284624719
row_004869,0.1444528098813942
row_045850,0.27579838174254473
row_021810,0.3899738936894758
row_042709,0.4174625667260696
row_001545,0.2517801566721668
row_048562,0.12777448768896515
row_013680,0.3701869706886807
row_048585,0.2585179446790442
row_002477,0.16151498392524563
row_024513,0.254190919666522
row_026542,0.2584862623827334
row_023703,0.14159899815907845
row_009241,0.11272205446149716
row_019416,0.3886953080083271
row_034371,0.12680249507795247
row_029210,0.28283007098285023
row_014345,0.1871184916694378
row_020926,0.48921671527960925
row_007957,0.10189698793842553
row_012327,0.24904964102408414
row_002276,0.18163823694855874
row_014314,0.4844845948822422
row_018442,0.15908779652637697
row_041539,0.32251677530213635
row_020856,0.32124183123679073
row_048360,0.16501042438275343
row_025768,0.21280265544572036
row_027632,0.3956888235165563
row_028648,0.21188057954963482
row_010279,0.31779720368378844
row_048269,0.3627133780712173
row_016900,0.14014264287813097
row_017306,0.33454201086260565
row_027655,0.3336802934709458
row_005944,0.2342789347303508
row_003797,0.153657767614507
row_043633,0.1598582843180115
row_038481,0.4292117713541386
row_047127,0.1540271739579929
row_036697,0.12178462944827585
row_011965,0.10979214297995543
row_034216,0.38582334225628884
row_049895,0.32304608425973425
row_028635,0.29433340417440373
row_048918,0.46755500165596064
row_022827,0.37144796239070044
row_048658,0.27174392636025846
row_004214,0.42666561845064943
row_039288,0.32865091265586843
row_039621,0.2530819138785883
row_011709,0.14754067137539245
row_022080,0.11408797886600452
row_047604,0.4156975065292726
row_009189,0.24430518902253523
row_022672,0.4151860351293176
row_025787,0.2341210126541327
row_023095,0.29116576207360656
row_019060,0.30391383843538916
row_043360,0.21723327897305442
row_043907,0.13865465894202578
row_029392,0.39419349532645226
row_018785,0.2549487860491515
row_022263,0.3243591825133702
row_013171,0.2229367040131504
row_025148,0.1268140574527054
row_048263,0.356954660268772
row_004899,0.23334714121550504
row_045165,0.29633059556584995
row_032259,0.15656973504524538
row_025346,0.3903998031259308
row_035292,0.20202944957269336
row_022625,0.38290978067196113
row_005067,0.3261510397121244
row_034728,0.24043828904890407
row_035781,0.37015907051694746
row_021164,0.3115835301047321
row_042738,0.26006125257617524
row_004388,0.24498409736273075
row_049922,0.29664620771406575
row_032306,0.19488973120491812
row_035977,0.40787950448020754
row_015688,0.24942438788003218
row_038097,0.31330087179441213
row_041711,0.3452764827543475
row_043366,0.3214213699364982
row_034561,0.4521182896581306
row_003589,0.3184193855414745
row_027446,0.20123143616291372
row_007723,0.38620344921319616
row_042092,0.36591434298058756
row_009270,0.4330655822552838
row_034774,0.3140977249207514
row_034018,0.11343740370022631
row_022467,0.17067384386116138
row_019654,0.350946760797478
row_048798,0.16815052068372174
row_036768,0.27349137689862596
row_018633,0.1827314827061893
row_012771,0.4294518154318774
row_024245,0.45419992289587313
row_005656,0.2870183523351641
row_008847,0.3311699936838315
row_026396,0.23319706331392434
row_035753,0.2786084881227647
row_004200,0.2289508765307982
row_034577,0.15124064435775203
row_024642,0.3079668517715376
row_039293,0.38871906491678543
row_035020,0.1482698624869552
row_021896,0.3653963529085176
row_036194,0.29129765792501544
row_014210,0.17043318445771846
row_019623,0.32140103499912737
row_042715,0.44352124314683133
row_012081,0.09268660803167415
row_017096,0.18644832806503436
row_048408,0.17595766126305276
row_025315,0.14349525351914175
row_002499,0.24160026935331072
row_025567,0.25339956066644553
row_043313,0.1776993486795567
row_009765,0.3415409994351585
row_010232,0.14440771198001165
row_027793,0.2195509681548723
row_025096,0.3108641609516926
row_042614,0.3112158369763025
row_042569,0.26237262696135594
row_029993,0.11589372950999444
row_002643,0.16069566719570288
row_003438,0.33083350722288896
row_006025,0.27538961989847976
row_016550,0.3921806764419635
row_007167,0.26627433333836364
row_009721,0.26824492955032353
row_024021,0.27340126882364346
row_043599,0.36710681759308694
row_034587,0.41890432685751033
row_014899,0.29418698445834074
row_042322,0.30829693602068375
row_045454,0.1916966943225378
row_013006,0.4171438548359349
row_048176,0.13814356115746435
row_000467,0.08266926801000338
row_004342,0.19516715443249152
row_048700,0.1642345436077723
row_048628,0.6433295372106982
row_013048,0.38086899001582064
row_018388,0.28903533434940704
row_038536,0.3217921077197996
row_024816,0.43021017875468237
row_023030,0.4637461556707664
row_043425,0.38280157505322476
row_024723,0.14972217344903824
row_015739,0.22506248606725737
row_028740,0.13688668724946404
row_019660,0.31409929281779686
row_029231,0.34011687919371014
row_047966,0.23141542208632818
row_047312,0.17967393694821587
row_036300,0.4103765356669276
row_002710,0.12950513908106026
row_012243,0.21000302631391426
row_023962,0.4428002134336317
row_008753,0.35204579443544665
row_036234,0.35044215886141733
row_046826,0.2164981453147768
row_031489,0.3290609083960082
row_035925,0.39869305416780254
row_027458,0.3477592004908278
row_015343,0.14908813441851282
row_003586,0.40244595771233915
row_022173,0.15068716322832265
row_019371,0.14669277408249956
row_002186,0.27589553866310623
row_020931,0.28392821163254395
row_033870,0.3070608623452065
row_014674,0.37911290537691983
row_030019,0.3284078422420702
row_020359,0.31003831409393035
row_046147,0.1774851081988057
row_036284,0.12481552410917549
row_038313,0.3504608222701756
row_010370,0.12600677323204648
row_005941,0.10638082099408418
row_001762,0.32550464572024446
row_009298,0.2957303481116531
row_039249,0.24085456223709337
row_003298,0.20792687924567657
row_044153,0.1590583043655068
row_037336,0.4400916129011914
row_031882,0.36040360047543385
row_004222,0.2860492818736307
row_015203,0.3373604489687411
row_004229,0.10227872614024959
row_031518,0.2540482337093695
row_016701,0.41250159322197144
row_036469,0.4442803359037714
row_023805,0.1359037572346818
row_041940,0.10626972545848144
row_045627,0.275447541800807
row_027702,0.1747923927911046
row_031340,0.16373510708355235
row_031828,0.18909151538239408
row_044466,0.13316442043483478
row_044905,0.44403368906344115
row_028382,0.13350212869884032
row_030623,0.14147808426353023
row_021190,0.1435393957655945
row_007053,0.1419068717167895
row_017574,0.3180954597194837
row_013425,0.3196439199068866
row_007459,0.19300608017157692
row_047756,0.21526549044571133
row_031257,0.37076803528301827
row_008358,0.33593248877120274
row_025300,0.21817479538283352
row_013582,0.2724472128928526
row_047146,0.30349981964663514
row_039223,0.42421837731766837
row_013339,0.3119561841963608
row_034269,0.15924202741180438
row_022490,0.11578315667474398
row_025387,0.3868992633764052
row_034259,0.369053783480524
row_025163,0.2606008342581419
row_016592,0.09367784595744395
row_013471,0.4106275925927721
row_024687,0.4127479176232744
row_014938,0.3229545242635253
row_042461,0.13405580389075689
row_047958,0.3207583575971675
row_006852,0.34244605318213134
row_031417,0.3707633607513064
row_018711,0.29321643311000595
row_029714,0.32222216245910046
row_048063,0.3153218998798858
row_044384,0.23010185568740033
row_004564,0.08509359892566748
row_011003,0.13009786376484714
row_006276,0.2600647963939181
row_014350,0.18838236060796065
row_018914,0.13553682719336355
row_008715,0.2906202104661121
row_034557,0.10551669851531364
row_011790,0.16190008565230185
row_026896,0.24290447218419173
row_046267,0.10654621030324156
row_030537,0.481857002392904
row_013795,0.19780873475593533
row_008942,0.2730890775194415
row_044587,0.2367592311780228
row_036935,0.21639540985561803
row_029416,0.23957367647523115
row_002218,0.5116060724165068
row_005714,0.330204274924138
row_038508,0.1816965429804829
row_048536,0.3470952711106972
row_038976,0.252682377501229
row_007879,0.4049934247474427
row_029765,0.2575921752364526
row_028271,0.3926109530929413
row_000992,0.3716613001004985
row_020027,0.32293346181182087
row_014601,0.11907471234340956
row_036890,0.3782529913569979
row_006995,0.3539242648300332
row_022462,0.22765994856777003
row_015191,0.5539161880446031
row_043725,0.12244863846543051
row_047825,0.2387431632805586
row_009320,0.1420865711165409
row_030585,0.2659372222172834
row_031872,0.2390357127886711
row_044501,0.30390360777034914
row_031540,0.22066808663017004
row_031878,0.43448391196206415
row_038659,0.22351190777715368
row_017097,0.16285253184451914
row_044009,0.3334202339545075
row_006325,0.14824897289355815
row_011890,0.31085979129957936
row_006284,0.1809241902937041
row_007911,0.4762784563781627
row_035779,0.3481644570824319
row_001726,0.18844734291545898
row_044819,0.33640891955313823
row_047738,0.25337086853518975
row_024765,0.2669448998917879
row_036493,0.30158569411148894
row_038569,0.3322028982617416
row_036499,0.23291350429551982
row_016755,0.07510117486643075
row_015365,0.25727871075728986
row_018083,0.398708471520196
row_004591,0.29684464872631844
row_009961,0.3846648768679795
row_032408,0.39587849212269643
row_014628,0.3491521623552278
row_012755,0.27436240750804847
row_012983,0.26988161565178526
row_008359,0.20881489947444531
row_000714,0.14693675973285192
row_031365,0.47193306956360964
row_038171,0.1673601967552157
row_046330,0.40213069995295225
row_012842,0.29440834209500694
row_007348,0.3878860165698613
row_036984,0.1736946022146783
row_044365,0.35228484758809653
row_006029,0.1855555482826637
row_037852,0.18965411895309708
row_013328,0.12716880402021608
row_045172,0.26701940586876316
row_000443,0.44276225095973626
row_047456,0.1674019228012705
row_032530,0.1413856008933281
row_032225,0.23331487277027801
row_006936,0.15676553904617543
row_007135,0.20601732229635725
row_007914,0.22310073917617176
row_020936,0.3169342487299392
row_049863,0.2061410774880544
row_048922,0.5110991696321986
row_045022,0.4407566982403475
row_001021,0.17150695742401
row_006027,0.1915794231307463
row_024511,0.2306962086447011
row_016386,0.20158665445829843
row_004614,0.28533086391822704
row_044695,0.12667577489141313
row_007572,0.33598144849019734
row_003707,0.20808654577645455
row_004642,0.26532830501444227
row_048840,0.44627919786811115
row_010126,0.1347490078012525
row_040174,0.4481257758517698
row_030735,0.27299734043244034
row_029237,0.08813560800880027
row_029806,0.3143625672358072
row_027537,0.15769137746650871
row_043595,0.2560661625734857
row_038454,0.2817640071879739
row_003362,0.2100367620225377
row_047471,0.3970342878391519
row_038300,0.14271451039235347
row_016031,0.12249367799620488
row_017838,0.08797170185289195
row_018748,0.1755361727697937
row_007070,0.25952304985968544
row_007775,0.17955742153570828
row_045819,0.13195903446220603
row_030956,0.5768916618708898
row_002453,0.22094168511057533
row_016101,0.12529434792100097
row_003234,0.23850214243262344
row_023004,0.34744964103657905
row_006487,0.24131232611158918
row_039206,0.2250636467764632
row_047774,0.15424635338069356
row_049925,0.3369728604887407
row_015703,0.10295782494348492
row_014843,0.11352086842345972
row_010890,0.12297442224529555
row_024717,0.33579722851013927
row_002725,0.3289303833718999
row_003475,0.1820001949036065
row_010380,0.3023962109958013
row_045439,0.1466653222590813
row_011497,0.22805934820608806
row_004523,0.2535700610594284
row_014406,0.24107189095551743
row_019200,0.16902655814901976
row_044052,0.36189153573776234
row_042289,0.39920503759290826
row_003409,0.4156816583348949
row_015130,0.40640893227296293
row_030999,0.24145203940306148
row_009947,0.21082094173359642
row_028893,0.4994174589802882
row_037987,0.15369715816837215
row_048115,0.11948025611442437
row_008981,0.33782873089705556
row_017463,0.2500668221591664
row_049448,0.21096624029161246
row_002651,0.15069545464516684
row_043999,0.3723810075739532
row_042081,0.12397114841732434
row_021163,0.16737712742695335
row_031111,0.2527226518452832
row_015247,0.22167371946592662
row_048622,0.3339275494536304
row_018921,0.2145129135834346
row_039377,0.16143844662328488
row_041263,0.23554476062095678
row_018694,0.23788930888350926
row_008384,0.1526187575358816
row_015188,0.3598980554587246
row_006369,0.11097733138401579
row_045079,0.13115541395684288
row_013184,0.24908281909254748
row_020551,0.2949744179050559
row_015050,0.3895711327722161
row_048153,0.3401437478004502
row_047587,0.1750909781313098
row_015039,0.35988990044108327
row_037194,0.1289047875158363
row_038767,0.31103537271281434
row_034202,0.4385895318625903
row_046737,0.47549062767771844
row_011124,0.4404875038027254
row_041708,0.16942723765866288
row_040350,0.22634469669298762
row_004896,0.2051095598415138
row_021721,0.3684318370942786
row_016129,0.29271186263350135
row_028194,0.27218008282414824
row_025073,0.27211614416298985
row_009846,0.15255965047478834
row_025104,0.12595800887582706
row_049677,0.09647061758445946
row_034601,0.1349085570976661
row_045274,0.3372493077089224
row_005022,0.30084699791914865
row_047511,0.1814917081532643
row_007413,0.1320543085680771
row_042093,0.1092060782272503
row_014459,0.300506220603517
row_030188,0.12349679081985929
row_015167,0.13329674475608627
row_018959,0.21958175301966668
row_042893,0.28523757308131825
row_041412,0.3877733841361285
row_041175,0.32764882577471227
row_042708,0.25934877450264493
row_006168,0.3121463706249718
row_018831,0.135765343474703
row_008194,0.0810731549576877
row_003730,0.3555079980050547
row_003861,0.3939616637662027
row_038805,0.3013315112115628
row_019323,0.151008374916961
row_037657,0.331686300314308
row_036910,0.32963290117909005
row_028790,0.34825958411781915
row_019319,0.1479428109913231
row_044994,0.08688450630005057
row_041592,0.39958225665958486
row_047551,0.17485054079908288
row_031241,0.16029466603642475
row_001499,0.2741106395146562
row_047928,0.11322783233829577
row_010088,0.1441960704333906
row_045501,0.2841175611657844
row_035042,0.4402121289261826
row_038741,0.43734629240970213
row_022646,0.1785256020292968
row_026851,0.1879848614593854
row_030697,0.36274131443564356
row_007780,0.33906048475888156
row_003146,0.2987406170995953
row_023753,0.16513370797390342
row_028536,0.3674096802870669
row_042480,0.2009377121695106
row_039692,0.3460959405880825
row_018687,0.17778243256625909
row_031055,0.15792065091277815
row_031012,0.29921879021093656
row_042342,0.1659035541809009
row_021181,0.12517244615826803
row_048243,0.2241400810598153
row_027110,0.17081731388252722
row_017145,0.2247222353456399
row_013136,0.24112438234627365
row_044147,0.4576291007207259
row_000633,0.1680813495068401
row_017188,0.20031439152189717
row_028819,0.2565777586226831
row_023247,0.27876162519574355
row_047123,0.3509817991129177
row_038901,0.4996339225181148
row_007766,0.13275177660119958
row_014607,0.16211019680147593
row_006510,0.49208622836726007
row_021020,0.29052421185570954
row_018899,0.358387941401609
row_003437,0.10826365777167671
row_020855,0.3040537680459041
row_007696,0.13975946758227392
row_020561,0.4098588478227285
row_042655,0.37882930201703785
row_036939,0.22385106372340563
row_002322,0.3980354545794888
row_048851,0.10121275666950796
row_034891,0.26912853994139846
row_025972,0.28325156224396464
row_038865,0.3063483013347931
row_005609,0.2913875996119318
row_029432,0.15911527892463034
row_019500,0.24364455971713797
row_034747,0.525947129937948
row_043770,0.36993818673712553
row_018260,0.3742329046778822
row_045099,0.2810077920113133
row_045974,0.36304562182678807
row_045835,0.19665492653526404
row_021413,0.24644927139912295
row_049701,0.09709917912529999
row_024469,0.32544939862218064
row_017549,0.3203694076807748
row_029323,0.370385768378645
row_034815,0.2776968119190617
row_004396,0.29978992896159473
row_008848,0.4225574683371345
row_033604,0.33104322933940367
row_042003,0.13362415893428728
row_049008,0.3308062452483951
row_038406,0.3746168503884084
row_036225,0.19912958423392382
row_008191,0.3290059164654626
row_006726,0.3303831844276823
row_005308,0.32722802752000135
row_000821,0.16260706704682512
row_011366,0.22621798473958785
row_016052,0.35793024385269545
row_024695,0.2979729776782666
row_035972,0.28953417076524623
row_024492,0.2510617585519249
row_002961,0.10213549368513346
row_033032,0.13841284023998457
row_044456,0.12715163002771923
row_003170,0.18315968675061262
row_006089,0.14867803864604484
row_017728,0.36059114967056427
row_039221,0.46998946993129265
row_034314,0.3197900750838616
row_005750,0.3855465826132497
row_002628,0.34407914675559514
row_039464,0.21461937817712454
row_025005,0.526799433354187
row_023611,0.235485200488157
row_047690,0.32934419951910043
row_026393,0.3545003447530795
row_025584,0.3608893135006919
row_034540,0.2601444389709147
row_001730,0.2475137117339093
row_011129,0.1401829970861202
row_009853,0.4374214420992229
row_015303,0.28957039034192755
row_032318,0.38802328344822495
row_003753,0.46290810477885125
row_021359,0.19299819306881508
row_012497,0.2719756688939844
row_013096,0.13399929926492707
row_025308,0.27433996534090027
row_021930,0.3215840524330616
row_021815,0.37932307108205265
row_010692,0.31624317051211626
row_021937,0.39463136842563173
row_019150,0.30643406785433175
row_030005,0.19340496604853208
row_015559,0.3541373119056858
row_048254,0.1764874671000447
row_001249,0.4282869082598731
row_031864,0.25934854095200166
row_010645,0.21710896073085
row_016809,0.2261002165388461
row_030536,0.21694130760724134
row_035534,0.16119025839904175
row_015086,0.48028897609719234
row_010435,0.12242858252561857
row_024560,0.3779702654267329
row_011364,0.2245823066979821
row_026043,0.12411126918931124
row_044427,0.1288046860303003
row_038988,0.4189610943968579
row_000248,0.3211585176067028
row_023632,0.13024650232545693
row_037760,0.3484438864557683
row_048557,0.21300977880733998
row_024732,0.36738373177327943
row_035435,0.19146943781933495
row_038955,0.24905371662258438
row_043716,0.3327319397557141
row_002544,0.3263726480077842
row_002086,0.16539559540662108
row_041155,0.19688130319519598
row_024294,0.38885879737114715
row_020038,0.24040764030901743
row_042969,0.3748458482919409
row_010664,0.12355658830457203
row_008739,0.3088761154857958
row_013482,0.20500346979707815
row_026440,0.3977188867969219
row_013445,0.26696068193218314
row_022484,0.29212816732958763
row_019185,0.11839158838131082
row_013554,0.43004858943882907
row_024843,0.3728565886799402
row_023436,0.12647968536164883
row_013194,0.13896039325418966
row_045089,0.15499195452616338
row_024595,0.22121689020344756
row_048411,0.1404668115775106
row_003036,0.17711681437430776
row_047530,0.10901150605017756
row_032435,0.10992128887996312
row_016919,0.3373400275241469
row_041154,0.3243609375609254
row_000762,0.12390918602257767
row_021327,0.4215193103703597
row_047367,0.30277531900366383
row_037968,0.2514753992131794
row_013450,0.5459322444645961
row_022433,0.2110944093244864
row_012830,0.35216496795718094
row_011967,0.2918089743915276
row_001596,0.4738036486112396
row_019113,0.42830350583507304
row_003782,0.41049916222737043
row_015335,0.2113250457330196
row_035382,0.20130253984299723
row_033133,0.2737884526309871
row_013678,0.3561376563872306
row_043850,0.4258356842750781
row_034818,0.1614645861044707
row_007422,0.13029836600594932
row_046058,0.30015162561889
row_008922,0.3297496292885252
row_017152,0.3237457589369882
row_005541,0.32902047550524505
row_029204,0.14198165000623655
row_036957,0.36449498855564594
row_002385,0.16081102093123328
row_028270,0.23773863926252406
row_014580,0.4351412132167136
row_015028,0.1401795305802825
row_044476,0.2914837736015551
row_036261,0.14252227011004842
row_012403,0.414675326616944
row_031336,0.11963448706655448
row_011604,0.4980811528861855
row_049319,0.40900755827164054
row_039720,0.24404428648427087
row_006508,0.20721994306820996
row_006298,0.38691443922169777
row_026468,0.39399199844754196
row_026573,0.13140306324523524
row_039696,0.44757947299744977
row_048997,0.11436765315974122
row_041879,0.30439722155803367
row_042892,0.40142715130127216
row_007894,0.25778413682778195
row_021627,0.16102425193677664
row_013574,0.1848786259632874
row_039876,0.18079328678218914
row_029314,0.10840868593471592
row_005812,0.37542742369631715
row_016192,0.28203923510238577
row_043438,0.32681584931408986
row_038697,0.3505294239762111
row_029770,0.25774156535194587
row_003988,0.4705676926462334
row_025117,0.39073039590428077
row_015931,0.18903449975895004
row_004144,0.32089180180281196
row_004095,0.09879273507259033
row_048471,0.10859830675182539
row_046219,0.42086604382726733
row_041478,0.29016154017676227
row_020092,0.22076811857515455
row_018972,0.1379979295163542
row_007410,0.1827459764087228
row_038049,0.2776719969150509
row_046321,0.34036678632959083
row_027207,0.26968706998118297
row_016569,0.18712710323178222
row_000867,0.3426333127671301
row_038499,0.15913130423811064
row_034120,0.1203176567835127
row_041515,0.11100426195820194
row_035035,0.35035449496526316
row_010207,0.20492501466726482
row_004227,0.33929986405521645
row_018792,0.35165036318952814
row_045774,0.1631113559592646
row_036511,0.24967958548576566
row_037550,0.1444043015596356
row_042713,0.3626082126492654
row_022325,0.33827370325954736
row_002682,0.13423461748208337
row_026461,0.2656470479428932
row_017445,0.187043080567156
row_036026,0.11259180144675827
row_043601,0.28408119100200246
row_041085,0.3429958300014402
row_008949,0.20699531093680665
row_041839,0.4389994041976299
row_014807,0.24439684075666812
row_000827,0.08964600899424027
row_028634,0.11936597612217176
row_025983,0.1125089182450798
row_001306,0.32473398329044756
row_002465,0.3640966820971665
row_003599,0.18718448271816143
row_028779,0.26771666576705316
row_026185,0.27982956040675966
row_047370,0.2247963481135281
row_012603,0.32800507035934984
row_004502,0.2331405275659926
row_033914,0.18131771044368794
row_036977,0.34017846182554534
row_008376,0.13171654047801595
row_043238,0.2326816493359717
row_043187,0.5357092184461477
row_033106,0.1580682149354907
row_027286,0.35370893307961193
row_034070,0.317001285205626
row_024926,0.10990454714852733
row_048571,0.4108552980354272
row_015336,0.11605885721339955
row_016324,0.16837813175883465
row_002207,0.3084242181475499
row_026255,0.20454420369855242
row_032830,0.40654452912483413
row_034060,0.13514027590610186
row_000526,0.144960011230925
row_019816,0.17705725258141192
row_048188,0.152333363137238
row_022169,0.14067840443358126
row_001961,0.23342769973460978
row_020320,0.16114741636064378
row_007296,0.16070929680990292
row_036727,0.4228480779985963
row_021120,0.27442756914999916
row_019761,0.13974169000405678
row_021091,0.4280702308569077
row_042509,0.19501090118535822
row_006516,0.38864636997880414
row_015322,0.12244103175514383
row_011378,0.2705624234534486
row_000583,0.1657432239219527
row_043259,0.17952114095935534
row_040710,0.1301572546867643
row_002197,0.10387149809300693
row_026125,0.36382334135865135
row_012686,0.13522578310578223
row_000175,0.21098030284623326
row_027876,0.19820685634135396
row_016357,0.18538982418992403
row_045488,0.2577456364799337
row_042939,0.19251888355081104
row_025363,0.15066489139918507
row_045899,0.18237255337734254
row_037105,0.10357261894325384
row_031270,0.32776770726396337
row_014328,0.24969212732666585
row_030626,0.31548681551070407
row_031999,0.24289732344771053
row_034865,0.18826532354692171
row_035823,0.3702599862777019
row_035168,0.3565314172734884
row_024363,0.23764150780018595
row_008558,0.38229892777390284
row_046252,0.2742651733461869
row_015455,0.13777430931738224
row_013585,0.2232908270394329
row_041333,0.26621802312289466
row_048630,0.28267464108841295
row_045651,0.19967729241596954
row_027905,0.20538091239276157
row_002530,0.5472987692013046
row_021968,0.2615337975443018
row_040412,0.36257326304384746
row_001379,0.3093378774331543
row_016915,0.3854259889232942
row_020934,0.17796610541930233
row_043622,0.11014418980180961
row_040856,0.1400173045333523
row_007522,0.16292192751105597
row_018208,0.14754958041466987
row_037721,0.3013216619010906
row_035861,0.3951066664606873
row_016455,0.2042014138221383
row_038279,0.35675053573523985
row_011794,0.35753454793394807
row_011453,0.2010724256876085
row_047315,0.254517593662455
row_000234,0.22440151113112683
row_023617,0.19373400657114279
row_044149,0.35028840068916733
row_015125,0.1345751143282218
row_032233,0.2585930889294644
row_046272,0.25185379304044414
row_014381,0.24192019543915652
row_024271,0.13390559553225434
row_030930,0.3715123574793655
row_011195,0.13513983926867074
row_039765,0.36916593571814865
row_009475,0.46244563908181363
row_014945,0.2926290356945183
row_002163,0.2189808461455276
row_006636,0.3105868766727332
row_005667,0.13340003565790412
row_016488,0.47151156838771047
row_041662,0.16567843534943755
row_041549,0.2411296677079487
row_034934,0.26918812006577025
row_017853,0.1054433108555379
row_002723,0.20157058289694726
row_033708,0.11548262949303911
row_012036,0.12219566886620009
row_031868,0.33516245675745737
row_032033,0.46014754241329564
row_006087,0.17594905896965796
row_018241,0.17540576308314443
row_036414,0.21835660057628384
row_028878,0.20391978620326476
row_034322,0.3140599645926563
row_029046,0.3393620630464568
row_022980,0.3551956912958149
row_025495,0.2318332650930478
row_031510,0.3283822516981812
row_001712,0.4884366039346396
row_038676,0.40342051923635147
row_015242,0.4085899997516779
row_039241,0.12954035478014508
row_016716,0.5021511326831299
row_034311,0.28971010425224003
row_034281,0.15697131301913508
row_009268,0.10652288805207492
row_024336,0.56938336649417
row_034663,0.42594697004760446
row_001537,0.13738459848850768
row_029111,0.19705779818492142
row_019364,0.25113886008452846
row_045132,0.23523717892147147
row_003863,0.16939196380035942
row_026981,0.3496385405806384
row_028897,0.13624888005679192
row_001995,0.14663627046895894
row_026248,0.43767540739644817
row_037606,0.13869249890002222
row_043322,0.1338332145378027
row_007069,0.33630427933016716
row_039812,0.4248678230557963
row_001775,0.2143635583960026
row_012351,0.34507846314656887
row_004235,0.2717865039484816
row_019690,0.3023902517187801
row_000661,0.16487513694805703
row_049912,0.16697974673661303
row_003271,0.32281757675518025
row_047487,0.34125634318783205
row_040552,0.37003178720252355
row_028659,0.2694966027165391
row_017202,0.20912514904826887
row_039873,0.1759857766938802
row_014007,0.3719644045276655
row_034431,0.4500853305104615
row_017184,0.18165500879972749
row_018911,0.28875949675545376
row_026957,0.3825718414141682
row_005328,0.37242680082885377
row_034350,0.13528390076610158
row_015469,0.15555331539410072
row_037131,0.33775168187591437
row_038827,0.14342296283285635
row_030152,0.26921905201932445
row_031458,0.13588746829862608
row_010470,0.43590906493016984
row_019940,0.21287867471840324
row_009193,0.3826982596563099
row_032794,0.17133600695236473
row_028142,0.3414335559586794
row_009847,0.37092745152757556
row_024704,0.25734457086479456
row_014872,0.28218936712080567
row_014972,0.3187848319899056
row_001651,0.24125662767580008
row_018721,0.24174809556177265
row_043510,0.16508926386636089
row_033767,0.15511496944206776
row_045905,0.2139987054759945
row_034153,0.4768235441562631
row_033156,0.37796558338634
row_016651,0.39662349446329886
row_028224,0.1834068280309309
row_000413,0.26500525564899
row_000591,0.10497764293769382
row_046828,0.23663338156277294
row_011050,0.22837205911816122
row_044103,0.10620939647714296
row_015732,0.31092591239424483
row_039426,0.3513295572775201
row_016614,0.23460362565023873
row_043351,0.33037298586043323
row_003489,0.22672756470551284
row_022946,0.15795495968348733
row_022988,0.27109396861852264
row_023198,0.13378763338930247
row_003004,0.2817153134788171
row_047562,0.28342211300511894
row_006624,0.18948862204101213
row_015064,0.16224882325184622
row_002412,0.32603834985609964
row_025679,0.26639340562960184
row_026372,0.2246204894860615
row_037395,0.20061853506894828
row_002848,0.166806615447929
row_016047,0.15512798007319772
row_006657,0.11796810662305296
row_036267,0.44421431229985353
row_025370,0.2064572356578725
row_014770,0.19959133664379847
row_007574,0.277396426353264
row_038235,0.40439551620975867
row_025124,0.3000346444321115
row_034114,0.15128111145816678
row_036651,0.10762925069584578
row_012675,0.1475085333215131
row_038800,0.22313462449202945
row_003561,0.3790528997786444
row_044890,0.2773217126853976
row_041703,0.1801460929803036
row_014640,0.2742800499422275
row_013284,0.09318364587347439
row_000704,0.22405973621117956
row_010350,0.37199357798879884
row_034055,0.32406697893300773
row_021418,0.17422734927096142
row_008491,0.10137455734919958
row_042610,0.3931614818950205
row_029451,0.1890533723462977
row_028702,0.32245821108461004
row_028514,0.14780619737017003
row_031452,0.21146619449274504
row_007983,0.2599471922926633
row_019593,0.24919099400457345
row_021056,0.24863897611572663
row_032205,0.4116389933353822
row_010050,0.39215117726784754
row_048327,0.1498188832124737
row_025614,0.09911565657278887
row_033413,0.3290826903324924
row_008054,0.2529411056774888
row_007123,0.14797286111820282
row_043938,0.2272171090439856
row_029289,0.16353272484637812
row_035131,0.18503815363674683
row_039182,0.32969170749634813
row_004535,0.3413774639482949
row_021514,0.10319659130098803
row_014316,0.3111895162524345
row_039321,0.3045127134564616
row_047467,0.33790731499766186
row_035623,0.15361167052197833
row_024123,0.2594324181730414
row_026973,0.21316438544024718
row_026847,0.19698855766940618
row_011426,0.43241352049461074
row_000419,0.2930885190031727
row_012757,0.34578170748046066
row_001728,0.39664593681934185
row_017529,0.29163258001334436
row_013853,0.44344723552653953
row_043212,0.36128810257084454
row_014205,0.1296165917457738
row_002021,0.3872576295497574
row_040834,0.248677983912201
row_007224,0.33974423447880464
row_039242,0.3460180231621382
row_048666,0.4141849406725569
row_019655,0.18247321645936593
row_007249,0.2888584874571151
row_042138,0.20414900972629554
row_033420,0.17280321694965883
row_012839,0.3164249865858015
row_046868,0.3190117041764815
row_015640,0.3474605728929759
row_030744,0.0843181059360069
row_039179,0.17689466973008341
row_022555,0.23772566099334266
row_031163,0.1258320030751236
row_020428,0.33440760651427764
row_008594,0.297626552859328
row_003553,0.2574519706352825
row_042995,0.2113861189246248
row_035529,0.3168348116486614
row_005810,0.4764088599347141
row_022719,0.4056375068863166
row_021761,0.22834667881076753
row_004412,0.3748366358485951
row_017985,0.42064050826731425
row_030602,0.28989740586775375
row_010181,0.20321754916435777
row_013101,0.1509229143787274
row_048816,0.36796852325450174
row_048566,0.29597094446525063
row_028628,0.21819522087484178
row_041684,0.22875410033280702
row_012504,0.20760414427591242
row_044829,0.16687373425452437
row_038196,0.30906084074101187
row_041091,0.34410198595806357
row_010999,0.2124408585460095
row_043169,0.13642041161822074
row_031152,0.15338670383631808
row_026446,0.10864516254564323
row_009896,0.14421637939388063
row_008973,0.24126990826564276
row_000771,0.33903938760281793
row_045675,0.3204166896761451
row_026647,0.3909469128512153
row_024784,0.12379791105648277
row_013813,0.14055860894028854
row_007884,0.12885981743123662
row_009621,0.28736041601666157
row_016487,0.16079902921971967
row_045272,0.12797956317389608
row_029388,0.2764131204807643
row_001870,0.5307166984743026
row_022731,0.36170237656083376
row_032614,0.3808341910672519
row_035367,0.18147025509926562
row_027613,0.1347516037433063
row_039868,0.2693675914095541
row_005117,0.2188243408101005
row_001780,0.1699090308981148
row_010546,0.12373761963779177
row_046852,0.13618778649529828
row_040364,0.33356048903524055
row_043270,0.13245517442671348
row_036982,0.10501533657693225
row_020771,0.13369869523423697
row_036383,0.19960363039129553
row_011150,0.28050134375711455
row_010094,0.19560665082609316
row_001626,0.3630470149898909
row_040790,0.17595883599599213
row_020740,0.15415906922619932
row_009681,0.1530181985653046
row_009024,0.10560434194798406
row_010987,0.17872177278563608
row_038357,0.11220169638579874
row_043723,0.1178169018289151
row_030788,0.26866471825778476
row_049172,0.12078780380278596
row_028961,0.13410954923610216
row_031612,0.2972005636630385
row_027250,0.1665887821889513
row_009108,0.3804451562329025
row_028040,0.14599575316162738
row_010238,0.11886520484446093
row_046080,0.15198018412840564
row_049224,0.15771648012530753
row_020833,0.16615123885740923
row_040510,0.44275739941481884
row_024847,0.2338709582274132
row_000015,0.14284479946039016
row_033850,0.4068381665583243
row_001258,0.24437632697994843
row_024643,0.27731664061653616
row_044084,0.2676087911021355
row_026718,0.1500689398684237
row_005864,0.32387604463281583
row_026048,0.10357411219614301
row_004524,0.28909486595511036
row_011001,0.28148635909754227
row_042903,0.12236428205678149
row_007396,0.20463556937961236
row_046498,0.11370328023237627
row_018849,0.0926795354933026
row_037637,0.43179733893870004
row_007371,0.19984750793952735
row_047761,0.3518554590486571
row_043564,0.34769291721796736
row_002107,0.15236917567418584
row_048521,0.3610250650691183
row_038302,0.11190154530801931
row_039604,0.1625630618919406
row_025574,0.2936198825689345
row_037463,0.23752967904890188
row_033069,0.12839387741389022
row_019908,0.24875379027251548
row_007658,0.15471878803498548
row_007456,0.2186120015586986
row_022106,0.3869930341594463
row_015633,0.09379684546655255
row_003615,0.13107910862385538
row_040833,0.12268533646089062
row_048602,0.3680776409294432
row_040680,0.3487607779250274
row_003057,0.26888500532745757
row_028244,0.3380240067805337
row_048527,0.16662497032558377
row_017986,0.41540039044076005
row_002857,0.294816070361585
row_020145,0.27788879427312435
row_046197,0.20199769091798056
row_032598,0.42173075771068474
row_010049,0.4957025708820484
row_023327,0.3890334588991962
row_014801,0.3659295392213243
row_046077,0.2614794670911158
row_005316,0.17661146473688247
row_000260,0.15200633352361237
row_026159,0.3198228108996067
row_009003,0.31278825683356054
row_018144,0.413682145422226
row_043976,0.39374870411960616
row_027977,0.1682247479599495
row_026946,0.30722741941163684
row_042852,0.1792513821324293
row_009653,0.20064064839486553
row_032586,0.14214913649235023
row_000280,0.16814097132925118
row_020859,0.28644977491579565
row_043142,0.21451704834454166
row_018113,0.12250630655557146
row_028068,0.3683530349346111
row_021497,0.213831275537011
row_010770,0.3215430574407798
row_021463,0.18435972003056914
row_024445,0.32620290494653864
row_037439,0.24390551035876898
row_049065,0.16641348852822552
row_040181,0.16167583466697663
row_018682,0.18813341063631314
row_029727,0.10645997154287312
row_039598,0.3554539796216659
row_035893,0.36477634281180527
row_013727,0.13235753416900095
row_014285,0.2446089262047115
row_005910,0.2126401800744207
row_025789,0.5263662853345566
row_021785,0.41061934531824634
row_044245,0.3014696096070653
row_035949,0.1714782955469223
row_039166,0.12644181184411335
row_011897,0.384651839067176
row_012833,0.16519362813980232
row_009785,0.14269207599458944
row_019966,0.24754435911961375
row_010462,0.13587287916842158
row_038645,0.3187724581520478
row_002054,0.1879230072648616
row_026362,0.13585455015987793
row_032845,0.18055668508019032
row_019769,0.4433859168617504
row_009893,0.1607384639474351
row_029209,0.23197592579654738
row_006261,0.18738384917974518
row_005046,0.3453015415283516
row_021931,0.1358015400691836
row_019953,0.21140611102548315
row_023855,0.2283741519445566
row_026132,0.25958056595177154
row_014171,0.17462615414917598
row_010078,0.3559264713620401
row_029189,0.3778125693967684
row_005198,0.36468186180389667
row_034904,0.15584507650702809
row_036704,0.3351732014417693
row_014135,0.36126607360108
row_017345,0.15724632523387286
row_010031,0.1557527028950275
row_041491,0.39387366333668755
row_005929,0.19704762498629352
row_042176,0.3551293737192136
row_004942,0.2812514000791335
row_001867,0.2698147126272416
row_045809,0.22478476220966265
row_036711,0.1392104858655654
row_000559,0.3813423709231555
row_033025,0.27945705086175104
row_017502,0.3957931725049871
row_005873,0.24431729872445757
row_013996,0.1340133732667007
row_043930,0.2595363359356979
row_011827,0.4385261890245762
row_015590,0.49203878000202417
row_038734,0.24051049892922793
row_024362,0.581403213958643
row_043544,0.4112358873557393
row_012854,0.13235863922761826
row_010716,0.4757111474846268
row_020660,0.300445029309023
row_027282,0.16158675716035117
row_024392,0.2757771638613183
row_024771,0.2571424895774746
row_038852,0.18248617944879775
row_045961,0.2602339465555615
row_016816,0.31673879077810996
row_004453,0.3993230623825934
row_014318,0.30278535701571907
row_039028,0.16693634155776657
row_010293,0.17077565545958884
row_045872,0.43975942179598415
row_028943,0.1998780545350501
row_030500,0.383462859828348
row_000513,0.37521756442975157
row_017012,0.36969751677199886
row_042407,0.42322133011319674
row_030802,0.2772822694925373
row_041837,0.2127082413628027
row_038228,0.43738649991896095
row_040266,0.12791771381675496
row_035243,0.3112969522383971
row_040414,0.14960649169784526
row_047267,0.3126879019929978
row_048099,0.1313213722185527
row_033231,0.2624046485171251
row_013971,0.2087355659918843
row_015414,0.3752245240709277
row_020558,0.17185976408288628
row_021880,0.1679823554049307
row_020412,0.348769885034501
row_022589,0.1010615886417951
row_003531,0.25352106361861876
row_002140,0.30978696290644797
row_046295,0.2301441455274045
row_023524,0.281375713266477
row_011448,0.1810461996564561
row_030853,0.2314799752126607
row_032852,0.3532807432557577
row_031494,0.18698123437495112
row_006242,0.11367742776380205
row_030366,0.17601153972558928
row_023413,0.26827588384440054
row_048436,0.24355863331426625
row_000572,0.18139203473433693
row_038184,0.254734888614004
row_001695,0.269232839254938
row_048180,0.4395240173984298
row_000886,0.42750461795488787
row_035510,0.3271466099429261
row_031968,0.21932252337289052
row_019158,0.12016738744403299
row_011226,0.3282023318153711
row_024207,0.4976690606315234
row_010913,0.14038287908061672
row_007720,0.25893682906943777
row_029173,0.12790119132960098
row_036204,0.3238997215564075
row_024394,0.2820832695689381
row_040818,0.374602477193105
row_007949,0.22217483327493262
row_005892,0.229771888096968
row_048573,0.2511930804398514
row_000879,0.2643515859178821
row_029260,0.2924433811974399
row_032656,0.11840037901671599
row_038820,0.18213205330323423
row_016565,0.13059287867498234
row_034802,0.3183169352169458
row_019835,0.2596312800762788
row_042343,0.288350938866173
row_027979,0.25797484358172584
row_014163,0.24052394997832033
row_006005,0.2296835880526661
row_041606,0.4126358155902239
row_028729,0.24564743112760598
row_047108,0.10403282931698556
row_043445,0.2947055411187506
row_004303,0.4600796710085009
row_017155,0.12735072361384656
row_027914,0.28891782637858476
row_035312,0.14291445133730074
row_049772,0.14485362194451756
row_048952,0.4132340994885318
row_044221,0.3585562109272764
row_049570,0.4405226604258738
row_019054,0.18050494625752236
row_034109,0.272407624946356
row_016633,0.16505086842660013
row_006156,0.15590667122140547
row_025102,0.43383555280152375
row_010909,0.22325220975043147
row_014492,0.2931880547124845
row_011058,0.26580905332275034
row_001916,0.24507875538142396
row_030053,0.405814604275605
row_029180,0.23969553939648128
row_044596,0.24006686604946711
row_000875,0.35719439541331977
row_049323,0.2207731309679021
row_028350,0.11348637901476202
row_013316,0.2826626275614216
row_030417,0.28394747168063217
row_016566,0.3773925152976245
row_021057,0.2717092177195335
row_049943,0.4542348372873124
row_043140,0.20212019711035362
row_025286,0.2206210512762332
row_037941,0.20754829456722365
row_034029,0.188992655492786
row_023996,0.14157374984443977
row_027094,0.38554710431695727
row_020074,0.34515113968582145
row_033904,0.180133292301121
row_011758,0.17164338983703512
row_007376,0.12735659028173632
row_005315,0.15884567326723698
row_027505,0.27573225697334197
row_036478,0.16912813790251044
row_026453,0.16052110184455015
row_011234,0.21136428430478596
row_006183,0.12418776337970969
row_044589,0.2182604954968358
row_026328,0.1040987545821996
row_036996,0.4223668646898586
row_016001,0.23173497395480658
row_011851,0.3731122788930398
row_001133,0.2458904553648831
row_046301,0.14311046554172135
row_039362,0.10906092801827853
row_020554,0.10157530844349393
row_010366,0.19942376529785477
row_013315,0.11348134976835922
row_013933,0.42506309785997665
row_029742,0.3046377380950108
row_011839,0.11723108206294668
row_008894,0.48100171094644856
row_006091,0.4371424968188918
row_031519,0.4064122639700844
row_042430,0.3117220240162206
row_009134,0.17361463371300045
row_033479,0.4493977943243977
row_006615,0.3494060651146234
row_042290,0.25207554111573294
row_021397,0.24885931609974007
row_043475,0.1887442468874808
row_027897,0.42665189952196175
row_024791,0.47034836260429097
row_042151,0.37025338691755433
row_001063,0.19766482999702825
row_041679,0.5105662071915493
row_013353,0.1978828492014029
row_006266,0.27982688508617587
row_005038,0.36871729540671744
row_041748,0.37270211808652665
row_031151,0.3763462038573438
row_043513,0.21699781965438739
row_032797,0.1333560591333384
row_017453,0.3501422536651454
row_009561,0.32745428657475817
row_033445,0.4407796381743047
row_034622,0.29658512328189385
row_013367,0.285157490571451
row_017237,0.2826934859102838
row_016940,0.30227002580967105
row_005042,0.38429156538739895
row_042401,0.1121204096421355
row_047747,0.19107390270750027
row_032344,0.2966851350401144
row_045575,0.24354872489384954
row_033132,0.3877554933762875
row_015655,0.15456031337238002
row_029628,0.2011944395349932
row_019689,0.3021393982339692
row_024144,0.30174916212100644
row_002603,0.2096264673951122
row_042211,0.2454706337161188
row_017540,0.15943833746997255
row_032790,0.2086834725116127
row_028200,0.19367146648366915
row_030969,0.3422141617446006
row_039533,0.32942320545311854
row_038314,0.15556857917171302
row_012809,0.3972516380716797
row_019305,0.2202747344280454
row_006022,0.1332571928664261
row_007754,0.18227266199365014
row_021367,0.22635966473910368
row_018308,0.18850465668139793
row_041408,0.3483299583283325
row_028453,0.14921452759534853
row_046261,0.3345352661377157
row_037304,0.18110634147055418
row_003816,0.2907002056719256
row_034400,0.3758303229182299
row_016346,0.19167819601410657
row_013038,0.3009440403002354
row_026481,0.16106543590923106
row_023237,0.11145924571327184
row_048740,0.24983905396860678
row_023210,0.34835574380770246
row_012599,0.2268816407504223
row_035621,0.3503556621480977
row_042950,0.3782382032608811
row_030014,0.3930928135473156
row_044348,0.30988175184791195
row_042657,0.2987172816249602
row_037399,0.11346768561673568
row_027955,0.42944548049343306
row_011682,0.45417038397701587
row_023895,0.15528796569148803
row_041654,0.339120463267345
row_029849,0.4237093203365662
row_027090,0.11970891005359445
row_005260,0.2862176759185779
row_005066,0.28878507734644177
row_025165,0.2670045380232545
row_038782,0.41183962931702384
row_006279,0.2807903779551546
row_005759,0.1881907754487664
row_013702,0.31867865107764237
row_028425,0.22262448644557703
row_045882,0.468527099552328
row_018047,0.11069021643144958
row_019144,0.1788823600692726
row_018180,0.38866539664493027
row_029326,0.15230913710902197
row_016832,0.28984184288468823
row_017388,0.14993265201845896
row_047696,0.2503818797367455
row_005157,0.13961211882589802
row_045416,0.2604723124681219
row_037242,0.5332438655981377
row_021909,0.3491474786700496
row_010469,0.2530783965742843
row_013437,0.3410360006967942
row_009663,0.1363132953203088
row_030634,0.25137923652767213
row_022018,0.21414268345941198
row_037107,0.13513853288395514
row_042958,0.4358541175604144
row_047695,0.17352279541296292
row_021827,0.343784564544002
row_049981,0.38661870265631754
row_018469,0.31476812520651143
row_035633,0.467131622878281
row_031740,0.1756785464226393
row_032821,0.1729595491364059
row_015479,0.2872903757844544
row_016247,0.12884577141841047
row_010152,0.4493174623647088
row_042632,0.2278258174463395
row_013134,0.2903213991694175
row_002251,0.2794983389005852
row_011930,0.4593007047573518
row_006499,0.1841951843216721
row_040792,0.41257356795179567
row_032075,0.4483222831796206
row_001347,0.2769530018868077
row_001735,0.2009924568566667
row_008085,0.5082699732887499
row_048863,0.10478989225848484
row_041731,0.30011301905610355
row_007955,0.3008833336632418
row_021924,0.22493885297526137
row_021071,0.3252320230103596
row_024600,0.15537408138195172
row_041118,0.21641587775611015
row_034719,0.3234455947121961
row_032333,0.10416835534657876
row_027846,0.23661989451063378
row_025666,0.36009704996079045
row_046643,0.29753142095172064
row_038366,0.31506292556560994
row_043762,0.2581977348773919
row_046667,0.10177539141080878
row_011407,0.15269134642006224
row_015318,0.40634981625183514
row_033867,0.23845128103243005
row_033456,0.3242693205716928
row_030107,0.2505092596299888
row_023295,0.12251199305021579
row_000726,0.3124657899520077
row_030306,0.2198529248217012
row_010841,0.10858003221627954
row_024217,0.25410101251113326
row_010964,0.16481250086166685
row_001745,0.3257115578337572
row_045070,0.2629237246107974
row_020511,0.44372939648807685
row_000199,0.4579914516719683
row_036692,0.3007443563189498
row_044156,0.19027206965550142
row_031429,0.1728769381350786
row_005778,0.17967846526173292
row_032707,0.26094060626532256
row_023085,0.32020197278567225
row_028727,0.3745175780126128
row_044965,0.4431765441595856
row_021043,0.1392046253573677
row_001679,0.21148500852074714
row_045453,0.16713099329605094
row_006293,0.09284090805121116
row_046837,0.23916479435941526
row_017334,0.155088231179562
row_013720,0.3202000384918375
row_022250,0.3251844070408517
row_008927,0.31784495298855586
row_009869,0.18509850209398548
row_034658,0.3272668950661559
row_041069,0.15712228253914812
row_041084,0.30645622448222465
row_047387,0.29566375016264773
row_014077,0.18818455373146098
row_006081,0.16996077684828087
row_040196,0.27550295241535583
row_005603,0.21707542678417976
row_047433,0.22177218103338914
row_039735,0.4729962982945
row_036231,0.1881721806732062
row_007260,0.23301929145879902
row_015447,0.4511123857177512
row_006960,0.10637690052582632
row_039803,0.1511012925858741
row_048483,0.11812527359509924
row_045733,0.15189388332712794
row_045530,0.11456050561067872
row_023144,0.36841332522826137
row_011597,0.14173107260042855
row_015503,0.348395016846621
row_020004,0.3554409497435502
row_042036,0.289337903309372
row_008851,0.14186226974228142
row_041137,0.22339953476279156
row_009942,0.11903307210744209
row_038730,0.16422978552890202
row_036652,0.36268220891841524
row_019250,0.24486654345147602
row_028870,0.13040847635564212
row_009360,0.1345989548206667
row_037872,0.08569115396046435
row_000878,0.22509476485659952
row_023379,0.24245294660708008
row_033909,0.36769339036385945
row_034616,0.0941593428415986
row_025417,0.14795065813433966
row_041418,0.11453608427926627
row_023945,0.17800957786991484
row_000375,0.4268075824560284
row_011893,0.28390075579987023
row_033026,0.20332648702277095
row_039762,0.09336659913099878
row_005007,0.40691395469058167
row_024464,0.293694660728123
row_012950,0.15071927591382742
row_030631,0.1384541119691671
row_037378,0.17261103654529478
row_011590,0.12612956096414832
row_047659,0.16044789952331098
row_032400,0.23317931395004982
row_020814,0.16115524442873752
row_001527,0.19596869847304144
row_012331,0.1968904803615698
row_040294,0.3627937530835764
row_009263,0.2181676074944968
row_035033,0.20599281076990247
row_046941,0.2808563138601684
row_015744,0.38513471153952356
row_047489,0.30824231219389286
row_042470,0.4350978705948829
row_032024,0.2818253001000295
row_012773,0.30835990851777684
row_002520,0.35704363027534447
row_007378,0.20645337887696255
row_029821,0.2637461980816432
row_028406,0.11060820481586843
row_017626,0.4081908395849106
row_000525,0.1419599852429245
row_020051,0.1645377445348655
row_005574,0.35561314652071524
row_040265,0.26857079378399196
row_015461,0.20542250411965224
row_028078,0.41490004138196357
row_008912,0.23680422517784316
row_040640,0.5057597995329607
row_029145,0.16458117305578276
row_000056,0.1260556884775021
row_030009,0.3159175560384949
row_009084,0.1347360787503927
row_004532,0.32109928011711
row_032480,0.4551766521536898
row_019638,0.0860414117611501
row_027717,0.14464428600940335
row_031096,0.308740756580282
row_036991,0.32155955355903365
row_009195,0.12753288608965369
row_007394,0.4571962158458387
row_041486,0.17322146405206068
row_017955,0.20558759185113734
row_008015,0.25962928939817054
row_022991,0.3232368920751739
row_037073,0.37173434255543936
row_014304,0.20560604855538073
row_026990,0.37701236696610496
row_032816,0.45613643034128987
row_037646,0.35063609676871044
row_027938,0.2649248380159123
row_036667,0.24419800542746653
row_038272,0.293166460992801
row_010654,0.3899053765708977
row_032991,0.1350400836363355
row_007699,0.1027451207566494
row_049897,0.21634029997846546
row_013773,0.21260862212204165
row_043332,0.37355448197029223
row_014748,0.12391305115838384
row_029925,0.1636512214464115
row_000428,0.1502664541398295
row_049171,0.29043845970764826
row_045186,0.13506341055493917
row_010286,0.10995515401953862
row_034643,0.18628476068408298
row_028349,0.15171010414416275
row_014146,0.38829750254429607
row_017447,0.2618931781803404
row_049919,0.4242487314711795
row_046248,0.3460496412625413
row_037659,0.30285361971526215
row_029649,0.3318597322788355
row_000849,0.2004577012770273
row_018039,0.13589847135093333
row_017969,0.3184867614546941
row_003513,0.25930555942146655
row_009415,0.15584614954279546
row_048582,0.2907736985046859
row_029995,0.32123341870773264
row_023182,0.1366312900229754
row_020017,0.16769327932293387
row_009125,0.3700329623618353
row_013924,0.36955743501370203
row_040284,0.1450132930004811
row_040672,0.16212457826511797
row_048779,0.21632547518370573
row_000535,0.3440207787834224
row_014128,0.339482029927385
row_028442,0.24750688100550702
row_014859,0.20615792083915938
row_007307,0.1864658783338402
row_035926,0.39394761256848304
row_037056,0.3663304720255046
row_010786,0.44564665988541236
row_041682,0.10508570525808905
row_025406,0.1530134637754964
row_017812,0.2525081340345335
row_024726,0.28354838540513405
row_042326,0.26898232991963683
row_025953,0.24075591446011663
row_029904,0.3448285952076118
row_020445,0.3356263962575359
row_016719,0.3846818047816219
row_033078,0.16331249047168525
row_040638,0.4034398494449536
row_004976,0.29000161615203285
row_038342,0.2882443351815015
row_035388,0.32157546906211754
row_034460,0.2775806692273246
row_009852,0.1326788467390663
row_046062,0.19332855117017636
row_044788,0.33924483113982257
row_014704,0.1287569163946615
row_018597,0.1388938121491524
row_040671,0.13177039371560823
row_048624,0.3288747615941871
row_034700,0.12481161002865851
row_025444,0.3148795429459098
row_046488,0.30062016174767603
row_000785,0.11616441643769997
row_004268,0.15282674807178254
row_013018,0.20771947611352562
row_012298,0.27509187460050066
row_033532,0.35949612934793695
row_002171,0.25180848528080707
row_042981,0.10438953152558812
row_000446,0.16875561318626253
row_015492,0.204158792286464
row_046628,0.19576710108323678
row_007433,0.14212198535376314
row_038821,0.1394811359690419
row_017884,0.34235717017486317
row_014949,0.32527747930784695
row_016211,0.3328093181848577
row_042897,0.21843479332946775
row_021850,0.21264295618210577
row_007767,0.3821514779997015
row_022217,0.25804227570162147
row_022438,0.18513705703341102
row_019072,0.3223496986681615
row_047213,0.3098352044833617
row_006478,0.15426346111064557
row_042269,0.1606069186411249
row_008569,0.34110948925412465
row_042297,0.3507258570255629
row_025722,0.4288178025425794
row_047116,0.5488832119683135
row_034193,0.15853993364206734
row_032670,0.07155626110598737
row_010316,0.33720908128830207
row_041025,0.28998897587921574
row_012086,0.13382313277649305
row_022070,0.38230893285734274
row_027676,0.19835323370671648
row_020755,0.22481493454622106
row_014119,0.41118641586409116
row_015695,0.1417831736779607
row_039144,0.3626470194374078
row_031910,0.356240227469707
row_011975,0.2766870180496173
row_038966,0.32828151597284394
row_002113,0.3021809771180384
row_037442,0.24168113374152592
row_038787,0.41899691337084205
row_033786,0.2785405887120602
row_023571,0.4774623111110741
row_027993,0.28905241802698695
row_041289,0.20445106831172002
row_003140,0.38742320389314383
row_003930,0.10707805797905694
row_047920,0.2302201126050576
row_001382,0.1963586678091883
row_027822,0.34329866819198807
row_049524,0.3235534191237395
row_045326,0.21370055611810942
row_000102,0.3144497364483495
row_008760,0.22845527529871593
row_040022,0.2804262380220798
row_013911,0.42208676282597285
row_030577,0.39104315644259974
row_004776,0.3924387042482359
row_022420,0.20540419375482344
row_031958,0.2086323532538353
row_000860,0.1372441592509047
row_040187,0.138184681992025
row_036163,0.4640098847739873
row_011985,0.19399147452851392
row_033139,0.3507563504805425
row_045895,0.3542122873870101
row_014824,0.4861406182874063
row_000629,0.10567243231952597
row_021388,0.31436507576664224
row_006285,0.2616895131090507
row_048452,0.400407566418317
row_032998,0.21033442558408166
row_039906,0.3317090043406489
row_041928,0.1251608225358194
row_044769,0.25578555876443065
row_019336,0.260675692825481
row_012293,0.1267930568740838
row_023888,0.445071775635564
row_005897,0.26400394258045096
row_032466,0.22399116195999344
row_039383,0.41088712514176506
row_049823,0.41225186623160365
row_043980,0.373469993735632
row_037187,0.38733250387967655
row_003520,0.15501734071096815
row_009973,0.33348306883769147
row_021781,0.5023459983920906
row_044656,0.33257917511946117
row_021622,0.2517574965560801
row_018153,0.35476838269280114
row_006634,0.21206418515690112
row_039200,0.28171168420153503
row_048673,0.4052612778884728
row_034169,0.3651079484989196
row_014893,0.11427492415464144
row_035706,0.18968642384407472
row_028230,0.17092115376306619
row_035503,0.27593304954862746
row_016582,0.3644624516166838
row_010421,0.10159639681546158
row_048496,0.3495194811476395
row_026056,0.14520654391737361
row_005233,0.3820257268364947
row_003407,0.3496876003196453
row_005787,0.36790076639547337
row_010992,0.22547025626943296
row_047172,0.42429403566874185
row_009583,0.39638869879090816
row_035703,0.3097621098848561
row_020909,0.13696763798277395
row_012088,0.36632588018302736
row_004009,0.2665025184053324
row_040555,0.3110037676104103
row_034647,0.2179593168679013
row_027123,0.27232700737417875
row_028297,0.3020016944558438
row_021846,0.24172503479833254
row_033992,0.3642462380039975
row_013741,0.11667877091922604
row_030986,0.28157356027365316
row_006824,0.2251554748052755
row_000681,0.2641943371529393
row_003118,0.2418239334554247
row_016960,0.15729109864874027
row_009122,0.3427785148216176
row_016398,0.38094292450104555
row_005705,0.43065402720365187
row_007893,0.35499678636638243
row_008812,0.20315891273029002
row_023842,0.2033263549761855
row_000894,0.24346717389307804
row_040926,0.4744159570402076
row_016083,0.08292336465211173
row_005938,0.19461545258304902
row_034480,0.37520418475528844
row_033713,0.4093197149265536
row_026448,0.1323345018578024
row_039540,0.28538580965673793
row_048872,0.44615093399627914
row_013569,0.35009815103054837
row_021819,0.33545844666581587
row_010023,0.3621282845843571
row_018826,0.13400753109542304
row_024015,0.3784972971689975
row_018335,0.20668606493359512
row_013240,0.17609124302682228
row_000153,0.15019602168021398
row_006110,0.10972029564831241
row_004920,0.13077001868545587
row_023168,0.37750830764720095
row_037012,0.4399462025095529
row_031903,0.10019081038670188
row_017496,0.20039114582715017
row_026478,0.33877416248118175
row_049543,0.1603400806777909
row_026252,0.3040231986041952
row_016689,0.14150146994249924
row_047056,0.37093376395102695
row_004506,0.19985503873462715
row_005340,0.11850230132647008
row_029395,0.15133126165756647
row_028392,0.2785645070026879
row_028833,0.09562198340211261
row_024690,0.37757514142350035
row_017590,0.4788855919872807
row_009446,0.15709262926850107
row_011639,0.15945311298514964
row_013779,0.32580556913283404
row_025199,0.44177017101656546
row_014813,0.36727148323955
row_047934,0.20871292926781063
row_006297,0.2158312542938962
row_021053,0.17129616189154503
row_016753,0.15066740451263996
row_018152,0.35697923194088355
row_014472,0.16818314588383684
row_025566,0.24615027464942782
row_023627,0.3144776064220942
row_036160,0.13966488808267616
row_018230,0.34506004175595795
row_034358,0.12438326550000596
row_036700,0.2599940978814284
row_006174,0.45988498210394646
row_049667,0.15028134536218146
row_010724,0.29869325858393103
row_001860,0.39576299721898417
row_039998,0.17539244445129165
row_046283,0.18007360311066745
row_017104,0.3460984576737622
row_044931,0.2986325073546202
row_048768,0.1347915556104139
row_019138,0.3575351534856081
row_028273,0.12826017506469736
row_027941,0.22909227012998648
row_027607,0.18152095694116768
row_010883,0.11887131796384351
row_039472,0.22672780254508051
row_025908,0.2271043188554182
row_006331,0.37935889724818284
row_024122,0.3564545500001836
row_006391,0.12063841244160653
row_033727,0.35642718444859856
row_031330,0.20928486227404194
row_044634,0.273493463192003
row_015175,0.125066563105194
row_039796,0.182278454488044
row_027577,0.30993666146804677
row_045695,0.45761258786568204
row_029135,0.2594522476162589
row_002685,0.36910126373227276
row_046371,0.19670063958412573
row_040942,0.1673305310802965
row_045110,0.22872785514046873
row_029578,0.3717637296737617
row_020654,0.16664781298655706
row_043748,0.1623777031948958
row_016674,0.4022862041670818
row_043694,0.293791445021669
row_000081,0.45229019149191446
row_019727,0.24085948984831623
row_033363,0.10858411019944093
row_022007,0.13831560117302405
row_041637,0.47271613995488865
row_021667,0.3933442082777015
row_038403,0.27983564726536153
row_014150,0.41320341877844924
row_046268,0.20715217243663206
row_013733,0.10425383034091715
row_045313,0.32135067297594394
row_038106,0.36491727880394487
row_025250,0.31938460268262003
row_043237,0.43703949108028994
row_046319,0.49325097083308794
row_014797,0.5931491886582589
row_038141,0.30167109414689913
row_010581,0.3598040640899256
row_007826,0.19922500717438954
row_012775,0.3020975052466581
row_021916,0.3128558392538635
row_045715,0.15320521780237586
row_048923,0.14610290270724757
row_015090,0.14475057817167095
row_038281,0.3312853264706434
row_022767,0.11745201305456601
row_004482,0.23554862397908358
row_036221,0.13673980169227282
row_006857,0.28601145956435775
row_011858,0.27877703360145933
row_031040,0.2867004243018444
row_048825,0.13299364658645207
row_037118,0.2618443381114759
row_023151,0.35392904936568603
row_001046,0.2074727007078307
row_003327,0.09957608409117033
row_004119,0.12858847558217792
row_028363,0.21036679245928494
row_022440,0.1970121874959766
row_002872,0.36668917988054545
row_015724,0.12977803101882773
row_015545,0.34717350114107554
row_001150,0.16389370009821963
row_012250,0.16047843419595287
row_027158,0.2679034918962654
row_005474,0.15393827519189437
row_012694,0.27579979292728335
row_010781,0.37431870527549493
row_027969,0.2071926381603495
row_035160,0.2252995075171959
row_032947,0.17720954678954895
row_040711,0.2674524861035373
row_021227,0.13924983900622329
row_041087,0.5295307968531131
row_047652,0.42873956322429646
row_019639,0.1244480266983495
row_047102,0.14593636377703464
row_023640,0.42963701266571874
row_026014,0.2794929722145446
row_045311,0.40345895209080634
row_042087,0.26651415910271803
row_019326,0.28823949629663265
row_025581,0.14503182368867196
row_046723,0.2737608103139077
row_007528,0.15263909627791228
row_038074,0.2766503930406007
row_043404,0.24197236978609632
row_011556,0.39522509426818253
row_027378,0.1066200355379174
row_001014,0.3152509167471372
row_024195,0.36067226647709866
row_033194,0.22656633196314171
row_024621,0.1833695458315948
row_027673,0.3439038985565447
row_028912,0.4143768835600798
row_044564,0.4866597830591139
row_049939,0.3711669424965662
row_030426,0.1552389284152838
row_006008,0.342192519122961
row_036423,0.1281850430701672
row_013211,0.3969709039858568
row_019466,0.39855027172100543
row_009515,0.1461418647865918
row_019346,0.11732487148755912
row_045254,0.24933004324100622
row_003008,0.300372243089184
row_020809,0.3372540858437841
row_002344,0.21394055158101338
row_035268,0.4819344204442819
row_049199,0.2940878663019126
row_044449,0.15191296738905036
row_018175,0.29653376463232056
row_024680,0.3396335784954801
row_001783,0.33887957212136716
row_000457,0.14261746811609255
row_027388,0.10790977871131718
row_049250,0.4198234526894533
row_032767,0.32513762336925095
row_049390,0.19283750579399608
row_022294,0.2187645954979987
row_047219,0.3515889089748189
row_020670,0.14255009567007101
row_046390,0.299392364395917
row_018949,0.28609981559385317
row_028703,0.3682111431989399
row_032948,0.39202830293772706
row_004450,0.27410531446805275
row_034868,0.14056315302612876
row_045970,0.2875647737888169
row_010874,0.4195142493889856
row_031705,0.4329665909251187
row_008287,0.1487522984155463
row_008782,0.22613573215996124
row_013966,0.36199662143106315
row_002309,0.3239684866518126
row_007768,0.13788492950338474
row_034793,0.2618504697679053
row_049845,0.25559685410743804
row_048366,0.2899062875080407
row_030003,0.15269980725607715
row_021508,0.3043242513466023
row_008428,0.3246165414220208
row_004617,0.18228389125359135
row_014031,0.2549660092915027
row_025734,0.21401537307211377
row_005590,0.2944581543522895
row_019945,0.20414206547632788
row_010777,0.146437417449892
row_003127,0.38398052701307156
row_000815,0.26420824047129243
row_028275,0.37202863239070183
row_049649,0.18678180972387534
row_037068,0.22223667547096942
row_025394,0.34922420912043706
row_022611,0.30695117787021603
row_017910,0.4228650557913029
row_027220,0.3475194883701091
row_022949,0.37382693035773173
row_033082,0.3324169539682712
row_044088,0.33212686790307594
row_049027,0.29391607666082137
row_045915,0.2519718506273775
row_031002,0.15047864835986402
row_032037,0.16925009564781568
row_033331,0.20347119291011592
row_036046,0.24634708970416866
row_049054,0.4429137219768535
row_015302,0.23044010404205684
row_022291,0.2804305947969411
row_032565,0.33658655000875437
row_033658,0.44930187327263477
row_004624,0.3078481624442562
row_014259,0.27082820789562334
row_035006,0.12697092998589157
row_024458,0.29133373264716805
row_021903,0.2624747730866501
row_018630,0.2610590993463211
row_021600,0.29116403192777535
row_016709,0.22020248833893574
row_022040,0.26480816686422026
row_038249,0.3184122376551414
row_033865,0.25451289051206333
row_047813,0.23590864610125062
row_015224,0.1704723724919639
row_004994,0.42907973884522105
row_006135,0.37989735994219004
row_020142,0.1421269513171056
row_035963,0.16080475420783014
row_019736,0.1190498867032584
row_036625,0.3373420391959261
row_025743,0.4271878962777335
row_036858,0.3587219709976017
row_025622,0.10766147095709185
row_003768,0.2842139650093867
row_001022,0.31551578519731416
row_005061,0.34662089580222044
row_043485,0.15292553169928177
row_037905,0.19645021669362842
row_022071,0.22162852473333355
row_036514,0.2617173042958627
row_034639,0.10258120845744202
row_047964,0.1876120051022478
row_003442,0.44880067516427774
row_013343,0.39008739416776755
row_009361,0.17973806780421483
row_014383,0.14253537951886577
row_027925,0.18828027845447165
row_028670,0.2367754689465962
row_037264,0.26475922918077444
row_012559,0.23980870897536297
row_011998,0.29492202339683465
row_007064,0.09273896122481046
row_022746,0.111359485412488
row_043495,0.2427568183543897
row_039872,0.11375576758178248
row_024344,0.34283630961633527
row_009175,0.25889971154441127
row_023857,0.3290865175581746
row_039203,0.28633701183909627
row_042869,0.14036587742960055
row_010473,0.12163427279184373
row_027456,0.35218224780794716
row_039694,0.15748952477874173
row_006705,0.10871326917465524
row_036587,0.1046191562612576
row_046207,0.2659613043151452
row_018847,0.13303352514821865
row_028883,0.36248881047018966
row_036392,0.12029430245314367
row_039643,0.2266684765964828
row_049991,0.13688821284531139
row_016840,0.3317983498810045
row_027644,0.47966172767818516
row_012347,0.29624368157703435
row_013463,0.3336900787557887
row_026449,0.27284332240107173
row_012695,0.32715515582011107
row_031666,0.24573237003997692
row_038156,0.2860809545605035
row_014539,0.14282577007402755
row_043501,0.3789287631187132
row_039534,0.43677424518392577
row_032659,0.35095516165993057
row_021228,0.17464744782671104
row_001146,0.15973983604341943
row_030284,0.368412655385018
row_037301,0.1427306790527984
row_033490,0.30661121610044606
row_020299,0.3408510874553444
row_009082,0.3331028505941354
row_030043,0.23035893269681854
row_022857,0.24843218994416122
row_003026,0.2205478523657704
row_004479,0.17599463836506618
row_036512,0.14432759438298232
row_039135,0.4166635604484306
row_034360,0.40146845352165933
row_044238,0.28012047225972686
row_024957,0.1463170378648514
row_028487,0.11061406078909856
row_033813,0.3126272378701642
row_039866,0.13387306517128297
row_032308,0.1631394298728332
row_030080,0.41108934791376933
row_032292,0.37592227220314967
row_009448,0.10864186081629276
row_014851,0.13963175084531754
row_018440,0.1346679552027624
row_029200,0.06985160850768271
row_013246,0.2621002751140689
row_040771,0.18310548746994415
row_041104,0.15872146157564973
row_024564,0.4257903612618349
row_034341,0.15355449142426392
row_000982,0.2814742992047602
row_017299,0.21599238993280145
row_038207,0.2515960934199588
row_010089,0.34889181680770737
row_035794,0.1567385110076597
row_033316,0.29122987780457454
row_016126,0.2571339384665551
row_020157,0.1471351975294585
row_007316,0.23681271635493953
row_026833,0.5387619414148472
row_002564,0.2800084800143945
row_038978,0.16956627117727663
row_015211,0.15698838379686272
row_034804,0.2948761519512766
row_015296,0.1568085695513294
row_001292,0.1475482712961798
row_015397,0.16781023485599034
row_048283,0.1220801733788545
row_040038,0.1786281860867175
row_047791,0.3023384456963093
row_045369,0.13678766894483438
row_037796,0.4628091817688088
row_039815,0.08528299373190859
row_031142,0.4817796887509872
row_036380,0.13868364424844476
row_004226,0.21116725019975283
row_023887,0.22566935259192528
row_023872,0.3233505987996172
row_018558,0.29026167032124855
row_005802,0.44009199877393784
row_045400,0.40970718141187096
row_041680,0.1871208169152324
row_045214,0.23240441456434024
row_038012,0.1393180713721394
row_009931,0.15231200689827398
row_042510,0.17942437644262627
row_043909,0.1399279022759128
row_004138,0.44756350862937605
row_010862,0.19549980886426377
row_036956,0.15791866935349883
row_035709,0.4449464808570988
row_000307,0.3924494916983451
row_019428,0.10870021008504022
row_022408,0.2599346978291667
row_006568,0.307285152847764
row_014553,0.2504415774026006
row_024074,0.4053111690710706
row_021715,0.3854249224797214
row_017482,0.18966148995869425
row_015943,0.11194258675702476
row_005397,0.4099657472561878
row_045452,0.08824036429742722
row_020039,0.17632795503122656
row_006066,0.2656718608892474
row_006813,0.13426105576539435
row_012167,0.15045576265315438
row_045771,0.08519069543521175
row_032443,0.3331859523755335
row_027526,0.2997787680270729
row_038705,0.3732982828252419
row_011100,0.16788112181971293
row_005781,0.22700182349200146
row_024311,0.38487043858729103
row_008565,0.4512701581760497
row_024427,0.3567564193928517
row_008617,0.199768171655674
row_049026,0.34050447845075243
row_027698,0.2585962522301583
row_029878,0.14167631178135054
row_021072,0.28161480813878287
row_028799,0.3431969896464857
row_020056,0.12805607840275943
row_048912,0.21450769567485778
row_043947,0.11266904193660979
row_001454,0.16393153503259378
row_017659,0.32764126446874503
row_000961,0.22644845747970427
row_009311,0.3422351170219243
row_046166,0.1304404554220482
row_048410,0.17822774276167036
row_009636,0.36157159788314
row_041983,0.36961466769715673
row_001812,0.11514243528854272
row_002811,0.21921039416550817
row_006493,0.24576398446675707
row_025109,0.31269570420089315
row_010411,0.3999723091146588
row_040001,0.27583971858048767
row_017665,0.17965219522260167
row_005310,0.35838121282839885
row_007988,0.08825110899685143
row_047708,0.293978716258928
row_016661,0.1259326495538188
row_047228,0.18997027429240537
row_033297,0.2936881046085574
row_001711,0.22295422324351452
row_046322,0.13861321579109356
row_032385,0.192389208375083
row_024022,0.17549668375909974
row_003003,0.25998996949714526
row_045133,0.13341172582694125
row_041909,0.4485514661362126
row_013615,0.1251346459410277
row_014791,0.16943686036785513
row_042231,0.36396346253782835
row_045902,0.2713100887462321
row_023426,0.36024539937141964
row_045086,0.3636778791527089
row_048207,0.21362714047521286
row_020447,0.12327938008662852
row_001047,0.2862557840297205
row_040203,0.21077560724585273
row_003775,0.27442075663615656
row_039039,0.16788588637128693
row_012817,0.19523211788472075
row_006754,0.3927915802154294
row_008026,0.10517737714957251
row_005558,0.2583181272228805
row_006785,0.14579208175404076
row_024466,0.17770814889211206
row_013125,0.15304607177311305
row_031794,0.3296006243368214
row_008356,0.38506625817994883
row_026533,0.41789638673983476
row_027703,0.12463795210874877
row_011927,0.3507908838419056
row_008529,0.1709660527585637
row_023305,0.1505314097529149
row_000266,0.19499584531324246
row_043188,0.2817746961152761
row_020861,0.22139055100068405
row_024506,0.1976687763767238
row_019447,0.33671894497429944
row_025227,0.24149275536141296
row_038136,0.2544056294199966
row_025705,0.4177361679527438
row_031213,0.38649797698496574
row_001354,0.3162555764649039
row_041989,0.3920526658534799
row_015280,0.3984821699187564
row_003045,0.40921885898714033
row_008280,0.3026368986581417
row_036391,0.28653364661525743
row_009700,0.25334486428863046
row_031739,0.1793934055410275
row_029137,0.28541124115843897
row_044474,0.14054348625438165
row_003943,0.22465629745163737
row_040328,0.384435457408633
row_046889,0.4480671595231822
row_049020,0.11411831827024814
row_031756,0.3658472677497513
row_032471,0.42491494600144447
row_030964,0.2898248778139723
row_012038,0.14841873607445732
row_014022,0.35506685443995095
row_035990,0.1978241071566965
row_028056,0.2979957098096917
row_029797,0.3580236851585797
row_017193,0.12821443888882525
row_032553,0.2935363903506
row_026714,0.3313265566220044
row_019584,0.11670967354621173
row_026420,0.14926489001326249
row_040590,0.1143216599892705
row_016014,0.30112682272630914
row_019448,0.16704232117726947
row_020879,0.1009436462308207
row_013922,0.19895350370911888
row_048520,0.3238270242267855
row_013046,0.34122143428011775
row_035647,0.27613164078145175
row_035241,0.2688244591796183
row_044130,0.3529701500906746
row_035838,0.2861259957388794
row_009823,0.37248077681497943
row_036485,0.3207471636552133
row_039819,0.28097433030019714
row_027756,0.22806377540247622
row_028247,0.41296050061823564
row_005297,0.2920884217407509
row_008556,0.24317295103172432
row_045988,0.37205798563071524
row_031220,0.36886717381848144
row_044196,0.28213129223523864
row_019990,0.301052160969196
row_017684,0.3120746316444146
row_039065,0.12684623927103436
row_017177,0.2022556985482739
row_029194,0.28950217058268607
row_020496,0.20660630533238325
row_010600,0.3630984260186231
row_030347,0.4079771487147755
row_035775,0.21702484006684752
row_049833,0.12917985348029712
row_041905,0.33958738223146934
row_044185,0.35448325858394675
row_000998,0.1748335604994792
row_007797,0.2856009854227829
row_002160,0.20694790289039577
row_040171,0.12435575999570009
row_029781,0.13862730867844736
row_035499,0.26607183534846196
row_045192,0.36955575326319795
row_028060,0.20159177398239894
row_030354,0.10908741808659565
row_047686,0.13186805544797192
row_010530,0.4953877580944883
row_020711,0.24634818568338157
row_039679,0.1402940218413688
row_002668,0.11309247632980451
row_047601,0.1558050048057289
row_008566,0.10146580039524807
row_036775,0.16719798031532526
row_036254,0.34023322430833697
row_039190,0.19232044253696556
row_039270,0.43428553122066693
row_006528,0.4335484438433359
row_049546,0.12609792921369198
row_035881,0.17003092927610017
row_045280,0.18801288738350524
row_026045,0.14168210181257224
row_010741,0.36339812495509416
row_002764,0.34514329104172
row_048959,0.18789320645891197
row_016277,0.4346348142853185
row_046605,0.2531128363150478
row_023693,0.3738023873872379
row_034572,0.32874811176007906
row_038511,0.37315816906032906
row_035450,0.08756240527062016
row_024688,0.4372732626160947
row_032764,0.27324794569975797
row_039072,0.1509256779761681
row_013262,0.2201040662158309
row_043203,0.159481200649641
row_020117,0.34143297843690806
row_031613,0.23470168653588372
row_045000,0.316926780665287
row_031788,0.2666625226410432
row_030309,0.1900047110614899
row_026212,0.24135419738168187
row_040762,0.25363625471102086
row_045851,0.1555319483393459
row_029461,0.15762466196469024
row_019589,0.17633698175664697
row_000751,0.3658025469728228
row_025979,0.3081445878499578
row_000799,0.16438684730166644
row_024938,0.17993959669863324
row_029651,0.3545221432087473
row_044263,0.2586749516495058
row_001461,0.406621790081792
row_029525,0.4372187547836348
row_006567,0.17246269934814729
row_005573,0.13358959146807484
row_044694,0.31951292228977424
row_002437,0.2584058438773464
row_009064,0.2057122841990511
row_031876,0.16286491732549754
row_008802,0.3190540713861087
row_037433,0.48756485371589803
row_013730,0.142238942892282
row_043463,0.2772876482741725
row_005093,0.14832218865840333
row_035983,0.16353290227095454
row_034759,0.1882787259403689
row_040847,0.36597183164158414
row_003030,0.14072083549323278
row_029346,0.11776252798878777
row_039693,0.45515964259765285
row_047706,0.30677873253428084
row_006920,0.2890019314404626
row_005213,0.20111289495331477
row_029709,0.29138324093296697
row_001211,0.24886116736669364
row_015202,0.22338418213444547
row_010756,0.31678988180220735
row_048354,0.42648717624912863
row_045246,0.4432515090073123
row_029359,0.5387025523890849
row_044562,0.21773473113034547
row_011855,0.14886323980760516
row_030916,0.25063499889621293
row_011701,0.11009058260789835
row_024250,0.3260722682412923
row_032894,0.12962056390376012
row_043033,0.2903715447947543
row_046954,0.16409463501617447
row_016811,0.24670406515633234
row_018738,0.3382814622855147
row_019636,0.42285602199758554
row_023081,0.23669189405286972
row_038044,0.46645266819320347
row_027160,0.3348722254436851
row_039527,0.3001945419781913
row_025369,0.26801834253663886
row_023286,0.370319638282557
row_017687,0.22987905386801108
row_008219,0.1336876537928963
row_008821,0.11877441263133631
row_019824,0.12438539603366151
row_036022,0.4483097102001272
row_010877,0.1722069676842698
row_040534,0.20811123682176685
row_027653,0.1684709811870493
row_011873,0.11032569176341203
row_048847,0.11279128438341256
row_042922,0.23556044294540765
row_001450,0.19530678422261094
row_039996,0.12304853986185676
row_044201,0.10048889828068737
row_000991,0.29531071714862916
row_040105,0.2777219391480529
row_045764,0.20129639046029954
row_037658,0.2365668012861634
row_024945,0.519605575737703
row_011322,0.33834040123128384
row_038386,0.34422354457359283
row_004542,0.1252804001116899
row_027204,0.24448794823805287
row_042817,0.25816283626546005
row_037045,0.25560976983891764
row_038952,0.11947998607380331
row_033332,0.37424530197270256
row_019610,0.434451606932921
row_037469,0.13068345419385918
row_005436,0.13617963346515263
row_018810,0.32160875681260814
row_007353,0.11177231138718226
row_015995,0.336670186632194
row_049032,0.19967274426838744
row_004208,0.09777605803730798
row_014504,0.2953649076596598
row_020583,0.09409451011549627
row_028959,0.4152281419342084
row_023384,0.446114469995933
row_011087,0.2695625288311476
row_016029,0.2896066014679776
row_010179,0.23467802157414622
row_011708,0.18081567931883796
row_027478,0.26046488586942107
row_043577,0.20644652455087903
row_013967,0.14414950288374775
row_049124,0.16053944028318062
row_023104,0.11018623448664445
row_032650,0.308321190044069
row_006009,0.3592194253787723
row_006410,0.36995828612570375
row_032975,0.22634157554766898
row_018954,0.25682995885112586
row_029866,0.37256849138566445
row_049364,0.2871369158113215
row_002285,0.18806782169229314
row_021522,0.4657581881150278
row_029492,0.339046916770805
row_001395,0.3112522998448438
row_049085,0.12569968695697856
row_042935,0.31596152798649996
row_004175,0.27035003465550483
row_017114,0.4909951205639156
row_018925,0.13797541244776793
row_038433,0.4175242970813983
row_012431,0.16873258144172426
row_030662,0.3301395608697082
row_018337,0.2056999829954138
row_014271,0.25113455094729453
row_002521,0.2279481651196897
row_014037,0.3213199812964541
row_010431,0.28048219583325346
row_034025,0.17114650104348036
row_027098,0.19024438420582288
row_025670,0.2855797912631588
row_039395,0.5548602570593424
row_025610,0.3233506480737839
row_037221,0.2726257205874838
row_032253,0.24112841210470112
row_025293,0.1098385265222209
row_048007,0.4103478548858743
row_023440,0.4197939141298524
row_046481,0.24044860691177602
row_014086,0.2637097168447455
row_012664,0.10028690754515082
row_046996,0.20911292046416516
row_038122,0.3752897121451323
row_012039,0.3760420499528813
row_040185,0.47172281044461595
row_014876,0.1715096830743152
row_032099,0.13462637676761738
row_028863,0.1465422422716826
row_005605,0.23243461774465077
row_033964,0.11263425720457873
row_007513,0.08493835600888912
row_029802,0.5053436805780086
row_017449,0.10991375376081423
row_006376,0.11673263699380809
row_033307,0.1877193347700299
row_029640,0.17113262651733388
row_025472,0.4091889126622356
row_008857,0.18602088944432413
row_003710,0.18727576356710607
row_014130,0.3531710665660702
row_029163,0.4879023219320499
row_018743,0.4264948163247908
row_000676,0.3229969537847236
row_025410,0.14737996244462032
row_000222,0.37950559740438694
row_024027,0.16234420462902263
row_043343,0.34153925746113767
row_007701,0.3344634698963343
row_025122,0.3811076602077155
row_014700,0.11972188829607247
row_042967,0.3322475897397128
row_000463,0.34326366184203944
row_030756,0.16042100823692648
row_027663,0.3974343858072061
row_016282,0.12638464612164235
row_025865,0.32237394800550084
row_019694,0.14602683138837266
row_008779,0.3550914515701142
row_018990,0.2767022514101895
row_044718,0.3188249715803099
row_049376,0.12541651781674576
row_003336,0.15165155706775355
row_004433,0.1021101167074762
row_029357,0.3795604400346269
row_003111,0.5889447500593299
row_041584,0.33186182690089394
row_044092,0.38587577997276695
row_039879,0.38433141418917843
row_021185,0.22386170484596532
row_030491,0.1705482478471761
row_031777,0.12237831273809606
row_048938,0.22794125931678397
row_048489,0.44443001978641977
row_041076,0.43260626901892235
row_008067,0.41966515249899555
row_043959,0.15642665687563428
row_017965,0.19338743035964773
row_030132,0.2504135157025466
row_021542,0.15532516825789458
row_025403,0.14635168955514458
row_012978,0.09698788003192929
row_038101,0.15458566465464252
row_034318,0.37052013828174674
row_013132,0.3998762829953689
row_046529,0.37410465568810475
row_004065,0.32148728426951645
row_036733,0.3765980899574888
row_017274,0.6551614526509224
row_043198,0.15994025161270586
row_004233,0.3846748540522184
row_046480,0.3693315825175703
row_003504,0.18522021866631144
row_032453,0.40329480892352376
row_048321,0.1854762035238273
row_047122,0.12986065417724157
row_017725,0.415113364190047
row_043350,0.11146513780822875
row_034223,0.3806600814933071
row_004192,0.1815264286069319
row_009562,0.14559562160991746
row_004475,0.3747516394907101
row_031899,0.4106963656143161
row_038399,0.2576865089413877
row_030336,0.16860108501515417
row_010535,0.1057553513776684
row_041765,0.1085136775982259
row_003117,0.15306409868696527
row_021331,0.15345593235247265
row_014229,0.1836626148291086
row_022797,0.21751373981826402
row_026375,0.24094180826610428
row_035586,0.3076240061498369
row_017522,0.19809754394249876
row_049160,0.12933107113853395
row_049480,0.21908545440856164
row_007892,0.3945196951253002
row_002925,0.4250415705493463
row_014101,0.1429593246684807
row_003233,0.31504224534168296
row_038370,0.19011966706889175
row_006039,0.40602231411375855
row_043179,0.1515139435063008
row_006784,0.2707457763440409
row_048749,0.22303317331259567
row_012891,0.1814081979057694
row_028467,0.17420319058373973
row_029454,0.11860096602018173
row_029990,0.3746349075775388
row_011169,0.22236829712836403
row_018824,0.35337356787108326
row_016805,0.48779297044859177
row_023989,0.2886968066387407
row_040823,0.2947385420318918
row_028302,0.180249028834768
row_005094,0.20210065343535727
row_014443,0.17635508477024125
row_043863,0.30792379327788566
row_035434,0.18515787902751274
row_033724,0.363527804266082
row_036665,0.2542594081981685
row_003449,0.09479500949611039
row_016967,0.2930989611708522
row_000317,0.26690064362408467
row_026434,0.3354519570628206
row_019767,0.14400799826781338
row_031125,0.3304315857954596
row_023785,0.33048971774848135
row_028338,0.3892268108940846
row_040689,0.25102965272669353
row_018698,0.263817652170993
row_028875,0.24843770598196463
row_015337,0.19072300475478246
row_005118,0.19951100201510466
row_015719,0.1852216956325636
row_048390,0.14094105661560577
row_007029,0.1261965526442029
row_049399,0.16952759690268385
row_007495,0.40551826518151796
row_025266,0.1728295766475736
row_032472,0.39699495210915325
row_016116,0.39715237988269464
row_034483,0.4406103131042421
row_026873,0.24213581015923524
row_038022,0.1348163650631152
row_010660,0.2618212005530563
row_003424,0.13374166908182172
row_000290,0.3717405501495349
row_021061,0.2789324490443667
row_023847,0.12285529912526247
row_004986,0.23925036807425937
row_023584,0.1869181200154996
row_000258,0.3375449643522518
row_048512,0.26504720099520934
row_040658,0.3507883803289677
row_038419,0.2738310904909853
row_008127,0.27414290776719885
row_035795,0.10527431068508414
row_038414,0.2806226730792552
row_036395,0.30962192348991885
row_048431,0.16772245016345638
row_038686,0.1868758763150785
row_037640,0.33192557247565196
row_029758,0.38053837475542746
row_028344,0.40587545272225933
row_001304,0.2907026837243874
row_019213,0.3279716187993897
row_012676,0.2508060331864764
row_018938,0.163974952938646
row_019867,0.2817908685175503
row_034376,0.16583318327320754
row_003821,0.4320159460005345
row_017750,0.29514360372278575
row_047710,0.14881724796839724
row_027454,0.3274940072477329
row_003793,0.15617161935818324
row_028360,0.1245544932743239
row_035051,0.27405419599458036
row_019451,0.1588707601579748
row_010458,0.43098624782983536
row_006840,0.14315540665800688
row_015984,0.21932807042958752
row_035815,0.15445206484257862
row_030438,0.13747739174284865
row_029997,0.5203068934753018
row_032269,0.20508264225442321
row_028684,0.3494070414824278
row_014650,0.11947098092144391
row_014132,0.26094994990544734
row_019391,0.11579999639340553
row_023450,0.24567950610893172
row_001556,0.11552826803182543
row_049644,0.1735024122666233
row_045465,0.16724608445304884
row_023969,0.15656134272922523
row_020683,0.42102185252110474
row_010646,0.07805357209759864
row_022301,0.31080804006144785
row_026264,0.24056152540446835
row_029168,0.15951267201260788
row_037912,0.2183523758471633
row_028071,0.3055556211120593
row_039033,0.27004958279087116
row_005049,0.3282361256779383
row_013153,0.23632628627715274
row_017709,0.12350312662586413
row_028526,0.3930279201363818
row_042778,0.38615519859140757
row_014994,0.2812619039342628
row_039711,0.24824348656080597
row_021582,0.28969610626249837
row_036844,0.48708864077558733
row_012435,0.21851264848095664
row_036864,0.2697902395601204
row_029424,0.3422589296741894
row_028527,0.378593609486322
row_027133,0.2230847176477975
row_004142,0.1220436495528834
row_021299,0.3505390264377338
row_034059,0.291311556496366
row_002020,0.3290601888659141
row_049491,0.20580895476797148
row_024965,0.31281508963043064
row_043484,0.1266482123414167
row_004738,0.13528600058188867
row_026824,0.3593081917561908
row_034458,0.22008560783871114
row_029831,0.2453947887259385
row_023074,0.11665311009840416
row_022722,0.1515002611141602
row_034267,0.28782450058166476
row_025925,0.23221524061101131
row_025675,0.2499294003064515
row_009712,0.25207847353218965
row_008404,0.3513822498540705
row_017206,0.08686624454129706
row_035707,0.1397016720636366
row_009338,0.10822796864842053
row_041425,0.16676473059450736
row_045403,0.1130615440520615
row_037050,0.4242110147914082
row_046422,0.12935918084114517
row_022800,0.25218376451463004
row_020417,0.2410985551395133
row_005999,0.2537664113641351
row_007841,0.1410171890803579
row_035716,0.4205667951246122
row_000816,0.12291623510837385
row_033061,0.4287112594965609
row_004038,0.3623361401077485
row_031761,0.3377397421008821
row_036432,0.12085080859029051
row_039058,0.14667251856923
row_021990,0.409429221627054
row_017870,0.31492420592175735
row_003619,0.21856197208596076
row_019183,0.3350429122965213
row_047303,0.10478251942380017
row_008623,0.21424319039761322
row_040961,0.2591170889363069
row_018448,0.32316955408516923
row_019048,0.09827150375982678
row_038261,0.12528561947964362
row_009247,0.30982271547553014
row_041534,0.28258190709083136
row_025661,0.2711607316530642
row_011046,0.21865247372517962
row_037150,0.20930300057396356
row_032568,0.3755953412796139
row_006961,0.2800193058627932
row_029690,0.32853567821341273
row_020433,0.19730182905856378
row_002826,0.13257930585346012
row_002617,0.14742697069415692
row_040949,0.39342199700436314
row_004187,0.35849307877268616
row_030649,0.16764379084019373
row_026947,0.17937271523720638
row_017459,0.21966045426693745
row_008887,0.16427494076017007
row_034874,0.10038969786734936
row_033096,0.10242070840550538
row_030997,0.12293695135940923
row_014852,0.14335198030802576
row_042222,0.46642504108201227
row_045814,0.2258049759685927
row_027335,0.126885789593121
row_027193,0.3041020059649357
row_022459,0.3279970799787562
row_010899,0.35495616197504337
row_020124,0.24799589232429065
row_009340,0.29494424662116864
row_030806,0.2511688703837132
row_003028,0.1616375790101496
row_021001,0.3460506833490133
row_048636,0.42016550448749707
row_018943,0.39927244970264
row_047075,0.2547185808726408
row_028868,0.268298505475537
row_025688,0.38549009726986666
row_023110,0.16773852114954024
row_017556,0.4103425466352273
row_023959,0.10819312755716082
row_006388,0.4144370584473637
row_004215,0.1469751483810119
row_026081,0.3892522588869628
row_029322,0.18054825603560104
row_018613,0.37157981528925665
row_041292,0.2857140127980964
row_047778,0.2778547442224147
row_010578,0.18796949389944514
row_038650,0.24283973175810275
row_018732,0.16018881610723287
row_027870,0.3139809905746534
row_013320,0.34178528242555845
row_029274,0.16765566514022726
row_027095,0.2729210568448218
row_021391,0.18906922874302518
row_035370,0.17399925025996796
row_047691,0.22249444228740123
row_022411,0.16701735936115966
row_024572,0.5659099324503445
row_049597,0.12902225243361115
row_008331,0.11761697041493616
row_000362,0.34856117512871426
row_037625,0.3756475595480662
row_027276,0.2888286281816755
row_023995,0.4004835142148771
row_040002,0.16717478521575857
row_043306,0.3350231588856509
row_030196,0.22852976347550577
row_026969,0.24236439189340747
row_013029,0.2461711350930957
row_013601,0.2578428451325036
row_015413,0.3118755356737191
row_018928,0.3572452598304812
row_046772,0.3419772841545871
row_035509,0.2659697361947994
row_014415,0.12012058403649255
row_044419,0.17162905420120322
row_039838,0.31647409995310716
row_011991,0.3089838459725731
row_039562,0.21022343207963987
row_021612,0.16709992521457082
row_049933,0.14513939571828863
row_046013,0.1364102517315427
row_032743,0.1291072953864985
row_041100,0.3537029907230056
row_000254,0.31402583939880113
row_038574,0.34404085065431833
row_049769,0.3568167353025396
row_032763,0.3436337928415437
row_044632,0.20804748702958678
row_032569,0.24102330516447898
row_001945,0.3635232364409069
row_034196,0.10399880816494152
row_019265,0.4361773762596161
row_010682,0.25237212530183095
row_026686,0.3111857628641487
row_005026,0.15150064065998134
row_038822,0.10393411487237088
row_017493,0.39536775607594055
row_016337,0.23180191343454448
row_034938,0.38463336544543797
row_018800,0.3581452487621318
row_020052,0.2850957204195071
row_005886,0.1298286441210362
row_048215,0.3400742812877507
row_038895,0.33679684133722715
row_026219,0.12103201038185084
row_029560,0.18589454204708092
row_005189,0.31023936073265673
row_019770,0.17995109869820916
row_009000,0.17404967874347715
row_016503,0.29555800364471346
row_025773,0.3609276588453673
row_006967,0.17700711873853786
row_032179,0.1631149714970604
row_041858,0.15090465543054035
row_030198,0.31671403902615564
row_025833,0.189114913714203
row_031625,0.19153713049810633
row_020295,0.37547066753351216
row_032425,0.23157273733760653
row_006219,0.32622607556863875
row_002648,0.20614660461059928
row_034810,0.3241814385776768
row_024104,0.2855915709986735
row_046545,0.2377269939468081
row_026768,0.34832119440206877
row_030271,0.1893093261491338
row_024093,0.2960712927230375
row_037289,0.37999302765628296
row_040786,0.2917033516082798
row_022345,0.3905856957918961
row_020597,0.15912131708898775
row_038225,0.3165132470066385
row_030444,0.17728925210999658
row_032288,0.4600575180728919
row_007800,0.19329584631607613
row_017841,0.22493666865049988
row_024910,0.33767981501845157
row_005977,0.16253715971440283
row_006021,0.2973958453895234
row_049205,0.27293830557592386
row_040898,0.12758309842667587
row_043002,0.3473531571366223
row_003655,0.2695314992516387
row_047926,0.21069217647323307
row_012103,0.3246839638576769
row_022069,0.15803591516460402
row_009679,0.27112855984248624
row_017437,0.24307927515207373
row_018428,0.24346630259791066
row_037684,0.47035319591125363
row_036980,0.23913415712112723
row_037906,0.3536353771286084
row_004848,0.23152034314617664
row_045564,0.41433176196181026
row_049237,0.30282069203565065
row_034761,0.2721248362695588
row_020548,0.4559571605347742
row_024030,0.26967367263214115
row_040077,0.14245164619276854
row_000768,0.19179617479895944
row_035931,0.4401561010672991
row_008685,0.4937487708993471
row_048803,0.3487532733411447
row_044961,0.39080067532394325
row_020590,0.08812903134626394
row_025132,0.371852363400108
row_007080,0.11862949002351432
row_018257,0.26779287426717646
row_014662,0.3910195254408028
row_044122,0.35348199621749676
row_007392,0.40091981455026027
row_039150,0.41065348862770856
row_029478,0.1584747371269102
row_042169,0.3651150704774172
row_049571,0.25127828625527876
row_023497,0.19569738154722174
row_004881,0.3198354731397248
row_027767,0.23613955103431206
row_007647,0.16174110184459084
row_012488,0.42730220009960845
row_039674,0.20270763523195853
row_037055,0.3944110059495581
row_003453,0.17504409986011377
row_002046,0.4579411576346435
row_036106,0.3852572517881959
row_014489,0.3421031626914747
row_023024,0.4542303311768551
row_046251,0.3472068227785814
row_007243,0.35154630626720856
row_030586,0.29753017888524874
row_026709,0.12113067036038842
row_049411,0.15063906402380375
row_019776,0.19268681769790139
row_041013,0.31206784325688824
row_029950,0.3845988167309575
row_016761,0.18767634743682113
row_017392,0.25071032918756814
row_016034,0.2285107442730766
row_031070,0.27376100147576443
row_012826,0.41892441740241637
row_012751,0.1310472023750032
row_040768,0.38584181182798316
row_027266,0.2898356572881733
row_003752,0.15645150098306815
row_043966,0.15594760580172465
row_042142,0.23832059878139594
row_037329,0.10542848896026517
row_021193,0.2836423678014
row_043358,0.260412580218919
row_000996,0.39810497953574814
row_007200,0.25683884309174837
row_018569,0.4235756425424997
row_017552,0.16692018690578994
row_026688,0.12487347275413128
row_025321,0.1609566495916467
row_003128,0.4406044581342466
row_002426,0.237512383570315
row_017925,0.16582098907694595
row_006441,0.3375108537353241
row_036540,0.1840660171051245
row_012010,0.25580731656016603
row_020802,0.2613369488831246
row_028466,0.36680484698777027
row_020858,0.1273512870964911
row_038790,0.43429692167251516
row_040533,0.5329689497465387
row_020277,0.39352269334833134
row_022870,0.17549698058200516
row_004633,0.2517575347588461
row_008934,0.2719912884874833
row_011782,0.43628750262137467
row_002080,0.29478600146715883
row_033014,0.41831040508003225
row_013100,0.41401925413363583
row_026521,0.2853160886891882
row_047103,0.21188243266423643
row_027399,0.30860970868707555
row_039940,0.1776644693135749
row_029965,0.26999698482233414
row_046076,0.3686886256908754
row_021442,0.10149484098007977
row_000331,0.341315950024162
row_046470,0.3532507662054142
row_016497,0.11146775866080594
row_007502,0.2562002093534496
row_006581,0.38491253473572823
row_024671,0.27075092139903384
row_041876,0.5030989653196506
row_042841,0.19412853434246163
row_038429,0.37504714020465
row_048638,0.36980864567776095
row_029608,0.29992128467621215
row_036436,0.13473734099900717
row_012571,0.13757101711393183
row_009333,0.20291992494772357
row_027643,0.20809339240534772
row_039633,0.17201482459610146
row_008743,0.38878428476357535
row_014773,0.13886208874242956
row_044075,0.2371136432594142
row_000138,0.40622878274907603
row_031422,0.2839421860185819
row_016434,0.1106553621746713
row_021379,0.38817289510082564
row_003662,0.17964973133056844
row_030873,0.3784055843891511
row_021609,0.13641828476850384
row_034386,0.32554940436360047
row_041417,0.2297530123389206
row_036541,0.23800637184204007
row_037140,0.21720003638749236
row_004734,0.5510430395344307
row_000184,0.2644203878066583
row_025636,0.14147364811341553
row_034187,0.40879705274179995
row_046308,0.0906774122489005
row_019985,0.3867832481052599
row_008044,0.12345226618570436
row_001241,0.29357902543253783
row_010273,0.29452213392133364
row_018564,0.14848792114392545
row_049378,0.26199169253759685
row_014655,0.29695632113492587
row_037246,0.3692447039376732
row_038573,0.41926324980213736
row_044946,0.5267776106402553
row_033019,0.31230536000238135
row_012193,0.1659920283687261
row_038107,0.41480442427183206
row_034517,0.2640405010933621
row_033544,0.06055107628030249
row_019382,0.3746727865691705
row_041102,0.49609139407518144
row_006943,0.2793465361328508
row_032780,0.13315164301972196
row_046871,0.26899940404357686
row_049693,0.16640428143895408
row_011880,0.3069489849518404
row_003223,0.25269674258677555
row_044161,0.2955387275288045
row_029820,0.24404096921019014
row_009650,0.15003439996561582
row_002540,0.2955821192410938
row_015858,0.13420910308543543
row_026386,0.34253938731445666
row_035071,0.2674858287454345
row_005988,0.4008848610092963
row_025393,0.3514233311042964
row_047910,0.18959215847067448
row_022623,0.3843732008177339
row_043185,0.176025064597261
row_026726,0.21202627182656247
row_005582,0.2482518109911539
row_022391,0.43496713667483156
row_026443,0.20625553207056782
row_030252,0.42921432418691347
row_027520,0.07905351009420332
row_042818,0.3415791849159525
row_009462,0.2367701718041516
row_041387,0.1398299965940303
row_001800,0.350179274451175
row_014530,0.23896078207152546
row_015733,0.12288082588805992
row_013978,0.1454574896900819
row_017194,0.10638755306188559
row_015136,0.18002389440023917
row_005680,0.2169625157724392
row_008177,0.1456185010359072
row_012555,0.4062969687918695
row_049014,0.2038067543655909
row_032407,0.2519870635985508
row_000664,0.2985725584020101
row_039936,0.1407447668761165
row_027465,0.32307663946950443
row_046360,0.12380637403246934
row_033157,0.42773161317067354
row_034266,0.3610090060684727
row_038002,0.2879208116829303
row_013986,0.35195883825828744
row_026968,0.13898051651413978
row_023400,0.1994095542713935
row_013008,0.20828740188629868
row_037603,0.13396527724830412
row_017018,0.13280461374049146
row_000393,0.34515693830490707
row_022100,0.26584095768910826
row_041487,0.26956417202587735
row_046636,0.14542910961919758
row_043989,0.4033651536684472
row_029512,0.28964174885607574
row_003869,0.2427629983785732
row_031880,0.14731224474159094
row_013676,0.10941807929953122
row_045358,0.32207070222901607
row_005797,0.16366558103645779
row_044862,0.31830019916165875
row_038549,0.43503440783093444
row_010109,0.21061789477869405
row_012924,0.30903857478166197
row_002323,0.13770371756690108
row_028581,0.4399925546751411
row_032540,0.379970916837788
row_009431,0.4550521007970486
row_015539,0.10320918460666179
row_047365,0.15639632308977972
row_033179,0.4942346482096256
row_013703,0.12607784052273907
row_000097,0.330305180874377
row_031605,0.328095609876793
row_000656,0.3200354614838373
row_049166,0.18195782920941492
row_012474,0.38481972558931804
row_030232,0.14047527543969446
row_021440,0.31443469293297216
row_015618,0.26425249303003917
row_034676,0.1407534298482268
row_029232,0.23655300784076744
row_002552,0.425017804106163
row_046020,0.2938106929222805
row_007937,0.1627599045163974
row_022974,0.1742439438062743
row_006205,0.347687075968406
row_048338,0.4508537611947289
row_024321,0.15574266498911032
row_017473,0.4490880711201509
row_041362,0.35907171556806794
row_018825,0.3001444993432911
row_007369,0.37964788195801175
row_004110,0.10349923622261537
row_022012,0.334218326461402
row_007407,0.2615965265913883
row_017917,0.21195875922918483
row_034592,0.23356856794591715
row_045766,0.3753564013268202
row_022452,0.4075877702849751
row_045377,0.27231688764514567
row_049914,0.3779254894428574
row_006866,0.44364152114673117
row_031117,0.20033649815415436
row_031170,0.25992781115549124
row_034939,0.2611616707416059
row_012228,0.14561748853624665
row_040982,0.17675278376520703
row_005075,0.1007533869704938
row_023026,0.2415504703067281
row_014966,0.17961573389892851
row_011324,0.141231131745231
row_029819,0.2525411006421923
row_008282,0.4573664875069758
row_016463,0.39230473608566035
row_019366,0.4259343455593017
row_016175,0.34297237585169676
row_013116,0.3957235619884804
row_045528,0.19997419573258565
row_042890,0.3564430091001635
row_031929,0.13636797954173302
row_016975,0.10863260380502589
row_037047,0.3478308757287977
row_033729,0.14133159066683734
row_034324,0.201405741069168
row_018769,0.11496973901322341
row_049208,0.3097399569542811
row_008365,0.34089044641131255
row_031263,0.14409946361641715
row_023503,0.3935657179471884
row_019402,0.36944474631851987
row_027050,0.16536008669363791
row_037171,0.49412347238551957
row_001162,0.13965369529117613
row_049429,0.3338832153648541
row_028817,0.1702227488855411
row_016023,0.11734804261372724
row_039987,0.2082981797791336
row_041247,0.35535434883248945
row_031102,0.258919861453811
row_017517,0.25291193708285353
row_003999,0.31187435856351936
row_025609,0.26552661970287994
row_019360,0.13484902229994875
row_006885,0.4329056985272368
row_020626,0.3173313433070164
row_012011,0.3411240488574826
row_000502,0.1477285501887372
row_043597,0.4003155893431308
row_038628,0.252100103235008
row_015000,0.2697784471442057
row_038863,0.13748368658298438
row_020091,0.31027453641777275
row_007045,0.17963871847199345
row_026401,0.34269085920518916
row_044114,0.2280188224164113
row_015445,0.22439518283777563
row_008396,0.22281090702601425
row_039115,0.217649332753192
row_021039,0.35146486193892107
row_018654,0.13878624585948124
row_023590,0.16064031312367247
row_036839,0.4970082002974962
row_049218,0.4135718851475658
row_026223,0.20004657735443407
row_012152,0.2660862123827096
row_027960,0.13662282365388326
row_001318,0.17480604049511905
row_047932,0.4150499376096068
row_045336,0.32969851345108986
row_019206,0.21924773540016035
row_022880,0.1996415724694478
row_009615,0.20856623447667125
row_017287,0.17939605513049608
row_039462,0.20216859415841842
row_021823,0.2681734963120243
row_001322,0.16953185683691957
row_023631,0.3541569870809681
row_020304,0.1587650008381951
row_017300,0.2203079156911623
row_026437,0.17600321285953632
row_011857,0.28382578037128126
row_026380,0.3560168752716957
row_048190,0.2791995532232271
row_016243,0.1324524937692023
row_025691,0.3551802871972093
row_045395,0.2926073631100483
row_042183,0.22122549140358996
row_015267,0.1799679699598977
row_017370,0.294608460406234
row_024225,0.4207400089364353
row_032832,0.3018406006140868
row_037919,0.15056311331060404
row_037215,0.37410617540304053
row_041006,0.40777427196322824
row_005113,0.24585189446164446
row_013359,0.11099773957731249
row_033700,0.3153459912400875
row_008929,0.3905688571603751
row_026211,0.1493267630845715
row_035413,0.3959273250282545
row_026084,0.27539983294732445
row_022592,0.37448701173334975
row_016532,0.25105484359631774
row_036371,0.22677570764236407
row_030262,0.24486696360027632
row_048799,0.3145116217034582
row_037319,0.3540864925200861
row_048511,0.1400662618610093
row_033664,0.12101799733710769
row_008095,0.22019137404697456
row_049942,0.19502455469624386
row_010480,0.29319366468428
row_011989,0.17957182933466062
row_025991,0.23525399861348417
row_028475,0.3652328863954776
row_026621,0.4260884394495315
row_031734,0.08845039147257261
row_042182,0.39614699270111536
row_023775,0.2896202247452706
row_041490,0.20936527433208085
row_030289,0.34898603804920314
row_049270,0.5102131134601243
row_038757,0.20311326224800658
row_008188,0.21472515036690115
row_021646,0.30002712726296127
row_039953,0.30078153446984246
row_021963,0.433961732871308
row_010395,0.3654519123259527
row_044690,0.2967925468122349
row_003488,0.3785570401369548
row_027107,0.34889073810063637
row_032770,0.16833306437655385
row_016362,0.2576920472386775
row_003086,0.3659097274899459
row_005437,0.35426461509727925
row_045335,0.39204963043340807
row_040367,0.18910315412293655
row_030393,0.1484759869068768
row_044661,0.14270142924536394
row_046891,0.38489059016756355
row_022869,0.11294649744471785
row_033499,0.21424317561915315
row_008264,0.43006905999250383
row_005108,0.38275085399455683
row_004162,0.17158656326649915
row_042605,0.2971951751256307
row_034785,0.12320054301390575
row_040008,0.12153371305092132
row_009162,0.1393751524450984
row_025824,0.33544611881333664
row_021972,0.3445592557292241
row_013882,0.11763260088086107
row_024326,0.4714341927973119
row_036513,0.20364475535066764
row_049995,0.377459528820563
row_009146,0.2711668589966246
row_000927,0.3218954601002694
row_001017,0.14789413385623626
row_002936,0.24308678930308075
row_049113,0.36238515698891816
row_010498,0.22906882241802176
row_012302,0.16461287550603462
row_015813,0.12871205797720342
row_020462,0.17942199769611475
row_031259,0.30341872222173294
row_042068,0.2871011206447109
row_001422,0.30633391786531083
row_035258,0.2051775134661814
row_038723,0.2806626694447771
row_006023,0.41151013962955507
row_020279,0.18156938316346297
row_031964,0.2304321345669902
row_037574,0.27531418175282524
row_017434,0.17178637340490413
row_019562,0.34252906908886993
row_022191,0.1816941765659514
row_001787,0.31959519775686684
row_047469,0.39244922646284686
row_021408,0.293035295970903
row_019983,0.3412168623491537
row_044766,0.3382257307418587
row_043012,0.21502504713278778
row_005754,0.18135213373271497
row_023581,0.18269499553331967
row_047464,0.33969125383176996
row_046741,0.14787890555214975
row_001578,0.11357411286899337
row_024645,0.14078855596935114
row_011507,0.32665960019221985
row_044110,0.14355484708777322
row_017490,0.13667107135790285
row_004282,0.40181064844857445
row_027898,0.15782998482243701
row_004004,0.35967645270870324
row_043396,0.10344417614635629
row_028395,0.32809560467530036
row_032915,0.16278868269426894
row_013633,0.17836581071815805
row_037976,0.3914925355442707
row_016115,0.40180571146924804
row_004541,0.2504914919480418
row_001667,0.2239144662554414
row_021330,0.28469159443556563
row_020484,0.35769435835949953
row_044319,0.10842877804179131
row_027862,0.13567249090384567
row_041024,0.11710873702718928
row_042227,0.2582790296219544
row_025071,0.20244164121598107
row_007846,0.15474731097415542
row_048371,0.3640899273496035
row_013907,0.27506016870163086
row_001128,0.13958605827829185
row_004354,0.36157950108118647
row_026251,0.15221247811470964
row_045544,0.1538743688882072
row_002637,0.19767611374240365
row_029567,0.36374941764505797
row_008016,0.14041706385208233
row_021082,0.29219800796201983
row_042836,0.13519392391448587
row_025676,0.25021708609511323
row_011548,0.08191781944253043
row_037279,0.1404985585658554
row_011818,0.36598858514084065
row_049310,0.12405838618792854
row_000510,0.31174140761540553
row_004788,0.3032224791150223
row_002827,0.44124447882991497
row_013694,0.15840895921545708
row_024744,0.44338447146216403
row_018736,0.3748061080290156
row_009796,0.26568949101496286
row_034247,0.25793268160861593
row_039254,0.0992447887174339
row_031874,0.31556417259448927
row_003432,0.12360148559079019
row_023023,0.2404007260844028
row_002183,0.2826801786741202
row_015753,0.3602734947843625
row_048473,0.1673450246878475
row_009463,0.13553841894866742
row_009499,0.13416823201725642
row_016238,0.13120782174270865
row_035791,0.22480902341440565
row_017109,0.3696088047661072
row_010162,0.14856658401868378
row_006641,0.3012464770117078
row_032793,0.2656675599741422
row_039542,0.20864763870439546
row_042161,0.32068159557691256
row_010910,0.26222596277531984
row_002206,0.19090145846888543
row_042901,0.3809948370845494
row_005831,0.4012091415092224
row_002918,0.15364641307243584
row_002917,0.43020097454267536
row_046079,0.3622297840181736
row_028037,0.279750292408014
row_008899,0.24598903291830534
row_003990,0.11018787623259658
row_005354,0.4382740125216677
row_000422,0.23505076755249418
row_031773,0.27673344729207205
row_033334,0.18612305307598914
row_048615,0.2098582677511373
row_035048,0.2518028594178274
row_047832,0.3091276354127143
row_012110,0.3336032551093684
row_048964,0.10734240274194314
row_023735,0.3923017694469569
row_033392,0.11108044679859322
row_043401,0.2973602882391096
row_041456,0.3378006805127623
row_025212,0.22392930331545927
row_023828,0.2692343451457709
row_034135,0.2962665669649986
row_027334,0.35038136864089586
row_047406,0.35676906257488844
row_033534,0.2530092988640741
row_020876,0.421946462736001
row_030096,0.32358435589886175
row_008505,0.3793273123365533
row_012441,0.34778689143501224
row_029743,0.23022838383304967
row_003456,0.22719209676961602
row_029707,0.22977466965776852
row_033318,0.3006809254603614
row_038311,0.1854555270292241
row_001266,0.40500928186723556
row_043038,0.16615357197183891
row_019681,0.33884038746383704
row_046890,0.13868492005252409
row_009900,0.29731075477253177
row_040431,0.19305623495978325
row_019797,0.2725736942480175
row_008979,0.21184330058616913
row_041859,0.19943071270273477
row_037000,0.18614206520186027
row_034439,0.35217182111180306
row_014730,0.3603606750453744
row_022330,0.3869116451744444
row_024574,0.2965529488953404
row_004408,0.2091457731564536
row_031632,0.36667077406500753
row_030052,0.23650140477212162
row_028482,0.3484841753332881
row_002272,0.1984645556752949
row_027652,0.30590326398881185
row_048335,0.3931785053738007
row_018941,0.3204318272495167
row_017918,0.35867856748568655
row_042304,0.3280261107014422
row_022175,0.28797582384697545
row_041581,0.2155118018046144
row_030733,0.15421466748388493
row_023860,0.2894502520888027
row_023054,0.14750062851615142
row_013765,0.2625629437597825
row_041036,0.14700364383250533
row_033512,0.23020916392331173
row_001933,0.23237108565276166
row_012849,0.30504356229507573
row_047707,0.31740897988791283
row_030208,0.23082137950386916
row_030660,0.37353773261397133
row_028851,0.3103364729856698
row_006240,0.15325105899516236
row_014798,0.31746488869860146
row_002518,0.24925377053472594
row_046503,0.4251284942689575
row_009286,0.36435888990564974
row_011854,0.2334655515420123
row_032114,0.36378895182676085
row_027849,0.23653350884337124
row_001401,0.14282563609678497
row_007136,0.2944811343584931
row_008090,0.38487600620625073
row_020847,0.15135563639936123
row_010577,0.13734673896636349
row_006050,0.26511264508134846
row_032018,0.2922558534917653
row_000306,0.43692936425758044
row_028610,0.22039604632089238
row_000637,0.14230067849120412
row_027923,0.13312634135382984
row_029556,0.1237777415865909
row_005844,0.2508110304108859
row_017896,0.4479117198370104
row_022527,0.2673473953808151
row_026148,0.33153612576411395
row_027738,0.2536042478231945
row_031335,0.3233094495222519
row_012500,0.20507087071622246
row_019819,0.2781208194416139
row_012034,0.1920100662436858
row_021380,0.36043678155815284
row_022481,0.14605894396741162
row_046232,0.3357516585408547
row_035805,0.18793018530574482
row_041656,0.3544059731446994
row_015068,0.16361358844785262
row_025550,0.19109731024870552
row_017033,0.3834047151653916
row_038583,0.4705058983758384
row_003196,0.12620955804213377
row_041452,0.26957091594293103
row_008827,0.10521387054744098
row_001333,0.2544415115300738
row_008846,0.16201303120736893
row_024039,0.20194193136708136
row_007303,0.18914119076638228
row_016767,0.28967022894261213
row_038455,0.30057594193642223
row_037672,0.29459874252738805
row_032654,0.41131286692184815
row_036427,0.16279332618258338
row_040337,0.236020495657823
row_031618,0.23073709755319144
row_042638,0.24915042544802338
row_036922,0.14429968314718075
row_024584,0.35207064856934134
row_043525,0.1737749507274011
row_028167,0.10538303921163193
row_013407,0.27118475168167855
row_032003,0.22366815283739425
row_008437,0.1504627273864816
row_038669,0.3320139777591027
row_002916,0.22323975979040875
row_020464,0.21065166154337991
row_028396,0.3403942273049245
row_041414,0.4408263451574735
row_007538,0.12486495864830308
row_003181,0.23154435413767027
row_030762,0.13923146587834745
row_012760,0.14976735458269755
row_035905,0.16982250942670069
row_031867,0.058693318069195255
row_004468,0.15163425859262464
row_038056,0.2136663325134845
row_047547,0.25589463036165266
row_047430,0.2378475772979813
row_049659,0.25813534674887445
row_027704,0.12441644061328098
row_009987,0.3680560915544791
row_047700,0.15007551183169293
row_024076,0.22908705600592194
row_019748,0.322226700272761
row_040252,0.16736989015099082
row_046804,0.15688983066486703
row_046633,0.4516288957091315
row_029508,0.3530389024402208
row_020549,0.30366326685277656
row_047703,0.3162901112887469
row_007382,0.12237632576689304
row_028463,0.2975984121093678
row_001350,0.21582125536606467
row_015684,0.2792574416708381
row_041284,0.09442259484216808
row_039093,0.1536612211191404
row_008914,0.13481798767517625
row_001659,0.4549778713736794
row_037920,0.1743808899607016
row_021304,0.4570472463744454
row_034366,0.23512835986059186
row_044274,0.2612842110906231
row_035456,0.19310925002527002
row_005553,0.30299466439805434
row_016801,0.348059895654815
row_017282,0.10571223158359692
row_036342,0.16742542398347804
row_043134,0.2509240045807882
row_005164,0.221604890521288
row_013140,0.47021400400817814
row_020095,0.20191088478532893
row_035008,0.3369381411136774
row_040586,0.30852160090386305
row_028021,0.4044375167981835
row_022226,0.1306942996246625
row_034502,0.29718956360214055
row_036038,0.16286933117138253
row_013385,0.28637083027238164
row_038439,0.16822640760387103
row_017518,0.1334594230079621
row_042357,0.3846929494240849
row_022842,0.3755444947950399
row_023734,0.31417106650147675
row_028164,0.13066305608701867
row_045030,0.23243969435588635
row_017649,0.41152595838591766
row_036578,0.13284312988112684
row_040972,0.13257665635528
row_004779,0.20160351886516084
row_007606,0.34042912545409243
row_035938,0.5594994492455709
row_019118,0.23400284685198794
row_014448,0.34964289985763797
row_004415,0.3463007909158097
row_045682,0.195211403587467
row_037355,0.3383100710045713
row_024959,0.11796701839930071
row_015629,0.38590609307539947
row_043027,0.2307647690066392
row_015005,0.30408377348113846
row_029498,0.14595717152399287
row_036220,0.24700712600175473
row_018754,0.17157644091500546
row_026355,0.29530779531732854
row_007485,0.32516154473863074
row_043325,0.3769929016561716
row_030440,0.25486463716221514
row_038538,0.39669390722958225
row_002533,0.22956224937371808
row_046107,0.4050820528077599
row_020265,0.1848372475214461
row_020072,0.23828413959985886
row_044918,0.15819631710070337
row_044991,0.38461802630105557
row_032774,0.48203581687274005
row_022496,0.3436460343488724
row_007904,0.16092018022259238
row_008477,0.1280247001724551
row_039889,0.14076661707683513
row_002454,0.2920367677270876
row_045515,0.27825256113674757
row_040864,0.3231061377267219
row_014115,0.1846664345849888
row_035077,0.3780575929293601
row_007587,0.3296590330924317
row_017647,0.24825666028648416
row_037881,0.3742753327662636
row_026962,0.3881632917610031
row_014009,0.31844754163981637
row_025457,0.23405726061738977
row_037671,0.220967312131028
row_025067,0.4203997960724386
row_017019,0.3047821992782754
row_029465,0.09155579042255177
row_030199,0.34526794623480717
row_041407,0.21416802731271173
row_023804,0.10273293261133798
row_026227,0.137962193305734
row_041651,0.30199121378004584
row_040610,0.4687309695589048
row_047419,0.2453009960562525
row_023405,0.3042030171403775
row_012961,0.2462842751715127
row_040501,0.14133333906769618
row_000391,0.35800250475139955
row_030688,0.11139790342107098
row_043670,0.3786938041741389
row_045587,0.4113205645352643
row_047322,0.310405122367199
row_030296,0.13097692492829324
row_030892,0.38142351230445654
row_029569,0.1471185598181572
row_028923,0.35427174719701954
row_030978,0.264522518348253
row_034877,0.3839798136873576
row_018713,0.4092719163880991
row_003913,0.34490772313000634
row_013550,0.32203165145045737
row_022764,0.3376545878459031
row_047821,0.46977100340428474
row_009775,0.26421562849700075
row_030540,0.09347237316474553
row_027360,0.09602367676038749
row_009907,0.2148163041257288
row_021546,0.4340180360144779
row_027588,0.21950250829729626
row_039044,0.4136384847369016
row_049821,0.15522391013091805
row_022926,0.23414046948715872
row_022421,0.45570097039839225
row_046404,0.16195727998711337
row_035123,0.13776211267531122
row_006409,0.09575856575581375
row_012964,0.35960061412431665
row_023973,0.40525075561921803
row_003719,0.3538788042839243
row_002134,0.13054902368074425
row_007534,0.3261145024051066
row_025532,0.15951850047917912
row_012837,0.5244522460837635
row_025252,0.20967570108372194
row_014591,0.3700249423086908
row_026750,0.06054692203781438
row_012213,0.3793663937386148
row_016221,0.17423048427557156
row_013226,0.11537940477236105
row_024783,0.3011169719918845
row_022249,0.2644705578835504
row_005360,0.23772910719537194
row_036244,0.3397332785132231
row_046161,0.30853295781018003
row_006112,0.31521815277852255
row_023217,0.09726503467487779
row_039393,0.12701977561510122
row_036621,0.17599184348142333
row_044447,0.19555653635562173
row_048607,0.23159943699943691
row_014391,0.31345713828333177
row_002606,0.36463197681963394
row_043346,0.15996514739968534
row_020245,0.30509394562350484
row_036712,0.2479392370782003
row_021859,0.15871973611161375
row_045797,0.34415025841251895
row_034903,0.23642009430308755
row_006058,0.13691175838287778
row_015849,0.11084221971842023
row_044166,0.29792073524530355
row_035491,0.2356977475459503
row_034992,0.16410877605172308
row_008601,0.22659933954735773
row_034911,0.2856661402867949
row_001741,0.390954452761706
row_014584,0.1660937543011147
row_009275,0.1846457466453217
row_005786,0.33701808435653574
row_001376,0.09008562628555797
row_015003,0.22099798552409086
row_003517,0.2455473057531734
row_047930,0.21117679853425114
row_040451,0.37879459456875686
row_002249,0.3474827888954929
row_025089,0.3930729946306247
row_038834,0.14154796431653346
row_020939,0.1485943306745899
row_018430,0.16565906087943805
row_016953,0.1876903458098994
row_035993,0.5235277205291615
row_021574,0.12863674171133252
row_025000,0.1861674793627787
row_039972,0.15693413626521563
row_044856,0.390173858025658
row_022919,0.2713672096329371
row_022510,0.31173036487998673
row_012540,0.23388167888197076
row_031402,0.14411218339169973
row_022568,0.330647667487038
row_017382,0.20689258540671415
row_009711,0.31046112790664904
row_040576,0.19378186766263883
row_031131,0.5023933412688739
row_013296,0.14420995732676883
row_017279,0.3161784354615124
row_038162,0.35802831914006883
row_037391,0.13869582706995762
row_032890,0.12877025564305747
row_044123,0.3038083406344713
row_046641,0.21865466291638366
row_010044,0.5104385433083701
row_016873,0.12949231564673386
row_026975,0.10201817497886315
row_026888,0.16131644123868571
row_002724,0.28967398554890733
row_013197,0.2783212082566411
row_005276,0.40632493996160357
row_031419,0.11415621471373841
row_006416,0.3943319545152854
row_012885,0.28762025797920443
row_030058,0.23174414800372037
row_021029,0.14223021403643013
row_025133,0.2616232062683609
row_023267,0.2961278537387063
row_006809,0.10992061406001136
row_037660,0.2164308141357699
row_009813,0.2549379560662412
row_007471,0.13622676571190132
row_002339,0.3483112595766848
row_014403,0.33898373778679297
row_038516,0.24725212463705656
row_021031,0.12615572630426244
row_006422,0.4559092612608826
row_035516,0.34162554338200085
row_016888,0.25135150231886355
row_016752,0.3768694605844581
row_024748,0.34500318366918115
row_033131,0.10869070389583205
row_001341,0.12458068641490218
row_034387,0.34182998462953484
row_026838,0.21374459080470343
row_007888,0.27993386529401704
row_020438,0.23352116921650062
row_046259,0.2306411668390807
row_045657,0.1346574259021052
row_008224,0.10749728635270224
row_020128,0.17607273562324033
row_037297,0.14652871692010178
row_040733,0.12784855577273516
row_018015,0.26459450915112304
row_038501,0.23643676013073328
row_007682,0.40111266924658534
row_028461,0.11547322420056608
row_032582,0.25302117397573753
row_042499,0.17572979676275807
row_023039,0.33818103566888474
row_048454,0.3488624753129801
row_015400,0.14696811325145098
row_012102,0.16308427057941274
row_039432,0.16898287477313845
row_045184,0.14856623968471364
row_043077,0.3310437854610165
row_024251,0.3331471399164582
row_017641,0.1786064962919101
row_009421,0.4050012511967537
row_030026,0.14085327350144433
row_029282,0.1283883789122967
row_033428,0.3655897997153501
row_045366,0.2467148471224195
row_049025,0.377647357573939
row_007109,0.319649577810507
row_025856,0.13184265550789445
row_019052,0.17257571864985743
row_044735,0.12143191608519946
row_008675,0.37627127624736534
row_022876,0.18388344959285047
row_014360,0.16353351339473418
row_012442,0.23170892170076626
row_012799,0.38899414528477233
row_031360,0.1391325283311561
row_017562,0.44630172902104576
row_024472,0.32627249822008286
row_015979,0.10574099529676047
row_004143,0.17532521659751513
row_044094,0.20334449354555265
row_017836,0.33047000578547514
row_043758,0.3681081675569565
row_020993,0.37142797888814955
row_007691,0.5453472054596614
row_038846,0.20558204388554163
row_018346,0.4396782293477624
row_038906,0.321661611888429
row_011773,0.19312210743633076
row_011186,0.15044017315599137
row_022412,0.07817201240683394
row_034725,0.33170522087008886
row_009692,0.332069507559487
row_016951,0.3449297203907975
row_025912,0.28983097371582733
row_027844,0.09907757450193633
row_028543,0.13900948004513203
row_005875,0.21037152749708707
row_008694,0.19854473012561116
row_044593,0.3129604233607541
row_004205,0.2178978787736315
row_035106,0.32610685530659644
row_018678,0.20973464834306535
row_017307,0.517158571628708
row_021467,0.15401325480159683
row_019386,0.1948132982409579
row_044981,0.3218342981151242
row_036379,0.29464219669238473
row_040939,0.35346636174964974
row_043630,0.4347980189628783
row_037898,0.5020899726091262
row_039496,0.3678818217823534
row_010501,0.5060869846797375
row_016669,0.17455706029078694
row_021105,0.33233270324270126
row_034286,0.5031239426011841
row_027622,0.2822385456278278
row_017895,0.18199770245332508
row_026562,0.11279749770033257
row_039116,0.2901670900697947
row_038216,0.13646388396358414
row_010015,0.3636481494031611
row_044186,0.341066509330129
row_027718,0.18692805707891819
row_042065,0.2864751854092692
row_041231,0.17983491422390327
row_014269,0.15448730704410193
row_009404,0.4559473600892289
row_040907,0.22630977873654926
row_009019,0.13312726064544467
row_001260,0.3825877568530625
row_018379,0.36228436771659567
row_031574,0.3041043501033324
row_003480,0.3561791431760372
row_018072,0.13840495364425914
row_028873,0.11237359429983163
row_030285,0.10376522957183017
row_037863,0.27429662770115393
row_003838,0.21901791217808156
row_034975,0.3703291349014384
row_012150,0.21646980314458483
row_013793,0.20077886772833411
row_016022,0.38841168393653364
row_011460,0.1318765033956607
row_021282,0.16842187832898173
row_005272,0.11785484190276423
row_006045,0.1154082114468324
row_034749,0.37695261863565943
row_030237,0.36114845896472875
row_023605,0.161460029388728
row_049859,0.6096247396997179
row_023879,0.2586009782990901
row_010002,0.49065950419956456
row_019117,0.14382383218676975
row_047206,0.1151008254950878
row_015073,0.30803344058621335
row_019948,0.4166514915058096
row_033094,0.11614151708279222
row_002244,0.1345312624804113
row_017333,0.3193477085811697
row_010096,0.23377643250932856
row_004758,0.266101642988545
row_007292,0.32887249138190017
row_027801,0.32870821015274215
row_045697,0.3559347493944111
row_000933,0.1371005394066841
row_009917,0.4471408483488035
row_022241,0.21199499859905077
row_002088,0.2947762145425858
row_046192,0.2070405132944883
row_042518,0.2602960280017324
row_012094,0.30872342206805287
row_021357,0.33460570839592074
row_015415,0.15780947792287794
row_004685,0.2995849818969609
row_037761,0.2825789825832647
row_018100,0.1639930598610175
row_048253,0.20664151246132362
row_031042,0.37036507360980375
row_048550,0.3644218789689162
row_039451,0.23729657632694617
row_016149,0.23898751046637978
row_013725,0.21074295326778061
row_044701,0.32919683933370286
row_033776,0.19216197772485127
row_006189,0.14437510760493139
row_017597,0.2732566768077273
row_018731,0.23166215901653484
row_033111,0.325353077651297
row_048913,0.3197394238274052
row_030722,0.12012888155651091
row_004230,0.20012653712641448
row_005358,0.2527810167486122
row_030937,0.2463358372741955
row_047319,0.22916569845106222
row_015998,0.3645698867187766
row_002977,0.4342018059787209
row_039677,0.20743651747050124
row_021479,0.13478871160943257
row_043650,0.1607861005020789
row_011313,0.3214981626969176
row_044408,0.13378165046987237
row_024742,0.4251379311293795
row_006083,0.26391871918272986
row_003975,0.13804402641319619
row_022334,0.24505515351405624
row_047861,0.18803722894708613
row_033905,0.29918398975237004
row_011482,0.1318022938133372
row_004884,0.4169639152304233
row_032788,0.1682357414243482
row_044833,0.27558522512418354
row_049627,0.1789003163928443
row_004203,0.31914691266889167
row_024417,0.14231488878812737
row_004060,0.2494330079873049
row_034118,0.21394893777362492
row_025990,0.2962069787628895
row_011236,0.3063016114565009
row_005261,0.08694694693199759
row_034600,0.19344229389552772
row_029176,0.2570918811906802
row_010628,0.41940303313765764
row_005231,0.3229285264593298
row_039545,0.402705245360405
row_018727,0.2592426869282484
row_018516,0.36188497620345356
row_001412,0.25371689471638503
row_044639,0.1495855079613562
row_032103,0.2704168285663524
row_041664,0.3159483606100608
row_023657,0.16179664123833196
row_020441,0.2634629317484512
row_016994,0.39480360301908407
row_004610,0.29627160690561366
row_029218,0.34726373103995795
row_009518,0.4450483641569328
row_027985,0.09952050631502109
row_017992,0.36586704081391075
row_049093,0.24050220550544554
row_048943,0.17132620214167082
row_010032,0.12850719335487254
row_017636,0.2620944008664243
row_022790,0.20678986667079663
row_022932,0.1803667746516166
row_044916,0.23120305258657664
row_038341,0.31806074707955667
row_003809,0.12225278537050137
row_016616,0.15466391268050175
row_031609,0.23526382422935205
row_002220,0.25486311695923874
row_016191,0.3747960848805797
row_043882,0.4392349876485216
row_038836,0.24243617358958364
row_024179,0.17537756916849567
row_017792,0.3566928210545522
row_038347,0.3560018327343636
row_037324,0.44697945805591144
row_038291,0.3315565363485677
row_007138,0.11431401898841831
row_043611,0.13497680659577915
row_040323,0.20225309710090802
row_019522,0.2535376468836234
row_039188,0.2176832166468838
row_016617,0.20137643742608716
row_022502,0.18470002875522237
row_028778,0.1093900858028104
row_043089,0.445220010024297
row_038970,0.12369584899751537
row_018939,0.1937490325399689
row_015710,0.45519573367273913
row_036518,0.21276440946822686
row_045023,0.3529539987257436
row_030330,0.19287599007814932
row_042716,0.2662526236635837
row_037177,0.1639273518894178
row_002489,0.17924577477855516
row_043522,0.26502533747268375
row_015603,0.41819500823556416
row_022303,0.3471350508908317
row_039157,0.1595018513091505
row_010783,0.1375026854869229
row_047814,0.46127359820786473
row_040406,0.3731570295688883
row_035760,0.3466292567995499
row_004423,0.2129927113384971
row_035036,0.1741012562990272
row_037128,0.1395522951072642
row_038696,0.4296485523529408
row_009083,0.38631604326555885
row_014878,0.12226520577138657
row_040239,0.20936344797816175
row_035608,0.309755898740916
row_017863,0.29931155985112906
row_038898,0.43362221128928163
row_016170,0.4073709208838918
row_033731,0.15475096121162882
row_001268,0.320069478135078
row_026923,0.27287545432177884
row_033221,0.25054223287757643
row_008195,0.2814313680268327
row_021183,0.21868102757185906
row_002984,0.26708557961006146
row_009363,0.34673460863255195
row_005196,0.1578635568542527
row_010924,0.4229813332352736
row_049213,0.11225502121419417
row_003246,0.1250177698495968
row_032674,0.35682972221599357
row_003325,0.17302220484184064
row_036495,0.11055511542667056
row_035019,0.13646695870441136
row_036509,0.22516287090859363
row_017627,0.20710841767331556
row_013806,0.13313081006200417
row_036739,0.16436110909891835
row_007599,0.31805012134611377
row_045117,0.281033746618534
row_010416,0.11595898261460315
row_035488,0.2543321053068129
row_012366,0.1834261879156912
row_000541,0.29397464908983945
row_042389,0.1551684963555405
row_045486,0.45385428079297424
row_027908,0.12658033937485125
row_028295,0.3410948136432616
row_047484,0.17747015229975815
row_048126,0.4933842613105983
row_018245,0.17228137231043228
row_011024,0.25784679866905447
row_031325,0.3625560381065379
row_015759,0.1602949941698375
row_005290,0.42067868249160223
row_005712,0.1250821775927204
row_020960,0.10645661026217358
row_029309,0.32371078938815634
row_034955,0.39203460342306057
row_028439,0.2863371496962432
row_022508,0.5197838156827574
row_008937,0.2706226170838602
row_016794,0.2368594728846197
row_005372,0.1562982127908086
row_048167,0.2847002384525501
row_010218,0.27192199061320216
row_017281,0.40242773993460196
row_032429,0.2555777986005646
row_026761,0.31354581556704103
row_014053,0.32019663606548576
row_025064,0.2752343415267464
row_018455,0.13608879811280236
row_022285,0.2653787862493938
row_006762,0.2886236952082345
row_024475,0.14475181792126127
row_026109,0.12193165110340531
row_002968,0.1893816751402816
row_022900,0.1555755648357301
row_036523,0.09974357862938615
row_002093,0.2578125325410601
row_010788,0.1298185784249904
row_038695,0.1741548079126782
row_015663,0.3761382858128943
row_018692,0.13525453133352724
row_023355,0.4350510768103266
row_046287,0.40826842888465004
row_024739,0.30763483410892306
row_036350,0.10034113098620866
row_015925,0.363873640854915
row_049984,0.378643117699528
row_022935,0.21457536406183728
row_009438,0.20031567022894264
row_040612,0.1690506505265169
row_042223,0.27999436381882864
row_047527,0.48821703397650085
row_027243,0.12899212968403093
row_038617,0.19912230092917765
row_023698,0.38604872451047645
row_013955,0.3473687394033086
row_016220,0.2037191606049835
row_045968,0.25890846802208706
row_006746,0.3083653393143948
row_013091,0.17835493125765964
row_044093,0.4572612841159711
row_042055,0.28404764815681693
row_002030,0.40159636499332735
row_004145,0.22827900769366086
row_008465,0.3262066760948273
row_028632,0.440338604053696
row_021319,0.3584939175114343
row_029668,0.4923023738574222
row_023479,0.18893424649271542
row_034735,0.30027647776043653
row_022634,0.1984879840542906
row_012318,0.3290478938204656
row_047268,0.23494378225951595
row_029446,0.3579568943752479
row_029343,0.38905971084845736
row_013774,0.2724312869142716
row_020923,0.12247327697259201
row_012248,0.16793536801637016
row_018955,0.28539588364742235
row_027064,0.2530584807532311
row_043588,0.24287259650119528
row_013602,0.1254122536001176
row_026278,0.2493314202707439
row_018380,0.5079128520603203
row_027795,0.3938394278243024
row_030504,0.17312630025698225
row_003693,0.37515248195278994
row_028992,0.1109634867930162
row_011061,0.3575054566952572
row_048708,0.2046473691302494
row_035468,0.5041683086190362
row_027541,0.1306200671107531
row_001942,0.13282882331004683
row_026360,0.3570226432302629
row_034910,0.12277136725177988
row_021791,0.28134339289566246
row_021943,0.20465973130977066
row_023206,0.1914489656268567
row_038440,0.2875708166584059
row_018055,0.3117187187539225
row_008596,0.26752051604200894
row_024583,0.1487830898731611
row_004320,0.13009969127319956
row_015848,0.16304749550755915
row_036112,0.27389955854155024
row_043302,0.3018705704437682
row_026039,0.4031296509825255
row_005373,0.4864289318019032
row_018396,0.2046232430774086
row_042837,0.43510367707176456
row_039442,0.3672005325475919
row_005363,0.38114609872519256
row_035004,0.3119725735806651
row_001313,0.20187892917489808
row_000658,0.16162396178570268
row_041503,0.40335969864072796
row_007377,0.26213533168500786
row_008449,0.14914312066315286
row_012746,0.1629481284826296
row_028353,0.21180945722367747
row_039354,0.1225206729795035
row_025213,0.11732654337759604
row_020588,0.14876893713504538
row_036913,0.3698240787721617
row_025140,0.34231173569160606
row_014261,0.38449775340058956
row_029683,0.12998472537153627
row_047062,0.24859717822884783
row_043464,0.13525546879413844
row_016183,0.214117679325487
row_021174,0.0953180233210275
row_032218,0.14229354656121124
row_017369,0.28138826932292593
row_005599,0.22493318497587672
row_044509,0.10003930248738342
row_004249,0.10512651001006844
row_022959,0.4071298917122437
row_035409,0.13707082780925958
row_035962,0.35030656855888276
row_030177,0.18736076394316778
row_031343,0.1801902210002471
row_016556,0.12383584735231437
row_009512,0.3043308912963562
row_005442,0.2287336103740102
row_035265,0.14900015823737228
row_030111,0.17884597647935785
row_032478,0.3582989520102383
row_036199,0.3988637609430296
row_023395,0.2864548011951225
row_035333,0.21552172687085663
row_040385,0.347007576172121
row_000543,0.41275324101732375
row_012362,0.25949973515425917
row_023749,0.16754641082408087
row_042446,0.18456502460048746
row_018373,0.27811250328385717
row_039126,0.2960631939835383
row_005517,0.32413663232659723
row_032590,0.1464439116747757
row_042054,0.45423660200244365
row_002773,0.39027969871924295
row_038166,0.12567647652120592
row_023476,0.37410686680016697
row_040777,0.35675439652912966
row_023628,0.20843974500707999
row_033237,0.1740465069843075
row_029141,0.2192901679904988
row_024971,0.36971589237727565
row_041019,0.10676361949809698
row_047566,0.4393202538908304
row_038639,0.32809023219462685
row_008109,0.2818478456080389
row_025916,0.2627630742214223
row_031982,0.3214795683272369
row_048734,0.2649694752417532
row_018259,0.11369369993222336
row_002126,0.19537209470387504
row_020913,0.241112755128326
row_024057,0.12798015135661786
row_037786,0.15021099758923087
row_044010,0.18472819940478627
row_008538,0.11844899874129558
row_035655,0.40338846374044
row_010958,0.38772537434047527
row_024487,0.20746310443383364
row_023696,0.2627569728232602
row_036247,0.4125795680915021
row_015406,0.36915756775105146
row_027672,0.2107029246319452
row_023595,0.3419132690714589
row_039205,0.11927142618684226
row_046834,0.3566192679668514
row_002599,0.3021889580349773
row_004548,0.11218211065300109
row_003523,0.2462276271233925
row_014232,0.10469362090594272
row_018374,0.20093863429556694
row_004243,0.3548541863268216
row_028210,0.27252837318339734
row_032940,0.31307107161129094
row_022469,0.2334184571933686
row_019934,0.16440973860789207
row_028383,0.1972431064170404
row_021805,0.30077969070209765
row_042864,0.3717750855866112
row_029457,0.3687250369655213
row_003820,0.4191232488730527
row_022977,0.21509773435046703
row_037525,0.18423102651090564
row_014456,0.4650721471807249
row_008486,0.353694411750913
row_042576,0.10011724288408687
row_035315,0.31825574352804736
row_026635,0.2888514427531254
row_040376,0.21355705331425245
row_022348,0.39914260494903026
row_015115,0.32372271086649795
row_022057,0.3973566230180469
row_016070,0.4933234877614894
row_016276,0.20368995583240893
row_028624,0.39535982217753146
row_030319,0.2666191956266662
row_011844,0.285582340830771
row_012305,0.25505557320099254
row_023716,0.20170072781003834
row_014739,0.3757286677865344
row_034739,0.4570982292826465
row_036243,0.3585712170789536
row_003889,0.3349323887934698
row_027606,0.15460209414558593
row_033484,0.2570947005139964
row_004411,0.31862651140723336
row_048019,0.14376676450798612
row_021914,0.10052655626522702
row_030273,0.23518238392307403
row_015489,0.1489318013404978
row_012452,0.3575456393996953
row_040375,0.16360397296940435
row_036226,0.22578789267090826
row_003484,0.20669577662950087
row_003491,0.17164515600818545
row_006259,0.1279748898128848
row_036774,0.24294365252619843
row_026903,0.24656047738951492
row_003839,0.24111087697366773
row_044205,0.18400744101312558
row_033176,0.25899789426092357
row_000793,0.12246809711177727
row_032345,0.11415742270749418
row_033707,0.21067161880919447
row_017921,0.3679999342845428
row_026430,0.3889712413947615
row_044955,0.22011175261645682
row_004092,0.1541417389370104
row_044879,0.21048218273817057
row_038893,0.220412453213879
row_041803,0.14436840893603514
row_044847,0.1650653569702939
row_008123,0.2811899581159463
row_019124,0.13511998564194155
row_035973,0.3930357283799347
row_035642,0.2867797475497907
row_015700,0.36452185081353017
row_047107,0.14130033267241235
row_040388,0.39269531756625037
row_049588,0.38725259685431346
row_008013,0.22541246193664896
row_009539,0.11827213206974625
row_013442,0.4548339862739748
row_031810,0.14643318337654293
row_023796,0.33378723459189
row_041206,0.3838100005247958
row_049269,0.129400974777074
row_023416,0.28822102431548796
row_040190,0.26930764068442326
row_014187,0.17662026456639396
row_044891,0.13133048616893608
row_035713,0.22540091485152897
row_023261,0.2891210486315906
row_003786,0.13820207622761804
row_022529,0.3161081286475645
row_030740,0.3061298600879708
row_046751,0.4026770135921076
row_031832,0.3569675498120193
row_005881,0.0970464013464185
row_005323,0.34257178253992976
row_033549,0.44729152531109934
row_042351,0.2982522029294496
row_013080,0.5405258007186227
row_040602,0.35914148282705033
row_029971,0.13912077866237285
row_021194,0.3969117849430923
row_034326,0.24130811212223502
row_034797,0.19900604850674944
row_022747,0.31407506667450363
row_045438,0.4154301493368611
row_009714,0.3497175667360794
row_040224,0.20731824141345034
row_028049,0.13308313321880813
row_046774,0.31687565061345224
row_003699,0.13842902313150654
row_039412,0.3030322116120007
row_000725,0.22281909354378832
row_042800,0.2513139012004944
row_025984,0.3703868293412725
row_045197,0.135010638076753
row_034167,0.14024722599352735
row_043776,0.15162480093723438
row_024129,0.23203914516743734
row_030303,0.18354644266233824
row_043131,0.10224836460732904
row_043584,0.1672098200187157
row_033563,0.3096403711322115
row_016010,0.21522792336733157
row_020571,0.19952937900870243
row_028284,0.10293464529198729
row_026285,0.2338580539376504
row_002266,0.10421751477153095
row_032072,0.3870851453657838
row_009834,0.418434909313398
row_028435,0.41690981887209366
row_027174,0.37152831271555603
row_039232,0.15944401410951234
row_012725,0.4156196363363082
row_031825,0.3225937884737548
row_024149,0.3634567332067158
row_013301,0.2930260794555059
row_011027,0.3150600564239241
row_031087,0.21179526919537486
row_030088,0.22091610881880605
row_022846,0.2080187959722216
row_006277,0.26113698505226196
row_025544,0.29800936737803824
row_046124,0.2783990066457046
row_043136,0.3369844368503715
row_028165,0.13568423089924886
row_027562,0.1612735979831439
row_002568,0.16010504838183784
row_046982,0.2549351492102705
row_023199,0.2054756453403408
row_049091,0.28976838218142187
row_002690,0.3206475895098059
row_007719,0.12074487041369258
row_047098,0.16426106095164292
row_037245,0.3438470383488374
row_039708,0.14466877646086254
row_016798,0.14917207895177945
row_017297,0.37985907325070484
row_023765,0.2077039471323846
row_039944,0.3338781371155435
row_043394,0.14759279197669675
row_032679,0.4707548142247264
row_003963,0.36254234355810483
row_012973,0.10346886202202898
row_008142,0.13688399760585696
row_030049,0.27958278254823415
row_026577,0.319109833378145
row_032135,0.4194104721167454
row_011278,0.08477768241919857
row_005187,0.22850587437522554
row_009310,0.24443265504331263
row_030858,0.13087627941031307
row_038361,0.3917626552081945
row_021944,0.4849411543507474
row_013851,0.3348480069538222
row_008472,0.22127279781745313
row_001135,0.13238089990350296
row_030977,0.24879908657906358
row_049088,0.18853728442243092
row_020681,0.3727178548724708
row_038189,0.12395048980507507
row_016938,0.128379937852994
row_045993,0.13974574342619947
row_033749,0.4070010602194146
row_010943,0.11890233368976587
row_003647,0.3108327221641574
row_025626,0.2561990376236332
row_008277,0.410121565375695
row_025427,0.21041910325570065
row_036141,0.21605800252555493
row_045796,0.40792037214635113
row_046832,0.12845870385663694
row_005670,0.18779235545971104
row_042691,0.16981766832681158
row_018631,0.2967971243215188
row_011229,0.29264856973529835
row_040316,0.33394185424085265
row_019714,0.12277783566073928
row_015594,0.1678983132224869
row_039724,0.2887129169121714
row_047763,0.16348438052027714
row_030946,0.25022953722102464
row_013265,0.1412130301552889
row_000979,0.3137739675124183
row_040110,0.2495795931735156
row_039968,0.24813348754465808
row_001830,0.4066153989555229
row_044761,0.196692591051898
row_025508,0.1396030124074296
row_036787,0.36674559370488374
row_007646,0.2925551339961748
row_012530,0.37913932570173886
row_017980,0.32227903520294526
row_039931,0.34511511332844924
row_024931,0.15298088649616576
row_038853,0.44244693248946215
row_000363,0.23212129983880475
row_007126,0.20832135448616884
row_031090,0.17672575292316486
row_005745,0.31415565986659594
row_000134,0.378774167576225
row_034732,0.12558131830637093
row_040087,0.23367355582745525
row_025868,0.3992355106959001
row_046759,0.3384253125490079
row_032108,0.21275633228682395
row_037572,0.3081542960074634
row_027240,0.15018719686243684
row_015037,0.30659129935593576
row_042532,0.38797916562817947
row_018133,0.14437390002193096
row_045243,0.31831911759153947
row_027765,0.2948687040167336
row_029448,0.216122906544352
row_008342,0.23181703297539552
row_049084,0.18071953915478967
row_003918,0.2541225495917163
row_007580,0.21371936734721286
row_026741,0.11340141238890354
row_017011,0.4095351332563385
row_037563,0.15494153994408905
row_025762,0.15268864395612305
row_021661,0.24740996634288212
row_029844,0.2820995120142104
row_011314,0.13325203236025318
row_006057,0.3616272231796443
row_021019,0.37163782616341057
row_043076,0.21125102644322405
row_027187,0.16617357911354114
row_036197,0.4355800832030971
row_033818,0.12876304104877515
row_035978,0.23682063280101667
row_038656,0.29857528086536295
row_031477,0.16351173022796872
row_037216,0.18362119182896738
row_031583,0.14021689114138688
row_025382,0.19209634492447716
row_046148,0.40841749679852773
row_021441,0.13327974908759535
row_045987,0.4109226401729578
row_009704,0.28373622166197765
row_041519,0.4289311881500613
row_048372,0.09679664884947092
row_012932,0.18063439279646823
row_000149,0.33175326842117603
row_041594,0.17228598484523128
row_032320,0.3891710038485459
row_021312,0.2840697030061363
row_035043,0.19606419281392384
row_034243,0.0810888777622919
row_003180,0.41522150756192333
row_038521,0.4590250076072718
row_002238,0.34883548002652565
row_032394,0.2625556899516078
row_046434,0.22472958120592545
row_018397,0.3416658566950502
row_027787,0.3291138976688015
row_044531,0.23509051738359488
row_013120,0.30318371708125164
row_043534,0.2802397941827038
row_041395,0.3630745047945618
row_027178,0.2598855444668773
row_001847,0.1320173876186537
row_027797,0.2912779636184468
row_013905,0.3712276411350036
row_030343,0.17584841503920368
row_033663,0.18229589075922126
row_009949,0.3351106155329152
row_006055,0.10794155109704384
row_022194,0.301344498238407
row_008809,0.18535514355794971
row_013280,0.2610119453518726
row_017001,0.39532063142509904
row_034991,0.1921785921756424
row_039896,0.3882198695393182
row_007592,0.3969887006126636
row_031645,0.4219131691319357
row_036543,0.25132617840613564
row_027791,0.15156270973543864
row_005543,0.246396659441547
row_001297,0.23972123991241057
row_042728,0.3354724676461275
row_021490,0.10442475008063472
row_027888,0.5122871564626291
row_030482,0.263417437149859
row_012708,0.303602463343584
row_037034,0.3113797314868656
row_016102,0.3305061549259827
row_042924,0.3770213591708134
row_012578,0.24590752286755027
row_002776,0.13518940648721164
row_020935,0.5249000233071698
row_021022,0.12505356098990153
row_010182,0.31679011637665083
row_014569,0.21272056402676048
row_007508,0.1936734494270446
row_040873,0.2900041986719851
row_035159,0.13609197680201918
row_009231,0.3477990235030522
row_048334,0.2788782637664271
row_039714,0.40476056687108347
row_004712,0.27502489683690073
row_011391,0.2857589113040778
row_022766,0.28317700457728273
row_015256,0.30132019604153426
row_002501,0.280152200722064
row_007190,0.08683039335565132
row_029093,0.18899385098297083
row_041268,0.32647778142892586
row_029991,0.22198483988182596
row_012245,0.2543145585156772
row_039666,0.3389051319890139
row_047626,0.22358695916692264
row_009205,0.33282758098854887
row_048824,0.32234563496317753
row_034638,0.41869374644778184
row_036568,0.3500928840707865
row_010282,0.2711205351998913
row_038288,0.29969367931006036
row_027159,0.3245411571377057
row_027684,0.17119233150598964
row_031064,0.1149628808029812
row_039746,0.24993913928776082
row_010984,0.18558501914705533
row_004567,0.31915236926752044
row_046006,0.34966490714669524
row_004795,0.3755356639278839
row_005758,0.47513056488408345
row_032083,0.2715956348911026
row_012244,0.34767236567488047
row_028222,0.47449347013428533
row_045508,0.1514608083860426
row_034897,0.386673166102199
row_022891,0.3513817068792933
row_002393,0.18292471806821525
row_009371,0.31388770927116183
row_029272,0.25063951774659543
row_011004,0.26301131275617323
row_004364,0.4224046399212353
row_026619,0.3034395532308038
row_048721,0.15386097456620745
row_018000,0.16877328831532756
row_049681,0.15166323280521246
row_035832,0.25911146187899864
row_033353,0.2055712986766186
row_032064,0.2276296637784093
row_040473,0.26360071446049815
row_033954,0.3201015543474393
row_014184,0.30169848861394805
row_008261,0.2508714542553904
row_030972,0.29605383551521414
row_018258,0.24519550691681322
row_000122,0.1287850730883849
row_039841,0.30947653137549685
row_024140,0.14208376286911775
row_004059,0.1563070372804379
row_019871,0.3008939848302237
row_004343,0.20987882920768616
row_020795,0.32222053086330377
row_018324,0.25730748958568544
row_018744,0.32383643378839344
row_007099,0.33537452362704534
row_025769,0.11821958325447893
row_023278,0.18001038729186997
row_000865,0.5217359909756918
row_045134,0.18406181722405632
row_037062,0.22799711418795468
row_034251,0.3300536574235182
row_015554,0.5122142114229555
row_028574,0.10958470361661701
row_041127,0.14762460051385792
row_035536,0.32465263004704814
row_015106,0.43054982845750744
row_000019,0.12927900670977677
row_034001,0.24466356722740662
row_009400,0.2439522778286379
row_042125,0.09353372249863073
row_014126,0.10871928631279984
row_022874,0.08929492749602946
row_003099,0.48863281466918373
row_042241,0.14467956114730354
row_003591,0.39314231983219006
row_038980,0.46552544112939215
row_047972,0.2628493302975639
row_009390,0.12265010037813957
row_011648,0.11273419980432252
row_004803,0.13767394514104164
row_031207,0.15521510248828183
row_023003,0.19946482424658066
row_016096,0.46314178064561795
row_013846,0.33228019059060354
row_011596,0.2781696279024574
row_023806,0.3827645276097837
row_009157,0.16042516352950745
row_032458,0.2686001539998491
row_038518,0.31672636750426764
row_031331,0.35933690254574296
row_017091,0.2746837365059095
row_009106,0.27103233237212754
row_041540,0.16162714462051428
row_022225,0.12085019529026761
row_036868,0.14996034921640275
row_008017,0.3642536229572121
row_003291,0.22729429512595584
row_037565,0.11061003694818251
row_032467,0.3068147439375013
row_002192,0.37329548893667047
row_007770,0.304501768276941
row_031175,0.22825946549990891
row_038897,0.16419839526584323
row_017553,0.10065118417647714
row_048675,0.3138982915362257
row_041969,0.24432771342468512
row_017541,0.4040080368222274
row_031386,0.09940557746979378
row_018128,0.18329317567491427
row_024348,0.12816203735107504
row_002634,0.16057373795374263
row_036503,0.2647512146257722
row_024699,0.19298450673813553
row_041498,0.23790000985448184
row_031266,0.22666887680509124
row_016800,0.5306851024460427
row_023306,0.2671799124976535
row_005776,0.15769755787324571
row_040738,0.12908346082988514
row_021038,0.168928111710222
row_025499,0.455524355877466
row_012581,0.12830755176094855
row_025929,0.12254100379561797
row_035172,0.34204244371161674
row_031457,0.29182803028502274
row_001224,0.42818085971486525
row_032756,0.15500381213077727
row_037218,0.15476355516837054
row_010479,0.49542570330656077
row_028400,0.3092283213092219
row_042051,0.18635166583540352
row_029283,0.1272578219915963
row_015578,0.16422070624768106
row_007040,0.21269004953655712
row_002688,0.10678715948165127
row_012948,0.19887239568149653
row_033371,0.19920754895775752
row_045064,0.1549556715788899
row_026667,0.18901745263071004
row_039611,0.46817466496351845
row_021233,0.1921833263909591
row_008160,0.11803995598511893
row_048606,0.2945249329145759
row_042647,0.2545261452264432
row_011689,0.2773166549636731
row_033450,0.14763776824798838
row_048898,0.3181808016460471
row_042074,0.1440349228174364
row_014296,0.33897084600891053
row_001641,0.35998943520353643
row_018061,0.5170957686032003
row_043243,0.31821802690430456
row_043041,0.11902068851179355
row_045066,0.3535084915962916
row_031961,0.3384280321989922
row_046190,0.47342352357309236
row_010618,0.2950261413640419
row_014237,0.25872354115092383
row_019664,0.2720884271018202
row_033424,0.1370532840713949
row_035448,0.18950636628136164
row_006115,0.16947686865391257
row_043035,0.22102707427810717
row_038203,0.11646969905111684
row_039651,0.12239219187709943
row_027524,0.1511890690100799
row_034182,0.18292186280250597
row_045202,0.13002870591540752
row_001229,0.20671016628570765
row_006494,0.32420265461182596
row_049468,0.3276470776826891
row_017481,0.3262352418211087
row_004646,0.4027032070968017
row_013158,0.11253838121661833
row_010997,0.1439566640476848
row_033288,0.31602591095190047
row_020008,0.12183168856612658
row_010687,0.13857545572441038
row_006987,0.10493510811010348
row_038416,0.25786198279649486
row_009905,0.12754540623800192
row_038139,0.48574418513490325
row_029071,0.13979232790254006
row_012917,0.24766494821807047
row_017564,0.18146976235581563
row_004817,0.27374167782436554
row_008247,0.3339313329721822
row_010248,0.12511347267926243
row_038858,0.451908648108227
row_031582,0.27273986801779787
row_042392,0.16780688379899977
row_025766,0.3280034355756365
row_013207,0.1582790550286913
row_026880,0.2089121125680527
row_005604,0.33980726552098117
row_039298,0.3011257482402447
row_016189,0.1475096482942483
row_002148,0.26633913844069307
row_002034,0.17171150045756972
row_032094,0.527378832944019
row_049538,0.27453536637884357
row_012330,0.2987117970179999
row_017526,0.24518828995788608
row_009722,0.3746604342886383
row_042535,0.28267170874668024
row_044049,0.24807294111335093
row_042154,0.40626765837928475
row_029746,0.3882895227351238
row_046766,0.1534608263954774
row_046359,0.27432962773492575
row_049739,0.2569909728909524
row_034636,0.13086367648142797
row_022178,0.14714522250169898
row_020835,0.2340154091409918
row_008069,0.2473707697344295
row_005100,0.2697385866216442
row_024402,0.5109731114391374
row_035361,0.3995078907485467
row_035818,0.3010665460108765
row_007059,0.11586432400372947
row_004790,0.24669448641852482
row_037687,0.32124693634536944
row_014480,0.13418048297453275
row_015067,0.09805660918087665
row_031529,0.09913442815861553
row_047827,0.11808330400110847
row_029213,0.12887368470788943
row_041167,0.17675962835745052
row_036445,0.3306835343943756
row_013583,0.2492438064578486
row_024275,0.43489747987122335
row_031736,0.12825499245185598
row_040914,0.28337251285764964
row_028098,0.31188738645110037
row_034583,0.34369299025527683
row_005935,0.3926853365474769
row_031560,0.38390485165811605
row_037612,0.3961462433562485
row_021314,0.34976371979347
row_031856,0.1905150113781653
row_030789,0.12928867923254547
row_028423,0.259667684634961
row_021386,0.1296464133602117
row_043977,0.23220117675593194
row_025271,0.17622290090846254
row_002248,0.12675091288770857
row_022819,0.2818031325345868
row_003189,0.123014456262653
row_026076,0.20205067263050727
row_025316,0.39728982393699747
row_016265,0.192282974949522
row_024125,0.3624537311076941
row_048416,0.2834828703364999
row_017754,0.11044244267128894
row_024176,0.17006992598302115
row_029655,0.38007951273266555
row_002328,0.1483244941354937
row_037966,0.18291615231917593
row_021743,0.44693347908377895
row_046781,0.3969082074737477
row_005379,0.31021910410035636
row_024145,0.4165620206582418
row_017782,0.32856706574918887
row_029704,0.30159823909943434
row_018094,0.1462561105481142
row_040170,0.09188370438734055
row_038967,0.14311189683945433
row_009353,0.17664154246892813
row_007765,0.33343121352750343
row_045324,0.2638298657785819
row_026646,0.23185749044759077
row_033645,0.22246750126495607
row_031547,0.3036976517762788
row_026310,0.23389453271982952
row_001513,0.4220506555869577
row_049412,0.13338987987746875
row_029948,0.24892117619003
row_003842,0.14487969904211115
row_024059,0.293007224096856
row_040272,0.15084396123358138
row_049741,0.3239925734604153
row_032089,0.3424049186827005
row_018223,0.16219168888406113
row_030501,0.14516198373593397
row_034293,0.30690433225692554
row_039617,0.3544316416590512
row_012765,0.30541740799487577
row_024868,0.34655520646948235
row_032441,0.17227856972058225
row_011022,0.35816762053986934
row_026832,0.5030198041565399
row_035208,0.22531347869575824
row_047063,0.3344181087481012
row_033197,0.09478234742355196
row_030382,0.2941799193439235
row_014085,0.11229640028761105
row_046494,0.22921696552200532
row_015196,0.36406290410594544
row_025650,0.34061774793674937
row_010603,0.4621119977831355
row_008175,0.26633642413750075
row_002754,0.23099622404084494
row_024260,0.19984520222897303
row_030145,0.2015744076631764
row_022907,0.26190771665336116
row_026231,0.2407707447130435
row_026262,0.3516246611783233
row_032924,0.12742963561474893
row_049582,0.3517950201271565
row_008737,0.3793223985729808
row_024638,0.16458261673446195
row_030137,0.20670620451127672
row_000548,0.1992665611651564
row_049120,0.3698266369111035
row_004856,0.1376705045968316
row_048486,0.18828914763617746
row_044614,0.331041800813344
row_047068,0.13627489490107736
row_007928,0.26237691659170165
row_021841,0.4645462561089351
row_026886,0.44320598835262426
row_041341,0.23960989240182046
row_009436,0.2902253757758487
row_049553,0.24693962773123923
row_012777,0.26995999584100283
row_006187,0.18000910297953576
row_001137,0.2672843186432306
row_048030,0.3301603539231579
row_028603,0.3602057864952892
row_009658,0.3245271094434651
row_041644,0.2139088989533558
row_041057,0.24457611614673996
row_042077,0.2651781188297615
row_044962,0.1230478082748756
row_003799,0.2548577066986449
row_040363,0.43734418885702836
row_013466,0.26440127545408715
row_047658,0.18505646734464667
row_047812,0.31989959519872974
row_021799,0.3326133039787919
row_022473,0.13248526306090638
row_001994,0.3580572797570168
row_046331,0.1900832137841334
row_038485,0.17083147249752506
row_011190,0.10671264589755583
row_048041,0.33144916380043177
row_019506,0.12935294602785755
row_003175,0.3738181632804649
row_009863,0.10415092233609664
row_032148,0.44654210789485244
row_024527,0.40541123862071055
row_014419,0.5485851235982842
row_015501,0.3746825182166481
row_040422,0.4982997492038144
row_037015,0.2042858218061399
row_030012,0.37925139838117633
row_011355,0.16963193972523702
row_031407,0.28524728672840155
row_025311,0.3019260120644165
row_039459,0.35289948051643677
row_010873,0.23476627326101493
row_049192,0.42821864385409425
row_021210,0.11200688140628935
row_045143,0.15940372476157288
row_023502,0.1832023192252601
row_021801,0.26305097213460604
row_007716,0.4757842482683472
row_040075,0.12948049231057224
row_035911,0.15832865936465135
row_036365,0.47327445825863235
row_029916,0.24966182281402105
row_024835,0.32864870676056135
row_031224,0.21980355393520642
row_043195,0.10734326846680327
row_034206,0.30972475241495195
row_032162,0.3393156099286058
row_011135,0.1386732230357502
row_026976,0.36514834586626677
row_006565,0.10853663664258147
row_030302,0.26210499842511037
row_031043,0.3131963773769614
row_010490,0.41466185692626123
row_024229,0.18872547655745875
row_001478,0.13787159010742134
row_002355,0.17530370891889702
row_032065,0.23129111492267923
row_047083,0.368482351798727
row_028324,0.28889615374809924
row_000910,0.48923511059718244
row_016267,0.2989371038347003
row_045494,0.08518578687058714
row_040333,0.16863286275849554
row_037322,0.27725610355393276
row_035743,0.10954675105347107
row_017516,0.1721110852621737
row_016244,0.21412294600872273
row_047180,0.38127017119391315
row_033290,0.18582861518614993
row_037040,0.3323008041090761
row_008941,0.21634260491134408
row_003936,0.10623162219510847
row_040502,0.16265812249120254
row_017432,0.12627562259603337
row_007438,0.32966834169521575
row_032153,0.49952025612849205
row_039476,0.17085122374279554
row_029873,0.3319920082950941
row_043656,0.14766099550456788
row_028949,0.2144530264140065
row_037376,0.23739598832692382
row_005216,0.13341499094868592
row_049206,0.27787097030446123
row_004353,0.3536707459774237
row_029734,0.13015728363279783
row_037473,0.33285497292556987
row_031962,0.14957549712114732
row_011811,0.37663316767385746
row_020685,0.38654993639756435
row_033361,0.24401800599581377
row_014243,0.10983924315025562
row_048230,0.1384950198069316
row_014615,0.21934675200628106
row_018741,0.14781459745615735
row_007973,0.16779442061752844
row_009166,0.33730783912464773
row_000168,0.16134111432620757
row_045699,0.21932719949751764
row_025822,0.26842194653245066
row_033398,0.12429823070013479
row_031346,0.28785310735278363
row_048820,0.20759195155392424
row_020928,0.3858908480286187
row_045071,0.35866895440221813
row_047472,0.12028287624844622
row_042251,0.419716104224456
row_040997,0.40620775585244034
row_005995,0.15029408751764037
row_027176,0.42612568241801835
row_008274,0.3624667327283759
row_032736,0.32438344338425235
row_023115,0.22432724484844774
row_035658,0.11396798787327012
row_006138,0.12526150047312248
row_019130,0.336715622994455
row_002670,0.19793616644954495
row_006255,0.18936678204929733
row_005651,0.1806090783387523
row_043855,0.3265464174158382
row_007423,0.1435882439945326
row_015812,0.205069989713199
row_020155,0.3662644457284141
row_033097,0.3871077294612467
row_015553,0.2796758855091841
row_022704,0.455652427504065
row_003426,0.3051570902222106
row_040870,0.23848975871884887
row_018277,0.2048373465048645
row_012800,0.29804269780596
row_022376,0.37488478831243777
row_020749,0.22883642540044474
row_031281,0.21421600721960396
row_006067,0.3075775464224071
row_021638,0.23816403829264318
row_018006,0.30668104301971755
row_004970,0.43245535350252573
row_030920,0.3978542072711458
row_005158,0.18700925961157827
row_018533,0.1260172237889702
row_031675,0.1441733811354648
row_045182,0.23778367229525005
row_016486,0.38410886911608794
row_027619,0.42868631278573643
row_011940,0.26139478720587045
row_042795,0.35189570876178194
row_002718,0.12287483208560662
row_001909,0.12765264857239633
row_023271,0.24089272109589524
row_000197,0.3143670058819884
row_029271,0.22510000657006196
row_003093,0.08007121357281216
row_008884,0.24927801538737776
row_036034,0.383980296800576
row_046581,0.405615907977234
row_049370,0.3957923988795176
row_002929,0.1521716393831139
row_024213,0.3335218353302742
row_026438,0.11552340030263072
row_037866,0.29500026242006744
row_043730,0.36356048405362884
row_017971,0.17201811136496367
row_029192,0.1202084424560865
row_031987,0.2425977014623439
row_044627,0.2054222570009515
row_001416,0.3346466925639582
row_033596,0.3808916953051995
row_043986,0.15135645530904002
row_023233,0.4334367824624869
row_025624,0.3233348928340037
row_038402,0.335040093111942
row_039922,0.32659950990925724
row_016911,0.3758975653932505
row_006437,0.23973350730386966
row_017788,0.2950538456454761
row_000518,0.18219897290686557
row_049258,0.31567821310671396
row_026702,0.23200488340832773
row_036532,0.3630466090732269
row_041475,0.1429998048808621
row_017901,0.35364684768795285
row_005041,0.3844392369260904
row_017480,0.33845505504158446
row_010454,0.28741408800466145
row_031554,0.151527847224321
row_011551,0.2365363724943422
row_023087,0.4072990962023638
row_017085,0.1785519312689378
row_044985,0.18309479228366196
row_049408,0.4249237154441682
row_012875,0.2438266606412531
row_003885,0.13274584607033935
row_025956,0.44087514529959076
row_045329,0.14035354793447646
row_022840,0.3094824935965508
row_038293,0.32683600360668263
row_038364,0.20763866834836447
row_039924,0.22161851747542577
row_018092,0.32734505503015143
row_047486,0.26365465650774933
row_048318,0.25479524912090196
row_035464,0.2525998341089748
row_011393,0.31097882723449244
row_044376,0.3015585031819893
row_006264,0.3614709126644911
row_032892,0.13378417433255607
row_019527,0.3739042911826142
row_022161,0.16857919197280977
row_017593,0.16071666913165955
row_013059,0.16397421772662757
row_047037,0.21160177774193434
row_033431,0.44954715326855066
row_010242,0.12254086835759001
row_031348,0.4828926310040122
row_043752,0.44529026083021084
row_037028,0.3061290811924826
row_046779,0.3676504307260143
row_047488,0.3036110205245277
row_038067,0.25936452455088127
row_025445,0.16915622021513504
row_043994,0.17485836862616216
row_034065,0.46485374846155386
row_037651,0.3643834452088681
row_016351,0.2457031169932531
row_036263,0.17208133442721216
row_018233,0.4285874765100477
row_023403,0.4189074730336915
row_020605,0.3925300415118281
row_048717,0.3307453870261629
row_043740,0.1878688240176345
row_043320,0.2640197067988457
row_038274,0.19804364722806808
row_009194,0.25249695028128605
row_045462,0.21282677463514335
row_007738,0.14429705629235823
row_046763,0.12432701949671866
row_036390,0.23880677791211852
row_041286,0.31938404462368875
row_020952,0.3116211474313227
row_013245,0.2461453074646045
row_025075,0.18446920975090936
row_026675,0.2820855023256906
row_030484,0.10825630843134962
row_011347,0.23417114645122689
row_006986,0.2134664520056105
row_020134,0.505974180702527
row_045693,0.24869847526835037
row_030525,0.28673003343290804
row_044383,0.13882798630958104
row_047840,0.12527793288726993
row_009196,0.26168624914666955
row_010005,0.35770829752034033
row_001020,0.37878016686041616
row_011535,0.4031612954959812
row_020547,0.31279934071694154
row_015806,0.44708024504280375
row_039973,0.5229512297468015
row_038932,0.4259175126599575
row_006020,0.36335831699602555
row_003915,0.35719367378924555
row_021113,0.13517265187445504
row_001214,0.35561429944986567
row_032509,0.1680323553451925
row_041833,0.24220674943486595
row_031310,0.3847049279208256
row_016857,0.2565645062613414
row_044818,0.17994874666439334
row_027058,0.1732444338132945
row_010782,0.15777909878597018
row_041732,0.4360755638297131
row_023867,0.16276924292525802
row_019249,0.28205840781606273
row_036213,0.1740571528423603
row_017014,0.15182841306258993
row_033874,0.41667859105317906
row_014033,0.10212235820275237
row_031934,0.14752448984458308
row_039397,0.14183880083270234
row_045829,0.12978577802261831
row_032888,0.3168909934426652
row_025504,0.40492776964486876
row_041872,0.10298987562865969
row_014131,0.30381407600598476
row_017209,0.1759444574117681
row_000531,0.16174335023439568
row_008034,0.4089221408362229
row_014236,0.33578740694025416
row_034858,0.17989632866209984
row_025233,0.12135187837767225
row_044302,0.29901749895929985
row_018998,0.32520726452019005
row_028258,0.23943963212640892
row_008289,0.17196749246607262
row_016164,0.30167465418252837
row_003091,0.13901149061250256
row_014390,0.2693566595935058
row_020763,0.20040947725525568
row_025189,0.15199057987911854
row_011346,0.12023766052467921
row_009713,0.4310362373913926
row_023116,0.12662904541669676
row_032979,0.2698219190699248
row_026942,0.3468555940974989
row_046474,0.1827473881463577
row_032613,0.3214613783525711
row_027128,0.42009069113504194
row_016502,0.42669813196910233
row_012065,0.4046468125210566
row_021996,0.35014992590617605
row_035290,0.3590646710167298
row_037883,0.2819803288645888
row_038301,0.33070971552697287
row_016097,0.09127010271131927
row_026952,0.32688168653816646
row_005095,0.19069032179043452
row_039530,0.28458635134842725
row_036307,0.17475825714871981
row_022783,0.38160473886917556
row_018354,0.36760411175625285
row_023427,0.31376362822975506
row_001934,0.23812570669060634
row_036778,0.2585991602864719
row_018318,0.11664446773646066
row_001889,0.33245541025432246
row_046606,0.38068805607610745
row_020394,0.24933753162296973
row_001447,0.41085699645445256
row_027377,0.25776256019574445
row_031723,0.42293352022048764
row_035531,0.07738879060597935
row_048043,0.41783219637552915
row_013932,0.34887070178432256
row_046962,0.13941075326925856
row_033893,0.4073483194632898
row_048302,0.3224637070225163
row_007948,0.3184110345683724
row_026905,0.36724176667228214
row_014263,0.08315556258588153
row_013431,0.21045498979960914
row_043264,0.16575272656288778
row_013293,0.357074912444659
row_047398,0.2934659675334666
row_003983,0.131794008436557
row_004130,0.13329780994342186
row_019853,0.4908603384194271
row_040436,0.430349867222157
row_000284,0.2816512693821058
row_046748,0.1863495607165591
row_001362,0.15368935819126242
row_002037,0.3000652016249227
row_012031,0.2384180208716982
row_021394,0.35402197929113
row_045524,0.3160794180808838
row_033847,0.3667629075259458
row_022501,0.3601294211706784
row_025338,0.18573528758010815
row_004753,0.3828406909147803
row_029667,0.42711359987276426
row_017637,0.23777399732174864
row_049674,0.3764784448241539
row_042850,0.12195578903416229
row_039886,0.18337765940454784
row_036139,0.23791539397916026
row_033201,0.21871301424873418
row_031762,0.26939479182749576
row_044373,0.4247113453758609
row_002783,0.19810237318876736
row_030381,0.16686511948973703
row_005568,0.4547641285414401
row_039772,0.3699228475171653
row_031377,0.5083449554831485
row_024780,0.19999847859403652
row_045130,0.10501434102405229
row_025680,0.23465397842115232
row_028927,0.36541476161640296
row_044684,0.21098811972717813
row_026921,0.10315904440056856
row_020168,0.15718134888264246
row_008231,0.48015375927840825
row_044213,0.21173614010732517
row_042282,0.3506819689358919
row_029946,0.3010203315047409
row_036505,0.37885226690341683
row_020160,0.12938463448317175
row_013864,0.16972930412179316
row_013899,0.3685866451954969
row_041537,0.27438084531255186
row_007205,0.34103679030224
row_035126,0.15198997847455378
row_004588,0.3776110508004854
row_045702,0.4260256117312579
row_014957,0.13145920031551628
row_005404,0.16023525985827722
row_024315,0.1722065560235385
row_002841,0.332551720297964
row_018553,0.2914540398340263
row_026612,0.1571679708989173
row_033020,0.13717192870936035
row_042373,0.5196871815305748
row_046170,0.16126746822977422
row_011082,0.40592011279213475
row_042225,0.46224235270857267
row_029066,0.2383468921915325
row_042679,0.17111953955019552
row_006699,0.3332316953800557
row_031836,0.3395829865862837
row_028633,0.2958104430474032
row_001810,0.3615830095887292
row_017075,0.16392717282368055
row_036172,0.2700048555980749
row_016236,0.494180626146593
row_046199,0.273161636211785
row_031568,0.24748957573135316
row_009633,0.3497818518066631
row_033924,0.17106262878658812
row_020991,0.30518588536308006
row_029151,0.23702315916388147
row_029385,0.19167250293125745
row_031617,0.15180999326477526
row_039178,0.31356083140589386
row_016091,0.3561560548161929
row_040423,0.23276637937260564
row_021712,0.5032604991559221
row_022341,0.5316638684922601
row_028132,0.28629065855603264
row_035107,0.4140290747108489
row_021961,0.29050402449727647
row_013357,0.2539265021503418
row_009367,0.2606294553530465
row_035393,0.10792716557290634
row_026569,0.3093135007285443
row_041709,0.1513015215210809
row_024552,0.2071335047944952
row_039162,0.37525543859986854
row_034538,0.1472601788000309
row_021130,0.4116472630973759
row_010442,0.33712000239043416
row_001411,0.26052286438198236
row_026305,0.3115280482220832
row_031362,0.24064509872349674
row_002035,0.24805701461181245
row_031541,0.11234865802990683
row_044044,0.1614809450585838
row_049424,0.32521891552731935
row_026087,0.4045078454054596
row_016445,0.2610148561924709
row_024737,0.36900255850156455
row_032843,0.1295619520589291
row_022933,0.24201432302651937
row_044927,0.1283026032745498
row_026040,0.31059275631381
row_042249,0.12494281319023415
row_032741,0.12509487194854638
row_019525,0.38304163226761617
row_000608,0.2996589947313857
row_012895,0.2988364105363289
row_049851,0.31529954727613074
row_007665,0.20958662819025345
row_031557,0.12067463021907791
row_008476,0.29228946037778614
row_007519,0.2104668042260507
row_021865,0.12893307901322573
row_004049,0.1728566354375308
row_045732,0.405811891704025
row_044448,0.11846744113754483
row_033993,0.4114457737479119
row_018052,0.16481025563081494
row_024721,0.35724124821534275
row_006001,0.4071430490930689
row_019590,0.2888785448772896
row_019370,0.22539527861550415
row_013535,0.35276638449432857
row_022123,0.3353680140458233
row_049841,0.32093772090511075
row_011546,0.2525981591213008
row_021720,0.3802153533452618
row_031134,0.3867071242774634
row_043761,0.2439047008395016
row_014827,0.16855914438237776
row_006131,0.32691974814370156
row_014776,0.4250697035771143
row_034402,0.30685749837890974
row_000921,0.2516807837495946
row_013369,0.2548866445091709
row_006864,0.263920456355484
row_015722,0.29979213606504723
row_017241,0.31508840425228435
row_026169,0.4730065907645143
row_046822,0.19392942148889478
row_013563,0.3017623132693735
row_027134,0.3813619493279131
row_007643,0.2547746042193474
row_006201,0.24155712484957576
row_031320,0.46614813225139795
row_014865,0.19504966038978638
row_045623,0.26893890976205304
row_000730,0.39727198624380367
row_024489,0.43296063733133416
row_043057,0.4583604160725311
row_038585,0.30426685684200255
row_044077,0.2978104756360662
row_021820,0.34177340597306016
row_048293,0.10783032902145419
row_012744,0.2161756363033794
row_012886,0.15019149596200934
row_005854,0.24578326135182463
row_015056,0.29568215685677407
row_034367,0.1424993878963629
row_039061,0.32377802259156085
row_019492,0.2856378278512172
row_022838,0.14273854296839628
row_000716,0.12937858268257207
row_016339,0.12470400747072763
row_038894,0.19252433255961857
row_013072,0.12722884770333917
row_033851,0.3692675493920897
row_048111,0.17446260660765978
row_003772,0.22657391895962034
row_000133,0.23316267435392143
row_018304,0.3076293560406663
row_028484,0.42191582014591733
row_015776,0.33948371062161325
row_004322,0.17330012674458986
row_008523,0.3034093134309786
row_020697,0.276379389809048
row_002101,0.383797901167838
row_011329,0.3427076099041387
row_041444,0.20070197624059455
row_001065,0.17253998556160552
row_027100,0.2684595750352785
row_010280,0.48903447190176913
row_029637,0.1998026347759223
row_037250,0.13880218432542027
row_030881,0.30311429218942454
row_000748,0.18220236527149256
row_013087,0.3722513647426431
row_032584,0.221490963559814
row_049561,0.534035567671224
row_006596,0.22050013340534416
row_029164,0.4240107941499528
row_043392,0.18316300935896354
row_040554,0.2529062014570282
row_001332,0.13157388305227738
row_042101,0.17294260115602875
row_019405,0.1652748118696586
row_021154,0.3856102552156422
row_045690,0.4740562635525314
row_016853,0.244423062214935
row_036886,0.46933387962126166
row_024236,0.2769665137437621
row_040522,0.2406069188274567
row_038571,0.11636832429104403
row_025389,0.3211286958906807
row_034095,0.15820626215256206
row_008484,0.23746962947442155
row_009029,0.24190850841715256
row_044827,0.13444369160221367
row_018210,0.19713796675313458
row_014508,0.13163441490429634
row_017946,0.24154888024835947
row_004455,0.3260464140708414
row_046659,0.13064091225353267
row_047906,0.2696854298895599
row_030588,0.42473690000431136
row_027600,0.32875454217556777
row_022196,0.3833346418883163
row_028144,0.3343639436494001
row_001594,0.2526228080117408
row_011729,0.36732986094137354
row_029836,0.2439858531000687
row_017112,0.13461269649125768
row_001140,0.1811482086584104
row_016350,0.425443705664965
row_002703,0.28461005998775213
row_038480,0.4760017557293299
row_033696,0.2534964677307484
row_007627,0.22957671123183107
row_009745,0.28717039976762937
row_027821,0.27159842839269627
row_043026,0.18093080826746794
row_046588,0.40165851038500505
row_017947,0.1713582688107002
row_033559,0.3482116439647105
row_027602,0.08951798266629117
row_035591,0.13481218220693397
row_039683,0.1007368902298706
row_016042,0.38887826002452414
row_022343,0.15555272041529244
row_038744,0.2710041022834841
row_033998,0.2409240431413329
row_036899,0.42913364069165366
row_048598,0.4014450192595318
row_037777,0.1286371664405106
row_036216,0.22811160929472385
row_027585,0.3017061910475133
row_041468,0.1067609779262175
row_000906,0.33687227300157524
row_015856,0.2954088364814577
row_033073,0.39404539875867106
row_021554,0.2030344375382964
row_039800,0.39579296018037313
row_048466,0.11737565803985273
row_038286,0.39743499601553517
row_024741,0.2520186796153544
row_021888,0.20158606694008774
row_043967,0.26772057382902903
row_025907,0.13813096794237997
row_030419,0.39135358566714606
row_008583,0.24568225198797697
row_046068,0.09461650158021798
row_038674,0.14283178552723436
row_038972,0.15442432701224576
row_012517,0.3513895184189569
row_003037,0.16274406680626133
row_048725,0.14569335629275534
row_029064,0.14943527850431876
row_045010,0.3648831422292278
row_026283,0.36268944891516897
row_031011,0.12100188677960831
row_042514,0.4779518262685586
row_001725,0.34299373019474827
row_018790,0.46086358243657455
row_037038,0.3861200649274038
row_025205,0.14327390573943938
row_012846,0.16267266184520737
row_036385,0.2090708806464581
row_025901,0.31046037269571175
row_002032,0.2666299948863588
row_003552,0.1283999494547437
row_015540,0.3625339540585051
row_033017,0.27528071282618316
row_018036,0.3761928678698069
row_005508,0.35527619548349254
row_044261,0.1048352090283714
row_012705,0.1620149805494994
row_025969,0.12404059667150076
row_046452,0.11592842817987212
row_003991,0.36187902893772866
row_030456,0.3908198306490499
row_015901,0.36646023633940616
row_042685,0.23644122700715023
row_012164,0.12727801431296842
row_032127,0.1340426959609561
row_046380,0.33987954154325417
row_031813,0.1565809166058735
row_044496,0.27306981383627604
row_042671,0.110879445330664
row_011372,0.36029493476776664
row_035166,0.27773789573307933
row_040377,0.12234723452468951
row_017835,0.20619650321774874
row_046756,0.2656391811681831
row_001952,0.48674412049830174
row_009627,0.22088708376668734
row_025806,0.15092851780234567
row_047510,0.4664727851796282
row_037337,0.17645763155768093
row_015176,0.23399839537595676
row_028112,0.16809511495691337
row_041580,0.3185820757892695
row_045712,0.29239953265594104
row_031178,0.1273432022833029
row_036609,0.30608673442654755
row_041470,0.22925495659021247
row_015630,0.1449150369837651
row_017578,0.4255716936293918
row_005905,0.2473144103321092
row_043583,0.23215062166151776
row_022637,0.30501258700261324
row_022363,0.1984337065714912
row_034630,0.15648720981751213
row_023824,0.3478774857590159
row_025431,0.2368185062147615
row_015532,0.2293251421598014
row_018220,0.24917098641192423
row_038359,0.1957612702450027
row_024973,0.11328600352450023
row_011255,0.3217278130390684
row_043523,0.3467113559829059
row_034166,0.151975602454195
row_041078,0.2152035050460635
row_005144,0.22878050695863153
row_041755,0.22029704522855217
row_029078,0.12033984800682691
row_018660,0.34768458860489776
row_048608,0.30587790345008864
row_019701,0.34587135379121675
row_027843,0.2103146793286816
row_022176,0.11464162324894009
row_018099,0.30118037162830835
row_013095,0.4122835698317755
row_024422,0.4495653751238066
row_006795,0.3449705055065256
row_013064,0.36830194289035223
row_042934,0.3819176917476616
row_014103,0.3270537616954994
row_046225,0.3157047982780699
row_027764,0.14221940391272933
row_037389,0.2173925545445285
row_035511,0.27416930712265064
row_032174,0.09797775241675119
row_022521,0.3200721159529873
row_042496,0.12301967642302836
row_027308,0.08759797192716487
row_027599,0.2964166300285181
row_032512,0.22429717027965204
row_048693,0.3433654277401773
row_012723,0.21514895258303127
row_017365,0.11100408383417289
row_002998,0.20867765085294532
row_045646,0.48347267724344
row_011055,0.4836504322385633
row_046091,0.18497798515611466
row_021245,0.1941428333354488
row_027061,0.29816823223587596
row_024390,0.26549257339344096
row_027855,0.4022518054308161
row_032896,0.3376960880292518
row_010700,0.2973285814620084
row_005834,0.14281114642029577
row_024747,0.11518209906971089
row_040737,0.19757230014169264
row_037126,0.36493147473218224
row_021998,0.40463627121470613
row_043708,0.2584510939088444
row_033054,0.4768746804954818
row_031569,0.36582727746540694
row_040960,0.367046480963173
row_024724,0.15475807795529498
row_045567,0.150068901030888
row_040242,0.1517677587172124
row_032271,0.19612748915090314
row_015948,0.1715666550646837
row_004372,0.35319136545134877
row_005412,0.192546088632506
row_000472,0.28360724588432984
row_026634,0.3591654565531765
row_037175,0.10371247417282338
row_025016,0.12329876497280343
row_019680,0.14276541168464005
row_018431,0.4156292127407569
row_021015,0.18796740912154086
row_006489,0.163876259036988
row_024261,0.10424354551871713
row_016335,0.3437976587659335
row_033772,0.33881831070184765
row_032969,0.11663957122686276
row_041142,0.23800156377388604
row_029050,0.13720085544139152
row_025646,0.5711918021466442
row_034393,0.39203652808415546
row_008065,0.4429914984579319
row_026668,0.15183644441250527
row_018454,0.25153484817114324
row_002057,0.22989939809658233
row_024147,0.35488599567205076
row_021656,0.14087896231648622
row_002188,0.24087500986377755
row_026172,0.23081729392251837
row_012444,0.27123368418944394
row_032535,0.34843284199316876
row_029375,0.16006518293744176
row_025059,0.12628474430812692
row_037697,0.21587797447433382
row_031121,0.3686173719327839
row_013084,0.41026006900526524
row_016812,0.3710112397578718
row_000808,0.33437387569973026
row_025388,0.4012450659904256
row_030563,0.4206198308151815
row_015950,0.1707692020865183
row_035916,0.12269183420786331
row_048650,0.342692418576555
row_036767,0.4763590542971186
row_003172,0.1657537119480166
row_012522,0.3390779419675971
row_032409,0.25205322991652984
row_043496,0.23570242825662052
row_023736,0.16034501109614677
row_018788,0.40840013707065626
row_007698,0.13413346848517213
row_011865,0.11316496697705504
row_018310,0.46222472880986787
row_034871,0.1717511256377375
row_016985,0.12312880497615768
row_015985,0.3860905086240553
row_001804,0.29001232579820013
row_036755,0.23314276120120925
row_023556,0.2121563908653215
row_020130,0.39969618776117966
row_025746,0.2593326653180386
row_002047,0.18915995922276574
row_009604,0.2980383585087399
row_009401,0.1659587884666667
row_043830,0.37563383744619167
row_007128,0.4021124229725637
row_026874,0.2782542701584754
row_033932,0.3782522535977123
row_030983,0.30728443085967533
row_020924,0.11474925132595898
row_039053,0.11735764431731188
row_003119,0.13425491699095193
row_033021,0.1915763057244196
row_026290,0.27293853750735214
row_040520,0.2611250248659362
row_044150,0.352019640110508
row_045251,0.1465774444045122
row_044503,0.3150961931341457
row_049635,0.1947328786486815
row_040335,0.16411589563006343
row_012665,0.12453674865210274
row_023997,0.2348017949363784
row_006371,0.1464914385770455
row_013027,0.44384593217276463
row_025351,0.1620386621210075
row_008668,0.13507374131677286
row_032250,0.5232473144889092
row_042588,0.4346264443958444
row_009040,0.1468172140798032
row_010736,0.27232027593076974
row_028523,0.17349858887655992
row_024358,0.1963252370441195
row_022181,0.38943713677152114
row_020910,0.2092153076606167
row_000438,0.23204660425753545
row_022576,0.21865515324943766
row_006656,0.12721497501652482
row_030532,0.11690696151621899
row_018102,0.2122663934822952
row_043531,0.38412128119790395
row_020275,0.3414764889155342
row_041927,0.12392478829676903
row_009922,0.38510101320851126
row_025347,0.2116521050082357
row_026557,0.38058933477541496
row_002614,0.20083427983193083
row_044544,0.32792866056147146
row_023146,0.1465958045314052
row_012940,0.1682526014856631
row_022544,0.20950830988246635
row_005302,0.1234347274066262
row_018755,0.14204246203541265
row_012013,0.36860111140484236
row_028587,0.17596623478012377
row_011771,0.31838568544270984
row_030097,0.3951587652247059
row_024060,0.40354891755441064
row_007079,0.2376025754106348
row_045001,0.202005402170109
row_023690,0.3417396451826539
row_045565,0.24874609910170295
row_001199,0.4136946661357955
row_039305,0.30972801292554586
row_017914,0.3670743901287858
row_033482,0.336719027656675
row_009496,0.3338937659123136
row_031234,0.367199552321434
row_007974,0.13963317085367377
row_020687,0.15871142442320388
row_047040,0.24428356566919615
row_005433,0.11477780830747412
row_032143,0.406721845098687
row_039089,0.27899693580078583
row_015788,0.37818307482857444
row_015298,0.43621137665466114
row_003349,0.3664831102663185
row_023786,0.08340508473175179
row_000917,0.2723979258314755
row_005467,0.4271115244281284
row_005936,0.24268359236441342
row_037623,0.10412900675820635
row_007179,0.3376231744291345
row_019221,0.2433484999347504
row_028980,0.29479850780565586
row_028051,0.12989225978710464
row_023431,0.4074603182031393
row_001958,0.11874853249458804
row_001471,0.3191054208021383
row_030637,0.3062071472420595
row_036078,0.2934353158339334
row_013300,0.1502895311510982
row_031741,0.3568499062918959
row_036835,0.20806752475266607
row_023454,0.18440238075784898
row_030158,0.22306311350846952
row_035135,0.1313563080118902
row_000790,0.11923753589255268
row_017751,0.31167418303317856
row_036654,0.11518952927474906
row_012046,0.219474457993554
row_030118,0.13957914730322388
row_005724,0.2496646324504728
row_042287,0.2714634429889964
row_049483,0.11855135277629217
row_008495,0.3575042159037557
row_024946,0.12500164154376364
row_038688,0.2161309654236906
row_034227,0.4240220370502756
row_039105,0.418663228735075
row_031700,0.2674966496929244
row_002038,0.12442675883328365
row_013669,0.15903419289830126
row_022504,0.22184461525575414
row_024234,0.22521813078918598
row_028642,0.26933217632832823
row_041110,0.40516892227717405
row_020032,0.4377472344657738
row_035991,0.30615737539696036
row_031434,0.2836454294074714
row_003485,0.36213159074621754
row_008771,0.39976987492573257
row_026390,0.2740457846947283
row_001868,0.12482852946138359
row_008664,0.28495095486814565
row_013330,0.11535493209090976
row_044438,0.11336919283020551
row_043995,0.21657642327893067
row_008312,0.3116154091383296
row_027081,0.19623303841215295
row_028553,0.35998945105339336
row_022476,0.1691678930754072
row_021281,0.10137071013032618
row_028261,0.2608205931211727
row_034788,0.24115792386220342
row_027292,0.3903351557017778
row_028235,0.2654088154703178
row_036138,0.26428458528518245
row_025021,0.5633004060452657
row_004919,0.13735543804581388
row_045708,0.38405589372368126
row_048516,0.2451302087298997
row_013565,0.3303886775025816
row_009710,0.3519045306240303
row_028266,0.33301780306081763
row_034145,0.16131551529277877
row_019649,0.144129432462201
row_031859,0.1781277426602206
row_011587,0.3568289056953743
row_045301,0.11178454118305081
row_027674,0.2447354880432325
row_027009,0.21836982615364892
row_000082,0.2617114602678293
row_016727,0.2999252490990724
row_049387,0.1729496720377748
row_048162,0.3708785445403165
row_025524,0.12019425536782125
row_020712,0.25090599045403766
row_043687,0.1446430292386572
row_004913,0.21270328383278678
row_005076,0.23520839904055577
row_018447,0.365527517677826
row_034782,0.25652691720480203
row_008100,0.1976243803923001
row_026993,0.3404819298826912
row_017505,0.3450190597435085
row_001086,0.3785630206923637
row_000127,0.2610264683399407
row_025914,0.2386588268116933
row_043364,0.3587394301572273
row_033777,0.1352269821628494
row_028909,0.2520524584520808
row_010871,0.42215277983278143
row_048924,0.3795068166581126
row_023429,0.21129927247697777
row_049490,0.3094791885326604
row_005597,0.2028347069702057
row_040931,0.3114134189185164
row_039294,0.17050006370340856
row_027668,0.26377946437594635
row_042162,0.4213017674175818
row_039420,0.24162884261127437
row_014657,0.3874952994852433
row_034444,0.1182242967128328
row_006157,0.3909222959042584
row_048706,0.2628516796286377
row_006394,0.19867419585558607
row_024241,0.4017211729362538
row_041559,0.42547221792119794
row_007207,0.1569783947240628
row_009234,0.20298273135978223
row_041111,0.28462056697204946
row_016048,0.12196667910710678
row_025385,0.3633639168097279
row_022428,0.41783569820731004
row_049873,0.4258019152002494
row_030488,0.10544246138047726
row_008749,0.14634124545096436
row_010084,0.3554480941242167
row_014016,0.332543917657186
row_027739,0.14802969532334967
row_046849,0.13482192321060155
row_016269,0.2273400042488534
row_007151,0.13020306513305693
row_007061,0.4198357195570173
row_006251,0.18048634496388874
row_004955,0.28356334296950503
row_032462,0.15666853564299849
row_007381,0.31560555525885714
row_036528,0.2995092489264516
row_029014,0.22624237159455907
row_026682,0.18078109565101264
row_036907,0.12669787962363294
row_029744,0.32657834279047954
row_039964,0.33798306785960625
row_049621,0.1929757514005128
row_041531,0.28506842584459663
row_022103,0.25689158209302876
row_004852,0.35502606417204413
row_019465,0.5430669974954366
row_021593,0.33607522077695107
row_028227,0.20067391543538002
row_010556,0.17837359110886394
row_004438,0.3385432856736117
row_011678,0.1703726396688839
row_038832,0.31766968086209085
row_045204,0.1066678353205784
row_036135,0.27820801042134485
row_011559,0.38264674307466234
row_029776,0.10535715906483073
row_005497,0.41095277391266477
row_047974,0.35342426306216884
row_009838,0.2105697424888351
row_041150,0.39204732426282896
row_003764,0.41412918660776393
row_010587,0.12366361665037498
row_019909,0.17025494565255142
row_026351,0.15362658024663653
row_043417,0.1307275024714852
row_018066,0.33300991443371
row_015878,0.20028971025294562
row_049690,0.31336597660604687
row_008284,0.16584350728107058
row_041530,0.2599619185755708
row_029096,0.1369630982928298
row_014923,0.1611260922164044
row_009103,0.3147096704891001
row_019273,0.23565685836247063
row_046864,0.3570302149451535
row_030554,0.23475026041706862
row_018640,0.14532077350217923
row_011120,0.2640878636060388
row_022954,0.4138514275030306
row_007589,0.45362825744417357
row_024431,0.26357789107811375
row_038262,0.24236177578362442
row_025197,0.3829760348937749
row_042524,0.16745228994850395
row_042239,0.15464965075734433
row_035653,0.16436834102417985
row_039890,0.11919014573222747
row_014477,0.29721833942411696
row_032559,0.3267447899658196
row_005485,0.3569203115766718
row_047463,0.31455170483419026
row_035751,0.2937133963492397
row_022327,0.14683687113526225
row_010970,0.4441706384302808
row_017380,0.2738729047628302
row_028430,0.18039119369662496
row_038681,0.10569678598586726
row_045681,0.4954205941185912
row_011756,0.13730340973238342
row_028291,0.3799371007231787
row_023568,0.21803417812916753
row_010828,0.31837227882684066
row_045799,0.19716767767921717
row_036214,0.2084050086974653
row_036553,0.14712919190331428
row_049778,0.197898798877049
row_033935,0.353799387541602
row_037132,0.2522938573870402
row_027027,0.10857817477969613
row_045808,0.35884141436465405
row_044006,0.23105064707005468
row_047560,0.2011169640251937
row_028120,0.16350713847133966
row_012018,0.3354801563647124
row_000014,0.2444922784664322
row_001650,0.25807848395979954
row_007551,0.2619513102152957
row_028267,0.16477183002927182
row_001524,0.12355300119733632
row_017551,0.44335774492307867
row_032539,0.19237161982968295
row_012959,0.16160301704090355
row_004075,0.12631843577364746
row_012863,0.36151023560554846
row_009249,0.08605695399313097
row_011428,0.2246162315189684
row_043820,0.16272280181640292
row_016446,0.23122692805338407
row_040581,0.15849612978001884
row_007370,0.3237540892970841
row_031764,0.33035365923149523
row_020104,0.11088971662294084
row_002965,0.3453285649247532
row_024505,0.3982869638248455
row_043910,0.14835129169553296
row_033496,0.300657795984341
row_020416,0.24364737050717072
row_048282,0.13008599684069744
row_010221,0.2492005654443602
row_010804,0.2874844706057215
row_022525,0.12709244885826776
row_045779,0.14105189106267774
row_008839,0.21689525432941895
row_013200,0.3551737603519532
row_013769,0.10486816811948997
row_024064,0.14006715629714883
row_045282,0.2772236073268078
row_030246,0.30883728485236
row_041398,0.2965644239317574
row_015059,0.3443065449065497
row_024817,0.3514835274911669
row_008132,0.32540855075664976
row_049158,0.5272963375948463
row_035076,0.3268054250540361
row_039434,0.22521849841935243
row_040567,0.13199441698454273
row_010423,0.14923250364916288
row_034628,0.3002493456304814
row_042368,0.4472962993227765
row_002926,0.4618505843873919
row_013349,0.33567428165140145
row_041314,0.3548563817244029
row_029421,0.29687169047151574
row_009176,0.3795637360195179
row_021405,0.18544604570210332
row_011645,0.3754357702307648
row_040716,0.27438362602254074
row_035052,0.2577723555596916
row_024451,0.36071502235340075
row_039818,0.2825633812358127
row_020761,0.22704650993885683
row_015679,0.25022717677978185
row_021470,0.13661842272330102
row_044420,0.2522072948643675
row_001595,0.3645697237261413
row_025690,0.27173131600380984
row_019120,0.2633257531653351
row_039220,0.1916966417894976
row_022045,0.26067279597836523
row_011848,0.22621318946404287
row_047882,0.18269061446257798
row_029133,0.34947560076127704
row_040657,0.3735501039831842
row_011792,0.09134386766452668
row_018991,0.31031869287420527
row_013435,0.40124553306607535
row_037135,0.29176173749472156
row_001861,0.34039806923697297
row_014262,0.3379103327984807
row_019661,0.1931494459526507
row_002380,0.13767781306229013
row_006247,0.33411523360724865
row_015873,0.21459221652061564
row_040766,0.16224577246865454
row_023795,0.1144478154401354
row_014651,0.22573105390095954
row_002602,0.3466849015655906
row_041541,0.2651432550315969
row_006740,0.47598466164170133
row_006120,0.4011747511685036
row_043756,0.13574375998973373
row_008464,0.13133547564849735
row_045539,0.24689673428726627
row_029979,0.19915275939931146
row_028502,0.34577881664689536
row_045649,0.27619895982607184
row_045151,0.16887288561391428
row_046424,0.37631734794565047
row_023216,0.29911653979352143
row_013415,0.22768677677466073
row_015297,0.2058452655168789
row_005874,0.17736594925174398
row_003737,0.2187211599419918
row_002666,0.3029778852123659
row_015221,0.25871443373243663
row_046510,0.2364447294393061
row_041259,0.31070626422948366
row_014670,0.33801859515058114
row_018983,0.3449767227270525
row_016583,0.2476066763540369
row_032922,0.19374095995195315
row_024888,0.3197405150868817
row_046600,0.28726898039551824
row_034294,0.5476414316750838
row_040749,0.18128169385298787
row_000948,0.31634739182005084
row_004028,0.36606266560636275
row_012129,0.25344221652812127
row_005058,0.15688581898998172
row_032141,0.3202687323414316
row_038812,0.12845189176409907
row_014305,0.47274571099109414
row_029160,0.3023761561901422
row_037591,0.2974402907293323
row_013354,0.3558498200521343
row_036710,0.1166818220366207
row_015918,0.35773837715482026
row_009105,0.11724577991819689
row_011730,0.3358323034168852
row_024697,0.38337434900134315
row_003135,0.2773135337627091
row_026603,0.3112125823201879
row_003528,0.23174520422527206
row_006068,0.3448656062176196
row_007946,0.1211175367827868
row_000643,0.13747400763220105
row_003441,0.4431970038528378
row_036250,0.40595153282089036
row_037162,0.28959555513703267
row_014829,0.2829499465115093
row_048873,0.21991714703051884
row_028159,0.3675758936137847
row_004959,0.13343447774805828
row_012428,0.14753421057010907
row_000079,0.14644805886181106
row_003372,0.1587260892312151
row_043444,0.24962410179545955
row_000274,0.3437826318848028
row_012805,0.20621024519220243
row_005569,0.1556752832728575
row_022269,0.1579383604023216
row_043537,0.1713524238527289
row_007822,0.30448793903502025
row_013755,0.15490959914632907
row_025628,0.4074661796422768
row_000389,0.3336241546858144
row_006917,0.4659919531367725
row_042247,0.34199740069678447
row_003288,0.07338730236260439
row_005278,0.23359188211110235
row_020259,0.24609101850998055
row_013520,0.3354346630937712
row_000486,0.16437975913949995
row_014469,0.18179659663098294
row_006301,0.20852637986334846
row_039553,0.2379105020438023
row_046644,0.10656363383762239
row_025175,0.2598081542582851
row_028047,0.322977728331633
row_018733,0.2542330882382317
row_017643,0.29200676972984363
row_043498,0.11237220074816742
row_008773,0.303351864247281
row_006185,0.2772209979527855
row_010163,0.1334771180409252
row_036945,0.12355489643962485
row_007918,0.28754066300660225
row_011250,0.3471704109566833
row_040775,0.306587792563897
row_042879,0.1909895780811111
row_008170,0.15637437555244518
row_037737,0.10020075165821993
row_004129,0.26661847505622166
row_023810,0.1705919768735542
row_022218,0.2764437414896783
row_030041,0.27574295762188744
row_042320,0.1590552572047848
row_043328,0.16923473378990322
row_017856,0.13932081122841017
row_033667,0.26397238136145246
row_003646,0.14015461715947208
row_030914,0.3743744291969628
row_023597,0.22656298748044237
row_010885,0.19404630674258688
row_042136,0.3042333925644798
row_028847,0.2614549368188866
row_046760,0.22939457756328016
row_046469,0.221365558800286
row_040605,0.10193116107830164
row_009437,0.28749092913060753
row_027280,0.11892938668560112
row_039713,0.11342477055910152
row_034072,0.32984661589339564
row_029087,0.17721377042496336
row_035921,0.15071658960347895
row_041995,0.11877437405422481
row_024875,0.12611943883221433
row_022715,0.29638884806642857
row_031479,0.13789354424640168
row_024419,0.3108927352296303
row_020376,0.09665626757012337
row_042849,0.39015622061845556
row_006479,0.38464086232970573
row_038240,0.20108899657564103
row_014476,0.1377029386285261
row_008835,0.16081491291592925
row_021465,0.13330031426994748
row_031845,0.40904275157003633
row_039291,0.23892813470707247
row_008630,0.35130598045189865
row_023200,0.384125535335601
row_032957,0.15193532995552672
row_028835,0.1288134170309685
row_040278,0.1786025560457903
row_047719,0.3206848372608276
row_003696,0.36917777470116153
row_004281,0.14588199334254576
row_001993,0.10818836514817759
row_033852,0.14865025890899125
row_027662,0.12151715423184023
row_014484,0.12198255560600435
row_013823,0.27034582763044585
row_048631,0.45904780467342704
row_032898,0.22971882202209634
row_034007,0.18473662757869155
row_008022,0.33949009495209703
row_043767,0.09067882848552841
row_035385,0.30095352389141866
row_031884,0.41206200276178756
row_002241,0.2773521351478829
row_035461,0.3988974404419983
row_007144,0.30120883402382853
row_043088,0.3813558430777235
row_013417,0.25574565858133436
row_020090,0.28984550695380573
row_004287,0.35716896010376487
row_028860,0.38231448374405097
row_022886,0.36213571486853013
row_031720,0.16203406308213428
row_003390,0.31604809513585513
row_029999,0.40549483780336826
row_033508,0.12718631490846685
row_021385,0.18316110082594947
row_043921,0.13096147829295318
row_006799,0.12237867494371259
row_043383,0.3933376101778941
row_037624,0.31486459017492324
row_022127,0.1621400923293449
row_041577,0.3287053708951143
row_030367,0.1472552993652226
row_005939,0.2620806659603954
row_043166,0.37620630497260743
row_009934,0.38658362903029403
row_031854,0.2469011807845638
row_001737,0.20827989544244319
row_004721,0.22462600876141764
row_016173,0.13297293635785679
row_043804,0.21346329064626876
row_036345,0.3627204155936744
row_021678,0.1322393742324611
row_014287,0.17507766401888247
row_009091,0.4403001489756303
row_024387,0.23885929230916195
row_001040,0.17918045349905345
row_030305,0.3840148154948726
row_025748,0.11059320221142903
row_006080,0.08473813842851838
row_035518,0.25647746112045633
row_045029,0.5630592910466904
row_015446,0.18511054131069066
row_015307,0.1812314984534768
row_009302,0.33727831166333083
row_037227,0.29959316504896766
row_034505,0.47732031917864687
row_031440,0.14879391550900092
row_018942,0.14791425308181821
row_049997,0.1448718911542688
row_020608,0.15241331616734938
row_037500,0.30223980732643874
row_025592,0.3908991848422005
row_035013,0.15337859922069433
row_019875,0.43084877598740895
row_041120,0.20739836054333663
row_028620,0.2828906114597841
row_002817,0.1361971985367542
row_021137,0.3705940395833334
row_040829,0.2699887138890082
row_017968,0.12826913621568947
row_028548,0.2609668874759464
row_010816,0.24998407976847442
row_002592,0.3637927604060468
row_013945,0.10282381750737468
row_024494,0.3768443303925337
row_007707,0.2524332656672065
row_044998,0.37409483761227647
row_036726,0.219461862494669
row_002619,0.3290270460434383
row_013375,0.39845253848413514
row_011203,0.30175403909576703
row_009325,0.14587230289300335
row_041894,0.39718666805200836
row_033763,0.2024204281384043
row_047474,0.1309012705688434
row_024102,0.231992397015078
row_030469,0.3272344043801071
row_044455,0.15215309822312198
row_027857,0.3676609220237318
row_025381,0.1024132066097501
row_015527,0.280517515300416
row_009551,0.5325636315632751
row_046348,0.2856799009579486
row_020793,0.22201166317100532
row_007994,0.25711017316962936
row_000794,0.2340376643467165
row_005215,0.14182614968001028
row_044317,0.1643690582429879
row_018149,0.35524901327914504
row_034506,0.22750404840663935
row_033976,0.3393647524761442
row_035555,0.34017956732298776
row_020610,0.12080376848965299
row_022913,0.3493947963003778
row_042861,0.1814133892230022
row_002832,0.2302286529042986
row_043527,0.28416409165390283
row_043329,0.4662075078769981
row_037006,0.3806169272361045
row_002145,0.2656425455146833
row_019783,0.37289309225337225
row_001275,0.1098233892858025
row_049805,0.23587187224525052
row_023833,0.331992677438066
row_002039,0.5043246515499535
row_007259,0.40122047809400097
row_042001,0.45435153102451586
row_009495,0.38914974895190696
row_027459,0.22351645382809246
row_004928,0.17357820593378515
row_016107,0.17259843358102647
row_040804,0.12205958347277303
row_002582,0.42428946948760815
row_002357,0.3903973270405789
row_040227,0.4103672847126873
row_019296,0.11865419076926023
row_022073,0.24010667353924747
row_018712,0.28251159915481805
row_024084,0.28249976498039314
row_000400,0.38451482506247525
row_042690,0.35294475218174554
row_034014,0.2970258822899722
row_022666,0.23325850796466863
row_010602,0.11649785792248936
row_009128,0.20184536293391744
row_041923,0.3231138705397942
row_044640,0.2912122782806081
row_009690,0.2154503345700858
row_004293,0.13110615551516544
row_031254,0.24871994797905903
row_027615,0.3908506613656966
row_047414,0.30751991516967964
row_040433,0.2866324142205031
row_009359,0.3465866216261341
row_041670,0.1780988110481417
row_007804,0.173748339639369
row_038902,0.23082836116330266
row_006026,0.3344470789832719
row_003304,0.20166181084232568
row_006161,0.3784788598031463
row_005389,0.4012480488342362
row_014266,0.19593993692333755
row_002842,0.1427471188694202
row_031750,0.1238368340365852
row_001935,0.383379424417693
row_018281,0.34058133723401973
row_024786,0.2075274321183217
row_029665,0.17135544424318808
row_019248,0.2562958053751959
row_009595,0.1402756511363646
row_033628,0.3748909182002977
row_014759,0.3739232665885675
row_004625,0.14620752800447864
row_022399,0.4390528037663567
row_046593,0.18360692738676182
row_017994,0.23263405275451873
row_015522,0.28952946746155894
row_030317,0.09571165949649382
row_012977,0.39633099536931543
row_015868,0.1476390446708365
row_018093,0.1487135613051256
row_047590,0.14286389986896422
row_034415,0.21052738670492732
row_004213,0.10974525512511751
row_037195,0.3096640422306396
row_038306,0.27903295662077054
row_016037,0.33480763282789655
row_017311,0.15891565030678895
row_006770,0.3328930658594535
row_007614,0.331952270384956
row_016108,0.271392804528267
row_014703,0.3843308090027906
row_036917,0.15034986201794898
row_003578,0.345661346383829
row_009724,0.16583460358557248
row_025294,0.27448932832756046
row_037323,0.300517015052146
row_028313,0.1919108883525198
row_014357,0.2085693544429521
row_044740,0.24413467140290368
row_030760,0.3272297414637575
row_039869,0.3746772036890851
row_004219,0.4324707263821747
row_048419,0.21383445363892253
row_035304,0.33600058292719454
row_049311,0.41823467057583347
row_026501,0.35354746864716713
row_027768,0.10483060105774716
row_031997,0.23124568279410374
row_021642,0.45249107616283846
row_020284,0.2654290389216652
row_019924,0.1284504567525259
row_049807,0.23443812247428206
row_041707,0.2710976850964865
row_042266,0.32843645226286977
row_025172,0.23085426041382573
row_009738,0.19738807547798926
row_035607,0.120585371191546
row_048709,0.1866266497039433
row_039620,0.35628390706172314
row_027943,0.3022933922892979
row_038165,0.3848859572291826
row_024161,0.23585117961583507
row_027242,0.2748554297576011
row_012861,0.10492109791689155
row_003516,0.3316410302467717
row_004361,0.40167941454091677
row_019077,0.25289720688320566
row_049911,0.3152672106434109
row_037583,0.24312742839598706
row_023807,0.27604685776553417
row_004949,0.39760822352406827
row_034869,0.1393742736856142
row_045319,0.22576157255239548
row_024468,0.1532439852445206
row_045445,0.4087243610908347
row_037547,0.4251427233901642
row_027054,0.24989708116905218
row_013382,0.28421255118847405
row_023987,0.1334139396758653
row_003153,0.30966556262389744
row_026543,0.3269727465363235
row_008810,0.16378161045528528
row_034365,0.3431091280036912
row_038382,0.20397208209622975
row_015757,0.3042159823811016
row_037581,0.32238124542181007
row_036210,0.39175472397903477
row_033344,0.3388548434612709
row_038498,0.24805075288196915
row_031901,0.4718604408060832
row_042694,0.3448699687811959
row_024078,0.2347294319714684
row_004402,0.406744114533978
row_028995,0.43601922986413677
row_003043,0.12254134088093795
row_037432,0.2642484432221037
row_015170,0.2426285658183883
row_018062,0.34841845375848596
row_014127,0.36171674262924364
row_012311,0.37196308586900395
row_032859,0.2726726390064082
row_006119,0.23777550141601153
row_008117,0.20480111182834393
row_011048,0.18356884508064603
row_012835,0.11214107655301954
row_006614,0.43807648993657866
row_019429,0.13128071102567118
row_034613,0.47662614689110955
row_042943,0.23360744089080338
row_003017,0.13336742113463027
row_023622,0.3096517037081631
row_010048,0.12331170601577576
row_014113,0.3760820328289387
row_048430,0.404013592384392
row_023360,0.414063917283658
row_020933,0.1883174008519086
row_001165,0.23504957433583445
row_048883,0.11655375371608347
row_023097,0.33952436297696686
row_038489,0.3800055792479421
row_047524,0.21686920046129388
row_019177,0.4330828989054666
row_027587,0.24080011158963419
row_027714,0.15674198914286314
row_017661,0.12388131795048023
row_023849,0.30746138403628964
row_019327,0.4955193455806001
row_029656,0.25422346596230605
row_045249,0.32666558537400736
row_039049,0.17664365563646453
row_017416,0.14262338353714263
row_014219,0.3018640214469907
row_033521,0.4290703750601855
row_045035,0.24080536752269696
row_011358,0.3404782922050742
row_033365,0.2973605050753815
row_037438,0.14785434674088888
row_006922,0.31738672470159124
row_037099,0.29851995019731137
row_028184,0.14641043201649878
row_001907,0.29431057482044154
row_029886,0.1345171770981852
row_049784,0.28894486341230263
row_049003,0.21110886787790745
row_004359,0.15887923830981196
row_016410,0.15028605598702593
row_006274,0.2952171983292348
row_045457,0.23514403962329714
row_002981,0.1731404290441921
row_026436,0.3721753932067429
row_029511,0.5028391350909712
row_037139,0.1279102187675733
row_036702,0.27478891110201503
row_032522,0.2189131678013007
row_049632,0.37987103747027035
row_008943,0.23887361436899882
row_031119,0.12744019431006015
row_038552,0.13181409248933104
row_007903,0.18493657895181487
row_021529,0.33059145428896564
row_023993,0.08975744674852261
row_030397,0.4370902418423664
row_004981,0.33118086888158504
row_042750,0.17748710154892103
row_017319,0.23239043822000846
row_036470,0.14147807803220597
row_017103,0.2461248354042791
row_032602,0.2192673062100561
row_017385,0.1507815215887575
row_019374,0.23662614721976627
row_029614,0.45191733229633785
row_009346,0.1388337891737042
row_025174,0.48270960323286954
row_008430,0.4196925062877467
row_008600,0.19190062630762983
row_004839,0.42577181652010626
row_023022,0.38302275888354786
row_026333,0.18851821052880022
row_037027,0.23553848287978332
row_049789,0.2662102619648869
row_044325,0.18276051000024413
row_009742,0.14438339074936196
row_033379,0.5127389544992327
row_011871,0.35555070644551506
row_043540,0.12950601162156106
row_023064,0.24064172482371146
row_000405,0.4568549682817148
row_014465,0.27955220549769577
row_047275,0.5219273803757911
row_008407,0.26453189854906584
row_000723,0.37675113934411053
row_034783,0.1179707320876376
row_021064,0.368647982098545
row_012557,0.1942926070295583
row_001100,0.25093949943028776
row_002780,0.3113328319954525
row_012649,0.3198138632638625
row_021261,0.293406682591695
row_007654,0.32297211555162053
row_043988,0.38938024083268535
row_005230,0.41179640373115406
row_043267,0.2845706513432581
row_024966,0.2077809082819726
row_022810,0.2073717885462702
row_009811,0.13233607066907926
row_015936,0.35070936552724763
row_017607,0.1542188144164013
row_023107,0.38606170056288064
row_000068,0.11047482510357497
row_044703,0.13852791114850557
row_018813,0.25534147442184374
row_014727,0.13244382284344028
row_032020,0.2823502908133705
row_023161,0.42050025701384564
row_047924,0.2169587715055447
row_040703,0.3122154172569243
row_014933,0.3918781758357733
row_035313,0.13675628912840554
row_024355,0.13358396927935076
row_027859,0.3073455788212348
row_014366,0.3052414426768665
row_035811,0.34352509958337424
row_028255,0.267951118535775
row_025327,0.2647942892043817
row_034349,0.1393051740641931
row_028245,0.2330326762546926
row_022652,0.1393403977519062
row_014238,0.4406669288434436
row_043779,0.10329992693790455
row_012077,0.087972891621979
row_007883,0.5158734889093511
row_042796,0.20604108808319796
row_007718,0.2738781630004825
row_000873,0.14378791007829733
row_013551,0.31828882286153126
row_046017,0.4265297768806039
row_024028,0.19088753201823228
row_044650,0.4178304875427097
row_036695,0.16941081105354483
row_023187,0.235229204809859
row_043744,0.11487588492336075
row_022922,0.37387036307911964
row_011789,0.3085962207477072
row_002361,0.2906986885971004
row_021427,0.11586374507231033
row_031072,0.21651156731026377
row_036898,0.1760262021174029
row_004170,0.21559948690763073
row_046302,0.39985752043562767
row_004001,0.30729194493544354
row_013982,0.40964866655746096
row_020962,0.33959224399779203
row_044737,0.3705067335068136
row_002846,0.3233166581221907
row_001113,0.15540997671264867
row_012640,0.2929245289947804
row_014363,0.2959115958305336
row_038587,0.33696184195872214
row_029588,0.3400486952406784
row_029778,0.13430702088414911
row_026471,0.3365345731789016
row_039623,0.3752337689625628
row_037001,0.2925034235674439
row_040800,0.21009316818232593
row_033624,0.4075650196491301
row_048613,0.36913334095314465
row_029494,0.3360569088559205
row_016378,0.13787006081883815
row_042253,0.20918738611797866
row_024087,0.3799595493554502
row_029321,0.3143065708201272
row_004157,0.4014497825816103
row_044426,0.2407176420511609
row_047149,0.49978583493753
row_039075,0.15996706941474084
row_036147,0.2325530769616452
row_037545,0.14080130380234684
row_042285,0.3059543243917324
row_014956,0.2518826138559241
row_003653,0.14631176879097016
row_000011,0.12581633826474756
row_033169,0.3671427519966648
row_014894,0.1322173682966173
row_043450,0.14194441314805428
row_013784,0.3882847520954385
row_015245,0.17379295525021957
row_039791,0.14940823722997829
row_036473,0.2999146993936194
row_010144,0.1970482781241118
row_047431,0.27926736819661996
row_010275,0.23054066116255315
row_012135,0.17622568224795934
row_022552,0.21260760592298325
row_024778,0.23271165909296623
row_046712,0.33897044852243774
row_031349,0.21925239971450705
row_040416,0.30945699471912474
row_014609,0.24842896505086018
row_039661,0.0994747880705167
row_045588,0.22726447571080555
row_004393,0.11499359066026275
row_023139,0.32899706397435946
row_004749,0.3750550275368676
row_030541,0.15250195644454786
row_032611,0.28210303800187836
row_016323,0.21476060590567966
row_012901,0.238556416770122
row_031081,0.26765131205401405
row_007480,0.34309414319200743
row_047072,0.22004550174102827
row_041697,0.12176590315910357
row_045692,0.2836644915338281
row_027353,0.2649087656582413
row_001034,0.2714968504031371
row_038230,0.33632141406941607
row_039958,0.17637271639893737
row_034315,0.2843887845340029
row_034486,0.3237040430411254
row_008037,0.37721903082527664
row_014774,0.2340474383466935
row_037571,0.5046015885180326
row_025834,0.3620885486168805
row_039016,0.41616293219920203
row_038738,0.380912722115868
row_033104,0.25898599409840506
row_033894,0.15041933712033326
row_040270,0.20152871283257584
row_032194,0.16658283811785649
row_024023,0.25311307109058295
row_000135,0.3623011349973257
row_009087,0.20253453071103406
row_030695,0.20051367948039375
row_012349,0.3365193369047028
row_000680,0.16213312213715922
row_041979,0.14035319098664917
row_042880,0.13409923478681243
row_008832,0.3038046412840179
row_022010,0.15296818154412603
row_037492,0.13821239109030875
row_014242,0.26157134273590493
row_042462,0.22972354154384633
row_003312,0.2803427987130318
row_046444,0.20045170831335746
row_041895,0.1328123791144131
row_034876,0.1666124047945819
row_035377,0.42570680830737984
row_032847,0.4359981377202035
row_001582,0.3893878152684808
row_021196,0.39671381478760287
row_012963,0.19496907248127235
row_028036,0.2543207470928467
row_042902,0.24637445542223876
row_036538,0.2514771645617675
row_023729,0.20896613132872208
row_002820,0.3224277037692589
row_007715,0.3330553520558555
row_009654,0.12453200399692377
row_011592,0.28533530806134605
row_039282,0.3598545112313218
row_007706,0.19613241702799197
row_033396,0.30889147597559097
row_018674,0.37802160158356873
row_039848,0.19570422616414565
row_023725,0.11001972232696543
row_040130,0.21532028057993688
row_022335,0.14584352324119815
row_032295,0.24637199587584854
row_030752,0.2411103490084285
row_030315,0.29693998962780177
row_015378,0.2762962390544627
row_036198,0.29198825456039074
row_010452,0.2769549891952218
row_012075,0.18877926038061224
row_036030,0.12225682635300197
row_009525,0.2190151233566403
row_018317,0.11912692960229228
row_029840,0.08068336467040266
row_020314,0.13323798719338772
row_032836,0.25507676229777687
row_042143,0.14441157918715603
row_026744,0.35062510393147245
row_036120,0.31248257720258155
row_003905,0.286096456403192
row_010608,0.1562928309946483
row_004385,0.377998980789156
row_045947,0.35447164989051994
row_004882,0.2383438445127406
row_038132,0.21402445759994296
row_045626,0.2022743663667297
row_013929,0.20556687627880707
row_041959,0.1362679749173807
row_007088,0.31101614318538706
row_018453,0.30853707567860555
row_001406,0.3577489362890809
row_044653,0.24045852840232274
row_001479,0.1449815739679928
row_028723,0.3659101872843543
row_019004,0.33741167454362553
row_031420,0.24560073581408795
row_007902,0.31748203000686676
row_030617,0.3999802610066577
row_041358,0.31911791495295694
row_044859,0.5271896817573186
row_019740,0.2690552591293205
row_001171,0.2488310679453669
row_029020,0.2661397967356758
row_006877,0.46245140286556885
row_016784,0.1663581931543491
row_004265,0.12752104725678737
row_003401,0.3348994799791266
row_048368,0.11472809795615117
row_019280,0.23798444200900648
row_032930,0.14672031494167131
row_033252,0.13047296972074796
row_029674,0.2959186469369034
row_009041,0.27634242135382864
row_043889,0.360120453151852
row_003249,0.3193814337987075
row_003013,0.12518188186734094
row_041483,0.07671472834007106
row_043860,0.2587975551174543
row_026520,0.20769900622765983
row_035573,0.5007560007109443
row_041215,0.13244810304527938
row_046973,0.11937611356963898
row_029240,0.3491337122722465
row_042466,0.16441737777596754
row_031839,0.22103918700750932
row_047977,0.1677598684961268
row_012012,0.21478782102268415
row_007787,0.242068376949341
row_011955,0.16872864894239986
row_030279,0.2450601625678309
row_007373,0.13736738594371653
row_015249,0.34985165266431456
row_014260,0.30290479216910715
row_019171,0.2584308972833699
row_036582,0.13016973605407617
row_000341,0.22687358321639262
row_000002,0.3373768364482702
row_002669,0.18251952625546417
row_024135,0.25308168623166827
row_025836,0.21494568153474977
row_005125,0.26265886988197346
row_040156,0.266247456287428
row_005943,0.22124710025929847
row_017235,0.33766995523339943
row_010502,0.15476538399844805
row_003015,0.17844871490365263
row_044036,0.24516989743326714
row_009876,0.3929746981087954
row_009812,0.24383586509534738
row_040611,0.3177401699389426
row_045278,0.25283242637527836
row_018884,0.3697223234054834
row_003868,0.17879460903345704
row_006668,0.10462292542717373
row_005324,0.46490676338690695
row_038555,0.3219708232282165
row_009568,0.26278196463467224
row_044064,0.3695284530176288
row_031215,0.2867604208804211
row_011514,0.10266397818841043
row_025449,0.21230826580880632
row_016405,0.13659843400003843
row_013163,0.2686595435390321
row_014668,0.4517790710346135
row_030801,0.3077176788766356
row_016421,0.16649911407769552
row_025629,0.3132298317176601
row_037513,0.47986725927530927
row_005918,0.2438275110919227
row_003822,0.27856945193725174
row_016839,0.13629775101047065
row_029081,0.15465057586159786
row_016146,0.16016208241545568
row_024258,0.14292505635855643
row_033930,0.4555255621276864
row_031692,0.3639066091370597
row_000276,0.14017260089022576
row_041689,0.42416645318224466
row_035474,0.13283547924359124
row_034775,0.2572665304306976
row_011408,0.13791182046979555
row_029958,0.2742325076068445
row_026476,0.25413921126969197
row_012982,0.3673615776965081
row_002940,0.12059857800091932
row_019372,0.4861346230360835
row_020294,0.11663994008442545
row_021310,0.1717437178464873
row_009262,0.21640656207308914
row_024226,0.28563172213504273
row_043760,0.16238176850514238
row_003679,0.3881346708267455
row_041198,0.2439456485080022
row_028444,0.39384442081334675
row_011580,0.28410130935461975
row_004972,0.21366230923132826
row_041347,0.3719723712300227
row_045773,0.5610558634690933
row_011327,0.3382908907431103
row_022022,0.17680718921839783
row_025282,0.12507569919403733
row_030917,0.17164567258684527
row_010947,0.32886251141587547
row_008613,0.4031676532036271
row_017462,0.3486682470979897
row_021432,0.11977687241267383
row_043157,0.18939422277292114
row_017218,0.30899075957931543
row_015030,0.14811670721496017
row_042137,0.3830566405169757
row_004228,0.2989196130557439
row_013775,0.16878281574970433
row_000958,0.1086114200138861
row_013617,0.40247010539158706
row_001432,0.4120299620296313
row_014848,0.22455665266986222
row_017015,0.1753156954595946
row_020688,0.24324433131301354
row_036671,0.19615202038603313
row_025330,0.27107043181603985
row_027827,0.13510078711627146
row_037530,0.3202111120671836
row_047749,0.2889340618740647
row_048985,0.2344549537075403
row_015359,0.19520397776011772
row_040831,0.1209805395383762
row_004413,0.1277195007927209
row_007697,0.12829915298179131
row_016158,0.31992494236389823
row_010851,0.1591600898084801
row_048349,0.4515783455081397
row_006794,0.23393069003887249
row_036045,0.2623988816519076
row_037327,0.20741109325452398
row_013373,0.12788997376362143
row_029986,0.08642775623258614
row_037283,0.17594116545932623
row_031892,0.3050354595055081
row_028770,0.1417434705430902
row_016544,0.18234238331270847
row_031941,0.2217022499941106
row_027854,0.23409186126678297
row_015737,0.1745893297414015
row_019807,0.353945094280852
row_045100,0.43280527704037647
row_022567,0.13832731085772257
row_025027,0.1439876692803374
row_009991,0.3353477536138453
row_036028,0.13560222391778182
row_009434,0.16935423754964468
row_025280,0.4365363194221607
row_033351,0.10589583532806028
row_013474,0.2955932560822473
row_048301,0.17620145612650634
row_041174,0.2829536904013874
row_032838,0.30714491302908725
row_003559,0.32319581304617967
row_003818,0.40631483680079805
row_014868,0.09901649829744347
row_033300,0.34701796574433075
row_042329,0.3001315346710215
row_011828,0.42667726344875423
row_004216,0.18602249606375018
row_048286,0.12674908194429715
row_049595,0.201576170494332
row_036425,0.3587806032147807
row_049583,0.30596977679915466
row_005998,0.2875831191529629
row_042476,0.35609840579751295
row_006380,0.1629286671699387
row_011508,0.21430489180795892
row_024174,0.27196107193508406
row_042941,0.1337083948655893
row_043178,0.1727103994544618
row_012868,0.31991903634730984
row_025715,0.27351312241478887
row_039009,0.333029251009632
row_024603,0.3119725262157975
row_015200,0.23732131615060492
row_007444,0.24614118034050306
row_046648,0.3641339461283523
row_042008,0.3367746373082819
row_037379,0.20795297142046398
row_037084,0.4251220209964189
row_044934,0.40849723933855137
row_012834,0.3393577582831486
row_040011,0.5092032943982489
row_042688,0.10478766545912582
row_011617,0.17079774914016657
row_015772,0.31845776592032776
row_024196,0.21696376779074283
row_025997,0.4053990248263888
row_001048,0.3256163703095766
row_040521,0.11819833015217192
row_012050,0.37842066198641283
row_033605,0.17450772907038456
row_006122,0.11147654666531084
row_006149,0.11339747633677877
row_022547,0.21500133462339377
row_018065,0.3076874284374064
row_008917,0.35627136221672884
row_034036,0.1704479956234567
row_006420,0.12792280888151367
row_035487,0.19038321355241944
row_039657,0.09556098021481163
row_013664,0.13695109861173077
row_018376,0.3884019289581249
row_009880,0.3198517902554721
row_002469,0.10700802597547411
row_028389,0.21883276299623644
row_044526,0.20683671615097596
row_024001,0.18325318307241883
row_002209,0.1552471116831239
row_047359,0.10009675681186923
row_023707,0.19011905509059032
row_005878,0.14288978721968712
row_022500,0.30823400969189585
row_008722,0.3687684403944438
row_000852,0.24303620933103345
row_013364,0.26057430336788606
row_009841,0.28813681868875357
row_013540,0.18400596340402767
row_044834,0.37635499035683756
row_008409,0.15131534495290327
row_005691,0.30098660620924417
row_017032,0.3668915304877502
row_024381,0.11295366047586583
row_042175,0.2066849456966161
row_003875,0.13328943832948964
row_047585,0.3797022501565333
row_019946,0.3836339470589548
row_024334,0.21000394560378072
row_031727,0.42798691277977435
row_015408,0.36144478546096975
row_016493,0.45879121833540354
row_004921,0.12141502390810474
row_019190,0.2981578482263117
row_029534,0.26473419495586026
row_028658,0.3296931033963559
row_028756,0.2964970187628322
row_012727,0.19423200014919567
row_006435,0.40683675035268924
row_011518,0.25812552666204497
row_035351,0.2269318958591563
row_015725,0.1255213711702582
row_019021,0.10631572509839189
row_032417,0.24198714827187165
row_013705,0.2807862078611654
row_017633,0.21406848631511363
row_011336,0.2585084252226973
row_009974,0.3202169223678712
row_044518,0.3171138917529542
row_013662,0.3414140166035096
row_005515,0.4235729393756032
row_047591,0.3891720654843988
row_048895,0.4328642450896595
row_022243,0.34771878296875924
row_032997,0.28355279880933987
row_040869,0.23326531747965684
row_048590,0.13619880227461628
row_037633,0.31623996867793125
row_010258,0.32044378580976846
row_030674,0.13354308463966857
row_048671,0.3775886675686081
row_031432,0.09994900126551387
row_016079,0.1992569244440503
row_022640,0.11674628828854298
row_007401,0.3917655308034267
row_015708,0.16138760080953024
row_049599,0.18071323119277885
row_007083,0.25725384809057816
row_022556,0.11387696339890861
row_049103,0.16164948132386106
row_018138,0.1407560222300117
row_020339,0.4208547815011907
row_017174,0.19430534632660376
row_001938,0.3611730671144404
row_017741,0.362681945541685
row_006707,0.29657404859111147
row_041950,0.14203783252948932
row_020552,0.11471381240912655
row_043281,0.13844385385908026
row_049273,0.44271524479239144
row_034278,0.15233557115722016
row_048364,0.22977995026489426
row_000454,0.12830320665926376
row_021709,0.32459821724114196
row_011625,0.3425030217552567
row_026339,0.3261635006255712
row_041415,0.3963758277200548
row_017452,0.49883911422246463
row_012448,0.1591170944753124
row_037437,0.2526634930762338
row_011970,0.4844606687970249
row_043221,0.13234337519873968
row_031244,0.3600504969416497
row_031900,0.15130559632037147
row_001009,0.40015015242362995
row_028761,0.2793618113887265
row_019301,0.12150052093199756
row_007842,0.43233530579769147
row_022174,0.3477444882300552
row_021218,0.1220962530281468
row_044233,0.1794334884023214
row_047417,0.16734848260276827
row_017543,0.12323312950503894
row_044452,0.27567066521815675
row_020288,0.13937334998562903
row_011019,0.15069497114151653
row_032925,0.14327284860927128
row_018589,0.32624203328036366
row_041246,0.20032310782006535
row_038283,0.1164468814010025
row_039389,0.09542435240197084
row_010047,0.6257895183142561
row_016142,0.1423384731635039
row_004579,0.14500766847319424
row_014737,0.1294601022758553
row_024220,0.197327001499957
row_005607,0.27988700009848355
row_030995,0.14080628045859586
row_040574,0.4126810323253074
row_029034,0.4142848787348931
row_032200,0.09856170283485131
row_041705,0.5406382554897117
row_019764,0.12213985308277261
row_001552,0.17973341669279047
row_049751,0.29431766074158316
row_033995,0.2537919178881882
row_018815,0.28180715982002597
row_000408,0.2206336905036256
row_030741,0.32883313388188656
row_047271,0.24946992029946546
row_025863,0.15646952223210814
row_031657,0.3979895955871738
row_017929,0.16808924194987737
row_001846,0.19653116426172823
row_017608,0.11544742197701899
row_041867,0.23065706126492747
row_034689,0.13894766736328537
row_046524,0.14911341145539994
row_023822,0.2579288637542708
row_024719,0.2815882614801521
row_046900,0.31132181159405137
row_034845,0.19617364169784524
row_049105,0.539084553622889
row_007357,0.31021019570313607
row_024162,0.13571189358265962
row_044796,0.18248994605603203
row_009092,0.36200304093806734
row_041556,0.40292970045782517
row_048050,0.27317117706433225
row_001497,0.4453721816647086
row_006572,0.44121682938797857
row_010532,0.5246718622715736
row_006278,0.15508722871415515
row_029695,0.20353139687813154
row_024844,0.3019646793999677
row_044410,0.33672057880939815
row_007491,0.2437546181889693
row_030239,0.23858533535316748
row_001159,0.3780170332265422
row_038231,0.45280108217172577
row_004073,0.10200849134885577
row_010615,0.3049687762096912
row_048738,0.37100517905233943
row_024740,0.14790806577713636
row_044259,0.14794752910862957
row_037228,0.3726731534262547
row_033370,0.17191613669251207
row_049352,0.47157418463237005
row_028220,0.13905129031635013
row_038619,0.21576141893614145
row_046801,0.14157003217649067
row_017360,0.16652185403749167
row_037544,0.3635183476103359
row_036044,0.1162394595989992
row_011446,0.18511917270998718
row_026042,0.19382906435304909
row_011208,0.37967981482610574
row_035546,0.2886107256153291
row_033454,0.22098138554791238
row_015421,0.432783074384341
row_047336,0.4301363466818864
row_009204,0.13351611979430786
row_020365,0.2922736524392803
row_045969,0.45879757849603775
row_042584,0.3797514833787937
row_044659,0.12549181083627217
row_003928,0.13525868294406476
row_016836,0.3584095027319602
row_003614,0.09003947684046473
row_048533,0.2660260535358418
row_026754,0.3697131956517523
row_022994,0.3577940009100826
row_006071,0.4703423737114614
row_019367,0.3955305997121794
row_000752,0.4905826500023741
row_004740,0.14598680213075366
row_035237,0.17750454849601252
row_012172,0.11024427120638187
row_016818,0.0963794997415784
row_020843,0.24882823030093926
row_036589,0.3826812658019078
row_022520,0.357010049821614
row_025070,0.21984884371050983
row_024227,0.17519322526442874
row_036932,0.2096412009176105
row_022872,0.36444572837673245
row_033285,0.4612414151148173
row_022828,0.26424672335909005
row_039161,0.2594664635711852
row_023523,0.180073869371689
row_040023,0.3587293964964613
row_030090,0.16603150631623834
row_025948,0.15987494893767756
row_007744,0.09445641546904492
row_041296,0.4883597223511584
row_048574,0.1267361436090592
row_044533,0.27607786628491676
row_010815,0.22347586344009385
row_049868,0.16913456982653854
row_048108,0.39273630548887484
row_008701,0.289138228160775
row_040500,0.22022210513281068
row_017611,0.3380360200934504
row_004863,0.4045868521986441
row_014856,0.2776247998339832
row_048761,0.3476587921545838
row_019579,0.13121488761159097
row_023117,0.2593844430972711
row_011644,0.301022572730487
row_032265,0.4126861068596509
row_049426,0.1829731160280719
row_018730,0.1518857825061609
row_034829,0.26660157667433976
row_035572,0.152994828563068
row_009151,0.4247801127091847
row_021496,0.155770624366625
row_049459,0.14378951251600577
row_031248,0.4277548916565305
row_009543,0.11213182466001986
row_001671,0.22986619278966702
row_020269,0.14828847069052015
row_021579,0.18273991092579062
row_039767,0.24525695539556164
row_010161,0.2253997656390275
row_038479,0.3412882707710588
row_021902,0.11451831146153454
row_006807,0.1256299651942944
row_015581,0.1814234532995611
row_000180,0.4162482367501004
row_015699,0.28668166955639357
row_030959,0.1341440061926205
row_034801,0.3118135798171266
row_018140,0.14216871034497713
row_036682,0.47123918528204445
row_041881,0.5276353581462003
row_036498,0.2780360066851028
row_004979,0.33859751036338753
row_033254,0.2537549525426223
row_005292,0.16910766695836432
row_049620,0.28821342779704934
row_022630,0.23231932809255537
row_000514,0.17311061952752602
row_032468,0.15640299340880512
row_031068,0.3561252031160482
row_017153,0.20638075103141706
row_008441,0.11479181585691585
row_021068,0.29884853636582265
row_048417,0.31375246850482347
row_017368,0.3940005805565899
row_023960,0.4915548512885626
row_028545,0.41106822881531396
row_027691,0.31895903312782203
row_002784,0.26773549319403256
row_009660,0.3582233257856687
row_031326,0.3414463092390439
row_030383,0.2877993913962683
row_026663,0.2793774485819241
row_001803,0.5188046371941015
row_000698,0.13800623329612488
row_025594,0.31201026483303
row_034340,0.26999702196098263
row_009167,0.31821236603617453
row_038160,0.3294005493784526
row_003115,0.4833409139934857
row_030338,0.5308277492539525
row_034472,0.22231471484356982
row_012416,0.2765220923087847
row_008153,0.1708681983498291
row_019598,0.3668152174441437
row_031400,0.17726664321474242
row_007996,0.11154222512651824
row_043785,0.343439416264289
row_031255,0.2679257697149075
row_014588,0.15642308649060266
row_018285,0.10732473086208995
row_013062,0.328372994965661
row_049979,0.15358445840767626
row_006661,0.41279341957722376
row_039743,0.19197543871723355
row_033697,0.3535398092930552
row_043449,0.2972071217240473
row_036836,0.21306843083191584
row_021046,0.3602050204498725
row_035368,0.3158440835996003
row_044328,0.41393093957296123
row_042405,0.24156971807402985
row_029716,0.1951540970209951
row_027327,0.24342201749672585
row_041432,0.11771078108426634
row_018242,0.14237829217714376
row_001003,0.3635139776446478
row_044345,0.3690301899405884
row_003139,0.4834715991690289
row_030598,0.19170912822099914
row_049162,0.12371236547231908
row_003178,0.20987006807409708
row_014892,0.33517425035958426
row_000969,0.1797789832212268
row_019706,0.35314199452019646
row_015433,0.4374459979326553
row_006658,0.1478771798259295
row_040909,0.09823092476240901
row_019283,0.141839854692822
row_000636,0.21977452598143515
row_049477,0.19328572128605126
row_008958,0.23920727596893884
row_001740,0.1431731966225354
row_008557,0.2076016976124932
row_021192,0.1579901134309434
row_049618,0.13440617245406147
row_029845,0.11141313044784085
row_012965,0.14590339643101627
row_043560,0.3355804475706977
row_037793,0.11736950188913704
row_013401,0.1483418382025458
row_035619,0.24873544251085164
row_032840,0.18028138406929803
row_010768,0.17970056450701669
row_037844,0.25607861378579405
row_004522,0.30265706616524646
row_002229,0.319701698294456
row_032027,0.3485802483659086
row_027646,0.438590247192897
row_041812,0.22239934334783515
row_035770,0.25695512438099305
row_032465,0.28218077857803797
row_026158,0.1616271080041763
row_004072,0.3180139710723024
row_045817,0.21915892008182275
row_002369,0.3887942577419967
row_006927,0.1671225132841453
row_023032,0.1743173230421885
row_032168,0.2648302606919916
row_025740,0.1708541601234394
row_026790,0.22313091366541346
row_049401,0.38559519736380515
row_006971,0.38505341360213063
row_040751,0.32909015411401915
row_010283,0.2600467919823937
row_021412,0.13741745041825537
row_037369,0.39063861395897864
row_047254,0.44084581640990367
row_009980,0.23446239604587488
row_002752,0.23012744414201658
row_034171,0.12466525167713671
row_014720,0.1408451843485913
row_048326,0.34459622210923657
row_039394,0.13280802873910305
row_024067,0.1244353682766903
row_008086,0.1260153044248509
row_040885,0.15691918439056468
row_021014,0.15790127889506386
row_005505,0.20374643262794778
row_036800,0.18951400134578308
row_030385,0.24181667062558931
row_045608,0.14162476719901215
row_001280,0.20145875847502895
row_031135,0.3767006622398668
row_031743,0.14731465677239589
row_000689,0.15134636952163075
row_001342,0.518544973935121
row_046647,0.3694557099738001
row_035504,0.2709388654380663
row_043917,0.28599688721383615
row_006570,0.2993976372529428
row_027395,0.17620824817100086
row_034071,0.401051695916241
row_040575,0.4287328737104384
row_001161,0.14326075315056355
row_032536,0.1543371135493575
row_044957,0.14755474705235605
row_022944,0.1553835777025131
row_006674,0.21212175471332562
row_001541,0.43306046920715824
row_012358,0.35795372343989196
row_043074,0.37213432788619355
row_037210,0.3195154262585348
row_040970,0.42071278171211823
row_028174,0.13650960683894184
row_023760,0.31285402977931176
row_010714,0.1371697277660322
row_047903,0.16100347801444614
row_000156,0.14523913898469168
row_007969,0.4489795822280099
row_015819,0.2785442441508185
row_033003,0.29378060078393275
row_021818,0.13103392063161978
row_046071,0.31325531527865874
row_005237,0.4301226499948109
row_029864,0.3662287475812368
row_044168,0.09177270334068122
row_032348,0.21663477056008354
row_029547,0.2957755203304916
row_029439,0.3595688850107606
row_003832,0.13825880185950187
row_027075,0.32469934789754795
row_005571,0.51485041472628
row_027755,0.1489906652592108
row_007813,0.1432750712983555
row_005803,0.2957324970332987
row_015993,0.10844794460257337
row_020598,0.3694340500872773
row_018502,0.21231817421501992
row_008128,0.18546563257790466
row_024183,0.1248645733592341
row_040387,0.09388181107089001
row_008581,0.1035065163493429
row_037764,0.24985448189391204
row_020882,0.13464207019681057
row_033414,0.26337258208874775
row_016858,0.13878049268161272
row_013234,0.10509845578996889
row_006631,0.13769330067238134
row_020958,0.10441243351754793
row_045414,0.1550402683087795
row_007285,0.18584312117855906
row_040743,0.2614057716884962
row_040286,0.29457103052045946
row_006186,0.12240737950820185
row_004870,0.21670089709311716
row_045598,0.16153750099973188
row_022883,0.2895591231969592
row_012889,0.21941749032961683
row_038781,0.14628422702178592
row_003854,0.26257420452639096
row_023792,0.4297827847746775
row_028474,0.16531659393268594
row_028347,0.3524743216131286
row_010012,0.1921818024904045
row_008528,0.12441986962557476
row_029481,0.18530007991101405
row_029632,0.3664408913185215
row_012615,0.41879248280060904
row_014982,0.37052542467819544
row_009435,0.12359858283934895
row_041611,0.3294088750823173
row_040682,0.15727655391411738
row_010374,0.37624910060559336
row_017426,0.32595278809735095
row_013989,0.18337558066912646
row_010542,0.3384353658771105
row_028308,0.4001643924134792
row_044494,0.1027149933668075
row_000207,0.3150693189267976
row_002814,0.26681136709874487
row_023398,0.31843753914957623
row_014321,0.37976223888884475
row_009755,0.43906872852400425
row_020845,0.1758095583021013
row_026615,0.3555164005856854
row_016151,0.09155829751629034
row_033022,0.13011892194470884
row_029369,0.23756809158923065
row_024691,0.5256734273457586
row_001503,0.1552473564369323
row_015817,0.27447034569056844
row_001163,0.16386625354922396
row_038537,0.15551777149606177
row_003503,0.412914880987804
row_037112,0.3375650051843972
row_003855,0.39418594243119537
row_028063,0.21074884870784452
row_007469,0.3383379408951719
row_019546,0.39904113583640805
row_000647,0.12576515395271118
row_044912,0.17122679999902124
row_016715,0.28306512838519204
row_049057,0.13396454288392132
row_029327,0.41101386344607344
row_042007,0.16072589473972884
row_007253,0.2175581454645162
row_040947,0.3454948962049041
row_043245,0.10407681699249638
row_027421,0.17298104551929547
row_016160,0.3447740836947379
row_030992,0.33853608053986856
row_016412,0.30525833915047024
row_048715,0.332959690992259
row_038226,0.1657632078658935
row_009771,0.08997925582661308
row_001990,0.1987825220622946
row_033409,0.14311627089326517
row_031488,0.0942699088379122
row_017446,0.25070436218550174
row_006256,0.2547660464173892
row_036073,0.35544167427487183
row_049686,0.3656654194405262
row_042098,0.3647821723235803
row_031132,0.3262843702654862
row_026659,0.20596386253336285
row_028025,0.2674908241341575
row_014665,0.2372657531440307
row_030592,0.20334601465905727
row_014738,0.2896767510001049
row_030664,0.280670306191798
row_042976,0.11489552129378917
row_022187,0.4667384606069771
row_019464,0.29777216154084046
row_040978,0.44454390941052285
row_031528,0.3496289661014177
row_003781,0.273464737940065
row_025569,0.25631377488618934
row_024727,0.16591888880421207
row_003317,0.25241276325161877
row_032823,0.387543456029663
row_017961,0.4103619221079332
row_006098,0.2050636944120174
row_040963,0.22739466953842224
row_023145,0.4140232195562304
row_034051,0.5072327483516241
row_029572,0.3551481376095529
row_029774,0.22409530170614295
row_045017,0.426313781341675
row_048871,0.24655191240518054
row_032280,0.23624413830515006
row_044223,0.20160922144471918
row_033829,0.14069189064919252
row_027640,0.3555071496750377
row_006042,0.3914020719280771
row_005317,0.26897745889953306
row_008233,0.10893394751839752
row_026803,0.2485586751517559
row_011609,0.17192170511298224
row_040767,0.12243131941260593
row_013070,0.16895998090257308
row_001287,0.15345955524338384
row_025799,0.25930480914815285
row_036043,0.15473922725419695
row_025621,0.34960930808983703
row_034362,0.10001360227581206
row_013721,0.2830874294544874
row_033801,0.10545436755670268
row_009009,0.18745220297687037
row_048114,0.21522646962437875
row_002001,0.2039648093088073
row_021811,0.3412803389450177
row_013388,0.09637389028227321
row_027625,0.23203633418537176
row_042724,0.11673062933104847
row_045173,0.13789185739514392
row_045509,0.42317646625622884
row_009284,0.30312846370504926
row_038462,0.1711539264287551
row_011950,0.13016452838433998
row_040595,0.43201649445759005
row_046257,0.1924299705741272
row_026513,0.36713909480908474
row_014409,0.3426473997323987
row_036895,0.32373224464852235
row_019963,0.35295858323524965
row_004664,0.19278905039667146
row_012993,0.34948540455520327
row_030548,0.4506107939228493
row_042144,0.08348398329915746
row_046437,0.18649947675028689
row_000830,0.29107089620064974
row_034397,0.4173570913766614
row_004257,0.13836433901410491
row_004754,0.2237785516315285
row_049474,0.15759960530277187
row_037792,0.12379745696541453
row_032967,0.23274144923347267
row_011560,0.24083175008781563
row_019414,0.15392230276094648
row_022221,0.3230751829314124
row_004098,0.3184011648932658
row_003970,0.12746688926726857
row_023226,0.26158278659776485
row_048292,0.28616715115642577
row_016020,0.16216352217799324
row_045945,0.2473841326803331
row_006616,0.4096417427291628
row_044948,0.35532997130012667
row_004486,0.2513851835793383
row_026492,0.234292674195055
row_006446,0.1548081662396642
row_017923,0.2177490821765771
row_015417,0.2661430308779031
row_039314,0.33506786811858136
row_005686,0.47879114346696733
row_048610,0.16708952817051428
row_024637,0.1433767158639182
row_028462,0.10494798460359962
row_023348,0.1486068373559175
row_032238,0.36090267321825453
row_044184,0.3018840800613974
row_045078,0.22954082236047027
row_000994,0.1870446376014801
row_048564,0.5093880105067634
row_008180,0.22661600592554745
row_029246,0.285312790415543
row_001978,0.34367011885006815
row_008143,0.4402032172660968
row_042073,0.3401007481211211
row_035421,0.34364120612289994
row_008035,0.11634113127853338
row_040850,0.1050669085777066
row_000734,0.29044249467566247
row_034627,0.22559497938908846
row_029996,0.23364088908050606
row_049605,0.46305809780629886
row_029872,0.37526346433727853
row_039492,0.16476038073720836
row_010650,0.26184726332725505
row_048732,0.4576253395894216
row_020010,0.3046736856246385
row_025105,0.23085549302817843
row_014062,0.19632415166250658
row_012343,0.32044810083944114
row_025412,0.21923706858723674
row_044771,0.48164858585582104
row_006225,0.3304044443553702
row_012595,0.4308983479329571
row_031364,0.34862170518481517
row_010551,0.42794557251116677
row_010610,0.17084010887223727
row_018568,0.21016592972111584
row_025536,0.3124827922369118
row_034542,0.13098438234746623
row_023071,0.3058976863501065
row_013879,0.2959842967412273
row_017591,0.1947221343478217
row_035067,0.2945116853258995
row_038918,0.44404716532317845
row_045891,0.37960853965708397
row_031838,0.13375246689007184
row_008193,0.30617955438528194
row_006283,0.2621094119859594
row_014428,0.4558077132770656
row_048899,0.2588418440708376
row_010381,0.41343649427347606
row_046819,0.13922581107486293
row_016713,0.4115411823090236
row_000342,0.08609890746865008
row_045865,0.46764035863901343
row_017737,0.18691590499413763
row_049705,0.1553003870195366
row_016696,0.36081858963857705
row_023371,0.13648662382210175
row_043220,0.11489605298168241
row_031383,0.15170868055381803
row_022109,0.1513018188396621
row_003904,0.280920216706466
row_000555,0.17484500803462338
row_024976,0.27441530559527966
row_035269,0.28804248827232043
row_016460,0.3076939782464595
row_042568,0.5107171054972874
row_018875,0.16816029041848532
row_005578,0.16323862079105567
row_018947,0.3000495536563835
row_004055,0.15321901668971083
row_044249,0.22270883780438971
row_030416,0.16466030393941283
row_044393,0.2602865030468091
row_015907,0.517613769335916
row_028618,0.13830903677262496
row_010246,0.15785107122117054
row_004771,0.2398534055086449
row_005877,0.25192661018270496
row_002390,0.31681978850375153
row_028973,0.3854291499948294
row_048104,0.12257602325763103
row_012344,0.11773580329103657
row_033860,0.1465068232063464
row_015750,0.36753982987929457
row_030089,0.21266058959471942
row_007115,0.42866088172965555
row_007096,0.2643594844262955
row_046594,0.13663704914978336
row_011693,0.14975151474423476
row_018121,0.3326503712013637
row_006108,0.4168051178807922
row_006651,0.4084944869336392
row_016847,0.3498959845349165
row_034523,0.24366369819759418
row_017760,0.44533649464193514
row_046948,0.2803078980382052
row_048504,0.42037760324950363
row_018375,0.2562131652601632
row_020084,0.20215370796969356
row_002566,0.16686831192618595
row_028178,0.11683644223248822
row_015226,0.3790030106925236
row_034582,0.24000041451553147
row_036166,0.2273458952501992
row_048679,0.24224230567857769
row_049375,0.24345643642850387
row_030599,0.16390862031654602
row_041205,0.17068014573232074
row_044145,0.1435444491947823
row_021605,0.3887946014176823
row_007568,0.1642593385984332
row_035967,0.2887000393247035
row_040677,0.2683415291368648
row_049007,0.21141119835541688
row_023463,0.37054676904410994
row_030940,0.41610187354839684
row_014767,0.4149545346455438
row_046844,0.36803844031411614
row_012565,0.3289690178403194
row_004264,0.20056316456477516
row_003176,0.39929912957379343
row_012658,0.2320825197715921
row_027309,0.3816411271218832
row_017698,0.36998520151798747
row_049567,0.2188101953229033
row_037897,0.13310352080064047
row_020325,0.09745795994457154
row_024806,0.2435671210474118
row_039415,0.3440029191254322
row_027487,0.18218700239169247
row_001718,0.3017096102844071
row_049531,0.18376895222660367
row_035223,0.29265672918168895
row_044472,0.25409919613728793
row_038140,0.20014278699071275
row_040080,0.25674717978075934
row_034511,0.25246028285371824
row_005083,0.37655705949632656
row_012059,0.368594917152938
row_046856,0.33300535942596565
row_024170,0.19538709877456692
row_037483,0.10597103334849507
row_049829,0.24315995977480664
row_027294,0.30344812361912676
row_005675,0.39599098856716963
row_030782,0.27546718614642546
row_045081,0.4137695600391403
row_023270,0.3484248373425939
row_038018,0.14227450805167063
row_036905,0.133406679983436
row_024568,0.1264541398057965
row_041368,0.21019647127422203
row_018841,0.2019939805236874
row_015308,0.14900318266785725
row_005598,0.41970084452329387
row_023423,0.49846571829412656
row_013810,0.1657429628527385
row_000043,0.1797593522472277
row_002448,0.3430389188550929
row_028458,0.14784825076817182
row_023112,0.3724289467934705
row_013607,0.34827907065033253
row_001917,0.27410394590019327
row_016817,0.21269661482068408
row_036333,0.19390824280135216
row_037011,0.19585479125032937
row_015276,0.397424891867262
row_029015,0.398284038126915
row_010857,0.1431857884631593
row_013162,0.3605950007807467
row_013069,0.1846476036614823
row_043246,0.1230518310642198
row_024807,0.1006864806875627
row_004560,0.33374326647242775
row_016969,0.3748130756252018
row_029147,0.23691089250841182
row_049896,0.29741469189799646
row_008869,0.41701854296755725
row_040734,0.48486503714089496
row_045757,0.12512002494521557
row_030826,0.14616500910299038
row_017779,0.19022572192453938
row_017198,0.2031292398528681
row_021318,0.29355775555143465
row_017653,0.1697358203145736
row_004027,0.4033048447892205
row_021016,0.33104405549485955
row_048396,0.11668762094201154
row_007623,0.16452245643091032
row_028786,0.34507660632313464
row_042497,0.3359705247220854
row_042699,0.3770707023751143
row_026332,0.3587799254349281
row_023303,0.2884832067222125
row_035280,0.40941765874813135
row_037368,0.13581856805894124
row_045521,0.3728151743868922
row_021048,0.468922962205651
row_049434,0.1691081536567888
row_036577,0.13780999129504845
row_027648,0.3914596618273478
row_048219,0.36284560442087554
row_038158,0.2918633219821785
row_008974,0.146586013910689
row_033304,0.311171458723063
row_039427,0.5083026874387737
row_023914,0.3741702313083982
row_042506,0.20637136667674122
row_012123,0.2427149827169127
row_006575,0.1805167744882067
row_006654,0.3564685578503506
row_012199,0.435583260811755
row_037740,0.21317165137136623
row_000717,0.35870567619533095
row_003551,0.4494668503694169
row_043476,0.23426491297656712
row_023737,0.09345786388745878
row_004251,0.33737149204828104
row_048812,0.38688572100387436
row_009795,0.33984078577565613
row_029377,0.22277017493817566
row_008120,0.47061483274540683
row_000125,0.24033612694854448
row_012596,0.19146586162388063
row_041042,0.40519402794285253
row_012121,0.12436347890519978
row_045542,0.25362721273908073
row_037249,0.1667685933926039
row_024668,0.26778167441115075
row_018592,0.2216735227695026
row_017064,0.24813299751304455
row_039655,0.3474101925316908
row_028556,0.32385215516796356
row_003784,0.27636261834610015
row_013286,0.29132454512098793
row_039133,0.3895945842514717
row_045890,0.30305165442575127
row_023926,0.13333346275584718
row_023769,0.2587360759331092
row_020864,0.3172646516212881
row_015799,0.3690530253900534
row_013244,0.1748262856198455
row_014214,0.3953423794856234
row_015228,0.3535816300773538
row_049308,0.14221480417946314
row_038478,0.18181650740795505
row_009802,0.3661116120926146
row_039742,0.24650072932917086
row_021277,0.29670897541465824
row_030589,0.1266437038743132
row_023434,0.3284522154678487
row_045113,0.3464533839288716
row_006194,0.5274369971971673
row_027186,0.10939576988692983
row_004577,0.3036436879649781
row_006990,0.156699199565704
row_003455,0.3618442355570146
row_040753,0.3707519652661621
row_049926,0.17576037389912308
row_036006,0.3109783142872786
row_026909,0.40756794801778196
row_002761,0.4263966187904161
row_033451,0.16431192508056225
row_013014,0.3027198548891011
row_005532,0.4777326308458281
row_026788,0.25022927595677913
row_039209,0.17355090436366122
row_000896,0.18153606991303056
row_023411,0.29980324556446
row_017809,0.15884124143917622
row_038927,0.24241721114914555
row_037667,0.42179047614263265
row_031091,0.22629606116602868
row_018487,0.38662332180888764
row_017892,0.08851486060165235
row_035698,0.2870728810378707
row_028577,0.2705473191746364
row_006235,0.16151997240650776
row_003890,0.246343096798657
row_046765,0.2857049924403801
row_042846,0.23450421020081932
row_038879,0.2722777992744287
row_048567,0.28175896179314225
row_032935,0.44967274635023236
row_047259,0.2291396315314865
row_000189,0.2941381566158931
row_044720,0.31588309625670885
row_025664,0.14110401744774276
row_043609,0.14230595777883429
row_039177,0.1659224715355413
row_038602,0.12851390245791894
row_048821,0.08607320967935538
row_028811,0.23272324338503014
row_000613,0.13065964446397596
row_008956,0.27622445133221074
row_035979,0.3357913910979671
row_000423,0.20854022860583926
row_038795,0.33397258259201956
row_033198,0.2955184853765157
row_019573,0.20798865360954674
row_041443,0.36522952320159274
row_021747,0.26163237954176843
row_019865,0.3262814935869183
row_019621,0.2312208654428533
row_028441,0.15374020285503737
row_004608,0.13209631046424689
row_005185,0.2546110634919529
row_021626,0.12588615486328286
row_046458,0.2291941707371597
row_002417,0.245250879173234
row_005913,0.3305956838286691
row_040167,0.28760090141007155
row_039948,0.2828472965545709
row_008738,0.13658838524356517
row_025307,0.2338163400600287
row_000089,0.28416081708081664
row_044463,0.5227092386734105
row_013021,0.2913149194784112
row_022976,0.36607144650783746
row_024954,0.33964055123359005
row_024132,0.19499822809147588
row_032937,0.27218202977539674
row_039593,0.3334960750561713
row_019548,0.21458683094856423
row_003672,0.22407702990926134
row_028540,0.3148063081922616
row_000460,0.26037513899244286
row_000142,0.30037245427685316
row_009890,0.14912814942159056
row_038362,0.2905232313924109
row_006731,0.2738918101161235
row_017195,0.2277364013956676
row_033395,0.42532345853931464
row_037936,0.4384316416619017
row_038032,0.32272348427906516
row_015409,0.1443904214419799
row_023826,0.3510135708783291
row_034069,0.21330996068053598
row_036151,0.08954645881233136
row_039719,0.4970624668414774
row_033631,0.12341520706189231
row_000278,0.25864429549996804
row_034751,0.07841028035637505
row_001865,0.34130089056955343
row_017808,0.15279009382234504
row_016537,0.4566739507667606
row_039554,0.11973419250592567
row_029129,0.3697244899080642
row_028692,0.2083134095501659
row_005450,0.20503815556036148
row_003802,0.1292106225811414
row_025864,0.24463318419709362
row_040401,0.24529641305698185
row_000800,0.31740595234722696
row_041761,0.3592835949378756
row_022084,0.21291125158005145
row_014310,0.14808515360574798
row_012471,0.1561629860845356
row_018347,0.30317725537070184
row_004447,0.28133508987063055
row_033031,0.30180024177434533
row_037922,0.09572998225909657
row_001557,0.2455943440106
row_032230,0.3721237270585148
row_032096,0.17137272974344073
row_021960,0.25128005302492934
row_006758,0.12123520124543125
row_024540,0.22676005406405766
row_019803,0.2927543865334748
row_025960,0.3841848747843206
row_006221,0.29930476959159935
row_019599,0.283994974031885
row_025918,0.19583590757442582
row_047399,0.2827294468129791
row_037649,0.23554546382196923
row_036557,0.10731179638202404
row_017563,0.21011068649655718
row_040536,0.3167156458080588
row_025602,0.11283114596614728
row_049216,0.1281417056057234
row_024070,0.10701623681627564
row_011037,0.39807859662072953
row_011605,0.3390150642323437
row_022743,0.3157303861919847
row_013180,0.19964111287935235
row_016166,0.3965695564116792
row_028694,0.11864669726802726
row_023624,0.33125620838567854
row_030331,0.326017977032356
row_043227,0.12402229997906399
row_047772,0.19200538367879036
row_013166,0.4194088540097224
row_003804,0.2497601045340295
row_037318,0.38079778584372675
row_036472,0.49577608106885634
row_036866,0.12668684843486147
row_012739,0.2953425004207907
row_043216,0.13422445546558812
row_020354,0.40429102421919666
row_028378,0.34837988244138096
row_040368,0.2688369357218017
row_014189,0.1666644825595697
row_037813,0.3339293374433379
row_005273,0.1885027511920799
row_030773,0.44724687878112546
row_034701,0.26948037417119736
row_041194,0.5323154903945928
row_026770,0.41890092679739943
row_000701,0.2999087103973188
row_046398,0.3722678924916263
row_023350,0.39581874000682277
row_014488,0.24934177234792101
row_044403,0.3551207016142013
row_031564,0.10411084072753074
row_018070,0.14732899467564295
row_038193,0.28748790427497234
row_049445,0.22198950573226983
row_044625,0.2661285806924649
row_041961,0.1315553770561908
row_010500,0.2077548603212659
row_005382,0.32608515748712463
row_042090,0.17249022870210412
row_032608,0.11463507906863127
row_041403,0.19577536522155908
row_042216,0.31737642799210186
row_013024,0.09735871224638494
row_042203,0.2755648797443297
row_029017,0.10528766687182649
row_001206,0.18937661956607743
row_024640,0.16171280319602802
row_041326,0.2867543312122985
row_047167,0.24908811484293802
row_003398,0.1446425208693213
row_002155,0.2631882639563874
row_017855,0.23003183598587784
row_017257,0.162082451056248
row_047589,0.2513428445933713
row_021334,0.32485574205792267
row_023078,0.16229133183679081
row_041751,0.17660610242557204
row_042379,0.17775977661658415
row_000402,0.13920458278219539
row_024768,0.3950711710330142
row_015846,0.3914575932082889
row_019666,0.15622410506021261
row_009391,0.4266996677918054
row_014908,0.2749846350044166
row_046959,0.21836347629594113
row_029115,0.23746462638266916
row_023488,0.5236938599823585
row_033606,0.3004117860166771
row_045404,0.4302086581671148
row_026836,0.38958702261880057
row_034750,0.14522425649296572
row_026376,0.27754164235787415
row_004804,0.13170351162704946
row_030998,0.28795923725632044
row_028182,0.3014440470898908
row_005974,0.30861872166733767
row_022785,0.2065831212080183
row_021037,0.23092552167187216
row_014195,0.16915163252564536
row_032082,0.3132639059627193
row_044770,0.22807913991666642
row_018891,0.2792688871599101
row_019910,0.14322725343559928
row_010522,0.1634806473550752
row_018799,0.35140618019967323
row_009260,0.4135869679586726
row_026284,0.3340050095023879
row_026760,0.39271935315534423
row_020727,0.3309556894409771
row_047334,0.11548301016311796
row_029440,0.3319118709756327
row_021222,0.29717319276882415
row_022769,0.09370087620006956
row_015317,0.1770870657322428
row_015909,0.23270335419887242
row_038779,0.27072033785782007
row_035022,0.44326302997073136
row_020202,0.19636612549286647
row_030777,0.4328732676515985
row_005882,0.3778720652846959
row_015593,0.36919714936181575
row_007789,0.45999768473419245
row_004503,0.3221717279078677
row_010647,0.2947316490254337
row_034703,0.13885221420557867
row_037597,0.12034884807694689
row_017500,0.13267724640509945
row_042974,0.34103427570916933
row_019852,0.3238426142812142
row_007929,0.27849660119410663
row_012750,0.427350327357856
row_003938,0.25368997755608363
row_016477,0.24398256288813053
row_010677,0.403627602177717
row_028686,0.31859588900023705
row_031180,0.12017553264828762
row_014555,0.23370707622339235
row_014413,0.19499562538925447
row_022111,0.5323347160618157
row_014638,0.313784060102448
row_006690,0.3034891885011599
row_030290,0.16892459576314253
row_045300,0.3928588949351011
row_005257,0.4094454332074456
row_016263,0.20025101005808113
row_045349,0.11253338278163669
row_021780,0.13691915446104602
row_013557,0.24913654742012217
row_000334,0.33588020811595337
row_010722,0.13579127920826028
row_041947,0.18076961967620883
row_018582,0.15025463082621204
row_019923,0.18982805440119208
row_023901,0.22182769160250926
row_046762,0.3336590544277598
row_007796,0.3588091738262687
row_013427,0.25405271366766385
row_001585,0.45341705079503636
row_011093,0.1367489370769465
row_015102,0.4372923607269296
row_027422,0.1818495002164114
row_001458,0.3652447800914761
row_047036,0.31263438613960165
row_030104,0.3479538918788958
row_027799,0.21356490028105138
row_002386,0.2919516799447908
row_034257,0.3041445074988933
row_034854,0.25975237071310653
row_034982,0.13387823067612994
row_010733,0.1600695517647272
row_025097,0.3661351479277536
row_041400,0.27043761955882534
row_039548,0.1442264970528427
row_042832,0.3231235265162827
row_037106,0.24763320130608407
row_031744,0.3142961126435345
row_031301,0.3612581204522314
row_010284,0.16505588796024256
row_032483,0.4571730166846566
row_028438,0.16987975923895282
row_018560,0.13964638942008206
row_026320,0.10769085809211482
row_043143,0.21676496899581815
row_018852,0.10046085459382334
row_045893,0.2905745678116148
row_016700,0.3404438335345596
row_010906,0.37801489838150254
row_046789,0.3294367831696739
row_043817,0.2986846181199638
row_046585,0.46281216827426197
row_008325,0.1368102988075124
row_041337,0.20048683720374014
row_043004,0.12654481904137807
row_029406,0.13896205990490293
row_040476,0.15570424201598093
row_022278,0.22996029980099156
row_043505,0.2570439763846992
row_040136,0.3946296699689729
row_006339,0.15664481625408808
row_009283,0.10748661541869917
row_022048,0.38780896236061313
row_043408,0.1380212578374085
row_019356,0.29764847029612435
row_013063,0.39599640750584647
row_015571,0.5480457938192831
row_003950,0.29245047606886176
row_008002,0.1691363171367504
row_005106,0.1317709855138969
row_013776,0.3276411529573139
row_001138,0.11868546063772033
row_044229,0.4927563576256281
row_010209,0.39722723735930726
row_035348,0.11888266831486903
row_003190,0.42359007340276345
row_032746,0.17763575019569675
row_032964,0.5014891320011847
row_006393,0.12745333606428913
row_048112,0.316358402874653
row_003858,0.2653183585433983
row_008292,0.37795331183898156
row_020065,0.44355973977216906
row_006970,0.23952295658051823
row_034867,0.24691971900540174
row_010774,0.2528605414921702
row_023670,0.14390803705526609
row_046956,0.14579466837923286
row_016807,0.1599735246666291
row_020706,0.18333497466661253
row_034204,0.12153455780471928
row_004890,0.27617405597424644
row_033652,0.3445150198731165
row_012829,0.3455459667810789
row_020059,0.22334309293462465
row_028510,0.22054563632209764
row_016237,0.2735819202543762
row_011029,0.2740758158220637
row_028946,0.25929452189416924
row_025753,0.2619577105927811
row_038936,0.2861166518945084
row_012127,0.34065038853851465
row_021789,0.16437139173489357
row_039425,0.24204146168971863
row_013949,0.1881930117128085
row_019809,0.3802901695868449
row_025667,0.40899215644359155
row_027937,0.11188709182664462
row_003876,0.1283909365411002
row_019242,0.3301248763702517
row_045205,0.2381844071449274
row_028989,0.2877712292985288
row_040047,0.12149330520951876
row_045553,0.28999788756224665
row_025875,0.42560258375072985
row_040304,0.14267896859388404
row_023658,0.10067766147693823
row_003001,0.17793845799600186
row_037295,0.33017689157391833
row_012774,0.24366408780885243
row_029638,0.1464702986713993
row_014790,0.3862732335519966
row_036961,0.18158625152194371
row_004378,0.24905617224096332
row_025760,0.20364058442386337
row_031101,0.38902020387721015
row_024324,0.2394982918177234
row_023245,0.19928706301061921
row_010800,0.4039267703778306
row_040472,0.15175289845018483
row_008892,0.33647351608602993
row_009685,0.24675236282421417
row_012260,0.19438179533530278
row_047032,0.2778638102769387
row_008863,0.27116402765362096
row_042816,0.17608096808019852
row_023312,0.20884125521762983
row_006682,0.2687744200556291
row_023483,0.12205117976437684
row_010006,0.15304161405158753
row_031041,0.33435879121225515
row_008108,0.22649756907584373
row_032023,0.4569831677434421
row_018926,0.23291783088612167
row_029022,0.23547255505678943
row_012998,0.24408733734496693
row_041488,0.27218812834678296
row_015643,0.3268159175500809
row_003473,0.4128258662222742
row_003173,0.42233548287542727
row_033607,0.30611280784634787
row_047177,0.3869564931225757
row_030030,0.45526697326965865
row_007523,0.16624602143692224
row_029951,0.318988732471947
row_039733,0.23259723063141807
row_041386,0.17541129815350054
row_001496,0.24709074190411628
row_009080,0.46362127460368385
row_028920,0.28777880484055646
row_006858,0.1975223043377123
row_003557,0.30408885769017446
row_001188,0.3977897486068438
row_036679,0.15534756037731134
row_002097,0.17981947193831424
row_016862,0.33864894061586504
row_011982,0.20132380312067244
row_028951,0.18068850352529225
row_018857,0.2803142153326851
row_049086,0.1588085064017094
row_004971,0.09981933090089733
row_033680,0.3048122272715837
row_003315,0.33374131538626073
row_010241,0.17354665930031643
row_008548,0.45515664071028794
row_040702,0.5297947741830058
row_028517,0.3786196303979879
row_004777,0.2961874253367841
row_005071,0.1730094320599828
row_045109,0.2701302410192102
row_048660,0.22455949569378306
row_004018,0.2668961374240523
row_010357,0.1359191494437322
row_004471,0.14320329669319024
row_022901,0.4272364765086654
row_017664,0.18787662223095783
row_027515,0.18282668714086042
row_007033,0.10757311682924346
row_015754,0.19201763846689351
row_011801,0.11363944669368847
row_035688,0.22556526139291488
row_039099,0.424749728421255
row_035330,0.16437803801311654
row_018222,0.2993343994321264
row_020230,0.4528737152214962
row_022587,0.22373415494810858
row_003460,0.30186411525969264
row_021488,0.1696574370346632
row_029818,0.22925960575048257
row_026423,0.35673773040871887
row_003415,0.07407431523265966
row_014423,0.13658799709095304
row_007669,0.362404030847989
row_003191,0.11949530763467935
row_004699,0.3069523267911905
row_022396,0.1310462805916279
row_021223,0.2991478558505681
row_007851,0.34567645151404636
row_007178,0.33268893238564035
row_033811,0.14479929936612848
row_011344,0.25402981461923935
row_010403,0.13911513809232148
row_029906,0.13525428748693705
row_036878,0.38337221173943814
row_021420,0.34521084331700225
row_008124,0.23756904043319305
row_042022,0.3159609448205749
row_017004,0.12774164378503458
row_017093,0.11699654695619036
row_046318,0.14619814137432716
row_047492,0.13382929770817428
row_012692,0.13994937177569955
row_042215,0.34508096295275464
row_029226,0.22233634701265262
row_038418,0.36150984970319944
row_021251,0.11523612052331783
row_022628,0.24243165466613067
row_043106,0.4013299267215849
row_017877,0.42785418493575544
row_006318,0.3130262772871611
row_037798,0.1796232254904742
row_038239,0.22130808905366506
row_024921,0.22922650115642412
row_036516,0.4612701461773412
row_042830,0.48173751166773265
row_010376,0.23385078419791847
row_013893,0.22768652535400513
row_017170,0.2121459582221449
row_016360,0.36784739592163684
row_030747,0.38428441752756287
row_009691,0.2899544001323897
row_045526,0.3376228263880909
row_028530,0.3646864229330518
row_018399,0.41994500955003605
row_029074,0.1947924434160209
row_026077,0.2911320520374841
row_033531,0.4261930575177358
row_018723,0.28043180209940544
row_032615,0.37106132713872325
row_003295,0.2713014420213765
row_021060,0.36611710294845007
row_047297,0.15107022058180833
row_011170,0.28133892091876517
row_009677,0.364290975600486
row_019217,0.4242639445058331
row_035202,0.19811005332997958
row_019137,0.3044418880424832
row_021935,0.29905025413162495
row_046127,0.2781857978538464
row_022099,0.1426447264140049
row_027841,0.22247581172564326
row_007075,0.3822680561352522
row_014441,0.11403911016670891
row_003329,0.34987531104787095
row_038460,0.24035512165223188
row_019854,0.2232876540752129
row_012411,0.16756543519885786
row_000062,0.25011873820871494
row_047896,0.3363610719849201
row_042478,0.23037696653092668
row_009023,0.4083503540694234
row_021633,0.3429882958497611
row_023885,0.11092954424729284
row_013596,0.37756469089076744
row_009001,0.3331863875000683
row_046415,0.2571232808315971
row_011099,0.4246054604241047
row_005537,0.1234716969390302
row_016447,0.32483531759670353
row_018148,0.16720934095474643
row_012787,0.2592787400745785
row_043354,0.16115403057424682
row_046769,0.35958993381990967
row_028003,0.293585984365174
row_037753,0.22756276381694882
row_032373,0.17417792726077722
row_030001,0.4601157710302996
row_021851,0.18332159515875357
row_022753,0.16476965332823895
row_003564,0.13139445941893446
row_043695,0.13726690985032225
row_045944,0.2067185021425057
row_011085,0.3393194312985278
row_034235,0.1818921233246432
row_019085,0.17427384615059438
row_022831,0.20834482554185804
row_030709,0.2695846038147486
row_028705,0.3950842462477863
row_044350,0.1452517260366177
row_020616,0.18520713249859416
row_014533,0.29588753740783613
row_017442,0.360225170896136
row_007094,0.14288809909155412
row_013362,0.33097450173411536
row_036999,0.44933739993239424
row_023162,0.3742386664051052
row_011368,0.15480901289813837
row_041794,0.2449100068133101
row_023938,0.1274840558714613
row_030705,0.15759188708382726
row_040211,0.37711182329026516
row_001348,0.22293821777344328
row_017757,0.2791086671213491
row_019010,0.3241803826461688
row_048116,0.37494613794636983
row_032355,0.19843012865436369
row_031267,0.3219533358707253
row_003864,0.3131577272430483
row_019642,0.22480848943414383
row_036201,0.28721825046098315
row_000546,0.2532301840892582
row_023031,0.3836334209802722
row_005030,0.44219679595391825
row_039997,0.3409821786446346
row_035615,0.1485475874194378
row_007629,0.22642962801365987
row_018081,0.16596780030463382
row_037461,0.26878264118059
row_005917,0.27869280115807116
row_045260,0.15878110934003312
row_029079,0.1756879088572564
row_024980,0.14382340590746462
row_023528,0.3340849716495996
row_033016,0.2750537298708811
row_043427,0.40781638920787283
row_004829,0.1792326719690741
row_006117,0.1657749757888974
row_019468,0.1486087615024659
row_028287,0.33567085684968306
row_009533,0.22862871156896114
row_028693,0.21166254961714712
row_006602,0.45659853839058945
row_002144,0.34622045254197253
row_033961,0.19154519944213647
row_035517,0.15094812081666756
row_014437,0.4597300361993171
row_026496,0.14396781156497016
row_024239,0.10910453997342577
row_033155,0.18516885964409247
row_020381,0.33187128538048916
row_040043,0.4046902870392603
row_000169,0.09620250134682225
row_009025,0.26463918770796097
row_000078,0.4562881949195604
row_045455,0.4648961207073053
row_005833,0.27369124828500524
row_010822,0.31496434687054226
row_044443,0.1759127683578072
row_030927,0.262045991121334
row_012400,0.22377997457748033
row_016804,0.3988887061448221
row_029333,0.18155405095113838
row_044525,0.3842880364161991
row_011080,0.1468108792468351
row_046845,0.12131718222444945
row_032113,0.15026319685856007
row_028793,0.20534727710309436
row_007784,0.14170194886774687
row_044510,0.12024731843366243
row_000795,0.38114847872134533
row_011824,0.3020397210819595
row_026053,0.2850753904250655
row_018587,0.3419929335150412
row_042673,0.28988154861917037
row_042364,0.2166055422087243
row_018789,0.3700136224615989
row_002632,0.5255313200681482
row_039960,0.3604466223606291
row_008350,0.2860353371133231
row_031563,0.3641335475142527
row_034104,0.1406534780738885
row_005110,0.3137212031506279
row_021794,0.14695769366335945
row_037942,0.36582704563390284
row_015420,0.3112811618132255
row_032563,0.4994076297049567
row_019377,0.14285834984876938
row_049750,0.35044027211445805
row_024833,0.26166652923961214
row_001208,0.1779846673320099
row_044535,0.2865430711279073
row_048793,0.40360446617143986
row_017047,0.2487584418792781
row_018752,0.41408233123290095
row_037703,0.40173054688131904
row_017828,0.2202109389503474
row_005063,0.1761456771362922
row_006723,0.14630956472885723
row_032071,0.3710264383589062
row_015541,0.13519205757596275
row_036467,0.2789815164586564
row_033632,0.4281294381471006
row_022540,0.34923024289307353
row_025729,0.22767632438531252
row_037526,0.42384780668853006
row_027731,0.22912072084117607
row_038938,0.42517632324496407
row_046574,0.3012448565257062
row_037201,0.1958475904181271
row_043021,0.33842835990935227
row_012908,0.29712523135261043
row_015393,0.3381580640356407
row_036981,0.39578782119539707
row_023147,0.2708876135467938
row_022939,0.24134223773340882
row_016392,0.2763760795205648
row_043379,0.4293424742829102
row_014785,0.14722901128863486
row_034423,0.4478135087019284
row_009728,0.4642117605497816
row_044105,0.15746007550094637
row_018715,0.15380162337245684
row_046057,0.1455978472925544
row_013076,0.1830395615922132
row_018486,0.2633917454457354
row_041264,0.2626098891853345
row_019300,0.32697576933566247
row_010175,0.11781418343676875
row_017949,0.26964840520992933
row_002153,0.2184269125275072
row_016039,0.3214434252666105
row_049348,0.1521193033527979
row_019036,0.11948261431136509
row_040046,0.25039748751558927
row_018519,0.2202445512186643
row_001808,0.23668293333771598
row_001948,0.25985029617477706
row_010621,0.14836735641930965
row_016705,0.24930243261530435
row_035165,0.1334209706197298
row_031206,0.2972000792555734
row_019545,0.2554329302943937
row_012509,0.40031145478586105
row_042552,0.158217271876216
row_044277,0.1670974702276946
row_049180,0.37888603180820013
row_014682,0.20625834271853355
row_042477,0.3428212398539915
row_022346,0.1300814576885345
row_013511,0.16784842181527826
row_014726,0.23231083172538491
row_038982,0.2621926508489443
row_007358,0.2886338287438386
row_021793,0.22466548227379704
row_047333,0.2399805915518012
row_034753,0.23861959967606067
row_032358,0.14605117375595156
row_007529,0.3684215215099458
row_007331,0.27544953737807565
row_019043,0.3528908100570317
row_009537,0.3147591220593366
row_031060,0.23730035026446147
row_007757,0.22845040271072958
row_011544,0.2629957642251556
row_023943,0.1752679539390997
row_017634,0.269647292356998
row_033384,0.11107487421021314
row_044431,0.3669776186676856
row_025683,0.174168598503414
row_020235,0.5111782203481208
row_020212,0.12100002790625873
row_015555,0.3453891590309104
row_001570,0.2179965597196856
row_009574,0.18467732262831293
row_042719,0.3895737278325526
row_004628,0.34075398377668914
row_038809,0.28685496639871544
row_018021,0.37157424883121515
row_023518,0.10308822025573458
row_040553,0.39613102096425556
row_032901,0.17598109880032653
row_035116,0.22518685025885898
row_031627,0.3031340816220118
row_005269,0.3498228353603319
row_001834,0.2803063561475246
row_006831,0.3186674803354192
row_030518,0.27962927993847086
row_000404,0.1474850407308832
row_039861,0.38452068862245486
row_025825,0.3308357080911567
row_014422,0.41109270023093997
row_042062,0.21843652370801642
row_000309,0.1585047275411479
row_038601,0.10996529321407152
row_040623,0.1573540667053738
row_026225,0.16298153516903516
row_048450,0.30686546296382644
row_049815,0.14188070877322415
row_045263,0.330743847053599
row_035806,0.17072125099746277
row_024585,0.15657597391321998
row_010934,0.38406685326946755
row_043580,0.38615653622362806
row_025514,0.2309522584834316
row_023580,0.367883454684366
row_038957,0.11514811936712681
row_005800,0.3844456377307551
row_044590,0.23956105834764727
row_011466,0.3768927501870173
row_006876,0.2889784444815173
row_015781,0.13221588598610334
row_036256,0.3752548094121362
row_028839,0.20297543717210648
row_019019,0.3601345814568123
row_049909,0.19893548859027765
row_046100,0.2222202762771776
row_037080,0.13902065822703485
row_041723,0.16606287795627686
row_004271,0.2907372824454428
row_008192,0.2734916840025515
row_004241,0.13091224873590362
row_019772,0.4269906943325054
row_001116,0.3077606343783184
row_041749,0.15904882162201078
row_042440,0.2328656203143754
row_033978,0.10121363154769947
row_040840,0.1205974295238784
row_029564,0.20140536571888074
row_022973,0.18890121893695588
row_006844,0.3959765476707412
row_037380,0.17596838246174476
row_027138,0.35523165900530024
row_004620,0.2482509191370825
row_001754,0.22174512542320673
row_041495,0.10013985238491376
row_040210,0.20691665202929735
row_014188,0.20387196398345964
row_030394,0.28281822505266624
row_045811,0.1557847424381321
row_038942,0.10644371014093165
row_016384,0.28678305267713644
row_049713,0.2371626629294901
row_005480,0.2794281214868437
row_040162,0.25552376893910134
row_026743,0.26608160435246525
row_011436,0.378759429004598
row_044272,0.13038798158577802
row_039079,0.15364771367233543
row_032710,0.2625206237116268
row_039155,0.3305554210855432
row_011142,0.26742616740523495
row_018493,0.11137877195975211
row_015996,0.396874460582751
row_022618,0.310922168095298
row_038131,0.19107706087555515
row_040215,0.24036203066185136
row_042214,0.42496993869188865
row_031256,0.18875197394772736
row_043196,0.4272095896806488
row_027783,0.2543786619028064
row_023818,0.1666845945258986
row_021783,0.1803938173038508
row_009734,0.3069657470560612
row_020562,0.11868226467577765
row_043369,0.19031163987313673
row_024674,0.1305850817651675
row_000080,0.4680773526339694
row_040026,0.3312544415395894
row_032661,0.29199926664369347
row_046935,0.11440625954520789
row_021365,0.24145375169622535
row_006163,0.23252523235287492
row_025774,0.1964984760834602
row_002743,0.2172265840897597
row_016500,0.15683300274568507
row_005119,0.24124047208172145
row_023958,0.5307723717180151
row_015824,0.23352077914817185
row_047104,0.36499220159662155
row_033119,0.3776208545601939
row_014177,0.11485157172098377
row_001536,0.12984046831628826
row_002394,0.22950150994388957
row_040594,0.31622739314841547
row_012957,0.1555446237803055
row_045584,0.37380382615470525
row_024126,0.12426829532143342
row_009292,0.3445583105960279
row_014004,0.39162321225323476
row_032173,0.10809422134902055
row_020894,0.3551976589480009
row_005592,0.40981643478339114
row_028623,0.12192723533536931
row_026208,0.11746128226820213
row_038996,0.24397215978577508
row_027873,0.1774779031258664
row_028312,0.20700008753597848
row_025920,0.36717462161650266
row_016340,0.17169215628374415
row_035821,0.3111446937362152
row_049734,0.10577900885302224
row_013642,0.44128595573980306
row_025976,0.36456796523845686
row_013106,0.33193400281308943
row_049347,0.2320367343953485
row_039817,0.16631809788776244
row_022775,0.11983745193122014
row_016313,0.24252591619598704
row_013287,0.17872327696703708
row_043286,0.2752386673634579
row_003268,0.3844756714447257
row_011759,0.2627777735743188
row_013157,0.21999196848921032
row_005567,0.23787424292903708
row_015272,0.47906474195855364
row_021984,0.13824634621399498
row_045534,0.2807932369385441
row_014799,0.3447174285255603
row_020315,0.1345447110155868
row_037384,0.3874987246623803
row_020169,0.23743391959101723
row_034958,0.1673502545059584
row_028116,0.26406576447509833
row_033404,0.161812673825085
row_013539,0.3029007884870997
row_008421,0.21239583047877167
row_001920,0.16910320571343357
row_028476,0.3309587124314054
row_034012,0.2684535652270063
row_045031,0.3924033358681584
row_007733,0.309858795483752
row_014641,0.18199126671416233
row_038077,0.3238302373427749
row_022884,0.31612808357836975
row_028930,0.2592442111280729
row_022850,0.19014760029170463
row_017810,0.2049546494862396
row_027295,0.2068033750815813
row_015528,0.1479587845054574
row_031746,0.32061685271039825
row_038620,0.22902815284907357
row_003405,0.13691174027410422
row_030261,0.3809483158519554
row_037839,0.4547713573650874
row_031816,0.3050549219451946
row_027724,0.14565478950384345
row_013681,0.1517934987413199
row_043293,0.3891544455653117
row_048413,0.23674242569894194
row_030755,0.19978565714285168
row_031626,0.2806148446644917
row_043856,0.11603482439296943
row_023498,0.2660770450666458
row_004446,0.326968192337106
row_049944,0.08061561560138669
row_043713,0.34209392861269866
row_019288,0.30636043616683273
row_019978,0.09877261285010686
row_020351,0.3345711003557099
row_027231,0.42862203893653433
row_007824,0.3899885434857689
row_046346,0.2434792945040023
row_029308,0.2961603759225437
row_003942,0.1669061668634007
row_000221,0.1977005573974356
row_009368,0.31679188191066726
row_015900,0.2698169901332549
row_019259,0.42991326490226073
row_007511,0.1978869855109365
row_039030,0.2567974348471355
row_048832,0.11820652640427487
row_003870,0.1299831083017857
row_030265,0.2938711719761409
row_046640,0.3227808263103665
row_037247,0.11068052269749583
row_043832,0.3356791905803399
row_016209,0.15226103742534022
row_027920,0.43285052497312887
row_009172,0.222236476635832
row_000999,0.25528929806790246
row_020708,0.21525898395559198
row_013206,0.29769415936426463
row_004992,0.1759108366255045
row_048238,0.32644466141708706
row_044377,0.2064741019106627
row_010827,0.28902092151446274
row_029125,0.3539776108681941
row_022699,0.3822325139200358
row_019209,0.18838884906355127
row_015690,0.13080139480434028
row_009033,0.232766920237031
row_042788,0.11767415441086398
row_032350,0.16603720504854522
row_011586,0.41658858645220537
row_030093,0.36339884352379254
row_037333,0.2802630704840637
row_046129,0.3446972233709611
row_024841,0.27499628521741487
row_042079,0.19082513800980982
row_000893,0.22587580850143205
row_038195,0.30123375148876136
row_035472,0.4010857950210987
row_013368,0.3068826579911444
row_009750,0.41078010048451286
row_040633,0.3274984336872342
row_049573,0.18974732389292495
row_007262,0.18746051390985335
row_017539,0.13107498659033143
row_021557,0.2543422326533552
row_040646,0.10026962120615089
row_029799,0.20716034810411157
row_036389,0.3718164932757739
row_024627,0.3178906961922454
row_048623,0.3014164532026808
row_014030,0.1354241473147199
row_025235,0.1573629534301582
row_049135,0.3087791051295959
row_039040,0.18856642376970129
row_033524,0.1282150011838741
row_028809,0.35458852395981927
row_007608,0.2561291512534741
row_048445,0.24405763309885742
row_035627,0.35140333414531305
row_048539,0.3053507520237248
row_032976,0.1694431977478799
row_006349,0.15193819449606488
row_031398,0.15039493912410104
row_046115,0.45439365555273037
row_039512,0.2891197488755185
row_037238,0.25156433428970215
row_002755,0.2889830658056535
row_022888,0.14921174609934598
row_047640,0.2403105213346924
row_013837,0.25445474367527676
row_001554,0.14801418072751824
row_011652,0.13409984273606226
row_015441,0.4483659363259899
row_022418,0.1105364041200561
row_015452,0.3374564955121756
row_031858,0.17551397611644454
row_035180,0.280185801617036
row_002950,0.3639204595972528
row_007143,0.3338464109976478
row_042731,0.3005453727319041
row_008366,0.29977101619836327
row_026395,0.17313538191465128
row_024054,0.32009460229173464
row_001055,0.26016678072399746
row_024914,0.15075368499718625
row_002008,0.1401091894883573
row_021913,0.14003519876431125
row_018860,0.39288949364067755
row_008265,0.2911849786359448
row_016026,0.3549129393089009
row_021089,0.4053206949842214
row_040101,0.26608825929697305
row_029595,0.3723761577758961
row_026510,0.30441937519184337
row_039682,0.398564903294671
row_049094,0.3608870460428875
row_008415,0.10240526875410651
row_011009,0.32322256368840274
row_031535,0.23878081020999403
row_011713,0.3675457593431597
row_016757,0.42993132269903556
row_042384,0.13505266843928507
row_037115,0.3312539632093119
row_016797,0.376543496168481
row_008677,0.13178658006401334
row_035829,0.3379009644227601
row_007713,0.36320225364305814
row_023948,0.14234294420882176
row_045798,0.2482158523323464
row_019668,0.1091624781116119
row_044428,0.2695492310150304
row_031269,0.42601009086515046
row_032155,0.2810914468448892
row_008561,0.25212003920679216
row_021592,0.424491819875632
row_018714,0.11443120079342908
row_024677,0.13517555307924808
row_046277,0.2590328104935357
row_047052,0.2707585153560621
row_037770,0.3464877441146314
row_046655,0.3608584901517356
row_043224,0.21423276512134506
row_031614,0.1822170474692411
row_040938,0.13519320593348808
row_046547,0.15692442823759054
row_009038,0.19683614099375277
row_000339,0.3121201984884356
row_029788,0.14780713540523643
row_045942,0.13094564689048743
row_027346,0.20517500418004112
row_045983,0.4934960572509785
row_008687,0.17738049597403724
row_037382,0.11572882516049646
row_037870,0.18957320524439877
row_039974,0.23811686231187837
row_014074,0.4676517132863407
row_015635,0.20498125437665052
row_023509,0.20340803577199734
row_034624,0.18607844130149045
row_034030,0.3758905123111572
row_048058,0.23603178464406693
row_038034,0.17654769286553834
row_023986,0.498026871334938
row_003493,0.4399802227654722
row_011785,0.1819948203147207
row_032698,0.18175230351463656
row_039101,0.2551491082171972
row_039153,0.42010662187410125
row_043786,0.3886857798164225
row_046528,0.19284962908674688
row_009769,0.13722017391848712
row_017781,0.12707001223230838
row_003425,0.14695906967772307
row_022288,0.3783874392977963
row_044566,0.27098377821104
row_021730,0.13675531908861802
row_003152,0.37866684663587497
row_033064,0.3885815416602627
row_019093,0.1664198346450364
row_007539,0.1671423750150606
row_002946,0.29455574642983773
row_029434,0.4708741782011268
row_048767,0.2877963642329411
row_009810,0.40654608519737084
row_018931,0.3718991545770497
row_042834,0.2888931948071163
row_035403,0.29604845497357135
row_048695,0.2937058568516396
row_019198,0.14999664091813303
row_035737,0.2784683836232138
row_022168,0.3270756404732098
row_040168,0.2581387303427691
row_034595,0.17647423166988657
row_000577,0.24779106073969465
row_023359,0.2375709848045713
row_017428,0.11613285995683907
row_011884,0.1729606135842852
row_005089,0.2665493723076599
row_041763,0.172014177216062
row_008655,0.1359789614957227
row_014502,0.4228249058749098
row_022999,0.3992252549607628
row_047263,0.33740564915479737
row_021125,0.13298620354684493
row_000210,0.2825586020889286
row_048757,0.3296680849561713
row_040006,0.3989383864381494
row_030180,0.22502970901702787
row_014744,0.482564239681864
row_010896,0.41237357799566526
row_011441,0.17588965128608766
row_018621,0.31158750673607105
row_028311,0.26388272634670584
row_041529,0.29211935969713815
row_042115,0.46719666628964795
row_029222,0.13335344867557786
row_008311,0.24992418252190185
row_026866,0.11251983975183998
row_048491,0.4747790999350067
row_027579,0.26146076303779103
row_022050,0.2805608205285264
row_001286,0.37845113837208616
row_011781,0.2565813305468533
row_036825,0.26938654733258155
row_033274,0.3179885130653738
row_039744,0.20396243699684705
row_007364,0.35432768510088264
row_010460,0.3288760886259808
row_030429,0.19376212655601002
row_003767,0.2182973686152553
row_010055,0.32632570250398335
row_033195,0.3598611947228794
row_034449,0.3037704558937391
row_000200,0.12747010845799048
row_046506,0.23594434634353692
row_017729,0.22133795218753088
row_030656,0.27843340435948194
row_039017,0.3832497481466745
row_040865,0.35151943794132423
row_025424,0.24891951003802895
row_012681,0.25087782953996757
row_003275,0.42622605967980837
row_049167,0.25394615429854756
row_033584,0.15002886705791718
row_021073,0.11126265042155326
row_042453,0.374950393593092
row_008570,0.12371222173857249
row_001932,0.35073439519882865
row_043729,0.13293138890958725
row_019397,0.23414280181245403
row_033245,0.3745792255683506
row_048518,0.36233825191209135
row_000985,0.2870644577358487
row_017081,0.21813550225930523
row_012427,0.3901713561107355
row_002478,0.3089271579891502
row_049575,0.2965781702210744
row_044836,0.1347369102689593
row_008619,0.2922984915572747
row_004127,0.13570626626767401
row_035654,0.11720235564506715
row_020498,0.22713166911679794
row_034757,0.3284242757652236
row_040808,0.09231626718953731
row_003622,0.2033760083383679
row_017738,0.22548546566660058
row_046471,0.2592625749752006
row_034770,0.22154968454817622
row_029757,0.12917452570756544
row_032255,0.3526880915673547
row_038265,0.13648335342778353
row_009844,0.33146741519019307
row_020741,0.25705457655308345
row_049154,0.5584868710533675
row_018823,0.25624630792515657
row_029131,0.23889177523479363
row_031337,0.18292621091944683
row_047026,0.3706780499147587
row_020838,0.31622373756141425
row_028538,0.16137349645021515
row_007991,0.20815955622615084
row_020852,0.17399368026364712
row_048244,0.417706118131436
row_007436,0.14366547871844065
row_048865,0.16975178573632962
row_016259,0.2610368837545676
row_049453,0.2851205186397965
row_032080,0.5057475172094602
row_014678,0.2968690421265786
row_039287,0.30541173412214323
row_009441,0.1517621768771486
row_023011,0.25687656639911277
row_013638,0.24015668921342687
row_043881,0.38385832355188254
row_010449,0.2985338257727457
row_033383,0.13109818830038855
row_016775,0.3622153782169702
row_007046,0.16302052329707686
row_028168,0.31350797102020284
row_000810,0.4430764534949752
row_049465,0.19683581164788255
row_011946,0.32976917078634244
row_040760,0.29364437728028747
row_042856,0.12133048469802035
row_012023,0.5735294571139918
row_036402,0.4862662156560938
row_019973,0.2078159873040071
row_002836,0.14992051134379136
row_021659,0.10841606380409308
row_000482,0.3185895558171075
row_027496,0.3202174521713097
row_025099,0.46552513491217085
row_002762,0.13348612449533728
row_020871,0.29190867577586493
row_003254,0.14300330646191867
row_026236,0.4076882617224308
row_039507,0.42977234145533316
row_048878,0.25328499667156895
row_020684,0.18693889289794927
row_014516,0.13900281942260626
row_002392,0.3159149061450502
row_045602,0.13869608875238204
row_041280,0.2599307862714235
row_025323,0.2908881228449977
row_041785,0.4575453910554241
row_011483,0.29646561758580536
row_031050,0.269251093544684
row_031726,0.26137875493929347
row_048730,0.2526020478187475
row_002358,0.1668477117164661
row_015442,0.3389836331174774
row_037855,0.13400822528251158
row_048522,0.4561668703758328
row_031542,0.1304551570838499
row_005719,0.35787088124812966
row_004294,0.10627605527128753
row_022212,0.36476853059623954
row_041311,0.18017267338435944
row_016759,0.32926719334454074
row_049704,0.459195265919565
row_023738,0.12146822529172963
row_014106,0.2680686630961814
row_019260,0.14829430123292384
row_035575,0.2015578969297608
row_037116,0.23585307342623268
row_003429,0.4280534326934476
row_022492,0.2841330515605504
row_035519,0.15365159284840313
row_049136,0.32553478115118245
row_035055,0.17079039509770758
row_029426,0.4078831194091202
row_018816,0.21421050341611442
row_045691,0.10880740977622265
row_042361,0.28038419222679273
row_028125,0.28374243558213863
row_019168,0.3436231746197522
row_040299,0.130344494568704
row_000703,0.1718552744208359
row_042057,0.26669044907707923
row_024373,0.3014250670883203
row_017439,0.32162698944365065
row_047714,0.24146449661509264
row_024266,0.2502152734747307
row_022771,0.3659499326487113
row_024523,0.19321083693911079
row_007071,0.3182031863264208
row_047436,0.16957427042687828
row_033824,0.18026822844594753
row_034763,0.24469426622495466
row_039686,0.3366604456651905
row_013645,0.4001068586283083
row_041806,0.3506455072724627
row_024517,0.3191038427363507
row_047304,0.1482061540029302
row_034830,0.32976544960700777
row_043036,0.2769726922003839
row_040324,0.2471414685186583
row_020580,0.23372205163532103
row_034996,0.14470012877916533
row_049560,0.14339406686281767
row_030505,0.13564231132149945
row_001903,0.1238475888981801
row_033234,0.3904132281327221
row_012991,0.13837011043035474
row_044415,0.3652630050710389
row_048367,0.17201131226678226
row_018677,0.3118506950571092
row_028237,0.14504329060073567
row_002689,0.47866597293894736
row_014712,0.41405260092933227
row_020586,0.3490162284254033
row_042948,0.30927971788072534
row_001166,0.22428528537743597
row_033685,0.20833272737219427
row_018299,0.16328007639150535
row_023549,0.32504059049699
row_024285,0.23752084821189315
row_004048,0.22007621533781047
row_012556,0.07802790675651802
row_003363,0.3343179825982872
row_032492,0.3397046554510608
row_039444,0.5323797506683768
row_034539,0.21483207063801907
row_021922,0.34702849013261317
row_034082,0.2632046102687848
row_004531,0.22931232520949005
row_002507,0.32426278568360994
row_032273,0.16855138550680934
row_044620,0.3414967081623064
row_032516,0.28223350065079655
row_048236,0.19196729564805196
row_044059,0.20295037527649337
row_007124,0.17193929442669606
row_023950,0.11240429066360272
row_039965,0.27351511799817524
row_003105,0.2790560992503204
row_038005,0.2685826987323431
row_041817,0.38808009109286923
row_035424,0.3767661401426313
row_039227,0.2640356183099179
row_036239,0.3774245949236347
row_021485,0.3685585187797372
row_038273,0.2962340376270127
row_049839,0.08225820555890626
row_035959,0.36754305211210336
row_038540,0.19543819497950568
row_034008,0.19163927634715563
row_006415,0.4127501107556645
row_030142,0.2688541024413086
row_023672,0.16071387819168959
row_004340,0.33584690074498824
row_003527,0.5182263945663484
row_037343,0.2720130061645066
row_036655,0.2848711915347938
row_035073,0.2123687935005837
row_013097,0.22194224016228714
row_028010,0.1515897195439338
row_033056,0.3794505821822949
row_049566,0.4374512687912451
row_005708,0.3046274314796697
row_014498,0.1393707861882461
row_025978,0.10325532999166481
row_041327,0.42656830470986534
row_000235,0.29991968653879847
row_040149,0.36267771135693033
row_023848,0.11690221605995894
row_031441,0.2806223527365235
row_020650,0.2577643721366674
row_002650,0.405858948974721
row_011464,0.2229525994536844
row_031379,0.2775922554764754
row_034931,0.2304657872241137
row_036909,0.22801743901566707
row_034407,0.38957083424230204
row_010468,0.3506360295752097
row_012501,0.15710622082933234
row_026994,0.2478853977818995
row_001505,0.09577766657511051
row_049589,0.2151675951110592
row_003569,0.285020174580659
row_016310,0.29153207095709904
row_031570,0.2676207432134529
row_010362,0.17028771474223842
row_029077,0.3452650946845637
row_016062,0.3132276468053744
row_022573,0.38149990560455155
row_036055,0.2341908881145466
row_029299,0.27153253488689744
row_028602,0.26457893176511343
row_033768,0.11300650441676191
row_035174,0.3513665184507729
row_047790,0.09663944764089309
row_001301,0.23186872048272245
row_034368,0.33748037086143895
row_014432,0.265555598040706
row_007818,0.21972112032339552
row_037361,0.24947693598946016
row_030310,0.17317583448263643
row_042727,0.3380523197218013
row_009116,0.2015080634242353
row_008905,0.201226006215362
row_016187,0.14919852392393432
row_017730,0.16118824322648817
row_020834,0.2917265977216634
row_018611,0.28271686614098646
row_021483,0.36217752389063196
row_033572,0.325547647611911
row_021787,0.2274388526523663
row_043530,0.08855750402209615
row_019565,0.3976080385293501
row_033649,0.23028074935156173
row_035415,0.2759280440441542
row_022925,0.3086789206899924
row_045636,0.40226372977370084
row_007781,0.16330055620449443
row_045769,0.34347362942353477
row_024947,0.15248397288184512
row_004657,0.1790744446963814
row_030887,0.1305761365285688
row_006011,0.2005650476068548
row_005894,0.15402453517567688
row_013944,0.23084290197035753
row_024760,0.23662787213325215
row_042842,0.13900179188194006
row_032289,0.3132428592294169
row_004888,0.11610467180557453
row_004792,0.3092672021232319
row_032175,0.4265769175412051
row_045397,0.32779810180506114
row_033349,0.20874879884379546
row_020477,0.08106284035130555
row_030044,0.16006385665139586
row_021604,0.4166655629660197
row_017331,0.35943259424725915
row_049475,0.28143215313286263
row_023469,0.2611777358236869
row_034357,0.3966249762047292
row_003502,0.24603024405439922
row_023399,0.4252453128860841
row_039463,0.23332454242954728
row_034184,0.3255631273091221
row_020686,0.32283620612642017
row_005277,0.3478987994749053
row_049592,0.11374557051508137
row_041981,0.1558374795220919
row_015597,0.3961020820269622
row_017141,0.3239019304375235
row_023019,0.21012646952933878
row_036047,0.30252380642446386
row_044546,0.31082212260502257
row_036811,0.108328792743241
row_035637,0.1317030892286461
row_006007,0.3600302170704683
row_038145,0.1396814995540712
row_003971,0.3338792979506583
row_008186,0.20686959023129767
row_000903,0.3876787991080215
row_025465,0.3405995481832574
row_020989,0.11477256177884393
row_014277,0.16536663446452837
row_039055,0.16900533109549262
row_038707,0.2330063149917975
row_006825,0.12152828543767061
row_002549,0.09993599814768221
row_005593,0.09363967748885563
row_016625,0.384239231749732
row_000488,0.4243967495425025
row_037977,0.32024065292167825
row_038408,0.210549592423905
row_044776,0.3254485621120954
row_044561,0.3021913384207652
row_044974,0.19291875939731587
row_005006,0.17083087180653178
row_031587,0.29613130549069144
row_002884,0.3995959398079422
row_009190,0.4361151368529094
row_032697,0.243905513205707
row_015210,0.3699494905084834
row_010875,0.27748434221155105
row_003956,0.31584309849184816
row_033498,0.42071629114944475
row_020401,0.43356630352095227
row_010554,0.10738950528777522
row_005859,0.23756957457813557
row_015011,0.4134438064816963
row_013988,0.2468862872583072
row_007703,0.19166716271322934
row_029593,0.15678774437190626
row_007397,0.12984059326025904
row_003736,0.2690566702598968
row_015767,0.224966823346005
row_015953,0.38655132494386246
row_025777,0.123153593604329
row_037070,0.3099781651369295
row_039469,0.22501520215341117
row_036144,0.36914457403149586
row_002470,0.27151824572890365
row_031338,0.4179510220858928
row_010472,0.15773754785526226
row_025905,0.30960688053191954
row_000939,0.09349379696079373
row_004597,0.35328250704189956
row_022941,0.23314617663947448
row_041032,0.19684528269379445
row_031487,0.3122124398011524
row_014200,0.35546636322877473
row_013411,0.11472597272074544
row_041725,0.20988064658377456
row_015613,0.3204498574298072
row_048232,0.18637951121604482
row_047507,0.25971097519041747
row_049954,0.19532783381329372
row_009467,0.1551117398670814
row_026122,0.2657815758006947
row_030431,0.18106760098787367
row_037683,0.34247582201268356
row_027788,0.2733541608659052
row_010056,0.16425745320361002
row_033287,0.39502330616260756
row_046388,0.2733709417228752
row_037564,0.12381557783998742
row_037069,0.2812004671069194
row_038014,0.2652626465129392
row_040905,0.1877331130370159
row_027772,0.24747232770625383
row_025541,0.38120683566073194
row_026175,0.323371724263678
row_000217,0.4495705215629881
row_013686,0.18231471275814987
row_034695,0.3181115769052003
row_044239,0.323619930617107
row_022849,0.10883159592021183
row_003512,0.45909187577744387
row_012492,0.29967030687922636
row_014529,0.08785363277385602
row_040764,0.2968895699291318
row_044875,0.42622580423641
row_026559,0.06847376156114564
row_005155,0.22821845807105914
row_046514,0.09676636997368451
row_042160,0.1935005371273997
row_019622,0.47292434443038883
row_020311,0.13212835419994012
row_014967,0.3466719712372535
row_000253,0.28126075955018964
row_001807,0.3981913751061081
row_005318,0.3302858205473958
row_045466,0.15458438249247627
row_037607,0.443995634685254
row_023470,0.3592975132897517
row_042133,0.17931908135851393
row_027087,0.1324656360178055
row_028351,0.19287611814671157
row_001078,0.2424054562906413
row_003526,0.135783579853432
row_043653,0.29966524835812924
row_031153,0.19084825321659443
row_036769,0.1543004000097898
row_033046,0.31690697761278525
row_006090,0.17822365416526784
row_044131,0.2760666053665208
row_007889,0.22724055126482515
row_034042,0.13439669220070405
row_029324,0.29777051906870594
row_032835,0.227051694327513
row_020080,0.4447860395142431
row_017957,0.3650343042354966
row_045448,0.2844225715757254
row_042455,0.3972324126018863
row_012307,0.16286632292060468
row_025858,0.2764510611863716
row_013752,0.439608073907234
row_047836,0.25108158682108234
row_033928,0.21415944499626965
row_036275,0.24744762545774293
row_010752,0.16107526306347095
row_001492,0.3863139003584602
row_007565,0.1322461357860961
row_005755,0.15245719070200994
row_018513,0.39476820117687844
row_014258,0.3420502376043599
row_039102,0.2249593439918336
row_004024,0.20349975541992404
row_016270,0.22796927425056515
row_029611,0.11214713669150783
row_043226,0.2872776158618319
row_004780,0.09157300973175661
row_030227,0.17112676211477557
row_048849,0.14532337850324925
row_029780,0.3067825322403902
row_044777,0.1365568378503591
row_049275,0.31378003318860437
row_005504,0.44938287894290735
row_018132,0.34232770726904715
row_044751,0.15042131805474324
row_024407,0.2732026471302617
row_034495,0.1494734408380652
row_041727,0.4124531764227273
row_034348,0.344332592233858
row_012925,0.37903026399149337
row_028429,0.24306344106043262
row_037184,0.41183051483463406
row_006718,0.11226231880007594
row_036685,0.32127949259676686
row_022351,0.23276350577449798
row_006524,0.18662906787149372
row_020545,0.28821546192379094
row_014032,0.2746447319555696
row_018032,0.3339166054331304
row_002312,0.23202787415614268
row_030231,0.17045726982655177
row_019779,0.16260700377968088
row_044135,0.19090422289592848
row_031332,0.4018091772438953
row_027975,0.2828998858134842
row_027917,0.3790064225603947
row_040910,0.31426146271438793
row_029170,0.34487680811442156
row_017520,0.14029330079187857
row_031264,0.33237844826784296
row_010128,0.12379531526189505
row_014710,0.3020906896337662
row_044516,0.1233869981552733
row_026046,0.37443805033126687
row_049380,0.22105434989613257
row_013443,0.2883366422299412
row_032833,0.35398397988138436
row_040497,0.1019812357117719
row_019435,0.4409889454817415
row_029394,0.30235249378463425
row_007979,0.20751301514492665
row_029172,0.10015370231066502
row_014137,0.12982284993218723
row_038777,0.14297865984199734
row_030130,0.15984671574043027
row_020851,0.23169259837797504
row_029456,0.3339722333893708
row_031437,0.21977510495228403
row_003872,0.3197323837440659
row_016188,0.39213943971211024
row_035436,0.5418076233740922
row_009865,0.21930507186214115
row_005271,0.11767025904519868
row_046226,0.24395402023721213
row_042490,0.13062323902402417
row_040739,0.3148287824103598
row_009840,0.2765619593383481
row_041351,0.1582289944293223
row_032593,0.26235972972125277
row_040550,0.14172068930747783
row_025223,0.22887378752926954
row_037331,0.17923631379727434
row_012763,0.16742183015984338
row_041005,0.3844709217899315
row_019241,0.3896533748786452
row_011960,0.21316028640190052
row_004761,0.37147883651927915
row_002256,0.5563365789629087
row_026145,0.3792418935991718
row_003450,0.35521088244851357
row_003735,0.11113193714485546
row_025428,0.18012057611755417
row_045656,0.34008188426930946
row_030467,0.13643866669522814
row_010616,0.1803004119234818
row_013724,0.5309526833298697
row_046859,0.21655245270253923
row_038874,0.3754726422637977
row_015533,0.16890188291601238
row_044943,0.4390685928019299
row_021541,0.23680539290201882
row_018160,0.13821348909587206
row_000943,0.14384613299662255
row_010464,0.09779489191427827
row_005510,0.31267696568923525
row_020408,0.48649842038862096
row_037377,0.1726236357636521
row_043222,0.26335956697049934
row_027396,0.27218998791005955
row_002311,0.15187351644962171
row_030991,0.32157727336559916
row_003077,0.24950850303711952
row_045084,0.3555603185082598
row_043674,0.37393196162657183
row_006637,0.0881824761191314
row_000351,0.27072482825867955
row_020743,0.18518575732619685
row_002398,0.44742866332823905
row_025032,0.26446519805727203
row_027878,0.2913210620673381
row_025192,0.09349272959152677
row_023545,0.373513879196273
row_034860,0.20151360678301364
row_030496,0.15525115850643006
row_020701,0.27844463218756815
row_014944,0.3261774572846646
row_027385,0.13764733472602858
row_024702,0.24643958834798507
row_038519,0.19339455669837263
row_006996,0.40707579842910235
row_040199,0.14613548412106853
row_031751,0.16131501347731725
row_018614,0.16564695985828695
row_035901,0.1890362993595109
row_011341,0.2801193433757762
row_017092,0.34650470318271304
row_041402,0.26265415437585476
row_046215,0.11514440969747208
row_009630,0.24618906682240368
row_045410,0.27731575552038507
row_047025,0.25021713581150823
row_040209,0.2554321594858601
row_024371,0.4124670586186444
row_024978,0.35459728987359884
row_031188,0.26873520242658844
row_040441,0.35379705679367884
row_015509,0.17119497334248565
row_002759,0.41692936013059473
row_002120,0.130289323986849
row_038060,0.29717073511443953
row_003933,0.3732270636774898
row_003972,0.12797710720144218
row_046047,0.13100092656919948
row_049666,0.32730211371240453
row_010703,0.13940370481787062
row_026455,0.28534047968794957
row_018784,0.18058616018881068
row_033796,0.16236175757641816
row_040776,0.21262143114578366
row_025557,0.2929593553946816
row_007779,0.48721128957266446
row_044781,0.15713668887094326
row_014573,0.14767009859826022
row_018894,0.23385537910718632
row_007771,0.39593412408794626
row_019820,0.21589873207366592
row_022668,0.30170090494049
row_027088,0.2534462393934697
row_049101,0.3331900577075398
row_047152,0.3415911571540477
row_037472,0.1581247088477378
row_036630,0.33653450353001424
row_031812,0.13920524974947976
row_004855,0.3237398072899591
row_032555,0.19382737927157337
row_037181,0.17380282306543712
row_024454,0.13972012346396429
row_008642,0.2147975627775876
row_039826,0.33313864400351006
row_013229,0.2434363765574586
row_027861,0.3324311288833216
row_049155,0.31893963939482256
row_049330,0.38399581220406187
row_020508,0.1520163816243697
row_045372,0.34074711312024303
row_047857,0.16163483666410527
row_041354,0.10246635512502379
row_043550,0.2961321982430867
row_029484,0.41382608504707996
row_049336,0.40100491202205635
row_012043,0.1078444150772597
row_006250,0.22292493729370333
row_040656,0.1352699615933088
row_004557,0.19908266013605558
row_008326,0.3466017440847659
row_003592,0.22806616124002818
row_036090,0.13882621362574968
row_010740,0.211028486937672
row_030445,0.4431625042567239
row_023192,0.48363096091705154
row_016302,0.4620900398561025
row_041801,0.23763451613535946
row_012628,0.21700061604468182
row_031536,0.14598119961400172
row_048579,0.31516912959016036
row_026829,0.13073035900424984
row_039110,0.2714275017633917
row_015434,0.3129320025912189
row_043861,0.16702274881121548
row_007817,0.22506932020364215
row_038072,0.3152023946795957
row_039164,0.2477849303448975
row_006094,0.2342983109266706
row_027065,0.3670592910077074
row_001855,0.13452253877320727
row_023871,0.302686524977441
row_018968,0.15772365431087737
row_025211,0.3500806207975204
row_001139,0.3163770616278944
row_041466,0.1679867551495911
row_005338,0.11102215359313916
row_040692,0.22407090467732552
row_017783,0.24286308335604748
row_041694,0.2582945730716656
row_009913,0.2970764963796755
row_026515,0.09797149303851263
row_004707,0.5018763758779347
row_011776,0.16336131122040745
row_017042,0.16561934160779096
row_012634,0.2972010086142081
row_017568,0.13587816254307042
row_037111,0.4457118536951509
row_039895,0.1480842982282495
row_035704,0.3436960933356061
row_015031,0.2899229850117176
row_000367,0.17221116219353
row_044167,0.412685059785608
row_000067,0.22455664540341902
row_000776,0.3369646590993127
row_030490,0.3922229102043038
row_006691,0.3829230714587475
row_010424,0.27657996667704643
row_011921,0.1331138598579736
row_002260,0.4251303809888207
row_045874,0.3840430110379395
row_011139,0.4941646515254675
row_045734,0.20164029259729133
row_001066,0.30263486250553456
row_021695,0.1467276402043832
row_020765,0.1826370040057793
row_024660,0.28429420442848186
row_015396,0.36644174091385645
row_007155,0.3658543091234839
row_013805,0.35556215039807304
row_005175,0.24973768008711458
row_027611,0.3834563039410897
row_019018,0.24494811358738963
row_035084,0.31120467064475393
row_038931,0.4673164428693063
row_030671,0.31326765854163097
row_010042,0.28424813044179176
row_038598,0.12073727601528664
row_044959,0.3295125850569442
row_020183,0.1943746126524986
row_026589,0.21537397805965483
row_049937,0.0927650438649359
row_005535,0.24593021318420769
row_043841,0.34587680873029153
row_036262,0.19123655633142336
row_009418,0.4185447640142431
row_000645,0.3358560629855468
row_024152,0.3395769846228264
row_009995,0.3090724014004569
row_026796,0.4464606044890515
row_032274,0.20653741861898803
row_011033,0.26639735990583274
row_026313,0.43576435337966724
row_046776,0.41086448171751067
row_044565,0.4665732501891509
row_025911,0.2897987757758487
row_049482,0.1781155711499888
row_031177,0.28799309788185806
row_014819,0.2234283026348619
row_035392,0.3228324988592653
row_039474,0.36065558422262567
row_045093,0.14508978678253154
row_043854,0.3191547002484269
row_025418,0.11275006796568127
row_039703,0.2138800510771168
row_042463,0.10669741131895176
row_036628,0.13668574656824012
row_024428,0.06967263588210813
row_041034,0.25361513825657256
row_036016,0.14965077505951171
row_000702,0.1820281954266552
row_039737,0.2915207073097994
row_043824,0.15489516769655243
row_014789,0.2759039069677513
row_024870,0.19629700868408295
row_036515,0.11555711916793077
row_005010,0.33812666746063275
row_041846,0.4415884235685153
row_016387,0.1419646869876019
row_021297,0.3858340154490608
row_020444,0.2742889282563808
row_036117,0.10162627106435237
row_039380,0.3196527466080756
row_025158,0.3320376617450427
row_012140,0.16038580180099882
row_031758,0.3376411291321014
row_001550,0.4913617912824454
row_045698,0.11401703854320833
row_001857,0.41009316052416583
row_047221,0.2599394129308802
row_026063,0.12973954057949735
row_011531,0.44472335934661505
row_041946,0.20950187321611385
row_023125,0.33165123674327857
row_048800,0.24550059118636489
row_001551,0.4456824293377284
row_003744,0.19240409964252836
row_007603,0.18520136767331905
row_041083,0.321919709200824
row_001681,0.3728960234814515
row_012754,0.31114777102083246
row_003205,0.1331208297740179
row_046393,0.1222038531168759
row_005451,0.19849664254424265
row_014760,0.20788520631464807
row_039052,0.4374010969537396
row_018591,0.17508082920338428
row_043883,0.22231162523876596
row_015282,0.13875291861671796
row_003177,0.3254444404747861
row_006779,0.3388140040838071
row_045221,0.39686149166917534
row_038278,0.23549331900774825
row_042056,0.3840215945597069
row_044806,0.36506669362354005
row_034372,0.1512052813627346
row_013004,0.21723674076682148
row_002324,0.27964729743792427
row_041652,0.39705910595054766
row_006483,0.18015141661746772
row_035648,0.4058501972985601
row_039660,0.3449249520915847
row_017213,0.3863227055633792
row_030288,0.24724102514967164
row_010010,0.3427371993920366
row_022995,0.40147343659694795
row_003532,0.2661970586332837
row_024508,0.45041459391949634
row_009887,0.36790564368195816
row_004898,0.21056807041608408
row_042174,0.24425421788879526
row_048609,0.20447138609586735
row_037291,0.20528014454988447
row_019251,0.33021336536718804
row_038155,0.2424902134492116
row_029745,0.28202521777064765
row_038652,0.503524893027834
row_000355,0.11592557026062017
row_001080,0.37103264990460993
row_014014,0.18313614559037783
row_031271,0.26363680068818196
row_041047,0.3432141096159532
row_003846,0.1301524976368845
row_028205,0.31888104099980513
row_010930,0.22854218442662957
row_035200,0.15183570967732027
row_040667,0.30524744318509295
row_021561,0.13281660624507843
row_042555,0.34552850195146967
row_025954,0.19355043504134023
row_003923,0.29947671737021403
row_015291,0.12483166791796291
row_037166,0.3615588012162225
row_005792,0.2502236300973894
row_036460,0.4242819232202425
row_010588,0.2775005499200845
row_008345,0.10021462259652543
row_003225,0.4418858259281491
row_032761,0.34095460875427436
row_002515,0.18966936352401842
row_024409,0.40874452496891117
row_033238,0.13200386326223165
row_035965,0.1374159309082172
row_043387,0.2529107406603005
row_017389,0.3972902532280077
row_039228,0.2438126019059152
row_006604,0.19660742517177318
row_009752,0.20908725828795782
row_029433,0.4518883811366782
row_003806,0.2678224549549438
row_036662,0.3076149665658792
row_035480,0.3594700379024369
row_035625,0.22624018159981477
row_015002,0.22095343742234094
row_008133,0.1969368434352505
row_035872,0.17799439632458325
row_020363,0.3820623834758877
row_048723,0.359404831902774
row_004906,0.19008077011700142
row_004658,0.15148499389188907
row_039334,0.26099754076825066
row_004772,0.134943421173586
row_003094,0.3670895250811334
row_021208,0.35412278079971266
row_030874,0.4035319213433553
row_010719,0.37150685541408784
row_018948,0.17359251172349585
row_039213,0.13584383859172167
row_018855,0.3319390199137375
row_010738,0.13527298848999147
row_012297,0.1166986213940886
row_008050,0.2703804616401579
row_045476,0.13374741380664076
row_014934,0.23888728781481386
row_041281,0.21272384517953796
row_005300,0.16881874880847433
row_010881,0.15905565196431934
row_004499,0.2278993392398978
row_005992,0.16114982631814215
row_047224,0.23211944675805232
row_022108,0.28379051708865827
row_039490,0.3519313101267819
row_033755,0.09407818774894038
row_034101,0.3358401208212872
row_024821,0.3085381574419709
row_035320,0.11887541616745209
row_041614,0.2736450400548104
row_044336,0.17441259087407246
row_009819,0.13310034034145596
row_017982,0.11665389707860935
row_039513,0.3561002271985642
row_043721,0.20667369414178585
row_043255,0.22497209410965013
row_034683,0.28742753874215304
row_014890,0.13792593138285353
row_009731,0.25454332880315766
row_022858,0.27967596915378445
row_040527,0.24917262815648342
row_023179,0.2239287998614319
row_040345,0.20049381071143874
row_025698,0.21374684046334724
row_042397,0.22267812848428384
row_016593,0.18962530347259957
row_028697,0.25724985621944263
row_039139,0.09322412167917231
row_018169,0.36749913162983266
row_014386,0.21288424126724054
row_037843,0.383713292005601
row_005694,0.18909736963358778
row_033107,0.3785654916136301
row_042474,0.46282977684072746
row_012246,0.40338961126890344
row_001010,0.11965529670481784
row_011312,0.15490954977067747
row_006379,0.37655402400694293
row_022881,0.19407593756395936
row_030781,0.21882605223193385
row_025897,0.34812469920546907
row_049577,0.12061344483751993
row_008913,0.12471640014637579
row_046591,0.3031649998531933
row_039396,0.17294202309807902
row_031167,0.36597158261773355
row_022137,0.39326788135562885
row_007492,0.3867154129944059
row_009725,0.15088926397999447
row_023741,0.4142991982711116
row_005359,0.11360015033748116
row_037632,0.47272112621125373
row_009101,0.21947816151422517
row_041190,0.28891780606874956
row_032882,0.12439115060648019
row_025967,0.1630680888759076
row_004165,0.25719916111727387
row_000301,0.4580633921588334
row_019348,0.28762252319003606
row_045965,0.3249802539935903
row_046577,0.13843488943223856
row_010244,0.2785874137588066
row_048199,0.1954888724627363
row_022437,0.434433717561358
row_012229,0.3416766543412117
row_025149,0.1924719208564691
row_015857,0.3563430549549564
row_035574,0.1695209703248886
row_037598,0.22012221390834927
row_034205,0.38479202445627037
row_002066,0.11906454632689326
row_027675,0.18653301130598035
row_014825,0.1385830592847003
row_016516,0.13428567369855882
row_020385,0.36561956659179123
row_021414,0.24684677758672927
row_000096,0.11794977582781045
row_018575,0.32865889045739954
row_045002,0.17443921027936884
row_000960,0.3715038600430509
row_022292,0.08536344712185123
row_007204,0.13667608025755962
row_022238,0.23771121470772152
row_043128,0.20068315295294864
row_002259,0.5077166551028973
row_036479,0.3125176919171802
row_041841,0.3597681980913757
row_002279,0.20786816600833266
row_018489,0.2626345449892677
row_015864,0.3205904832039837
row_025051,0.1409666586006908
row_012163,0.19380543942406214
row_006792,0.12440744972649069
row_003814,0.2686166967027456
row_046383,0.1908398263190727
row_044651,0.14581262332038156
row_038588,0.18893103352411875
row_040838,0.4226018326740225
row_049847,0.2276913653896361
row_040106,0.09578236259299422
row_030489,0.30288388730191834
row_037556,0.2810619248788068
row_039814,0.49194111699825605
row_008807,0.2408629744393373
row_026324,0.21375929515518877
row_007112,0.1135212224800291
row_043733,0.1578415741613548
row_007493,0.47780846624586293
row_042867,0.2769223128746428
row_048381,0.14754708078527162
row_022119,0.41929520877345033
row_021649,0.3937564202171391
row_039555,0.15953789101002072
row_024497,0.4334116388023368
row_002616,0.28674889771611684
row_042543,0.3668143975544059
row_021887,0.3896223656111488
row_016257,0.17765558325923822
row_026381,0.20841063656760087
row_002907,0.3558832241177355
row_043073,0.1113326762672462
row_036785,0.3035301809231718
row_017292,0.16208180315134696
row_038675,0.10572311433681097
row_021381,0.39717065264776524
row_025290,0.34390029821671136
row_032768,0.0676226293051524
row_024619,0.26638332956004307
row_011572,0.3196545375867415
row_027501,0.21359620985754724
row_035211,0.14895607748746434
row_023040,0.34665503196154857
row_043356,0.14985173756260714
row_045047,0.1478457697618827
row_001309,0.14986194879423786
row_049849,0.5423648113627332
row_012333,0.2759727145165115
row_010790,0.32110900232282424
row_035477,0.32343259949310266
row_049018,0.17166810440671798
row_047343,0.20771027391462685
row_017361,0.3184121825663046
row_001508,0.12210375911768576
row_002410,0.4468448470053148
row_032871,0.14321727013311863
row_046824,0.13432015467542743
row_047269,0.2438254678708258
row_030147,0.20315113409797905
row_033448,0.1459617017801393
row_044748,0.26896673449796127
row_034212,0.41182359449285433
row_032111,0.3800829340483947
row_003129,0.1597147990298166
row_017040,0.21607680089197015
row_023141,0.38591193269884577
row_027645,0.3027266058789923
row_015770,0.23390965917254744
row_016422,0.10012780311421926
row_001004,0.22110857158710706
row_011594,0.10955259053379211
row_048189,0.28863389381825166
row_048545,0.319151559212731
row_000487,0.141289489958077
row_003374,0.1643408298502562
row_039602,0.12092680025340076
row_036122,0.17320385780744685
row_049144,0.32563179400385023
row_016212,0.16464536840376523
row_000214,0.3033643464728987
row_001643,0.3950792992395249
row_035206,0.1983126890668022
row_016291,0.19790907379943137
row_010178,0.25856429304988066
row_024967,0.24037280206541825
row_025739,0.14513624192542926
row_008470,0.11007287929437144
row_010289,0.18178217071785624
row_024772,0.3836791147623687
row_044592,0.2605933927626788
row_007233,0.20732716668389736
row_018879,0.147547520127709
row_001590,0.3155752392834209
row_020648,0.2732495787318558
row_016929,0.3399415847624944
row_015099,0.3599665219546306
row_044899,0.31871096023646955
row_040150,0.4164212058314908
row_038213,0.20702178743341426
row_046023,0.1569679839202965
row_022601,0.3572162828247893
row_027466,0.23054757335272336
row_003071,0.09692959707467197
row_019311,0.29822685818283207
row_028941,0.23321063779922271
row_000397,0.21081364439947728
row_022102,0.16286402565640254
row_036164,0.25955729211241374
row_009466,0.1733676979847207
row_035307,0.10068821337844719
row_012272,0.13029094671741764
row_017915,0.41824124554765135
row_039423,0.24458968739218376
row_045516,0.3527079732187612
row_048981,0.38782100774967077
row_035908,0.4237493227605168
row_019173,0.21408917609051348
row_047528,0.2662017249086166
row_009618,0.23840338479355463
row_003720,0.24423044683946074
row_017912,0.12789111919579543
row_029956,0.22525162550229133
row_034640,0.33842870674143033
row_035505,0.2530670827989675
row_029068,0.3980087568467609
row_000433,0.22487197086736616
row_028653,0.14923199450703753
row_013543,0.23433746256878768
row_000001,0.3888399615933588
row_022875,0.14311412047175037
row_009768,0.36210582435754707
row_013576,0.24359052286464317
row_045239,0.19408099106532392
row_034966,0.25807171981690413
row_008257,0.34299568104879435
row_032525,0.4175014525801342
row_034509,0.2843267583947284
row_023417,0.2628781209006737
row_022310,0.4558532193956529
row_027285,0.4149922095625514
row_030884,0.31332192270140347
row_047768,0.24999557751024612
row_016413,0.2606115998922839
row_049337,0.28425218770349914
row_031014,0.2928871099778759
row_014418,0.24929274242435007
row_016643,0.14505351883920176
row_008049,0.3075010074717549
row_018718,0.24229067360397896
row_042910,0.11507498290214282
row_016874,0.33201846792827755
row_018176,0.18074740516979929
row_011412,0.18980518983427852
row_017020,0.37158408891945566
row_032209,0.34847187013071934
row_040600,0.29693735909292285
row_000509,0.30013236227758383
row_004180,0.24513160068679518
row_034272,0.38914148079676414
row_006612,0.32078289996991455
row_007518,0.257463462064208
row_014612,0.37415246351452225
row_033603,0.3033935298422133
row_027184,0.267215923439736
row_037643,0.26551343837716784
row_013759,0.3165183879504765
row_048223,0.4870968823176776
row_009818,0.1501194293773298
row_033333,0.3754471638615423
row_011154,0.1797891817342258
row_008661,0.1569150975728295
row_042755,0.4592756282504868
row_027593,0.18521781808637594
row_016748,0.11021271940192198
row_019818,0.5234390797220471
row_028657,0.17570522520413023
row_008575,0.1365921655218144
row_010665,0.3427064799485306
row_015814,0.27370143376772704
row_047629,0.4177082615891974
row_040616,0.17135947168493795
row_048057,0.33120154821938064
row_002202,0.176855310491022
row_031959,0.30419063263704865
row_006370,0.36412448331873787
row_029847,0.3061171691163449
row_013612,0.1042805020093808
row_034370,0.20858325971857017
row_022422,0.14300928008492125
row_045135,0.3481044933614031
row_000041,0.10512819709642483
row_039580,0.299602572616309
row_019718,0.12379206790305587
row_006401,0.3455245806119857
row_042835,0.27750194413433865
row_046908,0.2482898395945354
row_036170,0.4426928608772219
row_049127,0.534725353745374
row_023981,0.3219348465305182
row_042959,0.16299379554676616
row_023797,0.47716233555863846
row_016571,0.2352666725016831
row_029892,0.17425763332569488
row_001484,0.17857306866110276
row_043688,0.18839207025729396
row_042353,0.14215895795473626
row_031287,0.2708887134737869
row_027732,0.4391419392719222
row_018865,0.11584060372540486
row_047366,0.1014893640354672
row_033320,0.15466598309302032
row_033725,0.2749578889992247
row_007499,0.27553275601053995
row_044608,0.3463074940978508
row_019415,0.4414801169463376
row_045924,0.17300316810754843
row_020418,0.23999034248212572
row_018821,0.1444932466376245
row_010378,0.2966422067997344
row_019041,0.3903306503638885
row_028660,0.3544951766833186
row_044870,0.16288776943739142
row_010951,0.4905249741303177
row_010129,0.40635969589042237
row_005490,0.2540408327991085
row_010917,0.13787464445347478
row_039267,0.22649562513605181
row_029376,0.09804517378923713
row_022446,0.38634877117591854
row_020289,0.25495622642806326
row_036622,0.2767383866510394
row_043545,0.3998223050476787
row_022651,0.13316430824505213
row_035565,0.14490846164809057
row_032690,0.47534847628610527
row_039071,0.3343294205877195
row_030717,0.37051976048093643
row_027555,0.3750897958824173
row_036313,0.325836933517168
row_039488,0.3273865652494999
row_021982,0.370180540281771
row_027839,0.19791680605505618
row_030815,0.3405864370147745
row_025441,0.16424639922681736
row_011656,0.4282536098185054
row_044457,0.21107089548511881
row_006206,0.16656666151134492
row_049246,0.36918239711333506
row_037930,0.13146613723069642
row_035083,0.33654420017977726
row_034704,0.16321950002254168
row_027918,0.3988319341563974
row_037334,0.3078931029551515
row_036524,0.18696302785934835
row_023124,0.36233707594931386
row_043365,0.15695628657077942
row_032814,0.3877943033775201
row_022298,0.23552167066400861
row_027762,0.3662887285926102
row_038837,0.27090723653980636
row_015382,0.19963702164752054
row_046980,0.11894873215466514
row_040956,0.11647697093055233
row_044180,0.2437594735719566
row_024567,0.3662461315201435
row_047888,0.36216634715509227
row_046802,0.12256103243473095
row_023998,0.46027498603052525
row_032560,0.15394285061215135
row_045091,0.19599996790015958
row_037366,0.13071984980001447
row_042787,0.34090896055076425
row_000832,0.34498298213138734
row_033994,0.46880559340265426
row_003463,0.1527336826927724
row_021602,0.1812091255513742
row_038524,0.24026959854372743
row_018615,0.32312127521833095
row_016226,0.2819014850463583
row_019298,0.1303155401349522
row_001387,0.3415403186810128
row_028269,0.3880413578119973
row_031802,0.3131086070109741
row_046770,0.23846036984975577
row_014630,0.2034583318531565
row_042773,0.20363148406012455
row_047005,0.19673002207520854
row_034549,0.4401324561199515
row_008163,0.10212889569703829
row_004406,0.3263489557534343
row_019719,0.4045916810091547
row_014882,0.1787247983061845
row_046850,0.23979272891364883
row_049082,0.26763931629610066
row_044810,0.1656638736182372
row_039230,0.1486360144764
row_019733,0.19464148523992
row_016027,0.16299391274894598
row_041937,0.14617320714552412
row_045903,0.3313384374452456
row_047124,0.28980960072202616
row_043013,0.19058651637687193
row_030691,0.24890841873584627
row_042754,0.40840219441151787
row_031243,0.2959940650960279
row_016679,0.10034015748246036
row_010108,0.1333331026769674
row_000511,0.3272625849166463
row_022562,0.28283616246536697
row_030689,0.34184434929709345
row_028907,0.33576174687780963
row_000401,0.12624569296710567
row_005513,0.25605917207629564
row_033805,0.33585999074005884
row_004545,0.19126538676643143
row_020148,0.2593062871260116
row_038456,0.2504451155187063
row_004867,0.3193755916762571
row_001251,0.21640353042068572
row_049198,0.2866675096919945
row_011745,0.4350157285497022
row_008072,0.15076158345216317
row_017864,0.27729072469941884
row_025448,0.303265820950932
row_019608,0.1188708717088083
row_043548,0.31943585957427806
row_035147,0.3974930666846826
row_005729,0.24311638184427906
row_017472,0.4560794693969223
row_034273,0.2551464943467653
row_036305,0.17321461350447395
row_009877,0.15064517557348406
row_042028,0.35211759448091967
row_037066,0.34713333413445374
row_011576,0.23520397093539236
row_033890,0.37068937599298507
row_015877,0.1406815485369801
row_047637,0.12876487607877124
row_018663,0.45915405183247543
row_006458,0.3155854670549199
row_041677,0.16203073821712718
row_044711,0.32877287764425983
row_012582,0.3598338552730646
row_036914,0.35282430576105217
row_020244,0.39816772812533446
row_031295,0.3967132142518912
row_043894,0.207031899892731
row_048479,0.22331499607481348
row_045183,0.5066666940490714
row_044674,0.21063990394443813
row_003307,0.39583736302974415
row_013544,0.2236887775682687
row_044311,0.4460196667163724
row_047408,0.3847862675123967
row_021844,0.271364642334404
row_032013,0.30414174762708684
row_013825,0.33283781268428336
row_043209,0.23744866479322213
row_039367,0.4769991883502585
row_013515,0.15798396856300412
row_027008,0.10542291294933351
row_047014,0.38397153017523145
row_047217,0.25390630996612834
row_040932,0.42409786467692817
row_032574,0.28865585141231936
row_010408,0.14947407860248646
row_034279,0.22152106330948598
row_015774,0.1326339586130499
row_035201,0.3394559690577416
row_036252,0.16698318305107548
row_003297,0.12721100281630782
row_006152,0.1639262837130767
row_043691,0.1028235689642666
row_000025,0.23850562904125702
row_030046,0.2714110511882205
row_032636,0.42756841429800035
row_016959,0.09316226428553812
row_028832,0.2414931879856635
row_014389,0.14135047304022713
row_032855,0.1091457852290847
row_043011,0.14944467418259377
row_021779,0.12694501729594898
row_033415,0.1921257454758578
row_029626,0.3619030299924264
row_044136,0.13145878917315523
row_031579,0.11627037987840491
row_032981,0.14320004083933838
row_026746,0.3649676196779503
row_048495,0.42555884481839507
row_015609,0.2532153816302998
row_029964,0.338757432235977
row_000480,0.19478065729800917
row_048192,0.2567444900375716
row_015366,0.3444706955289452
row_004186,0.14732378873459315
row_001156,0.12214368348757876
row_009349,0.2366140050492725
row_037921,0.18608545921415165
row_025126,0.3692053966343539
row_043539,0.1661954254090624
row_000662,0.23446880307865342
row_017534,0.12760756775583287
row_044513,0.37976209989158416
row_040249,0.29769027792804065
row_032532,0.1895636799078943
row_041045,0.33020108115585106
row_021454,0.2863447975607317
row_031790,0.28432323415025873
row_036951,0.14708749742555735
row_013468,0.31404798359657293
row_020560,0.3107186378456122
row_046666,0.3583714858419951
row_034777,0.12336125691777276
row_037411,0.25867725507489203
row_044895,0.14929076359990995
row_047574,0.2895225525479866
row_014120,0.29997536625396054
row_040851,0.3048921581748659
row_035277,0.5076845949872553
row_013279,0.3339988910968238
row_015035,0.13991976966237876
row_002061,0.3376978573184604
row_005683,0.32704693660304474
row_025933,0.3270106417517978
row_031174,0.3133886325388321
row_014916,0.44953982920946234
row_039565,0.3380539988923246
row_018973,0.15255989282077512
row_001027,0.465810905806722
row_027563,0.37739722190237046
row_033079,0.43553552175594623
row_024337,0.45184021813817216
row_015178,0.12014097945809693
row_033460,0.2068017436605786
row_020455,0.15928323309996817
row_007145,0.1851546233913058
row_040151,0.22496823487406367
row_012825,0.18136206051860035
row_037630,0.23162282136230908
row_044936,0.09370642149171209
row_007828,0.19180121473547435
row_030786,0.2559009795797729
row_011862,0.5205277875344564
row_010074,0.1413000517519927
row_033173,0.21963496890004464
row_013173,0.2985397635134012
row_023976,0.1945172841537976
row_019297,0.2808167474971983
row_023665,0.12892348415866847
row_018751,0.12277121836499993
row_006728,0.4162145766386631
row_018288,0.3926363314126259
row_003959,0.39156089992734355
row_011076,0.23104974096488595
row_022721,0.47787757938662834
row_037220,0.34078937242006985
row_032156,0.247075319284244
row_004443,0.34945141546305036
row_036176,0.43706091769979694
row_009095,0.4153524585972334
row_040004,0.12453842240147221
row_041782,0.42148474097504646
row_004572,0.30640152957387007
row_007758,0.4226314086269844
row_022607,0.5327635525836913
row_019693,0.42046489801327597
row_029452,0.3379662518780297
row_047092,0.3413161697894817
row_011672,0.14920020560618266
row_046508,0.19475435317609457
row_005103,0.19568333017180697
row_027431,0.1734767344452613
row_026157,0.17665702521958862
row_024134,0.3269480982173131
row_013026,0.12772784820257602
row_002626,0.2595371512331221
row_018602,0.13479592521027664
row_004417,0.18320982158847193
row_007709,0.3882570879954113
row_027477,0.32019201939885955
row_037856,0.16505229678910008
row_007054,0.17694862617107163
row_022707,0.10986461831717956
row_040471,0.5247792924880843
row_018540,0.1133323971484509
row_006736,0.3815332343056213
row_004932,0.13080531163113326
row_026181,0.48298328425853576
row_000206,0.22920945272733895
row_024385,0.24699432250765233
row_049600,0.1492461565464943
row_028730,0.28844699110651634
row_010928,0.11361213307544489
row_010952,0.40572264847029105
row_049872,0.14802497014675942
row_031803,0.49595928276688594
row_027374,0.31379538314083866
row_026490,0.2967907390091202
row_016440,0.29842155090730244
row_024795,0.2675179511681103
row_015777,0.2284115607919729
row_034892,0.49495339840075003
row_049669,0.1610916007178902
row_041128,0.3007155469944788
row_021734,0.45981849485172205
row_027033,0.4799599365905062
row_039816,0.34302287276841853
row_006455,0.3147586811400486
row_037030,0.40507127714025176
row_037431,0.1993358118457868
row_037789,0.3589324367157137
row_046893,0.31908321763991815
row_028667,0.25274663517862467
row_002716,0.41227960143155384
row_013845,0.30778987570054667
row_022208,0.35610334589299236
row_028626,0.26857723401631434
row_017363,0.15146735045318427
row_024268,0.2979813933000462
row_020875,0.1656156165007764
row_009458,0.37294210048948606
row_042432,0.22497454460806054
row_030148,0.23058761535822264
row_014348,0.39230047140321506
row_029822,0.15223779919811892
row_021446,0.13015068344528188
row_030645,0.3239878415288999
row_034136,0.48243384671696204
row_007807,0.1262358341217071
row_034545,0.17840167287547185
row_045663,0.12690282771071718
row_030769,0.2600692512055088
row_002704,0.1305108951439653
row_009623,0.4845683906751154
row_009066,0.1947111434884798
row_019887,0.1299300886112175
row_007255,0.12799494329797345
row_026475,0.37113742844719483
row_016831,0.08842092006818947
row_019351,0.20452546983276948
row_046624,0.47509235006455525
row_015391,0.3558386976386755
row_030572,0.1781742537046142
row_031289,0.15277339472695867
row_030293,0.2682898265446335
row_008849,0.1101455737913918
row_000183,0.29175271161202154
row_016121,0.2804285465857966
row_012420,0.2634242122401614
row_049002,0.23526874985322607
row_045379,0.12398869123078567
row_006527,0.3425495430704122
row_027949,0.33508045510613477
row_029724,0.1403717152312576
row_033407,0.3724663168471302
row_043233,0.34080584201331154
row_024859,0.16870491414824654
row_006234,0.4130939982431041
row_015978,0.13154161119286384
row_038297,0.2250991290103377
row_043382,0.20567945762668285
row_001733,0.1560489863344337
row_040727,0.476234746846288
row_011513,0.13093692991570832
row_004461,0.2638342759373636
row_017044,0.20589649248316305
row_037580,0.20642253999518784
row_023207,0.279024279675618
row_043493,0.3481522168150959
row_036449,0.19771712318593804
row_022407,0.2530123526846194
row_040503,0.11352975064931539
row_038491,0.42653414745637
row_044389,0.12418119479827139
row_002683,0.35832811767713313
row_023231,0.3142566468023223
row_018937,0.19977587376940087
row_027175,0.15439456921871267
row_003873,0.1693817411269183
row_010252,0.21218579810373414
row_007437,0.221481342918483
row_003054,0.2624763455865444
row_001282,0.27226727431132697
row_006677,0.24375550991175665
row_006012,0.12789992482824655
row_022837,0.30890409201860636
row_015319,0.4120731159091697
row_027348,0.1214259917764182
row_038470,0.27527177217066545
row_034041,0.23259035157004862
row_016401,0.38493580170482933
row_020337,0.29921585904399106
row_039248,0.12271846834240878
row_028991,0.13952385150245553
row_009918,0.3907947741006993
row_041459,0.3753161793563812
row_037822,0.21468437188745032
row_038381,0.3170826043465705
row_023904,0.11258034830946652
row_023921,0.3373497894736359
row_040728,0.07763937696217807
row_019651,0.3943507501926955
row_043755,0.21533573168272663
row_049102,0.14272177177513437
row_002649,0.10319531675878257
row_021402,0.17128030697777982
row_016437,0.21394514101303982
row_039954,0.2719083274686769
row_005465,0.161839208934683
row_022273,0.16407671648734695
row_000118,0.3069011982508384
row_041033,0.28582112945212645
row_018475,0.2304681686182983
row_009581,0.3204965245689064
row_023699,0.2537461411670978
row_026740,0.3393990111706888
row_042544,0.1636366640827016
row_035451,0.2913708542120565
row_025587,0.17071127432653588
row_016782,0.21937757989732407
row_005931,0.43561061998891676
row_012545,0.26868642285694944
row_045048,0.42529880004652215
row_039706,0.30119943499174046
row_028240,0.2026032870993829
row_027469,0.33238663272385116
row_009383,0.18421362460898794
row_038255,0.3518700536596535
row_011451,0.24712718178700457
row_034699,0.17455143446115293
row_002141,0.19961532653006195
row_011184,0.42948429553064854
row_045229,0.41471832467613146
row_013496,0.13480119539113775
row_043421,0.2777427663074182
row_022829,0.08202913894619301
row_036056,0.33168428693093516
row_009784,0.25573867820943175
row_006207,0.12117737403516078
row_026811,0.19041473922977595
row_003606,0.20126327520389856
row_020655,0.1640574389600054
row_029666,0.18342035903707815
row_038729,0.4077489997063677
row_023625,0.14541376781785195
row_025422,0.15008344558409567
row_019627,0.24776653620551806
row_012378,0.29960875660934494
row_032081,0.1732342847526244
row_048909,0.1069371965704769
row_018339,0.17025898083800098
row_049252,0.2063996055335346
row_042682,0.30049254893552424
row_012238,0.5621613310847317
row_015374,0.49067925134377854
row_016426,0.3114681225960729
row_008166,0.3546687712396726
row_021576,0.19862838872605965
row_020187,0.2817089855608692
row_004667,0.16169786554964807
row_012371,0.3674026777657133
row_043072,0.1221602042674369
row_037203,0.41185702846612066
row_034088,0.32347590057918435
row_044056,0.2957170238564342
row_048438,0.10354887005690816
row_020293,0.20200711463616428
row_043206,0.1542345314030748
row_048541,0.14778183655161184
row_043349,0.1352566995682981
row_027151,0.13594870821453212
row_046541,0.10345120766764777
row_028082,0.16525236530702408
row_044679,0.14096053313288023
row_013398,0.17541946990745771
row_045777,0.1605593486244343
row_035981,0.36902060560869365
row_046391,0.3578345884324761
row_021116,0.17523708271721877
row_040263,0.26248597315008493
row_028734,0.37556158924880373
row_023746,0.25431799680912703
row_036633,0.2090935789593911
row_001205,0.13791807627460365
row_016509,0.30180605695357804
row_016430,0.15965537018327472
row_034106,0.38180787742723893
row_024686,0.3828546793731731
row_043664,0.3748585940214144
row_040601,0.38452984438319543
row_015151,0.18657003388741447
row_029261,0.3953942939469399
row_007582,0.3224306609271858
row_047255,0.2065606100018307
row_004914,0.23834819379783695
row_003908,0.3649713935503244
row_003683,0.3641330347171628
row_031855,0.287867785706578
row_001758,0.3749022834790335
row_002636,0.11615584422754298
row_041160,0.2532356029823231
row_049545,0.1576149560299037
row_009626,0.1589863115470888
row_007065,0.2633168703291802
row_020069,0.10254294738002599
row_006132,0.379550849981232
row_049519,0.22548939757990746
row_022516,0.3671081515033938
row_035244,0.43554590029205925
row_032934,0.4535494906927526
row_011007,0.17347071346935752
row_027866,0.3435806883922971
row_038737,0.41989734828860037
row_019303,0.33582718262591316
row_012657,0.222362776271128
row_037994,0.27989362760218456
row_043024,0.4205538122721213
row_033639,0.38584804488532737
row_022087,0.3117983319955101
row_041241,0.15067967637997798
row_026863,0.33125437118876816
row_033831,0.3099403438802286
row_030247,0.1584625808302066
row_042150,0.44318260158469525
row_036064,0.14629400873913706
row_013928,0.21682711251789577
row_003368,0.3555059620721721
row_015562,0.4300485500228364
row_048528,0.5412384126674443
row_023553,0.3544748398795694
row_024904,0.19924733289557947
row_010314,0.2827723252457601
row_039323,0.26399551374589403
row_040495,0.2679078848680735
row_004879,0.3239285586754263
row_010956,0.2442454280916721
row_020043,0.18286520195294872
row_036752,0.2358182338100676
row_024248,0.1342538496843316
row_012274,0.4637598443387502
row_014280,0.10565486150181624
row_033091,0.41016934172977193
row_021796,0.36251412652591886
row_029520,0.1584851879527009
row_036979,0.3046227447240023
row_005856,0.3027806037885498
row_023178,0.1619842380219559
row_029459,0.32894285862060885
row_013658,0.270677118657605
row_034973,0.4402944174291281
row_025728,0.30950898943771615
row_024052,0.23288322201310044
row_033047,0.3580744338226919
row_049489,0.16073823878083934
row_037088,0.15105940112365376
row_012398,0.4176648920142265
row_010027,0.10482638975827344
row_001238,0.1957448263074694
row_041772,0.18121101281475266
row_038349,0.2566254448441593
row_042173,0.3562258882090395
row_033001,0.3256459900484803
row_023447,0.25383046766120765
row_022344,0.1973732441139151
row_047042,0.19864663135759475
row_017377,0.4090612761281798
row_019495,0.1938435963054855
row_031885,0.4886047962016415
row_030852,0.2661912744213687
row_014167,0.08796099976297515
row_025910,0.09874778939584612
row_048747,0.20831808094960824
row_009036,0.32209899763608124
row_023965,0.28581399953932773
row_011146,0.17094697162452466
row_021570,0.4788917880048813
row_005368,0.20462959126028163
row_011896,0.16106691389645125
row_039736,0.3463615690117949
row_013378,0.3295469780448134
row_036108,0.19617085241973062
row_033910,0.3393504504343279
row_046309,0.3555112011118594
row_013751,0.19839727681231129
row_036207,0.37876516667954063
row_018837,0.16519515461589263
row_016788,0.2712259073649205
row_040420,0.3378297251606188
row_041671,0.4139379069538021
row_038992,0.34012448540507983
row_040679,0.19850230087636406
row_045684,0.2782791431405303
row_031141,0.22707355712226074
row_031165,0.20971116732801737
row_015641,0.14266706371297877
row_034712,0.25156932253523234
row_027638,0.35072649395047933
row_041925,0.23536168023576295
row_048229,0.18764663225503334
row_007792,0.1487701893077937
row_026259,0.4115032502701968
row_017123,0.3314027764030686
row_032771,0.328723873375462
row_021289,0.24887240285741252
row_040419,0.4968051540395964
row_012337,0.3068261347234404
row_003674,0.27906586601046746
row_011815,0.19504309100656728
row_037074,0.46422182209270907
row_035953,0.4022611547300854
row_000160,0.18618582099968647
row_010879,0.11660364087353722
row_009493,0.13103508119994176
row_007034,0.17608837329227178
row_020131,0.32724754833556957
row_049663,0.23707342555613908
row_049648,0.12993266459241476
row_014221,0.3256458516877443
row_044588,0.1742044370759843
row_024896,0.1422574359838268
row_034843,0.49924083163016153
row_005214,0.12110549687567819
row_018025,0.40634860145649715
row_030342,0.2786806817568963
row_019044,0.4991249825942295
row_043795,0.14998255672185118
row_006534,0.3952132171349095
row_025337,0.3381312858768613
row_036168,0.16803002964925126
row_035061,0.2333952146986065
row_044945,0.4001267817753045
row_018645,0.31047418390421305
row_001769,0.1239136769069037
row_037338,0.3905698045867958
row_011072,0.2982351855248514
row_008490,0.28084109332903195
row_032902,0.1425755965069473
row_009135,0.12049675284060136
row_029441,0.11217098911354946
row_044605,0.11839733880265975
row_002053,0.11735816952583664
row_042311,0.2304045619852316
row_004390,0.10991458263136458
row_010572,0.33250120223550256
row_018165,0.16472555306577313
row_034334,0.11331768246104638
row_002629,0.23609285086773577
row_013144,0.4267541015687078
row_041176,0.14222240446308956
row_037158,0.1969768626751253
row_035371,0.3230645918848241
row_025796,0.21204172871615928
row_020784,0.20043481398944712
row_040826,0.45977794083398776
row_000305,0.12305523590436998
row_013736,0.24247705620617407
row_045721,0.300860486177699
row_038463,0.20262485911037262
row_024352,0.19433658293645212
row_046106,0.23266472660236734
row_039993,0.296984002788179
row_014035,0.22629937019668475
row_020831,0.08101681984738227
row_031424,0.2653090822278537
row_001429,0.28485299658880237
row_005139,0.3688467121653305
row_027238,0.2869357740700563
row_012338,0.2698048734429979
row_038078,0.07256855802983757
row_043705,0.1455630723575533
row_048016,0.39813262373758473
row_008422,0.1286427260675705
row_025965,0.1491799314903498
row_028212,0.4150461630474986
row_019108,0.424679034486244
row_014560,0.23100587467388153
row_029098,0.31568065719054095
row_024042,0.15673284065578658
row_035261,0.47009761916241094
row_034490,0.25724683019269456
row_044723,0.2546359496019998
row_045493,0.3381081113946267
row_028914,0.1594306163141847
row_032834,0.16496718058244542
row_018063,0.2397273417704441
row_017909,0.22105668855089267
row_021290,0.26315993380168334
row_041968,0.30116671354211244
row_002556,0.22457002333704765
row_008815,0.23420579599846925
row_026697,0.2973350488175937
row_032630,0.13315430150718055
row_022329,0.15063272290991322
row_006352,0.08101940152341108
row_005251,0.11531032436995114
row_010067,0.13392212671953593
row_002463,0.2329305386256548
row_034034,0.30337918826210347
row_028236,0.36629361321014087
row_033638,0.1469561484622399
row_015164,0.1649653843607576
row_026814,0.3978979700006275
row_045080,0.34652037864492014
row_012066,0.33023539114484873
row_030432,0.2994559667805604
row_046778,0.30828486841339975
row_017530,0.334779460140183
row_001997,0.30818298700933366
row_033465,0.38424296678674125
row_010731,0.32576515700310144
row_025278,0.2281101452700384
row_026938,0.16639541401000071
row_043384,0.2755109943019179
row_021532,0.17846565937986755
row_029193,0.33207302988541565
row_044068,0.2554214933646849
row_047841,0.44406195103062374
row_046520,0.38073818359710526
row_011902,0.2427178441426949
row_023456,0.15878884235927956
row_039454,0.38228816398370064
row_049190,0.25753986515883853
row_041612,0.25825490398609924
row_003811,0.45261231388722173
row_025732,0.4419271223830124
row_034605,0.43052522022839407
row_021173,0.23552911189864353
row_008110,0.3263593536146087
row_041048,0.31666213455916087
row_015822,0.3769516592966353
row_032501,0.1242206877969661
row_025958,0.2191271017375042
row_008822,0.3157682515766634
row_015326,0.217942491534696
row_000396,0.3607408308624124
row_020370,0.26298771050982056
row_015244,0.3036549534369799
row_049874,0.3453937663307851
row_012699,0.24161017882572283
row_001420,0.13576495603534613
row_045910,0.3145328934484163
row_033973,0.13975731537021818
row_002449,0.2543603744838652
row_014066,0.32258568413029226
row_005479,0.5029192581862779
row_012296,0.430143544527677
row_001776,0.3185726065116901
row_024172,0.4086646716855489
row_014396,0.4151236875311044
row_015023,0.2747623404964357
row_036299,0.17222153635288595
row_034575,0.4484781108244244
row_040508,0.5398389145658613
row_017069,0.20383822898837536
row_033621,0.15221787726048913
row_026555,0.3239650033926521
row_007635,0.2615420226056738
row_014114,0.26780900655648493
row_024073,0.14712101786111295
row_004106,0.378892028209696
row_008845,0.18576097481519172
row_046805,0.36857455049618176
row_019958,0.27119387870238537
row_005782,0.19802873131698456
row_036716,0.24809862843444674
row_044220,0.30605593544512555
row_011128,0.27507511052915273
row_014596,0.17729858766013293
row_037345,0.18985286360839182
row_038875,0.31513853220701277
row_038803,0.11266328799103073
row_037274,0.13069626483109154
row_027380,0.3269000024218949
row_011557,0.20076643493972263
row_022579,0.09267516190536954
row_044412,0.2612444373995845
row_039414,0.3237136094157023
row_029273,0.33728996530397115
row_043114,0.10655121360229877
row_023620,0.35118352291913374
row_038991,0.18207735930742408
row_046841,0.3783808391254646
row_045232,0.1692823924608836
row_017084,0.40844612405903297
row_032877,0.12587254972857947
row_025459,0.12581125849143
row_036531,0.36109028905113516
row_024883,0.36172902185011907
row_015100,0.5372853551565532
row_015680,0.3474148723337148
row_032819,0.15553731010445906
row_020666,0.3584092654552271
row_023911,0.1550000331820869
row_038004,0.13943080173582587
row_004507,0.44194526835177567
row_015315,0.5160516128171313
row_027109,0.45482786811098624
row_016005,0.2877626000290203
row_010345,0.3895413213703741
row_020457,0.19215035215805543
row_047865,0.3094705934016574
row_015324,0.20855073465584026
row_038554,0.338071826945544
row_014404,0.3041553301994267
row_029144,0.16880857267576152
row_045529,0.11815375184235893
row_040288,0.2758874139194907
row_029559,0.2842417500889948
row_006590,0.3898167752989556
row_021396,0.37582569803386057
row_019307,0.32417382678526924
row_005739,0.30725670212491124
row_002092,0.14536100566776816
row_019275,0.24848360245855725
row_001811,0.499265310015756
row_045407,0.2559636725200156
row_025589,0.08427055665140179
row_027068,0.12218231303731841
row_048284,0.30065291898210206
row_038887,0.16091952352676306
row_007501,0.1392784102975511
row_023934,0.40086587497057924
row_044193,0.1265543775535012
row_013947,0.14657238924852972
row_022548,0.35881442108490064
row_025812,0.3541077513779027
row_012189,0.2527503971740195
row_000902,0.4029970409275742
row_034674,0.25526228402547235
row_033719,0.1244730775949992
row_004500,0.34960958386848134
row_046384,0.2869334520219996
row_017376,0.3630127742750713
row_013337,0.14230309514087738
row_019081,0.27240523862446714
row_022756,0.38306190673054413
row_047385,0.15979159151157718
row_026848,0.27085031041603896
row_029325,0.1481468206608892
row_027933,0.19131019153130646
row_022085,0.23221618568179211
row_017456,0.33927316936061713
row_026104,0.3316782906514728
row_006019,0.23830012720876828
row_009888,0.14392346762752647
row_015543,0.33320102922502703
row_023956,0.4156984103310298
row_035561,0.1840397565179821
row_046228,0.3801907628616119
row_035486,0.17596473777042126
row_010547,0.2533032443754875
row_019489,0.32573748957867016
row_039348,0.3447777019998463
row_016751,0.10551150255220906
row_043099,0.2515974088670825
row_020087,0.2375565364450838
row_024153,0.3229097371925927
row_031469,0.2170421137790394
row_042428,0.32464805979633243
row_002338,0.25243589103897285
row_018509,0.2509932970852071
row_029570,0.20876337404019402
row_006843,0.28309227482523747
row_032234,0.15454859996076084
row_013276,0.3072579187335763
row_012878,0.14119097824947444
row_021448,0.24127269657709657
row_035417,0.3850275604552218
row_001968,0.3491256451793463
row_000088,0.24113172153554394
row_019882,0.5295445477472386
row_005280,0.38490534362593826
row_038599,0.08132281797429299
row_040714,0.3969170784129143
row_014646,0.2628236534603101
row_002341,0.2581696304271599
row_049312,0.27934682969867936
row_027416,0.12057686864800389
row_016306,0.12106839602321945
row_027838,0.208344649992177
row_012291,0.2772087122256565
row_043363,0.24333975783321438
row_002674,0.3053949682444544
row_001558,0.11983827666014477
row_035500,0.31336433287762794
row_003251,0.11423401286589471
row_032384,0.13058916717877697
row_020106,0.31503952646373484
row_006741,0.16081303699971214
row_028567,0.12209823874535403
row_047787,0.12030679910427981
row_048008,0.10390177027654232
row_040809,0.3257419726247854
row_017603,0.14123796356332696
row_010762,0.18008063403062027
row_032617,0.2517422175607969
row_048135,0.25704351690170185
row_022362,0.43970644007142323
row_006348,0.385674425530128
row_007201,0.3673864939488345
row_018708,0.21585619991664803
row_039024,0.16128686097192835
row_025437,0.4426099778428324
row_033745,0.16317902871130538
row_036434,0.4089541931871325
row_039180,0.23392666879512672
row_002176,0.34116515767717676
row_048937,0.3809688992170519
row_001305,0.3326752740542209
row_012702,0.32366471445677575
row_040464,0.41485812271405587
row_029092,0.40811363770607345
row_023667,0.111943203769571
row_009661,0.4194308583080766
row_028766,0.32953149413624666
row_019231,0.4213230337289202
row_032552,0.19752413328899637
row_019615,0.23847155357030336
row_002043,0.11262139429657471
row_017766,0.38094869269044107
row_024891,0.45289763169602965
row_027105,0.388962451542394
row_017498,0.3152359064488685
row_044893,0.39071620716485744
row_036230,0.3981082543842138
row_028683,0.4102061029998079
row_028931,0.2536495095489788
row_041416,0.3255163906533998
row_043722,0.24397054484186842
row_000863,0.20884414533429335
row_040138,0.37382683061293803
row_001430,0.38951797068823457
row_034323,0.5185570671187331
row_007482,0.21740974816614708
row_019184,0.4182814206445618
row_020486,0.11005169608636739
row_040467,0.1708709644349181
row_046256,0.14406906310326864
row_024654,0.4028638132594013
row_006332,0.1493600567925543
row_047680,0.1192350221358389
row_032531,0.331689927380892
row_048777,0.20073281531778933
row_017642,0.43776777705614384
row_001937,0.155578997301492
row_010611,0.15682846816100254
row_007234,0.32544571577476594
row_040051,0.28938575126069904
row_042472,0.4605120914286164
row_043731,0.3028671868813731
row_043950,0.2520507199928944
row_019512,0.16075658882733104
row_007926,0.33785181935506736
row_015333,0.11212858972857911
row_017162,0.13441715788646427
row_031647,0.14551376765392926
row_017172,0.17186709087285956
row_010651,0.48326962356044034
row_019439,0.2529063817351748
row_049608,0.2772517147327022
row_011939,0.1445295770401946
row_010812,0.10087700015503809
row_022997,0.17541285903074577
row_004058,0.3554908029485256
row_023356,0.13279842896955288
row_015879,0.17452674895081158
row_016168,0.25441727786154905
row_001507,0.10388720137015248
row_043806,0.18634776207455597
row_043253,0.4000250518279592
row_002016,0.18465849802027057
row_049386,0.19814765485425093
row_046222,0.4222005162070756
row_040483,0.13599593288150053
row_003166,0.1412782333696958
row_005544,0.47012284116771247
row_018330,0.19204919506605173
row_006309,0.4434648427051624
row_016602,0.41333508065837277
row_003731,0.3056792754005111
row_002278,0.34221011582036714
row_022681,0.19832688421895237
row_047940,0.31638171056327546
row_006049,0.35034845586710195
row_006899,0.30226067118709876
row_041583,0.36796980672395774
row_035066,0.1031396542173451
row_014190,0.1591499052590707
row_032514,0.23039415693881843
row_021842,0.14642441581218407
row_009718,0.2659625801281394
row_001134,0.4882759364626255
row_001105,0.16763320506401697
row_009230,0.4163687011201864
row_028371,0.17766039292276808
row_037635,0.3423837809385416
row_000099,0.48563727059771045
row_042088,0.23939998491926676
row_044330,0.21668538493719744
row_041143,0.31847126056515923
row_037067,0.25473264769610554
row_036245,0.11360308667476084
row_045723,0.16985195954540616
row_035902,0.10617057720690147
row_037676,0.464338348898362
row_016880,0.39481734420126974
row_007644,0.14692940643354832
row_029850,0.28285605714772466
row_002250,0.15804740327819675
row_000696,0.3947703381684217
row_036324,0.2510084327011166
row_017942,0.1846442461619285
row_014015,0.2760644116843057
row_044062,0.16436077708131466
row_007383,0.434894308354366
row_022220,0.1587138575478707
row_005160,0.13295123820844884
row_015622,0.1586301685149134
row_045921,0.32935294287840494
row_015363,0.42558661266781855
row_001977,0.2965966226342838
row_048633,0.26638460438103634
row_030584,0.16078358715182833
row_036658,0.3162533291478168
row_000590,0.15217089957409702
row_008544,0.43021704181693926
row_046263,0.19430452295371645
row_007419,0.42366788085988805
row_025662,0.18679050644785716
row_013042,0.23602916266404184
row_047595,0.3272282320858696
row_014102,0.13346060082696265
row_028041,0.34067800477204646
row_025433,0.2732767972367639
row_011357,0.3262027148032303
row_048962,0.18390208390523785
row_025359,0.21258588856989927
row_037749,0.146410033479087
row_017963,0.12552860468146163
row_008215,0.17619511963843243
row_012979,0.24111913756004283
row_036970,0.16180276001500804
row_000520,0.42602753636614354
row_036952,0.2982690209597757
row_047900,0.4870181954060011
row_020564,0.38265325787896454
row_020107,0.12166154594426408
row_000736,0.3592584455085251
row_029190,0.09400464141491494
row_001343,0.22004558079685646
row_048049,0.2491170237622144
row_031655,0.2173092711429527
row_004965,0.14095636667565942
row_001446,0.2921327555868435
row_005851,0.1671731741289229
row_024887,0.15962930799560016
row_024066,0.46840853354523
row_027987,0.12395789697988481
row_049291,0.19487809417092256
row_020691,0.32815727159540564
row_037904,0.12329792730167889
row_035877,0.37254166050583004
row_001975,0.19399247975832812
row_019753,0.3040572056615694
row_030344,0.20683573259859095
row_030684,0.21608037466737307
row_026173,0.26086134892369545
row_033283,0.3479285230788784
row_037518,0.12252765033233215
row_014343,0.4310285211102237
row_024051,0.28236861244447947
row_027370,0.37104875862220726
row_049431,0.2775977651611472
row_034626,0.1342159675745756
row_037423,0.267466315036435
row_030736,0.46855926522333763
row_026195,0.2496952519776287
row_025372,0.12283564998624072
row_045778,0.24793723861602032
row_035975,0.4024728846594832
row_038250,0.15441420835479167
row_043190,0.09569105415779455
row_013804,0.1500427123080663
row_021866,0.15957162214159307
row_026335,0.17377012670731387
row_011247,0.26180450767320756
row_029561,0.1997208553831967
row_001221,0.29785403389736304
row_019891,0.347765482382214
row_000883,0.31455646270813564
row_040315,0.12659368622431194
row_027569,0.13977801163073092
row_016973,0.17045556908918544
row_032386,0.2418322962937809
row_030316,0.35500553996003303
row_043773,0.37421581837460094
row_019972,0.268128165321172
row_006079,0.17484227863971244
row_000533,0.1280481206172479
row_025770,0.16714025090772608
row_007363,0.15884296392471592
row_038144,0.16704921799443612
row_014902,0.32332665311316233
row_035379,0.33392097382271474
row_016802,0.2362402832498239
row_010450,0.15219136239870182
row_040897,0.41353906815224206
row_011167,0.15838050666485895
row_037090,0.3622488645305854
row_001926,0.26895334131362725
row_003345,0.1415227713805375
row_013137,0.388630756552072
row_015538,0.41341821261221867
row_032511,0.16288579625846078
row_047373,0.2620820379030629
row_014980,0.18284904269743119
row_040306,0.11447108409696231
row_044633,0.06897428006514936
row_013747,0.5121293997304975
row_012612,0.2157723485810014
row_032572,0.09738774116176353
row_013578,0.3203105833256822
row_033861,0.3997842466759386
row_002198,0.31843943463365737
row_046055,0.17227635993923404
row_035768,0.18269351717944035
row_045176,0.21041455490761274
row_007497,0.25876039772159914
row_005622,0.2605838997787285
row_009470,0.330558029010003
row_047153,0.2765168049765567
row_036644,0.12049431979086887
row_042100,0.3038170935740941
row_028118,0.12665803874440892
row_035879,0.29008849854710944
row_023091,0.5014053721905368
row_044192,0.2900178160651599
row_041479,0.1680891213118559
row_030817,0.12026217057216104
row_020501,0.41941830684914627
row_045063,0.20286197127271216
row_009999,0.4775682122193233
row_022331,0.19188758258284946
row_008788,0.15402853957524393
row_026297,0.3558715378764052
row_046264,0.15624534235385765
row_039625,0.20177963698710488
row_003914,0.3024064010094188
row_041363,0.23264914801059453
row_016927,0.19883849352260902
row_024592,0.21157356217448048
row_033921,0.2061346910229474
row_002387,0.1898768583260456
row_048264,0.09978238143276472
row_022706,0.2074539648798688
row_021250,0.19906273753764914
row_043590,0.2169622135425827
row_007311,0.22269088453825706
row_030654,0.15762524754361057
row_030487,0.28681003540734856
row_016820,0.3269699354580325
row_032717,0.4420096524746003
row_019511,0.14098123234942647
row_045058,0.13489676747550244
row_049233,0.18270400969429396
row_048950,0.2322760244872023
row_035136,0.2684356528346978
row_002179,0.13484086978228904
row_039208,0.13323264870242252
row_009039,0.37967035865713783
row_008959,0.43888047846091616
row_010080,0.3443395799998425
row_009422,0.27047210686078443
row_031584,0.12424223306173339
row_037507,0.36111760205516624
row_003378,0.2653981650446152
row_038917,0.13710976378965525
row_016557,0.1185214649421305
row_028828,0.18318933508772953
row_003711,0.3074990540726295
row_049655,0.20540803562134574
row_011132,0.13166050917540884
row_026784,0.1239762473936355
row_010195,0.32440174321543486
row_021737,0.3736015258341401
row_007237,0.26515696813217754
row_014180,0.29279439665583085
row_036448,0.2735026064698163
row_028208,0.11839256461252304
row_011704,0.26998938787295657
row_045481,0.15434723734981515
row_049730,0.2318707856648576
row_031952,0.11787445526825187
row_018127,0.2390722095529862
row_016467,0.1832249994322372
row_007507,0.3680829580291562
row_012185,0.30945085805735434
row_040142,0.23591602255377547
row_002671,0.14693724738863706
row_049670,0.22401153444374908
row_015032,0.40011375746600586
row_020516,0.3269842857284285
row_029712,0.47884156320749044
row_009266,0.14835703319910679
row_027654,0.16389356157551796
row_020589,0.22654831006900156
row_021078,0.20995705900628375
row_022049,0.20000326320644365
row_028373,0.30946475546182695
row_015428,0.411002680551864
row_031769,0.1716416232410219
row_042232,0.2618824589339526
row_033618,0.12403644562740271
row_001042,0.281272389809754
row_022326,0.2962669011507776
row_025844,0.3039146958457825
row_010780,0.18508616454258375
row_034436,0.24263513894679598
row_005023,0.33318553253748356
row_008136,0.24390324329931398
row_026681,0.1652911212416437
row_018407,0.24640025568066465
row_005149,0.1335024793006796
row_026708,0.2485658501169302
row_049463,0.28763238778582906
row_001645,0.2864301635484037
row_022724,0.09046502474949594
row_049931,0.29178228999507344
row_042421,0.35763485438567977
row_025025,0.39822995125215227
row_001012,0.43880600018055543
row_035075,0.2965684517670305
row_045187,0.3487930815467088
row_046773,0.14424101451469074
row_044747,0.12099188548826084
row_012096,0.30493212594889246
row_001018,0.2682710319305907
row_002408,0.456905450718325
row_004326,0.40977407727635784
row_033933,0.13817050664391792
row_026156,0.1155045489665038
row_037489,0.3004683958541898
row_005194,0.15883198797631332
row_039385,0.26628346051778656
row_028997,0.38452507882736264
row_026140,0.1115219061724193
row_042571,0.17844032304516647
row_034989,0.19998663163034053
row_049122,0.13617648727482165
row_034084,0.5260323289164054
row_035711,0.3251713432903119
row_022749,0.3651492454445117
row_001588,0.3445675912187569
row_012414,0.2194451885692637
row_023743,0.36652309784558695
row_037642,0.43775120924402355
row_006856,0.13817705816140793
row_036296,0.33334078193308636
row_019626,0.17506461537588283
row_024970,0.2558755147955501
row_026805,0.2678935881377056
row_034648,0.15380409883454607
row_008938,0.2124364753937751
row_035643,0.12867281022312038
row_006632,0.2989454991459531
row_017246,0.4971990565495743
row_031075,0.14684550193755244
row_045469,0.1368475233605584
row_041216,0.31383137767063235
row_030391,0.29545469388828494
row_041974,0.20463086011153073
row_012955,0.13222657800430868
row_044742,0.38098926538333483
row_031344,0.221095480063709
row_038161,0.29996751278721256
row_044043,0.21394333995715156
row_029816,0.3135276045097051
row_016515,0.1266838030687051
row_032204,0.332332258642096
row_003762,0.15854221728034062
row_019129,0.1996222619498147
row_029300,0.5618070301133862
row_042700,0.15599899885496996
row_042954,0.3722998384989731
row_049617,0.3246251997004772
row_004030,0.12589550310248185
row_025365,0.1411842557991116
row_044061,0.1520180620386151
row_029699,0.19768296376991418
row_038667,0.25486605329638207
row_022458,0.1555035531600641
row_011212,0.3645477963576074
row_022665,0.37521916643480546
row_010855,0.5002034140740731
row_036688,0.12770641591083634
row_020211,0.17374759054110758
row_006451,0.11038396930756555
row_040305,0.13897997840176193
row_036132,0.34144371586172956
row_000298,0.12657156946207246
row_010145,0.2110392588831253
row_010729,0.49574050803994424
row_012251,0.15383399570538464
row_009219,0.39673032499155925
row_041124,0.406204195719056
row_034598,0.17220979267038558
row_013829,0.30030256759878504
row_009414,0.2778734471412553
row_015237,0.13057987550416789
row_040261,0.39631826222003647
row_037668,0.3388950178278796
row_003185,0.26335405574585163
row_022356,0.18460291995386366
row_032426,0.2972144055429357
row_044745,0.23449758393552234
row_044839,0.30385131477639465
row_042434,0.1488110694426461
row_038693,0.2542627845324646
row_040878,0.24990153523686112
row_036158,0.3254963650565253
row_046026,0.3193314776787468
row_021296,0.12469309529875963
row_000229,0.32729342944560347
row_035612,0.2895616117683606
row_019432,0.23467929350550754
row_041741,0.16592909873049277
row_015659,0.24948038573936715
row_009447,0.21532203546780254
row_042200,0.43899284706025865
row_006341,0.11663016289321422
row_018126,0.25008687034562954
row_018750,0.20380116615564695
row_027989,0.4495725588164356
row_005341,0.4200922228521671
row_016420,0.19583914707820865
row_005434,0.3247778919796772
row_029591,0.2627320960993638
row_041365,0.3453750057166586
row_044663,0.34592612197601896
row_034838,0.28138243764918114
row_027283,0.20253030092364127
row_046144,0.3537047771459593
row_043069,0.43507306669224616
row_043847,0.1298415930643324
row_017451,0.10400872755783593
row_037503,0.28616402822878656
row_022394,0.18375158317776616
row_000989,0.27709832917714133
row_005727,0.13659458601370889
row_020742,0.1596141123076003
row_041585,0.13697890647966143
row_038572,0.3075806514498187
row_015265,0.09102125918751107
row_039114,0.2469775801345398
row_035685,0.3446331480795566
row_006092,0.12871816350572815
row_048970,0.13572269621162844
row_044397,0.31417667100916247
row_011623,0.46852079561638593
row_027082,0.14671421566125412
row_021157,0.40610031765830196
row_046576,0.2457379647838743
row_001233,0.20077612142982773
row_015938,0.11414655712993971
row_030714,0.44461240234845756
row_038172,0.11680483459200419
row_020231,0.10428012565792596
row_005716,0.19062003404702965
row_033833,0.23530628741903065
row_045328,0.17024337486681207
row_025116,0.1500574082411811
row_019777,0.33965980695787856
row_039214,0.1859076743245347
row_008555,0.449360334932739
row_033072,0.2615114708735006
row_029475,0.24563283730916677
row_036813,0.14787178098541137
row_026877,0.15044632111096548
row_024549,0.2156227971161299
row_035948,0.22315072485913542
row_024388,0.1638126156037199
row_045006,0.18538302265362017
row_034422,0.29974207886649334
row_014267,0.2659973992943195
row_000506,0.2674811274190198
row_013831,0.3779630924944355
row_006672,0.15208046804729908
row_013698,0.39067738400697616
row_007031,0.14646101506392611
row_027823,0.2927179355809964
row_043466,0.3546574620726666
row_022936,0.30074962335619454
row_010239,0.3863388152091259
row_027025,0.19830839462635647
row_017227,0.2805264248720393
row_017000,0.3974455093040473
row_034487,0.22838515618618646
row_010272,0.16162372269196523
row_034081,0.14689192387286543
row_041071,0.3792754816895346
row_001093,0.252022458856588
row_034941,0.12165092388361184
row_039550,0.4869468874414821
row_027244,0.38014480353720753
row_041166,0.3606067019270122
row_015057,0.31199725714253695
row_040346,0.2801149962212349
row_012436,0.2520663604502679
row_031679,0.21690749646693577
row_013869,0.15276541555917497
row_047517,0.23788894768328023
row_040712,0.24012682031347496
row_040512,0.4531657593314569
row_024295,0.23711115678277445
row_026528,0.3158869079548835
row_014460,0.25589418944404607
row_018003,0.43044501261146373
row_013005,0.22989718204830523
row_025982,0.38694827227569306
row_022316,0.0983505315505936
row_034888,0.2761439962419164
row_027961,0.3462673744263773
row_001904,0.20726397127771848
row_001655,0.2617647446626163
row_000092,0.34785084308346764
row_005709,0.16686201186522456
row_043289,0.26349816316090907
row_009291,0.41097332637455924
row_014985,0.3908069894561882
row_036461,0.4248564524435844
row_015349,0.31969568855525055
row_018867,0.4811686140631982
row_037031,0.16179190657273246
row_001158,0.23714342829549157
row_022373,0.2472522979616384
row_026669,0.4395783819836448
row_048342,0.32806192321016314
row_025362,0.19306286217072502
row_043637,0.33747843931825805
row_028127,0.15446942695840638
row_009384,0.30361577380519705
row_045615,0.1149823189537843
row_009779,0.34001175698970715
row_039403,0.2846351807951942
row_035749,0.26486161175473216
row_023079,0.2456529431822064
row_033527,0.19391696544165224
row_007072,0.22409699369050606
row_001247,0.24307829789306817
row_047200,0.18526594782485667
row_015179,0.2871975391533651
row_020624,0.17719185964856546
row_009686,0.1216247694988744
row_028677,0.2378237423376732
row_035686,0.28388001825981
row_046376,0.14547231167427732
row_048702,0.16271316877513997
row_008579,0.34466210622225507
row_035050,0.20392130136514056
row_037416,0.3301360847282995
row_018514,0.15001204868553766
row_005221,0.1588552556561186
row_038864,0.46347210135367706
row_041948,0.13186192648716016
row_021063,0.2734837552316578
row_039247,0.13149630529116438
row_017899,0.2087975502928046
row_003794,0.4406965269310517
row_010922,0.4548136849461706
row_039076,0.36822224748775084
row_047324,0.2770324759825099
row_008468,0.21715127015912697
row_010750,0.15969630597667506
row_041528,0.1548740731356772
row_024263,0.4266173016509336
row_031481,0.14335922993439337
row_024610,0.2550537169906017
row_031496,0.31167909824068585
row_000850,0.23269922458010525
row_026486,0.13554227479321868
row_028672,0.22020122338271217
row_019246,0.15717465785820423
row_022030,0.1376186865025331
row_033946,0.187793180290735
row_024782,0.16830617981804588
row_049793,0.17325499877527856
row_025549,0.09264107530068347
row_023127,0.33014168705740055
row_029574,0.3552440157700236
row_026050,0.34884784222192877
row_004053,0.2673636524716718
row_014268,0.2925993591581084
row_034221,0.4163070347957878
row_047233,0.3002799285081662
row_039069,0.21023180730967755
row_046497,0.4750566330233558
row_025329,0.16621971515490758
row_020718,0.15779827956190334
row_000740,0.0986279535671874
row_017348,0.1786249041267547
row_017536,0.32828090054660575
row_035419,0.13203935645802278
row_015377,0.0992881422204065
row_044550,0.3927433273677496
row_046146,0.3972069344857303
row_023196,0.09863258166927613
row_010120,0.33285081853081905
row_030266,0.212637906776122
row_020388,0.22393447079295836
row_000272,0.15956899138511552
row_004071,0.24386339173771354
row_011020,0.44195717367598697
row_004431,0.37835767283323823
row_046620,0.12046243138299349
row_002062,0.46324877185746044
row_031919,0.24712067318765416
row_032227,0.14444683042393208
row_004054,0.34234318346036047
row_045198,0.1567555159620815
row_032181,0.23234955850006925
row_046684,0.5127390740875123
row_008039,0.2022121994234291
row_025275,0.2958371096254464
row_000336,0.3147831379886332
row_046695,0.09014562815985182
row_022231,0.22952759336455938
row_029294,0.23785823966060757
row_013325,0.2783563749413942
row_027147,0.2607797939731771
row_021457,0.43399313540294604
row_024186,0.5279117619432263
row_018091,0.13940360069323385
row_017466,0.23936876448123595
row_001827,0.3449505791070687
row_029812,0.2847394628303972
row_039915,0.40017043462231816
row_045104,0.13490025178663398
row_008567,0.44241357740707
row_048168,0.13503690111321814
row_046997,0.4783587744664128
row_005783,0.11875625095442817
row_009208,0.3243471735032565
row_015294,0.13594808889124813
row_002570,0.3205704655466464
row_005972,0.28129319645708745
row_022495,0.17624701614182509
row_039202,0.1785722672162197
row_012026,0.27954594394181004
row_030267,0.4157303014944778
row_048842,0.2465393239366589
row_043952,0.20931717088338336
row_015295,0.22348574173607413
row_018757,0.18677567327540995
row_022815,0.38074715400865544
row_026982,0.12203931455795136
row_001340,0.14083649213566293
row_037292,0.36766936539962475
row_013749,0.15284599596786533
row_023063,0.2039393807373884
row_026319,0.20908078693231968
row_015476,0.48401903561146137
row_027211,0.25766662979222654
row_031073,0.37391116007953057
row_038024,0.32630998296192587
row_016403,0.3244808869332699
row_042385,0.33711552183940907
row_026763,0.19066079471787578
row_002367,0.3257190181181476
row_034031,0.12494799264680972
row_002969,0.38816469405404136
row_028810,0.30173956500188975
row_041211,0.37653357175805674
row_033827,0.48468953373329404
row_029751,0.3534486533007917
row_042516,0.122097688589351
row_045237,0.35728365270493584
row_018583,0.17457042896072625
row_031236,0.24116982408354518
row_046690,0.2796227861700718
row_029905,0.40048191875181616
row_022076,0.484931462492133
row_013418,0.30193004168179455
row_031850,0.21418694394636756
row_036359,0.3760619970005874
row_035455,0.11948899652391601
row_029841,0.24338939859544897
row_008686,0.09085710617722313
row_045471,0.13228064918972723
row_006460,0.20736443819700134
row_018014,0.15235666368583486
row_007241,0.2729280993418993
row_029871,0.24906371571491662
row_020890,0.2901894680248344
row_029384,0.31215669519849965
row_043551,0.1230201108381224
row_025685,0.3884806245107639
row_025924,0.0996306734765605
row_001790,0.3046388544782773
row_045016,0.1568887653491635
row_028109,0.2371539800455525
row_047808,0.4566403833747292
row_023491,0.3211235945121726
row_031853,0.25349925610568697
row_032451,0.250216999601699
row_021344,0.19553119372739988
row_023302,0.30299154395598316
row_006063,0.4504925948172809
row_047148,0.22188365672940688
row_044146,0.15542693328539628
row_023731,0.1355465519071333
row_009161,0.3235245595647033
row_028616,0.12935592722392492
row_033676,0.4024103992145751
row_047599,0.27173960246150936
row_001123,0.42206475012382316
row_046942,0.42495039728153905
row_032806,0.3127052557224758
row_003920,0.14689094217449464
row_014254,0.27257414768139887
row_043042,0.13793218850017885
row_016045,0.21508166290081424
row_005059,0.38499630257456147
row_014392,0.2585162730403058
row_046370,0.3192782114715427
row_001414,0.3795632065023824
row_006252,0.13593004962801555
row_026565,0.25481968671280236
row_037641,0.37267322499087224
row_000495,0.17431478312044943
row_046911,0.21192420430328818
row_011859,0.35071751708248683
row_021424,0.18292997076363782
row_025803,0.4293990459706096
row_037396,0.32352229255606707
row_025131,0.23941785714095457
row_048978,0.32043806843398653
row_024265,0.17852506748989
row_011974,0.23392279583153502
row_042023,0.11344050873002325
row_018267,0.2099488599210723
row_006111,0.16861747430690255
row_009684,0.18069846649818733
row_016439,0.38082007400477524
row_013819,0.08903551183053802
row_011181,0.14788647516106598
row_008946,0.4143644703280147
row_010558,0.2964391768403833
row_043775,0.30202757461746543
row_042300,0.38433632090572867
row_032144,0.11478724194329067
row_006253,0.29310802329764496
row_039368,0.1217640329689913
row_022165,0.15957648154137968
row_037357,0.2132051958898902
row_044558,0.1434031999012969
row_041838,0.18295935107765968
row_021933,0.11824782213581717
row_048092,0.3649425183971386
row_029768,0.3014042695316829
row_036458,0.3549807099503983
row_007090,0.22804822736736097
row_036335,0.14854930562102608
row_046203,0.3592996458095007
row_035155,0.5417308430858536
row_047858,0.3349102968188987
row_029236,0.13891668786964423
row_025635,0.235800153956383
row_000286,0.29257246714717794
row_031453,0.37333534144753094
row_029851,0.3112650733625959
row_012270,0.32023141484581447
row_030318,0.18881206176754187
row_006559,0.11570074107185076
row_033567,0.3431495952220089
row_000685,0.44871462214527186
row_036339,0.21886392079720582
row_011491,0.1287701594011095
row_012457,0.4035493130207001
row_011885,0.21754919379971047
row_044060,0.31722594470279686
row_003108,0.21440372675965347
row_012203,0.12900996047216334
row_039243,0.3500644632605293
row_004376,0.23628304237683537
row_018786,0.32579711109149245
row_006469,0.216654302362903
row_048166,0.3269875081256614
row_024526,0.14237756986194433
row_037287,0.317978574350772
row_038472,0.3275846711968762
row_012148,0.24362365558608906
row_017146,0.12319850761288269
row_007275,0.27428567556850103
row_022748,0.2618839751214113
row_043063,0.19913597298389607
row_018853,0.2728653044092212
row_036826,0.3964521597946415
row_008317,0.33040591071862874
row_027014,0.12158534270097622
row_030249,0.4553580066063847
row_027461,0.36209430568171946
row_029250,0.3409923290187356
row_025693,0.21465924024862335
row_038466,0.4080042384469528
row_000580,0.0907119060019815
row_024014,0.2376504016216105
row_012267,0.12953784859203882
row_012579,0.329123609243476
row_027228,0.47832138667927
row_039261,0.35923433044730796
row_039419,0.2592671342695984
row_031861,0.4296042845388198
row_036510,0.257613208859986
row_022314,0.29630614581772674
row_018316,0.12201826322671279
row_027045,0.4050109135887242
row_003338,0.3174409038120393
row_035765,0.15396156711885983
row_047424,0.2095417941092988
row_036367,0.19600714565891336
row_018985,0.3760746691881731
row_013673,0.504610223799898
row_035819,0.45398934249544703
row_017795,0.15767996403278306
row_015888,0.24229816343346425
row_038488,0.2146986640581155
row_011196,0.37310016651479094
row_041299,0.15549303636935763
row_004432,0.2593995066657034
row_032412,0.38439274132216855
row_049202,0.33789939300995
row_024781,0.1818962591008168
row_004381,0.14028326629938148
row_008767,0.2591214483729166
row_002110,0.4371018813899128
row_016130,0.15122711681292303
row_039971,0.3899237775286325
row_026291,0.13758472293890228
row_009022,0.14716387477509071
row_039712,0.2947883043733857
row_045169,0.24822921411768206
row_004290,0.3422432318427124
row_008883,0.16254755528438447
row_036107,0.2242563924815242
row_034451,0.32181083590967585
row_007300,0.18401567581645767
row_031448,0.3759809967562488
row_011882,0.14422547337710923
row_042810,0.28992345892006105
row_009978,0.11478880787717038
row_031354,0.3253979964952838
row_047823,0.21847900841413717
row_028525,0.4200071343273157
row_017654,0.21016480460962483
row_009478,0.24497640727662703
row_030828,0.48624123946620756
row_047811,0.14417430966101727
row_046459,0.3465890918688456
row_036274,0.40007727903
row_049865,0.27532941458583804
row_021927,0.14953542238942558
row_024990,0.2518844107699876
row_021620,0.18360333153564615
row_034470,0.4145928047113218
row_046539,0.257846933023383
row_016850,0.2628508309697286
row_034115,0.3237516051009817
row_027935,0.1378299231160753
row_005793,0.1460497679964014
row_012620,0.12347519220754267
row_041343,0.246999731396167
row_039978,0.422714152442067
row_019699,0.3416789611269906
row_040724,0.11137327017272483
row_010575,0.34255122250084
row_004177,0.1520881717926499
row_004168,0.1311091631129835
row_024412,0.3721019321467835
row_029267,0.2236151916280778
row_009494,0.3476967865457152
row_033123,0.31707493870602926
row_027869,0.27110707328542055
row_022960,0.2987142726624506
row_018897,0.3943108370689818
row_022750,0.15344988739024176
row_006861,0.34331835739141814
row_040628,0.20620446855506072
row_021090,0.41899426567958
row_039626,0.2194761533602068
row_028121,0.4119030351034899
row_036546,0.18231527521618662
row_026950,0.2594357354569446
row_035270,0.16260345655683595
row_012721,0.32243360992955716
row_037259,0.2795208761068163
row_002890,0.20119613254763544
row_005033,0.3520805719586866
row_021952,0.11234086375694743
row_017945,0.20241430815217887
row_020572,0.3736036574968027
row_046746,0.42264308131343425
row_017533,0.16000954453941774
row_007494,0.16127480336928532
row_003952,0.4040459636117697
row_006702,0.3262544427924028
row_022970,0.20364410720230197
row_035402,0.3359038864953622
row_036626,0.4031562552461463
row_011472,0.2997071431902336
row_045363,0.4546974400934455
row_030433,0.49029803339220956
row_002992,0.3455732136250685
row_039077,0.18967065670474084
row_014072,0.21847168893456048
row_021092,0.10648265587250658
row_015835,0.5133016134034323
row_012134,0.36239899979748186
row_029436,0.36070881505034363
row_020443,0.27782169159618314
row_036372,0.14964704240802795
row_017926,0.17061596911401877
row_027236,0.42112225012108817
row_016642,0.1380921621931138
row_007341,0.1429991299594024
row_013455,0.34134228063662375
row_023437,0.5083219449603799
row_010939,0.2889424415353894
row_000833,0.23504619286173886
row_042301,0.45054894960992
row_002423,0.2583165106988511
row_047482,0.18451673629895907
row_019799,0.3551736834496739
row_025555,0.4474424150477599
row_023188,0.14910624487236293
row_035358,0.3462330881539465
row_006617,0.1125713911246149
row_020135,0.37367159422039137
row_032625,0.3610992623037396
row_048237,0.40629448239538624
row_000496,0.3075476568880325
row_004528,0.21066783062211783
row_000021,0.44339211670270073
row_006471,0.19711909359258403
row_022419,0.24530053672296573
row_016803,0.16028664901573425
row_000944,0.1814649231063273
row_031031,0.16706089608509103
row_007305,0.2827714806945108
row_005976,0.3512352051396292
row_032315,0.19856947230825225
row_023808,0.11891153504559572
row_006925,0.11669750130572873
row_042559,0.2126804278709472
row_032142,0.20987978718996564
row_025828,0.21068759962804362
row_008304,0.13632568875374668
row_029630,0.33516300863192444
row_009017,0.22422201807785433
row_023592,0.27697635273227383
row_014964,0.2868987806735595
row_030437,0.4503222988522353
row_000324,0.14932304439781294
row_032482,0.32888335251002804
row_038709,0.1210016592024687
row_004042,0.194213176572598
row_040999,0.38530152475726087
row_017508,0.2946609207096444
row_044685,0.3225298417666076
row_030846,0.09691446264399226
row_000462,0.2704885150087339
row_019237,0.1310187728529188
row_036851,0.320321162121722
row_043301,0.1555957867771761
row_027320,0.3469399564762702
row_022841,0.39087754291163257
row_017148,0.47849589933253317
row_031550,0.10210575988278679
row_040013,0.3065184610223463
row_020233,0.17939633391687165
row_047364,0.4138594147420718
row_037536,0.40917436727726464
row_039721,0.15115624671148745
row_012070,0.07421354657381962
row_021617,0.35646964306608303
row_025361,0.22405000661342855
row_037878,0.18597063357265042
row_043234,0.12693547403728592
row_009150,0.2595114996672146
row_046862,0.1569833662441945
row_022950,0.20210896020873725
row_040732,0.2865668401132137
row_019981,0.15180275119498535
row_036967,0.305510365761033
row_038559,0.3430631943180156
row_049149,0.18623141446351527
row_006382,0.3430438476205769
row_038929,0.3032898331928487
row_029720,0.23708238326710382
row_044933,0.2625058708541191
row_029505,0.1548545146256581
row_040446,0.2705094267986336
row_035631,0.3079511846817998
row_022701,0.44953642318980774
row_049265,0.3011619527949782
row_024157,0.16381910122713705
row_035072,0.3461218326871588
row_033263,0.13442390113271396
row_006765,0.13452553400124975
row_039986,0.21109542830917102
row_046122,0.3251762955942127
row_003637,0.3275935693823197
row_025560,0.28583846984739986
row_039438,0.15971378732342778
row_049439,0.14803926580481072
row_009976,0.2958587878719516
row_045380,0.32442857944193926
row_008963,0.13044299079153582
row_001620,0.43096387615317483
row_048091,0.3586102522378237
row_025262,0.2656310732618092
row_008400,0.3679172787335959
row_020198,0.19323253430668366
row_023955,0.14715611735340353
row_026532,0.3358973371435352
row_022833,0.40229167094620577
row_002310,0.12504494380386386
row_000679,0.4148549089642196
row_006230,0.36900180623565954
row_010929,0.32452630907402413
row_046131,0.28092942853676867
row_031591,0.32417800170021865
row_024774,0.30254246000669355
row_032675,0.306958808613478
row_027239,0.19609939449717975
row_000892,0.13105302039326305
row_001377,0.15880755241857628
row_024858,0.29832268211886437
row_030711,0.33723122704702463
row_026505,0.3508193011042212
row_013409,0.2359943450477849
row_006862,0.21748399743507082
row_047649,0.2868589446846092
row_035859,0.4102405220251131
row_047984,0.13298935392898914
row_024110,0.15487891117264618
row_036635,0.44274492887328587
row_002900,0.09682430922601669
row_004695,0.15324599596875416
row_024206,0.4786590813156235
row_003479,0.29028369382250496
row_045355,0.1072441705725635
row_047905,0.18831741628586274
row_006443,0.17868135842511715
row_012394,0.27528282430363443
row_012384,0.2176534456265355
row_042962,0.2347756596802636
row_037971,0.42962664095802555
row_039212,0.3414065594419198
row_035156,0.2053487712376302
row_023017,0.19605950939608927
row_047316,0.2076589937087422
row_006903,0.34234397209192696
row_033746,0.16758368060593865
row_048991,0.1732694662097251
row_048968,0.1207782255771753
row_004346,0.45246039112140024
row_000759,0.44796769772878925
row_026881,0.15143043666262399
row_030286,0.19321075398226892
row_026731,0.26492471608796453
row_021941,0.21164526685973648
row_001281,0.1154327242131979
row_012505,0.17676675858559784
row_015523,0.3373282657325534
row_042323,0.1301808329181215
row_017885,0.2941887928458259
row_041779,0.14151009232439113
row_049736,0.3951400058779897
row_000024,0.3441977827409653
row_046042,0.1965670527323836
row_024951,0.346913596692916
row_011375,0.2832437711690858
row_002333,0.2951931411775436
row_006533,0.09151712912715249
row_028732,0.498137610553044
row_018601,0.2753204017616378
row_004690,0.2943127593673593
row_049153,0.31637823381025415
row_019532,0.33252827783995964
row_036396,0.35545064274334626
row_043978,0.23028986941847013
row_039899,0.29099643334332576
row_030523,0.3255208230460207
row_035705,0.15811068288421468
row_005209,0.13533862626334617
row_020536,0.3790703059599969
row_021012,0.23817368137807612
row_008139,0.1617204303343314
row_009924,0.23321847397490345
row_016867,0.24481288008305263
row_025986,0.40623259691381686
row_014883,0.15602422795093163
row_001391,0.2085233351133237
row_048839,0.5156187207322229
row_036647,0.30532902127358724
row_009927,0.2434771409400183
row_010701,0.3048927664297037
row_015942,0.17158344556090377
row_011795,0.34649779253217583
row_036823,0.27560583260435667
row_018679,0.18966412855941528
row_027015,0.1213824254231619
row_015773,0.2517338014440767
row_023496,0.32409885536407207
row_039224,0.15198792110539885
row_016125,0.4088996863102145
row_033158,0.38956106405716623
row_029182,0.2191004612099332
row_045418,0.22486671042591952
row_015586,0.0993077192485718
row_029275,0.10837604795246339
row_005319,0.41101529384409496
row_042540,0.23273529465753948
row_039994,0.3913548065027546
row_048718,0.2517177458034514
row_005463,0.12372216591378461
row_009916,0.4260991828697939
row_019165,0.15113928032182525
row_046551,0.3538492314544411
row_047786,0.1990965749382893
row_031470,0.4132883210406374
row_026261,0.4548468637229136
row_025613,0.18566242743628014
row_019504,0.1423429311585657
row_033692,0.14724044621462615
row_041485,0.3366203442195927
row_014420,0.2669264132488893
row_009855,0.26270776074837815
row_049444,0.17042796720984288
row_025820,0.4018857031997138
row_049129,0.19710274662097244
row_031922,0.28175523802836805
row_044138,0.2356441854753253
row_027328,0.18022124464835274
row_029303,0.35411248415107294
row_027603,0.2648999626622794
row_035251,0.3238785559420059
row_013452,0.10592244643336787
row_009602,0.25570238374734433
row_018398,0.12452708593914256
row_049077,0.31042119699589593
row_007756,0.4078010126444423
row_038940,0.19362731119956403
row_042004,0.21126751645268432
row_000627,0.2712462701290886
row_028652,0.2367888519271855
row_003022,0.11519740558081111
row_024766,0.15241422979806957
row_048831,0.41773169308834324
row_014758,0.22536975032949255
row_049457,0.22027482583323515
row_009969,0.1480780894116657
row_013606,0.31567739481726065
row_001424,0.3206421517864383
row_049539,0.14443016906030315
row_018845,0.15381436110035526
row_029242,0.09053015859459049
row_025591,0.25751668688640533
row_047309,0.1761167095932936
row_009294,0.11088970255869707
row_049615,0.12474599522077005
row_019752,0.38590179570442656
row_014937,0.3363805158463784
row_049217,0.33062710740507245
row_016887,0.4204542907013426
row_006321,0.3604629360600065
row_025860,0.12676453451117034
row_019073,0.16122544735859706
row_012920,0.42199681710371734
row_011568,0.13753939960847716
row_037320,0.3054196669912097
row_046674,0.15910775019899073
row_008333,0.3333075032359465
row_019544,0.40468058892565806
row_003621,0.29904395886091106
row_043480,0.2793856830784274
row_022580,0.24565913993701372
row_035890,0.24836905327668465
row_002561,0.28651146763594837
row_015150,0.2070494529785287
row_029485,0.17960018048809925
row_044799,0.11081114380844427
row_023126,0.3340695381735863
row_018619,0.13128817218407263
row_001121,0.14678425573213602
row_018720,0.14100764223042964
row_007995,0.22612813778146967
row_019325,0.1518396081011367
row_032699,0.35108886852911714
row_007638,0.2764973152271901
row_029902,0.14660924321895968
row_037341,0.5012462027338399
row_008061,0.30193196291296603
row_008432,0.4648793266239316
row_005804,0.228507536220285
row_015723,0.39246127565337824
row_000603,0.2604116544886455
row_007815,0.2452180674670772
row_026336,0.16201551299092523
row_020442,0.3530545672304989
row_003458,0.280796994520981
row_041999,0.13746626005408366
row_048507,0.1478343010935113
row_018024,0.3794834458946234
row_038666,0.39441800440057645
row_010113,0.20853770783466494
row_017304,0.11914499563432185
row_013931,0.15673858016271527
row_011010,0.20672891164772225
row_017076,0.13461748269708051
row_028845,0.218394642648742
row_020657,0.32807822338607256
row_047109,0.24777988429020184
row_009305,0.13954649829664476
row_013338,0.17451536498217296
row_035088,0.32151092267613113
row_018411,0.2719096153586822
row_046725,0.218093829967189
row_021436,0.27140889805988994
row_004711,0.23540209389989447
row_047163,0.1592465772740278
row_023020,0.1415329631972968
row_029313,0.4113601515866784
row_015231,0.32987081279941166
row_037381,0.23885500510949026
row_017933,0.26809561475682053
row_043625,0.14473470237222183
row_045928,0.2155440191477896
row_035014,0.31771446631992717
row_004003,0.23570929736949728
row_035245,0.14001490323245397
row_022046,0.4265750292919353
row_003382,0.34896231351205215
row_013122,0.14679806702940618
row_034670,0.4234085975637603
row_028636,0.14850093139534146
row_046902,0.1903865770698107
row_044499,0.2795797630914443
row_022523,0.3534159150942475
row_007154,0.29101251158668834
row_007014,0.3553752012885906
row_009221,0.20505760897133699
row_042644,0.35629154735041396
row_034781,0.16109965476564053
row_015097,0.14090247095572644
row_007129,0.15248555587338045
row_023439,0.14308795725648668
row_007328,0.3293302013925281
row_019462,0.12863693778862395
row_037680,0.32964503681730173
row_043252,0.5831437485744524
row_006997,0.3241617494493435
row_037434,0.24332668448030187
row_045823,0.2847220546646999
row_034824,0.08448551431207126
row_019619,0.16487247715552159
row_027085,0.4533716944397508
row_016182,0.24420277475105456
row_023569,0.22380085866813812
row_021346,0.2892838156002099
row_002813,0.23258834324968403
row_014169,0.24867977426555413
row_033374,0.20214343193116474
row_045738,0.3646783757479654
row_012396,0.14425328766292808
row_025778,0.41436938534891615
row_041945,0.1400305296846335
row_043503,0.33027737448660405
row_044553,0.13977766031452013
row_014603,0.15714280081941762
row_004044,0.20591523712843235
row_007777,0.23992181746558452
row_018803,0.2511028217126732
row_049762,0.40191152711563793
row_012489,0.1702378827116451
row_034319,0.3986271911395634
row_033519,0.2613857445304754
row_048830,0.11790621578130239
row_045123,0.16955152756264788
row_016746,0.14900396613805697
row_020507,0.30059935784292857
row_014329,0.17186635506178277
row_000558,0.38430948857968666
row_037367,0.3164460548252704
row_044739,0.39779035727521217
row_038948,0.10347477733675339
row_009097,0.2854745776193842
row_031216,0.21879412053782368
row_017599,0.1215443665956863
row_006065,0.14818976684780719
row_014528,0.3772447711756245
row_021139,0.27426525030565496
row_023051,0.30626966992634364
row_029661,0.3647640845718136
row_028563,0.4115952208598344
row_044721,0.4038842254020521
row_021153,0.26928679440904457
row_005540,0.1836243083857315
row_045877,0.1748331849518346
row_040661,0.24704580071464258
row_044636,0.4173919055700091
row_036623,0.14870866782938646
row_047933,0.2878479696201329
row_028748,0.20294845440161097
row_018542,0.4645196832699286
row_009782,0.3077353439521331
row_023942,0.36990025533853294
row_030958,0.1729150490198954
row_032105,0.41509669806623994
row_032028,0.1872017809868637
row_021740,0.12531602971297173
row_008923,0.2070433547547867
row_027108,0.3695366529279451
row_023376,0.1366413283339146
row_021097,0.3167492201802891
row_046639,0.37537359025288375
row_040859,0.14988647950249315
row_024061,0.23753170820528874
row_021777,0.4502556673467906
row_036948,0.16943860421477216
row_033934,0.14152038816792692
row_024007,0.11083495462257398
row_027498,0.2436537127395482
row_024313,0.36498286209552244
row_045843,0.40260698707388476
row_046180,0.3419557490685657
row_042519,0.4154731873864696
row_032321,0.192398821745529
row_018728,0.4015173031152458
row_034456,0.1084126486761725
row_018635,0.21535611298350296
row_028246,0.3149694983254295
row_041750,0.2543005514361664
row_006228,0.4856704137056998
row_008211,0.3987724389191396
row_040494,0.10362593988403962
row_039829,0.21579846081696893
row_047801,0.24865887359054256
row_021433,0.2576258857705487
row_011299,0.3984790739566468
row_008256,0.30255828165101417
row_038753,0.22316070466768043
row_029805,0.2410156467094409
row_027203,0.27089155338318704
row_036863,0.2963343865354061
row_022289,0.34065855357365366
row_013865,0.4972138307442363
row_013850,0.2377105983815514
row_002696,0.14379338429522615
row_039755,0.16013451140467352
row_029195,0.26699706888191843
row_049080,0.42431056682900914
row_010225,0.3473155758062163
row_046193,0.24168712007526863
row_024715,0.3625950387955485
row_037340,0.11885443325716291
row_010593,0.1503893152124101
row_020794,0.24059188363134054
row_027984,0.14542072824307345
row_029048,0.3460307451718134
row_046955,0.28987643306037264
row_004348,0.29352552088726225
row_029431,0.3049087885320082
row_004330,0.2488553489454648
row_008710,0.26606892395289755
row_008790,0.25920707730934917
row_035557,0.14804934869055067
row_022368,0.4507361852289936
row_011235,0.13688551572672136
row_011111,0.3827670022881541
row_011260,0.21245471184076636
row_017295,0.29674135676442137
row_021263,0.15761277589911746
row_004305,0.2449981893090775
row_000356,0.18934905314691303
row_030408,0.1152205926110383
row_015287,0.14301763176622867
row_037849,0.16131475494501174
row_047043,0.18142462260399175
row_006425,0.17326692773207913
row_004926,0.27159388446710464
row_019900,0.2288406477327375
row_045098,0.2323808519101486
row_009490,0.10818555993360247
row_038338,0.2583369268904816
row_034062,0.41526403905893366
row_045633,0.09648397547873405
row_013868,0.2405707588039911
row_043054,0.29141597000475017
row_043019,0.1409078131426692
row_010698,0.21069221406550753
row_035801,0.13760097069678853
row_038118,0.22308682242668107
row_044903,0.22447250687487885
row_043007,0.35051546967480635
row_004835,0.3547628772835809
row_003658,0.4108384752985687
row_025608,0.35698340429326
row_040129,0.11128357621202205
row_031986,0.36332381094886995
row_048053,0.14895106951983425
row_049346,0.29248975934500754
row_009545,0.11088710675520361
row_020044,0.24775825215304545
row_016200,0.18995687043998466
row_029747,0.3539528773495533
row_020729,0.3027624884507617
row_034417,0.1576126288318376
row_036074,0.26967364417204315
row_000843,0.3710148580718584
row_028760,0.11640893271512374
row_041306,0.42131583908492926
row_049394,0.38611031938944307
row_019030,0.47456441042444264
row_038245,0.34871003178080756
row_018408,0.11739347719134383
row_044523,0.2799823190499097
row_044453,0.13777896218928337
row_005120,0.18584539900044375
row_002876,0.28764055349200385
row_028896,0.21664267898567852
row_004584,0.2524378905541474
row_022182,0.3173005737964533
row_020308,0.16192024078485695
row_018617,0.16425185039642987
row_035420,0.23178712408619628
row_028547,0.383152636626101
row_023172,0.41427143227925245
row_038533,0.3261930700452595
row_031315,0.2926926456747712
row_031576,0.36554252838688467
row_023800,0.13630756815775527
row_045053,0.3704803811929982
row_021307,0.3757138112591588
row_037157,0.1418955568394584
row_045425,0.2524210598836714
row_011296,0.26864708679361793
row_012824,0.30246504117753825
row_011847,0.3830601915670226
row_048917,0.2260919969104973
row_034116,0.3988157265053771
row_041942,0.4059585494694974
row_041728,0.13369653773570817
row_029654,0.20398168184114196
row_045806,0.1421284373669458
row_005789,0.16988770710732118
row_036880,0.2951595420315186
row_005963,0.2762114816773089
row_008696,0.20146004139139248
row_048935,0.3995173964047237
row_026425,0.3737706413550826
row_012258,0.38742510173307126
row_017667,0.34312202975756045
row_026495,0.1257264306252503
row_031954,0.13209538412253347
row_002366,0.39058631074859584
row_034053,0.16088159461732335
row_035053,0.12953684236026497
row_044053,0.25779811994003504
row_041930,0.23761095853723035
row_039687,0.18932242010847516
row_032723,0.3573893185221689
row_012597,0.1285905972219726
row_043961,0.11336344189775795
row_030767,0.24300367568261036
row_037268,0.13180244870915772
row_030348,0.11104266152271498
row_006031,0.263528285753325
row_030847,0.45787654486302326
row_015116,0.35768853641213794
row_002565,0.2637628094305468
row_020995,0.21229793470090513
row_007411,0.20479123512662195
row_023323,0.14656648087630847
row_009109,0.14967972711374938
row_030511,0.33707754960268704
row_019069,0.3517186378677662
row_001428,0.2567007123241361
row_003533,0.29726383101145804
row_004823,0.4320664861126023
row_013833,0.1770710452520607
row_001184,0.44060626423550825
row_019857,0.29401223190795583
row_015607,0.4246899512508529
row_026717,0.28503007689515075
row_042759,0.38574860202691597
row_031136,0.3648939062272729
row_005577,0.2355843861485001
row_017375,0.3947853264279407
row_009047,0.32325865376543944
row_002438,0.23379066783268518
row_027970,0.3145030580036939
row_014063,0.3182288836949943
row_010329,0.46767643899077155
row_043167,0.166547785737947
row_036581,0.28562220621470297
row_024259,0.10507258761831066
row_026037,0.164728740169381
row_034707,0.15646707136125623
row_014772,0.22387297423705613
row_041589,0.3043194549226263
row_028160,0.17075608593098424
row_043208,0.15633252542833412
row_016623,0.1377878646797715
row_029502,0.12832742417256415
row_013451,0.3982131364387899
row_012020,0.18840781832743314
row_042792,0.12819644288203724
row_005752,0.35270917838998056
row_017214,0.11560312232880605
row_044804,0.4194465581743719
row_027127,0.2647745797941415
row_021276,0.21348067728912493
row_044699,0.49306121507821826
row_042579,0.4660184947434127
row_024984,0.31040381056991073
row_028713,0.263900933844068
row_003332,0.1530256622148088
row_015044,0.14941623322301983
row_018049,0.22454627716723435
row_045368,0.3197270027342819
row_025928,0.5304288738820319
row_009555,0.3515928558004903
row_048250,0.3172589418944143
row_015798,0.4159932539098764
row_016273,0.25042686161305167
row_012402,0.1651330919738144
row_008410,0.499494325923055
row_001000,0.3196480114615585
row_031749,0.20409038552572878
row_049131,0.3581194421467717
row_013223,0.11928339781980274
row_015371,0.3008138266397056
row_008836,0.22841424137947894
row_014129,0.3670989863305482
row_035144,0.3714195862729882
row_039240,0.3537943520047989
row_020144,0.22443863459457272
row_005188,0.267516740211279
row_030275,0.11675504941222746
row_021487,0.4230062555093648
row_043059,0.48482618882024486
row_003694,0.33912236878140256
row_036351,0.34183351101515685
row_037974,0.43214031439593226
row_013786,0.060959724798196474
row_008414,0.10821433029846725
row_019833,0.35469361072044586
row_042037,0.2905556711163763
row_011392,0.20122745016845056
row_040936,0.20026646667342052
row_004302,0.36185087307868435
row_007962,0.2357471002328636
row_010823,0.24547959813853154
row_031623,0.35253990810436237
row_003565,0.30918833274366025
row_012573,0.17108928999190992
row_034210,0.2542604656325605
row_039700,0.19043187556625918
row_040825,0.3029677031837784
row_005420,0.1664181390210678
row_003446,0.13483123049644571
row_047899,0.14132796376438325
row_006627,0.21793133427593026
row_029789,0.27735405392227663
row_041522,0.15959098638821745
row_010334,0.07361370654422893
row_028501,0.36865505709520424
row_023619,0.2542258321036871
row_002679,0.16168230024306873
row_035982,0.23070361534451142
row_010727,0.4062567944679935
row_000640,0.47163661489537173
row_041575,0.29676024304085014
row_030123,0.26463625619941106
row_024684,0.326511803961543
row_014885,0.29840892434536354
row_030975,0.243845838079659
row_010388,0.17244270537568354
row_006610,0.2531672234797017
row_016795,0.3463766716912921
row_002135,0.4712427457478231
row_021301,0.12469326018911585
row_013630,0.14730366143538082
row_045154,0.3424154263580435
row_039892,0.35852896666029427
row_008692,0.4726109083279838
row_024160,0.5319631116974449
row_013159,0.2135106248265439
row_013007,0.40073304587640013
row_049810,0.3757391782249439
row_046736,0.39610712860692565
row_022016,0.25987632722799503
row_020607,0.14764791132571517
row_037673,0.09046994308013116
row_038829,0.3227967070316518
row_027106,0.27807682882073975
row_008336,0.37887172655259754
row_044144,0.2583179177525855
row_011109,0.35494642111626035
row_014427,0.3578972170775924
row_026154,0.21455653291931803
row_047689,0.21005682068970014
row_004335,0.38650364572360557
row_029029,0.18348396053389596
row_001008,0.16115948071423541
row_047211,0.12484738180302044
row_000095,0.2638879994599188
row_034909,0.3630987135621115
row_007266,0.348759606387626
row_008880,0.12738938020636037
row_022947,0.232045100261518
row_029798,0.28425710784557967
row_012390,0.2040879344978079
row_015825,0.13333018687443185
row_029807,0.13479743344820594
row_024553,0.0812241408310497
row_034716,0.35352481232807786
row_015662,0.22633134740475697
row_038857,0.1642050233415741
row_007745,0.25584363022699447
row_016454,0.18722555389616552
row_022009,0.4277039985601569
row_044234,0.1481683204643443
row_028802,0.21800698395260096
row_018192,0.13972191517011728
row_013099,0.4444577258228958
row_003285,0.2432962507688747
row_027423,0.38195623511451704
row_029748,0.11624676895945729
row_008978,0.30954883921905246
row_049267,0.17339344458863126
row_003682,0.3614881284038316
row_033687,0.341092738931713
row_045582,0.35422505332491405
row_028952,0.304341424613411
row_027936,0.4414949559556507
row_019058,0.1582332119053716
row_027403,0.21607276454634172
row_016894,0.1608553691520554
row_011691,0.17825916592383537
row_027952,0.32091223180749384
row_000242,0.4328924651626077
row_022899,0.15776964271083868
row_009951,0.23315252994566055
row_036527,0.15510559480412747
row_013781,0.343426502644598
row_022987,0.36192918229648813
row_038503,0.10465717076790672
row_008080,0.4010705925171817
row_021232,0.3127796007752352
row_011277,0.2045748191346616
row_037016,0.19086124268082827
row_049715,0.12958408431427695
row_045873,0.3585165526237335
row_003113,0.37836647567862547
row_025655,0.12437432826741983
row_019111,0.19510010103214018
row_020139,0.17406844701551044
row_030641,0.1393400620341733
row_017402,0.20263393010644185
row_002219,0.3275908349283311
row_022406,0.25276855589621183
row_026939,0.37775551032057325
row_035235,0.29513700979360913
row_040430,0.34886550439314584
row_005371,0.29649002119251
row_001094,0.14420194847118892
row_049987,0.11948638443909469
row_043859,0.14021165629281152
row_016514,0.26992942737673675
row_028352,0.3908598318208937
row_005736,0.38656070597270625
row_008533,0.1921218969915563
row_021759,0.31357874241195477
row_013447,0.3809532317550411
row_014179,0.11267349713717557
row_004014,0.2541552510672093
row_033356,0.13887836316190877
row_021558,0.22965455316584346
row_036306,0.14298327298801314
row_034635,0.17695432936860384
row_040405,0.3304985406602216
row_000018,0.14992195717347478
row_028187,0.17926623719694995
row_029317,0.08401134904680162
row_034846,0.15133905728761715
row_005798,0.11013485102134943
row_018193,0.4745162599979815
row_040570,0.33302554654869976
row_046046,0.20067347337597352
row_019957,0.2985874481881422
row_049344,0.3284077373731426
row_032446,0.24282586336382558
row_019145,0.5824682808844281
row_031372,0.32351059508061153
row_035950,0.15882314062327427
row_005549,0.22626849824646492
row_012227,0.3574495528779625
row_008754,0.11613653497777042
row_038256,0.23154331597242409
row_005483,0.1697609695319451
row_019806,0.2961313053795085
row_001924,0.263063002639939
row_010604,0.32579376977400365
row_014531,0.31883203897153906
row_023007,0.15545171320557316
row_041208,0.13476559068592625
row_019695,0.15897046029852918
row_039707,0.12778298514383282
row_015756,0.3654303424477114
row_032152,0.24961872505021412
row_032180,0.2843501002029001
row_002304,0.10289617627400817
row_045981,0.22208952613607824
row_009798,0.2451502630595991
row_031973,0.22950783449295412
row_004565,0.18194739086887107
row_018101,0.27250535927009834
row_016395,0.10766341756696732
row_009081,0.2856752104856645
row_002180,0.24152048940624868
row_029471,0.4701415810819744
row_005933,0.348789673154504
row_012806,0.2680123520795848
row_029415,0.29148497700825565
row_029691,0.291551546938868
row_017079,0.2171377340194239
row_006938,0.39210214076360406
row_037041,0.20913559059801393
row_035923,0.3332140186517673
row_003245,0.1402456929422811
row_047112,0.22525196513111312
row_003419,0.2081598479366324
row_020770,0.37520347333469867
row_039100,0.25768376363673773
row_038956,0.24205936406867534
row_028094,0.3060282291578581
row_007750,0.2624837280265515
row_028304,0.15514233976943403
row_048204,0.4779731540178221
row_033393,0.22649999423120673
row_038000,0.32855228295204747
row_014677,0.25840184496420127
row_047544,0.3077056763667711
row_009147,0.15353787685505424
row_011064,0.2712805325902858
row_046255,0.18093204038061586
row_035842,0.40764434574354036
row_044173,0.2120582701271189
row_042457,0.31517576583835966
row_006532,0.2283825822501625
row_024528,0.25178555188171
row_011201,0.4908751411549538
row_041856,0.21607957772323863
row_048311,0.23077661474305844
row_040991,0.27361441371691625
row_040189,0.11595772103302535
row_017234,0.32734216618515327
row_035373,0.3450713916570207
row_021525,0.3761049371162408
row_005846,0.3528048936414491
row_023224,0.16241630712345959
row_031639,0.13018620970173808
row_023053,0.1215353679338534
row_003901,0.3371810070423689
row_030250,0.33934041602335246
row_046400,0.2039747008847525
row_031937,0.26274953961597614
row_018164,0.33485006117843014
row_002033,0.21823514713181424
row_030562,0.1283985245117151
row_039376,0.2230234496744401
row_032211,0.4066945122867837
row_040807,0.11967750923378749
row_033035,0.3290032962121573
row_014181,0.29703866348441244
row_009587,0.13736676542763265
row_026096,0.22932724249143066
row_014875,0.31094679233528366
row_044032,0.18617903764457736
row_045952,0.45017682660082825
row_004086,0.3724731941970284
row_024413,0.12083333881061997
row_027769,0.4137949552241108
row_018573,0.12702297712031485
row_027349,0.2186355757663803
row_044798,0.39750015027432284
row_034659,0.22371292338742144
row_026111,0.21919944674309733
row_030017,0.2313156422832171
row_022591,0.2813721597809157
row_015584,0.1687851043000438
row_010784,0.40913885889159585
row_002024,0.23334994463319006
row_021776,0.12908001142032652
row_023660,0.45312384412655277
row_026676,0.16921354403032116
row_000101,0.23643963266587864
row_001657,0.2666067086950021
row_015278,0.3458652132901583
row_043173,0.38814615874515596
row_007536,0.27646227859473854
row_032856,0.10909124576261768
row_047227,0.1355185798283212
row_030981,0.3320897192659755
row_024151,0.19313797494748988
row_039810,0.12394602278699283
row_001566,0.11646224266782451
row_033987,0.2834241329173238
row_013453,0.126931627308831
row_032161,0.13125864798562623
row_025669,0.17103350010207324
row_004131,0.12531133857362
row_039935,0.4327364930931131
row_012718,0.09425384304629898
row_049232,0.1341878907706441
row_013188,0.37508639241815767
row_003973,0.20562489834782147
row_022197,0.28558065260447235
row_011387,0.11596955664427956
row_018182,0.14348186208772787
row_045005,0.16340866491942937
row_009457,0.20706352515060886
row_020853,0.15559566931394353
row_043235,0.14103358679889194
row_048422,0.1543243578283048
row_043626,0.13978773296518426
row_016441,0.4448038364505847
row_015047,0.43964542916322646
row_032244,0.19493916704766667
row_004384,0.15912500333498023
row_019295,0.3960790465579621
row_032626,0.22619693219114864
row_039478,0.2904238694622423
row_011147,0.27756969568903217
row_044315,0.3051856720606571
row_039264,0.12378485509779118
row_001599,0.16473343390194933
row_025442,0.14231947157182456
row_047369,0.14041984449129577
row_038086,0.15239324590067227
row_016283,0.3866958870486791
row_036992,0.458158926120965
row_006965,0.42559625790717015
row_019278,0.12928068367311127
row_001573,0.353337723451034
row_037665,0.10783752214889304
row_044071,0.20237967034193882
row_040468,0.18272128620128364
row_007570,0.3499723749530659
row_005838,0.4779784616297941
row_046709,0.15612750852783475
row_018314,0.11925465326328433
row_008214,0.15998479005432364
row_037699,0.28586518617893664
row_000763,0.154488131594061
row_045475,0.3288939094600273
row_030569,0.47552719536155447
row_046262,0.368046195983205
row_014542,0.1624137487225964
row_027350,0.17060326029587744
row_041197,0.3651344685665676
row_048373,0.4207578142637169
row_024405,0.1322725779914969
row_049225,0.1551306026723437
row_034621,0.13702912132061176
row_040177,0.15161263701289424
row_027375,0.2921573138855226
row_040444,0.41066072322241876
row_028326,0.11870854968589273
row_020786,0.341632716213523
row_020366,0.30553458978803305
row_014315,0.20631602093327264
row_002757,0.32540291174656166
row_033871,0.2639349493566337
row_000635,0.2897573441445573
row_047028,0.4127179610590719
row_015189,0.29791179746537405
row_046680,0.2302949973742572
row_030418,0.2622012357178918
row_003555,0.2501873939833638
row_041997,0.18320132959031646
row_002044,0.3142668000570098
row_000983,0.3143482349338683
row_044469,0.39303605002335423
row_013430,0.3396606258719261
row_037755,0.2764083837065425
row_003548,0.12984918920664681
row_006308,0.28439184864303557
row_047859,0.16126074238255073
row_018930,0.29148785615629447
row_002488,0.294705453195268
row_023315,0.12442418837358574
row_049688,0.14039227426538975
row_031499,0.23382891506254283
row_008442,0.15043573575334515
row_037752,0.13730044915882675
row_040695,0.14462605883920301
row_030687,0.22043933674804736
row_046135,0.1183440978185735
row_039473,0.3988221859856361
row_047693,0.2881399467065248
row_000186,0.20682753313680338
row_048674,0.12965581252379127
row_023980,0.32944198348807296
row_033736,0.2820816701878923
row_023300,0.40195939740099607
row_016035,0.13719848091803655
row_024357,0.10898506241747202
row_001843,0.24330888093999303
row_007541,0.23480727455755543
row_041629,0.31809156105496594
row_004596,0.21606564012345475
row_002822,0.49322196118133155
row_049188,0.4045036875073213
row_033668,0.38996151441629034
row_012930,0.3237894290269253
row_032176,0.23763914182425408
row_006035,0.17013425805129131
row_043634,0.13510167027656675
row_036416,0.2915084627968967
row_033778,0.3320707502787225
row_012323,0.2592676234851698
row_004115,0.14254798759018866
row_042043,0.47042731539146576
row_049123,0.36432192201422364
row_012383,0.12772151819851235
row_021489,0.28059176660601276
row_041673,0.1941324830128343
row_029977,0.13469796519202246
row_014203,0.14952318456494235
row_028346,0.3094710800305721
row_019586,0.38993019142788987
row_022129,0.16884029187736774
row_037845,0.20954902808168882
row_043156,0.28534034080100956
row_019721,0.2542845423059494
row_022855,0.18659858252866598
row_022304,0.3445902058016305
row_028285,0.2522949724720061
row_035109,0.2459054727347704
row_000161,0.22173829719446023
row_043683,0.12613622961755275
row_025138,0.08841499964368989
row_037541,0.4111628836218884
row_024539,0.15706045531530272
row_032931,0.13400774525928702
row_046332,0.15471037784969394
row_006597,0.22612594717510304
row_039639,0.3778728786966596
row_022183,0.5745627648959464
row_028621,0.11079109975993734
row_020195,0.30008622711193705
row_018704,0.2190180322470779
row_028318,0.11928390142373548
row_034229,0.21565809609497735
row_023999,0.37473255836589475
row_005452,0.336979283128102
row_021685,0.17255385553954358
row_011026,0.21556065245764516
row_027639,0.18058893008020335
row_031290,0.4119786422950333
row_003596,0.1894165691142545
row_036573,0.13225725151755002
row_024181,0.3196402530625372
row_007943,0.21840017555372396
row_009120,0.359712662141138
row_029102,0.3647686938608195
row_008321,0.29635979035297
row_039856,0.27302788816999135
row_023294,0.1761877622983764
row_006603,0.34181944051958785
row_003638,0.46429046325420187
row_023432,0.31049530403771664
row_002377,0.3219070651124389
row_022624,0.34080353338626895
row_038986,0.33065530464884524
row_020579,0.16348791118282108
row_011298,0.10210279704110362
row_005542,0.07656853320741344
row_013236,0.25999552833742146
row_001056,0.39445913932299775
row_019942,0.15391086124853864
row_025741,0.36222991579910485
row_007042,0.3954702826693187
row_028483,0.47939701162009263
row_007159,0.17456710974670553
row_038079,0.15924515544357415
row_048540,0.22279060171060242
row_046568,0.15312731377703193
row_033328,0.3845251464949118
row_027863,0.18292052693265048
row_010585,0.29695470861085155
row_001538,0.1591574935460842
row_018395,0.2269048691939936
row_037255,0.4255506053081239
row_045719,0.16611020201789697
row_045718,0.14751236363635117
row_001023,0.4014862685705635
row_000361,0.355111309904416
row_007626,0.2536366583107832
row_018088,0.11442700732630794
row_033140,0.15014657739284992
row_001805,0.22982552071175202
row_024033,0.11532022893605622
row_007018,0.37292825596194923
row_015729,0.3655856656854038
row_026656,0.46148818019379856
row_019735,0.2798716657814855
row_026665,0.2825637042206087
row_049316,0.22512684682968181
row_044660,0.29178327292490847
row_031978,0.37445347532355616
row_020451,0.2945793208684357
row_015550,0.18970831629112028
row_015694,0.5150016839159488
row_006464,0.21303829320145687
row_012130,0.440895522458606
row_013456,0.25751499915876486
row_004400,0.313083455038171
row_036487,0.16604327772078764
row_020368,0.16891060430597077
row_038530,0.23717227966258966
row_045775,0.17165345356898454
row_014199,0.26525506250074804
row_001464,0.24149334477042933
row_041676,0.43221763181525497
row_024106,0.09255754496907743
row_029138,0.36565506555964117
row_036759,0.15179432454831326
row_013722,0.4584165184506175
row_037197,0.4004954572251965
row_028595,0.20319644744708162
row_036000,0.11140573176654966
row_006711,0.3112165214930031
row_030934,0.13514971373107568
row_029711,0.14276370396408858
row_045441,0.28168354693764713
row_021484,0.23163279336166898
row_003220,0.3432496064820817
row_020137,0.26455214241056646
row_014123,0.3391221036404583
row_007240,0.32154878309636953
row_019743,0.13329188332585026
row_023830,0.21065345523698656
row_010799,0.13185297601351317
row_004315,0.5056197216225676
row_009107,0.285621172081586
row_044385,0.11626869004497317
row_039365,0.24014651436384984
row_006125,0.36215541131866125
row_035103,0.1961634203439022
row_017612,0.11270770021968844
row_005448,0.26781218968311354
row_033983,0.1523449342173454
row_038377,0.14398536828357236
row_046951,0.22573364498879836
row_034790,0.32821706186412675
row_035218,0.12188244361201525
row_036988,0.3176908378536753
row_013335,0.3416087376084695
row_005692,0.4819373414661734
row_017966,0.3254894710419204
row_046895,0.14268752243097882
row_013030,0.17253764496379334
row_007157,0.20132111168025538
row_048357,0.4225453366627001
row_044505,0.48885912523839836
row_005285,0.33569899384665464
row_029152,0.195678620346988
row_015485,0.4261028952172876
row_030591,0.21264039952952288
row_044557,0.4398200586965454
row_034499,0.44653690802122925
row_040998,0.19853608453350044
row_001294,0.458083120141287
row_041148,0.30417837025029343
row_043109,0.1163357058332225
row_040492,0.11612911491079961
row_031302,0.09366996151197123
row_020021,0.12448403187644422
row_014803,0.11389288594338697
row_027488,0.22642286862475752
row_000841,0.1261435887365302
row_030405,0.18099338568803416
row_011074,0.34314675636579106
row_047668,0.14948791530422667
row_045480,0.15493444898982975
row_019225,0.24122825358564828
row_034882,0.1325435459613386
row_047938,0.3446831133905359
row_004362,0.27274966778189097
row_019412,0.22132649250099323
row_023191,0.20478468115994578
row_032989,0.16644991946807297
row_016300,0.4525278311066276
row_006923,0.12135607962045053
row_033099,0.15978880452037586
row_032987,0.25831248725257683
row_026318,0.2637471175461134
row_025474,0.1377958711735595
row_046285,0.28453241077577635
row_012446,0.19726673849438314
row_043873,0.3144659844161302
row_018420,0.23579173713481646
row_048535,0.4402125408887394
row_021419,0.26460072697040876
row_024376,0.1097422209015299
row_022615,0.4041781069470678
row_033717,0.2423061232816824
row_021688,0.1197600552435164
row_030665,0.26122118346046264
row_023368,0.32624636069766
row_030908,0.1822831176729906
row_000466,0.3621839258319888
row_032652,0.1942940161407852
row_047596,0.25452535628874184
row_023225,0.13295323301333284
row_046559,0.11649116532033862
row_018352,0.3611870796069814
row_007774,0.12880344126525034
row_011642,0.29186905428776844
row_022553,0.13440746129319706
row_016563,0.24603730716807934
row_044141,0.2457752122332806
row_022763,0.17624795828131282
row_014000,0.20501798425207873
row_004254,0.1556136262319852
row_016989,0.3555865190565243
row_038562,0.32949482348324943
row_025551,0.2792425473239024
row_028854,0.36808815551278773
row_030690,0.12346334286886049
row_029855,0.2765163593573254
row_022051,0.4545764389179265
row_011395,0.1762658097273319
row_012513,0.3428005089335159
row_039210,0.3295540142128224
row_022445,0.10583678004775501
row_003158,0.11207640142318372
row_007530,0.23855890405735855
row_047632,0.1824621988078156
row_046689,0.1548688889900376
row_025973,0.22347731757868416
row_037818,0.26633553802166476
row_045405,0.2617101005448228
row_040664,0.1094149209331711
row_029503,0.13400331585977585
row_002516,0.16779508332619028
row_043932,0.16270103269388855
row_013164,0.22274468327904517
row_029279,0.13472124627884202
row_032416,0.26474212261471064
row_001095,0.13092536083580908
row_048794,0.32735101792046034
row_018037,0.15517282685521683
row_048648,0.4054486665651086
row_024571,0.38132712217096615
row_024851,0.28387896531382206
row_008875,0.33227346084069365
row_002005,0.17374945752901466
row_044169,0.46606451806541516
row_001956,0.45677657301605995
row_007743,0.4777587147628079
row_007339,0.4528376443922189
row_004616,0.3152681958026346
row_020945,0.260815270787191
row_042201,0.24691586085389594
row_035913,0.3878645429328299
row_009014,0.3630715782758843
row_045156,0.10496772556108983
row_007132,0.24156824680701963
row_019814,0.11201094831573569
row_009925,0.426577117089932
row_000674,0.3299429687619211
row_031184,0.48308500132972093
row_004109,0.2701445265762219
row_003982,0.1332233471587952
row_045039,0.22504263632125115
row_043236,0.290701260563083
row_046094,0.6814121368444428
row_004421,0.13079972675372145
row_014429,0.38372302598663394
row_027264,0.15773274195415649
row_009737,0.14865215244363306
row_019140,0.2986386614080295
row_004272,0.3080743170601778
row_003214,0.16667931593340948
row_010539,0.1338420908339937
row_003399,0.23337946382301283
row_014747,0.16076543567600934
row_022435,0.17813874868366622
row_000300,0.3324182113805181
row_020254,0.26060223334958255
row_047084,0.2697639099517847
row_031116,0.12478505440014195
row_037017,0.2818699493800347
row_010584,0.2683357890093749
row_018366,0.23747049451382107
row_027733,0.11000585203562148
row_009398,0.3315055067165919
row_006385,0.14780809837947206
row_027641,0.28653870096366346
row_020977,0.24107982997294092
row_019332,0.2049755050580426
row_019618,0.19010275291125062
row_021578,0.3701396120332707
row_036258,0.13949517499691197
row_048986,0.14073112942719948
row_031676,0.13133107692686982
row_012792,0.17776767725922374
row_023328,0.2342827929842715
row_013209,0.1467413227114243
row_026007,0.14615168450011723
row_012715,0.14425817527223786
row_048249,0.24172900101425945
row_040359,0.1867453932312988
row_040018,0.41105036469963124
row_016065,0.12565362125600682
row_013758,0.18089709077752317
row_017190,0.14413516851062463
row_049623,0.23537196457439102
row_014334,0.1876254213240945
row_033656,0.13590036449955775
row_014766,0.24787788517015105
row_001283,0.20364442260446128
row_035927,0.3839946458814341
row_023414,0.1540184060144635
row_046316,0.1687034264121287
row_030829,0.11922738905414797
row_049417,0.5120415855955163
row_037309,0.17334577910958035
row_019804,0.19802137387608196
row_029301,0.3636513589503845
row_004149,0.11569613041652649
row_033793,0.2260930531343534
row_003242,0.1485421982826197
row_033108,0.28010471657336805
row_036403,0.3444215433814178
row_033600,0.5620863767758718
row_028666,0.2732739465962441
row_008200,0.30797942751235574
row_046280,0.4427050197380884
row_025279,0.17688062457627926
row_049523,0.3643066371078601
row_021023,0.17751960677410025
row_034369,0.3896082906015365
row_005388,0.3876503741562947
row_007982,0.18402580856767461
row_034343,0.3398985052992997
row_015300,0.34410948127490404
row_024519,0.18891939161797053
row_002728,0.25069629221045847
row_010864,0.39580150666933706
row_033864,0.13652779719824787
row_043472,0.18838240336824533
row_011054,0.37986678407045005
row_019571,0.1387122133480322
row_008924,0.34451771930675423
row_045463,0.21761357532366798
row_019091,0.2900063648059629
row_019342,0.23157898620272085
row_037717,0.1483793641793568
row_031875,0.2947917027328384
row_042315,0.3870013108230825
row_031003,0.3397906688308421
row_022052,0.2888798248541726
row_031865,0.2810579016127508
row_046556,0.1069158336371071
row_041433,0.1973644289874464
row_024682,0.2148642449088902
row_045378,0.17215437142571394
row_029513,0.476715777064778
row_002584,0.37227461380998017
row_028737,0.07873216601404756
row_044398,0.3683770121952387
row_048300,0.36121321048895
row_008616,0.1917406426918071
row_035355,0.463085000658064
row_003199,0.15790379445465078
row_031944,0.22908749508879767
row_002373,0.30984619521884016
row_020720,0.26796859409378876
row_009699,0.32729152489519864
row_016492,0.31788760139517
row_023609,0.10297748358741644
row_017225,0.32340149671425333
row_046218,0.11206385736477616
row_011252,0.2519930416082285
row_035216,0.4368225568696032
row_016061,0.16380397209640724
row_042823,0.1531472734641574
row_025245,0.24166122661142173
row_049782,0.36134360165531815
row_023425,0.4253295427704354
row_032085,0.42270514259386716
row_002121,0.31650552079236893
row_003011,0.15680830069200855
row_049787,0.4531215977822772
row_034017,0.24171516864508646
row_004079,0.3902926221796194
row_036865,0.09932386177288936
row_023446,0.2523306344076596
row_012290,0.39865195034342993
row_047239,0.28212963528096036
row_049053,0.25106728072159196
row_047616,0.13910539078051656
row_014211,0.12689553230744585
row_044126,0.14237722794835092
row_044600,0.3968015681643397
row_029777,0.3836004113725465
row_024364,0.41721048155019147
row_006377,0.34540550128735914
row_045327,0.1570260012975125
row_019774,0.20575459483684336
row_015654,0.33891474204134053
row_039782,0.409793608127016
row_023164,0.1341689707742131
row_031706,0.15286590442816772
row_011530,0.16098865210251848
row_015826,0.22541742458362454
row_020478,0.20822376836568898
row_026715,0.13846668989261074
row_049906,0.15843897928076872
row_031791,0.13012592665126016
row_005469,0.42022269658940914
row_042312,0.45483825035904907
row_008076,0.160764522802045
row_032992,0.30479339767656366
row_046505,0.11279558533416617
row_039172,0.35808293148928505
row_014056,0.14054404095834516
row_006577,0.17724167406410812
row_046274,0.1678907246170445
row_028278,0.38571538712629355
row_024025,0.2339410955605646
row_035242,0.31792582023962207
row_013887,0.13378800892460893
row_046704,0.3966702123751882
row_003369,0.3125381164110921
row_038477,0.1738597388436829
row_005644,0.3714220044786135
row_002479,0.3712452714198887
row_005945,0.3658331867859481
row_028216,0.17499650336499833
row_015139,0.11071353656837767
row_015259,0.3263480246409669
row_010658,0.25194021783635095
row_018498,0.45662082637659934
row_034826,0.21474129617573764
row_026783,0.21558870081804404
row_011371,0.28521151571028797
row_029934,0.3008566476957782
row_041889,0.2555853145601921
row_002419,0.2288351529920389
row_005087,0.16087152839931917
row_023851,0.22586085198124253
row_031946,0.34545562742747493
row_029646,0.33249676580142284
row_013516,0.1669762028315109
row_029285,0.33915564157416284
row_017708,0.14592345065576623
row_034044,0.1112240222012579
row_014845,0.346895669046961
row_005636,0.25739127611915985
row_014826,0.2499713613700855
row_020011,0.28442713018810434
row_016833,0.33753704414305274
row_005842,0.18880709584856323
row_048561,0.20134472750961227
row_037299,0.21068385404466894
row_016297,0.40401508502423605
row_012546,0.2004759893051757
row_034268,0.3488248252905953
row_008426,0.282918163128559
row_042277,0.2237821808926656
row_043702,0.14592435425155528
row_028755,0.25211337202697187
row_045364,0.4332762591253595
row_001495,0.2372614011060728
row_033773,0.1756056998595979
row_025493,0.38951398897044426
row_045849,0.2377541696518915
row_042811,0.12915804556907534
row_025399,0.37642991747227716
row_019796,0.41717573665428626
row_031752,0.12965686700454693
row_036766,0.28214109228143425
row_000148,0.3936564991835754
row_003023,0.37568453737572816
row_045669,0.44355604995349857
row_024991,0.13361719289302706
row_034161,0.15107687650748772
row_046795,0.34311261087238193
row_002869,0.2544631261117689
row_048090,0.20789098924242194
row_016923,0.41928544264648515
row_017874,0.1267905838106381
row_039535,0.20220421349337753
row_038990,0.19031119388263926
row_024273,0.2546825224037236
row_022184,0.2712335132139154
row_016854,0.1490718051651891
row_025988,0.23421447483569652
row_030860,0.14310072934095838
row_041919,0.18285034210634313
row_016658,0.24212025179030483
row_048125,0.1570900189350846
row_015612,0.36670046548772844
row_049885,0.3603854570441802
row_036237,0.4732602754395006
row_008450,0.15314552119602648
row_029671,0.2520451930285206
row_001943,0.14900382464378834
row_009733,0.3507072573501047
row_030993,0.12198157248382915
row_028262,0.28507731540209114
row_042112,0.2387116572130702
row_016491,0.13425738284600347
row_006750,0.20974743367629
row_010798,0.33375449493967824
row_035398,0.4533754991947893
row_041569,0.19016345519898165
row_033530,0.3549493454504693
row_037996,0.33449300012708894
row_021452,0.17694208260315503
row_022542,0.12459128948282225
row_041390,0.18769034959070097
row_049327,0.2880422713255096
row_021027,0.4398846137218517
row_001678,0.4461745398949479
row_025674,0.2296027740261597
row_034527,0.14713482850743345
row_034399,0.26646900824522785
row_043858,0.27016273750269953
row_011220,0.15203798365196355
row_021687,0.18981399285922054
row_028437,0.3765910501145064
row_010634,0.26210251463710926
row_013127,0.4361413774757522
row_020716,0.3445132429949667
row_013902,0.19300118985958017
row_034454,0.207581027288271
row_004397,0.19172336564183476
row_040916,0.36162497990389564
row_040283,0.18072087379425797
row_043192,0.18884571979493048
row_004731,0.28072091673246513
row_009053,0.35175290408388155
row_033162,0.33419320066383407
row_032857,0.1253729424503332
row_009579,0.3107959963120441
row_018622,0.12717813891905505
row_014445,0.11409110114309376
row_019092,0.3467647107248106
row_013331,0.16635288914124427
row_005377,0.2993508198612466
row_019384,0.24791158400328414
row_007555,0.43011462407503953
row_031415,0.17615780247192062
row_012120,0.16740934386299955
row_011555,0.29669906407597835
row_037454,0.22648320500199898
row_046333,0.2287973318674489
row_008823,0.38230354319134596
row_032621,0.327598313174289
row_020713,0.34066690840061736
row_045250,0.21030484232335545
row_008516,0.29681913205415683
row_023541,0.27914470232293204
row_043514,0.23321813778672895
row_047450,0.1843533158260944
row_011913,0.39831428878701497
row_011687,0.4011595894280632
row_024962,0.2241790346914892
row_011377,0.32969586080033497
row_015902,0.36246817803060655
row_044065,0.10678875564558003
row_011976,0.25773585287368594
row_003147,0.4090546263444886
row_023659,0.2525566310359358
row_021588,0.22941996872273515
row_005311,0.2525213615535947
row_045433,0.16963057395776182
row_042689,0.4319506079546261
row_030242,0.16826769012829088
row_045140,0.15258946898104617
row_037808,0.31101550969782943
row_047594,0.2566514488807646
row_029367,0.3237541146055748
row_033115,0.15647487156922274
row_020591,0.3789721751655466
row_038817,0.16852592486902812
row_025232,0.32258978729096505
row_028253,0.15749189165309227
row_037710,0.13371364886687917
row_043171,0.2010813268344773
row_003221,0.3925909320137293
row_029002,0.15115308841804845
row_002359,0.3916587151623296
row_006413,0.27589235062779877
row_005639,0.2979573502912961
row_042936,0.2577369083148778
row_036675,0.33500452153967
row_030371,0.32342939587849173
row_014165,0.2750707272042764
row_011562,0.3783036999586361
row_002150,0.14276722582789575
row_031641,0.26369844997168124
row_005682,0.1517445421777158
row_013743,0.3729987653365857
row_000035,0.27776171532118116
row_026408,0.2508764900342166
row_004224,0.17819326050514417
row_012006,0.287763009939823
row_047565,0.3447553937199527
row_027490,0.16319370973196828
row_026762,0.408292928847336
row_040326,0.3839462069622761
row_048846,0.3467846443904681
row_009337,0.4270214059050347
row_047270,0.30099397583750576
row_005048,0.25863968754976685
row_008391,0.24343537762665468
row_019494,0.28017693866804433
row_006622,0.20919436735114344
row_048880,0.35526688878240364
row_046149,0.2537172673375745
row_003852,0.20179692291195173
row_018170,0.3809206507680194
row_043467,0.25616114191836653
row_000773,0.18723249548781867
row_011784,0.12201523310003627
row_009121,0.35610233293205046
row_013815,0.09794213118954903
row_026006,0.0849235121687675
row_027168,0.29571991993363195
row_029251,0.11346732594929532
row_035249,0.39550268476703815
row_037307,0.25061155271230984
row_021553,0.11555118613532847
row_047455,0.22195146269433919
row_016432,0.3125968056099775
row_020118,0.2031818344139433
row_048078,0.2540515116994476
row_047105,0.2823605956516479
row_004719,0.2227119842431527
row_003795,0.3663765119251915
row_015160,0.4055256937805849
row_021437,0.12537528210551369
row_037182,0.38466229711280875
row_027306,0.3886985521222145
row_004295,0.39540660169044917
row_046435,0.24368672888408685
row_023165,0.3751403135156816
row_027261,0.11828830680104463
row_001825,0.4092571763527319
row_033216,0.2967980413932268
row_032860,0.20184102252040223
row_039007,0.4006605712033963
row_043648,0.31054788112682136
row_045337,0.26808063259953635
row_036595,0.14836457940667055
row_034507,0.31185687702604686
row_008226,0.35375251236678906
row_011481,0.3214027931099452
row_009483,0.18903785890068994
row_046397,0.41737372341059326
row_027832,0.3967236094032736
row_037478,0.11055653457641376
row_039867,0.21632283593964385
row_017119,0.41437758255001467
row_038884,0.1568415494991497
row_036409,0.20305716316198547
row_038432,0.363978023648555
row_032980,0.09288941450557113
row_028496,0.46164913510579814
row_016322,0.30229021231456016
row_016431,0.1430998721984463
row_027253,0.1288457165308854
row_041882,0.13340611439686592
row_042460,0.37382353544890595
row_046229,0.340025879156364
row_036709,0.18257371282982768
row_014093,0.38927977118279544
row_047866,0.14807622188409789
row_028339,0.20121198040282134
row_011651,0.2899395184685924
row_031293,0.1820332466860015
row_021010,0.40492766597303864
row_027066,0.41751678932572395
row_031443,0.1523186533804435
row_020891,0.1276881068036986
row_012490,0.2806912188580982
row_002693,0.31612590809555907
row_036003,0.4314737800931131
row_006052,0.3772975693306601
row_015606,0.2525604052015757
row_001115,0.38327252973564546
row_025830,0.14796604608911326
row_026538,0.18662521875269913
row_023537,0.11579720197752556
row_049973,0.48028179596495596
row_020747,0.26736391419402045
row_032551,0.13409847411354334
row_009952,0.14916745490416328
row_013782,0.1937026775878836
row_038003,0.22025606037382217
row_000749,0.36671782095810146
row_041921,0.3212799231952766
row_048433,0.334545874218997
row_010663,0.42895224642100005
row_019765,0.2750599341003875
row_038442,0.1237313671539844
row_041031,0.28520962182487614
row_005898,0.22632757219699073
row_004240,0.2419830096035336
row_020146,0.13435052554904445
row_038149,0.202237049114642
row_001243,0.29077110782346016
row_020448,0.28222053484316467
row_022377,0.22492137175632942
row_020413,0.16305134688101175
row_013975,0.18760324455853217
row_019483,0.1736426430669294
row_008071,0.3903754960612329
row_038252,0.34655505471342873
row_033438,0.2555609557520162
row_008820,0.370870117312786
row_049826,0.34167748814842624
row_008841,0.18266056772972947
row_040794,0.3113888985369037
row_026642,0.18526343364918377
row_031268,0.16025015032840764
row_026504,0.25314166476862804
row_003611,0.384158924985314
row_048995,0.1317627336834095
row_048497,0.36511750328644793
row_041558,0.19294360766941118
row_015284,0.3526377964213875
row_022757,0.2511032434562765
row_025724,0.43659526735642856
row_010344,0.24469602397992743
row_001126,0.16056283648868594
row_047843,0.4204020892965559
row_000530,0.4140899787832088
row_033863,0.41109533085207317
row_042456,0.21661176948776373
row_025949,0.34268794022566484
row_033705,0.49605645442028534
row_047730,0.24220615834245474
row_023365,0.33867811420932925
row_021002,0.32653496753009137
row_048678,0.10071599594301264
row_021118,0.44688768565769377
row_017067,0.2212088069125594
row_040448,0.2687282982989376
row_018920,0.1430058982543032
row_003261,0.11605121466298154
row_024716,0.28764642195335105
row_011741,0.2780929669350557
row_030470,0.43023063367003717
row_007183,0.302293054940877
row_001098,0.36161950713264646
row_041717,0.1650042276434333
row_006816,0.2644830094935091
row_034546,0.1946316017924148
row_043375,0.3645675853414498
row_031851,0.24134345269111387
row_003029,0.41836979385211237
row_046097,0.1539014594582304
row_001096,0.3506735313272306
row_001794,0.3732377593915463
row_018684,0.1712512443661996
row_016230,0.23839043717087424
row_045506,0.3057642366706008
row_023637,0.42054133519340015
row_049481,0.36528148506250463
row_033207,0.20356901410001338
row_043592,0.13647418023486838
row_031990,0.30684493269635027
row_033551,0.4354384462743199
row_018365,0.33042226700809924
row_013560,0.23446240066750967
row_035906,0.31230091786109454
row_045751,0.1552351469136322
row_001169,0.2138200337521268
row_031100,0.21551904552497578
row_028076,0.2818714946117634
row_005476,0.37854488353187876
row_038789,0.29884498346237853
row_030774,0.35664821391694107
row_036368,0.4379044898490814
row_016619,0.16413707498314242
row_042106,0.23726948727380995
row_006143,0.3489138136989323
row_033688,0.13001279896814832
row_027364,0.2867051564771162
row_003495,0.20923993095378185
row_009884,0.24412164348877943
row_025849,0.424860686554523
row_036124,0.4006702107467852
row_043113,0.2665478552009166
row_038339,0.35289491866573014
row_011850,0.4110547176222244
row_003652,0.18568234375983897
row_048698,0.09689183608993009
row_045428,0.3729460803663513
row_007168,0.5014200232846767
row_022424,0.27604176699820554
row_010594,0.242281310474571
row_040147,0.36231209059033964
row_048669,0.33804364383430896
row_014495,0.14236648967215412
row_026827,0.13009518851482982
row_010020,0.2405425590918898
row_033703,0.3693830179420936
row_047676,0.16393905688801658
row_028280,0.4597281784131168
row_027086,0.281085116880851
row_010296,0.373067280908831
row_030422,0.2454836643868573
row_041430,0.33739909612062263
row_037424,0.35980239219285437
row_034514,0.3392607996299242
row_025180,0.48292919481379026
row_034006,0.15479842305265556
row_034841,0.37338868221040283
row_047979,0.15005010445858455
row_042171,0.36362380715632
row_012711,0.3670098975618247
row_039310,0.1329552873885186
row_015735,0.2156155567815896
row_041294,0.41694950259926256
row_040558,0.1502797753623508
row_025101,0.17663670890198596
row_030593,0.18745692936928354
row_024565,0.30871166277591866
row_018695,0.2840485631021399
row_034217,0.15910805221338184
row_024367,0.49211112927743444
row_001016,0.15393431251396417
row_042697,0.266688627776722
row_042765,0.14797182394387268
row_043373,0.41950120963501963
row_013519,0.23502158087818079
row_005618,0.2287029511261358
row_006780,0.2754697157686174
row_046544,0.14945532830399025
row_006246,0.15781726136729876
row_033136,0.1371293290115542
row_019454,0.30368352458535425
row_003021,0.16070272786399142
row_048502,0.23189099459787635
row_005333,0.15853601220681085
row_024131,0.4814826960846737
row_005839,0.16044068726326766
row_009678,0.39781052091564806
row_005633,0.1956053250207101
row_048228,0.2038915542343013
row_048252,0.38600129779097825
row_031611,0.09962825972268552
row_017988,0.39460728571796044
row_040908,0.2471074370998162
row_045654,0.3421689607190698
row_022619,0.19483902391998323
row_042152,0.1771386682541409
row_049320,0.34014673140114743
row_005845,0.2619582136088062
row_043424,0.4023925565037814
row_011726,0.22336786091820296
row_047936,0.24886660817516967
row_004445,0.2793726466328657
row_001265,0.45316915069093766
row_032683,0.1931326620639318
row_037885,0.09997933740641977
row_038308,0.4425485154370514
row_041692,0.12463074361644057
row_002262,0.0899372851753591
row_019005,0.23341399219343753
row_025653,0.19020187602050573
row_017352,0.313903044507023
row_025237,0.1629787776656658
row_015071,0.3385889078853662
row_025573,0.17485145713030553
row_032282,0.13340940780108532
row_017716,0.17850420770407674
row_025450,0.5597837450627356
row_035903,0.3872044508864132
row_044801,0.11637914699316747
row_027910,0.21303117266086932
row_041477,0.13033421855246088
row_028095,0.2650484574827768
row_006734,0.32157513760495365
row_009465,0.5041218020945767
row_047567,0.39225668548347176
row_038994,0.17209311932237686
row_028763,0.38195112186143276
row_035257,0.4054448169164064
row_009426,0.4812505379864865
row_031047,0.3425841669868907
row_009376,0.1291243536592686
row_030228,0.2498820644384585
row_006539,0.20323756472787113
row_043874,0.14901828825065705
row_005222,0.09583049654655777
row_025113,0.17496623330494354
row_026022,0.1412778263992182
row_015311,0.23347677242249223
row_011634,0.1307862222643181
row_034580,0.22395432984971977
row_047733,0.13948331144416315
row_000735,0.5119704082496153
row_039898,0.4598666849639176
row_019083,0.38287712162445453
row_026047,0.1273407522779513
row_016939,0.27171781560991354
row_043132,0.2192174566553648
row_013872,0.22828361473545744
row_006812,0.27333216778455105
row_031083,0.12977428854805206
row_030332,0.14179226125550903
row_020954,0.35958940030825787
row_007976,0.24124705706288893
row_014162,0.3209218207874537
row_004929,0.189054554166661
row_034287,0.1321626325176545
row_036241,0.438514841966345
row_002504,0.257108412537161
row_015015,0.24068683501451066
row_030263,0.45644272772298705
row_001988,0.19263758955819923
row_022359,0.25083900865956027
row_034236,0.11281419997336373
row_039269,0.3291586237651773
row_045160,0.11999866442519873
row_027390,0.38880036001618523
row_036669,0.17629146770385706
row_027092,0.11821851947174736
row_031484,0.1468316520911702
row_048330,0.1159384768736142
row_034254,0.4499716105537563
row_026152,0.3348639872359837
row_010504,0.10640440956545627
row_013403,0.12424084168271744
row_004135,0.13483634404348624
row_026370,0.23288853864533393
row_046933,0.2796431359002255
row_016093,0.23572866476325102
row_009746,0.17810977969059408
row_012926,0.26364003464980085
row_003879,0.11278497471768387
row_037860,0.40549296615730235
row_038197,0.4939039964698474
row_046010,0.13348285302030416
row_049510,0.4109723329051874
row_040892,0.3019630778285226
row_006128,0.11837044059679525
row_041010,0.34351775101148074
row_016984,0.26294739766051056
row_025941,0.3119266026064846
row_045753,0.37534717560761655
row_019563,0.3477433672662753
row_025900,0.2146122154878528
row_013985,0.5326348184699031
row_033743,0.5506585053462721
row_043696,0.12727116691126603
row_028427,0.23856328734104953
row_001960,0.4022056934908892
row_034687,0.3267236895090244
row_046294,0.2593871665347279
row_004649,0.12548221578362334
row_030078,0.21127997701997525
row_002425,0.27772736878457543
row_047357,0.3118197872043507
row_021628,0.12210408425639292
row_003130,0.435130186456981
row_028580,0.36077300047448047
row_016013,0.2999028464935765
row_021300,0.23746283006435046
row_048137,0.12150568874078221
row_048031,0.13820277439524006
row_042591,0.3174435879405804
row_036052,0.34021950651197597
row_020533,0.10852926598496912
row_030140,0.29490876046393116
row_027871,0.3669981040924376
row_029672,0.3111031127641951
row_004939,0.28055723374146074
row_022206,0.2163915885487326
row_047478,0.28271215738511984
row_040678,0.1352277205890114
row_032110,0.1029255815839798
row_046629,0.42813053807322843
row_024416,0.20301444857614964
row_006713,0.1186953807835103
row_026445,0.2887105173302029
row_023916,0.2154529367940195
row_003654,0.11956753307595332
row_033375,0.24398810173902413
row_004336,0.2374479367347855
row_004805,0.13206036841937005
row_007055,0.12224334603333215
row_021450,0.12587096894724656
row_032804,0.40716196683645817
row_010033,0.183174123280493
row_045510,0.36123161306031837
row_023113,0.30303610700969813
row_027621,0.2911529698730636
row_036657,0.26169610525292963
row_042108,0.12067108190349937
row_005336,0.24942784684900074
row_001415,0.1845884522010765
row_024211,0.23355203410372216
row_016332,0.2865642397512181
row_044066,0.4245825475847049
row_034951,0.2875634817533302
row_025461,0.3231023263677519
row_042797,0.2578899141481173
row_002837,0.1616625540693777
row_029586,0.36415228006842676
row_014522,0.13872902610397658
row_012783,0.37923144463276054
row_015154,0.126778778790716
row_019084,0.11225487408535208
row_040085,0.279842376440661
row_000949,0.17017886155349404
row_026367,0.2075025685214885
row_047897,0.3792206993088927
row_034533,0.20793548419532348
row_026044,0.18641767331116652
row_020707,0.3256008451136432
row_017700,0.1567283791061536
row_035834,0.18173807224212057
row_047805,0.1794901245389349
row_047923,0.34221959480088077
row_021316,0.2535342006701012
row_044172,0.13599895781885052
row_012602,0.23635373783991234
row_038916,0.35030521887191546
row_031729,0.11392744328525382
row_023814,0.3484408028454366
row_005234,0.2606142705340058
row_031831,0.17256659723240136
row_045556,0.2880516743780327
row_026403,0.28682979184212554
row_049866,0.19111237207756607
row_015678,0.2640315919309515
row_007062,0.31395350546717515
row_024820,0.3405939804556195
row_015108,0.10218440783703793
row_024138,0.12034660558419975
row_001185,0.14558754950673178
row_014355,0.3428316578824816
row_026904,0.456308000566724
row_027413,0.2257509426531928
row_007913,0.15856746062356686
row_046599,0.38121155655868494
row_047420,0.21504167853605158
row_030175,0.32377557602602025
row_031482,0.18762018473074066
row_031283,0.24857791464655568
row_017537,0.25660752515675994
row_020841,0.2481729666080189
row_004824,0.09857209928602402
row_025295,0.12531186850110648
row_011628,0.2660349554937537
row_003695,0.3340192987431729
row_029057,0.16480610880067698
row_047758,0.12940349437460535
row_005695,0.10277118470390362
row_023473,0.13960139170116947
row_044683,0.22587163327047852
row_010640,0.3128889690120901
row_018506,0.5493088060282469
row_005182,0.30481302401034155
row_000381,0.3686277447324273
row_038103,0.12439812439703207
row_045188,0.4007981076694597
row_004368,0.1359492993526698
row_034128,0.2547622213697675
row_026419,0.13176111140884433
row_043144,0.15465946320502724
row_017080,0.13111025691404987
row_041265,0.2843159874005327
row_049357,0.20931574718534998
row_027048,0.2705778607158357
row_046433,0.26411860443328505
row_013590,0.34282346498916444
row_038870,0.36616567162244984
row_021530,0.36362746162927817
row_013273,0.33489251399503583
row_015852,0.17382042118640958
row_038677,0.3280075376531455
row_017343,0.1278154725827326
row_001181,0.32912482707382634
row_041018,0.1644458827403156
row_043857,0.3110940993417169
row_009155,0.30574276071227136
row_038214,0.38833246113725745
row_020577,0.1070278667538254
row_029606,0.3378041309517756
row_039698,0.46037821401592827
row_014108,0.2490708496905793
row_045067,0.17109631894755806
row_017101,0.3645696748377937
row_041935,0.3016189704087114
row_047174,0.38727501859594515
row_041481,0.29901364477134146
row_006820,0.2752591274186219
row_045148,0.2615564825687152
row_019255,0.43727936312181226
row_035657,0.22920959088995335
row_039529,0.14105694774567024
row_038946,0.29630335402021674
row_012518,0.29999337360542183
row_004537,0.2195103900266447
row_032829,0.29785826238908397
row_013392,0.15971539846282232
row_013358,0.10917105617654671
row_000757,0.2511993693189278
row_032695,0.2625688506687113
row_023635,0.2566560994730342
row_046944,0.19868391925346962
row_011846,0.49970002765049326
row_015141,0.3723378911968826
row_049169,0.4491358259202741
row_029890,0.1739688726121567
row_024133,0.26584160253177536
row_040561,0.4493547951981338
row_032323,0.12996682640973864
row_023035,0.11576200259218468
row_022067,0.32885135976861984
row_007465,0.3133832184225422
row_028122,0.30912878110062675
row_017623,0.15477613728480083
row_035614,0.35159996693754786
row_018642,0.2322173826645548
row_009365,0.1109500279056151
row_014676,0.20130811700729384
row_048785,0.3055949756127047
row_011954,0.3662501862884326
row_027636,0.1378764529016721
row_006538,0.34338515110016554
row_021700,0.1491697680059967
row_038943,0.37754447503371025
row_021493,0.34940954702365484
row_018992,0.16516734240742129
row_034389,0.18969654624279506
row_018970,0.2410703708457682
row_025317,0.27718625112656603
row_028614,0.1237990110197103
row_043145,0.350538783689277
row_037928,0.5968446979767101
row_005036,0.28821412553460224
row_047576,0.17253106955645453
row_003865,0.288871219773057
row_014879,0.2508232989202133
row_048532,0.25460700607028963
row_024003,0.2097101729985113
row_004631,0.2280312771575771
row_006988,0.15108627826722662
row_022283,0.2422749439057151
row_001345,0.30666113876934364
row_038750,0.22108667114461172
row_046327,0.2957619596838045
row_010095,0.13147947662074794
row_001564,0.14511283373287384
row_022902,0.2513874968947113
row_026960,0.201199373207412
row_011219,0.3895408151492361
row_039910,0.23530762939119265
row_043486,0.3517275900769633
row_023239,0.2824755697957019
row_049087,0.09133283563438589
row_007252,0.2725188987542868
row_048468,0.14660596225392633
row_019128,0.44684115713117833
row_024815,0.09554369920228971
row_005025,0.3485199002227828
row_007073,0.1964979175425617
row_016358,0.2656081182821015
row_040690,0.322946044271512
row_036490,0.36851769212148827
row_044702,0.3286847904846028
row_029631,0.1745100107162322
row_049331,0.14378144059059098
row_019955,0.442714539796408
row_027858,0.2460523330121663
row_049798,0.34377849233399577
row_042885,0.40988908467995067
row_042275,0.12477674093857527
row_048789,0.4590031987596903
row_017078,0.16891065508099043
row_036646,0.21398702124696237
row_008666,0.40033238161519913
row_034312,0.2415737540784911
row_025058,0.3288292409247426
row_044939,0.26488422358778824
row_046618,0.24916445512677055
row_019491,0.3568448480810765
row_030728,0.10439921862331478
row_010528,0.26049066262470477
row_024401,0.15599139764237777
row_038490,0.4742164896857919
row_022371,0.3367581348111411
row_011047,0.31043863595674737
row_018600,0.14317354255666156
row_011504,0.11004107057400235
row_020362,0.14460082404102162
row_017259,0.37927681549028835
row_008353,0.322237628192152
row_029535,0.4608420083300644
row_048152,0.35234762758477817
row_008176,0.33561177025068034
row_006150,0.32983440063793196
row_001106,0.4481364404054185
row_046429,0.1610885769095212
row_025558,0.1011313349065914
row_014036,0.3934209267901319
row_005489,0.16545765749125765
row_005017,0.1926642472187867
row_007547,0.14095889471495665
row_031433,0.2677803106014919
row_020101,0.2646481411970748
row_005679,0.19950241140696878
row_023664,0.24213514346310305
row_023893,0.16466998411596726
row_047031,0.2523627608807627
row_012376,0.1442722827501668
row_007953,0.2815419270115013
row_001815,0.3594711095203037
row_001460,0.18645983928957838
row_017736,0.2553178768407139
row_031684,0.31877279562450356
row_012461,0.20396700428854053
row_038492,0.35074492496423093
row_031920,0.13030425453843675
row_040736,0.2083872349890949
row_014538,0.3623563690581094
row_029311,0.40431589887104813
row_034363,0.3300266721089263
row_037460,0.2974288671295741
row_038120,0.12020748471274845
row_048233,0.3821894449607189
row_034604,0.20175221390255663
row_034351,0.11210156941133108
row_042048,0.2256882167597912
row_006531,0.23629407046369885
row_004570,0.3125224873237926
row_004439,0.37901815547352596
row_045765,0.40471508702181286
row_024415,0.12526919188707614
row_028579,0.35478872320540294
row_017373,0.1653434134400894
row_043199,0.3196512559651739
row_005902,0.3888344968212799
row_019728,0.20445927268615824
row_031984,0.14019361725453736
row_018478,0.263091808967961
row_000233,0.2376034479744322
row_021231,0.36603712287920764
row_037058,0.1932840386983225
row_018783,0.15673157394648654
row_044028,0.30173340902178375
row_006155,0.2515025718552817
row_012287,0.18148294330898726
row_008334,0.2591781873980877
row_044860,0.4063697465328659
row_031197,0.3232836611993194
row_017676,0.12420123915463366
row_024948,0.3275973010113805
row_030502,0.131951945679003
row_038039,0.36803917111684964
row_012793,0.28995617791315276
row_032900,0.25624876150180453
row_032824,0.32491286047966816
row_023251,0.43036420108506285
row_015144,0.09955792734405274
row_024661,0.14365172162869672
row_011944,0.17697775374326272
row_019929,0.39642261138712553
row_024733,0.1026917579593075
row_011501,0.15243187449614373
row_006095,0.1521306884304839
row_026192,0.32252623265480324
row_048087,0.2709714743713279
row_009031,0.1957539078790249
row_034479,0.22599492935916943
row_035554,0.19003846280394754
row_018866,0.36605349116312164
row_044314,0.3702640781343409
row_031300,0.26177286975570846
row_033594,0.18920971215758647
row_038597,0.3137331857055025
row_017410,0.2650830868866423
row_039537,0.19934183728491983
row_024048,0.39580733026928555
row_025181,0.12353669273519582
row_004566,0.16115876875943594
row_046602,0.144523732794166
row_030816,0.2700123459052049
row_049447,0.30714147663809716
row_032182,0.2259595977170053
row_039631,0.11113547677145336
row_033918,0.4298178002377916
row_040191,0.35785846476453576
row_034748,0.3020784620039491
row_019394,0.49797983268095314
row_039728,0.1834050298228781
row_048202,0.25897907139816406
row_034384,0.4611004861005954
row_041988,0.3871291365725914
row_035278,0.2828763143947078
row_038148,0.4525053409242049
row_012942,0.39298124620663216
row_023243,0.22056547174774638
row_046740,0.33644782180551674
row_005777,0.3346542495207968
row_011685,0.20034406067147764
row_037909,0.33803589474390533
row_000442,0.3105588685902125
row_003984,0.35311675102199014
row_022778,0.33279677021595344
row_034641,0.21760507126724202
row_016552,0.32692464600247473
row_030115,0.3579502190351241
row_042324,0.3549072013114593
row_014193,0.18856085372647352
row_002583,0.1395290224303603
row_003354,0.1751153738639191
row_032207,0.3278150037675805
row_008989,0.4445614156058669
row_013302,0.20653652482840718
row_037256,0.2369086042182968
row_025869,0.3528515520611207
row_015672,0.33317693716882496
row_017701,0.16673657454330124
row_001856,0.30662358477235163
row_015621,0.3635830486198143
row_017905,0.30949936981577125
row_038981,0.19462605465455118
row_005407,0.39546734655678156
row_018874,0.5243466415101754
row_039477,0.13118421834426697
row_048774,0.24770703156173107
row_024447,0.4340302977954871
row_041815,0.29142131621457734
row_040759,0.12271382425563007
row_018449,0.37455691624957843
row_034822,0.3083678745302778
row_019832,0.34330538275219646
row_043158,0.1990988675388997
row_028150,0.3073217153468543
row_007221,0.4041665606203077
row_023148,0.19034343075084362
row_010169,0.3221361691056635
row_046681,0.28596166880298546
row_042683,0.40653979793030726
row_026531,0.20474198653184178
row_038474,0.47168249638912335
row_025801,0.3227249883590595
row_031476,0.443414166254773
row_049019,0.2350751947302125
row_029055,0.2345515885741681
row_041511,0.24512940926508914
row_023283,0.3030898406979653
row_008251,0.14037483905958445
row_023345,0.3294937195075442
row_041978,0.31207545102654805
row_035349,0.17006289780513179
row_042512,0.2778013236861125
row_030234,0.1572636125921208
row_017585,0.3970909294849065
row_004246,0.30869399990727353
row_048611,0.25870458294350457
row_016071,0.32258618975907943
row_002983,0.23641032143124208
row_013459,0.12610465851738353
row_046683,0.1463414467303485
row_044430,0.14189541986127238
row_047894,0.14491372153247714
row_024408,0.11997917569289386
row_020978,0.2612630487429062
row_023610,0.4494347128517471
row_000758,0.13519360733454336
row_010824,0.12085439920421513
row_001421,0.19364875679293958
row_049410,0.18917604169941854
row_039181,0.271506590937105
row_002040,0.12003790216576854
row_035922,0.3857063495922529
row_002560,0.13839578618602721
row_044682,0.2704785379596092
row_037465,0.361543360413295
row_037535,0.2802381251167864
row_042130,0.1046849416085648
row_039085,0.4168985740631823
row_000256,0.28674063996635973
row_029495,0.269128444827624
row_033907,0.2675903903722889
row_018445,0.33428614155146164
row_020868,0.35029213540440446
row_022693,0.28485676778624514
row_010226,0.29246811341123624
row_034890,0.34932556745334753
row_038785,0.15865378194612445
row_012749,0.23450745428237543
row_041568,0.33899299526875853
row_042949,0.1418843527371099
row_045674,0.12935483008011509
row_047677,0.18147369146575032
row_037490,0.2855305672271479
row_005774,0.11381868296930056
row_045238,0.23354161886740163
row_025298,0.16530460625160948
row_013679,0.3978378281132893
row_037836,0.31331568711705016
row_029378,0.10018932013349759
row_007581,0.34604935025139355
row_043244,0.1694867650154324
row_025861,0.1284076439214375
row_000052,0.2532747199714368
row_033259,0.14685756928123145
row_045082,0.20927998913933646
row_002883,0.1858687042895794
row_004176,0.1382454020878733
row_036927,0.40677654455758916
row_025926,0.3318488860778832
row_004632,0.5963800247352214
row_034345,0.2985320743959052
row_019345,0.12459199120436412
row_018185,0.31500663069039464
row_023546,0.19986409820511977
row_016749,0.42956820956005926
row_010489,0.2745429801084922
row_018087,0.32000415941656957
row_040052,0.3014302098620524
row_002932,0.12929905627858712
row_027130,0.22937756181191454
row_041853,0.24640954866093395
row_012495,0.11952781847904646
row_035143,0.4459815943506439
row_022585,0.23473313339619165
row_029455,0.11431747516176279
row_022737,0.19756614955852617
row_020529,0.09662110167998628
row_006611,0.12198193797726029
row_045879,0.22473739759465305
row_006447,0.1695910295303719
row_008001,0.1382869005170289
row_020439,0.415319873362592
row_002071,0.42515683104932267
row_017893,0.3637333623807625
row_036936,0.13312234693608135
row_017998,0.1280789571460318
row_014250,0.42083835310376433
row_010579,0.33430569720521847
row_033126,0.11616296018840541
row_015796,0.286017100645907
row_047503,0.17657193086307427
row_015731,0.3238169165606313
row_048213,0.1280580968175729
row_029469,0.1471696269451708
row_047498,0.3072888931206539
row_005342,0.14673219787598882
row_010974,0.46802738092107443
row_044055,0.4481285044791377
row_001905,0.2734355303258416
row_041863,0.24880200125879223
row_049731,0.4239480059011914
row_036730,0.148412899131303
row_005335,0.31932735240710364
row_033629,0.30783580605135247
row_039391,0.31406107308590825
row_040135,0.14146401461757016
row_040438,0.3045297064529875
row_041900,0.332988283313666
row_007688,0.11531902239173324
row_036668,0.3894820589929316
row_008933,0.3723576040221093
row_021864,0.1948183853990983
row_007120,0.11002329163583768
row_003788,0.4782660541734644
row_032154,0.24060597484290194
row_043796,0.15870161617948372
row_009432,0.12964991143627735
row_039505,0.3562375977482042
row_006640,0.3795778465302123
row_015955,0.3452961593222869
row_031636,0.4120723996573868
row_022915,0.4364119809635082
row_014353,0.19481430027500196
row_010734,0.1316488346612017
row_000720,0.14482866900091257
row_017275,0.17600802870162038
row_025006,0.24409050139296287
row_020961,0.1875568224429097
row_047607,0.11557695073871063
row_046929,0.2626911284223416
row_029067,0.1281719538970894
row_021393,0.18020569042956786
row_048659,0.09540465355925448
row_025757,0.33173851364509105
row_044231,0.2662851976038682
row_034446,0.23092808122067454
row_004722,0.18196488046431963
row_004864,0.1139896690379732
row_025870,0.1897813518790456
row_019393,0.5073698872445302
row_029738,0.4464521793000886
row_032249,0.12960932776890008
row_016239,0.2399680685491384
row_000854,0.27855495458675084
row_023607,0.24863368138397768
row_016095,0.23585666483118703
row_048499,0.24913237162549443
row_043737,0.13156925983495835
row_034835,0.3782666759274227
row_000925,0.17137680721571127
row_037800,0.3330616293024374
row_000038,0.21289517073638597
row_007405,0.27370631610826546
row_040044,0.12396628098392505
row_027031,0.36085351845000035
row_041920,0.4144013664251914
row_034325,0.12264927502146888
row_030954,0.16528862209281422
row_021447,0.19921428427054277
row_002663,0.24128773350491406
row_043180,0.4407737508354057
row_026011,0.21939570565683697
row_047957,0.25992622782489483
row_029662,0.1531360756724186
row_020483,0.2991785717049064
row_001603,0.23846699826960396
row_039004,0.26659555875117597
row_019420,0.39807232962973954
row_016464,0.20787104727481912
row_023748,0.20219168779995064
row_027904,0.36448395096550357
row_030221,0.36349946734251404
row_011980,0.3486492160949281
row_027504,0.1427393877074755
row_046239,0.36590846312961167
row_024745,0.4107608537193979
row_026781,0.18345262389389097
row_037403,0.3011172957629677
row_020503,0.4639631433558556
row_006072,0.340378356498621
row_013568,0.125440316640818
row_014486,0.3223285023242917
row_024424,0.12116779061974399
row_012808,0.3822157784702761
row_035772,0.14259204031438605
row_005444,0.2550955856677155
row_046936,0.20463327851343152
row_021206,0.2134945179003667
row_033602,0.40433275740961927
row_010566,0.3598455253482245
row_000213,0.3389826906842162
row_044335,0.32843454440983166
row_039481,0.12031129802258063
row_017185,0.1297604359631179
row_004858,0.2856180877601337
row_023655,0.13449525850330601
row_009609,0.34850438541489964
row_005296,0.1554799124991996
row_034681,0.20681064356539286
row_043826,0.3883178630101336
row_036763,0.42995701067045333
row_042021,0.24587787574115405
row_010467,0.35950795124029566
row_006946,0.17367461516858973
row_040034,0.2345289909490356
row_014107,0.3557907679980547
row_019247,0.2023877440813152
row_035715,0.33779723293913494
row_041818,0.10393083362247553
row_017759,0.32070496965028383
row_036724,0.36673597746674413
row_006102,0.11561197601785912
row_021942,0.4406435100327128
row_023433,0.26004984412969984
row_028411,0.20837018583336542
row_048915,0.09125100118467566
row_036681,0.17334007316023983
row_010761,0.16415216742126454
row_032063,0.23442875876540226
row_008698,0.21192660414444328
row_031212,0.16241724138826277
row_042427,0.39061822089485376
row_018456,0.343820960826377
row_047941,0.24769949315179354
row_028627,0.4262516862504529
row_030420,0.1532369654585412
row_026269,0.19930758499143997
row_022338,0.40620140508844754
row_043043,0.25424036539207673
row_017628,0.28921062440203105
row_010735,0.4159170591223245
row_035444,0.30921805745739445
row_048724,0.1382664317510609
row_046211,0.4222848923394759
row_037595,0.3724515230205773
row_003588,0.26171152325223584
row_013483,0.11632166104327589
row_013849,0.18472659966261717
row_001584,0.17886373691165558
row_000950,0.32376638629066035
row_009902,0.2907652207736068
row_026118,0.32202569144632
row_020900,0.10899855789027664
row_008238,0.309152862208638
row_009042,0.4981947574867325
row_045687,0.3342280276288158
row_024375,0.20400271937502787
row_031544,0.3526248750208895
row_004733,0.3427710341702033
row_046578,0.14549537290984124
row_031020,0.15947896281483304
row_036887,0.15823504208937098
row_011382,0.19591043787394716
row_046053,0.3318221912247766
row_015922,0.158027426163752
row_049779,0.4054546248945
row_014613,0.27590830536369115
row_026019,0.25539969617656455
row_003617,0.127619663570464
row_001493,0.15716195502260447
row_024425,0.288592863394722
row_005552,0.22887496543312053
row_018197,0.2811645195998001
row_016914,0.40892656133407557
row_030112,0.28430879044194485
row_021070,0.23476599386944996
row_040701,0.22753444097732334
row_020671,0.31782550445894725
row_034855,0.11630851314099701
row_027470,0.26304023613127964
row_016289,0.1110409358398315
row_011070,0.3323679168108388
row_013143,0.14280591932474965
row_015087,0.3425553487624833
row_026546,0.14257067896630804
row_014335,0.2517634525032673
row_045273,0.12737136209453342
row_030974,0.2356983051119515
row_027022,0.19293147009252778
row_035384,0.3367546443678179
row_038941,0.40999403609930657
row_017396,0.576072721679535
row_020940,0.35744689761281345
row_038747,0.4465259872376869
row_043511,0.11572026179958564
row_032431,0.1701354529759309
row_009306,0.14297329637401393
row_041836,0.33012031986666585
row_041861,0.4200689933142206
row_002072,0.5112388848475397
row_038436,0.2516990312858896
row_023133,0.3513985273545803
row_037626,0.14316528990067665
row_042733,0.11747905471410565
row_010925,0.329112718667305
row_045569,0.1196126878947955
row_030425,0.1496104315474974
row_041139,0.3628811292470286
row_037634,0.17513973457868387
row_031076,0.20811072699350622
row_019009,0.16277229142428257
row_041068,0.44915440356965813
row_013655,0.29695463950938417
row_025023,0.20554812921118734
row_046705,0.3517334307355855
row_025267,0.15383692933896806
row_004985,0.2537482017415514
row_005040,0.19390778510031614
row_028061,0.2069881122076496
row_042598,0.09934767003121973
row_029409,0.1208862357408611
row_026537,0.09441667316598767
row_027214,0.3071146903944922
row_041067,0.40300562353170144
row_026316,0.09824151552925113
row_026078,0.31342244817697135
row_043546,0.14642021527407972
row_004307,0.3356032984196933
row_005399,0.15094114914003362
row_035605,0.46049070290673955
row_019643,0.31856750095154296
row_011588,0.28873551664956876
row_000030,0.13803756201648892
row_027816,0.2982789991641889
row_029915,0.34860547622852744
row_018761,0.12580207592084675
row_038267,0.12537747953514283
row_013564,0.15101981866390363
row_031182,0.37756403431465946
row_004328,0.20560126598178824
row_013878,0.3458897007439944
row_047150,0.12637333191542546
row_028709,0.22762497371937424
row_035289,0.15543702310768331
row_017897,0.20762141352884603
row_027872,0.1473048846575419
row_012381,0.43557738619357245
row_045370,0.09339953085682819
row_040539,0.36774751126125027
row_003912,0.3129173366763364
row_002906,0.3373125162611837
row_009301,0.14053249085946656
row_028513,0.17284922304993464
row_024107,0.25138139976627605
row_014783,0.3145567316306822
row_038069,0.17376293596478093
row_047320,0.3389479353028873
row_035527,0.2671002599137067
row_014408,0.12465825185076516
row_022405,0.17181618016000857
row_008360,0.14631689068024245
row_004991,0.13803329264090733
row_023131,0.1365193043538077
row_008478,0.19677759305073003
row_036794,0.3660739536134594
row_036110,0.1669899233824602
row_046583,0.37479806183900505
row_040300,0.2510746951644738
row_045003,0.40783382188819417
row_012389,0.42607795107012253
row_005029,0.14729478039940078
row_013830,0.2813790181591979
row_004416,0.2140259663683751
row_008212,0.22331099146665262
row_042574,0.27562955659725175
row_014847,0.18881171278612385
row_036185,0.43389396944664593
row_040923,0.22844865297001068
row_027651,0.2929565585484729
row_043393,0.24988578348162654
row_000818,0.2915385163243111
row_018012,0.11820919338562759
row_048187,0.3680775001534439
row_000693,0.3271004292766212
row_045305,0.44937321568466104
row_036693,0.4709387605702246
row_003723,0.24418852193245086
row_046517,0.10124301946428826
row_036840,0.3226678644518534
row_034529,0.3388706719315699
row_008530,0.17395030675514084
row_004556,0.18667655781078127
row_037108,0.3563978688464739
row_041849,0.47064787697911153
row_002879,0.34960698853333644
row_012949,0.35852770733392886
row_002598,0.14921874187778567
row_042070,0.31655932122167446
row_049729,0.4230748673368992
row_031406,0.27331887639279395
row_017694,0.24652948613535342
row_020147,0.17694385939243545
row_005701,0.3066244787474187
row_005244,0.1479815651490578
row_038580,0.1169747325753935
row_003939,0.24322302865400164
row_002335,0.12558542545587575
row_040639,0.4874911448656063
row_008953,0.2877903955759074
row_041283,0.10827273055280424
row_047992,0.2536163172017173
row_005236,0.0932660291241134
row_014537,0.14241550985065726
row_001029,0.2989891060823357
row_036786,0.07511152110034951
row_039676,0.23747450992137464
row_033154,0.2791367355096301
row_027692,0.260098905988638
row_038908,0.10312111856890373
row_027789,0.3165245710957782
row_003062,0.31388237912736267
row_027299,0.26695657275234164
row_020647,0.409112167582806
row_006475,0.21166889575314904
row_012637,0.1740743574466062
row_035731,0.2757090301537329
row_032873,0.11701825717136641
row_047078,0.18475391390237053
row_046663,0.233362978904098
row_038813,0.1403630014401272
row_003783,0.12535558345437217
row_023639,0.26913299057577245
row_010606,0.3155033294896903
row_008551,0.18673664426472958
row_020642,0.09495759055717919
row_041696,0.3559508972391281
row_017648,0.2423033201208008
row_023761,0.2373035651168901
row_032681,0.33700931817804797
row_009186,0.4633775500804281
row_006214,0.27828955986112325
row_027972,0.30903205013873825
row_014378,0.1250157280829499
row_043852,0.26203857422070703
row_022882,0.2649861695307771
row_037134,0.30877565166702425
row_026144,0.27731948863667866
row_001400,0.145932665840035
row_031275,0.19115080329958725
row_007812,0.5327008312485384
row_045720,0.22357179044841213
row_034794,0.1549132495200756
row_040659,0.30557490128218356
row_021034,0.14870549877070388
row_011755,0.2903644496072537
row_044395,0.11702621313088013
row_006972,0.15857451307437506
row_006991,0.35714226509736363
row_046179,0.27391824951811033
row_032391,0.1289697264534149
row_022083,0.1707731135135165
row_010298,0.20997448203204652
row_006905,0.14091161489153176
row_003116,0.4373241089178743
row_031049,0.3144535964895869
row_000368,0.41896850320861384
row_014702,0.11754614486933518
row_004984,0.14901595827303435
row_029224,0.14990932620099864
row_039278,0.3968558445244902
row_002152,0.34369481336384156
row_034190,0.11724110424857183
row_020093,0.4049813452796995
row_002099,0.4407886650998285
row_041307,0.2155107671701133
row_010441,0.2391428452822253
row_020430,0.4190527439145692
row_041891,0.3164871525345539
row_043667,0.28539213129574487
row_046692,0.32567810243635786
row_033226,0.09137175689470259
row_021962,0.30730049635762063
row_036354,0.23286948168694402
row_007805,0.1314333971178689
row_023056,0.19094483401047638
row_016495,0.10867172178191659
row_000310,0.15129403158476695
row_048150,0.2999486089972529
row_005659,0.36406995720552604
row_023086,0.13012042240817173
row_028588,0.32467151920314274
row_043954,0.13519598181519055
row_031718,0.22737847769290434
row_020827,0.1319926020838334
row_044930,0.31028511041129897
row_012798,0.2448047129723378
row_030023,0.2026019411732099
row_026855,0.32849712490000604
row_038027,0.35415459920069775
row_022744,0.21475472691427216
row_022992,0.2782389614480072
row_046807,0.08537400592635855
row_047421,0.19666954575536538
row_043693,0.18563762397435105
row_042630,0.3004520614176775
row_002838,0.151072140145872
row_005893,0.27175989620838886
row_010410,0.1517155404768556
row_031149,0.18148760974989084
row_009289,0.46266590851193123
row_014562,0.24296706310213714
row_003582,0.22605507734404925
row_002921,0.43020079970138103
row_018155,0.11174569899017522
row_025470,0.24292093012892313
row_040339,0.5058824379055362
row_028801,0.1425995489770743
row_014675,0.265229059000411
row_040327,0.3713240673406297
row_002381,0.5047659096996059
row_037784,0.21976349782328655
row_025432,0.13362210463831595
row_017523,0.4624638554643192
row_016996,0.44725129805380237
row_012241,0.3245618070851936
row_006912,0.2515777791955367
row_042042,0.23577836603056437
row_035264,0.13083333929907326
row_040509,0.23319138068208647
row_027575,0.2983126675771557
row_026312,0.37650734393176505
row_011304,0.1795751241452593
row_027129,0.180876110794995
row_001878,0.4680675107710034
row_008549,0.4247891674244334
row_032314,0.3029708093195331
row_004735,0.3915588226264557
row_014013,0.2618003498578654
row_004350,0.15160450095094774
row_039356,0.14823883452805092
row_040319,0.11607680116648054
row_002306,0.39797598089582187
row_049876,0.29885820603717
row_040030,0.23636571674951826
row_044142,0.23081320199445626
row_015328,0.2779007628036831
row_006015,0.394171706807255
row_011415,0.18930868186828004
row_014395,0.36076282117908287
row_010436,0.08301670098056196
row_026273,0.11446928195648741
row_013187,0.17166108419808415
row_022692,0.27276201196593486
row_010474,0.14246912844019982
row_009354,0.15887779709384908
row_021284,0.15538288867238312
row_017732,0.14364457969564168
row_045552,0.09775686362369579
row_023142,0.38262269042425845
row_015020,0.16834435439164488
row_039050,0.19863998225523818
row_020028,0.11498354644993132
row_014394,0.1892811955665295
row_008232,0.09611934406679774
row_012654,0.11228043738086092
row_034462,0.33128447203094724
row_020502,0.15767001907541975
row_005109,0.15141298300549785
row_015149,0.11030863346927505
row_000641,0.14831973757864048
row_017144,0.1945539204243932
row_047413,0.29138447251201566
row_023055,0.1789637879045882
row_025236,0.17867703904820975
row_036363,0.17363511919191874
row_047944,0.22470149139294734
row_028309,0.4887273841242658
row_015079,0.4141554527300894
row_009296,0.22001599089396193
row_030550,0.274053804640154
row_010387,0.3052572741297102
row_045543,0.549247613171739
row_029527,0.2724055073264024
row_037521,0.3444343079743522
row_046114,0.10234828358683047
row_044551,0.2722323794968924
row_010510,0.4109352807470069
row_044446,0.17247542534410054
row_016364,0.14751042099537617
row_036805,0.18999636429534839
row_017745,0.1395294949775424
row_007659,0.13414646728273671
row_020099,0.11787316306950704
row_035873,0.17951337124320377
row_048584,0.26116385492001754
row_041826,0.42184483889896596
row_046236,0.14880699393109553
row_010941,0.38601979654143703
row_047030,0.3694569985641406
row_017854,0.10916783633929228
row_034124,0.3630030316739349
row_029403,0.30679351609667377
row_006951,0.16046972668576412
row_038395,0.2936046724642137
row_021953,0.3118351105688948
row_030297,0.1375097430407921
row_042999,0.1979033543483024
row_027583,0.40134690229587505
row_029557,0.10724930246392186
row_001802,0.43394086360343087
row_035693,0.424696074330035
row_031430,0.2576538010516947
row_021838,0.12755908580766798
row_001918,0.19168381552001276
row_011316,0.3929515392056265
row_004470,0.31303726425919937
row_024306,0.2702877917213093
row_034756,0.25546519740619783
row_045105,0.35061571785458784
row_044970,0.2799029054349238
row_000072,0.24475443288834328
row_018579,0.3341032482592797
row_041622,0.31878603904834446
row_048903,0.32615664778221143
row_039255,0.21079989963517382
row_008316,0.1266763157535556
row_036328,0.34263063589803955
row_020781,0.375334340625758
row_009248,0.23431333732496545
row_035568,0.2503469588936533
row_016584,0.1115917209406337
row_008323,0.33339338432599946
row_008906,0.2399045479558315
row_001215,0.23376386756378598
row_040470,0.10812749753578772
row_019742,0.26899640133742725
row_020013,0.3556654948463643
row_006801,0.3246236880446615
row_004201,0.3053865612982879
row_021956,0.29791825323369175
row_030099,0.1647185192522737
row_006328,0.1839538491805581
row_016968,0.2888957310798255
row_012525,0.16359423607262905
row_001130,0.2436604768799921
row_046896,0.10933965950187974
row_023208,0.30634971044082576
row_025336,0.30722543826774495
row_001876,0.241792194724068
row_043400,0.15779494178456277
row_026085,0.1758622443703987
row_038816,0.25031909026934085
row_045061,0.3357356238926295
row_041958,0.27990220071519883
row_011662,0.34116066006273627
row_047441,0.37950647573455853
row_049045,0.1605884750086165
row_037269,0.13757024281074007
row_038613,0.09388305458241344
row_048505,0.2811190505632008
row_029843,0.3479515718106436
row_003144,0.29063230430699283
row_030657,0.23515589534328207
row_013432,0.3899846880633165
row_047278,0.27791140880293597
row_013044,0.43987291786490906
row_046186,0.18481057989771524
row_009546,0.17994617738383267
row_012170,0.5234249719464746
row_027986,0.37842310371518445
row_001207,0.2293178834412664
row_017577,0.17130825922274923
row_000855,0.17027159057124175
row_013570,0.43779463626454496
row_047901,0.1581422616469624
row_025228,0.19868829933718665
row_020287,0.16724680322257032
row_021563,0.21150055755974473
row_038964,0.3478968461353906
row_002347,0.32549008425987397
row_042089,0.18279811630411513
row_011748,0.26831536750403967
row_004927,0.33971057643445146
row_010323,0.12163847219118512
row_010635,0.10871094639045596
row_008674,0.13155702099652977
row_032538,0.2605995932186978
row_039980,0.2801745169864535
row_042071,0.11681221503289044
row_032410,0.39785674466947063
row_017089,0.15248784985655645
row_024320,0.170935326460684
row_044949,0.1509351420712643
row_016321,0.24444881134343455
row_047350,0.3722848630001682
row_019624,0.2655381346887613
row_025083,0.3856746506453545
row_047203,0.45292149549376975
row_015069,0.14866365656960356
row_043681,0.43737304818729333
row_033183,0.48795063187720367
row_013093,0.2612683410633582
row_040812,0.36746358222667097
row_015666,0.34585041891309626
row_012534,0.18601033004545833
row_000826,0.20898597410636283
row_034492,0.4693261389827637
row_018096,0.38819231307018787
row_036854,0.4343345112997061
row_014303,0.3003403816549782
row_006196,0.2951955045926172
row_002849,0.19653252921257514
row_027430,0.3429844510182228
row_036780,0.40675085857767423
row_002654,0.33394962722882704
row_006847,0.23938247755376116
row_038774,0.11903446182726778
row_041165,0.1204789567070623
row_039945,0.13704179355903223
row_015626,0.3593902914612843
row_015275,0.4153679941170813
row_020920,0.3836556651690019
row_018114,0.20327965783933352
row_024118,0.3641684084738105
row_025324,0.2286738426764784
row_039192,0.2813551700115763
row_016664,0.12536944868800168
row_035604,0.4341394222153505
row_023816,0.36075640982923063
row_032601,0.3959439364625556
row_002351,0.12459155195414118
row_035498,0.49628969263195954
row_012738,0.27530234114844876
row_029894,0.1280648460390975
row_024596,0.43114481141669775
row_042883,0.14989719234267118
row_048921,0.21423646636615268
row_023418,0.23955291487045222
row_039360,0.22503879220655487
row_031889,0.14384984245831905
row_016343,0.111169821597294
row_048439,0.2394957430512226
row_032734,0.4211349113787873
row_036133,0.1967398084176125
row_026893,0.2135787973434447
row_034906,0.3319410401661922
row_049263,0.3174874255258144
row_000304,0.10453694279629248
row_039275,0.4240041449095668
row_035797,0.3659653866801538
row_014547,0.3732497336828535
row_045984,0.42773049215509845
row_000978,0.31839439173827916
row_018988,0.19860519768773235
row_034396,0.17446718570186942
row_029643,0.21209443467110126
row_031129,0.25151180189522887
row_023682,0.271446166741123
row_032701,0.1857180739268718
row_006548,0.3304359505436686
row_006517,0.30579868831483237
row_031805,0.4083733766164527
row_042881,0.19251396839008797
row_021767,0.24868855654061625
row_029126,0.12891424592845108
row_018760,0.1491643079505313
row_035738,0.42348096057835527
row_013023,0.4991232910430633
row_016542,0.380505978250717
row_007081,0.6054686357097772
row_003572,0.20840181676697986
row_006226,0.19751002147374094
row_025505,0.1356111725472714
row_017086,0.2782057378326549
row_022549,0.22479554919030403
row_006448,0.22528054898769564
row_017082,0.17578671050850972
row_022079,0.45772622595031054
row_044556,0.1439732106858277
row_016730,0.13599367053929995
row_035814,0.13333429317321158
row_035846,0.20780076633545946
row_000112,0.2379085692714284
row_004622,0.2697342454241513
row_032799,0.2485840409572711
row_027217,0.2763034317641909
row_042907,0.34819465552186485
row_027901,0.35704502655278314
row_033810,0.38308414927668744
row_009469,0.15196550088714986
row_047185,0.19567005685046518
row_024004,0.22875505346243785
row_049927,0.40657909902170597
row_010438,0.2421970534042598
row_049920,0.23668115803486905
row_001500,0.29604374782401044
row_014424,0.3471312089939375
row_032945,0.14582650868605468
row_048313,0.3705551025801563
row_017753,0.2576690852590795
row_013992,0.2622632012359706
row_009461,0.2881635144156486
row_014008,0.1693204182793939
row_036094,0.283293579560598
row_025547,0.20562015216449642
row_001823,0.21876051744584887
row_020485,0.2880514577180832
row_033423,0.2369186061765279
row_014468,0.2491396319889478
row_043125,0.4953394841685735
row_032296,0.36282298321316514
row_002580,0.1951055475877318
row_004309,0.27571581640733694
row_044677,0.19334934375809718
row_049108,0.1780213308204428
row_043928,0.10503723880756441
row_016747,0.23119987078755813
row_025512,0.10267291407002874
row_041188,0.15365535625887947
row_025147,0.13485764584289195
row_006789,0.3141622220388437
row_016241,0.15293638751711397
row_001632,0.19386978994684417
row_013073,0.3770363983333855
row_034731,0.1530754037670046
row_032299,0.09928338761754622
row_049066,0.23163249916868836
row_013717,0.1469818896628284
row_027561,0.22419630527441775
row_014156,0.17217995257159288
row_025350,0.3341065490671885
row_035074,0.18765490341089647
row_034898,0.1815493107994838
row_031712,0.40261082363769984
row_025249,0.1485002847696459
row_024167,0.22991621872075876
row_004441,0.22140997008898222
row_034262,0.4672502152507533
row_007239,0.2245460737212115
row_029726,0.271559557535149
row_039753,0.3435677287399034
row_001059,0.15033679372080008
row_035593,0.2406940906416269
row_044977,0.3403230809694194
row_034105,0.39700894075871135
row_019423,0.33896133226089487
row_011114,0.3646032722184005
row_017973,0.21182256638330452
row_041394,0.28797292049713447
row_001136,0.2863610336966322
row_037903,0.2314602079301695
row_019817,0.1717759532706684
row_017062,0.487360507161701
row_014306,0.4026529413027417
row_045461,0.17459843830909763
row_038450,0.3212856856221553
row_045141,0.3716244007104485
row_019437,0.24414134371563173
row_000110,0.35832231947039866
row_010382,0.1610634715485595
row_022332,0.35635472192044954
row_039809,0.3869030791059023
row_040761,0.29094573400730034
row_017950,0.4792513518972076
row_029288,0.3388050957607843
row_021597,0.12964883351764367
row_024710,0.26832301332545067
row_002166,0.27565568315428446
row_029429,0.33692979412822543
row_042944,0.13407713270322105
row_031514,0.09141366856976914
row_032120,0.3858033996316043
row_039196,0.13613695953971244
row_045279,0.4149156204319711
row_017169,0.26680432463770903
row_016750,0.2779814143473629
row_015816,0.25454415332620645
row_049622,0.16845049018175143
row_012562,0.5444619395516661
row_001967,0.41564518297430864
row_024605,0.23547151632106117
row_013178,0.17457030520898897
row_040089,0.4200144884115001
row_002461,0.31403967134643235
row_045474,0.23654825364970483
row_047204,0.3204403661110938
row_020446,0.13961532365723126
row_041185,0.1424989594677875
row_042196,0.3744270011340391
row_000354,0.2903126443528218
row_044584,0.3599699235707014
row_039776,0.2749317316197234
row_030423,0.36913124989795615
row_029119,0.228595779243461
row_025597,0.3425484128220835
row_027062,0.2515998656603222
row_047516,0.278602344705197
row_042906,0.29658070567731565
row_024813,0.36355125589199183
row_032247,0.19958444447880827
row_014820,0.39168484013219107
row_019235,0.35722974569191307
row_031185,0.28812499135523734
row_000856,0.296753314499534
row_005645,0.4039368000514199
row_042095,0.36145617925921014
row_028611,0.23643510449548255
row_008310,0.14645061884010807
row_026130,0.2899983046282221
row_041220,0.3448113462754044
row_041377,0.12841715774210652
row_002329,0.2514812930013041
row_023474,0.1788777606614656
row_015105,0.37406508829778234
row_044814,0.2736251969957255
row_015411,0.16537356204830161
row_046405,0.12332520866579531
row_038367,0.20008357051522443
row_034304,0.08107968006091129
row_011757,0.14506160665490972
row_028277,0.3987854458710755
row_022472,0.2715120470034354
row_030229,0.2181427190303671
row_035932,0.49417859655506563
row_043184,0.36471260869379124
row_046112,0.23237227122383203
row_002586,0.25330790199079223
row_040440,0.2359639517155861
row_046312,0.5894390466386346
row_032433,0.4345284022288189
row_025962,0.25075313155474505
row_045878,0.19557738111037545
row_045027,0.469425942517402
row_035404,0.1370568518445464
row_029949,0.2895993332604631
row_027760,0.15505973187292832
row_023016,0.2247521541314941
row_012190,0.1787688932821783
row_034825,0.2381021416701177
row_033007,0.3824215329808585
row_040019,0.26846177253113795
row_049243,0.2699575920938656
row_023591,0.1945149855084111
row_000344,0.19571277671604245
row_027057,0.3700588654336451
row_011383,0.16889295431303342
row_030220,0.3366056433090451
row_033553,0.25223626231409296
row_026817,0.14641496379484978
row_035300,0.13694609838881436
row_008826,0.23871851220871507
row_033955,0.10661028304368501
row_035783,0.2316008901436734
row_021215,0.35017005328392725
row_025952,0.357093926662194
row_043864,0.4683015960412748
row_043403,0.2036440070903177
row_004191,0.2832139668727028
row_010000,0.16601036802991959
row_041009,0.3604770449433619
row_005668,0.153490344299459
row_007340,0.28395962689513876
row_017850,0.2633689742330814
row_001213,0.26484626906064634
row_035773,0.3122813235579325
row_022804,0.30631477238177984
row_033004,0.4346691317050627
row_009611,0.15754594760009683
row_029295,0.25131026231531467
row_008368,0.40150318605149804
row_018436,0.21018732749343116
row_012226,0.3487581088906617
row_008992,0.2350345576617227
row_000203,0.16644087608057914
row_007041,0.2855470117469848
row_022151,0.21989609893094736
row_034718,0.441275901026506
row_032032,0.25646782601747314
row_021186,0.11216062083030068
row_000410,0.5305571366198604
row_042752,0.3015173182574034
row_013531,0.3703761328622741
row_022282,0.2618889043126084
row_023370,0.2577587474793651
row_045383,0.3522066319965171
row_006883,0.33853518319499565
row_009173,0.16823689816857446
row_023186,0.3520442377190931
row_020330,0.23610855391155477
row_034972,0.26583917208451435
row_012186,0.23144774754886316
row_004594,0.3435709232096437
row_006855,0.16794599747671468
row_011635,0.20594401697995476
row_027853,0.2662194902157056
row_036624,0.32160585635559286
row_037734,0.11698364199921212
row_032718,0.26944501419148564
row_003219,0.14336467373707046
row_034317,0.2401326613546278
row_007290,0.16477175376492662
row_040606,0.2493217324406296
row_007753,0.20301296970930707
row_005438,0.44004766082090063
row_006609,0.22062173775199495
row_026059,0.17292341696241798
row_032977,0.3177893834533696
row_033292,0.39582176584010986
row_004087,0.1724458180862813
row_033399,0.16263016843127037
row_007601,0.46609346541276786
row_033816,0.11814667049047065
row_031239,0.1157657644613864
row_037582,0.13099972729132783
row_017289,0.1562725675441778
row_046402,0.1336396297889101
row_003705,0.16047587562222962
row_029304,0.23171289876002596
row_038699,0.28425478465721477
row_043371,0.3235954531250364
row_017524,0.3173162540581744
row_012716,0.14352003371369862
row_010264,0.15638985438666062
row_009192,0.24607667344704096
row_000550,0.34352860429794513
row_048200,0.16863965190043567
row_010111,0.3374598235201649
row_047586,0.2522568733279059
row_044675,0.21783452963921204
row_007142,0.17482601010958637
row_023046,0.0969639882498903
row_011125,0.36170134055519115
row_025328,0.280465489937738
row_009569,0.3731891764626744
row_044305,0.14686016112111958
row_017072,0.2711244684789941
row_006137,0.3647864167654462
row_001192,0.3860055803646282
row_041270,0.38221895299809266
row_044696,0.18216536862406618
row_023381,0.2838275694130478
row_021062,0.4697233187135951
row_048314,0.15440344638608264
row_005942,0.2224255247951581
row_006704,0.32463139150787373
row_019928,0.1862615742864405
row_000436,0.1751752363331449
row_005780,0.3335383826755205
row_007286,0.23060794952236652
row_008830,0.31781885248736835
row_030655,0.18341688196662526
row_048266,0.29125953439860225
row_048930,0.41399134722801956
row_047120,0.12423303736757106
row_037984,0.34622580178016127
row_019888,0.29409393962981456
row_004031,0.35047171520572146
row_049999,0.36226757988979225
row_001973,0.4523910558773961
row_017030,0.3906986359401022
row_017220,0.08091949986722942
row_035266,0.35780987877680026
row_048257,0.259287422766231
row_038444,0.560876983599377
row_017374,0.27991292392003114
row_016465,0.1355390595367562
row_049832,0.22660014091657782
row_021499,0.28299263172236183
row_031314,0.3698375548921925
row_027722,0.2299623043255347
row_007310,0.12375804371767829
row_030260,0.2912621375192284
row_038914,0.49149327859517916
row_044989,0.20654851396615573
row_000471,0.19120017380116686
row_007923,0.15554717969263182
row_030073,0.16366781403595518
row_041449,0.33053838635014154
row_014461,0.35197825613609346
row_047561,0.36834945241497374
row_030820,0.21792117587889864
row_035446,0.19486900816264643
row_022943,0.3012314339100887
row_028700,0.46933090697143126
row_030060,0.2988176712712834
row_020310,0.14917632802187017
row_038482,0.44036945076007195
row_005484,0.1452639554750481
row_047846,0.3856289153456052
row_013894,0.2781595337932861
row_012473,0.13520449070886678
row_012796,0.1568869890170781
row_024483,0.39803558143171336
row_002741,0.10631171027981738
row_018934,0.440346194113475
row_017660,0.35170830178957135
row_041931,0.28178991972687756
row_034816,0.26882186071457653
row_047734,0.09783992026748621
row_030091,0.3457242075947267
row_009308,0.12886804561818638
row_045484,0.13586897728600375
row_027198,0.12756443569059248
row_025792,0.153193958102701
row_032506,0.32458011523626656
row_040973,0.29175520235183067
row_040360,0.450292093758109
row_004582,0.2408948690226287
row_041436,0.4005614853303285
row_013341,0.22397843549873242
row_000760,0.2719153966224003
row_002697,0.3113212159381726
row_030465,0.4261307044767755
row_021860,0.11875359209100823
row_039792,0.12116334571559732
row_047893,0.3380223385934157
row_039487,0.19581483866545532
row_019703,0.18313006298016232
row_021682,0.30407196876646325
row_033421,0.13363709504841056
row_018933,0.2756893152825729
row_043885,0.17211268567280374
row_005068,0.3870745779688902
row_033641,0.11677369655617398
row_048587,0.3267872326691145
row_030185,0.3750878603796453
row_031992,0.21296405775580907
row_002388,0.4034253204079829
row_049609,0.12017704458470374
row_011237,0.18224736635396582
row_032725,0.25048257178448735
row_013218,0.34052640257223665
row_020512,0.13591513041377823
row_038925,0.2551362972527579
row_008808,0.13971377374417066
row_016053,0.10819110755390868
row_027637,0.2008019418173034
row_010696,0.2388120043718793
row_044624,0.08722490911180666
row_001179,0.20079980111634066
row_029104,0.20619665136156956
row_006983,0.47999128659476326
row_013802,0.5329632845013879
row_035272,0.159636460878219
row_043205,0.3829508181652785
row_044548,0.5331944833583352
row_005650,0.34170002217413387
row_011199,0.1652540497370147
row_012586,0.5141277618231083
row_027880,0.11128382331642996
row_042984,0.45039876443925136
row_013191,0.13488038798332558
row_007648,0.24810611587762435
row_020731,0.4881547917978372
row_021445,0.22679467345494317
row_008135,0.25218825953467083
row_026276,0.14675896852406814
row_037508,0.19614586725289554
row_033467,0.5287995603668801
row_020070,0.11945842262228
row_025396,0.4159381103620909
row_023827,0.14682179225155445
row_046939,0.40738427535486527
row_006335,0.11767607800615215
row_039416,0.39413637986918
row_036036,0.3319674048082618
row_001844,0.17558452866393903
row_032301,0.1321988825222004
row_025930,0.22823216679855016
row_002468,0.17693907846932624
row_042877,0.17370651244393215
row_011647,0.2157363400410396
row_004252,0.36970337590176594
row_035724,0.21337480302554018
row_009348,0.18510988275658993
row_028283,0.18516792609441948
row_022740,0.3413592775829802
row_031951,0.11957008114642466
row_046561,0.13017153004410725
row_019844,0.3826059578377862
row_020522,0.13293606600193128
row_029618,0.17246381169368963
row_037482,0.4110968749655636
row_033181,0.264253033550387
row_031251,0.14944580742388627
row_039790,0.22147444830592022
row_009285,0.28117782664292346
row_003542,0.37167847198846676
row_016547,0.29398843456059465
row_005334,0.33177107882438045
row_027815,0.32343026759485155
row_010742,0.11016784693642662
row_000417,0.17678151400624692
row_038305,0.10435810127095604
row_029114,0.4184387308750867
row_012677,0.14715869356950795
row_035283,0.11343786367416275
row_001440,0.15960386944022747
row_043407,0.20425086990583624
row_047580,0.11121339895992796
row_024090,0.35734496206802857
row_021131,0.21510266558628838
row_003286,0.22378527624809919
row_017979,0.394656392170793
row_045122,0.11552017449195846
row_028869,0.13122744605131306
row_044580,0.13223743137459512
row_007354,0.2713516706417832
row_026409,0.2987204371393075
row_044326,0.08065037374702
row_039094,0.21664128991761733
row_004360,0.44016057869469455
row_021653,0.15456831804880333
row_043823,0.5763642002660277
row_042857,0.3114766995071146
row_010699,0.3375325480631266
row_003734,0.32866970109305255
row_011777,0.14607709355318477
row_005858,0.15500227762521485
row_033566,0.3194713190469582
row_028904,0.31984470804322823
row_026844,0.1718535360923453
row_000491,0.1215932289132242
row_022505,0.14998587206653877
row_005035,0.5319568893754041
row_025585,0.13149386007082864
row_030555,0.23478723628021367
row_002232,0.20319491784757393
row_046946,0.14925771530767287
row_009635,0.12085114692519897
row_027713,0.3402088862594851
row_013880,0.3204040532235158
row_011997,0.3541469337144954
row_007016,0.424169206149531
row_017842,0.2190884068640083
row_027999,0.148600943003361
row_019952,0.3734281314684215
row_022354,0.22505995031343898
row_013098,0.20666007317980478
row_021852,0.3259160893382342
row_009867,0.3718122860998607
row_043631,0.2667037363929602
row_014499,0.28172221829646016
row_045228,0.1789833585930743
row_021803,0.15781011199678738
row_039430,0.1197959846917871
row_038303,0.3457923677791271
row_004634,0.3062732099444585
row_000010,0.1285726063653436
row_017124,0.3408794041615444
row_019349,0.39366227874483506
row_007225,0.4707250221369887
row_031067,0.3134062294069689
row_013567,0.22816042074815585
row_009061,0.19479563498898222
row_021639,0.3189238928410951
row_038497,0.26223818817494976
row_025696,0.3032245296363668
row_025159,0.37722278679854204
row_021946,0.46373299608740204
row_035285,0.3315352250992933
row_043104,0.1526586700239037
row_031159,0.16727714332889243
row_021456,0.13885585218537339
row_016609,0.19947032221765962
row_024712,0.22467153059585906
row_021435,0.12707454146237293
row_040273,0.3665692155789223
row_041616,0.15544727377325493
row_022461,0.25381364534669826
row_032903,0.1420473638009973
row_000023,0.13500508943997225
row_012388,0.13426814127102477
row_012138,0.21891664020831783
row_021644,0.2511757150368064
row_033041,0.3155455018016359
row_018074,0.34996337715420656
row_014690,0.12158402179676268
row_030283,0.1186878819901377
row_013492,0.5122512057040531
row_044707,0.12927044412842714
row_041385,0.1405904694353145
row_029341,0.3328855638136142
row_014444,0.17416751019430018
row_046500,0.39061340474777684
row_032527,0.17112844736250676
row_040620,0.36493020354963357
row_010377,0.2909651704186999
row_037985,0.16375943217407454
row_021453,0.4051026384547677
row_028310,0.22314031181975894
row_027059,0.4045426061721503
row_041059,0.3455837987548115
row_023755,0.3812859190021529
row_004762,0.15304536374176186
row_019789,0.39956528424574694
row_006260,0.3988184983072535
row_011094,0.15182782058595465
row_023770,0.4291262912956599
row_048859,0.20212423983783004
row_020360,0.14978217351076764
row_017920,0.3075711063318308
row_023745,0.12672371852576061
row_026417,0.29252116462653743
row_041991,0.2397798051849151
row_007107,0.33270213742974203
row_049628,0.17041402251122073
row_014557,0.2829701354136364
row_048107,0.14624891451452948
row_037018,0.12039926133204724
row_037785,0.3652913864167601
row_017948,0.27709905764008286
row_032378,0.2026975470091016
row_044243,0.20966470932954856
row_003385,0.20707872896937074
row_002870,0.17351003284967212
row_048325,0.16907330906869578
row_032570,0.2792084763747856
row_041451,0.2777105269883744
row_001326,0.3435890390966952
row_040653,0.25051672885779214
row_039853,0.17634126228460284
row_014252,0.15251463254285974
row_045826,0.11353357689758772
row_030340,0.3979048408318117
row_014337,0.3249568128075732
row_010771,0.17495397431319068
row_043422,0.1850576648309377
row_033191,0.34134548275975396
row_023288,0.18887615448904174
row_004444,0.1044471345438092
row_028988,0.13430063958260577
row_037243,0.380243830315089
row_004474,0.18325961506751792
row_013406,0.3903351402498528
row_042485,0.17885151342723493
row_007329,0.24417978107630567
row_005621,0.08647104654810198
row_030725,0.13743221547304763
row_031991,0.2743848677261591
row_020690,0.42674268322857856
row_049953,0.3323897365894336
row_017305,0.11860154383137483
row_048506,0.39079996525111543
row_034524,0.3334698347091478
row_021211,0.34639865870333536
row_030771,0.4824974015901931
row_034137,0.459223540760884
row_003871,0.11798478586792902
row_005138,0.401808826949339
row_041641,0.2590786034020122
row_018057,0.212062148680023
row_039628,0.12021793593457131
row_038764,0.11866092029275123
row_021086,0.31597127896314553
row_022029,0.4530204242415328
row_018490,0.23184127210213268
row_044423,0.1938972624092453
row_026641,0.24318234438562167
row_001364,0.12428862567884884
row_031369,0.3514384778065064
row_038722,0.27970803305788666
row_003573,0.419144396016688
row_020537,0.15920479060318157
row_012898,0.15134645729909285
row_005375,0.34793023329034634
row_035758,0.19783426627970924
row_015575,0.25936159292158195
row_031913,0.2756431662791603
row_004349,0.41131465126574257
row_035951,0.14702097279517848
row_043647,0.338843148831937
row_012604,0.18618016963332037
row_002608,0.21207060990239177
row_019665,0.11455145723670265
row_033443,0.18784057656619974
row_023272,0.4270631633817561
row_033513,0.16204534441629104
row_004458,0.2811442291543974
row_030759,0.19297639996668886
row_023449,0.48600323626141123
row_034697,0.16614934545078666
row_037877,0.3491519066090565
row_025498,0.11054260244426856
row_017693,0.39553194122079943
row_023402,0.1766194715606037
row_026387,0.265400818206128
row_023382,0.3435382461437193
row_035898,0.161201275327793
row_046883,0.19492765625291744
row_015370,0.39775953920830576
row_002074,0.31542380369354156
row_029779,0.26769244332531567
row_003259,0.22653238662331115
row_021608,0.25379817654194486
row_026529,0.3389408057311839
row_007439,0.189757472885456
row_023766,0.32579831274124027
row_032983,0.3575718762966008
row_037119,0.30964200177555734
row_010559,0.3278832234637065
row_006977,0.17186188084392817
row_000715,0.2942146487378972
row_033557,0.12611806386149402
row_033317,0.1729163649306329
row_036723,0.2632044744800461
row_010642,0.3849812875379379
row_043327,0.35718070563194
row_048082,0.4329604713609379
row_032086,0.15703776971357036
row_048399,0.29921267069448326
row_034250,0.10350067157091374
row_030300,0.15613592022431474
row_016876,0.3692430823408691
row_023732,0.07471144504727593
row_022043,0.10996694612463735
row_008727,0.29647795618176703
row_012537,0.17370815882456975
row_005666,0.2557882773003121
row_042871,0.38506479878573757
row_030127,0.3681367075733644
row_011138,0.1369980333535001
row_025384,0.18576606379162022
row_016428,0.1363738133233101
row_036703,0.16437824539639379
row_048355,0.24225267940674092
row_046066,0.19599069046807685
row_020872,0.319817001053269
row_017567,0.15630888224155579
row_002970,0.09895318358528463
row_029669,0.27812452949623023
row_031981,0.1446548075600928
row_020263,0.0853762252692824
row_039289,0.47339116352160676
row_010868,0.30452365286562355
row_037685,0.3342791734406329
row_017937,0.3006194264662463
row_042888,0.11342366107568728
row_033076,0.47413352982965956
row_020816,0.2100774490441403
row_049058,0.34239420489602684
row_009593,0.38458998185640986
row_025156,0.255412296744555
row_036089,0.3782350792164733
row_013956,0.3942949814262736
row_037346,0.10750261381742081
row_035820,0.12102940547178237
row_047732,0.13837435947538518
row_019959,0.21949486867033005
row_022789,0.43523113350227316
row_011353,0.20961848559600565
row_019850,0.34518230008131884
row_016163,0.19275141245498645
row_046202,0.24484301332539643
row_009739,0.4157341114314293
row_001897,0.30214666985981087
row_032959,0.12788935655063277
row_016893,0.18859866087692242
row_047114,0.3657761744276363
row_031796,0.4236557303811261
row_027208,0.45268097958331766
row_010127,0.1948012227762806
row_023069,0.46704325649481027
row_027551,0.44747927586696545
row_009825,0.20713274880229102
row_026519,0.30782999269106603
row_024246,0.2878871746733066
row_039046,0.3053041661830693
row_043162,0.4294089677037888
row_037559,0.12130987802453733
row_021519,0.2430666119784037
row_024439,0.28742753638775276
row_018470,0.386167842868714
row_014693,0.36634575653588125
row_007338,0.1743759258028993
row_015752,0.24790487325526
row_026935,0.41732252533918407
row_023462,0.22328676838577774
row_016950,0.22657294952241908
row_042261,0.40833132215973494
row_041016,0.28312052026580364
row_009753,0.19353014382638975
row_001216,0.20987619000302762
row_011938,0.3928801767737159
row_049957,0.24955304690350577
row_020242,0.17636351274818104
row_030590,0.2094463949165908
row_004998,0.21870667187430232
row_023647,0.3574603070938965
row_027545,0.231617137063016
row_029887,0.10804610912376528
row_027164,0.3514788560286099
row_017051,0.44601795025328594
row_012224,0.2572495504533691
row_039758,0.25328625254148257
row_037806,0.11890691690559399
row_016423,0.297125364148973
row_033369,0.243858361413439
row_012666,0.11911473005266815
row_001611,0.20438934043329554
row_028336,0.19095922010563324
row_020197,0.16753581837664616
row_031814,0.4441466468135357
row_022641,0.17472608889396143
row_011311,0.20516733659661623
row_010993,0.23799551223894794
row_027166,0.48527840848482323
row_046922,0.2223319640280366
row_012707,0.30395922185712804
row_039497,0.3080327058500859
row_048580,0.2733920067626435
row_016702,0.16833019261422
row_021132,0.21955725554972505
row_047207,0.46293438954773175
row_034631,0.1622320142792972
row_040384,0.30817330749598754
row_007526,0.32396770059436
row_001828,0.3478562904336567
row_027114,0.3590104541724911
row_027265,0.413294357721562
row_041986,0.13535153732582664
row_027406,0.3046463892833887
row_046007,0.1097036400899179
row_049516,0.29331795013602124
row_001197,0.3943230046531076
row_013361,0.22813156634208598
row_021714,0.2442357637310502
row_040719,0.27133018197563846
row_011149,0.36236447759923207
row_026363,0.3723750304568919
row_043251,0.12686518197990507
row_026293,0.11761879574967771
row_045948,0.21900828306673764
row_010276,0.11721522095591567
row_019834,0.2709506724363159
row_026110,0.1603641106838631
row_030006,0.4125079848918769
row_037125,0.2691571524784855
row_006891,0.09101361553476467
row_040747,0.1910598524906829
row_031019,0.21878696968066225
row_010847,0.37446319185788846
row_042873,0.11955732650188254
row_000444,0.1415385538509107
row_025257,0.1016584494970538
row_026389,0.2539828904929729
row_011059,0.3389517596376427
row_047493,0.2821594597902714
row_037986,0.3322402333196573
row_011367,0.1949311007052383
row_035026,0.1183246174253726
row_010330,0.18884820801747623
row_028814,0.13792168526215648
row_023134,0.17659074660767773
row_038188,0.3726523121132525
row_020667,0.340400888592643
row_049774,0.21366885028873683
row_049687,0.4694245309870974
row_005249,0.27755518775565347
row_039494,0.12458905009789713
row_049723,0.21734943895670272
row_012205,0.40303699359067857
row_022965,0.17122595537695867
row_049098,0.1340089868527148
row_028775,0.2389605120794608
row_011008,0.17672450721407287
row_006144,0.20389541381826667
row_015815,0.28557805165864436
row_031819,0.1092936028033751
row_019991,0.3424437681349535
row_016739,0.22474171684581978
row_012339,0.18748926377775335
row_044111,0.3624935594158418
row_044041,0.11850227375752154
row_025469,0.28957550410286576
row_010114,0.23455046198544977
row_018286,0.2381396100012963
row_044914,0.15008851501159495
row_006496,0.35780392227304597
row_030448,0.28445887782347656
row_022163,0.2047082540111481
row_009617,0.20358523031914397
row_021958,0.42865272930080545
row_030931,0.19040613559817135
row_026214,0.2445795132641278
row_017221,0.2238928917195322
row_004289,0.2104761296895155
row_020592,0.4144053212145789
row_027002,0.2631501869931818
row_039332,0.3204378477197578
row_046918,0.16393846114231558
row_011145,0.25964157657636133
row_008902,0.30758528678383656
row_009760,0.3459537174886654
row_014782,0.40186191461091303
row_008453,0.4749734457701806
row_004488,0.24771813336528653
row_001088,0.21902019764390776
row_018250,0.3506852784955853
row_043483,0.38276298657156205
row_014470,0.0864231420494498
row_046511,0.31122762700785167
row_042730,0.16339344360361074
row_023333,0.14656837943735646
row_022195,0.16131996375801239
row_027209,0.10778226774380198
row_031361,0.1941788396773337
row_047698,0.274855409146482
row_035970,0.423835569653499
row_049454,0.11080506344443213
row_024178,0.146425231885649
row_035429,0.34282666225559816
row_027770,0.17469054634610146
row_012790,0.28917843814604666
row_029051,0.15497863156644234
row_020399,0.32095763064886956
row_032029,0.42389277715807583
row_016528,0.1828984883206356
row_033509,0.2190251483997095
row_002354,0.1759788727200891
row_014026,0.19999992122824495
row_029740,0.1505982013053
row_000564,0.22201416528715667
row_032929,0.13796654323431204
row_048020,0.4445534896547278
row_037121,0.10701666200235856
row_024554,0.31638387827561354
row_014216,0.3510994766775719
row_047839,0.19855901120736552
row_005481,0.31513832789416135
row_028357,0.23640476957032433
row_011723,0.42411492918447435
row_005602,0.383245901293654
row_042706,0.21434532825553518
row_016400,0.4636723613428704
row_006505,0.2531402541257582
row_039201,0.3592994943926174
row_049790,0.1539715774796111
row_029130,0.3153231811608814
row_019299,0.2574930135468822
row_032858,0.36100092927360755
row_039147,0.1378163194301949
row_026166,0.211519837150702
row_044040,0.3283965740768048
row_009960,0.1328851269251618
row_049295,0.2545456928720277
row_008096,0.3551786233166353
row_019263,0.2690191196761926
row_016763,0.2568090184584277
row_046516,0.45812560272928754
row_010720,0.3674390829039575
row_033246,0.14735032993444436
row_007198,0.17801049143282635
row_037759,0.2929816217285224
row_032748,0.08678504955615758
row_018981,0.32065733816243586
row_047371,0.23676961279426464
row_040951,0.42069445525329147
row_031088,0.22242387008958475
row_001043,0.1163498767395716
row_044356,0.34851229604835465
row_034005,0.1903284836816265
row_002014,0.34263990411156287
row_039647,0.13965658496480632
row_005872,0.29253260102362993
row_049031,0.21360750869951337
row_038355,0.1360150920828914
row_020500,0.25096588737234804
row_044778,0.12011016843098918
row_019659,0.12900849937992453
row_033501,0.3744879141102359
row_012463,0.4035768387174797
row_017883,0.15835239824837752
row_037652,0.12439537768971659
row_015749,0.15044133993998576
row_029982,0.3721791549698493
row_015624,0.12710010019266083
row_001346,0.14959105396561698
row_003931,0.185205062505763
row_000459,0.15433098021585723
row_001245,0.12319770673915072
row_040166,0.3612810616301951
row_034515,0.1086154697218955
row_024869,0.390956229014955
row_026482,0.25427839157759957
row_049383,0.37688498554801664
row_048802,0.07456709248797999
row_016772,0.17084440046206387
row_018085,0.3143465039431724
row_008106,0.20615466301968544
row_035335,0.16694327069284565
row_043266,0.36720493572464635
row_044362,0.36111962326302144
row_031779,0.30524399789308043
row_025080,0.16871805657473693
row_018912,0.4621369682445095
row_030515,0.34565879253124276
row_005824,0.22349917390726728
row_005498,0.15241956658547828
row_008005,0.17623926799231143
row_008297,0.25708580236120704
row_010415,0.20832949824041833
row_036993,0.2194939566597666
row_037217,0.1572584542238699
row_019712,0.14730589947876446
row_034437,0.11133465055262749
row_016171,0.19131784920706085
row_034864,0.13923853037852432
row_044293,0.45623985670486045
row_031883,0.19763724722034545
row_001253,0.21790184249345693
row_030241,0.28461229944627214
row_002708,0.23277017156096136
row_032523,0.3914739021690331
row_019430,0.23638022859673466
row_013204,0.41746787548591613
row_041099,0.17183111872787898
row_041201,0.30181176413158783
row_017251,0.252561704274361
row_022878,0.11297173816216725
row_048914,0.2973405775814622
row_022834,0.17778044195951043
row_040758,0.1119530441002549
row_008364,0.21900887156583923
row_045638,0.1989297870671396
row_001439,0.3674515261837505
row_030224,0.11422168257198131
row_047831,0.16194120349590146
row_005710,0.1700177404861317
row_009054,0.3014576995001986
row_028426,0.4352380823734004
row_039231,0.3978948987992143
row_041823,0.23169924705531536
row_018468,0.18997727219594784
row_049928,0.12218180903939165
row_030350,0.1658753310286237
row_035541,0.344572976816037
row_001640,0.37908509197089685
row_047953,0.2509261083729602
row_041555,0.20218788215793648
row_008564,0.20341902720421978
row_018446,0.3866860402346737
row_010171,0.2809339865367894
row_000766,0.1509344170330456
row_036751,0.4160708456864411
row_028102,0.16634715191263802
row_042365,0.1388224967081338
row_045028,0.12561484402178552
row_030666,0.13376120176688927
row_035933,0.48825817072188565
row_024210,0.3529961565839326
row_009797,0.12671809684085078
row_023616,0.27559430162495313
row_028612,0.18372921105985007
row_014191,0.37152313882911986
row_027514,0.44252952804505147
row_024476,0.32233008708051775
row_011348,0.20302678054174797
row_002422,0.1487698864159199
row_039905,0.18213921352153162
row_009265,0.44631293819554274
row_024538,0.12667355773276925
row_022605,0.16226432242345412
row_043395,0.13341555172297404
row_028196,0.19459332788197087
row_033872,0.4017035090946982
row_028747,0.35988440887364836
row_002989,0.1118903286616944
row_037868,0.46106222576519895
row_036603,0.13999639686865487
row_018166,0.20479145756028141
row_033068,0.18602031497090954
row_032777,0.5234967325443316
row_045644,0.26353365105394916
row_005170,0.42185663556556174
row_037282,0.1094281838422928
row_024544,0.51268046964925
row_040366,0.3540875498638948
row_013309,0.12039953206518561
row_014629,0.32080332305499515
row_039047,0.4977074319833001
row_028572,0.14192343261609333
row_018936,0.3567198980097822
row_024827,0.2515098566781141
row_029566,0.2009120035821623
row_000386,0.5602997093646335
row_030287,0.10714801504835726
row_009641,0.2504827005483372
row_041544,0.20484913044520497
row_049581,0.36055429862791416
row_038369,0.17352000249467947
row_029070,0.3336700146979397
row_045705,0.31968940107610083
row_017301,0.3468822669841515
row_024112,0.20224114771864932
row_041219,0.3504892206054817
row_006181,0.39014409111325393
row_038772,0.3615987553194889
row_006395,0.14950323787456452
row_011343,0.5192085320189608
row_008309,0.29677323154272545
row_020224,0.1421510105841507
row_044623,0.18696144290865943
row_003379,0.2595714739045009
row_000398,0.39986721669158204
row_034936,0.10113040566649308
row_007533,0.4593865636435706
row_046350,0.3782609584900329
row_048191,0.14819206854100658
row_044613,0.2557619890910265
row_014968,0.22429957107876416
row_048686,0.16665155780329854
row_017724,0.4281142374837139
row_020112,0.20471914273281935
row_003448,0.15505748722427581
row_034552,0.39673129797091483
row_047160,0.3836536740629036
row_007827,0.2190040374308722
row_012313,0.18268557317205986
row_025451,0.23280462249737685
row_043913,0.1434627075631578
row_026919,0.3666683503722728
row_005921,0.14758032377455083
row_038371,0.38249192467014254
row_013592,0.3354854607744544
row_035114,0.26453107523521563
row_045468,0.3810172428304477
row_040498,0.12598201225325775
row_030712,0.39787254743885836
row_043459,0.32043235236676626
row_025638,0.12953741130813307
row_033138,0.37521415894059645
row_021495,0.3043586398366167
row_046923,0.41254474952518233
row_011318,0.3444447934723758
row_034260,0.13113153746184225
row_023586,0.44803733559415315
row_044290,0.41464323570909734
row_014546,0.2184037599875583
row_049234,0.09717736469971039
row_000070,0.1485226628613237
row_007543,0.36056560239090474
row_009110,0.16215287410233964
row_043624,0.33783404176324117
row_007427,0.13999796001096493
row_018358,0.30601694695441983
row_034873,0.25120814101356725
row_036978,0.4486388524053236
row_021474,0.20534938917385284
row_025944,0.4663871083396373
row_044072,0.28661155740067873
row_010801,0.26909012902324664
row_027425,0.2605525959851279
row_046609,0.10962265567019813
row_028113,0.16235860602316618
row_006440,0.2279929287498236
row_044171,0.2455131834468455
row_014029,0.25316860897378696
row_044400,0.2928404413184145
row_019257,0.15858859709045994
row_040241,0.3057140292952916
row_005756,0.23102973172302113
row_001892,0.342623151838264
row_040383,0.12385881739529746
row_003310,0.14895824006992625
row_019554,0.102840397134883
row_046411,0.29567198704913716
row_023634,0.26221927454805993
row_046351,0.1371426455151216
row_001293,0.3350809490636437
row_013243,0.2042233172361182
row_018401,0.487856039393162
row_041151,0.268735889480746
row_022533,0.31341085494374127
row_041107,0.12008336341295742
row_007947,0.3350825112941933
row_030452,0.1503682884464543
row_036309,0.15854937277100828
row_045495,0.3508813357988445
row_014354,0.3917308535809128
row_024503,0.17511163781403455
row_006867,0.38310201409683814
row_001838,0.1865107298404213
row_006787,0.3987808874890535
row_015264,0.3766619401664593
row_002819,0.3793503656087682
row_032191,0.23525068535645605
row_030243,0.3137895483915374
row_025231,0.1189921353795711
row_015908,0.36059493645962154
row_015577,0.17995748893631736
row_001866,0.22862858822789708
row_007229,0.2885097550370068
row_015451,0.12420777488433503
row_039495,0.42152541918502406
row_018807,0.13127818587566573
row_026388,0.22715014107420006
row_042011,0.32679027704025254
row_012368,0.39609916270277556
row_026822,0.1350101788256015
row_046754,0.17082537598667955
row_000262,0.1500003146272547
row_042310,0.11347180571702495
row_020893,0.17633068286692644
row_018624,0.25966773323809206
row_026188,0.20919927817937464
row_037569,0.2902710377228131
row_039734,0.3906150921241746
row_021548,0.24483380719517944
row_048389,0.31485895026092586
row_034578,0.38578158763743015
row_038880,0.12784382692619112
row_037087,0.25154266309647005
row_042254,0.38126303323531513
row_046159,0.19878264741463603
row_037190,0.3589314826016059
row_026068,0.15830870212368228
row_016059,0.205897265537878
row_019187,0.23379424936748164
row_047559,0.4435643797035786
row_014087,0.3090069351066153
row_019078,0.48486988177320933
row_042076,0.2621243812674392
row_030890,0.34179082377196096
row_020239,0.1488213856198831
row_040452,0.19002530384904304
row_027223,0.4360916340495169
row_012122,0.1323166114435454
row_009613,0.11023981561460082
row_040665,0.3361528869200602
row_021691,0.1500802609323826
row_020635,0.34149983693904545
row_038900,0.14569529447271246
row_025950,0.36940726304965715
row_039433,0.233250510348176
row_048813,0.2582633559858951
row_031989,0.4886950933343056
row_030172,0.26994269119354386
row_014292,0.329906665988811
row_012187,0.13757872524718853
row_029901,0.3862909876162172
row_035459,0.15704169252680228
row_009586,0.20964425286895308
row_005619,0.4062167841386842
row_010656,0.46605604273557577
row_008408,0.23358529718643584
row_036784,0.13757222309347183
row_024202,0.15598228485492824
row_049400,0.3968932709269854
row_007702,0.13877879304321653
row_008831,0.11865413179603063
row_038974,0.1342590204896019
row_023080,0.15407863310594624
row_042781,0.36170748255003093
row_033689,0.4054573561258765
row_041576,0.3079887197956679
row_042858,0.22432015454142223
row_017371,0.25844353002484316
row_010445,0.13563317394175906
row_020756,0.13295032563518036
row_021632,0.18632551802007752
row_023213,0.1711166893649692
row_016589,0.2575587193953103
row_008252,0.21864370089563703
row_031350,0.21206204758848654
row_004460,0.12149733689241474
row_030606,0.416526777612489
row_012701,0.1933204768644944
row_042412,0.15076751984638376
row_020409,0.10819090207352074
row_034102,0.42343239633683816
row_041389,0.2568873864450462
row_027660,0.15401070986195783
row_044824,0.39830243564305706
row_026415,0.30271598293013424
row_027185,0.3947600438125832
row_041275,0.3204527922466133
row_032887,0.46414459531770513
row_046468,0.2198556156417274
row_040515,0.4416224646357104
row_008995,0.2663202222155511
row_048834,0.3217200673782293
row_044733,0.3044673400359403
row_002428,0.30419800458581925
row_014059,0.1622408487219474
row_008888,0.45248828774843447
row_041686,0.32092019925213977
row_002551,0.12966749667990674
row_040390,0.1362004340199935
row_012890,0.13286713019071258
row_039290,0.3786816325138269
row_046777,0.21698882954277393
row_010140,0.42154559718992524
row_049777,0.10559948189580061
row_013186,0.14098230151374283
row_005435,0.17574261101642913
row_008092,0.2356621486595953
row_046485,0.29267430141399187
row_032487,0.1305160960614891
row_012514,0.12946168610345055
row_043964,0.22541124898521472
row_015632,0.23840774467038978
row_018459,0.3227332900965288
row_033232,0.1685784493899223
row_019107,0.23801397798945984
row_014450,0.23362584124933705
row_011295,0.4491494723239211
row_003059,0.12741280441209016
row_036696,0.16100983095512647
row_033208,0.34688566083037753
row_034440,0.38142470646430643
row_017435,0.33389288666936007
row_029989,0.33390156340659166
row_019885,0.3076922227983954
row_045083,0.2276539660888321
row_040806,0.32508292330298494
row_006815,0.12897692496782984
row_005559,0.43287762416243003
row_008690,0.1364353004634347
row_018010,0.38493945524179707
row_003499,0.25288263261966376
row_038251,0.3964391461117515
row_038083,0.19976814212445898
row_022768,0.15588608207460639
row_002885,0.33674454854609287
row_005385,0.3118718922873131
row_012840,0.3635332709805659
row_010135,0.3356630277593345
row_012813,0.10915401386349025
row_001622,0.3334421174346777
row_038360,0.14012194222250637
row_043553,0.21811616389072727
row_040566,0.13289635349359574
row_016246,0.354629328653639
row_009316,0.4152640307560466
row_033821,0.11017488765319605
row_009008,0.1067981555035061
row_026129,0.1845422770178358
row_031421,0.48921295656178193
row_023265,0.31325795109160953
row_037075,0.3806938646364525
row_043279,0.39495031892665916
row_044437,0.200109960737603
row_041101,0.1819863468265045
row_007692,0.31775807582269333
row_022682,0.16656209787498935
row_044321,0.3300285765615303
row_033950,0.18739063401386222
row_018661,0.2090137439527591
row_018997,0.33465429143673825
row_028073,0.23753279098295782
row_030218,0.35270431100516547
row_042764,0.3414150702421624
row_025562,0.1892245520884396
row_005458,0.29392998742294246
row_024736,0.48195931892652727
row_003635,0.30869186013356587
row_005210,0.23955658944938557
row_031938,0.28673101161402603
row_011653,0.14249133324757862
row_013691,0.3503626694602765
row_015334,0.25535233729621415
row_033364,0.375862813971194
row_022917,0.3858281124387755
row_000817,0.3468168714797334
row_014795,0.12738894821777724
row_030510,0.1805248823085721
row_016555,0.14918297719469875
row_004497,0.1559261375935042
row_032281,0.39291003180419865
row_037425,0.24000969745476794
row_030223,0.2906887779693918
row_029228,0.32868873720005803
row_037888,0.2579037103778822
row_020969,0.09951288298685937
row_010013,0.351564453148136
row_018945,0.12001797805926138
row_016640,0.14605980534702928
row_006884,0.3891316853902815
row_012257,0.4796755411066291
row_039159,0.22587892971730808
row_048815,0.14423967694993378
row_008643,0.30651553432387196
row_049396,0.11461015560898652
row_017673,0.15242440362905474
row_003182,0.3294682121971594
row_040009,0.2261299060143636
row_038475,0.4160505143751414
row_006814,0.15308101201131544
row_015801,0.24468912947563348
row_014687,0.3891196900374103
row_011290,0.34852425184260216
row_001824,0.20378714684272012
row_043502,0.2545381454295215
row_042938,0.3681939697457284
row_040033,0.2851980045896451
row_023132,0.1445346139706087
row_036874,0.1790831060476359
row_033059,0.35144185025097624
row_008865,0.17058197418744744
row_014333,0.20483130972983704
row_017609,0.23190884114142835
row_009964,0.1161713615251359
row_009090,0.10629118145943622
row_038117,0.1504928493102027
row_019214,0.17568175815943507
row_032868,0.0975276582033685
row_012644,0.2542614631200127
row_008028,0.13897931028280605
row_006099,0.27539225338488776
row_016956,0.25656739938339596
row_020042,0.1317368649730702
row_032287,0.36294077554896653
row_014513,0.2272855982480917
row_035059,0.36595044342525024
row_032528,0.18153119557947134
row_029583,0.07954551432999117
row_001443,0.4408743819825785
row_039112,0.30087169816977183
row_008859,0.16016944452181833
row_022150,0.3384379268489425
row_027229,0.21318926029413038
row_044705,0.3742218365228162
row_024849,0.34697277537857785
row_021526,0.3434241125230296
row_042560,0.1432834246131033
row_002212,0.444470259797678
row_033492,0.30619422590361073
row_018556,0.16176126454130102
row_036019,0.49484682250276835
row_031694,0.4680176003291516
row_047073,0.21791694985986584
row_016875,0.19202078031003075
row_033784,0.3357897436872164
row_034817,0.23991096115525784
row_005147,0.1802959026923285
row_020665,0.0885432313555538
row_024612,0.2244605464315802
row_037413,0.16722183686009257
row_026931,0.170864364440165
row_002545,0.11343639096493985
row_044710,0.13009713158787853
row_015961,0.1532138546628059
row_008975,0.26239692729646785
row_018700,0.432087853712072
row_005386,0.12738635420777641
row_038500,0.5144153553033874
row_018707,0.1237627938354568
row_029737,0.12168780546756253
row_048014,0.17647745900935363
row_003070,0.19660289929506528
row_040486,0.3813997030408079
row_033146,0.190717231208032
row_035178,0.34399297752159114
row_014927,0.21693129662905145
row_002840,0.15570390969432826
row_002243,0.4108816192625911
row_040877,0.15554428943113036
row_048508,0.14450486882931513
row_005345,0.26179919549634123
row_026473,0.4055799021480046
row_004742,0.4047160977643667
row_044460,0.09962804267886612
row_002730,0.3285361613193833
row_041855,0.1287423174266262
row_049530,0.2637882387100365
row_025606,0.16411679984879818
row_047432,0.14508790320785822
row_049765,0.40012452361974354
row_017154,0.2932317259901922
row_003481,0.5664324344675811
row_020291,0.10715021654700198
row_018797,0.13933004823781275
row_012156,0.11393372025420455
row_026237,0.1223275402507791
row_031044,0.2138491762416504
row_016512,0.3143525064363627
row_007038,0.2341093937380677
row_008904,0.3055749935203721
row_031120,0.19828034766733799
row_041279,0.36242112928646636
row_014235,0.14031869489375842
row_032610,0.09813606561829938
row_041236,0.24677485603461555
row_035297,0.33469759453744224
row_033842,0.42151587602758195
row_005726,0.4347545337147997
row_008680,0.38969930785910445
row_047526,0.2551000757821509
row_022154,0.39969723230534654
row_042438,0.26161743496281165
row_019864,0.14867783378830432
row_040573,0.16500700030561866
row_027310,0.25813134080875416
row_036146,0.13144991793675767
row_026243,0.4512278052983756
row_009178,0.21242163260523933
row_028762,0.2683859614709718
row_034191,0.47458553849074314
row_007610,0.173477858288287
row_033856,0.32415905005476175
row_015034,0.5034931243262166
row_008641,0.3738424005968515
row_049145,0.10953889838392351
row_020434,0.20318679813829776
row_027398,0.3961662035649758
row_049493,0.11681922799222468
row_038356,0.12395245667202709
row_001438,0.4054518245421263
row_033971,0.2420481454931238
row_011522,0.36307888997830384
row_013836,0.1815112721706527
row_041242,0.386205799076298
row_032521,0.3837173103844251
row_042634,0.2117381814308019
row_008994,0.13025141691707454
row_030165,0.235819964747979
row_020599,0.11640421082260927
row_013962,0.264107049559163
row_022265,0.37690400035888433
row_023419,0.15858851328536847
row_019704,0.32373762150627716
row_046389,0.21523158886645954
row_012535,0.3086001230017453
row_009419,0.33098223565647916
row_031586,0.15620114420982464
row_001540,0.3681565831352562
row_011638,0.320457598372518
row_029024,0.11096908117688845
row_003002,0.3145666589225531
row_002667,0.11929132079893559
row_025164,0.3440881692982478
row_033608,0.11478794678351684
row_031053,0.21967054652927884
row_048165,0.4666827102402979
row_047533,0.10239459261852027
row_000255,0.1950964608418769
row_048503,0.2988200109948418
row_013323,0.23642786712157635
row_018244,0.38543196420407777
row_027201,0.2786307628287327
row_007026,0.3487579301653771
row_012074,0.4023720396309163
row_020627,0.3127896474652637
row_005947,0.28357267557806687
row_009915,0.17030744851996518
row_043686,0.5632325597419201
row_040835,0.18965931209346729
row_001716,0.1602820154022384
row_037351,0.4587808628960163
row_000390,0.13762751318843672
row_010553,0.12513829877728697
row_009557,0.4328746023940119
row_024559,0.22732964957100987
row_042604,0.11602246482017832
row_036257,0.14942636867989217
row_047575,0.3565126055618572
row_040081,0.18120407146897718
row_036821,0.21432036055211193
row_014518,0.3519785912959
row_024347,0.13239825038580186
row_048510,0.36733491580280997
row_026485,0.3940909950779342
row_012994,0.25558321980288196
row_019897,0.14220760290908352
row_037963,0.12841579897329788
row_022270,0.39118605153712355
row_012656,0.4465070898104106
row_033766,0.24240467571651428
row_039777,0.12839850449857976
row_048926,0.22994060266487468
row_001457,0.13746223531756943
row_014946,0.13838794112445357
row_035490,0.2698022105957616
row_022610,0.3985159139095479
row_040386,0.36040236153017124
row_016281,0.1361959676720519
row_039977,0.22462458959835682
row_016717,0.09781424800207404
row_029558,0.14922965699708093
row_030475,0.17260549190915705
row_022535,0.3223791451481605
row_017002,0.3246909743851952
row_039607,0.14762100472087406
row_041593,0.37486801115441315
row_027695,0.27176130689884975
row_047600,0.275965163600366
row_002931,0.5276232052649826
row_023290,0.46014352606268977
row_033903,0.2256726012102392
row_009216,0.3165735408189256
row_049384,0.3684344313509419
row_044337,0.17015466358994735
row_017785,0.21290647942401675
row_000312,0.24190606909253
row_009331,0.41016596786842674
row_044095,0.2884207905466063
row_017906,0.3831211720623235
row_025190,0.14312136692128113
row_031436,0.2734033792452534
row_012883,0.2590122139065714
row_034328,0.08047484203135848
row_002170,0.1910885117970959
row_022455,0.11513883301516584
row_012797,0.2982577785937267
row_037861,0.12114769156206726
row_010705,0.414830249074501
row_004885,0.35408616444779273
row_025193,0.42099606358870734
row_047829,0.13681785912989836
row_038752,0.43948856874914655
row_039690,0.2138390442172612
row_005820,0.5359749313166262
row_022023,0.421070155334268
row_033739,0.20613762912244057
row_012610,0.35899381763675703
row_001144,0.22945119783894388
row_004260,0.3743684713707345
row_018173,0.21334626707898333
row_025641,0.2262361739339056
row_026299,0.27921032783166244
row_032284,0.4554858998326059
row_013012,0.16572314254712778
row_023120,0.4254713989930162
row_047776,0.16113100754516263
row_003792,0.16058022621292842
row_008519,0.10516769984329201
row_007621,0.3844323226067788
row_039911,0.15778041474519158
row_016009,0.28759621044470957
row_039901,0.16634747660331484
row_002235,0.29098106856327627
row_037722,0.3989660698329855
row_024617,0.265193579118351
row_008351,0.4143072684171576
row_045255,0.39874177102772124
row_021964,0.10363296627290919
row_013077,0.1473323525029742
row_049297,0.17971035001041166
row_014076,0.20104260748181788
row_044129,0.4372298545670852
row_011118,0.24532130260716764
row_001987,0.14320423800344775
row_038344,0.17377282032769423
row_042399,0.3801249404490812
row_032619,0.4207464807890277
row_042740,0.4017289683166994
row_048441,0.1304872542347966
row_040482,0.4932968110688033
row_011668,0.4506206596870925
row_022379,0.383470061509518
row_018919,0.18656121132819706
row_032769,0.39087576840173094
row_006373,0.209038646701991
row_012360,0.16712782994122893
row_048287,0.1790958945136769
row_033116,0.26913843385773706
row_026309,0.12868758411516068
row_043914,0.3806861735478767
row_003649,0.3453819597592664
row_030512,0.2409896060066401
row_021404,0.1703908997768256
row_027840,0.3346712696375695
row_011552,0.3042814449681663
row_023367,0.32816288633515445
row_018762,0.426119352316011
row_007098,0.16224461103736673
row_020186,0.3912722682777987
row_004122,0.46829995953146564
row_043853,0.12155139819080994
row_036418,0.38378020383332845
row_003294,0.36124837113699815
row_049875,0.30769950734842927
row_016028,0.10132216909128935
row_017594,0.1591740308859988
row_017379,0.2585827277555744
row_035828,0.15570329599632043
row_005630,0.3614103316969134
row_040549,0.4097360638654023
row_045964,0.295832411443539
row_043541,0.2823729877715322
row_046971,0.2748179677543699
row_032091,0.33219578942672723
row_015634,0.3277626481632525
row_037429,0.37174122719155667
row_024731,0.2446237351077273
row_027215,0.1343044589383805
row_025974,0.33024411307343243
row_022887,0.21509907800899314
row_031731,0.127803601951078
row_036576,0.2071226598645652
row_002363,0.2853020078896424
row_017211,0.31749489445605167
row_012643,0.12629000760426934
row_016017,0.1313504349461357
row_048482,0.33666917825969334
row_014407,0.42255668159827264
row_020283,0.28353488193845083
row_033275,0.38647084989070357
row_027216,0.17858754506337204
row_006589,0.14962670015624976
row_000652,0.23056391172711846
row_037023,0.2808143265479075
row_038182,0.12753049708945946
row_005707,0.1265956141321709
row_019013,0.22178449320143123
row_014672,0.31792361857899365
row_000136,0.3388318260149564
row_032944,0.17144594261575635
row_030615,0.1068020992695919
row_017663,0.12755506834045247
row_020384,0.25384026370255824
row_008825,0.24381449104092714
row_021165,0.2789287443195056
row_030669,0.20510469646870103
row_033981,0.37518886993809997
row_035438,0.11618737911135771
row_009646,0.12955255851176772
row_011283,0.3601025544040183
row_017342,0.13038160740018956
row_015453,0.3441647894395744
row_039125,0.19957171763520795
row_047725,0.13255310452731447
row_001627,0.295834077740604
row_049809,0.14097847647794065
row_036732,0.16624446258628953
row_018528,0.3491645007564291
row_023679,0.08371370501052697
row_043352,0.4268440244691883
row_049296,0.46127060729128544
row_002345,0.4657365744591345
row_012858,0.42571292889152684
row_026956,0.3100095239354156
row_014083,0.5395312425536917
row_035046,0.39221846350242057
row_044522,0.12928435564620364
row_019090,0.2510690416972581
row_047830,0.3417139006851356
row_042370,0.38866547311158406
row_049606,0.28090429729019495
row_045637,0.26525554230490417
row_002162,0.3837290832612329
row_017421,0.23226804046716248
row_026017,0.26902225141312486
row_002904,0.2544824215366322
row_025788,0.2225394149588502
row_018020,0.32198023129775943
row_018494,0.19465707211232955
row_005305,0.25475977835934366
row_047793,0.4224162212209947
row_047605,0.26476195743955033
row_012113,0.3492059277431409
row_028374,0.3809532283617007
row_046552,0.31353004995959416
row_018868,0.35147647062141835
row_011843,0.21938870782966965
row_042139,0.3216659352403959
row_038318,0.26185130424781633
row_016349,0.23149439050352336
row_028485,0.3601975860270735
row_039382,0.38528632361974063
row_002100,0.16809015861823529
row_020949,0.19522271950503875
row_009937,0.33431699359409695
row_033249,0.09433603690376835
row_019452,0.3204737194431898
row_031062,0.21584231775780363
row_020999,0.07761315047895043
row_007483,0.10918175354442937
row_033822,0.42427932282020775
row_032076,0.13305172267202817
row_044048,0.42370029463304787
row_019333,0.19262063664397627
row_033740,0.24514965926765872
row_039589,0.18358847431831296
row_047194,0.16354510149928267
row_031527,0.2697317739901352
row_042621,0.16032030088293037
row_023289,0.15868782204555693
row_012779,0.33457953456299216
row_042120,0.38130815409578833
row_047608,0.16545283173023898
row_001274,0.1932403452666399
row_041910,0.28386981197917605
row_031451,0.24434096955705473
row_038099,0.353706273501717
row_016081,0.3026426780149842
row_014145,0.10284216436529442
row_036012,0.44395663128696655
row_020410,0.15089495513373807
row_001239,0.1266681487429069
row_038673,0.23728662686117596
row_006199,0.2819472791560531
row_008216,0.15198082760672477
row_039381,0.39864833537553934
row_022124,0.274158468230353
row_040095,0.39608711139576613
row_014228,0.16952399416175665
row_007281,0.14624048146653854
row_001832,0.235020673814606
row_042635,0.19592435537971475
row_033342,0.20122510242150798
row_026588,0.18249104994281387
row_005410,0.10297556379263603
row_027742,0.20911952543386175
row_009297,0.2820881712123086
row_047999,0.2253891003555668
row_021713,0.1470943652787302
row_021736,0.1584547893636672
row_000683,0.1705020138855524
row_031155,0.2688259188290317
row_005954,0.3636206056034167
row_023912,0.32155117274240663
row_019907,0.19261326051347658
row_014064,0.45083741116428505
row_001587,0.2660570993808714
row_048134,0.33636163316875667
row_008588,0.13769299791246295
row_002575,0.285356076399192
row_008181,0.28727718085317844
row_025078,0.12927263220135857
row_019089,0.24327662394267457
row_033401,0.455207604659538
row_003760,0.4496146062590006
row_010277,0.1930154744085267
row_023477,0.34051522650564975
row_030877,0.2456680582721437
row_016325,0.2059636704916097
row_001601,0.3879639343596813
row_003969,0.1596450231188268
row_047592,0.1683146269362049
row_049466,0.15598787611140819
row_015112,0.21569280304100272
row_015204,0.30743379198518805
row_046611,0.17093006153895363
row_044908,0.3587128726876537
row_042710,0.29514070039608326
row_042521,0.33730005148869746
row_036283,0.11166532063072142
row_033726,0.1550877736744873
row_017638,0.3667505795227092
row_010292,0.39261574397457366
row_023550,0.3347979035473739
row_016626,0.16189054669214895
row_005975,0.14514466314980193
row_049639,0.32354399217841806
row_025045,0.4584310785920772
row_014025,0.11518393946047834
row_021329,0.13131318625894897
row_046925,0.11096243058067039
row_032164,0.1610830071862721
row_028498,0.2731773652421274
row_028979,0.39225303012414303
row_017519,0.3661805323579141
row_034608,0.41571309467135525
row_013732,0.24066014549761702
row_024374,0.3613575175711499
row_029497,0.33197658019603277
row_043269,0.17907586633436573
row_029244,0.2635081783947494
row_045351,0.20655408141886547
row_004195,0.2625979106628745
row_032421,0.3259323473900555
row_045037,0.22362492609355028
row_014075,0.2419271281191773
row_005431,0.28379899143342724
row_045234,0.37138857853506985
row_023471,0.2845141657839185
row_010511,0.24846469305444321
row_045406,0.18210018628738647
row_027719,0.2690084784654418
row_047828,0.33812613404683856
row_008611,0.18090169573825346
row_042330,0.41084668846535577
row_002215,0.18654580068020785
row_045813,0.219011892759321
row_008540,0.30699118620706906
row_043816,0.2434894441156016
row_002063,0.3103506361123333
row_030880,0.39700402213836683
row_034258,0.46465675232616044
row_009086,0.42040083403805445
row_012359,0.37487507859684555
row_018106,0.3711000368319815
row_040815,0.24902182589788266
row_045389,0.41016299355238034
row_040569,0.25748915388673455
row_001175,0.16825196692228547
row_015292,0.1324691345032291
row_023325,0.3326115814513576
row_010794,0.20692643653049733
row_032594,0.331926559222825
row_034037,0.2600125183664035
row_038867,0.4399200476355188
row_022689,0.18423401592146424
row_036539,0.13822417356438224
row_027445,0.2172319899614944
row_009113,0.20170225937557004
row_023065,0.33351278802011103
row_030557,0.3397793245193541
row_018044,0.16065854227021234
row_011754,0.24099991917715732
row_017873,0.0912881599820166
row_000103,0.2749324078139424
row_030989,0.3092305788396921
row_013921,0.164970241048218
row_046716,0.11886339280103549
row_032696,0.40159989359212
row_002702,0.09974396307388404
row_034297,0.21086139913960092
row_030942,0.21469571021557002
row_029692,0.34974561532309334
row_046088,0.3382328738569999
row_045710,0.3266576435407634
row_029464,0.3477433940716913
row_041778,0.1580312215671397
row_025171,0.3009447550781076
row_022851,0.34602824310304675
row_005054,0.29239082091019275
row_040899,0.13378494011390582
row_023531,0.40773236059099127
row_049425,0.41604095108190414
row_040125,0.24765275478282564
row_031658,0.20417982562103332
row_012523,0.20365239892344061
row_034381,0.46336477028519063
row_023310,0.19708334030684152
row_015664,0.4236330369423359
row_006176,0.11563167859328291
row_027559,0.3385183875686529
row_033885,0.43404377680069406
row_030194,0.20434378541987652
row_036989,0.28451668906966593
row_035530,0.3109668363273106
row_048461,0.3455352607076573
row_032286,0.32951149192686086
row_035592,0.09603680483686909
row_020373,0.11657363437322275
row_029960,0.2031832490233134
row_004277,0.27747458583877116
row_008303,0.22685757313911162
row_024587,0.19653394440456098
row_044576,0.4261048693911794
row_044439,0.2671905774586709
row_006203,0.13262533208185645
row_048064,0.18492702407190756
row_005055,0.372018164140015
row_005478,0.1848026368950139
row_038944,0.17999830422856464
row_005548,0.411517070793017
row_001182,0.190833338569233
row_005511,0.32436603645212797
row_031687,0.516948432619274
row_028446,0.28162065726423596
row_047355,0.10359067949856554
row_010287,0.2638382046831428
row_009015,0.3160596225712263
row_001687,0.1671798047969104
row_035888,0.3568951204068286
row_019232,0.37769596162143515
row_011631,0.15262882750019946
row_000824,0.29138303284956124
row_009329,0.13391801003361684
row_027271,0.3480328081093938
row_046927,0.22087051559134177
row_009966,0.23821146977336263
row_011060,0.3606021507124956
row_027630,0.4988982919424677
row_047545,0.3750907914087321
row_020745,0.2886246248290935
row_035934,0.2346585129727408
row_027051,0.3527156818917867
row_041916,0.3187795088807101
row_002871,0.30367536231445397
row_017056,0.13363165047851572
row_021885,0.4215722298781101
row_009998,0.1681357731339216
row_009821,0.08177378031029985
row_021026,0.23423448160696309
row_005536,0.3801922619246473
row_000728,0.12937123092738215
row_014148,0.10218394835419925
row_028876,0.19666628083981724
row_003468,0.11988440175588709
row_004578,0.24403908352922138
row_039793,0.23610638712537152
row_048806,0.33880163773483046
row_017156,0.18246212422813626
row_014430,0.0979159898298459
row_028128,0.1757047182523464
row_032374,0.27006170231952736
row_047020,0.07602532944417828
row_005563,0.26914133863639894
row_040028,0.20514407750525263
row_038855,0.2396909933048781
row_034928,0.3079808406510261
row_034477,0.5078792802664863
row_002719,0.3809810357398225
row_021428,0.13197930770525662
row_030944,0.15061778351183927
row_003412,0.2417869170677316
row_040466,0.2699090470878017
row_001682,0.1724797046534759
row_019919,0.2435964904095717
row_002937,0.38112394863207577
row_047035,0.3199706548020182
row_031732,0.12067434522418918
row_045977,0.33668045454831175
row_045106,0.10732772674129272
row_022228,0.1065638668269336
row_049542,0.14064938361911314
row_038421,0.21520462444101607
row_020518,0.16452142891883106
row_046632,0.2264077439430382
row_018146,0.13797692292734687
row_023579,0.23914495782676573
row_040791,0.338684088009003
row_037081,0.16515976364830368
row_013444,0.15723871359509617
row_012609,0.4152672057223814
row_022616,0.43989583609297134
row_030124,0.11731099575508197
row_044997,0.19679831046797536
row_005250,0.4061625024867482
row_043399,0.09577863111111623
row_005332,0.26597990828234985
row_049952,0.17366898816220355
row_030066,0.3070994698522356
row_039871,0.297423064938637
row_038119,0.11345434674322652
row_009529,0.22572308576090153
row_047277,0.45051955392060594
row_000678,0.47804891124879484
row_011821,0.2955211769418304
row_025034,0.4353545582624451
row_032414,0.14920589420979502
row_047959,0.2846662865467048
row_025256,0.3620599985435142
row_044162,0.24593592874274472
row_033975,0.09220690470733986
row_003056,0.32073170836748116
row_007932,0.32679146355289435
row_007476,0.2812015258035245
row_044248,0.3461041248452114
row_015715,0.16764335609322042
row_045842,0.17264092858356558
row_040748,0.371003522639574
row_048801,0.32729419427581163
row_026352,0.20544844976158427
row_023727,0.15619569261380167
row_023176,0.16101984556663373
row_003718,0.1422632283306445
row_028977,0.44713338714762646
row_031023,0.22101000413264693
row_029616,0.32090498329918754
row_035919,0.4570037561785734
row_006267,0.14616266941976344
row_013842,0.33587401474680206
row_005539,0.16032144248622435
row_010749,0.3382140511875559
row_004141,0.09622206472724223
row_031094,0.11475869477845971
row_027343,0.18314999205070673
row_037716,0.33697288323500213
row_005176,0.16998343013842618
row_034413,0.34618771803426324
row_015548,0.15688710603583045
row_003055,0.35623808719164973
row_006218,0.13308449985377632
row_018270,0.14416876459557107
row_008204,0.3553610812645129
row_012782,0.5078525906114274
row_037446,0.24777123097579204
row_015677,0.3546132727079325
row_000891,0.17533172178821307
row_013478,0.2403105351847436
row_013252,0.1689512091329123
row_000227,0.14665678575279303
row_008780,0.26355430094985793
row_042801,0.4588487534456083
row_037290,0.21106342750869045
row_001369,0.19703581320955524
row_032275,0.22610182576304716
row_025036,0.40418201892621036
row_011595,0.18503055893689258
row_039064,0.26312826445201587
row_006449,0.23843299087885977
row_023410,0.44517764423420175
row_039068,0.28970394652249454
row_018284,0.13322883121745244
row_022826,0.38384623814614305
row_047617,0.3307479102264706
row_032869,0.24191833398479784
row_011325,0.39537505197743344
row_004840,0.3727485963668763
row_000594,0.34954915964305355
row_018331,0.24111962053342742
row_032061,0.24787048502712183
row_020097,0.25949796618476884
row_026102,0.44603083578443226
row_037168,0.14306739085800585
row_009938,0.11422796998360914
row_009523,0.13569717499603803
row_034691,0.17816102753145285
row_017151,0.1413895559571801
row_006874,0.15361192027423273
row_005008,0.4224516861741565
row_005178,0.29410655082553205
row_002051,0.11637144123417487
row_001261,0.27733545960929196
row_016144,0.31369018494662965
row_008817,0.12297729745890151
row_019148,0.18130099862395166
row_028678,0.22198198709543043
row_003335,0.31942767320874377
row_006069,0.2152542547953073
row_046472,0.34598260073322284
row_043010,0.34685631242476866
row_012674,0.08590607812944367
row_024370,0.458696086756989
row_014388,0.292874658177992
row_002105,0.459691161597085
row_032558,0.2897723141763194
row_039074,0.10294836472842724
row_040862,0.32640279627072866
row_041361,0.19839514180836923
row_028735,0.2899308470420496
row_036812,0.1398794385204673
row_047760,0.430595458519384
row_048469,0.3270194833284449
row_001607,0.39188325559823073
row_043651,0.3469392929148173
row_028969,0.4651471571277367
row_023979,0.44787268393063284
row_039458,0.23258001331266795
row_022272,0.10254457176502614
row_019640,0.14217345847040014
row_032087,0.3445663027693972
row_020929,0.3335577301751632
row_027940,0.33284115880112497
row_014974,0.37290354910413503
row_041681,0.18759127465316994
row_014556,0.19902876706310985
row_007193,0.3455751874545522
row_006495,0.22474584908981993
row_049464,0.23144765454424304
row_002611,0.13522397630616811
row_013791,0.2827549295542735
row_039912,0.17663913179574844
row_042672,0.1220879503766979
row_043556,0.12565745859256008
row_027929,0.30265788103457636
row_013336,0.40593798145316023
row_023585,0.144816039962623
row_000384,0.29234749386434067
row_042653,0.3932891076708557
row_005047,0.3778891538872704
row_035069,0.15204870169896928
row_032595,0.15928853566665044
row_033045,0.36106202970156037
row_030476,0.16955271177645354
row_007478,0.39462393188703926
row_012892,0.36132153994312594
row_036476,0.11962893454273132
row_006147,0.19058208613405792
row_045596,0.3601628270947772
row_003898,0.2650007371202684
row_031503,0.2803791079146876
row_031150,0.3303063663711187
row_019697,0.1011762292521177
row_005524,0.4098575114410443
row_012128,0.15369690469863448
row_020748,0.2171519216235491
row_039384,0.3366170184701788
row_026906,0.06859738700004166
row_006763,0.35211309373490407
row_003125,0.2526284523244348
row_031490,0.18312223285022775
row_012558,0.12042589514291385
row_014997,0.16227514628512033
row_016768,0.28932953965629993
row_012324,0.5794771994032666
row_017657,0.22586176131834856
row_018585,0.43257215243033015
row_030945,0.07964300228160794
row_027798,0.1757459093979564
row_022260,0.17764292842882276
row_018551,0.31930780601845454
row_001836,0.15631251131142518
row_020471,0.356925719350331
row_022543,0.23654373878385612
row_044719,0.41112931584579304
row_027847,0.11931616795279246
row_041795,0.1379730767609646
row_037978,0.26381549194357845
row_006086,0.35101036249708817
row_016508,0.2413718135970757
row_014597,0.30653459576570563
row_030193,0.27484406962996644
row_035746,0.24417119052465314
row_007642,0.2549304274464386
row_039697,0.16816419997897936
row_042382,0.17825916100094472
row_033117,0.17982849117549204
row_014300,0.3029071636874906
row_033744,0.4242286773781091
row_040074,0.41851571536273313
row_013067,0.18394786443331276
row_011836,0.10438985850003873
row_021571,0.2452272012399004
row_010356,0.1561476324406758
row_023933,0.4659077252597688
row_032278,0.19473772804883524
row_022559,0.139939382325889
row_027503,0.3471608023074203
row_033780,0.35286578856090955
row_002818,0.34758114624181735
row_008378,0.45399749579766
row_046279,0.282764525654029
row_008697,0.1084760146203
row_034585,0.18045843691362082
row_035296,0.4783780515102478
row_036355,0.40910013271934925
row_018577,0.15162078707013063
row_031166,0.2306230620433926
row_028445,0.2294055052590618
row_049009,0.2707407563618856
row_043700,0.14687615533312803
row_041799,0.13627857203206084
row_011207,0.10180675854773297
row_042703,0.1415147383132861
row_026384,0.4296947538335662
row_045756,0.33688480424645745
row_011796,0.4118277588285948
row_036362,0.3437815289057762
row_036773,0.14821606324828948
row_007170,0.3419090293418107
row_029221,0.1534594068348161
row_007899,0.3228428212343095
row_010090,0.2556715922909368
row_025548,0.16794764781421836
row_045478,0.27115369352852803
row_044298,0.25647237714720816
row_042531,0.13274416882705287
row_047230,0.3644452049866154
row_014671,0.12349150770005063
row_010583,0.2119859360512112
row_035248,0.1834525877289607
row_024040,0.3791718208508497
row_011511,0.13749330946429905
row_036235,0.11312584628663588
row_002886,0.35421372227434583
row_022824,0.36188730301369804
row_017527,0.3610309798613392
row_034744,0.31460297940088056
row_042953,0.40169917060347954
row_041257,0.10649218159898528
row_016120,0.13632531096395137
row_047993,0.22581975659381814
row_013746,0.3482898598718953
row_023334,0.09503470110674116
row_029955,0.2076695419240661
row_048979,0.23780118813896783
row_003843,0.23121814385724612
row_023501,0.42453334573499807
row_030352,0.4381852216023594
row_011330,0.22874652636067017
row_040268,0.12679106370802992
row_025177,0.21401843798602666
row_036375,0.13553243966996556
row_037241,0.15589116195024574
row_034947,0.29086307024274777
row_032198,0.12590641339234043
row_036302,0.1393179274842118
row_029825,0.30084893823058084
row_044878,0.2702841455708184
row_033927,0.15475909872293653
row_000252,0.22439968225570714
row_049817,0.16400351114550937
row_010728,0.263477440667573
row_045009,0.2613785007259841
row_044838,0.1665798079160795
row_030314,0.4047175532758528
row_014958,0.4246421469216738
row_046092,0.44869431505351826
row_004339,0.2061653183429522
row_009943,0.2898988071998885
row_005818,0.1568984600583541
row_023043,0.3766609911708714
row_002746,0.16693328028212642
row_030339,0.2966027524417078
row_022248,0.22249812912492684
row_003433,0.14359532934181193
row_034766,0.13193900981209453
row_004966,0.4322220360940294
row_004818,0.19107218897439127
row_040347,0.3460110406468437
row_036496,0.2835400398624826
row_002732,0.10598169162604465
row_004005,0.10091196810305139
row_047762,0.12629269001500396
row_042498,0.31507944043237873
row_018545,0.11975518576617804
row_011749,0.30212585699672234
row_017907,0.23669628398216805
row_008873,0.18442671542451003
row_006322,0.22149423210715094
row_013788,0.2971209026559541
row_024314,0.21875107944786418
row_028356,0.3098497740069701
row_023563,0.14664908702901655
row_031988,0.23685350311038583
row_041526,0.27256181078606195
row_020292,0.2934382268450552
row_027527,0.205068761619069
row_011281,0.2578960373993331
row_044242,0.381341440691207
row_033373,0.15936765438873385
row_014483,0.2896106625139054
row_027836,0.30769553652544623
row_032007,0.3776911548457974
row_014175,0.31002406755932177
row_032781,0.3857510336348251
row_008885,0.15370191825718596
row_042374,0.2892223250685644
row_020487,0.3316141505486942
row_013555,0.12312645256563123
row_025168,0.14428203757728233
row_026648,0.3786690311428488
row_030413,0.13423408944579704
row_012171,0.13671613206110517
row_004947,0.1505044436616107
row_045325,0.26406947759478827
row_008607,0.09935287146883617
row_035441,0.16384179341109958
row_012294,0.5310618812212605
row_040988,0.1321135960508574
row_030386,0.15709245416966158
row_031219,0.33784531017971003
row_030568,0.3721770364134407
row_013761,0.11207221576230599
row_015390,0.12985655090146134
row_029150,0.31937355839694703
row_045367,0.14696281578860018
row_017130,0.13985160710281505
row_030647,0.2204842117901695
row_021081,0.407359799277401
row_001394,0.3057521609717529
row_036569,0.4182301868990441
row_008496,0.2054463078682148
row_018212,0.26327501295379807
row_041008,0.24982241171348618
row_004659,0.23170832655560245
row_021333,0.12864837147015368
row_021556,0.3260947113658386
row_007368,0.37416792865326964
row_039090,0.24303442433820185
row_003671,0.15155648263231422
row_030918,0.15941432200919373
row_004751,0.2865823125264941
row_007432,0.15196809801510502
row_037450,0.18316423149688763
row_047718,0.35223676267119375
row_033163,0.21579463578573355
row_015687,0.23285317343242562
row_008302,0.20370312752472358
row_026751,0.34061441582010904
row_008976,0.2351012366606728
row_020702,0.37139195289090016
row_008653,0.34969356037530097
row_042394,0.28169546723843414
row_036602,0.4666267571938887
row_031947,0.11162658770810167
row_047409,0.38401448830213514
row_007927,0.3794009341650214
row_027531,0.20374257061379483
row_023712,0.30265501703510483
row_033665,0.3068554953802297
row_032765,0.15726748257004236
row_044744,0.17776896738768982
row_028917,0.12865075650103486
row_047402,0.3431479196314149
row_044468,0.11858743987106754
row_016824,0.41108645576849046
row_048763,0.357150517887804
row_015912,0.2582793726770045
row_007769,0.3067383524843359
row_026097,0.41226765049083913
row_011360,0.14217570966911552
row_046626,0.2669155424760429
row_025019,0.3834964396009739
row_007760,0.15975748789368968
row_021847,0.1438034485236687
row_007845,0.34510363431966556
row_039508,0.09992917700739387
row_016448,0.31407377756640104
row_031931,0.2569618863908689
row_018618,0.2341191145833335
row_046449,0.2738922607570831
row_040248,0.4012724725528341
row_039689,0.19043674271956543
row_038469,0.36190271861041223
row_015172,0.17255772901433564
row_020652,0.18979015114879408
row_027994,0.13959376494750486
row_017415,0.18017552184670718
row_024803,0.14503784656505667
row_027032,0.1039640015721834
row_024521,0.30986681178603537
row_030341,0.5124377384364627
row_014940,0.2503829378511058
row_016926,0.1438611048824188
row_047579,0.15699454847108543
row_044693,0.2784699236855435
row_004893,0.12130297637315479
row_036129,0.23897151758824262
row_020007,0.1961690977060204
row_004950,0.2129237340960054
row_008223,0.16398856192006542
row_024032,0.12986673212802352
row_047021,0.2274367861592854
row_041320,0.43826178426626483
row_034555,0.43193014939282653
row_016868,0.25722417727969554
row_034629,0.2613703067764133
row_043793,0.12224131282926236
row_040832,0.2580948562375508
row_023832,0.1648923793934353
row_026871,0.41307468095543926
row_018650,0.5131288604738232
row_021481,0.37559475236342305
row_031228,0.15415096411279597
row_028410,0.11513709310636328
row_021246,0.37855461723034234
row_008510,0.3993286790702428
row_006340,0.16003053772412376
row_021540,0.1400577151846728
row_030935,0.5019452819382877
row_014616,0.31578753433651285
row_000646,0.37315951404719194
row_008098,0.17158919249527016
row_044477,0.28340498530380476
row_012191,0.3011867152205097
row_043837,0.0806352316370249
row_044133,0.38746049308536057
row_045283,0.15698173237358654
row_037709,0.2225145248845847
row_033644,0.13409995414328865
row_027928,0.4517023971501604
row_024607,0.10909621205428356
row_035045,0.1252920723541542
row_045648,0.2636411609773242
row_024254,0.13964166778733567
row_048514,0.18264820487997274
row_033325,0.3901845050739557
row_005052,0.14490090605068834
row_044462,0.39320756154703906
row_027144,0.15108123171713037
row_020521,0.2614215072758279
row_042515,0.33025781777245783
row_030749,0.3303207944317448
row_041715,0.22538266296776208
row_028990,0.2918014555961614
row_033444,0.22372336519586908
row_025273,0.3632784322632788
row_034019,0.1375337234765284
row_014708,0.1691972953159325
row_029657,0.2644167029472995
row_039933,0.1824232677534161
row_010130,0.12278643993575912
row_023321,0.16957005438205502
row_018372,0.10943605551357034
row_027620,0.15766263036693948
row_010773,0.11912370420788031
row_027241,0.17863053076550994
row_049564,0.1314494026888815
row_007549,0.24482938524817138
row_026364,0.39967025980259596
row_021829,0.35165503738678533
row_048141,0.5462241763563086
row_046456,0.2031074615394983
row_045557,0.18836988110160469
row_006213,0.3399456182038255
row_039779,0.3685898264435213
row_028393,0.3301005153416548
row_002541,0.28792781163255793
row_040617,0.16302583349332836
row_045752,0.16641526056634287
row_005461,0.273131053553425
row_026023,0.13356333641530932
row_017573,0.31191067399412975
row_004743,0.4263942774264204
row_032237,0.2750719894000827
row_036468,0.38374673642189905
row_025376,0.3975154333814439
row_004284,0.2474179233444609
row_044768,0.3520743942352135
row_008811,0.21526760174478402
row_019141,0.26206106653788486
row_001363,0.3811831394852683
row_039572,0.33981435934827714
row_007619,0.2618565865763759
row_013079,0.10079097960167424
row_004875,0.2268654323332619
row_040709,0.3275751505880361
row_003538,0.4250722126693571
row_019713,0.32420051202526906
row_000382,0.2021601999333624
row_015346,0.12125812556097179
row_024867,0.23026610426161437
row_045709,0.3331659319137166
row_014325,0.44435344553255396
row_045146,0.3947950913094127
row_037901,0.1462266255376225
row_024911,0.30568661736682856
row_026331,0.20728794406325016
row_012341,0.2987087497086957
row_044318,0.37865932128516766
row_047641,0.3911873571536376
row_020669,0.2227447638176645
row_008578,0.26803717665678756
row_003492,0.30286907434707383
row_000770,0.2642913854470796
row_013481,0.33504290258008446
row_038807,0.16800611543106628
row_005394,0.2213778725172105
row_003602,0.23253361880054824
row_030587,0.14245231561651478
row_002173,0.12858704283243624
row_030327,0.417206844279949
row_040987,0.28525525592054723
row_005104,0.12647228741548242
row_002187,0.2967124829518704
row_037313,0.3293762386952358
row_026928,0.17157315298127396
row_011707,0.3555572798662987
row_039174,0.21257375187554536
row_048467,0.13652102043780368
row_034298,0.369148885115097
row_016828,0.17117465725288836
row_005612,0.243424292615231
row_036737,0.18347982424378315
row_015236,0.28584297740713366
row_021637,0.2613513574671911
row_012117,0.11748945844162803
row_018979,0.3506118145972759
row_019490,0.13207152523522595
row_030721,0.42863859327483433
row_023984,0.3631017310491562
row_003174,0.453831753413206
row_025014,0.16712844387970846
row_012165,0.13819961845759646
row_005713,0.3338495349342285
row_042747,0.26267677290258157
row_021863,0.13629283008582485
row_004323,0.18063639960881317
row_018557,0.12396041761086217
row_047980,0.2331608487736453
row_043300,0.1831016813000854
row_046451,0.1472059838886209
row_025878,0.13434220104919037
row_026433,0.28829336517177584
row_004093,0.36053057749799117
row_003257,0.3083446534631259
row_013231,0.32323583079488766
row_025108,0.24974345691694194
row_046138,0.1648698677333689
row_031520,0.35236148202439566
row_040699,0.47005457666718603
row_048796,0.16599329441955993
row_023641,0.1209947281296085
row_036856,0.26792586691751685
row_021159,0.46602327667749244
row_009911,0.20991520035797756
row_022224,0.15880303392725814
row_035129,0.3463145152182238
row_044070,0.17226340853003413
row_035457,0.3899645214720167
row_022180,0.28463777726218537
row_049333,0.43947933174620296
row_049062,0.5135318416437462
row_001514,0.20004862511843496
row_025319,0.25345545616284815
row_008605,0.17186586910177704
row_004134,0.11975192005634906
row_019126,0.11528007642471245
row_000918,0.3580469786067432
row_041147,0.26776981579704895
row_002714,0.3887355962613119
row_040408,0.21880106652101758
row_015709,0.12877972900456805
row_001785,0.3302266835309444
row_044547,0.2526924406343692
row_047251,0.3974366699402252
row_018662,0.39809683084384956
row_010229,0.16429000900661572
row_035548,0.19446842019605357
row_026556,0.20462006730968726
row_042094,0.13746915802569507
row_028754,0.2611378194329884
row_037352,0.25859088352876336
row_032439,0.1104875422540632
row_009868,0.17827862090593088
row_003258,0.26487485982258535
row_028902,0.3381662884056911
row_008056,0.3522017178676196
row_001700,0.5282610180159238
row_021268,0.15499484162094943
row_024913,0.3833688953295014
row_030614,0.3395661471069608
row_037010,0.3158395989133593
row_012379,0.3601401039358611
row_030507,0.2387706277978934
row_024282,0.1592233620285101
row_028866,0.1999283388624464
row_037036,0.42859763266658846
row_048375,0.14171342576228804
row_005395,0.41073298446879025
row_044125,0.26977750737278583
row_011674,0.31125918248186263
row_004217,0.37240472776554223
row_005564,0.5186926129133754
row_012115,0.28564626069990323
row_034615,0.28792492211018655
row_002161,0.261548221588054
row_034455,0.21614504825851003
row_040073,0.20691390398637016
row_032950,0.07709129980478674
row_025755,0.36050968666491745
row_045424,0.3112081432750794
row_012527,0.35461766217976365
row_021681,0.15224308673853856
row_016692,0.3155775177898612
row_025772,0.3215706355598587
row_038218,0.1331686856871433
row_031651,0.17511919027025163
row_046522,0.2767259394200292
row_042433,0.215215610332617
row_043727,0.10104222279673836
row_043925,0.1771632296800434
row_017419,0.29589779868731714
row_049374,0.32436488776992434
row_031322,0.34841723580886436
row_026257,0.1155477265191339
row_017839,0.27450533795861987
row_020404,0.18692311947942747
row_034787,0.37268808534343056
row_039786,0.2666976089439232
row_036428,0.15681520755416595
row_029171,0.5127298461282459
row_030635,0.15080268141213662
row_003823,0.16926080869428986
row_009185,0.338935586966438
row_038198,0.12813249705102117
row_037647,0.22921724844299796
row_010935,0.27761078417347224
row_020346,0.4009193206466726
row_043682,0.2846812370570125
row_019841,0.4072089322786522
row_018104,0.4270016290105544
row_038415,0.36944908193012665
row_038157,0.21948978392692778
row_043247,0.2356861985446735
row_031191,0.45789068585898945
row_044117,0.16639745714839996
row_012235,0.3911472680109236
row_010897,0.23494374963991724
row_045179,0.16987094969604963
row_049242,0.2928888001303328
row_014874,0.15834417855604346
row_010156,0.48636819212750043
row_041554,0.15572328947144246
row_044368,0.1312608232640585
row_035730,0.33074797266357464
row_018709,0.11565687818714393
row_044575,0.35813330047086234
row_018977,0.09678280806015323
row_023536,0.3565149556810887
row_028813,0.10790091604545171
row_033309,0.18983603292986131
row_003640,0.14176075929597418
row_009693,0.22622626735061363
row_021322,0.3964795010405762
row_013734,0.14169380562830527
row_006863,0.1743674974641483
row_039725,0.3545713074063227
row_046457,0.13770197140784085
row_036728,0.21113421738170404
row_035389,0.12265734917679419
row_018278,0.3381053910179598
row_007595,0.2072861980289104
row_049756,0.1031623430149703
row_020345,0.32903182205236514
row_014909,0.36893644751132265
row_006638,0.3164100369378037
row_031192,0.29694555862358857
row_037013,0.2380826696644565
row_049100,0.3128796293669511
row_020298,0.5059523167851655
row_034899,0.3142723405822121
row_041383,0.3272416809521291
row_028919,0.4556317299683779
row_022511,0.4752631651381448
row_016123,0.33273491558218826
row_045901,0.29392827563946444
row_031785,0.2367051762925603
row_013715,0.3350666448382448
row_044852,0.2085320058799286
row_039034,0.24782379600606105
row_011570,0.31409644209407683
row_019964,0.3460694564392234
row_031565,0.3575264559275147
row_019015,0.1281937668780706
row_033887,0.23412903253968642
row_032597,0.2552305346547063
row_000376,0.38757568913267393
row_034112,0.29410619819119876
row_024616,0.3945623230182694
row_043388,0.11857065499550574
row_020614,0.24631559844671927
row_027260,0.31758202559553544
row_009202,0.1273468130358896
row_005266,0.2900524785935228
row_025501,0.4158388412120381
row_038702,0.19190462109831105
row_046025,0.11620203676691276
row_046185,0.5132424116056884
row_023883,0.21986795734099923
row_017604,0.4321112855230592
row_011541,0.18022577512915242
row_008665,0.24779266749219286
row_012231,0.1793293083089428
row_039095,0.30635410676064934
row_016634,0.15508275692076853
row_041542,0.4290040087460184
row_013895,0.3988086022127885
row_019440,0.3336089236428581
row_000432,0.47758952508468805
row_009837,0.25574960601117025
row_011477,0.2960987098447416
row_033926,0.37259457506000104
row_039834,0.11025625753218825
row_028933,0.3260301310974515
row_014028,0.37757507207063845
row_001196,0.2567766828973672
row_003562,0.19669062298549433
row_002803,0.21956125394853432
row_039659,0.33757497983842616
row_039982,0.1763637133112041
row_009397,0.2464889374042594
row_006436,0.1286450542944783
row_027472,0.182863984818877
row_025398,0.21369588256805327
row_020103,0.1173981297577529
row_016261,0.24597981272006764
row_029710,0.25458085743517794
row_047850,0.1369750955891739
row_047997,0.38092254119979985
row_026480,0.3133588227621993
row_044554,0.3482907255125665
row_033747,0.1787981291098222
row_015104,0.36047742028040325
row_006304,0.11575915342704961
row_039038,0.4116901476435529
row_033180,0.1442049012907208
row_044484,0.4239841049882254
row_047077,0.3573083867658222
row_032139,0.14244522106473784
row_026190,0.20710803759903956
row_032171,0.10298633869268523
row_044312,0.19084375876504903
row_004563,0.33160811605492124
row_045042,0.2771680013782542
row_002434,0.37452764220714047
row_013577,0.1531541504199493
row_020732,0.1882027459181845
row_001361,0.41505084721877883
row_039923,0.17773395095311867
row_046840,0.22650621028376222
row_003964,0.5040996687128109
row_035170,0.2147148682742897
row_038400,0.2745390664994787
row_049402,0.2413758960906912
row_020172,0.4864221808077192
row_036526,0.20331937670536532
row_009477,0.16498886998181342
row_016601,0.25052438051476356
row_027278,0.22106574244355404
row_002899,0.356543793959829
row_012712,0.34265265087096825
row_036464,0.1710905906461955
row_029675,0.13535324534336907
row_018669,0.3359671547776422
row_033055,0.14791364615750147
row_005684,0.3957627793006891
row_033427,0.40445943651847516
row_016531,0.23594903739976955
row_030312,0.40731648209585813
row_007173,0.12959157906107469
row_013264,0.24385470534140913
row_013446,0.08960293015088466
row_037795,0.2821638410284219
row_046375,0.3690144853816285
row_042872,0.36158435796236094
row_032036,0.20745047319185572
row_025184,0.31597122864246996
row_035169,0.30120340238317694
row_017924,0.4290263357929618
row_009335,0.23442297382897034
row_011243,0.23911423519339162
row_028759,0.14166583121967585
row_044631,0.13556626208722689
row_011534,0.44314523438571773
row_040607,0.19042575125369682
row_002019,0.1923980632012182
row_019068,0.15967853251648978
row_032618,0.3905838846353163
row_038063,0.15755779163585895
row_042687,0.14929274112769542
row_040382,0.1479877394743625
row_020888,0.14666466706136483
row_036159,0.3162384613159059
row_028749,0.30913347199229496
row_048927,0.22333417213000475
row_048259,0.19574221396560368
row_038365,0.15346472090849125
row_048654,0.3243322947999926
row_026584,0.11540843698954753
row_022599,0.13475086111657145
row_038717,0.3416276641374591
row_028622,0.1120362382428196
row_007958,0.22891424553449316
row_035816,0.23274940326053964
row_047881,0.673630086591239
row_001276,0.41251705686434187
row_049901,0.32198835702202183
row_019222,0.16745023707260992
row_026998,0.34994331538176277
row_001449,0.12204568165853763
row_007244,0.12443132375068301
row_030008,0.46503885013633217
row_044669,0.4910982533988524
row_005045,0.3864130039627648
row_031714,0.16289349410616893
row_022188,0.364505599327384
row_005264,0.3702215384463241
row_001881,0.15510224929916014
row_037148,0.5234986211126929
row_013352,0.2503592370981464
row_008954,0.29370136609655095
row_018051,0.25173175332069725
row_009472,0.1207199240969064
row_032863,0.23601633681215708
row_048394,0.22530703491784335
row_034097,0.3228649278114735
row_007464,0.3456511070224375
row_019163,0.17103269100004517
row_018507,0.2886470722733233
row_049214,0.17646614688811119
row_030018,0.3157966084890348
row_024635,0.12976298807933356
row_008799,0.34132228434766315
row_035260,0.22277843258344615
row_006606,0.3019142068601116
row_001038,0.4129074439159105
row_036285,0.2569559282377386
row_011328,0.3038007224428349
row_011098,0.11602275456431076
row_002407,0.265525745991416
row_015764,0.2888137284285555
row_032641,0.27200763677014334
row_026094,0.38223154950506133
row_042593,0.413591420501955
row_031553,0.5135502750453265
row_001210,0.2765125266730746
row_006319,0.32239819994787733
row_043555,0.11651923692522669
row_008398,0.10024373002411174
row_017229,0.32708275173501
row_031460,0.26952063376982033
row_034556,0.2079801215793529
row_003311,0.15628194386236882
row_023435,0.23232101518269324
row_030872,0.2082574114888225
row_012794,0.12213904165648767
row_032300,0.18818967454741173
row_047110,0.13545035056685173
row_022078,0.41127580512113715
row_029265,0.14648209108999702
row_008919,0.21229736583943015
row_001101,0.24698222312585758
row_037702,0.3732598067293078
row_022671,0.14292674233586017
row_007254,0.23563674559235218
row_040264,0.1296500691729278
row_027835,0.18834333679218504
row_013322,0.08320481237337088
row_028798,0.2496083510564863
row_014281,0.41066823867852376
row_038649,0.37636943424593305
row_019653,0.12542016354998078
row_002787,0.2596726714609852
row_026979,0.29095098950430015
row_039601,0.3673070442505096
row_010523,0.3865789258511083
row_027291,0.16398593396261066
row_035044,0.12288650926518108
row_048784,0.2796418792097038
row_007680,0.11310043668004947
row_000777,0.14124932286754452
row_048996,0.3130393016164141
row_016425,0.2609844296671448
row_012230,0.17365929005700595
row_027921,0.1067929787077481
row_047779,0.4169890969793442
row_048766,0.16005393929266373
row_020911,0.2816438106858047
row_007052,0.36284970592574084
row_007442,0.327376508624114
row_005288,0.19286121521985397
row_001494,0.40920407285267085
row_015582,0.14368103796791407
row_021970,0.11850913136629064
row_042418,0.14767254187549733
row_047236,0.3758639321491427
row_020060,0.11189892931449762
row_023282,0.2827809163961624
row_014639,0.3092839648880096
row_004194,0.11858033527416575
row_030607,0.1084092573129331
row_028133,0.14528513950404948
row_045262,0.3355147983678464
row_038205,0.319288199257966
row_014907,0.22437478003238676
row_044159,0.24776613368371755
row_003668,0.24399174153532813
row_039309,0.34582007473225884
row_034548,0.12682521330724503
row_041740,0.11138451584137407
row_015797,0.15519184970084043
row_049848,0.28359736300780264
row_041448,0.3416937526328378
row_020550,0.3335500520113656
row_007935,0.11256215525069381
row_002497,0.2589598939237419
row_045789,0.2541256745496209
row_020241,0.1865136135430932
row_015227,0.31777199871732936
row_033741,0.3157819305198998
row_042590,0.3827715095555118
row_033650,0.28692482927268387
row_041643,0.30543939011392196
row_017683,0.3532243114675523
row_010509,0.37274612281065106
row_045971,0.46358155962063463
row_026689,0.07283977316961619
row_027567,0.3478394782015417
row_006645,0.11101371792964512
row_029371,0.408365684438631
row_042814,0.22085320495129465
row_045805,0.23813164656185443
row_020848,0.36165766759670614
row_000650,0.1541048432254764
row_027534,0.1784449703405532
row_033671,0.4184677086741337
row_040674,0.20385707507317777
row_025291,0.11902952588632512
row_026765,0.3052639144148673
row_030605,0.17659615611317347
row_003919,0.15309639760163749
row_022136,0.265950463369015
row_021104,0.49168560871448963
row_015344,0.3379569083979122
row_005760,0.3435185431888542
row_002880,0.12310683437353706
row_014768,0.20074243372414452
row_049650,0.31094069709058764
row_016375,0.2723712354752536
row_039317,0.15146017175551652
row_011830,0.16553346988524792
row_004930,0.2326133427727911
row_017411,0.43836998989626236
row_021363,0.09235746492012666
row_045625,0.4857264502659395
row_036005,0.21363573622912144
row_031755,0.18243045224815072
row_012743,0.3286310995948427
row_035727,0.3022254891197808
row_007408,0.3561371481519479
row_019227,0.3241847378967833
row_021680,0.25863595265161854
row_026260,0.17544008216689483
row_035357,0.41496381040857205
row_046156,0.25289925847699574
row_048890,0.33711864858887053
row_027125,0.2194970764453116
row_028916,0.13455768244372904
row_037758,0.12612976330115186
row_023336,0.44466071708891014
row_003134,0.2182915864612926
row_025876,0.22930796704177686
row_016077,0.41022591659436347
row_041811,0.317183651719949
row_042661,0.16491890804820225
row_043454,0.1439929864730187
row_030329,0.20455997829806372
row_026738,0.3428477619114917
row_041510,0.37105174108835104
row_028197,0.22764180423634225
row_013777,0.3366129242120594
row_014969,0.29300458493463477
row_000120,0.12845214830368062
row_006886,0.17360593327682208
row_023163,0.37429661121011976
row_034579,0.16376726082953777
row_006311,0.351930692363182
row_046758,0.16790265868684204
row_016777,0.15842621195314524
row_025940,0.15280904142460128
row_023135,0.32908300522776246
row_003320,0.2944128249975359
row_016109,0.4399265370816946
row_026643,0.106715038605714
row_008382,0.4540318796004138
row_024175,0.48935880736997883
row_044598,0.2635787041569427
row_028018,0.15077646609246162
row_006703,0.10285071880782228
row_011589,0.34097652320394045
row_001467,0.14764175751994502
row_035099,0.24868325811197042
row_013696,0.2727330377991235
row_010912,0.1790313937866506
row_021264,0.14478016206130737
row_044164,0.20307833262135
row_037754,0.14275698703039974
row_021147,0.2706644984926615
row_043942,0.13454919040683885
row_002550,0.1713898921814321
row_024808,0.1676712176900858
row_023378,0.17811411910039365
row_000962,0.18026416500301012
row_000066,0.20792473250951637
row_006767,0.25804142191055357
row_018120,0.16808327574197085
row_043045,0.22133862574622243
row_012159,0.19093476505443246
row_007604,0.09107215708821777
row_037833,0.10977146202242719
row_004911,0.13847909634788125
row_026912,0.11248180232755156
row_042898,0.15220876739573344
row_043877,0.12469870279980141
row_035475,0.26556411092942295
row_034518,0.18335974786105907
row_042722,0.24315564342975524
row_002216,0.49255664893338397
row_038146,0.2928190769732068
row_016308,0.14808707417709482
row_030573,0.1597889485407307
row_000308,0.13849750776719505
row_006835,0.18917660946215617
row_038317,0.4200547825984414
row_018033,0.3050166580784523
row_045344,0.14145304696185765
row_031311,0.20343919867804536
row_033788,0.16781988875594722
row_039516,0.21533317859137993
row_028257,0.2184424771906853
row_005353,0.2638946027612187
row_011626,0.1532498252639297
row_045932,0.12602144969375662
row_024520,0.35548602590064304
row_033472,0.43480191770452536
row_039005,0.3198990168143241
row_039658,0.5075095433547001
row_003247,0.38137061751894613
row_030446,0.15869366030497456
row_038849,0.12795899351050263
row_036248,0.26012472061512254
row_023547,0.11504974971808264
row_044465,0.2840321715303798
row_009631,0.16691737232727102
row_036549,0.07510017725252757
row_011499,0.12822182308267363
row_038890,0.3258864546427051
row_014741,0.2778865951973812
row_043836,0.28916769181290986
row_019426,0.3554334535104003
row_018345,0.16222916517838012
row_036673,0.2206418324176451
row_041364,0.3144000754378495
row_045196,0.3774539357752248
row_010531,0.39519537335987787
row_022236,0.26755031364031917
row_033244,0.1264494801809946
row_014507,0.15446516206698066
row_019805,0.3405894172726791
row_008440,0.34291131609106107
row_033503,0.16202720708329285
row_029688,0.2336976570659103
row_032375,0.3188824412508774
row_039331,0.24964339515691505
row_016834,0.23514483604138117
row_010793,0.2812324420789663
row_013060,0.344639116392461
row_009885,0.23912291305015249
row_029760,0.3708830207595047
row_035387,0.3796889264595574
row_048365,0.35259587505090406
row_044892,0.3342379701543724
row_028882,0.34129503784665755
row_037781,0.25805356288388553
row_047301,0.27658750053277065
row_014570,0.21570321399462222
row_023409,0.3383788196581035
row_026737,0.10970942902359469
row_031284,0.32041379049552837
row_038637,0.3382343331297499
row_009395,0.12395214077865525
row_015475,0.32733839282359406
row_041832,0.3406704436642706
row_016011,0.16128545011070972
row_024156,0.21131858732226377
row_041350,0.21866659786684345
row_002360,0.2593280215160348
row_010117,0.09534462572139539
row_013631,0.17424739318207663
row_009060,0.3883884937064736
row_010278,0.1051654363272926
row_009214,0.19223755425473893
row_044790,0.21500564792236393
row_033936,0.12437775278848899
row_003995,0.32251127886735803
row_036855,0.14154943767687023
row_026878,0.29380314966767734
row_022712,0.2024451993050469
row_026069,0.21717680097759814
row_009762,0.2082863733712896
row_011778,0.22630733182754564
row_001272,0.14282454241452483
row_011485,0.10352808561175557
row_021260,0.2076332440232945
row_002557,0.20014417306536714
row_021225,0.17696732554734837
row_001580,0.30035119786722236
row_047155,0.35552205496048017
row_018362,0.3622558126370651
row_016978,0.34448359665591566
row_031717,0.2980111611032556
row_034821,0.22113807305860622
row_039691,0.14354404466590254
row_018116,0.21347202226313824
row_025130,0.13837466924868477
row_006320,0.14012402496868523
row_047598,0.4877306278870015
row_026710,0.14605135753699328
row_044872,0.10336075842430792
row_010198,0.302600940882447
row_012939,0.23437453912359266
row_017624,0.4451531311135323
row_012491,0.21764251916962374
row_048428,0.33570274219574864
row_049534,0.30403202581147964
row_009443,0.15363585941967603
row_013890,0.3067323760365619
row_020111,0.13869753307453855
row_041966,0.3471054869809688
row_039909,0.11440412758191935
row_032923,0.23422033092950612
row_049634,0.2313839201266111
row_045671,0.06671583066124587
row_036209,0.3133500314959281
row_041702,0.1403763992099684
row_044195,0.2605335955407474
row_001036,0.2079537160645351
row_007019,0.16674582157297327
row_040757,0.2659108451841629
row_033884,0.22390150492069796
row_006169,0.34268985296452825
row_046706,0.23739948527184704
row_049879,0.15503696821091478
row_037934,0.21742031341507936
row_039340,0.24301073151438535
row_040380,0.21484809210267716
row_046450,0.3347370754440975
row_007950,0.1876676222275481
row_001120,0.20380810169349786
row_039884,0.3589508417298749
row_030025,0.14859676970305372
row_044734,0.2694094663051161
row_026724,0.24628490312129755
row_011302,0.36540321117265484
row_014775,0.34307954187605405
row_016204,0.28008049095936904
row_013847,0.35959136093364513
row_030032,0.11901639682562308
row_031852,0.19936958058774473
row_007941,0.2940685805264523
row_026131,0.39829324560243456
row_032549,0.44830915767641416
row_014684,0.14940403046748446
row_015598,0.2683831227266413
row_040514,0.3152688913239143
row_022061,0.26907965806453105
row_019321,0.41958890000728744
row_007236,0.41504016444624436
row_009093,0.221121124305099
row_020721,0.35533406282043556
row_022909,0.12000576659647091
row_009923,0.1683801116637452
row_024578,0.18497363619586102
row_022661,0.17496584907235888
row_026422,0.11563345894270412
row_039386,0.4274075594419829
row_046172,0.18482416396606272
row_049052,0.2717885302837852
row_042742,0.2831637544937625
row_004604,0.25891670149411955
row_012607,0.19386189665194037
row_032151,0.1345014288789326
row_034327,0.3709878213111806
row_012622,0.2329042666559534
row_001530,0.4364872592097143
row_015574,0.09725992882458469
row_038125,0.1475534925742512
row_043557,0.25314722549875335
row_029952,0.11615589923024992
row_048879,0.27600736605836074
row_000040,0.3267089898924115
row_011467,0.06848816290245531
row_040592,0.14839791247119294
row_019421,0.1522586331003455
row_047711,0.3402694991375364
row_048278,0.19971037103184477
row_039852,0.12539527434885545
row_028213,0.17900471079140357
row_030468,0.5098455702596032
row_039596,0.15472820544963076
row_034634,0.10968466787809258
row_024785,0.17781620823308056
row_030729,0.29108686818313795
row_045641,0.19427094027910932
row_032330,0.3042963445384241
row_010083,0.1434740328383193
row_006601,0.11237864519002488
row_009727,0.3174899238121986
row_038910,0.17901567249446196
row_032827,0.16894686412622767
row_002609,0.12293257669696114
row_028115,0.2581715148912994
row_009225,0.13322324595305063
row_006800,0.39013769136898846
row_024024,0.21620037271919318
row_040070,0.23788617156272795
row_030492,0.37315883285225887
row_038633,0.14742379835365887
row_016997,0.2100782203754141
row_017981,0.13857445585670108
row_005301,0.10974482754161265
row_022570,0.16463076673733887
row_026346,0.13351742594362545
row_001529,0.37663541359561825
row_013718,0.4120904289068496
row_020908,0.231130668760588
row_030837,0.2791876493607765
row_008244,0.13331066981031262
row_010483,0.15419412986134257
row_046650,0.4720036244104901
row_038181,0.2771754121209677
row_019751,0.3669975915340235
row_044178,0.35709202248727406
row_027852,0.11497578003653491
row_038793,0.1897735262552494
row_022636,0.2702972799811197
row_022284,0.4319268968472619
row_024141,0.40624340518835755
row_041271,0.160783855359622
row_025913,0.2252210613960317
row_019513,0.25680546656930786
row_031966,0.31345289442061314
row_035997,0.21904983840313413
row_042911,0.2594757036022994
row_026191,0.37558629368962876
row_000997,0.3405071336259751
row_002514,0.3364453944681595
row_047048,0.31814929927475083
row_002065,0.44819431668443155
row_048173,0.28114128865471144
row_028107,0.16276468857845383
row_046966,0.395041529233435
row_017860,0.14510664521237268
row_010251,0.18839083353464625
row_018050,0.2799201215544612
row_025456,0.15397370029022617
row_042762,0.45840728792065044
row_047490,0.11792055026029084
row_045959,0.43300963172840085
row_049059,0.2471900838960308
row_024253,0.19104521561540336
row_021892,0.30055081727084876
row_008255,0.2410495020052598
row_031531,0.1419091711601093
row_039207,0.3116807134604852
row_043175,0.3395107253676686
row_021839,0.36840204734068766
row_030236,0.2821362249981317
row_001649,0.286833791433059
row_000322,0.13468028164632184
row_036632,0.25804097668490095
row_003700,0.4102798650013672
row_019274,0.13515479713055958
row_043443,0.18781569919357732
row_043943,0.22647725923150644
row_047307,0.36743042493595685
row_027392,0.20239525479512802
row_007895,0.29424206459182584
row_005223,0.11752239617746388
row_021975,0.14623540867458257
row_004973,0.42300139219414246
row_003216,0.1594915400839633
row_023034,0.14401298270430732
row_023783,0.15766983502275073
row_029517,0.12293456731293095
row_004066,0.2299245466973005
row_022643,0.14861400834518246
row_022791,0.32978173802362104
row_040801,0.18286188278718807
row_033597,0.441125296605439
row_001777,0.16746098583787003
row_000357,0.34398773573105734
row_034474,0.3979336463178154
row_017814,0.2481617882562736
row_043344,0.23680108908420522
row_001743,0.28161028247096326
row_044877,0.3414167114403044
row_009929,0.2013904839887243
row_017090,0.351775527715941
row_035682,0.22262275130179604
row_032721,0.30342590301949623
row_005757,0.3939924499314929
row_028724,0.2743731730925866
row_026092,0.07550296251439911
row_033030,0.16896295754954546
row_019357,0.2797467872562477
row_024504,0.09821394760621299
row_046083,0.15054870244645466
row_000144,0.2884256115484015
row_016371,0.12453776612594131
row_003687,0.14143999910184613
row_022223,0.3764603668149233
row_043303,0.2992679829560658
row_032126,0.09326624537990102
row_011679,0.3190763214956207
row_038736,0.23537062606815698
row_037532,0.4219508823445626
row_013113,0.4133152873860809
row_044200,0.1444893271346635
row_045525,0.15394670463796462
row_037169,0.27129446442461913
row_018520,0.36771530121787704
row_012816,0.28334815296037363
row_002343,0.31037738601862586
row_047704,0.28023501830485936
row_038087,0.13449156649886634
row_024257,0.28086288939741083
row_021986,0.4235616101040013
row_010839,0.2173313470211924
row_001035,0.14947625021842587
row_009153,0.24147866436730953
row_046495,0.1438248984240763
row_020163,0.3079996591662936
row_048748,0.3334096348800922
row_004643,0.4707503114222494
row_018443,0.5332863768010461
row_009560,0.18403030373088075
row_039399,0.35015046237295777
row_029084,0.1683809084331844
row_000913,0.32111086659900034
row_042851,0.13558951459242377
row_030214,0.21335422817808777
row_002287,0.42644053073526467
row_000722,0.2797359753640074
row_022856,0.27395171409851216
row_031603,0.34280115184947435
row_023920,0.31159414801772256
row_043492,0.42065530945624674
row_020777,0.356490288929536
row_039582,0.43299295145136946
row_003239,0.10093095475004257
row_035305,0.2980502980258372
row_005753,0.279110677219121
row_039258,0.2014819012718962
row_046392,0.21865709647695375
row_023268,0.1693207317451777
row_035946,0.43682730297891104
row_030101,0.22093086339636217
row_037354,0.23671105727654135
row_048177,0.31378525078233377
row_008009,0.3098869891774013
row_002686,0.4051394556481961
row_004448,0.14843443790858393
row_045599,0.16107258198212293
row_027194,0.11512467453018993
row_039447,0.21718674855045275
row_009374,0.15518712409316937
row_017580,0.37057729984425203
row_013525,0.27285771159369787
row_035281,0.1057715060927822
row_040389,0.29225525218147874
row_025463,0.14701704923443557
row_038046,0.13927396683478802
row_010363,0.2905365292939742
row_015380,0.3132791455466611
row_049768,0.5021846722069245
row_013711,0.21801675888723163
row_045045,0.13956638582245792
row_043866,0.26976514251874945
row_041775,0.17899349362194042
row_030173,0.18063676796179715
row_016436,0.20485160664712387
row_038169,0.3494563561088107
row_036480,0.2585002663379269
row_049619,0.21170469474042236
row_013115,0.12922083568051798
row_001149,0.40831142136964493
row_005211,0.35493094536822956
row_024999,0.4137428905288442
row_017886,0.3377011417617829
row_021995,0.4763000887509715
row_041209,0.23547082918226223
row_030054,0.21953776283044696
row_014784,0.43881782239493616
row_007289,0.29339678830716875
row_042110,0.3437110168562506
row_008419,0.10948047725869314
row_018756,0.2951243119371228
row_048760,0.22224047238688027
row_038888,0.23559076743706056
row_036604,0.4699154268324347
row_028830,0.42236679206140965
row_009115,0.41050002025809984
row_043317,0.22082244290387118
row_019553,0.4217475146703816
row_028821,0.3200049095959562
row_015033,0.18128426950168128
row_042318,0.1478485929488573
row_037955,0.26142680450930483
row_031532,0.18450435960857178
row_001882,0.32348267532083613
row_041243,0.1350459162113037
row_009588,0.2530922752703392
row_032469,0.4197964040323399
row_037948,0.396865137147118
row_043845,0.18795839529099168
row_017546,0.14199893394871407
row_048131,0.34351295557138684
row_016844,0.15650534017478024
row_039130,0.14724156336833422
row_026302,0.3068209804875069
row_033657,0.30780632102442407
row_031303,0.36092806526582766
row_046463,0.5118062021376615
row_022952,0.1695724527927185
row_013179,0.24297420104115489
row_049679,0.22588349236271896
row_044109,0.4212403673416059
row_015206,0.1918403644732215
row_008599,0.29874147430996
row_013963,0.27768927704387786
row_024874,0.11519251020994463
row_022968,0.10983315132433223
row_036084,0.3660428789181982
row_038912,0.2529783345903594
row_027315,0.28021207224053973
row_027997,0.3446022896424751
row_010753,0.3553795984856386
row_028846,0.16781420555435145
row_012014,0.21003196278590827
row_038939,0.22974441801967913
row_013670,0.2522628249352378
row_021729,0.14382122668183026
row_046132,0.2680649594330193
row_041762,0.27240287495027526
row_014729,0.3260321506871453
row_002768,0.2286017265359796
row_012278,0.45861607171721597
row_041570,0.1342373922971707
row_015388,0.22666055714598451
row_048651,0.15520253869434258
row_038411,0.36629792357443425
row_032708,0.14142925157892974
row_012184,0.09250628718403962
row_035344,0.33398629661522106
row_040770,0.25728476156243585
row_036092,0.24851005812226382
row_047308,0.3967589402120529
row_021187,0.373027483651273
row_031616,0.21063718866395023
row_046985,0.3667293277624727
row_004868,0.23003880160012716
row_023689,0.3541391208627104
row_018280,0.3977706417650381
row_010041,0.5376248227561081
row_007975,0.31827684652607824
row_004280,0.33413308202884534
row_023527,0.11104488593310953
row_005384,0.13112294766928909
row_049116,0.11472548277580578
row_036268,0.2779285192212297
row_041380,0.2660305875266662
row_036025,0.11492437308301977
row_006288,0.3614653930914244
row_003005,0.39673604748170227
row_010569,0.19332200129988733
row_007276,0.3265821052628271
row_013900,0.13769074408566848
row_034976,0.1847078719647797
row_037681,0.12019166948659857
row_020012,0.4858354731116839
row_032729,0.3730098394531673
row_022122,0.16679282275782042
row_018794,0.35815096241778116
row_007864,0.19875412461409897
row_008463,0.09510970582215902
row_026514,0.42028988414030144
row_037744,0.0973853186652263
row_020664,0.13532219298698253
row_019161,0.21569639564516804
row_036676,0.3562505173523434
row_048239,0.19543757885342516
row_017833,0.271697277329447
row_049194,0.22407758217140705
row_027222,0.1517316287810238
row_036930,0.31263243640437977
row_035701,0.24559575049367022
row_019443,0.09738100699174786
row_010265,0.2831753700495645
row_018466,0.2545007966487066
row_015793,0.14900366680819774
row_038388,0.2506188357856831
row_028966,0.27649362780016085
row_029551,0.21918336263028976
row_031029,0.36295621572372666
row_019244,0.3557587511481115
row_027206,0.33388433352334335
row_000086,0.3782110531277805
row_013898,0.2123298943356859
row_040490,0.43578647227843165
row_029156,0.2393512911914664
row_012151,0.34963511743226205
row_022139,0.21646507526049127
row_040795,0.17435078484752414
row_004830,0.22934634810708313
row_001939,0.3179578678925273
row_036276,0.21181102352717768
row_001053,0.36007553052540603
row_004783,0.4129578029441157
row_012976,0.3898820152507023
row_009076,0.17669542529679727
row_032905,0.6018508634403633
row_000059,0.2561722609097339
row_041535,0.3599564048412827
row_040842,0.1491274212972621
row_033886,0.1482890865232242
row_005309,0.305280457684237
row_040320,0.2051170795349233
row_037305,0.13089442295713805
row_038604,0.3223381108441086
row_011495,0.20451238840922623
row_013621,0.4879139495571994
row_004781,0.28751074365276863
row_016391,0.15731035636008966
row_049796,0.3784336766806056
row_031279,0.1784333348390676
row_013843,0.3144952522612146
row_033704,0.15065839382259438
row_018139,0.25999285407834444
row_034447,0.16591634621650997
row_035697,0.17405049130505232
row_036618,0.1533799294718843
row_005949,0.10689807564352248
row_023329,0.3914823396695025
row_038405,0.4143763849802032
row_034568,0.3660265865071049
row_048322,0.3761020373178081
row_001701,0.24463755388615807
row_042608,0.22289240505826086
row_007829,0.18326515324180465
row_022728,0.36358386913904517
row_049880,0.15410168224147142
row_033308,0.20811257731650346
row_029590,0.27923597812573137
row_013056,0.31714676784887713
row_004814,0.18295891253883237
row_020877,0.09946801431757728
row_049862,0.11414146840586616
row_008273,0.3245842178577761
row_019868,0.12140418179223222
row_048519,0.14971218745311046
row_012025,0.17525994841866988
row_014812,0.14857592819072157
row_031942,0.376616972900682
row_020115,0.14998274674185136
row_015552,0.42998999231753704
row_031915,0.18563361677747942
row_015775,0.21592165882160919
row_033452,0.12494518431627906
row_018432,0.17395060163215653
row_027141,0.14813902220614958
row_035725,0.13882403950406727
row_045264,0.15164022938770788
row_033148,0.32352543200905487
row_027752,0.3358884709647677
row_008291,0.153858576557251
row_027034,0.13854411062033062
row_009892,0.15115980445765684
row_002459,0.25384084229918524
row_039448,0.33692600613665197
row_008033,0.3279143418875615
row_021874,0.11577450087732469
row_036521,0.14670987254316264
row_001289,0.14160085957987817
row_011227,0.4341565802880394
row_013959,0.37444022948119954
row_006173,0.11522280290015285
row_046069,0.4185120401702297
row_035825,0.17607662853312972
row_048772,0.19507835521399577
row_031201,0.20645566675777807
row_010810,0.4234072169160222
row_033625,0.4040297267343382
row_036002,0.2863553018422019
row_027463,0.3501210683297894
row_011359,0.3986855580232321
row_007197,0.1859016594131412
row_030699,0.155330913340309
row_036290,0.23556204778057835
row_031969,0.23434618198894425
row_040236,0.34818613099516893
row_047198,0.26101593980709764
row_014823,0.11314662641298157
row_016008,0.23870611277397139
row_017829,0.1980615952285023
row_026137,0.4045910609978809
row_038066,0.16011162265542697
row_027547,0.08319662496819524
row_021269,0.14454758123895442
row_001605,0.2706596797045088
row_027424,0.17633328635890605
row_001129,0.28273062563148305
row_021629,0.15033257279205728
row_020228,0.16881486236775398
row_004483,0.1493169432823854
row_038016,0.34584753045356836
row_031124,0.3652518448119586
row_019024,0.19301867760970887
row_029400,0.2144551275499146
row_002800,0.1812609906838493
row_026539,0.13446049831396034
row_040036,0.34366252449461293
row_003713,0.4067425132626111
row_008272,0.42765987583643594
row_000031,0.3205711177234412
row_011479,0.31598667896590527
row_003742,0.34327897955386283
row_049416,0.3055237443448491
row_009666,0.5696134152569449
row_045941,0.210887349831811
row_005591,0.4212838866671905
row_049855,0.3673499868751809
row_021704,0.40559529458593896
row_010954,0.17043739261320456
row_001240,0.17582695231037188
row_013399,0.19773264445077682
row_002735,0.15508599495281336
row_043256,0.24373405428571707
row_016106,0.4082979963446701
row_004819,0.1386238073407801
row_010973,0.3508590870543926
row_001236,0.36169753332620586
row_008007,0.14048688964691539
row_016806,0.4195762637979864
row_016472,0.5317693177284109
row_007611,0.2799019488861764
row_023249,0.11188978028782746
row_024558,0.16192307479096985
row_043920,0.4408648333208147
row_036360,0.4054113898652275
row_044498,0.17444947991434348
row_026074,0.11161632936261424
row_006386,0.29710103797920967
row_044762,0.41388633167932964
row_048787,0.36797776036240454
row_047162,0.4199300347504455
row_000353,0.23535154528543337
row_025375,0.2794360889216971
row_041609,0.2744748673321466
row_046260,0.3452794126073147
row_049718,0.19351447851971532
row_006336,0.10148638470829054
row_031530,0.12941893215454672
row_045573,0.4527516348910921
row_043646,0.19858106429391287
row_020133,0.34399390867467433
row_029234,0.2949877737358379
row_027341,0.1526308915770132
row_046734,0.2330802514938384
row_032398,0.34795908022166244
row_048639,0.23186652957254442
row_043078,0.26403377182686966
row_037137,0.30658215005440587
row_046662,0.2234462928416534
row_017866,0.3135270033668334
row_001614,0.29139608688546975
row_005687,0.41349528731090796
row_036738,0.3223369278145544
row_035471,0.24333310098332894
row_019067,0.3884584883587446
row_011742,0.15942721576913335
row_000605,0.5795234172956601
row_021426,0.14746005265214646
row_046947,0.33446251428480206
row_032907,0.1745992064298354
row_026915,0.31166106034370716
row_049970,0.3521345519693773
row_032464,0.13619861893896174
row_024477,0.45827630400553393
row_028019,0.3827468071642283
row_016659,0.1416141723649478
row_010571,0.27575224120055347
row_028743,0.12994925978937336
row_013117,0.4383947953489948
row_006942,0.15617759840168785
row_035721,0.3952691377747885
row_015883,0.3831516408032177
row_008324,0.1990992760811886
row_034880,0.24556504057918704
row_041532,0.37213925579207124
row_008269,0.23296349090754478
row_049476,0.21150908746005842
row_023891,0.3636899648658772
row_013258,0.4163995171377896
row_043745,0.11866752249268264
row_031318,0.36208482613884735
row_015751,0.12121555878289775
row_029316,0.20172037694238312
row_000936,0.17764199974465192
row_029750,0.11838796511292313
row_015716,0.13857332552243876
row_044722,0.36020541760238833
row_030463,0.14267761790425207
row_031980,0.31461056122891345
row_022245,0.3911712608168117
row_038668,0.12946675841845046
row_044823,0.22514299936505647
row_035998,0.15283839646227207
row_018425,0.10446495137689198
row_046291,0.2741555913585154
row_036574,0.16338920707228693
row_036320,0.33334516178316975
row_017110,0.3052156058854666
row_025173,0.29185635665163384
row_049407,0.2482496197185514
